id,word_id,example,translate
1,1,İsmin ne?,Как тебя зовут?
2,2,Bahçede büyük bir ağaç var.,В саду есть большое дерево.
3,3,Alkol kullanımı sağlığa zararlıdır.,Употребление алкоголя вредно для здоровья.
4,4,Almanya Avrupa Birliği'nin önemli bir ülkesidir.,Германия — важная страна Европейского Союза.
5,5,Anneler Günü'nde anneme güzel bir hediye aldım.,В День матери я купил(а) своей маме красивый подарок.
6,6,Araba anahtarlarımı kaybettim.,Я потерял(а) ключи от машины.
7,7,En iyi arkadaşımla sinemaya gideceğiz.,Мы пойдем в кино с моим лучшим другом.
8,8,Avukatım davayı kazandı.,Мой адвокат выиграл дело.
9,9,Avusturya Alp Dağları'yla ünlüdür.,Австрия славится Альпами.
10,10,Bu çok az bir miktar.,Это очень маленькое количество.
11,11,Benim babam emekli oldu.,Мой папа вышел на пенсию.
12,12,Bahçede çiçekler ektik.,Мы посадили цветы в саду.
13,13,Bugün balık pişireceğim.,Сегодня я приготовлю рыбу.
14,14,Banka saat dokuzda açılır.,Банк открывается в девять часов.
15,15,Bir bardak su lütfen.,"Стакан воды, пожалуйста."
16,16,Bay Yılmaz bugün gelmedi.,Господин Йылмаз сегодня не пришел.
17,17,Bayan Ayşe sizi bekliyor.,Госпожа Айше вас ждет.
18,18,Bayramda tüm aile toplanır.,На праздник собирается вся семья.
19,19,Bebek bütün gece ağladı.,Ребенок плакал всю ночь.
20,20,"Beyefendi, sıranız geldi.","Господин, ваша очередь."
21,21,İki bilet alabilir miyim?,Можно мне два билета?
22,22,Bilgisayarım çok yavaşladı.,Мой компьютер стал очень медленным.
23,23,Bulaşık makinesini boşalt.,Разгрузи посудомоечную машину.
24,24,Büroda toplantı var.,В офисе собрание.
25,25,Bu büyük bir başarı.,Это большой успех.
26,26,Camiye giderken sessiz olalım.,"Будем тихими, когда идем в мечеть."
27,27,Cetvelle bir çizgi çiz.,Начерти линию линейкой.
28,28,Ceviz alerjim var.,У меня аллергия на грецкий орех.
29,29,Çamaşırları asmam lazım.,Мне нужно развесить белье.
30,30,Çantam çok ağır.,Моя сумка очень тяжелая.
31,31,Çarşıdan meyve sebze alacağım.,Я куплю фрукты и овощи на базаре.
32,32,Bir çay daha alabilir miyim?,Можно мне еще один чай?
33,33,Çiçekleri her gün suluyorum.,Я поливаю цветы каждый день.
34,34,Çin dünyanın en kalabalık ülkesi.,Китай — самая населенная страна мира.
35,35,Çocuk parkta oynuyor.,Ребенок играет в парке.
36,36,Bugün çok yoruldum.,Сегодня я очень устал(а).
37,37,Defterine not al.,Запиши в свою тетрадь.
38,38,Deniz bugün çok soğuk.,Море сегодня очень холодное.
39,39,Matematik dersim var.,У меня урок математики.
40,40,Doğum günümü unuttun mu?,Ты забыл(а) мой день рождения?
41,41,Doktor randevusu aldım.,Я записалась на прием к врачу.
42,42,Dolabı düzenledim.,Я привела в порядок шкаф.
43,43,Düğünleri gelecek ay.,Их свадьба в следующем месяце.
44,44,Eczane köşede.,Аптека на углу.
45,45,Taze ekmek aldım.,Я купил(а) свежий хлеб.
46,46,Bu elbise sana çok yakıştı.,Это платье тебе очень идет.
47,47,Bir kilo elma aldım.,Я купил(а) килограмм яблок.
48,48,Erkek kardeşim üniversitede okuyor.,Мой брат учится в университете.
49,49,Evimiz şehir merkezine yakın.,Наш дом близко к центру города.
50,50,Fare bilgisayarın yanında.,Мышь рядом с компьютером.
51,51,Fındık üretiminde lideriz.,Мы лидеры по производству фундука.
52,52,Diş fırçamı değiştirmeliyim.,Мне нужно сменить зубную щетку.
53,53,Bu filmi daha önce izlemedim.,Я не смотрел(а) этот фильм раньше.
54,54,Fransa moda başkenti sayılır.,Франция считается столицей моды.
55,55,Ünlü bir futbolcuyla tanıştım.,Я познакомился(ась) с известным футболистом.
56,56,"Garson, hesap lütfen.","Официант, счет, пожалуйста."
57,57,Gözüme bir şey kaçtı.,Мне что-то попало в глаз.
58,58,Bahçemizde güller açtı.,В нашем саду расцвели розы.
59,59,Çok güzel bir resim çizmişsin.,Ты нарисовал(а) очень красивую картину.
60,60,Onun bu hâline çok üzüldüm.,Я очень расстроился(ась) из-за его/ее такого состояния.
61,61,Yeni bir halı aldık.,Мы купили новый ковер.
62,62,"Hanımefendi, şemsiyenizi unuttunuz.","Мадам, вы забыли свой зонт."
63,63,Hastalığı nedeniyle okula gelemedi.,Он/она не смог(ла) прийти в школу из-за болезни.
64,64,Havuç doğramama yardım et.,Помоги мне нарезать морковь.
65,65,Bu benim çocukluk hayalimdi.,Это была моя детская мечта.
66,66,Hemşireler çok özverili çalışıyor.,Медсестры работают очень самоотверженно.
67,67,Hiç böyle bir şey görmedim.,Я никогда не видел(а) ничего подобного.
68,68,Ispanak yemeği yapacağım.,Я приготовлю блюдо со шпинатом.
69,69,Izgara köfte sipariş edelim.,Давай закажем котлеты на гриле.
70,70,Bu ev benim için ideal.,Этот дом идеален для меня.
71,71,İnekler tarlada otluyordu.,Коровы паслись в поле.
72,72,İngiltere'ye uçakla gideceğiz.,Мы поедем в Англию на самолете.
73,73,İnsan sosyal bir varlıktır.,Человек — социальное существо.
74,74,İspanya'da flamenko çok popüler.,В Испании фламенко очень популярно.
75,75,İşim sabah dokuzda başlıyor.,Моя работа начинается в девять утра.
76,76,İtalya'yı gezip görmek istiyorum.,Я хочу поехать и посмотреть Италию.
77,77,Japonya'da kiraz çiçekleri meşhurdur.,В Японии знамениты цветы сакуры.
78,78,Otobüse binmek için jeton aldım.,"Я взял(а) жетон, чтобы сесть на автобус."
79,79,Jilet bıçağı bitmiş.,Лезвие для бритвы закончилось.
80,80,Kadınlar günü kutlu olsun.,С праздником 8 марта.
81,81,Kafede buluşalım.,Давай встретимся в кафе.
82,82,Kahvemi sade içerim.,Я пью свой кофе без всего.
83,83,Kalabalık bir grupla seyahat ediyoruz.,Мы путешествуем с большой группой.
84,84,Kalemimin ucu kırıldı.,У моей ручки сломался кончик.
85,85,Kalp atışlarım hızlandı.,Мое сердцебиение участилось.
86,86,Kapıyı kapatmayı unutma.,Не забудь закрыть дверь.
87,87,Kedim yastığın üzerinde uyuyor.,Мой кот спит на подушке.
88,88,Kızım anaokuluna gidiyor.,Моя дочь ходит в детский сад.
89,89,Kira ödemeyi unuttum.,Я забыл(а) заплатить за аренду.
90,90,Bu yemek iki kişilik.,Это блюдо на двоих.
91,91,Kitap okumayı çok severim.,Я очень люблю читать книги.
92,92,Koltuklarımızı yeniledik.,Мы обновили наши диваны.
93,93,Kore draması izliyorum.,Я смотрю корейскую дораму.
94,94,Köpeğimi gezmeye çıkardım.,Я вывел(а) свою собаку на прогулку.
95,95,Köyümüzde yazları çok güzel olur.,В нашей деревне летом очень красиво.
96,96,Kuş yuvası boş kalmış.,Птичье гнездо осталось пустым.
97,97,Kutuyu dikkatlice aç.,Открой коробку осторожно.
98,98,Kütüphanede sessiz olmalıyız.,В библиотеке мы должны быть тихими.
99,99,Lale Hollanda'nın sembolüdür.,Тюльпан — символ Голландии.
100,100,Limonata için limon sıktım.,Я выжал(а) лимон для лимонада.
101,101,Lokantada akşam yemeği yiyeceğiz.,Мы поужинаем в ресторане.
102,102,Lütfen sessiz olur musunuz?,Будьте пожалуйста тише?
103,103,Mağazanın indirimleri başladı.,В магазине начались скидки.
104,104,Makas kesmiyor.,Ножницы не режут.
105,105,Masayı temizledim.,Я убрал(а) со стола.
106,106,Merdivenleri çıkarken dikkat et.,"Будь осторожен, поднимаясь по лестнице."
107,107,Şu an meşgulüm.,Я сейчас занят(а).
108,108,Metro durağı nerede?,Где станция метро?
109,109,Millet olarak bunu başardık.,Мы добились этого как нация.
110,110,Bir misal vermek gerekirse.,Если нужно привести пример.
111,111,Abim inşaat mühendisi.,Мой брат — инженер-строитель.
112,112,Nar suyu çok faydalı.,Гранатовый сок очень полезен.
113,113,Nijerya Afrika kıtasındadır.,Нигерия находится на африканском континенте.
114,114,Telefon numaranı değiştirmişsin.,Ты сменил(а) свой номер телефона.
115,115,Odanı toplamalısın.,Ты должен(должна) убрать свою комнату.
116,116,Ormanda yürüyüşe çıktık.,Мы пошли на прогулку в лес.
117,117,Otel rezervasyonumuzu yaptırdık.,Мы забронировали отель.
118,118,Otobüs durağı nerede?,Где автобусная остановка?
119,119,Öğrenci bileti daha ucuz.,Студенческий билет дешевле.
120,120,Öğretmenimiz çok sabırlı.,Наш учитель очень терпеливый.
121,121,Ördekler gölette yüzüyor.,Утки плавают в пруду.
122,122,Paketi kargoya verdim.,Я отдал(а) посылку в службу доставки.
123,123,Nakit param kalmadı.,У меня не осталось наличных.
124,124,Pardösüm ıslandı.,Мое пальто промокло.
125,125,Parkta bankta oturup dinlendim.,Я сидел(а) на скамейке в парке и отдыхал(а).
126,126,Patatesleri soyar mısın?,Ты почистишь картошку?
127,127,Pencereyi açabilir misin?,Ты можешь открыть окно?
128,128,Petrol fiyatları arttı.,Цены на нефть выросли.
129,129,Piyano çalmayı öğreniyorum.,Я учусь играть на пианино.
130,130,Polis kazayla ilgileniyor.,Полиция занимается происшествием.
131,131,Portakal suyu taze sıkılmış.,Апельсиновый сок свежевыжатый.
132,132,Postacı mektup getirdi.,Почтальон принес письмо.
133,133,Radyoda haber dinliyorum.,Я слушаю новости по радио.
134,134,Bu resmi kim çizdi?,Кто нарисовал эту картину?
135,135,Yeni bir rol teklifi aldı.,Он/она получил(а) предложение на новую роль.
136,136,Roman yazmak uzun zaman alır.,Написание романа занимает много времени.
137,137,Rusya dünyanın en büyük ülkesidir.,Россия — самая большая страна в мире.
138,138,Saat kaç?,Который час?
139,139,Saçlarımı kestirdim.,Я постриг(ла) волосы.
140,140,Salonu yeniden döşedik.,Мы заново обставили гостиную.
141,141,Sandalye sayısı yetersiz.,Количество стульев недостаточно.
142,142,Zeytin barış sembolüdür.,Олива — символ мира.
143,143,Seyahat etmeyi çok seviyorum.,Я очень люблю путешествовать.
144,144,Sırada bekliyorum.,Я жду в очереди.
145,145,Silgimi kaybettim.,Я потерял(а) свой ластик.
146,146,Sokak lambaları yanmıyor.,Уличные фонари не горят.
147,147,Soru sormak isteyen var mı?,Есть ли желающие задать вопрос?
148,148,Büyük bir sorunumuz var.,У нас большая проблема.
149,149,Bilmediğim kelimelere sözlükten bakarım.,Я смотрю в словаре незнакомые слова.
150,150,Suriye ile sınır komşusuyuz.,Мы граничим с Сирией.
151,151,Şarkıcı konser verdi.,Певец дал концерт.
152,152,"Şemsiyeni al, yağmur yağabilir.","Возьми зонт, может пойти дождь."
153,153,Şişede bira kalmamış.,В бутылке не осталось пива.
154,154,Tahtaya yazı yazdı.,Он/она написал(а) на доске.
155,155,Tavuğu fırında pişireceğim.,Я приготовлю курицу в духовке.
156,156,Telefonumun şarjı bitti.,Заряд моего телефона закончился.
157,157,Oda çok temiz.,Комната очень чистая.
158,158,Top bahçeye kaçtı.,Мяч укатился в сад.
159,159,Bu bölgeye çok turist geliyor.,В этот район приезжает много туристов.
160,160,Türkiye'nin başkenti Ankara'dır.,Столица Турции — Анкара.
161,161,Uçak saat kaçta kalkıyor?,Во сколько вылетает самолет?
162,162,Uçurtma uçurmak için rüzgarlı bir gün lazım.,"Чтобы запускать воздушного змея, нужен ветреный день."
163,163,Üzümler bu yıl çok tatlı.,Виноград в этом году очень сладкий.
164,164,Trende penceresiz bir vagon vardı.,В поезде был вагон без окон.
165,165,Vazoyu dikkatli taşı.,Осторожно неси вазу.
166,166,Yabancı bir dil öğreniyorum.,Я учу иностранный язык.
167,167,Yemek çok lezzetli olmuş.,Еда получилась очень вкусной.
168,168,Yeni yılı ailemle kutlayacağım.,Я буду праздновать Новый год с семьей.
169,169,Gökyüzünde parlak bir yıldız gördüm.,Я увидел(а) на небе яркую звезду.
170,170,Yüzüğüm parmağıma dar geliyor.,Мое кольцо стало мало мне на палец.
171,171,Zeytinyağı sağlıklıdır.,Оливковое масло полезно для здоровья.
172,172,Zürafa çok uzun bir hayvandır.,Жираф — очень высокое животное.
173,173,Ona yardım etmek istiyorum,Я хочу помочь ему/ей.
174,174,Ahmet yarın bize gelecek,Завтра Ахмет придет к нам.
175,175,Toplantıdan sonra görüşelim,Давай встретимся после собрания.
176,176,Doktor olmak istiyorum,Я хочу стать врачом.
177,177,Affedersiniz.,"Когда хотите извиниться, привлечь внимание, пройти в толпе или переспросить."
178,178,Afiyet olsun.,"Говорят тому, кто ест или закончил есть, как пожелание приятного аппетита или чтобы пища пошла на пользу."
179,179,Bol şanslar.,"Пожелание удачи перед экзаменом, собеседованием, поездкой или начинанием."
180,180,Çok yaşa.,"Говорят в ответ на чихание, аналогично ""Будь здоров""."
181,181,Geçmiş olsun.,"Выражение сочувствия и пожелания скорейшего выздоровления при болезни, травме или после неприятного события."
182,182,Görüşürüz / Görüşmek üzere.,"Неформальное прощание, предполагающее скорую встречу (""Увидимся"")."
183,183,Güle güle.,"Стандартное прощание, которое говорят тому, кто уходит (""До свидания"")."
184,184,Günaydın.,"Приветствие в первой половине дня (""Доброе утро"")."
185,185,Hoş bulduk.,"Ответ на приветствие ""Hoş geldin"" (""Мы рады быть здесь"" или ""Спасибо за приветствие"")."
186,186,Hoş geldin.,"Приветствие гостю, новоприбывшему (""Добро пожаловать"")."
187,187,Hoşça kal.,"Прощание, когда вы уходите (""Прощай"", ""Счастливо оставаться"")."
188,188,Lütfen.,"Просьба быть вежливым (""Пожалуйста"")."
189,189,Merhaba.,"Универсальное приветствие (""Здравствуйте"", ""Привет"")."
190,190,Özür dilerim.,"Извинение за проступок или ошибку (""Извините"", ""Прошу прощения"")."
191,191,Rica ederim.,"Ответ на ""спасибо"" (""Пожалуйста"") или на просьбу (""прошу вас"")."
192,192,Tamam.,"Согласие, подтверждение (""Хорошо"", ""Ладно"", ""ОК"")."
193,193,Tebrikler.,"Поздравление с успехом, достижением (""Поздравляю"")."
194,194,Üzgünüm.,"Выражение сожаления, сочувствия (""Мне жаль"")."
195,195,Aç hissediyorum.,Я чувствую себя голодным.
196,196,Pencere açık kalmış.,Окно осталось открытым.
197,197,Adresini yanlış yazmışım.,Я написал(а) твой адрес неправильно.
198,198,Akşam yemeğe bekliyoruz.,Ждем тебя на ужин.
199,199,Alışveriş için listem hazır.,У меня готов список для покупок.
200,200,Alışveriş merkezinde buluşalım.,Давай встретимся в торговом центре.
201,201,Çekmece en alt gözde.,В самом нижнем ящике.
202,202,Anahtarımı kaybettim.,Я потерял(а) свой ключ.
203,203,Artı işareti buraya gelecek.,Здесь будет знак плюс.
204,204,Ay bu gece çok güzel görünüyor.,Луна сегодня ночью выглядит очень красиво.
205,205,Çok başarılı bir öğrenci.,Очень успешный ученик.
206,206,Bekâr bir adamla tanıştım.,Я познакомился(ась) с холостым мужчиной.
207,207,Bu bina çok yüksek.,Это здание очень высокое.
208,208,Birçok kişi aynı fikirde.,Многие люди согласны.
209,209,Otopark tamamen boş.,Парковка полностью пустая.
210,210,Bölü işaretini unuttum nasıl yapılıyordu?,"Я забыл(а), как делается знак деления."
211,211,Bugün hava çok güzel.,Сегодня погода очень хорошая.
212,212,Ben burada oturuyorum.,Я живу здесь.
213,213,Bütün gün evdeydim.,Я был(а) дома весь день.
214,214,Çok cesur bir insansın.,Ты очень смелый человек.
215,215,Bu konu çok ciddi.,Этот вопрос очень серьезный.
216,216,Sınıfın en çalışkan öğrencisi.,Самый старательный ученик в классе.
217,217,Çarpı işareti yanlış yerde.,Знак умножения не на том месте.
218,218,Çirkin bir heykel dikmişler.,Они поставили уродливую статую.
219,219,Çöp kutusunu boşaltmalısın.,Тебе нужно опустошить мусорное ведро.
220,220,Eve gidiyorum çünkü yoruldum.,"Я иду домой, потому что устал(а)."
221,221,Odası her zaman dağınık.,Его/ее комната всегда в беспорядке.
222,222,Bu pantolon bana dar geldi.,Эти брюки мне стали малы.
223,223,Derginin yeni sayısı çıktı.,Вышел новый номер журнала.
224,224,Dikkatli bir sürücüdür.,Он/она — внимательный водитель.
225,225,Dikkatsiz bir hareket yaptı.,Он/она сделал(а) неосторожное движение.
226,226,Doğum tarihimi hatırlamıyorum.,Я не помню свою дату рождения.
227,227,Kalem kutusu doluydu.,Пенал был полный.
228,228,Domatesler çok taze görünüyor.,Помидоры выглядят очень свежими.
229,229,Bu dosya çok önemli.,Этот файл очень важен.
230,230,Durakta otobüs bekliyorlar.,Они ждут автобус на остановке.
231,231,Duvara resim astık.,Мы повесили картину на стену.
232,232,Düzenli bir çalışma masası var.,У него/нее аккуратный рабочий стол.
233,233,Eczacı ilaçları hazırladı.,Фармацевт приготовил лекарства.
234,234,Çok eğlenceli bir partiydi.,Это была очень веселая вечеринка.
235,235,Eksi işaretini koymayı unutma.,Не забудь поставить знак минус.
236,236,Evli ve iki çocuk babası.,Он женат и отец двоих детей.
237,237,Fakir bir aileden geliyor.,Он/она родом из бедной семьи.
238,238,Aramızda çok fark var.,Между нами большая разница.
239,239,Ekmeği fırından alacağım.,Я куплю хлеб в пекарне.
240,240,Gazete okumayı severim.,Я люблю читать газету.
241,241,Genç nesil çok hızlı.,Молодое поколение очень быстрое.
242,242,Genellikle evde kahvaltı yaparım.,Обычно я завтракаю дома.
243,243,Bu oda çok geniş.,Эта комната очень просторная.
244,244,Çok güçlü bir kahve yapmışsın.,Ты приготовил(а) очень крепкий кофе.
245,245,Hastalandığımda kendimi güçsüz hissediyorum.,"Когда я болею, я чувствую себя слабым."
246,246,Günler çok hızlı geçiyor.,Дни проходят очень быстро.
247,247,Gündüz uyumamalısın.,Тебе не стоит спать днем.
248,248,Hafta sonu için planım yok.,У меня нет планов на выходные.
249,249,Hasta olduğum için gelemedim.,"Я не смог(ла) прийти, потому что заболел(а)."
250,250,Hastane çok kalabalıktı.,В больнице было очень много людей.
251,251,Her gün spor yapıyorum.,Я занимаюсь спортом каждый день.
252,252,Her zaman aynı şeyi söylüyorsun.,Ты всегда говоришь одно и то же.
253,253,Çok hızlı koşuyorsun.,Ты очень быстро бежишь.
254,254,İçecek bir şey ister misin?,Хочешь что-нибудь выпить?
255,255,İstasyona yürüyerek gittik.,Мы пошли на станцию пешком.
256,256,O iyi bir insan.,Он/она — хороший человек.
257,257,Bugün kaç kişi gelecek?,Сколько человек придет сегодня?
258,258,Kaçıncı katta oturuyorsun?,На каком этаже ты живешь?
259,259,Kantinden tost aldım.,Я взял(а) тост из столовой.
260,260,Mağaza bugün kapalı.,Магазин сегодня закрыт.
261,261,Kasaptan kıyma al.,Купи фарш у мясника.
262,262,Kasiyer parayı yanlış verdi.,Кассир дал сдачу неправильно.
263,263,En üst katta oturuyorlar.,Они живут на самом верхнем этаже.
264,264,Kırmızı ışıkta geçme.,Не переходи на красный свет.
265,265,Kıskanç bir insan olma.,Не будь завистливым человеком.
266,266,Çok kibar bir davranıştı.,Это был очень вежливый поступок.
267,267,Son bir ayda iki kilo verdim.,За последний месяц я похудел(а) на два килограмма.
268,268,Kitaplığımda çok roman var.,У меня в книжном шкафу много романов.
269,269,Bu soru çok kolaydı.,Этот вопрос был очень легким.
270,270,Çok komik bir filmdi.,Это был очень смешной фильм.
271,271,Çok konuşkan bir çocuk.,Очень разговорчивый ребенок.
272,272,Koridorda koşmayın.,Не бегайте в коридоре.
273,273,Kötü bir haberim var.,У меня плохие новости.
274,274,Saçımı kuaförde kestirdim.,Я подстриг(ла) волосы у парикмахера.
275,275,Kuyumcuda güzel bir bilezik gördüm.,Я увидел(а) красивые браслеты у ювелира.
276,276,Lamba yanmıyor.,Лампа не горит.
277,277,Mahallemiz çok sakindir.,Наш район очень спокойный.
278,278,Manavdan sebze alacağım.,Я куплю овощи у зеленщика.
279,279,Markete gitmem gerekiyor.,Мне нужно сходить в магазин.
280,280,Mutfak tertemiz olmuş.,Кухня стала совершенно чистой.
281,281,Çok mutlu bir haber aldım.,Я получил(а) очень счастливое известие.
282,282,Mutsuz görünüyorsun.,Ты выглядишь несчастным.
283,283,Kalemin nerede?,Где твоя ручка?
284,284,Bu nesnenin adı ne?,Как называется этот предмет?
285,285,Niçin bana kızdın?,Почему ты на меня рассердился(ась)?
286,286,Ocağın altını kıs.,Убавь огонь под плитой.
287,287,Ofiste kimse yok.,В офисе никого нет.
288,288,Orada ne oldu?,Что там случилось?
289,289,Öğleden sonra serbestim.,После полудня я свободен(свободна).
290,290,Bu çok önemli bir karar.,Это очень важное решение.
291,291,Bu önemsiz bir ayrıntı.,Это незначительная деталь.
292,292,Bu restoran çok pahalı.,Этот ресторан очень дорогой.
293,293,Pastaneden pasta sipariş ettik.,Мы заказали торт из кондитерской.
294,294,Pembe rengi sever misin?,Ты любишь розовый цвет?
295,295,Postaneden paketimi aldım.,Я забрал(а) свою посылку с почты.
296,296,Projektör çalışmıyor.,Проектор не работает.
297,297,Bir psikologla görüşüyorum.,Я встречаюсь с психологом.
298,298,Resepsiyonist bize yardımcı oldu.,Администратор помог нам.
299,299,Sabah erkenden kalktım.,Я встал(а) рано утром.
300,300,Sakin bir tatil geçirdik.,Мы провели спокойный отпуск.
301,301,Bu sayı çok büyük.,Это число очень большое.
302,302,Sehpaya bardakları koyma.,Не ставь стаканы на журнальный столик.
303,303,Sekreter randevularımı ayarlar.,Секретарь назначает мои встречи.
304,304,Bu semt çok güvenli.,Этот район очень безопасный.
305,305,Sessiz bir yerde oturalım.,Давай сядем в тихом месте.
306,306,Bugün hava çok sıcak.,Сегодня очень жарко.
307,307,Bu sıfatı cümlede kullan.,Используй это прилагательное в предложении.
308,308,Bugün çok sinirli görünüyorsun.,Ты сегодня выглядишь очень раздраженным.
309,309,Çok sosyal bir insandır.,Он/она очень общительный человек.
310,310,Soyadınızı nasıl yazıyorsunuz?,Как пишется ваша фамилия?
311,311,Şehir merkezi trafikten kapalı.,Центр города перекрыт для движения.
312,312,Şimdi çıkmam lazım.,Мне нужно выйти сейчас.
313,313,Şişman bir kedi gördüm.,Я видел(а) толстого кота.
314,314,Tabakları mutfağa götür.,Отнеси тарелки на кухню.
315,315,Tarih dersine çalışıyorum.,Я учу урок истории.
316,316,Tatile çıkmayı planlıyoruz.,Мы планируем поехать в отпуск.
317,317,Bu yol tehlikeli.,Эта дорога опасная.
318,318,Tembel bir öğrenciydi.,Он/она был(а) ленивым учеником.
319,319,Tezgâhtar bana yardım etti.,Продавец помог мне.
320,320,Deniz suyu çok tuzlu.,Морская вода очень соленая.
321,321,Bu elbiseler çok ucuz.,Эта одежда очень дешевая.
322,322,Evim işyerime çok uzak.,Мой дом очень далеко от работы.
323,323,Dolabın üst rafında.,На верхней полке шкафа.
324,324,Bardağın içinde su var.,В стакане есть вода.
325,325,Market bizim eve çok yakın.,Магазин очень близко к нашему дому.
326,326,Yastığım çok yumuşak.,Моя подушка очень мягкая.
327,327,Kaç yaşındasın?,Сколько тебе лет?
328,328,Yaşlı adama yardım ettim.,Я помог(ла) пожилому мужчине.
329,329,Çok yavaş yürüyorsun.,Ты очень медленно идешь.
330,330,Yazı tahtasını temizledim.,Я очистил(а) доску.
331,331,Buraya oturabilir miyim?,Можно мне здесь сесть?
332,332,Yeni yıl yaklaşıyor.,Приближается Новый год.
333,333,Yiyecek bir şeyler alalım.,Давай купим что-нибудь поесть.
334,334,İşlerim bu hafta çok yoğun.,Мои дела на этой неделе очень насыщенные.
335,335,Buzdolabında süt yok.,В холодильнике нет молока.
336,336,İşten çok yorgun geliyorum.,Я прихожу с работы очень уставшим.
337,337,O bir zamirdir.,Он/она/оно — это местоимение.
338,338,Çok zayıf bir çay istiyorum.,Я хочу очень некрепкий чай.
339,339,Zengin bir ülkeden geliyor.,Он/она родом из богатой страны.
340,340,Seni aramamı ister misin?,"Ты хочешь, чтобы я тебе позвонил?"
341,341,Otelde açık büfe kahvaltı vardı.,"В отеле был завтрак по системе ""шведский стол""."
342,342,Annem yemek pişiriyor.,Моя мама готовит еду.
343,343,Aynı soruyu tekrar sordun.,Ты задал(а) тот же самый вопрос снова.
344,344,Küçükken bale dersi aldım.,В детстве я брал(а) уроки балета.
345,345,Bavulumu hazırladım.,Я приготовил(а) свой чемодан.
346,346,Beraber sinemaya gidelim.,Давай пойдем в кино вместе.
347,347,Biletçi bana yardımcı oldu.,Билетер мне помог.
348,348,Bilgisayar oyunu oynamayı seviyorum.,Я люблю играть в компьютерные игры.
349,349,Borcumu ödedim.,Я оплатил(а) свой долг.
350,350,Boş zamanlarımda kitap okurum.,В свободное время я читаю книги.
351,351,İstasyon büfesinden sandviç aldım.,Я купил(а) сэндвич в буфете на вокзале.
352,352,Sorumun cevabını bilmiyor musun?,Ты не знаешь ответ на мой вопрос?
353,353,Dans etmeyi çok severim.,Я очень люблю танцевать.
354,354,Değişik bir fikrim var.,У меня есть другая идея.
355,355,Dışarı çıkıp hava alacağım.,Я выйду на улицу подышать воздухом.
356,356,Bu dizi çok popüler.,Этот сериал очень популярен.
357,357,Ülke ekonomisi iyiye gidiyor.,Экономика страны идет на поправку.
358,358,Erken kalkmak zorundayım.,Я должен(должна) вставать рано.
359,359,Bu araba çok eski.,Эта машина очень старая.
360,360,Eşimle tanıştınız mı?,Вы познакомились с моим супругом?
361,361,Ev hanımı olmak zor bir iş.,Быть домохозяйкой — тяжелая работа.
362,362,Fabrika şehir dışında.,Фабрика находится за городом.
363,363,Çok farklı bir duygu.,Очень другое чувство.
364,364,Bu konuda fikrin nedir?,Какое у тебя мнение по этому поводу?
365,365,Futbol oynamayı özledim.,Я соскучился(ась) по игре в футбол.
366,366,Futbol maçını berabere bitirdiler.,Они закончили футбольный матч вничью.
367,367,Toplantıya geç kaldım.,Я опоздал(а) на собрание.
368,368,Okul gezisi ertelendi.,Школьная экскурсия отложена.
369,369,Gitar çalmayı öğreniyorum.,Я учусь играть на гитаре.
370,370,Gösteri saat kaçta başlıyor?,Во сколько начинается представление?
371,371,Hafta içi çalışıyorum.,Я работаю в будни.
372,372,Hava bugün çok güzel.,Погода сегодня очень хорошая.
373,373,Hayat bazen zor olabiliyor.,Жизнь иногда может быть трудной.
374,374,Yemek hazır mı?,Еда готова?
375,375,Sana küçük bir hediye aldım.,Я купил(а) тебе маленький подарок.
376,376,Çok heyecanlı bir an yaşadık.,Мы пережили очень волнующий момент.
377,377,Onu hiçbir zaman unutmayacağım.,Я никогда его/ее не забуду.
378,378,Hukuk okumak istiyor.,Он/она хочет изучать право.
379,379,İçeri girebilir miyim?,Можно мне войти?
380,380,İş yerim evime uzak.,Мое рабочее место далеко от дома.
381,381,Tanınmış bir işadamıyla görüştüm.,Я встретился(ась) с известным бизнесменом.
382,382,İşçiler grev yapıyor.,Рабочие бастуют.
383,383,Kampüste yeni bir kütüphane açıldı.,На кампусе открылась новая библиотека.
384,384,Kanepede uyuyakalmışım.,Я уснул(а) на диване.
385,385,Akşam yemeği için kebap yedik.,Мы поели кебаб на ужин.
386,386,Kızgın olduğunu anlayabiliyorum.,"Я могу понять, что ты зол(зла)."
387,387,Konser biletleri tükendi.,Билеты на концерт закончились.
388,388,Spor kulübüne üye oldum.,Я вступил(а) в спортивный клуб.
389,389,Bir litre süt yeterli.,Одного литра молока достаточно.
390,390,Maçı televizyondan izleyeceğiz.,Мы будем смотреть матч по телевизору.
391,391,Devlet memuru olarak çalışıyor.,Он/она работает государственным служащим.
392,392,Eski bir mp3 çalarım var.,У меня есть старый mp3-плеер.
393,393,Yarın akşam müsait misin?,Ты свободен(свободна) завтра вечером?
394,394,Müşteri her zaman haklıdır.,Клиент всегда прав.
395,395,Derin bir nefes aldım.,Я сделал(а) глубокий вдох.
396,396,Her şey normale döndü.,Все вернулось в норму.
397,397,Operaya gitmek istiyorum.,Я хочу пойти в оперу.
398,398,Öğlen yemeğini dışarıda yiyeceğiz.,Мы пообедаем вне дома.
399,399,Öğrenci işlerine uğramam gerekiyor.,Мне нужно зайти в отдел по работе со студентами.
400,400,Pijamalarımı yıkadım.,Я постирал(а) свою пижаму.
401,401,Restoranda yer ayırtmak istiyorum.,Я хочу забронировать столик в ресторане.
402,402,Sabahları erken kalkarım.,Я встаю рано утром.
403,403,Sağlıklı beslenmeye çalışıyorum.,Я стараюсь питаться здоровой пищей.
404,404,Bir sonraki sefer daha iyi olacak.,В следующий раз будет лучше.
405,405,Resim sergisine gittik.,Мы ходили на выставку картин.
406,406,Sitemizde yeni bir havuz yapıldı.,В нашем жилом комплексе построили новый бассейн.
407,407,Bu şarkıyı çok seviyorum.,Я очень люблю эту песню.
408,408,Şiir yazmak benim hobim.,Писать стихи — мое хобби.
409,409,Ev terliklerimi bulamıyorum.,Я не могу найти свои домашние тапочки.
410,410,Tiyatroya gitmeyi sever misin?,Ты любишь ходить в театр?
411,411,Şehir turu için rezervasyon yaptırdık.,Мы забронировали городскую экскурсию.
412,412,Bu tür filmlerden hoşlanmıyorum.,Мне не нравятся такие фильмы.
413,413,Bana uygun bir zaman bulalım.,Давай найдем подходящее для меня время.
414,414,Vapur iskelesi nerede?,Где пристань парома?
415,415,Yalan söylemek doğru değil.,Лгать — неправильно.
416,416,Yanlış bir numara çevirdim.,Я набрал(а) неправильный номер.
417,417,Yemekhanede yemek yiyoruz.,Мы едим в столовой.
418,418,Yeni bir telefon aldım.,Я купил(а) новый телефон.
419,419,Yolcular otobüse bindi.,Пассажиры сели в автобус.
420,420,Bu film hakkında yorumun nedir?,Каков твой отзыв об этом фильме?
421,421,Üniversite yurdunda kalıyorum.,Я живу в общежитии университета.
422,422,Zaman çok hızlı geçiyor.,Время проходит очень быстро.
423,423,Lütfen pencereyi açar mısın?,"Не мог бы ты открыть окно, пожалуйста?"
424,424,Söylediklerini anlamıyorum,"Я не понимаю, что ты говоришь."
425,425,Şu manzaraya bir bak!,Посмотри на этот вид!
426,426,Sabah erkenden banyo yaparım,Я принимаю ванну рано утром.
427,427,Dersler yarın başlayacak,Занятия начнутся завтра.
428,428,Çikolataya bayılırım,Я обожаю шоколад.
429,429,Sağlıklı beslenmeye çalışıyorum,Я стараюсь питаться здоровой пищей.
430,430,Bu adresi biliyor musun?,Ты знаешь этот адрес?
431,431,Bir sonraki otobüse bineceğiz,Мы сядем на следующий автобус.
432,432,Para biriktiriyorum,Я коплю деньги.
433,433,Film ne zaman bitecek?,Когда закончится фильм?
434,434,Saat üçte buluşalım,Давай встретимся в три часа.
435,435,Çok çalışmak gerekiyor,Нужно много работать.
436,436,Evden çıkmak üzereyim,Я почти выхожу из дома.
437,437,Ona ne demeli?,Что мне ей сказать?
438,438,Müzik dinlemeyi seviyorum,Я люблю слушать музыку.
439,439,"Yorgunum, biraz dinlenmeliyim","Я устал, мне нужно немного отдохнуть."
440,440,Orman içinde dolaşmak güzeldir,Приятно гулять по лесу.
441,441,Eve dönmem gerekiyor,Мне нужно вернуться домой.
442,442,"Burada dur, lütfen","Остановись здесь, пожалуйста."
443,443,Her sabah duş alırım,Я принимаю душ каждое утро.
444,444,Manzarada fotoğraf çekelim,Давай сфотографируем вид.
445,445,Zaman çok çabuk geçiyor,Время проходит так быстро.
446,446,Müzeyi gezmek istiyorum,Я хочу осмотреть музей.
447,447,Odaya girebilir miyim?,Можно мне войти в комнату?
448,448,Hemen gitmeliyim,Мне нужно идти немедленно.
449,449,Yemek hazırlayalım mı?,Давай приготовим еду?
450,450,Partiye hazırlanıyorum,Я готовлюсь к вечеринке.
451,451,Müzikten hoşlanır mısın?,Тебе нравится музыка?
452,452,İnternete girmem lazım,Мне нужно зайти в интернет.
453,453,Televizyon izliyorum,Я смотрю телевизор.
454,454,Kahvaltı etmeden evden çıkmam,"Я не выхожу из дома, не позавтракав."
455,455,Sabah erken kalkarım,Я встаю рано утром.
456,456,Bu gece burada kalabilir miyim?,Могу я остаться здесь на ночь?
457,457,Kapıyı kapatır mısın?,Закроешь дверь?
458,458,Pasaportunu kontrol et,Проверь свой паспорт.
459,459,Onunla konuşmak istiyorum,Я хочу поговорить с ним.
460,460,Karanlıktan korkuyorum,Я боюсь темноты.
461,461,Her sabah parkta koşarım,Я бегаю в парке каждое утро.
462,462,Çantayı masaya koy,Поставь сумку на стол.
463,463,Bilgisayarını kullanabilir miyim?,Можно использовать твой компьютер?
464,464,Yalan söylemekten nefret ederim,Я ненавижу ложь.
465,465,Kitap okumayı severim,Я люблю читать книги.
466,466,Lütfen oturun,"Пожалуйста, садитесь."
467,467,Çocuklar bahçede oynuyor,Дети играют в саду.
468,468,Yeni bir dil öğreniyorum,Я учу новый язык.
469,469,Seni çok özledim,Я очень скучал по тебе.
470,470,Bankadan para çekmem gerekiyor,Мне нужно снять деньги в банке.
471,471,Akşam yemeği pişiriyorum,Я готовлю ужин.
472,472,Onu zengin sanıyordum,"Я думал, что он богат."
473,473,Kedileri severim,Я люблю кошек.
474,474,Evde kalmaktan sıkıldım,Мне надоело сидеть дома.
475,475,Eski arkadaşımla sohbet ettim,Я поболтал со старым другом.
476,476,Yolu sormalıyız,Нам нужно спросить дорогу.
477,477,Doğruyu söyle,Говори правду.
478,478,Her gün spor yapıyorum,Я занимаюсь спортом каждый день.
479,479,Yürüyüş yapmak stres atıyor,Прогулка помогает снять стресс.
480,480,Onu iyi tanırım,Я знаю его хорошо.
481,481,Tanıştığımıza memnun oldum,Приятно познакомиться.
482,482,Lütfen tekrar et,"Пожалуйста, повтори."
483,483,Odanı temizlemelisin,Тебе нужно убрать свою комнату.
484,484,Dağa tırmanmak tehlikelidir,Восхождение на гору опасно.
485,485,Erken yatıp erken kalkarım,Я рано ложусь и рано встаю.
486,486,Şezlonga uzandım,Я растянулся на шезлонге.
487,487,Ne zaman varacaksınız?,Когда вы прибудете?
488,488,Bana bir kalem verir misin?,"Дай мне ручку, пожалуйста."
489,489,Ödevimi yapıyorum,Я делаю домашнее задание.
490,490,Bana yardım eder misin?,Поможешь мне?
491,491,Yardım istemek zorundayım,Мне нужно попросить о помощи.
492,492,Bu şehirde yaşıyorum,Я живу в этом городе.
493,493,Erken yatmalısın,Тебе следует лечь спать рано.
494,494,Mektup yazıyorum,Я пишу письмо.
495,495,Çok çalışmaktan yoruldum,Я устал от тяжелой работы.
496,496,Her gün işe yürüyerek gidiyorum,Я хожу пешком на работу каждый день.
497,497,Yazın denizde yüzerim,Летом я плаваю в море.
498,498,bol bol,"Пожелание чего-либо в изобилии (например, ""bol bol eğlenin"" - ""веселитесь от души"")."
499,499,inşallah,"Выражение надежды, подобно ""если Бог даст"", ""надеюсь""."
500,500,Ablam bana hediye aldı.,Моя старшая сестра купила мне подарок.
501,501,Ağabeyim askere gitti.,Мой старший брат ушел в армию.
502,502,Ağzını şapırdatma.,Не чавкай.
503,503,Ailem beni çok destekliyor.,Моя семья очень поддерживает меня.
504,504,Amcam köyde yaşıyor.,Мой дядя живет в деревне.
505,505,Anadilim Türkçe.,Мой родной язык — турецкий.
506,506,Çocuğumu anaokuluna yazdırdım.,Я записал(а) своего ребенка в детский сад.
507,507,Anneannem çok güzel yemek yapar.,Моя бабушка по маме готовит очень вкусно.
508,508,Babaanne torununu çok seviyor.,Бабушка по папе очень любит внука.
509,509,Boynum ağrıyor.,У меня болит шея.
510,510,Burnum akıyor.,У меня течет из носа.
511,511,Dayım bizi ziyarete geldi.,Мой дядя приехал навестить нас.
512,512,Dedem anılarını anlattı.,Мой дедушка рассказал свои воспоминания.
513,513,Dişim çok ağrıyor.,У меня очень болит зуб.
514,514,Erkek kardeşim beni korur.,Мой брат защищает меня.
515,515,Halam bize elma turtası yaptı.,Моя тетя по отцу испекла нам яблочный пирог.
516,516,Havuzu temizlememiz gerekiyor.,Нам нужно почистить бассейн.
517,517,İlkokul öğretmenimi hiç unutmadım.,Я никогда не забывал(а) своего учителя начальных классов.
518,518,Karım ve ben aynı işte çalışıyoruz.,Моя жена и я работаем в одном месте.
519,519,Kız kardeşim üniversite sınavına hazırlanıyor.,Моя сестра готовится к вступительным экзаменам в университет.
520,520,Kocam işten yeni geldi.,Мой муж только что пришел с работы.
521,521,Kolumu masaya çarptım.,Я ударил(а) руку о стол.
522,522,Liseyi Ankara'da okudum.,Я учился(ась) в лицее в Анкаре.
523,523,Soğuk hava için mantomu giydim.,Я надел(а) свое пальто на холодную погоду.
524,524,Babama mektup yazdım.,Я написал(а) письмо моему отцу.
525,525,Omuzlarım ağrıyor.,У меня болят плечи.
526,526,Ortaokul yıllarını özlüyorum.,Я скучаю по годам обучения в средней школе.
527,527,Satranç oynamayı biliyor musun?,Ты умеешь играть в шахматы?
528,528,Şirket yeni bir ofise taşınıyor.,Компания переезжает в новый офис.
529,529,Teneffüste bahçeye çıktık.,На перемене мы вышли в сад.
530,530,Teyzem bize hediye getirdi.,Моя тетя по маме принесла нам подарок.
531,531,Üniversiteyi İstanbul'da okudum.,Я учился(ась) в университете в Стамбуле.
532,532,Gömleklerimi ütüledim.,Я погладил(а) свои рубашки.
533,533,Yabancı dil öğrenmek önemlidir.,Изучать иностранный язык важно.
534,534,Çok yaramaz bir çocuktu.,Он был очень непослушным ребенком.
535,535,Çok zevkli bir etkinlikti.,Это было очень увлекательное мероприятие.
536,536,Marketten ekmek al,Купи хлеба в магазине.
537,537,Dans etmeyi severim,Я люблю танцевать.
538,538,Piyano çalmayı biliyor musun?,Ты умеешь играть на пианино?
539,539,Kendimi iyi hissediyorum,Я чувствую себя хорошо.
540,540,Mektubu gönderdim,Я отправил письмо.
541,541,Çocuklara İngilizce öğretiyorum,Я учу детей английскому.
542,542,Ona telefon ettin mi?,Ты звонил ему?
543,543,Ağustos ayında tatile çıkacağız.,В августе мы поедем в отпуск.
544,544,Ajandama not aldım.,Я записал(а) в свой ежедневник.
545,545,Akıl sağlığı çok önemli.,Психическое здоровье очень важно.
546,546,Anma töreni saat onda başlayacak.,Мемориальная церемония начнется в десять.
547,547,Aralık ayında kar yağdı.,В декабре шел снег.
548,548,Ateşim çıktı.,У меня поднялась температура.
549,549,Balayı için Maldivler'e gidecekler.,Они поедут на Мальдивы в медовый месяц.
550,550,O benim biricik kızım.,Она моя единственная дочь.
551,551,Birlikte çok güzel vakit geçirdik.,Мы отлично провели время вместе.
552,552,Uzun bir birliktelikleri var.,У них долгие отношения.
553,553,Duvarları beyaz boya ile boyadık.,Мы покрасили стены белой краской.
554,554,Saat üç buçuk oldu.,Сейчас половина четвертого.
555,555,Çok cimri bir adam.,Он очень жадный человек.
556,556,Cuma günü buluşalım.,Давай встретимся в пятницу.
557,557,Cumartesi alışverişe çıkacağım.,В субботу я пойду по магазинам.
558,558,Çarşamba toplantım var.,У меня собрание в среду.
559,559,Çeşitli meyveler aldım.,Я купил(а) разные фрукты.
560,560,Çeyrek altın aldım.,Я купил(а) четверть золота.
561,561,Çorbaya biraz tuz attım.,Я добавил(а) немного соли в суп.
562,562,Coşkuyla karşılandı.,Его/ее встретили с энтузиазмом.
563,563,Bir dakika bekler misin?,Ты подождешь минуту?
564,564,Dilek tut ve mumları üfle.,Загадай желание и задуй свечи.
565,565,Dini bayramlarda aile ziyaret edilir.,Религиозные праздники — время навещать семью.
566,566,Dişçi randevumu iptal ettim.,Я отменил(а) свой прием к стоматологу.
567,567,Dolunay gecesi çok romantikti.,Ночь полнолуния была очень романтичной.
568,568,İpi düğüm yapma.,Не завязывай узел на веревке.
569,569,Egemenlik kayıtsız şartsız milletindir.,Суверенитет безусловно принадлежит нации.
570,570,Ekim ayında yağmurlar başlar.,В октябре начинаются дожди.
571,571,Evlilik yıldönümümüzü kutladık.,Мы отпраздновали годовщину свадьбы.
572,572,Eylül ayında okullar açılır.,Школы открываются в сентябре.
573,573,Sanat galerisini gezdik.,Мы посетили художественную галерею.
574,574,Gelecek hafta görüşürüz.,Увидимся на следующей неделе.
575,575,Gençlik çok güzel bir dönem.,Молодость — прекрасное время.
576,576,Çok geveze bir komşum var.,У меня очень болтливая соседка.
577,577,Alfabede kaç harf var?,Сколько букв в алфавите?
578,578,Sınava hazırlık yapıyorum.,Я готовлюсь к экзамену.
579,579,Haziran ayında yaz başlar.,Лето начинается в июне.
580,580,Bu kelime kaç heceden oluşuyor?,Из скольких слогов состоит это слово?
581,581,Çocuklar heyecandan yerinde duramıyordu.,Дети не могли усидеть на месте от волнения.
582,582,İlkbaharda doğa uyanır.,Весной природа пробуждается.
583,583,Kasım ayı soğuk geçti.,Ноябрь выдался холодным.
584,584,Trafik kazasında yaralananlar oldu.,В дорожной аварии были пострадавшие.
585,585,Kışın kar yağar.,Зимой идет снег.
586,586,Bu kurum eğitim veriyor.,Эта организация предоставляет образование.
587,587,Kutlama için pasta getirdim.,Я принес(ла) торт для празднования.
588,588,Kültürümüze sahip çıkmalıyız.,Мы должны защищать нашу культуру.
589,589,İstiklal Marşı'nı okuyoruz.,Мы читаем Гимн независимости.
590,590,Mart ayında havalar ısınmaya başlar.,В марте погода начинает теплеть.
591,591,Mavi gökyüzüne bakmak huzur veriyor.,Смотреть на голубое небо успокаивает.
592,592,Mayıs ayında bahar bayramı var.,В мае есть праздник весны.
593,593,Dört mevsimi de seviyorum.,Я люблю все четыре времени года.
594,594,Mezuniyet töreni çok duygusaldı.,Церемония выпуска была очень эмоциональной.
595,595,Milli takımımızı destekliyoruz.,Мы поддерживаем нашу национальную сборную.
596,596,Yolda kısa bir mola verdik.,Мы сделали короткую остановку в пути.
597,597,Mor rengi sever misin?,Ты любишь фиолетовый цвет?
598,598,Nice yıllara!,Многая лета!
599,599,Nikahımız önümüzdeki ay.,Наша свадьба в следующем месяце.
600,600,Nisan yağmurları bereket getirir.,Апрельские дожди приносят изобилие.
601,601,Odunları sobaya attım.,Я бросил(а) дрова в печь.
602,602,Ömrümüz kısa değerlendirelim.,"Наша жизнь коротка, давайте ценить ее."
603,603,Paltomu askıya astım.,Я повесил(а) свое пальто на вешалку.
604,604,Pazar günü dinleniyorum.,В воскресенье я отдыхаю.
605,605,Pazartesi sendromu yaşıyorum.,Я страдаю от синдрома понедельника.
606,606,Perşembe akşamı sinemaya gidelim.,Давай пойдем в кино в четверг вечером.
607,607,Televizyon programını izliyorum.,Я смотрю телевизионную программу.
608,608,Doktor randevusu aldım.,Я записался(ась) на прием к врачу.
609,609,Resmi bir davet aldık.,Мы получили официальное приглашение.
610,610,Otel için rezervasyon yaptırdım.,Я забронировал(а) отель.
611,611,Salı günü müsaitim.,Во вторник я свободен(свободна).
612,612,Bir saniye bile bekleyemem.,Я не могу ждать ни секунды.
613,613,Sarı renk neşe verir.,Желтый цвет приносит радость.
614,614,Saygıdeğer öğretmenim sizi çok özledik.,"Уважаемый учитель, мы очень по Вас скучали."
615,615,Sevgilime çiçek aldım.,Я купил(а) цветы своей возлюбленной.
616,616,Sonbaharda yapraklar sararır.,Осенью листья желтеют.
617,617,Doğum günü sürprizi hazırladık.,Мы приготовили сюрприз на день рождения.
618,618,Şubat ayı kısa bir aydır.,Февраль — короткий месяц.
619,619,Temmuz ayında denize gireriz.,В июле мы купаемся в море.
620,620,Toplantı saat 14:00'te başlayacak.,Собрание начнется в 14:00.
621,621,Ulusal bayramımızı kutluyoruz.,Мы празднуем наш национальный праздник.
622,622,Vakit nakittir.,Время — деньги.
623,623,Yazın klima çalıştırıyoruz.,Летом мы включаем кондиционер.
624,624,Yeşil doğanın rengidir.,Зеленый — цвет природы.
625,625,Yılbaşı ağacını süsledik.,Мы украсили новогоднюю елку.
626,626,Evlilik yıldönümümüz kutlu olsun.,С годовщиной нашей свадьбы.
627,627,Zafer kazanmak için çok çalıştık.,"Мы много работали, чтобы одержать победу."
628,628,Zorlukları birlikte aştık.,Мы преодолели трудности вместе.
629,629,Resmi asmalıyız,Нам нужно повесить картину.
630,630,"Atlama, tehlikeli!","Не прыгай, опасно!"
631,631,Çöpü atmam lazım,Мне нужно выбросить мусор.
632,632,Seni bekleyeceğim,Я буду ждать тебя.
633,633,Kardeşine benziyorsun,Ты похож на своего брата.
634,634,Çalışmaya devam et,Продолжай работать.
635,635,İyi şanslar dilerim,Я желаю удачи.
636,636,1970'te doğdum,Я родился в 1970 году.
637,637,Gelecek ay evleniyoruz,Мы женимся в следующем месяце.
638,638,Otobüs gecikti,Автобус опоздал.
639,639,Yarınki sınav için heyecanlanıyorum,Я волнуюсь за завтрашний экзамен.
640,640,Mağaza saat yedide kapanıyor,Магазин закрывается в семь часов.
641,641,Onu havaalanında karşılayacağım,Я встречу его в аэропорту.
642,642,Toplantıya katılamayacağım,Я не смогу участвовать в собрании.
643,643,Ailemi korumak isterim,Я хочу защитить свою семью.
644,644,Doğum gününü kutlayalım,Давай отпразднуем твой день рождения.
645,645,Kutlu olsun!,Поздравляю!
646,646,Çocuğunu öptü,Она поцеловала своего ребенка.
647,647,Yeni bir araba satın aldım,Я купил новую машину.
648,648,Arabayı dikkatli sür,Води машину осторожно.
649,649,Para topluyoruz,Мы собираем деньги.
650,650,Onunla vedalaştık,Мы попрощались с ним.
651,651,Şömineyi yaktık,Мы разожгли камин.
652,652,Yaşlanmak doğal bir süreç,Стареть — это естественный процесс.
653,653,Rakibini yendi,Он победил своего соперника.
654,654,Arabayı yıkamalıyım,Мне нужно помыть машину.
655,655,Dedemi ziyaret edeceğiz,Мы навестим моего дедушку.
656,656,Akıllı bir çözüm buldu.,Он/она нашел(ла) умное решение.
657,657,Tüm akrabalarımızı davet ettik.,Мы пригласили всех наших родственников.
658,658,Bu alan boş.,Эта территория пустая.
659,659,Arabanın arka koltuğuna oturdum.,Я сел(а) на заднее сиденье машины.
660,660,Aşağı kata indim.,Я спустился(ась) на нижний этаж.
661,661,Ana caddede trafik var.,На главной улице пробка.
662,662,Çenesi düşük biri.,Он/она — болтливый человек.
663,663,Çevre kirliliği artıyor.,Загрязнение окружающей среды растет.
664,664,Dedem çiftçiydi.,Мой дед был фермером.
665,665,Dış kapıyı kilitlemeyi unutma.,Не забудь запереть наружную дверь.
666,666,Emekli olduktan sonra köye yerleşti.,После выхода на пенсию он переехал в деревню.
667,667,Eniştem bize yardım etti.,Мой деверь/зять помог нам.
668,668,Gölde sandalla gezinti yaptık.,Мы катались на лодке по озеру.
669,669,Grip oldum biraz dinlenmem lazım.,"Я заболел(а) гриппом, мне нужно немного отдохнуть."
670,670,Güler yüzlü bir satıcıydı.,Это был улыбчивый продавец.
671,671,Kendimi çok halsiz hissediyorum.,Я чувствую себя очень вялым.
672,672,İç kapıyı açık bıraktım.,Я оставил(а) внутреннюю дверь открытой.
673,673,İskeleye yanaştık.,Мы пришвартовались к пристани.
674,674,Karşı daireye yeni komşular taşındı.,В квартиру напротив въехали новые соседи.
675,675,Köprüden geçerken manzara muhteşemdi.,Вид при переходе через мост был великолепен.
676,676,Köşedeki dükkana gidelim.,Давай пойдем в магазин на углу.
677,677,Kulaklarım çınlıyor.,У меня звенит в ушах.
678,678,Kuzenimle çok iyi anlaşıyoruz.,Мы с двоюродным братом/сестрой очень хорошо ладим.
679,679,Lezzetli bir yemek yedik.,Мы съели вкусное блюдо.
680,680,Manzara karşısında büyülendim.,Я был(а) зачарован(а) видом.
681,681,Hangi marka telefon kullanıyorsun?,Телефон какой марки ты используешь?
682,682,Mercimek çorbasını çok severim.,Я очень люблю чечевичный суп.
683,683,Şehir meydanında buluşalım.,Давай встретимся на городской площади.
684,684,Nehir kenarında yürüyüş yaptık.,Мы прогулялись вдоль реки.
685,685,Pastayı ortadan ikiye böldük.,Мы разрезали торт пополам.
686,686,Ön bahçemizde güller var.,В нашем переднем саду есть розы.
687,687,Parmağıma diken battı.,Мне в палец вонзилась заноза.
688,688,Patlıcan kebabı yapacağım.,Я приготовлю баклажанный кебаб.
689,689,Tatil planlarımı yapıyorum.,Я строю планы на отпуск.
690,690,Raporu yarın teslim etmeliyim.,Я должен(должна) сдать отчет завтра.
691,691,Reçetemi eczaneye vereceğim.,Я отнесу свой рецепт в аптеку.
692,692,En sevdiğin renk hangisi?,Какой твой любимый цвет?
693,693,Sağ elimi incittim.,Я повредил(а) правую руку.
694,694,Parktaki salıncağa bindim.,Я сел(а) на качели в парке.
695,695,Sol gözüm seğiriyor.,У меня дергается левый глаз.
696,696,Çayıma iki şeker attım.,Я положил(а) в свой чай два кусочка сахара.
697,697,Müşteri şikayeti geldi.,Поступила жалоба от клиента.
698,698,Tahminimce yağmur yağacak.,По моему предположению пойдет дождь.
699,699,Tarihi bir binayı ziyaret ettik.,Мы посетили историческое здание.
700,700,Ten rengin çok güzel.,Цвет твоей кожи очень красивый.
701,701,Terziye elbise diktirdim.,Я сшил(а) платье у портного.
702,702,Vücut dili önemlidir.,Язык тела важен.
703,703,Yengem çok iyi pasta yapar.,Моя невестка очень хорошо печет торты.
704,704,Yukarı kata çıktım.,Я поднялся(ась) на верхний этаж.
705,705,Başım ağrıyor,У меня болит голова.
706,706,Bir anlaşmaya vardık,Мы пришли к соглашению.
707,707,Yeni şarkını beğendim,Мне понравилась твоя новая песня.
708,708,Bir uzmana danışmalısın,Тебе следует проконсультироваться со специалистом.
709,709,Fikrini değiştirdi,Он изменил свое мнение.
710,710,Çocuklarla ilgileniyor,Она присматривает за детьми.
711,711,Sırtım kaşınıyor,У меня чешется спина.
712,712,Utanınca yanakları kızarır,"Его щеки краснеют, когда он смущается."
713,713,Sandalye sallanıyor,Стул качается.
714,714,Tansiyonumu ölçtürmeliyim,Мне нужно измерить давление.
715,715,Her sabah tartılırım,Я взвешиваюсь каждое утро.
716,716,Hastanede tedavi oldum,Я проходил лечение в больнице.
717,717,Öksürüyorum,у меня кашель.
718,718,Büyükannem ziyarete geldi,Моя бабушка приехала в гости.
719,719,Bodrum bir ada.,Бодрум — это остров.
720,720,Altın fiyatları yükseliyor.,Цены на золото растут.
721,721,Ana yemek olarak et yemeği düşünüyorum.,В качестве основного блюда я думаю о мясном блюде.
722,722,Apartman yöneticisiyle konuştum.,Я поговорил(а) с управляющим дома.
723,723,Aptalca bir hata yaptım.,Я совершил(а) глупую ошибку.
724,724,Âşık olduğumu hissettim.,"Я почувствовал(а), что влюбился(ась)."
725,725,Aşk her şeyi fetheder.,Любовь побеждает все.
726,726,Avucuma bir şey düştü.,Что-то упало мне на ладонь.
727,727,Baklavayı çok tatlı yapmışlar.,Они сделали пахлаву очень сладкой.
728,728,Beyaz atları severim.,Я люблю белых лошадей.
729,729,Temizlik için bir bez al.,Возьми тряпку для уборки.
730,730,Bıyığını kesmeyi düşünüyor musun?,Ты думаешь сбрить усы?
731,731,Acı biber yemem.,Я не ем острый перец.
732,732,Bol su içmelisin.,Тебе следует пить много воды.
733,733,Böreği fırından yeni çıkardım.,Я только что достал(а) пирог из духовки.
734,734,Bulutlar dağıldı.,Облака рассеялись.
735,735,Bitter çikolata daha sağlıklıdır.,Темный шоколад полезнее.
736,736,Çimler biçildi.,Траву скосили.
737,737,Bu çizgiyi silgiyle silelim.,Давай сотрем эту линию ластиком.
738,738,Çöpü dışarı çıkar.,Вынеси мусор.
739,739,Deniz dalgalıydı.,Море было бурным.
740,740,Kolunda bir damar seğiriyordu.,У него/нее на руке дергалась вена.
741,741,Anneme bir demet çiçek aldım.,Я купил(а) маме букет цветов.
742,742,Dengesiz bir yüzeyde yürüyorduk.,Мы шли по неустойчивой поверхности.
743,743,İki dilim ekmek yedim.,Я съел(а) два куска хлеба.
744,744,Dosdoğru ilerle.,Иди прямо.
745,745,Dürüst bir insan olmak önemlidir.,Быть честным человеком важно.
746,746,Çok düşünceli bir davranıştı.,Это был очень внимательный поступок.
747,747,Ecza dolabında ağrı kesici var mı?,В аптечке есть обезболивающее?
748,748,Ela gözleri var.,У него/нее карие глаза.
749,749,Müdürün emrini bekliyoruz.,Мы ждем указания начальника.
750,750,Çok enerjik bir çocuk.,Очень энергичный ребенок.
751,751,Esprili biriyle sohbet etmek güzeldir.,"Приятно беседовать с человеком, у которого есть чувство юмора."
752,752,Et iyice pişti mi?,Мясо хорошо прожарилось?
753,753,Bu kitap çok faydalı.,Эта книга очень полезна.
754,754,Gece geç saatlere kadar çalıştım.,Я работал(а) до поздней ночи.
755,755,Gerekli belgeleri topladım.,Я собрал(а) необходимые документы.
756,756,Gökyüzü masmavi.,Небо ярко-голубое.
757,757,Gözlüklerimi nereye koydum?,Куда я положил(а) свои очки?
758,758,Güvenilir bir kaynaktan aldım.,Я взял(а) из надежного источника.
759,759,Harika bir gün geçirdik.,Мы провели замечательный день.
760,760,Hayvanları çok seviyorum.,Я очень люблю животных.
761,761,Burası çok huzurlu bir yer.,Это очень умиротворенное место.
762,762,Temel ihtiyaçlar karşılanmalı.,Основные потребности должны быть удовлетворены.
763,763,İlacı aç karnına içmelisin.,Тебе нужно принимать лекарство натощак.
764,764,Çok inatçı bir çocuk.,Очень упрямый ребенок.
765,765,İsteğinizi yerine getireceğiz.,Мы выполним ваше пожелание.
766,766,Kadayıfı cevizli severim.,Я люблю кадаиф с грецкими орехами.
767,767,Bir kadeh şampanya içelim.,Давай выпьем бокал шампанского.
768,768,Kap dolup taşıyor.,Емкость переполнена.
769,769,Kapıcı bize paketi verdi.,Дворник передал нам посылку.
770,770,Karabiber de lütfen.,"Черный перец тоже, пожалуйста."
771,771,Karınca yuvasına dikkat et.,"Осторожно, муравейник."
772,772,Karizmatik bir liderdi.,Он был харизматичным лидером.
773,773,Karpuzu buzdolabına koy.,Положи арбуз в холодильник.
774,774,Bir kâse çorba içtim.,Я съел(а) миску супа.
775,775,Kekiğin kokusu çok güzel.,У чабреца очень приятный запах.
776,776,Kemerini sıkı bağla.,Туго затяни свой ремень.
777,777,Kenarda duran adamı tanıyor musun?,"Ты знаешь человека, стоящего в стороне?"
778,778,Bu kısmı anlamadım.,Я не понял(а) эту часть.
779,779,Kıymayı tencereye koydum.,Я положил(а) фарш в кастрюлю.
780,780,Kızıl saçları çok güzel.,У нее очень красивые рыжие волосы.
781,781,Bir kilogram domates aldım.,Я купил(а) килограмм помидоров.
782,782,Klinikte randevum var.,У меня назначен прием в клинике.
783,783,Bu konu hakkında konuşmak istemiyorum.,Я не хочу говорить на эту тему.
784,784,Çok korkak bir köpek.,Очень трусливая собака.
785,785,Köfteleri ızgarada pişirelim.,Давай приготовим котлеты на гриле.
786,786,Kurabiyeler fırında pişiyor.,Печенье печется в духовке.
787,787,Kuşbaşı etle yemek yapacağım.,Я приготовлю блюдо из мяса кубиками.
788,788,Bu yer onlar için kutsal.,Это место священно для них.
789,789,Bir küp şeker attım.,Я бросил(а) кубик сахара.
790,790,Lahmacun yemeyi çok severim.,Я очень люблю есть лахмаджун.
791,791,Duvarda bir levha asılı.,На стене висит табличка.
792,792,Misafire lokum ikram ettik.,Мы угостили гостя рахат-лукумом.
793,793,Makarnayı suda haşladım.,Я отварил(а) макароны в воде.
794,794,Yemek için gerekli malzemeleri aldım.,Я купил(а) необходимые продукты для еды.
795,795,Maydanozu ince ince kıydım.,Я мелко порубил(а) петрушку.
796,796,Menüde vejetaryen seçenekleri var mı?,В меню есть вегетарианские варианты?
797,797,Çok meraklı bir öğrenci.,Очень любознательный ученик.
798,798,Mesleğin nedir?,Какова твоя профессия?
799,799,Mesut bir hayat sürüyorlar.,Они живут счастливой жизнью.
800,800,Küçük bir miktar yeterli.,Небольшого количества достаточно.
801,801,Mutlaka gelmelisin.,Ты обязательно должен(должна) прийти.
802,802,Müze kartım var.,У меня есть музейная карта.
803,803,Naz yapmayı bırak.,Перестань капризничать.
804,804,Neşeli bir müzik açalım.,Давай включим веселую музыку.
805,805,Otoparkta yer bulamadık.,Мы не нашли место на парковке.
806,806,Bir önerin var mı?,У тебя есть предложение?
807,807,Perdeleri yıkamam gerekiyor.,Мне нужно постирать шторы.
808,808,Peyniri buzdolabına koy.,Положи сыр в холодильник.
809,809,Pizza sipariş edelim mi?,Закажем пиццу?
810,810,Bir porsiyon salata yeterli.,Одной порции салата достаточно.
811,811,Sosyal medya profilini güncelledim.,Я обновил(а) свой профиль в социальных сетях.
812,812,İlacın prospektüsünü okudun mu?,Ты прочитал(а) инструкцию к лекарству?
813,813,Garip bir rüya gördüm.,Мне приснился странный сон.
814,814,Rüzgâr çok şiddetli esiyor.,Ветер дует очень сильно.
815,815,Sabırlı olmayı öğrenmelisin.,Тебе следует научиться быть терпеливым.
816,816,Sakalını kesmeyi düşünüyor musun?,Ты думаешь побриться?
817,817,Salatayı karıştırdım.,Я перемешал(а) салат.
818,818,Salyangoz bahçedeki bitkileri yiyor.,Улитка ест растения в саду.
819,819,Saman balyasını kaldırdı.,Он/она поднял(а) тюк соломы.
820,820,Büyüklere saygı göstermeliyiz.,Мы должны проявлять уважение к старшим.
821,821,Anne sevgisi tarifsizdir.,Материнская любовь неописуема.
822,822,Sevimli bir kedi yavrusu.,Милый котенок.
823,823,Sıvı sabun bitti.,Жидкое мыло закончилось.
824,824,Tuvaletin sifonu bozuk.,Смыв в туалете не работает.
825,825,Sigara sağlığa zararlıdır.,Курение вредно для здоровья.
826,826,Siparişim geldi mi?,Мой заказ прибыл?
827,827,Soğanı yemeklere eklerim.,Я добавляю лук в блюда.
828,828,Soğuk içecek ister misin?,Хочешь холодный напиток?
829,829,Sosyal paylaşım ağlarında çok vakit geçiriyor.,Он/она проводит много времени в социальных сетях.
830,830,Su içmeyi unutma.,Не забудь пить воду.
831,831,Kırmızı şarap tercih ederim.,Я предпочитаю красное вино.
832,832,Şirin bir köy evi.,Милый деревенский дом.
833,833,Şişede su kalmamış.,В бутылке не осталось воды.
834,834,Bir tane daha alabilir miyim?,Можно мне еще одну?
835,835,Tarifi tam olarak uyguladım.,Я точно следовал(а) рецепту.
836,836,Tatlı olarak ne var?,Что есть на десерт?
837,837,Tavayı ocaktan al.,Сними сковороду с плиты.
838,838,Bana bir tavsiyede bulunur musun?,Можешь дать мне совет?
839,839,Tecrübe çok önemlidir.,Опыт очень важен.
840,840,Tek başıma yapabilirim.,Я могу сделать это один(одна).
841,841,Tramvay durağı nerede?,Где остановка трамвая?
842,842,Tuvalet nerede?,Где туалет?
843,843,Yemeğe biraz tuz ekle.,Добавь немного соли в еду.
844,844,Doktorun uyarılarını dikkate al.,Прими во внимание предупреждения врача.
845,845,Köpeğimi veterinere götüreceğim.,Я отведу свою собаку к ветеринару.
846,846,Yağı fazla kaçırmışsın.,Ты переборщил(а) с маслом.
847,847,Yağmur yağmaya başladı.,Начался дождь.
848,848,Bu alışkanlığın sana hiç yararı yok.,Эта привычка не приносит тебе никакой пользы.
849,849,Yarışmayı kim kazandı?,Кто выиграл соревнование?
850,850,Yaşam koşulları iyileşti.,Условия жизни улучшились.
851,851,Yeterince uyudum.,Я выспался(выспалась).
852,852,Yorganı üzerime çektim.,Я натянул(а) на себя одеяло.
853,853,Yumurtaları haşladım.,Я сварил(а) яйца.
854,854,Bu bina çok yüksek.,Это здание очень высокое.
855,855,Bu hareketin sana zarar verebilir.,Это действие может навредить тебе.
856,856,"Acele et, yoksa geç kalacağız","Поспеши, а то мы опоздаем."
857,857,Bana hikayeni anlat,Расскажи мне свою историю.
858,858,Paketi bağlamama yardım et,Помоги мне завязать пакет.
859,859,Düğmeye bas,Нажми на кнопку.
860,860,Bu gürültüden bıktım,Я устал от этого шума.
861,861,Onu içeri çağır,Позови его внутрь.
862,862,Perdeyi çek,Закрой шторы.
863,863,Yumurtaları çırp,Взбей яйца.
864,864,Kitapları rafa diz,Расставь книги на полке.
865,865,Soğanı doğramalıyım,Мне нужно нарезать лук.
866,866,Bardakları suyla doldur,Наполни стаканы водой.
867,867,Çöpleri döktüm,Я вынес мусор.
868,868,Bir ses duydum,Я услышал звук.
869,869,Ne yapacağımı düşünüyorum,"Я думаю о том, что мне делать."
870,870,Odayı düzenledim,Я привел комнату в порядок.
871,871,Biraz tuz ekle,Добавь немного соли.
872,872,İşe geç kaldım,Я опоздал на работу.
873,873,Hapşırdım,Я чихнул.
874,874,Yumurtayı haşla,Свари яйцо вкрутую.
875,875,Onu hatırlıyor musun?,Ты помнишь его?
876,876,Yemek ısmarladım,Я заказал еду.
877,877,Ödevini ihmal etme,Не пренебрегай своими домашними заданиями.
878,878,Bir şey ilave etmek istiyorum,Я хочу кое-что добавить.
879,879,İlerlemeye devam ediyoruz,Мы продолжаем двигаться вперед.
880,880,Adaletsizliğe isyan etti,Он восстал против несправедливости.
881,881,Doğru cevabı işaretle,Отметь правильный ответ.
882,882,Kardeşimle kavga ettim,Я поссорился с братом.
883,883,Su kaynatıyorum,Я кипячу воду.
884,884,Balık kızartıyorum,Я жарю рыбу.
885,885,Söylediğine kızdım,"Я разозлился на то, что ты сказал."
886,886,İp koptu,Веревка порвалась.
887,887,Yeni bir plan oluşturduk,Мы создали новый план.
888,888,Bir çözüm önerdi,Он предложил решение.
889,889,İşine özen göster,Относись к своей работе старательно.
890,890,Arabayı buraya park edebilir miyim?,Могу я припарковать машину здесь?
891,891,Peyniri rendele,Натри сыр.
892,892,Paranı iyi sakla,Хорошо спрячь свои деньги.
893,893,Kitapları sıraya koy,Поставь книги в ряд.
894,894,Pastayı süsledik,Мы украсили торт.
895,895,Makarnayı süzdüm,Я откинул макароны на дуршлаг.
896,896,Görevi tamamladım,Я завершил задание.
897,897,Yolu tarif eder misin?,Не мог бы ты объяснить дорогу?
898,898,Sabrım tükendi,Мое терпение закончилось.
899,899,Bu konudan usandım,Я устал от этой темы.
900,900,Kolunu uzattı,Он протянул руку.
901,901,Yağmur yağıyor,Идет дождь.
902,902,Kapıyı it,Толкни дверь.
903,903,Onun nerede olduğunu merak ediyorum,"Мне интересно, где он."
904,904,Sayfaları numaralandır,Пронумеруй страницы.
905,905,Tahtayı sil,Сотри с доски.
906,906,Yalan söyleme,Не лги.
907,907,Eşyaları yerleştirdim,Я расставил вещи.
908,908,Çok yaşayın.,"Более формальная или уважительная версия ""Çok yaşa"" после чихания (""Будьте здоровы"")."
909,909,Elinize sağlık.,"Комплимент готовившему еду или сделавшему что-то умело своими руками (""Здоровья вашим рукам"")."
910,910,Hayırlı olsun.,"Пожелание благополучия при новом начинании: покупке, работе, браке (""Пусть будет на благо"")."
911,911,Kolay gelsin.,"Пожелание легкости выполняющему работу (""Пусть дается легко"")."
912,912,Alaycı bir tavırla konuşma.,Не говори с насмешливым отношением.
913,913,Sigara kötü bir alışkanlıktır.,Курение — плохая привычка.
914,914,Ampul yandı.,Лампочка перегорела.
915,915,O bu işin ustası çok as biridir.,"Он мастер этого дела, очень крутой."
916,916,Sigara bağımlılığı ciddi bir sorundur.,Никотиновая зависимость — серьезная проблема.
917,917,Baklagiller protein kaynağıdır.,Бобовые являются источником белка.
918,918,Sağlıklı beslenme önemlidir.,Здоровое питание важно.
919,919,O her konuda bilgin biridir.,Он — знающий человек во всем.
920,920,Bolca su iç.,Пей много воды.
921,921,Bordo kazağımı giydim.,Я надел(а) свой бордовый свитер.
922,922,Telefon önemli bir buluştu.,Телефон был важным изобретением.
923,923,Çok cömert bir insandı.,Он был очень щедрым человеком.
924,924,Çocuklar çizgi film izliyor.,Дети смотрят мультфильм.
925,925,Demokrasi özgürlüklerin temelidir.,Демократия — основа свобод.
926,926,Bilimsel bir deney yapıyorlar.,Они проводят научный эксперимент.
927,927,Şehir derbisi heyecanla bekleniyor.,Городское дерби ждут с волнением.
928,928,Dük topraklarını yönetiyordu.,Герцог управлял своими землями.
929,929,Düşes zarif bir kadındı.,Герцогиня была элегантной женщиной.
930,930,Düzenli egzersiz yapıyorum.,Я регулярно делаю физические упражнения.
931,931,Erişkin bir birey olarak sorumluluk almalısın.,"Как взрослый человек, ты должен(должна) брать на себя ответственность."
932,932,Esnek bir çalışma programı istiyor.,Он/она хочет гибкий график работы.
933,933,Fırsatçı davranışlar hoş karşılanmaz.,Спекулятивное поведение не приветствуется.
934,934,Gazetecilik zor bir meslektir.,Журналистика — трудная профессия.
935,935,Çok hayalci bir çocuk.,Очень мечтательный ребенок.
936,936,Hırsız evden değerli eşyaları çaldı.,Вор украл из дома ценные вещи.
937,937,Hizmetçi odaları temizledi.,Служанка убрала комнаты.
938,938,Hükümdar ülkeyi yönetiyordu.,Правитель управлял страной.
939,939,Güneş ışınları dik geliyor.,Солнечные лучи падают прямо.
940,940,İdareci olmak zor bir iştir.,Быть руководителем — трудная работа.
941,941,İletişim becerileri çok önemli.,Навыки общения очень важны.
942,942,İlginç bir hikaye anlattı.,Он/она рассказал(а) интересную историю.
943,943,İlk adımı atmak zordur.,Сделать первый шаг трудно.
944,944,İskelet müzesini gezdik.,Мы посетили музей скелетов.
945,945,Kahkahalar her yeri kapladı.,Смех заполнил все пространство.
946,946,Kahraman askerlerimizi unutmayacağız.,Мы не забудем наших героических солдат.
947,947,Sütte kalsiyum bol bulunur.,В молоке содержится много кальция.
948,948,Kuşun kanadı kırılmış.,У птицы сломано крыло.
949,949,Kaplumbağa yavaş yürür.,Черепаха ходит медленно.
950,950,Kemikleri güçlendirmek için süt iç.,"Пей молоко, чтобы укреплять кости."
951,951,Kolesterol seviyemi ölçtürdüm.,Я измерил(а) свой уровень холестерина.
952,952,Komutan askerlere emir verdi.,Командир отдал приказ солдатам.
953,953,Konforlu bir koltuğa oturdu.,Он/она сел(а) в удобное кресло.
954,954,Uluslararası bir kongre düzenlendi.,Была организована международная конференция.
955,955,Koyun sürüsü yaylada otluyor.,Стадо овец пасется на горном пастбище.
956,956,Kristal bir vazo aldık.,Мы купили хрустальную вазу.
957,957,Kurnaz bir tilki gibi davranıyor.,"Он/она ведет себя, как хитрая лиса."
958,958,Kuruyemiş yemeyi severim.,Я люблю есть сухофрукты/орехи.
959,959,Lacivert ceket sana çok yakışıyor.,Темно-синий пиджак тебе очень идет.
960,960,"Lakabı ""Küçük Dev Adam""dı.","Его прозвище было ""Маленький Великан""."
961,961,Lodos esince başım ağrıyor.,"Когда дует южный ветер, у меня болит голова."
962,962,Kanunda yeni bir madde eklendi.,В закон добавили новый пункт.
963,963,Magazin haberi okumayı severim.,Я люблю читать светские новости.
964,964,Odanın eni üç metre.,Ширина комнаты три метра.
965,965,Sakin bir mizacı var.,У него/нее спокойный характер.
966,966,Thomas Edison büyük bir mucittir.,Томас Эдисон — великий изобретатель.
967,967,Manzara muhteşemdi.,Вид был великолепен.
968,968,Müdür toplantıyı erken bitirdi.,Директор закончил собрание раньше.
969,969,Müfettiş okulu denetliyor.,Инспектор проверяет школу.
970,970,Nargile içmek için kafeye gittik.,"Мы пошли в кафе, чтобы покурить кальян."
971,971,Atlas Okyanusu'nu gemiyle geçtiler.,Они пересекли Атлантический океан на корабле.
972,972,Ödülü büyük bir coşkuyla aldı.,Он/она с большим энтузиазмом принял(а) награду.
973,973,Politika hakkında konuşmayı sevmem.,Я не люблю говорить о политике.
974,974,Protein vücut için önemlidir.,Белок важен для организма.
975,975,Sınavdan yüksek puan aldım.,Я получил(а) высокий балл на экзамене.
976,976,Radyo dalgaları görünmez.,Радиоволны невидимы.
977,977,Ünlü bir romancıyla röportaj yaptım.,Я взял(а) интервью у известного романиста.
978,978,Orduda yüksek bir rütbesi vardı.,У него было высокое звание в армии.
979,979,Saf altın çok değerlidir.,Чистое золото очень ценно.
980,980,Sahilde yürüyüş yaptık.,Мы прогулялись по побережью.
981,981,Satış ofisi kapalıydı.,Офис продаж был закрыт.
982,982,Kaç sene bu şehirde yaşadın?,Сколько лет ты прожил(а) в этом городе?
983,983,Sıradan bir gündü.,Это был обычный день.
984,984,Telefonda sinyal yok.,На телефоне нет сигнала.
985,985,Siyah elbise her zaman şıktır.,Черное платье всегда элегантно.
986,986,Şövalye şatosunu ziyaret ettik.,Мы посетили рыцарский замок.
987,987,Takım olarak çalışmak önemlidir.,Важно работать в команде.
988,988,Takma dişlerimi çıkardım.,Я снял(а) свои вставные зубы.
989,989,Tavanda bir çatlak var.,На потолке есть трещина.
990,990,Tavşan havuç yemeyi sever.,Кролик любит есть морковь.
991,991,Teleskopla yıldızları gözlemledik.,Мы наблюдали звезды в телескоп.
992,992,Telsizle iletişim kurdular.,Они связались по рации.
993,993,Profesör unvanını aldı.,Он/она получил(а) звание профессора.
994,994,O işinde gerçek bir usta.,Он настоящий мастер своего дела.
995,995,Vasıta olarak otobüsü kullandık.,В качестве транспортного средства мы использовали автобус.
996,996,Ünlü bir yazarın konferansına katıldım.,Я посетил(а) лекцию известного писателя.
997,997,Yolculuk planlarımızı yapıyoruz.,Мы строим наши планы путешествия.
998,998,Beni affet,Прости меня.
999,999,Gömleğin kırışıklarını bastırdım,Я разгладил складки на рубашке.
1000,1000,Yeni bir cihaz icat etti,Он изобрел новое устройство.
1001,1001,Belgeleri inceliyorum,Я изучаю документы.
1002,1002,Yarışmayı kazandım,Я выиграл соревнование.
1003,1003,Yeni bir gezegen keşfettiler,Они открыли новую планету.
1004,1004,Üniversiteden mezun oldu,Он окончил университет.
1005,1005,Makalesini yayımladı,Он опубликовал свою статью.
1006,1006,Ahşap bir evde yaşıyorlar.,Они живут в деревянном доме.
1007,1007,Aniden bir ses duyduk.,Мы внезапно услышали звук.
1008,1008,Asker olmak istiyor.,Он/она хочет быть солдатом.
1009,1009,Avrupa Birliği'ne üye ülkeler.,"Страны, входящие в Европейский Союз."
1010,1010,Baharatlı yemekleri sever misin?,Ты любишь острые блюда?
1011,1011,Balı kahvaltıda yerim.,Я ем мед на завтрак.
1012,1012,Bambu bitkisi hızlı büyür.,Бамбуковое растение быстро растет.
1013,1013,Başbakan yarın açıklama yapacak.,Премьер-министр сделает заявление завтра.
1014,1014,Belediye otobüsü sık gelmiyor.,Муниципальный автобус ходит нечасто.
1015,1015,Bu bölge çok yağış alıyor.,Этот регион получает много осадков.
1016,1016,Bülbülün sesi çok güzeldir.,У соловья очень красивый голос.
1017,1017,Çadırımızı kurduk.,Мы поставили нашу палатку.
1018,1018,Çekirdek çitlemeyi severim.,Я люблю грызть семечки.
1019,1019,Dağa tırmanmak zorlu bir spor.,Восхождение на гору — сложный вид спорта.
1020,1020,Köpeğin dışkısını toplamalısın.,Ты должен(должна) убрать экскременты собаки.
1021,1021,Dönerciye gidip yemek yedik.,Мы пошли в дёнерную и поели.
1022,1022,Eldivenlerimi kaybettim.,Я потерял(а) свои перчатки.
1023,1023,Etkinlik için bilet aldın mı?,Ты взял(а) билет на мероприятие?
1024,1024,Ev planını mimara gösterdik.,Мы показали план дома архитектору.
1025,1025,Falıma baktırdım.,Мне погадали.
1026,1026,Ferah bir odaya yerleştik.,Мы разместились в просторной комнате.
1027,1027,Film festivaline katılacağım.,Я буду участвовать в кинофестивале.
1028,1028,Bu bizim aile geleneğimiz.,Это наша семейная традиция.
1029,1029,Güneşli bir günde piknik yaptık.,Мы устроили пикник в солнечный день.
1030,1030,Ilık suyla duş aldım.,Я принял(а) душ теплой водой.
1031,1031,Telefon önemli bir icattır.,Телефон — важное изобретение.
1032,1032,İzleyiciler çok heyecanlıydı.,Зрители были очень взволнованы.
1033,1033,Jimnastik yapmak vücudu esnetir.,Занятия гимнастикой растягивают тело.
1034,1034,Soğuk hava için kabanımı giydim.,Я надел(а) свое зимнее пальто на холодную погоду.
1035,1035,Kampanya süresi yarın bitiyor.,Срок действия акции заканчивается завтра.
1036,1036,Kar yağışı ulaşımı etkiledi.,Снегопад повлиял на транспорт.
1037,1037,Katedralin mimarisi muhteşem.,Архитектура собора великолепна.
1038,1038,Kazağımı yünlü dolaba koydum.,Я положил(а) свой свитер в шкаф для шерстяных вещей.
1039,1039,Kıyı şeridi boyunca yürüdük.,Мы шли вдоль береговой линии.
1040,1040,Bunun benim için çok kıymeti var.,Это имеет для меня большую ценность.
1041,1041,Klozet tıkanmış.,Унитаз засорился.
1042,1042,Mahalli yemekleri denemelisin.,Тебе стоит попробовать местные блюда.
1043,1043,Makyajını çok beğendim.,Мне очень понравился твой макияж.
1044,1044,Merasimde protokol kurallarına uyuldu.,На церемонии соблюдались правила протокола.
1045,1045,Mercimek çorbası yaptım.,Я приготовил(а) чечевичный суп.
1046,1046,Mesai bitince eve gideriz.,По окончании рабочего дня мы идем домой.
1047,1047,Dairenin büyüklüğü kaç metrekare?,Какова площадь квартиры в квадратных метрах?
1048,1048,Mısır patlatıp film izledik.,Мы сделали попкорн и посмотрели фильм.
1049,1049,Mimar projeyi çizdi.,Архитектор нарисовал проект.
1050,1050,Yeni mobilyalar aldık.,Мы купили новую мебель.
1051,1051,Nemli havalarda eklemlerim ağrır.,В сырую погоду у меня болят суставы.
1052,1052,Oğlum askere gitti.,Мой сын ушел в армию.
1053,1053,Ödeme tarihini kaçırdım.,Я пропустил(а) срок платежа.
1054,1054,Padişah tüm ülkeyi yönetirdi.,Султан управлял всей страной.
1055,1055,Pamuklu kumaş yazın serin tutar.,Хлопковая ткань сохраняет прохладу летом.
1056,1056,Mısır Piramitleri'ni görmek istiyorum.,Я хочу увидеть Пирамиды в Египте.
1057,1057,Plajda güneşlendik.,Мы загорали на пляже.
1058,1058,Robotlar artık birçok işi yapıyor.,Роботы теперь выполняют много работы.
1059,1059,Romatizma ağrılarım arttı.,Мои ревматические боли усилились.
1060,1060,Sağanak yağmur başladı.,Начался ливень.
1061,1061,Satılık bir araba arıyoruz.,Мы ищем машину на продажу.
1062,1062,Seçim sonuçları açıklandı.,Результаты выборов объявлены.
1063,1063,Hava akşam serinliyor.,Вечером воздух становится прохладнее.
1064,1064,Sınav için çok çalıştım.,Я усердно готовился(ась) к экзамену.
1065,1065,Sirkte palyaçoları izledik.,Мы смотрели на клоунов в цирке.
1066,1066,Sisli havada araba kullanmak tehlikeli.,Водить машину в туманную погоду опасно.
1067,1067,Soslu makarna yaptım.,Я приготовил(а) макароны с соусом.
1068,1068,Sörf yapmayı öğrenmek istiyorum.,Я хочу научиться кататься на серфе.
1069,1069,Kitap fuarında bir stant kiraladık.,Мы арендовали стенд на книжной ярмарке.
1070,1070,Şelalenin sesi çok güzeldi.,Звук водопада был очень красив.
1071,1071,Antik tapınakları ziyaret ettik.,Мы посетили древние храмы.
1072,1072,Tarlaya buğday ektik.,Мы посадили пшеницу в поле.
1073,1073,Taşı kaldırmaya çalıştım.,Я попытался(ась) поднять камень.
1074,1074,Torunlarımı çok özledim.,Я очень соскучился(ась) по своим внукам.
1075,1075,Tuşlara hafifçe bas.,Нажимай на кнопки легко.
1076,1076,Bana yardım edeceğine dair vaatte bulundu.,Он/она пообещал(а) помочь мне.
1077,1077,Valizimi hazırladım.,Я приготовил(а) свой чемодан.
1078,1078,Vize başvurum reddedildi.,Моя визовая заявка была отклонена.
1079,1079,Yağmurluğumu yanıma aldım.,Я взял(а) с собой свой дождевик.
1080,1080,Yanardağ patlaması büyük bir felakete yol açtı.,Извержение вулкана привело к большой катастрофе.
1081,1081,Yoğunluk saatlerinde trafik çok kötü.,В часы пик движение очень плохое.
1082,1082,Kaygan yosunlara dikkat et.,"Осторожно, скользкие водоросли."
1083,1083,Yöresel kıyafetler giymişlerdi.,Они были одеты в местные костюмы.
1084,1084,Fiyatlar arttı,Цены выросли.
1085,1085,Kalabalık azaldı,Толпа уменьшилась.
1086,1086,Balık tutmaya gidiyoruz,Мы идем на рыбалку.
1087,1087,Duvarı boyayacağım,Я покрашу стену.
1088,1088,Arabayı çalıştıramıyorum,Я не могу завести машину.
1089,1089,Bir resim çiz,Нарисуй картину.
1090,1090,Denize daldı,Он нырнул в море.
1091,1091,Tatilimi güzel geçirdim,Я хорошо провел отпуск.
1092,1092,Hayalini gerçekleştirdi,Он осуществил свою мечту.
1093,1093,Plajda güneşleniyoruz,Мы загораем на пляже.
1094,1094,Onu ikna ettim,Я убедил его.
1095,1095,Toplantı iptal oldu,Собрание отменилось.
1096,1096,Hırsız kaçtı,Вор убежал.
1097,1097,Karar vermek zor,Трудно принять решение.
1098,1098,Kışın kartopu oynarız,Зимой мы играем в снежки.
1099,1099,Dağda kayak yapmayı severim,Я люблю кататься на лыжах в горах.
1100,1100,Teknede kürek çektik,Мы гребли на лодке.
1101,1101,Tahmin et kim geldi?,"Угадай, кто пришел?"
1102,1102,Gözlük takıyorum,Я ношу очки.
1103,1103,Tıraş olmam lazım,Мне нужно побриться.
1104,1104,Ambulans hemen geldi.,Скорая помощь приехала сразу.
1105,1105,Asansör bozuk merdivenleri kullanacağız.,"Лифт неисправен, мы воспользуемся лестницей."
1106,1106,Bu bilmeceyi çözemedim.,Я не смог(ла) разгадать эту загадку.
1107,1107,Cankurtaran plajda nöbet tutuyor.,Спасатель дежурит на пляже.
1108,1108,Cinlerle ilgili bir hikaye anlattı.,Он/она рассказал(а) историю о джиннах.
1109,1109,Deve çölde önemli bir hayvandır.,Верблюд — важное животное в пустыне.
1110,1110,Masallar diyarında kaybolduk.,Мы заблудились в стране сказок.
1111,1111,Bu şehrin bir efsanesi var.,У этого города есть легенда.
1112,1112,Evliya kabrini ziyaret ettik.,Мы посетили гробницу святого.
1113,1113,Komik bir fıkra anlattı.,Он/она рассказал(а) смешной анекдот.
1114,1114,Fırtına nedeniyle uçuşlar iptal edildi.,Из-за шторма рейсы отменены.
1115,1115,Hayran olduğum bir sanatçı.,"Артист, которым я восхищаюсь."
1116,1116,İnşaat bitmek üzere.,Строительство скоро завершится.
1117,1117,İtfaiyeci yangını söndürdü.,Пожарный потушил пожар.
1118,1118,Küçük bir kasabada büyüdüm.,Я вырос(ла) в маленьком городке.
1119,1119,Dedem kaval çalmayı biliyor.,Мой дед умеет играть на свирели.
1120,1120,Kıtlık büyük bir sorundu.,Голод был большой проблемой.
1121,1121,Konfeksiyon atölyesinde çalışıyor.,Он/она работает в швейной мастерской.
1122,1122,Köçek oyunu geleneksel bir gösteridir.,Танец кочека — традиционное представление.
1123,1123,Macera dolu bir hayat yaşıyor.,Он/она живет полной приключений жизнью.
1124,1124,Metrobüs hızlı bir ulaşım aracı.,Метробус — быстрый вид транспорта.
1125,1125,Nişanlımla tanışalı bir yıl oldu.,"Прошел год с тех пор, как я познакомился(ась) со своим женихом/невестой."
1126,1126,Ölümsüz bir aşk hikayesi.,Бессмертная история любви.
1127,1127,Ölümsüzlük birçok insanın hayalidir.,Бессмертие — мечта многих людей.
1128,1128,Tatil için bir pansiyon bulduk.,Мы нашли пансион для отпуска.
1129,1129,Santral görevlisi arıza bildirdi.,Дежурный на электростанции сообщил о неисправности.
1130,1130,Sebze yemeklerini severim.,Я люблю овощные блюда.
1131,1131,Sedefkâr çok güzel eserler yapıyor.,Мастер по перламутру создает очень красивые произведения.
1132,1132,Sihirli bir değnek istiyorum.,Я хочу волшебную палочку.
1133,1133,Sürü halinde uçuyorlardı.,Они летели стаей.
1134,1134,Tasta su verdim.,Я дал(а) воды в миске.
1135,1135,Tepeye çıkmak yorucuydu.,Подъем на холм был утомительным.
1136,1136,Uslu bir çocuk ol.,Будь послушным ребенком.
1137,1137,Vestiyerde paltomu bıraktım.,Я оставил(а) свое пальто в гардеробе.
1138,1138,Balıklar için yem aldım.,Я купил корм для рыб.
1139,1139,Yönetmen filmin çekimlerini bitirdi.,Режиссер закончил съемки фильма.
1140,1140,Onunla alay etme,Не смейся над ним.
1141,1141,Eşek anırıyor,Осел ревет.
1142,1142,Neredeyse boğuluyordum,Я почти утонул.
1143,1143,Buzdolabı bozuldu,Холодильник сломался.
1144,1144,Şehri fethettiler,Они завоевали город.
1145,1145,Sudan fışkırıyor,Вода бьет фонтаном.
1146,1146,Onu incitmek istemedim,Я не хотел обидеть его.
1147,1147,Otelde oda tuttuk,Мы забронировали номер в отеле.
1148,1148,Bu cevaba şaşırdım,Я удивлен этим ответом.
1149,1149,Çocuğu şımartıyorlar,Они балуют ребенка.
1150,1150,Sebze yetiştiriyoruz,Мы выращиваем овощи.
1151,1151,Konser afişini duvara astılar.,Они повесили концертный постер на стену.
1152,1152,Animasyon filmleri izlemeyi severim.,Я люблю смотреть анимационные фильмы.
1153,1153,Aşçı yemeği çok güzel pişirmiş.,Повар очень хорошо приготовил блюдо.
1154,1154,Partideki atmosfer çok iyiydi.,Атмосфера на вечеринке была очень хорошей.
1155,1155,Banka kartımı kaybettim.,Я потерял(а) свою банковскую карту.
1156,1156,Belgesel izlemeyi seviyorum.,Я люблю смотреть документальные фильмы.
1157,1157,Bilim kurgu romanları okumayı severim.,Я люблю читать научно-фантастические романы.
1158,1158,Bu bir bilimsel gerçektir.,Это научный факт.
1159,1159,Bulmaca çözmek beyni çalıştırır.,Разгадывание кроссвордов тренирует мозг.
1160,1160,Uzaktaki cismi göremedim.,Я не мог(ла) разглядеть предмет вдали.
1161,1161,Çığ tehlikesine karşı uyarıldık.,Нас предупредили об опасности схода лавины.
1162,1162,Çöpçü sabah erkenden geliyor.,Мусорщик приходит рано утром.
1163,1163,Damlacık yoluyla bulaşan hastalıklar var.,"Есть болезни, передающиеся воздушно-капельным путем."
1164,1164,Dedikodu yapmak iyi bir şey değil.,Сплетничать — это нехорошо.
1165,1165,O delikanlı çok yakışıklı.,Тот юноша очень красив.
1166,1166,Deprem anında sakin olmalısın.,Во время землетрясения нужно сохранять спокойствие.
1167,1167,Dikey bir çizgi çiz.,Нарисуй вертикальную линию.
1168,1168,Doğa yürüyüşüne çıktık.,Мы отправились в поход на природу.
1169,1169,Şimşek bir doğa olayıdır.,Молния — это природное явление.
1170,1170,Dünya çok büyük bir gezegen.,Земля — очень большая планета.
1171,1171,Elektrik enerjisi olmadan yaşayamayız.,Без электрической энергии мы не сможем жить.
1172,1172,Etrafa bakmadan karşıya geçme.,"Не переходи дорогу, не посмотрев по сторонам."
1173,1173,Fay hattı üzerinde bir şehirde yaşıyoruz.,"Мы живем в городе, расположенном на линии разлома."
1174,1174,Formunu korumak için spor yapıyor.,"Он/она занимается спортом, чтобы поддерживать форму."
1175,1175,Genişlik olarak tam uydu.,По ширине подошло идеально.
1176,1176,Gişe memuru biletimi kontrol etti.,Кассир проверил мой билет.
1177,1177,Yağmur sonrası gökkuşağı çıktı.,После дождя появилась радуга.
1178,1178,Güneş batıya doğru ilerliyor.,Солнце движется к западу.
1179,1179,Günlük tutmayı alışkanlık haline getirdim.,Я выработал(а) привычку вести дневник.
1180,1180,Hobim fotoğraf çekmek.,Мое хобби — фотографировать.
1181,1181,Hokkabaz gösterisi çok eğlenceliydi.,Представление фокусника было очень занимательным.
1182,1182,Hortum şehre büyük zarar verdi.,Торнадо нанес городу большой ущерб.
1183,1183,Ilıman iklimde yaşamayı tercih ederim.,Я предпочитаю жить в умеренном климате.
1184,1184,Bu işin başarılı olma ihtimali yüksek.,Вероятность успеха этого дела высока.
1185,1185,İklim değişikliği küresel bir sorundur.,Изменение климата — глобальная проблема.
1186,1186,İskeleye yanaşan gemiyi izledik.,"Мы наблюдали за кораблем, причаливающим к пристани."
1187,1187,Karanlıkta yalnız yürümekten korkuyorum.,Я боюсь ходить один(одна) в темноте.
1188,1188,Kırık bir dal gördüm.,Я увидел(а) сломанную ветку.
1189,1189,Klasik müzik dinlemeyi severim.,Я люблю слушать классическую музыку.
1190,1190,Pul koleksiyonum var.,У меня есть коллекция марок.
1191,1191,Komedi filmleri izlemek rahatlatıyor.,Просмотр комедийных фильмов расслабляет.
1192,1192,Karanlık korkusu çoğu çocukta var.,Страх темноты есть у большинства детей.
1193,1193,Köşk bahçesi çok bakımlı.,Сад особняка очень ухожен.
1194,1194,Kumda yürümek zor.,По песку идти трудно.
1195,1195,Kum fırtınası görüş mesafesini düşürdü.,Песчаная буря снизила видимость.
1196,1196,Kurak bölgelerde tarım zordur.,В засушливых регионах земледелие затруднено.
1197,1197,Kuraklık ürünleri etkiledi.,Засуха повлияла на урожай.
1198,1198,Meteorolojik uyarıları takip etmeliyiz.,Мы должны следить за метеорологическими предупреждениями.
1199,1199,Nem oranı yüksek.,Уровень влажности высокий.
1200,1200,Öğle yemeğini dışarıda yiyeceğiz.,Мы пообедаем на улице.
1201,1201,Özetini okudum kitap ilgimi çekti.,"Я прочитал(а) аннотацию, книга меня заинтересовала."
1202,1202,Polisiye roman okumayı severim.,Я люблю читать детективные романы.
1203,1203,Romantik bir film izledik.,Мы посмотрели романтический фильм.
1204,1204,Sel felaketinde evler sular altında kaldı.,Во время наводнения дома оказались под водой.
1205,1205,Sihirbaz numarası bizi şaşırttı.,Фокус фокусника удивил нас.
1206,1206,Sopa ile yere bir şeyler çizdi.,Он/она нарисовал(а) что-то на земле палкой.
1207,1207,Tamirci arabayı tamir etti.,Механик починил машину.
1208,1208,Teslim tarihini kaçırdık.,Мы пропустили срок сдачи.
1209,1209,Tozları temizledim.,Я убрал(а) пыль.
1210,1210,Toz fırtınası nedeniyle yol kapandı.,Дорога была закрыта из-за пыльной бури.
1211,1211,Tropik yağmur ormanları yağmurlu mevsimde daha da yeşillenir.,Тропические дождевые леса в сезон дождей становятся еще зеленее.
1212,1212,Tsunami uyarısı verildi.,Было объявлено предупреждение о цунами.
1213,1213,Volkanik patlama sonucu kül yağdı.,В результате извержения вулкана шел пепел.
1214,1214,Yatay çizgiyi cetvelle çiz.,Нарисуй горизонтальную линию линейкой.
1215,1215,Yatılı okulda okuyor.,Он/она учится в школе-интернате.
1216,1216,Yazlık kıyafetlerimi dolaptan çıkardım.,Я достал(а) свою летнюю одежду из шкафа.
1217,1217,Yer çekimi olmasa uçardık.,"Если бы не было гравитации, мы бы летали."
1218,1218,Yer kabuğu hareket halindedir.,Земная кора находится в движении.
1219,1219,Yıldırım düşmesi sonucu yangın çıktı.,В результате удара молнии возник пожар.
1220,1220,Hastane ziyaret saatleri belli.,Часы посещения в больнице установлены.
1221,1221,Güneş batıyor,Солнце садится.
1222,1222,Arabayı duvara çarptım,Я врезался машиной в стену.
1223,1223,Dağıtımı yarın yapacağız,Мы сделаем рассылку завтра.
1224,1224,Kuyrukta dizildik,Мы встали в очередь.
1225,1225,Göl dondu,Озеро замерзло.
1226,1226,Dişlerini fırçala,Почисть зубы.
1227,1227,Babam horluyor,Мой отец храпит.
1228,1228,Sözleşmeyi imzaladım,Я подписал контракт.
1229,1229,Hasta iyileşti,Пациент выздоровел.
1230,1230,Eski bir arkadaşımla karşılaştım,Я столкнулся со старым другом.
1231,1231,Su kaynıyor,Вода кипит.
1232,1232,Bana küstü,Он обиделся на меня.
1233,1233,Nişanlandılar,Они обручились.
1234,1234,Ateşi söndürdük,Мы потушили огонь.
1235,1235,Ayakkabılar sürtünüyor,Туфли натирают.
1236,1236,Malzemeleri tarttım,Я взвесил ингредиенты.
1237,1237,Kutuları taşıdım,Я перенес коробки.
1238,1238,Nehir taştı,Река вышла из берегов.
1239,1239,Afiş duvara yapıştı,Плакат прилип к стене.
1240,1240,Acele et geç kalacağız.,"Поторопись, мы опоздаем."
1241,1241,Kahvaltı için simit ve açma aldım.,Я купил(а) бублик и слоеную булочку на завтрак.
1242,1242,Alkollü içki kullanmıyorum.,Я не употребляю алкогольные напитки.
1243,1243,Bu kelimenin anlamını bilmiyorum.,Я не знаю значение этого слова.
1244,1244,Ayaküstü bir şeyler atıştırdık.,Мы перекусили на ходу.
1245,1245,Ayranı tuzlu severim.,Я люблю айран соленым.
1246,1246,Bagajı dolaba yerleştirdim.,Я поместил(а) багаж в багажник.
1247,1247,Çocuk bakıcısı arıyoruz.,Мы ищем няню для ребенка.
1248,1248,Kapalıçarşı'da tarihi bir bedesten var.,В Гранд-базаре есть исторический бедестан.
1249,1249,Briç oynamayı yeni öğreniyorum.,Я только учусь играть в бридж.
1250,1250,Çatalı masaya koydum.,Я положил(а) вилку на стол.
1251,1251,Çıkış kapısı nerede?,Где выход?
1252,1252,Dekoratif vazoyu rafa koydum.,Я поставил(а) декоративную вазу на полку.
1253,1253,Deneyimli bir eleman arıyorlar.,Они ищут опытного сотрудника.
1254,1254,Bu kumaşın deseni çok hoş.,Узор на этой ткани очень приятный.
1255,1255,Döviz kurları yükseliyor.,Курсы валют растут.
1256,1256,Ehliyetimi yenilemem gerekiyor.,Мне нужно обновить свои водительские права.
1257,1257,Ekip olarak harika iş çıkardık.,"Как команда, мы сделали отличную работу."
1258,1258,Geleneksel Türk kahvaltısı yaptık.,Мы приготовили традиционный турецкий завтрак.
1259,1259,Gözlemenin içine peynir koydum.,Я положил(а) сыр в гёзлеме.
1260,1260,Gürültüden uyuyamadım.,Я не мог(ла) спать из-за шума.
1261,1261,Güverteden denizi seyrettik.,Мы смотрели на море с палубы.
1262,1262,Tarihi bir handa konakladık.,Мы остановились в историческом караван-сарае.
1263,1263,Otobüs hattı değişmiş.,Автобусный маршрут изменился.
1264,1264,İhtiyaç listesi yaptım.,Я составил(а) список необходимого.
1265,1265,İş ilanına başvurdum.,Я подал(а) заявку на вакансию.
1266,1266,İnançlarına saygı duyuyorum.,Я уважаю твои убеждения.
1267,1267,İzin belgemi aldım.,Я получил(а) свой отпускной документ.
1268,1268,Karar vermeden önce iyi düşün.,"Хорошо подумай, прежде чем принимать решение."
1269,1269,Katmeri sıcak sıcak yemelisin.,Катмер нужно есть горячим.
1270,1270,Kestane kebap yapalım.,Давай приготовим жареные каштаны.
1271,1271,Kokoreç seviyor musun?,Ты любишь кокореч?
1272,1272,Kumpirin içine birçok malzeme koydum.,Я положил(а) много ингредиентов в кумпир.
1273,1273,Bana yardım etmen lazım.,Ты должен(должна) помочь мне.
1274,1274,Martılar ekmek kırıntılarını yedi.,Чайки съели хлебные крошки.
1275,1275,Nakit ödeme yapacağım.,Я расплачусь наличными.
1276,1276,Öncelik sağlık.,Здоровье — в приоритете.
1277,1277,Pide siparişi vereceğim.,Я закажу пиду.
1278,1278,Poğaçalar henüz sıcak.,Булочки ещё тёплые.
1279,1279,Bu koltuk çok rahat.,Этот стул очень удобный.
1280,1280,Rakibimiz çok güçlü.,Наш соперник очень силен.
1281,1281,Toplumun refahı için çalışıyoruz.,Мы работаем для благосостояния общества.
1282,1282,Sanatçı yeni bir albüm çıkardı.,Артист выпустил новый альбом.
1283,1283,Sandalla adaya gittik.,Мы отправились на остров на лодке.
1284,1284,Seyir defterini imzaladı.,Он/она подписал(а) судовой журнал.
1285,1285,Sıkışık trafikte saatlerce kaldık.,Мы часами стояли в плотном потоке машин.
1286,1286,Sınır kapısında uzun kuyruk vardı.,На пограничном пункте была длинная очередь.
1287,1287,Simit ve çay alabilir miyim?,Можно мне бублик и чай?
1288,1288,Siyasetçi halka seslendi.,Политик обратился к народу.
1289,1289,Sözleşmeyi imzalamadan önce oku.,Прочтите контракт перед подписанием.
1290,1290,Süre doldu.,Время истекло.
1291,1291,Öğleden sonra şekerleme yaptım.,Я вздремнул(а) после обеда.
1292,1292,Şiddet hiçbir sorunu çözmez.,Насилие не решает никаких проблем.
1293,1293,Tavla oynamayı öneriyorum.,Я предлагаю сыграть в нарды.
1294,1294,Tost makinesi bozuldu.,Тостер сломался.
1295,1295,Ud çalmayı öğrenmek istiyorum.,Я хочу научиться играть на уде.
1296,1296,Ünlü bir şarkıcı konser verdi.,Известная певица дала концерт.
1297,1297,Bu vakıf eğitime destek veriyor.,Этот фонд поддерживает образование.
1298,1298,Vatandaş olarak haklarımızı bilmeliyiz.,"Как граждане, мы должны знать свои права."
1299,1299,Vezne önünde sıra bekliyorlar.,Они ждут очереди перед кассой.
1300,1300,Bu yemek bu bölgede yaygın.,Это блюдо распространено в этом регионе.
1301,1301,Çalışmaya ara verelim,Давай сделаем перерыв в работе.
1302,1302,Bize bilgi verdi,Он предоставил нам информацию.
1303,1303,Kitabı bitirdim,Я закончил книгу.
1304,1304,Bana borç verir misin?,Не мог бы ты одолжить мне денег?
1305,1305,Üniversite ona burs verdi,Университет предоставил ему стипендию.
1306,1306,Sormaktan çekinme,Не стесняйся спрашивать.
1307,1307,Bulmacayı çözdüm,Я разгадал головоломку.
1308,1308,Acıya dayanamıyorum,Я не могу выносить боль.
1309,1309,Yeni bir tarif denedim,Я попробовал новый рецепт.
1310,1310,Bana destek verdi,Он поддержал меня.
1311,1311,Devam et,Продолжай.
1312,1312,Dikiş dikmeyi biliyor musun?,Ты умеешь шить?
1313,1313,Yolda dikkat et,Будь осторожен на дороге.
1314,1314,"Doydum, sağ ol","Я наелся, спасибо."
1315,1315,Tehlikenin farkında mısın?,Ты осознаешь опасность?
1316,1316,Gitar çalmayı öğreniyorum,Я учусь играть на гитаре.
1317,1317,Çabuk giyin,Одевайся быстрее.
1318,1318,Bana göz kırptı,Он подмигнул мне.
1319,1319,Ona güveniyorum,Я доверяю ему.
1320,1320,Kusurumu hoş gör,Прости мой недостаток.
1321,1321,Hakim karar verdi,Судья вынес приговор.
1322,1322,Islık çalıyor,Он насвистывает.
1323,1323,Bahçeyle ilgileniyor,Он ухаживает за садом.
1324,1324,Anahtarım kayboldu,Я потерял свои ключи.
1325,1325,Yolda kaymak tehlikelidir,Скользко на дороге опасно.
1326,1326,Kımıldama!,Не двигайся!
1327,1327,Et közledik,Мы зажарили мясо на углях.
1328,1328,Bankadan kredi aldım,Я взял кредит в банке.
1329,1329,Mola verelim,Давай сделаем перерыв.
1330,1330,Bu kazaya ne sebep oldu?,Что стало причиной этой аварии?
1331,1331,Döviz bozdurmam gerekiyor,Мне нужно обменять валюту.
1332,1332,Problem çıkarma,Не создавай проблем.
1333,1333,Bütün eşyalar arabaya sığdı,Все вещи поместились в машину.
1334,1334,Sıkıntı çekiyoruz,Мы испытываем трудности.
1335,1335,"Yoruldum, biraz soluklanayım","Я устал, дай мне перевести дух."
1336,1336,Balonu şişir,Надуй шарик.
1337,1337,Onu takip et,Следуй за ним.
1338,1338,Gömleği ütülemeliyim,Мне нужно погладить рубашку.
1339,1339,"Bebek ağlıyor, onu yatıştır","Ребенок плачет, успокой его."
1340,1340,Otobüse yetiştim,Я успел на автобус.
1341,1341,Onu zengin zannettim,"Я думал, что он богат."
1342,1342,Gazeteye abone oldum.,Я подписался(ась) на газету.
1343,1343,Acil durum çantası hazırladık.,Мы приготовили аварийный комплект.
1344,1344,İlk adımı atmak cesaret ister.,Сделать первый шаг требует смелости.
1345,1345,Araç kiralama şirketini aradım.,Я позвонил(а) в компанию по аренде автомобилей.
1346,1346,Araba arıza yaptı.,Машина сломалась.
1347,1347,Bedeli ne olursa olsun yapacağım.,"Я сделаю это, какой бы ни была цена."
1348,1348,Bileğim burkuldu.,Я вывихнул(а) запястье.
1349,1349,Su borusu patladı.,Водопроводная труба лопнула.
1350,1350,Büyüklüğü tam olarak ölçmedim.,Я не измерил(а) размер точно.
1351,1351,Büyüleyici bir performans sergiledi.,Он/она показал(а) завораживающее выступление.
1352,1352,Civarda bir market var mı?,Есть ли поблизости магазин?
1353,1353,Hepimiz dahil olduk.,Мы все были вовлечены.
1354,1354,Davranışından memnun değilim.,Я недоволен(довольна) его/ее поведением.
1355,1355,Depozito olarak kapora yatırdık.,Мы внесли залог в качестве депозита.
1356,1356,Doğalgaz faturası çok yüksek geldi.,Счет за природный газ пришел очень высоким.
1357,1357,Döşemeleri temizlettim.,Я заказал(а) чистку обивки.
1358,1358,Durumun farkındayım.,Я в курсе ситуации.
1359,1359,Eğitim hayatı uzun sürdü.,Его/ее обучение длилось долго.
1360,1360,Emlak ofisi açtı.,Он/она открыл(а) агентство недвижимости.
1361,1361,Endişeli bir şekilde bekliyordu.,Он/она ждал(а) с беспокойством.
1362,1362,Etkisi hemen görüldü.,Эффект был виден сразу.
1363,1363,Faturayı ödedim.,Я оплатил(а) счет.
1364,1364,Fiyatlar çok yükselmiş.,Цены сильно выросли.
1365,1365,Bu aletin birden fazla fonksiyonu var.,Этот прибор имеет несколько функций.
1366,1366,Garip bir ses duydum.,Я услышал(а) странный звук.
1367,1367,Güvenlik kamerası kayıtları incelendi.,Были изучены записи с камер безопасности.
1368,1368,Halatı güzelce bağla.,Хорошо привяжи веревку.
1369,1369,Ham sebzeleri yıkadım.,Я помыл(а) сырые овощи.
1370,1370,Isıtma sistemi çalışmıyor.,Система отопления не работает.
1371,1371,Islak havluyu askıya as.,Повесь мокрое полотенце на вешалку.
1372,1372,İçerik analizi yapıyorum.,Я делаю анализ содержания.
1373,1373,İmdat! Yardım edin!,"Помогите! Кто-нибудь, помогите!"
1374,1374,İş bölümü yaparak çalıştık.,"Мы работали, разделив обязанности."
1375,1375,Banka işlemi uzun sürdü.,Банковская операция заняла много времени.
1376,1376,Jandarma köye geldi.,Жандармы приехали в деревню.
1377,1377,Kiralık bir daire arıyoruz.,Мы ищем квартиру в аренду.
1378,1378,Kombi bakım zamanı geldi.,Пришло время обслуживания котла.
1379,1379,Konumunuzu paylaşır mısınız?,Не могли бы вы поделиться своим местоположением?
1380,1380,İpek böceği kozasını ördü.,Шелкопряд сплел свой кокон.
1381,1381,Lavabo tıkandı.,Раковина засорилась.
1382,1382,Lüks bir otelde kaldık.,Мы остановились в роскошном отеле.
1383,1383,Masrafsız bir tatil planlıyoruz.,Мы планируем недорогой отпуск.
1384,1384,Mevki sahibi bir insan.,"Человек, занимающий высокое положение."
1385,1385,Bu muhit çok sakin.,Этот район очень спокойный.
1386,1386,Müstakil bir evde oturuyorlar.,Они живут в отдельном доме.
1387,1387,Nezih bir lokantada yemek yedik.,Мы поели в респектабельном ресторане.
1388,1388,Bu ürünün özelliklerini okudum.,Я прочитал(а) характеристики этого продукта.
1389,1389,Pazarlık yapmayı sever misin?,Ты любишь торговаться?
1390,1390,Pil bitti.,Батарейка села.
1391,1391,Sahip olduklarının kıymetini bil.,"Цени то, что у тебя есть."
1392,1392,Metni satır satır okudum.,Я прочитал(а) текст построчно.
1393,1393,Boru sızıntı yapıyor.,Труба протекает.
1394,1394,Sigorta poliçemi yeniledim.,Я продлил(а) свой страховой полис.
1395,1395,Şofbeni tamir ettirdim.,Я починил(а) водонагреватель.
1396,1396,Yeni tarife paketi aldım.,Я взял(а) новый тарифный пакет.
1397,1397,Taşınma günü çok yorucu geçti.,День переезда прошел очень утомительно.
1398,1398,Temeli sağlam atılmış bir bina.,Здание с прочным фундаментом.
1399,1399,Tesisatçıyı aramamız gerekiyor.,Нам нужно вызвать сантехника.
1400,1400,Tuhaf bir olay yaşadım.,Со мной произошло странное событие.
1401,1401,Elektrik tüketimimiz arttı.,Наше потребление электроэнергии возросло.
1402,1402,Toplu ulaşım kullanıyorum.,Я пользуюсь общественным транспортом.
1403,1403,Yeni ortama uyum sağladı.,Он/она адаптировался(ась) к новой среде.
1404,1404,Vali törende bir konuşma yaptı.,Губернатор выступил с речью на церемонии.
1405,1405,Su vanasını kapattım.,Я закрыл(а) водяной кран.
1406,1406,Gelir vergisi beyannamesi verdim.,Я подал(а) декларацию о подоходном налоге.
1407,1407,Ona karşı bir yakınlık hissediyorum.,Я чувствую к нему/ней близость.
1408,1408,İkizler yapışık doğmuştu.,Близнецы родились сросшимися.
1409,1409,Kuşlar yuva yapıyor.,Птицы вьют гнезда.
1410,1410,Benzine zam geldi.,На бензин повысили цену.
1411,1411,Gözyaşlarını akıttı,Она пролила слезы.
1412,1412,Atıştırmalık bir şeyler alalım mı?,Давай возьмем что-нибудь перекусить?
1413,1413,Para ayırdım,Я отложил деньги.
1414,1414,Çöpü boşalt,Вынеси мусор.
1415,1415,Ayak bileğimi burktum,Я подвернул лодыжку.
1416,1416,Fırsatı değerlendirdi,Он воспользовался возможностью.
1417,1417,Dikkat çekmek istemiyorum,Я не хочу привлекать внимания.
1418,1418,Başını eğdi,Он наклонил голову.
1419,1419,Çok para harcadım,Я потратил много денег.
1420,1420,Oda ısınıyor,Комната нагревается.
1421,1421,İşlerini ilerletmelisin,Тебе нужно продвигать свои дела.
1422,1422,Eski alışkanlıklarımdan kurtuldum,Я избавился от своих старых привычек.
1423,1423,Balon patladı,Воздушный шар лопнул.
1424,1424,Asansörde sıkıştım,Я застрял в лифте.
1425,1425,Çatı sızdırıyor,Крыша протекает.
1426,1426,Konuyu tartıştık,Мы обсудили тему.
1427,1427,Neden telaşlanıyorsun?,Почему ты суетишься?
1428,1428,Çayı kahveye tercih ederim,Я предпочитаю чай кофе.
1429,1429,Paketi teslim ettim,Я доставил посылку.
1430,1430,Borular tıkandı,Трубы засорились.
1431,1431,Bu sorunla uğraşıyorum,Я разбираюсь с этой проблемой.
1432,1432,Onun davranışını yadırgadım,Я был озадачен его поведением.
1433,1433,Aynada kendini yansıtıyor,Она отражает себя в зеркале.
1434,1434,Bana yardımcı oldu,Он помог мне.
1435,1435,Odunları yığdım,Я сложил дрова в кучу.
1436,1436,Zenginleşti,Он разбогател.
1437,1437,başının etini yemek,"Ситуация, когда кто-то надоедает постоянными просьбами, упреками или нытьем (""достать кого-либо"", ""пилить"")."
1438,1438,kalbini fethetmek,"Завоевать чью-то любовь, симпатию, расположить к себе."
1439,1439,Abur cubur yeme alışkanlığından vazgeçmelisin.,Тебе следует отказаться от привычки есть вредные перекусы.
1440,1440,Amacım iyi bir eğitim almak.,Моя цель — получить хорошее образование.
1441,1441,Ambalaj atıklarını ayrı bir torbaya koy.,Положи отходы упаковки в отдельный пакет.
1442,1442,Amiral filosuna komuta ediyor.,Адмирал командует флотом.
1443,1443,En büyük arzum dünyayı gezmek.,Мое самое большое желание — путешествовать по миру.
1444,1444,Asgari ücretle çalışıyor.,Он/она работает за минимальную заработную плату.
1445,1445,Aşağılama içeren sözler söyleme.,"Не произноси слова, содержащие унижение."
1446,1446,Aşırı yağlı yemekler sağlıksızdır.,Чрезмерно жирная пища вредна для здоровья.
1447,1447,Projenin ayrıntılarını konuşalım.,Давай обсудим детали проекта.
1448,1448,Azimle çalışarak başarıya ulaştı.,"Упорно работая, он/она достиг(ла) успеха."
1449,1449,Baskı altında iyi çalışamam.,Я не могу хорошо работать под давлением.
1450,1450,Başarı tesadüf değildir.,Успех — не случайность.
1451,1451,Makalenin başlığı ilgi çekici.,Заголовок статьи привлекает внимание.
1452,1452,Beklentilerim çok yüksek değil.,Мои ожидания не очень высоки.
1453,1453,İki kardeş arasında büyük bir benzerlik var.,Между двумя братьями/сестрами есть большое сходство.
1454,1454,Her birey özeldir.,Каждая личность уникальна.
1455,1455,Cazip bir teklif aldım.,Я получил(а) привлекательное предложение.
1456,1456,Çalışanların hakları korunmalı.,Права работников должны быть защищены.
1457,1457,Finans danışmanıma güveniyorum.,Я доверяю своему финансовому консультанту.
1458,1458,Programda değişiklik yapıldı.,В программу были внесены изменения.
1459,1459,Denizaltı suyun altında ilerliyor.,Подводная лодка движется под водой.
1460,1460,Hangi departmanda çalışıyorsun?,В каком отделе ты работаешь?
1461,1461,Ailem bana her konuda destek oluyor.,Моя семья поддерживает меня во всем.
1462,1462,Devlet vatandaşlarını korur.,Государство защищает своих граждан.
1463,1463,Dikiş makinesi kullanmayı biliyor musun?,Ты умеешь пользоваться швейной машинкой?
1464,1464,Doğrultusunda ilerleyelim.,Давай двигаться в этом направлении.
1465,1465,Dolgun dudakları var.,У него/нее полные губы.
1466,1466,Bu karar onun için bir dönüm noktası oldu.,Это решение стало поворотным моментом для него/нее.
1467,1467,Duruşun çok özgüvenli.,У тебя очень уверенная осанка.
1468,1468,Düşük kalorili besleniyorum.,Я придерживаюсь низкокалорийного питания.
1469,1469,Editör yazım hatalarını düzeltti.,Редактор исправил орфографические ошибки.
1470,1470,Eksiklikleri gidermek için çalışıyoruz.,Мы работаем над устранением недостатков.
1471,1471,Elverişsiz hava koşulları nedeniyle ertelendi.,Было отложено из-за неблагоприятных погодных условий.
1472,1472,Önümüzdeki engelleri aşmalıyız.,Мы должны преодолеть препятствия перед нами.
1473,1473,Engelli vatandaşlarımıza saygı duymalıyız.,Мы должны уважать наших граждан с ограниченными возможностями.
1474,1474,Etkileyici bir konuşma yaptı.,Он/она произнес(ла) впечатляющую речь.
1475,1475,Etkin bir yönetici arıyorlar.,Они ищут эффективного руководителя.
1476,1476,Kültürel farklılıklara saygı göstermeliyiz.,Мы должны уважать культурные различия.
1477,1477,Bu bir fırsat penceresi.,Это окно возможностей.
1478,1478,Firma yeni bir ürün tanıttı.,Компания представила новый продукт.
1479,1479,Fiziksel aktivite önemlidir.,Физическая активность важна.
1480,1480,Fizyolojik ihtiyaçlarımızı karşılamalıyız.,Мы должны удовлетворять свои физиологические потребности.
1481,1481,Geçici bir çözüm bulduk.,Мы нашли временное решение.
1482,1482,Gıda güvenliği çok önemli.,Безопасность продуктов питания очень важна.
1483,1483,Genç bir girişimci olarak kendi işini kurdu.,"Как молодой предприниматель, он/она основал(а) свой собственный бизнес."
1484,1484,Görev bilinciyle hareket ediyor.,Он/она действует с чувством долга.
1485,1485,Görünüm olarak çok şık bir bina.,Очень элегантное на вид здание.
1486,1486,Dış görünüş her şey değildir.,Внешность — не главное.
1487,1487,Gücümüzü birleştirmeliyiz.,Мы должны объединить наши силы.
1488,1488,Hedefime ulaşmak için çalışıyorum.,"Я работаю, чтобы достичь своей цели."
1489,1489,Müşteri hizmetleri çok iyiydi.,Обслуживание клиентов было очень хорошим.
1490,1490,Huylu huyundan vazgeçmez.,Горбатого могила исправит.
1491,1491,Yıl sonu ikramiyesi aldım.,Я получил(а) новогоднюю премию.
1492,1492,İştahımı kaybettim.,Я потерял(а) аппетит.
1493,1493,İtibarını korumak için çabalıyor.,Он/она старается сохранить свою репутацию.
1494,1494,Katkıların için teşekkür ederim.,Спасибо за твой вклад.
1495,1495,Kazancım yetmiyor.,Моего дохода не хватает.
1496,1496,Kıdemli bir mühendis olarak işe alındı.,Он/она был(а) принят(а) на работу в качестве старшего инженера.
1497,1497,Güçlü bir kişiliği var.,У него/нее сильная личность.
1498,1498,Konteynır limana geldi.,Контейнер прибыл в порт.
1499,1499,Korkunç bir rüya gördüm.,Мне приснился ужасный сон.
1500,1500,Liderlik vasıfları taşıyor.,Он/она обладает лидерскими качествами.
1501,1501,Maaşımı yatırdılar mı?,Мне перечислили зарплату?
1502,1502,Ailesi mandıracılık yapıyor.,Его/ее семья занимается молочным животноводством.
1503,1503,Müşteri memnuniyetsizliği yaşıyoruz.,Мы сталкиваемся с недовольством клиентов.
1504,1504,Metabolizma hızı yaşa göre değişir.,Скорость метаболизма меняется с возрастом.
1505,1505,Nakış işlemeyi annemden öğrendim.,Я научился(ась) вышиванию у моей мамы.
1506,1506,Organizasyon yeteneği yüksek.,У него/нее высокие организаторские способности.
1507,1507,Çalışma ortamı çok gürültülü.,Рабочая обстановка очень шумная.
1508,1508,Bu öğe listeye eklendi.,Этот элемент был добавлен в список.
1509,1509,Örgütün temel amacı eğitim.,Основная цель организации — образование.
1510,1510,Özenli bir şekilde paketlenmiş.,Тщательно упаковано.
1511,1511,Bu ona özgü bir davranış.,"Это поведение, свойственное только ему/ей."
1512,1512,İki cadde birbirine paralel.,Две улицы параллельны друг другу.
1513,1513,Parlak bir fikrim var.,У меня есть блестящая идея.
1514,1514,Performans değerlendirmesi yapılacak.,Будет проведена оценка эффективности.
1515,1515,Planlama aşaması uzun sürdü.,Этап планирования занял много времени.
1516,1516,İşin püf noktası sabırlı olmak.,"Секрет работы в том, чтобы быть терпеливым."
1517,1517,Rastgele bir sayı seç.,Выбери случайное число.
1518,1518,Bu tamamen bir rastlantıydı.,Это была полная случайность.
1519,1519,Risk almak bazen gereklidir.,Иногда необходимо рисковать.
1520,1520,Saklı cennetleri keşfetmeyi severim.,Я люблю открывать для себя потаенные райские уголки.
1521,1521,Saygın bir bilim insanı.,Уважаемый ученый.
1522,1522,Sorumlu olduğun işleri zamanında bitir.,"Выполняй вовремя работу, за которую ты отвечаешь."
1523,1523,Sürekli gelişim içindeyiz.,Мы находимся в постоянном развитии.
1524,1524,Şartları kabul etmiyorum.,Я не принимаю условия.
1525,1525,Müşteri şikâyetçi oldu.,Клиент пожаловался.
1526,1526,Tanıdık bir yüz gördüm.,Я увидел(а) знакомое лицо.
1527,1527,Bu tanım çok geniş.,Это определение слишком широкое.
1528,1528,Toptancıdan mal alıyoruz.,Мы покупаем товар у оптовика.
1529,1529,Giyme tarzını beğeniyorum.,Мне нравится твой стиль одежды.
1530,1530,Tehlike anında sakin kalmalıyız.,В момент опасности мы должны сохранять спокойствие.
1531,1531,İş temposu çok yüksek.,Темп работы очень высокий.
1532,1532,Usulüne uygun şekilde yapıldı.,Было сделано в соответствии с процедурой.
1533,1533,Ücra bir köyde yaşıyor.,Он/она живет в отдаленной деревне.
1534,1534,Ümit etmekten vazgeçme.,Не переставай надеяться.
1535,1535,Verimsiz topraklarda tarım yapılmaz.,На неплодородных землях земледелие не ведется.
1536,1536,Yaradılış olarak çok iyidir.,Он/она очень добр(а) по натуре.
1537,1537,Yaşayış tarzına saygı duyuyorum.,Я уважаю твой образ жизни.
1538,1538,Kendimi yenik hissediyorum.,Я чувствую себя побежденным.
1539,1539,Yenilikçi fikirler üretiyor.,Он/она генерирует инновационные идеи.
1540,1540,Doğuştan gelen bir yeteneği var.,У него/нее врожденный талант.
1541,1541,Yetişkin bir birey olarak karar vermelisin.,"Как взрослый человек, ты должен(должна) принимать решения."
1542,1542,Zahmetli bir işi başardı.,Он/она справился(ась) с трудоемкой работой.
1543,1543,Aklımdan geçirdim,Я подумал про себя.
1544,1544,Onu aklıma getirdin,Ты напомнил мне о нем.
1545,1545,Ayağım aksıyor,Я хромаю на ногу.
1546,1546,Onu anımsadın mı?,Ты вспомнил его?
1547,1547,Sınırı aştık,Мы пересекли границу.
1548,1548,Ne hakkında bahsediyorsun?,О чем ты говоришь?
1549,1549,Tarihi belirlemeliyiz,Нам нужно определить дату.
1550,1550,Ne yapacağım konusunda bocalıyorum,"Я мечусь, не зная что делать."
1551,1551,Sormaya cesaret etti,Он осмелился спросить.
1552,1552,Verileri depoladık,Мы сохранили данные.
1553,1553,Ona dokunma!,Не трогай его!
1554,1554,Tırtıl kelebeğe dönüştü,Гусеница превратилась в бабочку.
1555,1555,Film eleştirdi,Он раскритиковал фильм.
1556,1556,Yeteneklerini geliştirmelisin,Тебе нужно развивать свои способности.
1557,1557,Bu iş sabır gerektirir,Эта работа требует терпения.
1558,1558,Onu görevlendirdiler,Его назначили на должность.
1559,1559,Koyun güdüyor,Он пасет овец.
1560,1560,Tasarımı ilgi çekti,Дизайн привлек внимание.
1561,1561,Sözleşmeye imza attım,Я подписал контракт.
1562,1562,Bana izin verdi,Он разрешил мне.
1563,1563,Risklere kaçınmak gerek,Нужно избегать рисков.
1564,1564,Teorisini kanıtladı,Он доказал свою теорию.
1565,1565,Kendini kitaba kaptırdı,Он увлекся книгой.
1566,1566,Kalbi kırıldı,Его сердце было разбито.
1567,1567,Çadır kurduk,Мы поставили палатку.
1568,1568,Onu kurtardı,Он спас его.
1569,1569,Takımı motive etti,Он мотивировал команду.
1570,1570,Sırrını onunla paylaştı,Она поделилась с ним своей тайной.
1571,1571,Yardım rica ettim,Я попросил о помощи.
1572,1572,İhtiyacımızı sağladı,Он обеспечил наши потребности.
1573,1573,Sayfalardan birini say,Пересчитай одну из страниц.
1574,1574,Kazadan sıyrıldı,Он вышел сухим из аварии.
1575,1575,Sözümü tutarım,Я сдержу свое слово.
1576,1576,Gürültüden şikayet ettik,Мы пожаловались на шум.
1577,1577,Terimi tanımla,Объясни термин.
1578,1578,Enerjimi tükettim,Я израсходовал свою энергию.
1579,1579,Hedefimize ulaştık,Мы достигли нашей цели.
1580,1580,Tehlikeden uzaklaştık,Мы отдалились от опасности.
1581,1581,Yol uzadı,Путь удлинился.
1582,1582,Harika bir şey yarattı,Он создал нечто замечательное.
1583,1583,Odayı yeniledik,Мы обновили комнату.
1584,1584,Güneş perdeyi yıprattı,Солнце выцветило занавеску.
1585,1585,Bu durum sorunlara yol açabilir,Эта ситуация может привести к проблемам.
1586,1586,Şirketi yönetiyor,Он управляет компанией.
1587,1587,Öğrencileri yönlendiriyor,Он направляет студентов.
1588,1588,Onu yücelttiler,Они возвеличили его.
1589,1589,Sesi yükseltti,Он повысил голос.
1590,1590,Beni zorlama,Не заставляй меня.
1591,1591,İşi zorlaştırma,Не усложняй работу.
1592,1592,Adalet herkes için olmalı.,Справедливость должна быть для всех.
1593,1593,Akılcı bir çözüm bulmalıyız.,Мы должны найти рациональное решение.
1594,1594,Akik taşından bir yüzük aldım.,Я купил(а) кольцо из агата.
1595,1595,Akuamarin taşı deniz mavisi rengindedir.,Камень аквамарин имеет цвет морской волны.
1596,1596,Ametist mor renkli bir taştır.,Аметист — фиолетовый камень.
1597,1597,Düzenli antrenman yapıyorum.,Я регулярно тренируюсь.
1598,1598,Arkeoloji ilgimi çekiyor.,Археология меня интересует.
1599,1599,Aytaşı takılar çok zarif duruyor.,Украшения из лунного камня выглядят очень изящно.
1600,1600,Bacayı temizlettik.,Мы почистили дымоход.
1601,1601,Bu bağlamda söylüyorum.,Говорю в этом контексте.
1602,1602,Bahane üretmeyi bırak.,Перестань придумывать оправдания.
1603,1603,Başkan toplantıya başkanlık etti.,Председатель вел собрание.
1604,1604,Bereketli topraklarda yetişiyor.,Он растет на плодородных землях.
1605,1605,Berrak bir su kaynağı bulduk.,Мы нашли чистый источник воды.
1606,1606,Biçim olarak mükemmel.,С точки зрения формы — идеально.
1607,1607,Kimyasal bileşimini inceledik.,Мы изучили его химический состав.
1608,1608,Biyokimya laboratuvarında çalışıyor.,Он/она работает в биохимической лаборатории.
1609,1609,Boyut olarak biraz büyük geldi.,По размеру немного великовато.
1610,1610,Böbrekler sağlığımız için önemlidir.,Почки важны для нашего здоровья.
1611,1611,Cesaret toplayıp adım attı.,Он/она собрал(а) смелость и сделал(а) шаг.
1612,1612,Yolda derin bir çukur var.,На дороге глубокая яма.
1613,1613,Çuvaldızı iplikle geçirdi.,Он/она продет(ла) нитку в иглу.
1614,1614,Çürük dişimi çektirdim.,Я удалил(а) свой больной зуб.
1615,1615,Ağacın dalı kırıldı.,Ветка дерева сломалась.
1616,1616,Dalak vücudun önemli bir organıdır.,Селезенка — важный орган тела.
1617,1617,Davetli listesini kontrol ettim.,Я проверил(а) список приглашенных.
1618,1618,Denizci olmak istiyor.,Он/она хочет быть моряком.
1619,1619,Dinç bir insan her gün yürüyüş yapar.,Бодрый человек каждый день гуляет.
1620,1620,Diyetisyenden randevu aldım.,Я записался(ась) на прием к диетологу.
1621,1621,Doçentlik sınavına hazırlanıyor.,Он/она готовится к экзамену на доцента.
1622,1622,Doğurganlık çağındaki kadınlara yönelik programlar var.,Есть программы для женщин детородного возраста.
1623,1623,Yeni bir döneme giriyoruz.,Мы вступаем в новую эпоху.
1624,1624,Yaşlı ve düşkün bir adamdı.,Он был пожилым и немощным.
1625,1625,Düzensizlik her yerdeydi.,Беспорядок был повсюду.
1626,1626,Empati kurmak iletişimi güçlendirir.,Проявление эмпатии укрепляет общение.
1627,1627,Federasyon başkanı açıklama yaptı.,Президент федерации сделал заявление.
1628,1628,Felç geçirdikten sonra fizik tedavi görüyor.,После перенесенного инсульта он/она проходит физиотерапию.
1629,1629,Gelin çok güzel görünüyordu.,Невеста выглядела очень красивой.
1630,1630,Genler hastalıkların taşınmasında rol oynar.,Гены играют роль в передаче заболеваний.
1631,1631,Genetik yapımız bizi etkiler.,Наша генетическая структура влияет на нас.
1632,1632,Gerekçesini açıklamadı.,Он/она не объяснил(а) причину.
1633,1633,Gergin bir ortam vardı.,Была напряженная обстановка.
1634,1634,Görüşlerinizi merak ediyorum.,Мне интересно ваше мнение.
1635,1635,Hamilelik dönemi özel bir süreçtir.,Период беременности — особый процесс.
1636,1636,Hamuru yoğurup mayaladım.,Я замесил(а) тесто и поставил(а) на дрожжи.
1637,1637,Hatmi çiçeği şurubu öksürüğe iyi gelir.,Сироп из цветков алтея помогает от кашля.
1638,1638,Hormon dengesi bozuldu.,Гормональный баланс нарушился.
1639,1639,Hücre yapısı çok karmaşıktır.,Клеточная структура очень сложна.
1640,1640,Issız bir adaya düştüler.,Они попали на необитаемый остров.
1641,1641,İlerleme kaydediyoruz.,Мы добиваемся прогресса.
1642,1642,İyimserlik başarıyı getirir.,Оптимизм приносит успех.
1643,1643,Kalite kontrol testinden geçti.,Он/а прошла контроль качества.
1644,1644,Kaplıcaya gitmek istiyoruz.,Мы хотим поехать на термальный курорт.
1645,1645,Karaciğer yağlanması tehlikeli olabilir.,Ожирение печени может быть опасным.
1646,1646,Karanfil kokusunu çok severim.,Я очень люблю запах гвоздики.
1647,1647,Karbonhidrat enerji kaynağıdır.,Углеводы являются источником энергии.
1648,1648,Kas ağrılarım var.,У меня мышечные боли.
1649,1649,Keçe yapımını öğreniyorum.,Я учусь валянию войлока.
1650,1650,Keyfim yerinde değil.,Я не в настроении.
1651,1651,Kısırlık tedavisi görüyorlar.,Они проходят лечение от бесплодия.
1652,1652,Kibir insanı yalnızlaştırır.,Гордыня изолирует человека.
1653,1653,Komite kararını açıkladı.,Комитет объявил свое решение.
1654,1654,Uluslararası bir konferans düzenlenecek.,Будет организована международная конференция.
1655,1655,Konsantrasyon sorunu yaşıyorum.,У меня проблемы с концентрацией.
1656,1656,Kraliyet ailesi halk tarafından seviliyor.,Королевская семья любима народом.
1657,1657,Baldırıma kramp girdi.,У меня свело икру ноги.
1658,1658,Kulübede yaşamayı hayal ediyor.,Он/она мечтает жить в хижине.
1659,1659,Kuşkusuz en iyi seçenek bu.,"Бесспорно, это лучший вариант."
1660,1660,Kuvars kristali çok güzeldi.,Кристалл кварца был очень красивым.
1661,1661,Lifli gıdalar sağlıklıdır.,Пищевые волокна полезны для здоровья.
1662,1662,Lohusa döneminde dinlenmek önemlidir.,В послеродовой период важно отдыхать.
1663,1663,Mantık yürütme becerisi gelişmiş.,У него/нее развиты навыки логического рассуждения.
1664,1664,Mecburiyet nedeniyle katıldım.,Я принял(а) участие по необходимости.
1665,1665,Metni dikkatlice okudum.,Я внимательно прочитал(а) текст.
1666,1666,Mineraller vücudumuz için gereklidir.,Минералы необходимы нашему организму.
1667,1667,Su molekülü H2O'dur.,Молекула воды — H2O.
1668,1668,Nalın geleneksel bir ayakkabıdır.,Налин — традиционная обувь.
1669,1669,Nazara inanır mısın?,Ты веришь в сглаз?
1670,1670,Nüfus artışı devam ediyor.,Прирост населения продолжается.
1671,1671,Obezite ciddi bir sağlık sorunudur.,Ожирение — серьезная проблема здоровья.
1672,1672,Çok obur bir çocuk.,Очень прожорливый ребенок.
1673,1673,Başarı oranı yüksek.,Уровень успеха высокий.
1674,1674,Ortalama sıcaklık arttı.,Средняя температура повысилась.
1675,1675,Oyun oynamayı çok severim.,Я очень люблю играть в игры.
1676,1676,Günde üç öğün yemek yiyorum.,Я ем три раза в день.
1677,1677,Özgün bir sanat eseri.,Уникальное произведение искусства.
1678,1678,Özgüveni yüksek bir insan.,Человек с высокой самооценкой.
1679,1679,Hamamda peştamal kullanılır.,В бане используют пештамаль.
1680,1680,Kan pıhtısı tehlikeli olabilir.,Тромб может быть опасен.
1681,1681,Pişmanlık duyuyorum.,Я сожалею.
1682,1682,Prensip olarak kabul etmiyorum.,Я не принимаю это в принципе.
1683,1683,Radyasyondan korunmak önemlidir.,Важно защищаться от радиации.
1684,1684,Rakamlar tutmuyor.,Цифры не сходятся.
1685,1685,Tur rehberi bize bilgi verdi.,Гид дал нам информацию.
1686,1686,Dünya rekoru kırdı.,Он/она установил(а) мировой рекорд.
1687,1687,Röportaj yapmayı seviyorum.,Я люблю брать интервью.
1688,1688,Sayesinde başardık.,Благодаря ему/ей мы добились успеха.
1689,1689,Sezgilerime güvenirim.,Я доверяю своей интуиции.
1690,1690,Sıkıntılı bir durumdayım.,Я нахожусь в затруднительном положении.
1691,1691,Sobayı yaktık.,Мы растопили печь.
1692,1692,Süreci anlamak için zaman gerekli.,"Чтобы понять процесс, нужно время."
1693,1693,Sürme badem yemeyi severim.,Я люблю есть миндаль в скорлупе.
1694,1694,Şaşırtıcı bir haber aldık.,Мы получили удивительные новости.
1695,1695,Anne şefkati tarifsizdir.,Материнская нежность неописуема.
1696,1696,Şifa bulmak için dua ediyor.,"Он/она молится, чтобы исцелиться."
1697,1697,Şömine başında oturup sohbet ettik.,Мы сидели у камина и разговаривали.
1698,1698,Tansiyonumu ölçtürdüm.,Я измерил(а) свое давление.
1699,1699,Tarçın çubuğu çaya koydum.,Я положил(а) палочку корицы в чай.
1700,1700,Tasarruf yapmak için plan yapıyoruz.,"Мы составляем план, чтобы экономить."
1701,1701,Tedavi olmak için hastaneye yattı.,Он/она лег(ла) в больницу для лечения.
1702,1702,Tedbir almak zorundayız.,Мы должны принять меры.
1703,1703,Tere otunu salataya doğradım.,Я нарезал(а) кресс-салат в салат.
1704,1704,Tıp alanında çalışmak istiyor.,Он/она хочет работать в области медицины.
1705,1705,Tiroit bezleri hormon salgılar.,Щитовидная железа выделяет гормоны.
1706,1706,Toplum olarak dayanışmalıyız.,"Как общество, мы должны быть солидарны."
1707,1707,Tutanak tutuldu.,Был составлен протокол.
1708,1708,Tutsakları serbest bıraktılar.,Они освободили пленников.
1709,1709,Başarılı bir tüccar oldu.,Он стал успешным торговцем.
1710,1710,Uğraş olarak marangozluk yapıyor.,Он занимается столярным делом как хобби.
1711,1711,Uğur getirsin.,Пусть принесет удачу.
1712,1712,Uzman görüşüne başvurduk.,Мы обратились за экспертным заключением.
1713,1713,Virüs bilgisayarıma bulaştı.,Вирус заразил мой компьютер.
1714,1714,Yaratıcılık çok önemli bir yetenektir.,Креативность — очень важный талант.
1715,1715,Yaşantısı çok ilginç.,Его/ее жизнь очень интересна.
1716,1716,Yayınevi yeni bir kitap çıkardı.,Издательство выпустило новую книгу.
1717,1717,Yeşim taşından bir kolyem var.,У меня есть ожерелье из нефрита.
1718,1718,Zencefil çayı soğuk algınlığına iyi gelir.,Имбирный чай помогает при простуде.
1719,1719,Üretimi artırdık,Мы увеличили производство.
1720,1720,Yeni fikri benimsedi,Он принял новую идею.
1721,1721,Konuyu berraklaştırdı,Он прояснил вопрос.
1722,1722,İlaç etki etti,Лекарство подействовало.
1723,1723,Hayalim gerçekleşti,Моя мечта осуществилась.
1724,1724,Önemli bir görev aldı,Он взял на себя важную задачу.
1725,1725,Yüksek hedefliyor,Он ставит высокие цели.
1726,1726,İşinden istifa etti,Он уволился с работы.
1727,1727,Tatile çıktı,Он ушел в отпуск.
1728,1728,Gerçeği kabullendi,Он принял правду.
1729,1729,Biraz tuz kat,Добавь немного соли.
1730,1730,Ailesine kavuştu,Он воссоединился со своей семьей.
1731,1731,Durum netleşti,Ситуация прояснилась.
1732,1732,Adresi not ettim,Я записал адрес.
1733,1733,İşine odaklan,Сосредоточься на своей работе.
1734,1734,Sırtını ov,Потри ему спину.
1735,1735,Kan pıhtılaştı,Кровь свернулась.
1736,1736,Orada saklanıyor,Он прячется там.
1737,1737,Şifayı kaptım,Я подхватил простуду.
1738,1738,Bilgilerimi tazeledim,Я освежил свои знания.
1739,1739,Hikayeyi uyarladılar,Они адаптировали историю.
1740,1740,Bu ilaç yaradı,Это лекарство помогло.
1741,1741,Dosyaları yedekledim,Я сделал резервную копию файлов.
1742,1742,Umudunu yitirme,Не теряй надежду.
1743,1743,Anahtarlarım yitti,Мои ключи пропали.
1744,1744,Beni yüreklendirdi,Он ободрил меня.
1745,1745,açıklığa kavuşmak,"Ситуация, когда что-то неясное становится понятным, разрешается (о тайне, деле, проблеме)."
1746,1746,ayakta kalmak,"Устоять в трудностях, выжить в конкурентной борьбе, не сдаться."
1747,1747,can pazarı,"Критическая, опасная для жизни ситуация; отчаянная борьба за выживание."
1748,1748,dizini dövmek,"Сильно сожалеть о чем-то упущенном, безвозвратно ушедшем (""бить себя по коленкам"")."
1749,1749,enine boyuna,"Действие, сделанное очень тщательно, всесторонне, во всех деталях (обдумать, исследовать)."
1750,1750,güzellik salonu,"Место, куда ходят для ухода за внешностью: парикмахерская, салон красоты."
1751,1751,kabuklu yemiş,"Общее название для орехов (фундук, грецкий, арахис) и семечек."
1752,1752,kafa karışıklığı,"Состояние растерянности, непонимания, когда мысли путаются."
1753,1753,katkı maddesi,"Пищевые добавки (консерванты, красители) в продуктах."
1754,1754,keyfine varmak,"Полностью наслаждаться моментом, отдыхом, едой."
1755,1755,keyfini çıkarmak,"То же, что ""keyfine varmak"" – получать удовольствие."
1756,1756,masaya yatırmak,"Всесторонне и серьезно обсуждать проблему, проект на собрании."
1757,1757,yaşam koçu,"Специалист, помогающий ставить цели и улучшать качество жизни."
1758,1758,Algılarımız bizi yanıltabilir.,Наше восприятие может обманывать нас.
1759,1759,Anadili Türkçe olan biriyle konuşuyorum.,"Я разговариваю с человеком, для которого турецкий родной."
1760,1760,Analiz sonuçlarını bekliyoruz.,Мы ждем результатов анализа.
1761,1761,Bütün gün ayakta çalıştım.,Я проработал(а) весь день на ногах.
1762,1762,Bağlılık her ilişkinin temelidir.,Преданность — основа любых отношений.
1763,1763,Belirgin bir fark var.,Есть заметная разница.
1764,1764,Bilgi çağında yaşıyoruz.,Мы живем в информационную эпоху.
1765,1765,Çizelgeyi duvara astık.,Мы повесили график на стену.
1766,1766,Kelime dağarcığımı geliştirmeliyim.,Мне нужно расширить свой словарный запас.
1767,1767,Dağcılık sporu yapıyorum.,Я занимаюсь альпинизмом.
1768,1768,Denge kurmak önemlidir.,Важно находить баланс.
1769,1769,Dolayısıyla bu kararı vermeliyiz.,Следовательно мы должны принять это решение.
1770,1770,Hayatında yeni bir dönemeçte.,Он/она находится на новом жизненном перепутье.
1771,1771,Gerçekçi olmak lazım.,Нужно быть реалистом.
1772,1772,Hâkim davaya baktı.,Судья рассмотрел дело.
1773,1773,Haritada yerimizi bulduk.,Мы нашли наше место на карте.
1774,1774,Bu alet çok işe yarar.,Этот инструмент очень полезен.
1775,1775,Bu cihazın birden fazla işlevi var.,Этот прибор имеет несколько функций.
1776,1776,Küçük bir jest yaptı.,Он/она сделал(а) небольшой жест.
1777,1777,Koordinasyon becerileri iyi.,Навыки координации хорошие.
1778,1778,Mekanizma çok karmaşık.,Механизм очень сложный.
1779,1779,Aramızdaki mesafe arttı.,Расстояние между нами увеличилось.
1780,1780,Mimikleriyle her şeyi anlatıyor.,Он/она все рассказывает своей мимикой.
1781,1781,Rafı monte ettim.,Я собрал(а) полку.
1782,1782,Mümkün olan en kısa sürede gel.,Приди как можно скорее.
1783,1783,Ölçüm yapmak için alet gerekli.,Для проведения измерений нужен прибор.
1784,1784,Ölçütlerimiz net olmalı.,Наши критерии должны быть четкими.
1785,1785,Platforma doğru ilerleyin.,Продвигайтесь к платформе.
1786,1786,Potansiyelini kullanmıyor.,Он/она не использует свой потенциал.
1787,1787,Siyaset hakkında konuşmayı sevmem.,Я не люблю говорить о политике.
1788,1788,Somut bir kanıt göstermelisin.,Ты должен(должна) предоставить конкретное доказательство.
1789,1789,Soyut kavramları anlamak zordur.,Понять абстрактные понятия трудно.
1790,1790,Strateji geliştirmeliyiz.,Мы должны разработать стратегию.
1791,1791,Süngerli bir zemin.,Губчатая поверхность.
1792,1792,Tablo çok anlamlı.,Картина очень многозначительна.
1793,1793,Çocuklar tekerleme söylüyor.,Дети говорят скороговорки.
1794,1794,Telaffuzunda küçük bir hata var.,В твоем произношении небольшая ошибка.
1795,1795,İşinde ustalık kazanmış.,Он/она достиг(ла) мастерства в своем деле.
1796,1796,Uyumlu bir çift gibiler.,Они похожи на гармоничную пару.
1797,1797,Uzayın derinliklerini merak ediyorum.,Мне интересны глубины космоса.
1798,1798,Üretken bir yazarsın.,Ты продуктивный писатель.
1799,1799,Varlığımız kıymetli.,Наше существование ценно.
1800,1800,Veri güvenliği çok önemli.,Защита данных очень важна.
1801,1801,Verimli bir toplantıydı.,Это было продуктивное собрание.
1802,1802,Yaklaşımını beğendim.,Мне понравился твой подход.
1803,1803,Yokuş yukarı çıktık.,Мы поднялись в гору.
1804,1804,Yorucu bir gündü.,Это был утомительный день.
1805,1805,Zekâsına hayran kaldım.,Я восхитился(ась) его/ее умом.
1806,1806,Zihnim çok meşgul.,Мой разум очень занят.
1807,1807,Bu konuya ağırlık veriyor,Он уделяет большое внимание этому вопросу.
1808,1808,Tehlikeleri algılamalıyız,Мы должны распознавать опасности.
1809,1809,Ayrılmak zorundayım,Мне нужно уйти.
1810,1810,Dikiş tutturmak zor,Трудно сделать строчку.
1811,1811,Halini hatırını sormak lazım,Нужно поинтересоваться его делами.
1812,1812,Resmi bir istekte bulunduk,Мы подали официальный запрос.
1813,1813,Sorun bundan kaynaklanıyor,Проблема возникает из-за этого.
1814,1814,Yeteneğini köreltme,Не давай своему таланту заржаветь.
1815,1815,Bu bana çok pahalıya mâl oldu,Это обошлось мне очень дорого.
1816,1816,Mantık yürütüyor,Он рассуждает логически.
1817,1817,Kaza nasıl meydana geldi?,Как произошел несчастный случай?
1818,1818,Sebebi saptadık,Мы установили причину.
1819,1819,Ateş söndü,Огонь погас.
1820,1820,Hatayı tespit ettim,Я обнаружил ошибку.
1821,1821,Filmde yer aldı,Он снялся в фильме.
1822,1822,Metni yorumladı,Он истолковал текст.
1823,1823,alameti farika,"Отличительная, характерная черта, особенность кого-то или чего-то."
1824,1824,bakış açısı,"Точка зрения, угол зрения на какую-либо проблему."
1825,1825,beden dili,"Невербальное общение через жесты, позы, мимику."
1826,1826,ilgi alanı,"Сфера, тема, которая человеку интересна (хобби, профессиональная область)."
1827,1827,Anonim bir mektup aldım.,Я получил(а) анонимное письмо.
1828,1828,Çekirge sürüsü ekinlere zarar verdi.,Саранча нанесла ущерб посевам.
1829,1829,Detoks programı uyguluyorum.,Я прохожу программу детоксикации.
1830,1830,Karamsarlık bulaşıcıdır.,Пессимизм заразен.
1831,1831,Meteliksiz kaldım.,Я остался(ась) без гроша.
1832,1832,Piyango çıktı mı?,Выиграл ли кто-нибудь в лотерею?
1833,1833,Slogan çok akılda kalıcı.,Слоган очень запоминающийся.
1834,1834,Şerit değiştirirken dikkatli ol.,Будь осторожен при смене полосы.
1835,1835,Talihsiz bir olay yaşadı.,С ним/ней произошел неудачный случай.
1836,1836,Yüzünde hafif bir tebessüm vardı.,На его/ее лице была легкая улыбка.
1837,1837,Tekne ile gezintiye çıktık.,Мы отправились на прогулку на лодке.
1838,1838,Teoriyi pratiğe dökmek gerek.,Теорию нужно применять на практике.
1839,1839,Bu bir tesadüf olamaz.,Это не может быть случайностью.
1840,1840,Toksinlerden arınmak için su iç.,"Пей воду, чтобы очиститься от токсинов."
1841,1841,Şehir turuna çıktık.,Мы отправились на городскую экскурсию.
1842,1842,Yonca yapraklı bir kolye aldım.,Я купил(а) ожерелье с листом клевера.
1843,1843,Arınmak için ormana gitti,"Он пошел в лес, чтобы очиститься."
1844,1844,Bu gürültü beni çıldırtıyor,Этот шум сводит меня с ума.
1845,1845,İşten hâlsiz kaldım,Я обессилел после работы.
1846,1846,Hayal kurmayı severim,Я люблю мечтать.
1847,1847,Meyveler olgunlaştı,Фрукты созрели.
1848,1848,Öfkelenince bağırır,"Он кричит, когда злится."
1849,1849,batıl inanç,"Суеверие, например, вера в приметы, черную кошку."
1850,1850,can atmak,"Очень сильно хотеть чего-либо, жаждать."
1851,1851,gözden çıkarmak,"Смириться с потерей чего-либо, отказаться от чего-то, признав бесперспективным."
1852,1852,iç hesaplaşma,"Внутренняя борьба с собой, самоанализ, попытка разобраться в своих чувствах."
1853,1853,içini çekmek,"Вздыхать, часто от грусти, тоски или облегчения."
1854,1854,konsantre olmak,"Сосредоточиться на задаче, не отвлекаться."
1855,1855,tadını çıkarmak,"Наслаждаться чем-либо (отдыхом, моментом, едой)."
1856,1856,vicdan meselesi,"Ситуация, требующая нравственного выбора, вопрос совести."
1857,1857,Ağırlama için teşekkür ederiz.,Спасибо за гостеприимство.
1858,1858,Ahretlik bir arkadaşım var.,У меня есть закадычный друг.
1859,1859,Anayasayı ihlal etmiş.,Он/она нарушил(а) конституцию.
1860,1860,Son aşamaya geldik.,Мы подошли к последнему этапу.
1861,1861,Çok atılgan bir insan.,Очень решительный человек.
1862,1862,Bağımsız bir ülke için savaştılar.,Они боролись за независимую страну.
1863,1863,Bazlama yapmayı annemden öğrendim.,Я научился(ась) готовить бозламу у моей мамы.
1864,1864,Temel birim metredir.,Основная единица измерения — метр.
1865,1865,Kimyasal birleşimini incelediler.,Они изучили его химический состав.
1866,1866,Bürokratik işlemler çok uzun sürüyor.,Бюрократические процедуры занимают очень много времени.
1867,1867,Cıvıl cıvıl bir pazar yeri.,Оживленный рынок.
1868,1868,Çarpıcı bir haber.,Шокирующая новость.
1869,1869,Kişisel çıkar gözetmiyor.,Он/она не преследует личную выгоду.
1870,1870,Ekonomik kriz herkesi etkiledi.,Экономический кризис затронул всех.
1871,1871,Felaket bölgesine yardım götürdüler.,Они доставили помощь в район бедствия.
1872,1872,Göletin suyu çok berrak.,Вода в пруду очень чистая.
1873,1873,Bu bir görenek haline geldi.,Это стало обычаем.
1874,1874,Harem bölümü ziyarete kapalıydı.,Гаремная часть была закрыта для посещения.
1875,1875,Sıtma hummasına yakalandı.,Он/она заболел(а) малярийной лихорадкой.
1876,1876,Huzur içinde yaşıyor.,Он/она живет в мире и спокойствии.
1877,1877,İbadet için camiye gitti.,Он/она пошел(шла) в мечеть для молитвы.
1878,1878,İçtenlikle teşekkür ediyorum.,Я искренне благодарю.
1879,1879,İfade özgürlüğü önemlidir.,Свобода слова важна.
1880,1880,Konuya olan ilginizi merak ediyorum.,Мне интересен ваш интерес к теме.
1881,1881,İşteş fiiller Türkçede önemlidir.,Взаимные глаголы важны в турецком языке.
1882,1882,Karşılıklı saygı esastır.,Взаимное уважение важно.
1883,1883,Olaylara kayıtsız kalamam.,Я не могу оставаться равнодушным к событиям.
1884,1884,İçinde kin besliyor.,Он/она питает злобу.
1885,1885,Kişisel eşyalarını topla.,Собери свои личные вещи.
1886,1886,Külü temizledim.,Я убрал(а) пепел.
1887,1887,Mangal yakıp et pişirdik.,Мы разожгли мангал и приготовили мясо.
1888,1888,Muhtaç insanlara yardım etmeliyiz.,Мы должны помогать нуждающимся.
1889,1889,Bu bir eğitim müessesesi.,Это учебное заведение.
1890,1890,Nadiren sinemaya giderim.,Я редко хожу в кино.
1891,1891,Nefret söylemi kabul edilemez.,Язык ненависти неприемлем.
1892,1892,Sağlık en büyük nimettir.,Здоровье — величайшее благо.
1893,1893,Öğretim yılı başladı.,Учебный год начался.
1894,1894,Ölçülü olmak her şeyde iyidir.,Быть умеренным хорошо во всем.
1895,1895,Önlem almak şart.,Необходимо принять меры.
1896,1896,Cümlenin öznesi benim.,Подлежащее предложения — я.
1897,1897,Platonik bir aşk yaşıyor.,Он/она переживает платоническую любовь.
1898,1898,Meyve posasını attım.,Я выбросил(а) фруктовый жмых.
1899,1899,Biraz sakar bir çocuk.,Немного неуклюжий ребенок.
1900,1900,Samimiyetine inanıyorum.,Я верю в твою искренность.
1901,1901,Sanık duruşmada ifade verdi.,Обвиняемый дал показания в суде.
1902,1902,Selamlık bölümü erkeklere aitti.,Мужская часть (селямлык) предназначалась для мужчин.
1903,1903,Seminer çok faydalı geçti.,Семинар прошел очень полезно.
1904,1904,Sevecenlikle karşılandık.,Нас встретили с доброжелательностью.
1905,1905,En yakın sırdaşımdır.,Он/она мой самый близкий доверенный человек.
1906,1906,Sistem çöktü.,Система вышла из строя.
1907,1907,Sohbet etmek için zaman ayırdık.,"Мы выделили время, чтобы пообщаться."
1908,1908,Soyadınız nedir?,Как ваша фамилия?
1909,1909,Sülalemiz bu köye yerleşmiş.,Наш род поселился в этой деревне.
1910,1910,Tandır ekmeği yapmayı severim.,Я люблю готовить тандырный хлеб.
1911,1911,Temel unsur güvendir.,Основной элемент — доверие.
1912,1912,Üstünlük taslama.,Не веди себя высокомерно.
1913,1913,Vefa duygusu yüksek bir insan.,Человек с высоким чувством благодарности.
1914,1914,Yargıç kararını açıkladı.,Судья огласил свое решение.
1915,1915,Yetkili birime başvurun.,Обратитесь в компетентный орган.
1916,1916,Zahmet edip geldiğin için teşekkürler.,"Спасибо, что потрудился(ась) прийти."
1917,1917,Yağmur dindi,Дождь прекратился.
1918,1918,Hiçbir şeyi esirgemedi,Он не поскупился ни на что.
1919,1919,Suçu inkâr etti,Он отрицал свою вину.
1920,1920,Gürültüye katlanamıyorum,Я не могу выносить шум.
1921,1921,İşten kaytarmak istiyor,Он хочет увильнуть от работы.
1922,1922,Durumu kötüleşti,Его состояние ухудшилось.
1923,1923,Sıcak çayla rahatladım,Я расслабился с горячим чаем.
1924,1924,Haberle sarsıldım,Я был потрясен новостью.
1925,1925,Sinirlenince sakin ol,"Успокойся, когда злишься."
1926,1926,İş yoğunluğu arttı,Рабочая нагрузка возросла.
1927,1927,adet yerini bulmak,"Когда что-то делается по традиции, для виду, формально."
1928,1928,alçak gönüllü,"Характеристика скромного, невысокомерного человека."
1929,1929,alım gücü,"Покупательная способность, то, на что хватает денег."
1930,1930,ayakta durmak,"Быть финансово независимым, устоять в бизнесе, не пасть духом."
1931,1931,aynı çatı altında (yaşamak),"Жить вместе в одном доме (о семье, соседях, родственниках)."
1932,1932,bir çuval inciri berbat etmek,Испортить всё дело одним неловким действием или словом.
1933,1933,çevre kirliliği,Загрязнение окружающей среды.
1934,1934,üstünlük kurmak,"Пытаться доминировать над другими, утверждать свое превосходство."
1935,1935,dert yanmak,"Жаловаться кому-то на свои проблемы, искать сочувствия."
1936,1936,eli boş gitmek,Прийти в гости без подарка или уйти без результата.
1937,1937,fazla gelmek,"Быть чрезмерным, непосильным (о нагрузке, требованиях, поведении)."
1938,1938,hoş karşılamak,"Встречать что-либо или кого-либо доброжелательно, положительно."
1939,1939,hoşbeş etmek,"Светски беседовать о пустяках, вести легкую беседу."
1940,1940,içini boşaltmak,"Выговориться, излить душу, рассказать о наболевшем."
1941,1941,kara günler,"Тяжелые, трудные времена в жизни."
1942,1942,kârlı çıkmak,"Оказаться в выигрыше, извлечь выгоду из ситуации."
1943,1943,kendini dışarı atmak,"Проситься наружу (о словах, эмоциях); также может означать ""выставить себя за дверь""."
1944,1944,ikiyüzlü,"Характеристика лицемерного человека, который говорит одно, а думает другое."
1945,1945,kuşak çatışması,"Конфликт, непонимание между поколениями (отцами и детьми)."
1946,1946,miadı dolmak,"Истечь, стать ненужным, устареть (о вещи, идее, сроке годности)."
1947,1947,peşinde koşmak,"Упорно стремиться к чему-либо (славе, деньгам, человеку)."
1948,1948,romantik takılmak,"Быть в романтическом настроении, вести себя сентиментально."
1949,1949,sıkı fıkı olmak,"Быть очень близкими, неразлучными друзьями."
1950,1950,uygun görmek,"Считать что-либо подходящим, правильным; давать разрешение."
1951,1951,vaaz vermek,"Читать нотации, поучать (в негативном смысле)."
1952,1952,vali kebabı,"Название определенного вида кебаба, особенно популярного в некоторых регионах."
1953,1953,yakından tanımak,"Хорошо знать кого-либо, быть с ним в близких отношениях."
1954,1954,yemek faslı,"Этап застолья, когда подают основную еду."
1955,1955,yüreği hop etmek,"Сильно испугаться, сердце екнуло от неожиданности."
1956,1956,Buhar makinesi tarihi bir icattır.,Паровой двигатель — историческое изобретение.
1957,1957,Buruşuk kıyafetleri ütüledim.,Я погладил(а) мятые вещи.
1958,1958,Çarmıha gerilmek acı verici bir cezaydı.,Распятие на кресте было болезненным наказанием.
1959,1959,Çekyatı açıp yattım.,Я разложил(а) диван-кровать и лег(ла).
1960,1960,Gelir düzeyi yükseldi.,Уровень дохода повысился.
1961,1961,Gözlem yaparak öğreniyorum.,"Я учусь, наблюдая."
1962,1962,Hac ibadeti için Mekke'ye gitti.,Он/она отправился(ась) в Мекку для совершения хаджа.
1963,1963,Hacı olmak için yola çıktı.,"Он/а отправился(ась) в путь, чтобы стать паломником."
1964,1964,Hevesle işe koyuldu.,Он/она с энтузиазмом взялся(ась) за дело.
1965,1965,İkonları tıklayarak programı açtı.,"Он/она открыл(а) программу, нажав на иконки."
1966,1966,İlk izlenim çok önemlidir.,Первое впечатление очень важно.
1967,1967,Karavan ile tüm ülkeyi gezdiler.,Они объехали всю страну на автодоме.
1968,1968,Kısıtlı bir bütçeyle idare ediyoruz.,Мы справляемся с ограниченным бюджетом.
1969,1969,Konukseverliğiniz için teşekkür ederim.,Благодарю вас за гостеприимство.
1970,1970,Mütevazı bir hayat sürüyor.,Он/она ведет скромную жизнь.
1971,1971,Okey oynamayı sever misin?,Ты любишь играть в очко?
1972,1972,Palet ile resim yapıyor.,Он/она рисует палитрой.
1973,1973,Sanal dünyada çok zaman geçiriyor.,Он/она проводит много времени в виртуальном мире.
1974,1974,Teknoloji sektörü hızla büyüyor.,Технологический сектор быстро растет.
1975,1975,Şnorkel ile denizin altını izledik.,Мы наблюдали за подводным миром через трубку.
1976,1976,Tedirgin bir şekilde etrafına bakınıyordu.,Он/она беспокойно оглядывался(ась) по сторонам.
1977,1977,Tırabzanı tutarak merdivenleri indi.,"Он/она спустился(ась) по лестнице, держась за перила."
1978,1978,Turizm elçisi olarak görev yapıyor.,Он/она работает послом туризма.
1979,1979,Yarımadaya feribotla geçtik.,Мы переправились на полуостров на пароме.
1980,1980,Ona çok bağlandım,Я очень привязался к нему.
1981,1981,Tatilde bronzlaştım,Я загорел в отпуске.
1982,1982,Pirinç elemek gerekiyor,Нужно просеять рис.
1983,1983,Meyveyi keselemeliyim,Мне нужно нарезать фрукты дольками.
1984,1984,Beni oyalama,Не отвлекай меня.
1985,1985,Ürünü pazarlıyor,Он продвигает товар.
1986,1986,Alarm sesiyle uyandım.,Я проснулся(ась) от звука будильника.
1987,1987,Askerî üsse giriş yasak.,Вход на военную базу запрещен.
1988,1988,Astronot uzay istasyonuna gitti.,Астронавт отправился на космическую станцию.
1989,1989,Atari oyunları nostaljiktir.,Игры на Atari вызывают ностальгию.
1990,1990,Basın toplantısı düzenlendi.,Была организована пресс-конференция.
1991,1991,Boynuzu olan bir hayvan gördüm.,Я видел(а) животное с рогами.
1992,1992,Deniz canavarı hikayeleri anlatıldı.,Рассказывали истории о морских чудовищах.
1993,1993,Cihazı şarj ettim.,Я зарядил устройство.
1994,1994,Belgenin çıktısını aldım.,Я распечатал(а) документ.
1995,1995,Dokunmatik ekran kullanıyorum.,Я пользуюсь сенсорным экраном.
1996,1996,Esas mesele bu değil.,Основной вопрос не в этом.
1997,1997,Etnografya müzesini gezdik.,Мы посетили этнографический музей.
1998,1998,Faytonla şehir turu yaptık.,Мы совершили экскурсию по городу в фаэтоне.
1999,1999,Fevkalâde bir durumla karşılaştık.,Мы столкнулись с чрезвычайной ситуацией.
2000,2000,Folklorik öğeler içeren bir gösteri.,"Представление, содержащее фольклорные элементы."
2001,2001,Gar önünde buluşalım.,Давай встретимся перед вокзалом.
2002,2002,Mars bir gezegendir.,Марс — это планета.
2003,2003,Harikulâde bir manzara.,Восхитительный вид.
2004,2004,Resmî bir ileti aldım.,Я получил(а) официальное сообщение.
2005,2005,Uçak kabininde yerim 12A.,Мое место в салоне самолета 12A.
2006,2006,Kapasitesi yüksek bir pil.,Аккумулятор большой емкости.
2007,2007,Bilgisayarda kısa yolları kullanırım.,Я использую горячие клавиши на компьютере.
2008,2008,Kullanıcı adımı unuttum.,Я забыл(а) свое имя пользователя.
2009,2009,Kurşun kalemle yazdım.,Я писал(а) карандашом.
2010,2010,Maden ocağında çalışıyor.,Он/она работает в шахте.
2011,2011,Masum bir çocuk gibi bakıyor.,Он/а смотрит как невинный ребенок.
2012,2012,Misket oynamayı özledim.,Я соскучился(ась) по игре в шарики.
2013,2013,Mülâkat için hazırlanıyorum.,Я готовлюсь к собеседованию.
2014,2014,Porselen fincanları nazikçe kullan.,Аккуратно обращайся с фарфоровыми чашками.
2015,2015,Şeffaf bir ambalaj.,Прозрачная упаковка.
2016,2016,Şifremi değiştirdim.,Я сменил(а) свой пароль.
2017,2017,Takipçi sayısı arttı.,Количество подписчиков увеличилось.
2018,2018,Telgraf ile haberleşiyorlardı.,Они общались по телеграфу.
2019,2019,Tutucu bir aileden geliyor.,Он/она родом из консервативной семьи.
2020,2020,Yakıtım bitmek üzere.,У меня почти закончилось топливо.
2021,2021,Yazıcı kağıdı bitti.,В принтере закончилась бумага.
2022,2022,Onu anmak istiyorum,Я хочу упомянуть его.
2023,2023,Yağ cızırdıyor,Масло шипит.
2024,2024,Kendini savundu,Он защищался.
2025,2025,Resimlerini sergiledi,Он выставил свои картины.
2026,2026,Bağlantıya tıkla,Нажми на ссылку.
2027,2027,ayak uydurmak,"Приспосабливаться к новым условиям, требованиям, темпу."
2028,2028,bağımlı olmak,"Испытывать зависимость (от веществ, человека, привычки)."
2029,2029,başa çıkmak,"Справляться с трудностями, проблемами, человеком."
2030,2030,dili tutulmak,"Онеметь, потерять дар речи от удивления, страха или шока."
2031,2031,geride bırakmak,"Оставить позади (соперников, прошлое, трудности)."
2032,2032,geride kalmak,"Отставать, оставаться позади (в развитии, учебе, соревновании)."
2033,2033,hızına yetişememek,Не успевать за кем-то очень быстрым или активным.
2034,2034,temelini atmak,"Заложить основу, начало чему-то важному (бизнесу, зданию, отношениям)."
2035,2035,Atılganlık başarı getirir.,Решительность приносит успех.
2036,2036,Çok azimli bir öğrenci.,Очень целеустремленный ученик.
2037,2037,Barışçıl bir gösteri düzenlendi.,Была организована мирная демонстрация.
2038,2038,Bedensel engeli var.,У него/нее физическое ограничение.
2039,2039,Cam bulanık görünüyor.,Стекло выглядит мутным.
2040,2040,Çatışma çıktı.,Возник конфликт.
2041,2041,Dengeleyici bir güç olarak hareket etti.,Он/она действовал(а) как сдерживающая сила.
2042,2042,Düşünsel bir faaliyet.,Интеллектуальная деятельность.
2043,2043,Edepli bir şekilde konuş.,Говори прилично.
2044,2044,Son zamanlarda yalnız kalma eğilimim var.,В последнее время у меня есть склонность оставаться одному.
2045,2045,Hafif bir esinti vardı.,Был легкий ветерок.
2046,2046,Fon yetersizliği yaşıyoruz.,Мы испытываем недостаток финансирования.
2047,2047,İçsel güdülenme önemlidir.,Внутренняя мотивация важна.
2048,2048,Çikolata yemek bana haz veriyor.,Есть шоколад доставляет мне удовольствие.
2049,2049,Hile yapmak doğru değil.,Жульничать неправильно.
2050,2050,İma yoluyla anlatmaya çalıştı.,Он/она попытался(ась) объяснить намеком.
2051,2051,Karamsar düşüncelerden uzak dur.,Держись подальше от пессимистичных мыслей.
2052,2052,Kararlılıkla hedefine ilerliyor.,Он/она уверенно движется к своей цели.
2053,2053,Kifayetsiz bir açıklama yaptı.,Он/а сделал(а) неудовлетворительное объяснение.
2054,2054,Matem tutuyorlar.,Они соблюдают траур.
2055,2055,Şiirin bir misraını ezberledim.,Я выучил(а) одну строку стихотворения.
2056,2056,Mutasavvıf bir şairdir.,Он суфийский поэт.
2057,2057,Ruhsal dengem bozuldu.,Мое душевное равновесие нарушилось.
2058,2058,Seyrek aralıklarla görüşüyoruz.,Мы видимся с большими промежутками.
2059,2059,Tepkisini kontrol edemedi.,Он/она не смог(ла) контролировать свою реакцию.
2060,2060,Tutkuyla bağlı olduğu bir işi var.,"У него/нее есть работа, к которой он/она страстно привязан(а)."
2061,2061,Ufukta bir gemi göründü.,На горизонте появился корабль.
2062,2062,Yargıda bulunmak için erken.,Слишком рано судить.
2063,2063,Yiğit bir adamdı.,Он был храбрым человеком.
2064,2064,Zarif bir hareketle yerinden kalktı.,Он/она изящно поднялся(ась) со своего места.
2065,2065,Toplantıyı erteledik,Мы отложили собрание.
2066,2066,Onu kandırdılar,Его обманули.
2067,2067,Rapor birçok konuyu kapsıyor,Отчет охватывает множество тем.
2068,2068,Bilgiyi özümsedi,Он усвоил информацию.
2069,2069,Çocuk saldırganlaştı,Ребенок стал агрессивным.
2070,2070,Şımarma,Не распускайся.
2071,2071,duygusal zekâ,Способность понимать и управлять своими и чужими эмоциями.
2072,2072,hayal kırıklığı,"Чувство разочарования, когда ожидания не оправдались."
2073,2073,kalıtsal özellik,"Признак, передающийся по наследству (цвет глаз, болезнь)."
2074,2074,kılık kıyafet,"Одежда, внешний вид, наряд."
2075,2075,sindirim sistemi,Органы пищеварения.
2076,2076,sinirsel bozukluk,Расстройство нервной системы.
2077,2077,Edebiyat akımı hakkında bilgi verdi.,Он/а рассказал(а) о литературном течении.
2078,2078,Bilinçli bir tüketiciyim.,Я сознательный потребитель.
2079,2079,Hazırcevap biri olduğu için sevilir.,"Его/ее любят, потому что он/она находчив(а)."
2080,2080,Moda her sene değişir.,Мода меняется каждый год.
2081,2081,Örgü örmeyi severim.,Я люблю вязать.
2082,2082,Puantiye desenli bir bluz.,Блузка в горошек.
2083,2083,Kişisel stil önemlidir.,Личный стиль важен.
2084,2084,Şık bir davetteydik.,Мы были на элегантном приеме.
2085,2085,Takıntılı bir şekilde aynı şeyi tekrarlıyor.,Он/а одержимо повторяет одно и то же.
2086,2086,Tasarım yarışmasına katıldım.,Я участвовал(а) в конкурсе дизайна.
2087,2087,Ünlü bir tasarımcıyla tanıştım.,Я познакомился(ась) с известным дизайнером.
2088,2088,Tayyörünü ütüledi.,Она погладила свой костюм.
2089,2089,Tulum giyerek festivale gittik.,Мы пошли на фестиваль в комбинезонах.
2090,2090,Ceketin omuzlarına vatka koydum.,Я положил(а) подплечники в плечи пиджака.
2091,2091,Kulağına fısıldadı,Он шепнул ему на ухо.
2092,2092,Şirket küreselleşti,Компания стала глобальной.
2093,2093,Bu konuda takılıp kaldım,Я застрял на этом вопросе.
2094,2094,Yeni bir sistem tasarıladı,Он спроектировал новую систему.
2095,2095,Enerji tasarruf etmeliyiz,Мы должны экономить энергию.
2096,2096,Yeni hedeflere yöneliyor,Он движется к новым целям.
2097,2097,damgasını vurmak,"Оставить свой след, сильное влияние на что-либо."
2098,2098,ele almak,"Взять на рассмотрение, начать обсуждать или изучать проблему, тему."
2099,2099,gündemde kalmak,"Оставаться актуальным, обсуждаемым."
2100,2100,imaj oluşturmak,"Создавать определенный образ, репутацию."
2101,2101,nüfuz etmek,"Проникать, влиять, распространяться (о влиянии, информации, жидкости)."
2102,2102,öncelik vermek,"Давать чему-либо первостепенное значение, ставить в приоритет."
2103,2103,risk almak,"Решиться на действие с неочевидным исходом, идти на риск."
2104,2104,sahip çıkmak,"Защищать, поддерживать кого-то или что-то; признавать своим."
2105,2105,yok satmak,"Пользоваться огромным спросом, быстро раскупаться."
2106,2106,Konser salonunun akustiği mükemmel.,Акустика концертного зала превосходна.
2107,2107,Aristokrat bir aileden geliyor.,Он/она из аристократической семьи.
2108,2108,Asıl neden bu değil.,Настоящая причина не в этом.
2109,2109,Atasözleri kültürümüzün parçasıdır.,Пословицы являются частью нашей культуры.
2110,2110,İşten bitkin düştüm.,Я устал(а) после работы.
2111,2111,Cenaze törenine katıldık.,Мы присутствовали на похоронах.
2112,2112,Çile dolu bir hayat yaşadı.,"Он/она прожил(а) жизнь, полную страданий."
2113,2113,Destan yazacak bir kahramanlık gösterdi.,"Он/а проявил(а) героизм, достойный эпоса."
2114,2114,Dev bir bina inşa ediliyor.,Строится гигантское здание.
2115,2115,Fenerle karanlıkta yolunu buldu.,Он/она нашел(ла) свой путь в темноте с фонарем.
2116,2116,Hafızası çok kuvvetli.,У него/нее очень сильная память.
2117,2117,Heykelin önünde fotoğraf çektirdik.,Мы сфотографировались перед статуей.
2118,2118,Kaya gibi sağlam bir insan.,"Человек, крепкий как скала."
2119,2119,Kurban Bayramı'nda kurban kesilir.,На Курбан-байрам приносят жертву.
2120,2120,Mermer merdivenler çok kaygandı.,Мраморные ступени были очень скользкими.
2121,2121,Peri bacalarını görmeye gittik.,Мы поехали посмотреть на каменные столбы.
2122,2122,Bir rivayete göre hazine burada saklı.,"Согласно одной легенде, здесь спрятан клад."
2123,2123,Sivri bir nesneye dikkat et.,"Осторожно, острый предмет."
2124,2124,Soylu bir davranış sergiledi.,Он/а проявил(а) благородное поведение.
2125,2125,Söylentiler kulaktan kulağa yayıldı.,Слухи распространились из уст в уста.
2126,2126,Şantiyede güvenlik önlemleri alındı.,На стройплощадке были приняты меры безопасности.
2127,2127,Zalim bir hükümdardı.,Он был жестоким правителем.
2128,2128,Bu orman birçok canlıyı barındırır,Этот лес является домом для многих живых существ.
2129,2129,Çığlık attı,Он закричал.
2130,2130,Çaydanlık fokurduyor,Чайник кипит.
2131,2131,Bana iş teklif etti,Он предложил мне работу.
2132,2132,anıt mezar,"Большое, монументальное надгробие, мавзолей."
2133,2133,canına tak etmek,"Достичь предела терпения, когда что-то окончательно надоело."
2134,2134,gönlü ferman dinlememek,"Не слушаться разума, действовать по велению сердца, капризничать."
2135,2135,gönlünü hoş tutmak,"Утешать, развлекать кого-либо, чтобы он не грустил."
2136,2136,göz kamaştırmak,"Ослеплять, поражать великолепием, красотой."
2137,2137,katkı sağlamak,"Вносить вклад, способствовать чему-либо."
2138,2138,Anatomi dersine çalışıyorum.,Я учу урок анатомии.
2139,2139,Aykırılık onun doğasında var.,Нонконформизм у него в крови.
2140,2140,Azar işittim.,Меня отругали.
2141,2141,Belleğim beni yanıltıyor.,Моя память меня подводит.
2142,2142,Boğa güreşi izlemeye gittik.,Мы пошли смотреть бой быков.
2143,2143,Cinayet davasına bakan savcı.,"Прокурор, ведущий дело об убийстве."
2144,2144,Gözünde çapak var.,У тебя в глазу соринка.
2145,2145,Denizatı çok ilginç bir canlı.,Морской конек — очень интересное существо.
2146,2146,Zirveye ulaşmak için dağın doruk noktasına tırmandık.,"Чтобы достичь вершины, мы взобрались на пик горы."
2147,2147,Eskimo evlerini merak ediyorum.,Мне интересны иглу эскимосов.
2148,2148,Fevkalade bir başarı elde etti.,Он/а достиг(ла) выдающегося успеха.
2149,2149,Büyük bir gayretle çalışıyor.,Он/она работает с большим усердиem.
2150,2150,Ekonomik göstergeler iyiye gidiyor.,Экономические показатели улучшаются.
2151,2151,Gülünç bir duruma düştüm.,Я попал(а) в смешное положение.
2152,2152,Harikulade bir performans sergiledi.,Он/а показал(а) великолепное выступление.
2153,2153,Haysiyetini korudu.,Он/она сохранил(а) свое достоинство.
2154,2154,Yüksek bir hörmü olan bir dağ.,Гора с большой высотой.
2155,2155,Kaptan gemiyi limana yanaştırdı.,Капитан пришвартовал корабль в порту.
2156,2156,Karagöz oyunu geleneksel bir gösteridir.,Театр теней Карагёз — традиционное представление.
2157,2157,Parmakta kesik var.,На пальце порез.
2158,2158,Kırkayak gördüm ve korktum.,Я увидел(а) сороконожку и испугался(ась).
2159,2159,Kileri düzenledim.,Я привел(а) в порядок кладовую.
2160,2160,Kova ile su taşıdı.,Он/она носил(а) воду ведром.
2161,2161,Köftehor yine mi sen!,"Ах ты плут, опять ты!"
2162,2162,Leğene su doldurdu.,Он/а наполнил(а) таз водой.
2163,2163,Mat olmuş bir satranç tahtası.,"Шахматная доска, на которой мат."
2164,2164,Matador boğayı öldürdü.,Матадор убил быка.
2165,2165,Muhterem bir hocamızdı.,Он был нашим уважаемым учителем.
2166,2166,Mücadele etmekten vazgeçmedi.,Он/она не отказался(ась) от борьбы.
2167,2167,Mühürü bastı.,Он/а поставил(а) печать.
2168,2168,Okkalı bir tokat attı.,Он/а дал(а) звонкую пощечину.
2169,2169,Olasılık hesapları yapıyor.,Он/она делает расчеты вероятности.
2170,2170,Omurilik hasarı ciddi sonuçlar doğurabilir.,Повреждение спинного мозга может иметь серьезные последствия.
2171,2171,Onurunu korumak için her şeyi yapar.,"Он/а сделает все, чтобы защитить свою честь."
2172,2172,Öbür dünya inancı var.,У него/нее есть вера в загробную жизнь.
2173,2173,Pergel ile daire çizdim.,Я нарисовал(а) круг циркулем.
2174,2174,Pürüzsüz bir cilt.,Гладкая кожа.
2175,2175,Saydam bir perde taktık.,Мы повесили прозрачную занавеску.
2176,2176,Sivrisinek ısırığı kaşınıyor.,Место укуса комара чешется.
2177,2177,Şakaklarıma ağrı girdi.,У меня заболели виски.
2178,2178,Teşhis konuldu.,Был поставлен диагноз.
2179,2179,Hafif bir yel esiyordu.,Дул легкий ветерок.
2180,2180,Zar atmak için sıra kimde?,Чья очередь бросать кости?
2181,2181,Aldattığını fark ettim,"Я обнаружил, что ты изменял."
2182,2182,Sebzeleri ayıkladım,Я перебрал овощи.
2183,2183,Çocuğu azarladı,Он отругал ребенка.
2184,2184,Kaşlarını çattı,Он нахмурил брови.
2185,2185,Ekmeği çorbaya daldırdı,Он обмакнул хлеб в суп.
2186,2186,Bilgilerimi pekiştirdim,Я закрепил свои знания.
2187,2187,Sahipsiz köpeği sahiplendik,Мы взяли бездомную собаку.
2188,2188,Köpeğin başını sıvazladı,Он погладил собаку по голове.
2189,2189,Yanlış yola şaştık,Мы сбились с пути.
2190,2190,Çabanızı takdir ediyorum,Я ценю ваши усилия.
2191,2191,Hırsızı tutukladılar,Они арестовали вора.
2192,2192,Daha iyisini umuyorum,Я надеюсь на лучшее.
2193,2193,Sürekli yakınıyor,Он постоянно жалуется.
2194,2194,Yanıldığımı anladım,"Я понял, что ошибся."
2195,2195,Kolunu yaraladı,Он ранил свою руку.
2196,2196,ağzına layık,"Очень вкусная еда (букв. ""достойная твоего рта"")."
2197,2197,başına devlet kuşu konmak,"Неожиданно получить большую удачу, выигрыш, богатство."
2198,2198,berabere kalmak,"Закончиться ничьей (в игре, споре)."
2199,2199,büyümüş de küçülmüş,"О ребенке, который ведет себя очень по-взрослому, умно."
2200,2200,Cehennem ol!,"Бранное выражение, пожелание отправиться в ад (очень грубое)."
2201,2201,dillere destan,"Стать легендарным, прославленным, предметом разговоров."
2202,2202,eser kalmamak,"Исчезнуть без следа, не остаться и следа."
2203,2203,evlat edinmek,Усыновить или удочерить ребенка.
2204,2204,iş güç sahibi,"Человек, у которого много работы, дел, занятий."
2205,2205,kafasına esmek,"Внезапно захотеть сделать что-либо, прийти в голову мысль."
2206,2206,maymun olmak,"Слушаться кого-то беспрекословно, быть у кого-то на побегушках."
2207,2207,ruh ikizi,"Близкий по духу человек, родственная душа."
2208,2208,Safa geldin!,"Старомодное, но все еще используемое приветствие гостю (""Добро пожаловать"")."
2209,2209,taçsız kral,"Неформальный лидер, лучший в какой-либо области, не имеющий официального титула."
2210,2210,Uğurlar olsun!,"Пожелание удачи тому, кто отправляется в путь или начинает дело."
2211,2211,üstesinden gelmek,"Справиться, преодолеть трудность, проблему."
2212,2212,Yolun açık olsun!,"Пожелание счастливого пути (""Чтоб дорога была открытой"")."
2213,2213,Ateş saati antik bir zaman ölçme aracıydı.,Огненные часы были древним инструментом измерения времени.
2214,2214,Ay yılı takvimi kullanıyorlar.,Они используют лунный календарь.
2215,2215,Barınma sorunu yaşıyoruz.,У нас есть проблемы с жильем.
2216,2216,Cıva zehirli bir metaldir.,Ртуть — ядовитый металл.
2217,2217,Çanak içine meyve koydum.,Я положил(а) фрукты в миску.
2218,2218,Çelimsiz bir çocuktu.,Он был хилым ребенком.
2219,2219,Devre tamamlandı.,Схема завершена.
2220,2220,Mekanik bir düzenek kurdu.,Он/она установил(а) механическое устройство.
2221,2221,Göç zamanı geldi.,Пришло время миграции.
2222,2222,Güneş saati gölge ile zamanı gösterir.,Солнечные часы показывают время по тени.
2223,2223,Güneş yılı Dünya'nın Güneş etrafındaki dönüş süresidir.,Солнечный год — это время обращения Земли вокруг Солнца.
2224,2224,Hasat zamanı yaklaşıyor.,Приближается время сбора урожая.
2225,2225,Hicrî takvim İslami bir takvimdir.,Исламский календарь — это исламский календарь.
2226,2226,Hürmetli bir büyüğümüzdü.,Он был нашим уважаемым старейшиной.
2227,2227,Saatin ibresi on ikiyi gösteriyor.,Стрелка часов показывает двенадцать.
2228,2228,İpucu verir misin?,Можешь дать подсказку?
2229,2229,İsyankâr bir genç.,Мятежный молодой человек.
2230,2230,İşitme engelli bireylere yönelik kurslar var.,Есть курсы для людей с нарушениями слуха.
2231,2231,Kadranı okumayı öğrendim.,Я научился(ась) читать циферблат.
2232,2232,Kum saati zamanı ölçmek için kullanılır.,Песочные часы используются для измерения времени.
2233,2233,Makul bir teklifte bulundu.,Он/а сделал(а) разумное предложение.
2234,2234,Mehtap altında yürümek çok romantik.,Гулять под лунным светом очень романтично.
2235,2235,Mekanik saatimi kurmayı unuttum.,Я забыл(а) завести свои механические часы.
2236,2236,Metal bir kap kullanıyor.,Он/она использует металлическую емкость.
2237,2237,Arabayla yüz mil yol yaptık.,Мы проехали на машине сто миль.
2238,2238,Milâdî takvim Gregoryen takvimdir.,Наша эра — это григорианский календарь.
2239,2239,Periyotlar halinde tekrar ediyor.,Он/она повторяется периодами.
2240,2240,Piyanist konser verdi.,Пианист дал концерт.
2241,2241,Pusula ile yön bulduk.,Мы определили направление с помощью компаса.
2242,2242,Rutin işlerimi yapıyorum.,Я делаю свои рутинные дела.
2243,2243,Sağır ve dilsiz bir insana yardım ettim.,Я помог(ла) глухонемому человеку.
2244,2244,Etkinliğe sponsor oldular.,Они выступили спонсорами мероприятия.
2245,2245,Su saati antik Mısır'da kullanılırdı.,Водяные часы использовались в Древнем Египте.
2246,2246,Teorik bilgiyi pratiğe dökmeliyiz.,Мы должны применять теоретические знания на практике.
2247,2247,Sınavla ilgili bir tüyo aldım.,Я получил(а) наводку об экзамене.
2248,2248,Uygarlık tarihini inceliyorum.,Я изучаю историю цивилизации.
2249,2249,Bu yöreye özgü bir yemek.,"Это блюдо, характерное для этого региона."
2250,2250,Camlar buğulandı,Стекла запотели.
2251,2251,Sudaki balık çırpınıyor,Рыба бьется в воде.
2252,2252,Haber doğrulandı,Новость подтвердилась.
2253,2253,Buzları erittik,Мы растопили лед.
2254,2254,Mesajı ilettim,Я передал сообщение.
2255,2255,Onu bu olayla ilişkilendiriyorum,Я связываю его с этим событием.
2256,2256,Kütüphaneden istifade ediyorum,Я пользуюсь библиотекой.
2257,2257,Gelecek için kaygılanıyorum,Я беспокоюсь о будущем.
2258,2258,Teknoloji bu işi olanaklı kıldı,Технологии сделали эту работу возможной.
2259,2259,Yarın buluşmak üzere sözleştik,Мы договорились встретиться завтра.
2260,2260,Neden takışıyorsun?,Почему ты цепляешься?
2261,2261,Yeni bir bina tasarladı,Он спроектировал новое здание.
2262,2262,Köpek ulumaya başladı,Собака начала выть.
2263,2263,Bu trend yaygınlaşıyor,Эта тенденция распространяется.
2264,2264,Mantar yiyip zehirlendi,"Он отравился, съев грибы."
2265,2265,Başım zonkluyor,У меня пульсирующая головная боль.
2266,2266,başını kaşıyacak zamanı olmamak,"Быть крайне занятым, не иметь ни минуты свободного времени."
2267,2267,bir şeyi lehine çevirmek,Повернуть ситуацию в свою пользу.
2268,2268,bir şeyin temelini atmak,"Заложить фундамент, основу для чего-то."
2269,2269,birisini ekmek,"Бросить, оставить кого-либо (в отношениях, в компании)."
2270,2270,çekip gitmek,"Уйти, уехать, особенно тихо или не прощаясь."
2271,2271,ilgi duymak,Интересоваться кем-либо или чем-либо.
2272,2272,ilham vermek,"Вдохновлять, служить источником вдохновения."
2273,2273,kalbi küt küt atmak,"Сердце сильно стучит от волнения, страха, радости."
2274,2274,merak uyandırmak,"Вызывать любопытство, интерес."
2275,2275,para canlısı,"Характеристика человека, помешанного на деньгах, жадного."
2276,2276,renk katmak,"Вносить разнообразие, оживление в что-то скучное."
2277,2277,sinirleri gerilmek,"Быть напряженным, нервничать, раздражаться."
2278,2278,ümidini kaybetmek,Потерять надежду.
2279,2279,yapış yapış olmak,"Быть липким (от пота, сладкого напитка)."
2280,2280,zaman almak,Требовать много времени для выполнения.
2281,2281,zaman harcamak,Тратить время на что-либо.
2282,2282,zaman kaybetmek,"Терять время, тратить его впустую."
2283,2283,zaman öldürmek,"Коротать время, заниматься чем-то от скуки."
2284,2284,Alt tarafı bir hata yaptım.,"В конце концов, я просто ошибся(ась)."
2285,2285,Antropolog toplumları inceler.,Антрополог изучает общества.
2286,2286,Kur'an'dan bir ayet okudu.,Он/она прочитал(а) аят из Корана.
2287,2287,Hastalığın belirtileri neler?,Каковы симптомы болезни?
2288,2288,Bilhassa bu konuya dikkat etmelisin.,Тебе следует обратить особое внимание на этот вопрос.
2289,2289,Bilinçaltı davranışlarımızı etkiler.,Подсознание влияет на наше поведение.
2290,2290,Çok cefa çekti.,Он/а много страдал(а).
2291,2291,Çekingen bir kişiliği var.,У него/нее застенчивый характер.
2292,2292,Derviş gibi yaşıyor.,Он живет как дервиш.
2293,2293,Dizginleri çekti.,Он/а натянул(а) поводья.
2294,2294,At dörtnala koşuyordu.,Лошадь скакала галопом.
2295,2295,Edep yerini bil.,Знай свое место.
2296,2296,Emniyet kemeri takmayı unutma.,Не забудь пристегнуть ремень безопасности.
2297,2297,Sanat eserlerini inceledik.,Мы изучили произведения искусства.
2298,2298,Projenin ilk fazı tamamlandı.,Первая фаза проекта завершена.
2299,2299,Gazel okumayı severim.,Я люблю читать газели.
2300,2300,Gerdanlığını takmayı unutmuş.,Она забыла надеть свое ожерелье.
2301,2301,Gözbebeğim gibi koru.,Береги как зеницу ока.
2302,2302,Güvercin barışın sembolüdür.,Голубь — символ мира.
2303,2303,Hakiki bir dost bulmak zordur.,Трудно найти настоящего друга.
2304,2304,Hasılı doğru kararı verdik.,В итоге мы приняли правильное решение.
2305,2305,Büyük bir ıstırap içindeydi.,Он/а был(а) в большой агонии.
2306,2306,İlham perisi geldi.,Пришла муза.
2307,2307,İmkânlarımız kısıtlı.,Наши возможности ограничены.
2308,2308,İrtibat bilgilerinizi alabilir miyim?,Могу я получить ваши контактные данные?
2309,2309,İspat etmek zorunda değilsin.,Тебе не нужно доказывать.
2310,2310,Kalender bir insandı.,Он был беззаботным человеком.
2311,2311,Kanaat etmek önemlidir.,"Важно довольствоваться тем, что есть."
2312,2312,Karışımı iyice karıştır.,Хорошо перемешай смесь.
2313,2313,Katot ışın tüpünün bir parçasıdır.,Катод — часть электронно-лучевой трубки.
2314,2314,Bilgi kaynağı güvenilir olmalı.,Источник информации должен быть надежным.
2315,2315,Küçük bir kıvılcım yangın çıkardı.,Маленькая искра вызвала пожар.
2316,2316,Kimya laboratuvarında deney yapıyor.,Он/она проводит эксперимент в химической лаборатории.
2317,2317,Kusursuz bir plan yaptı.,Он/а составил(а) безупречный план.
2318,2318,Kuşkucu bir yaklaşımı var.,У него/нее скептический подход.
2319,2319,Kuyruklu yıldız gece gökyüzünde görüldü.,Комета была видна в ночном небе.
2320,2320,Yabancı bir lisan öğreniyorum.,Я изучаю иностранный язык.
2321,2321,Lunaparkta dönme dolaba bindik.,Мы прокатились на колесе обозрения в парке развлечений.
2322,2322,Büyük bir maharetle yaptı.,Он/а сделал(а) это с большим мастерством.
2323,2323,Makam sahibi oldu.,Он/она получил(а) должность.
2324,2324,Maksadım seni kırmak değildi.,"Моя цель не была в том, чтобы обидеть тебя."
2325,2325,Bu sözün derin bir mânâsı var.,У этих слов глубокий смысл.
2326,2326,Manevî değerlerimize sahip çıkmalıyız.,Мы должны защищать наши духовные ценности.
2327,2327,Mecnun gibi aşık oldu.,Он влюбился как Меджнун.
2328,2328,Mektep yıllarımı özlüyorum.,Я скучаю по школьным годам.
2329,2329,Muhatap alınmak istiyor.,"Он/она хочет, чтобы с ним/ней считались."
2330,2330,Mülakat için hazırlanıyorum.,Я готовлюсь к собеседованию.
2331,2331,Müsaadenizle bir soru soracağım.,"С вашего разрешения, я задам вопрос."
2332,2332,Nahoş bir durumla karşılaştık.,Мы столкнулись с неприятной ситуацией.
2333,2333,Nasip olursa geleceğim.,"Если будет на то воля, я приду."
2334,2334,Nazik bir davranışı vardı.,У него/нее было вежливое поведение.
2335,2335,Ne denli zor olduğunu tahmin edemezsin.,"Ты не можешь представить, насколько это было трудно."
2336,2336,Niyaz ederek dua etti.,"Он/а молился(ась), сложив руки."
2337,2337,Nörotik davranışlar sergiliyor.,Он/а демонстрирует невротическое поведение.
2338,2338,Övgü dolu sözler duymak güzeldir.,Приятно слышать слова похвалы.
2339,2339,Öz kardeşim gibidir.,Он/она мне как родной брат/сестра.
2340,2340,Kedim pisi pisi diye çağırırım.,"Я зову свою кошку ""кис-кис""."
2341,2341,Salınım hareketi yapıyor.,Он/она совершает колебательное движение.
2342,2342,Samanyolu'nu izlemek çok huzur verici.,Наблюдать за Млечным Путем очень умиротворяюще.
2343,2343,Sanki rüyadaymış gibi hissettim.,"Я чувствовал(а), будто во сне."
2344,2344,Saplantı haline getirmiş.,Он/а превратил(а) это в навязчивую идею.
2345,2345,Seyran için ormana gittik.,Мы пошли в лес на прогулку.
2346,2346,Sırrını bana söyledi.,Он/а рассказал(а) мне свою тайну.
2347,2347,Sırça köşk hayali kuruyor.,Он/а строит воздушные замки.
2348,2348,Sine-i millete döndü.,Он/а вернулся(ась) в лоно нации.
2349,2349,Sitem dolu bir bakış attı.,Он/а бросил(а) полный упрека взгляд.
2350,2350,Sükûnet içinde yaşıyor.,Он/она живет в спокойствии.
2351,2351,Tabir caizse gözümde tütüyorsun.,"Так сказать, я скучаю по тебе."
2352,2352,Takdir ettiğimi bilmeni istiyorum.,"Я хочу, чтобы ты знал(а), что я ценю это."
2353,2353,Takıntılı bir şekilde aynı şeyi soruyor.,Он/а одержимо задает один и тот же вопрос.
2354,2354,Tasavvuf ilmini öğreniyor.,Он/она изучает науку суфизма.
2355,2355,Tavrını beğenmedim.,Мне не понравилась твоя манера поведения.
2356,2356,Bu para tedavülden kalktı.,Эти деньги вышли из обращения.
2357,2357,Tekkede ibadet ediyorlardı.,Они молились в обители.
2358,2358,Tam bir teslimiyet içinde.,Он/а в полной покорности.
2359,2359,Tezini savunacak.,Он/а будет защищать свою диссертацию.
2360,2360,Tüberküloz tedavi edilebilir bir hastalıktır.,Туберкулез — излечимое заболевание.
2361,2361,Ultraviyole ışınlar cilde zararlıdır.,Ультрафиолетовые лучи вредны для кожи.
2362,2362,Vicdan azabı çekiyor.,Он/а мучается угрызениями совести.
2363,2363,Zemin kaygan dikkat et.,"Пол скользкий, будь осторожен."
2364,2364,Zikir çekiyorlardı.,Они повторяли молитвенное поминание.
2365,2365,Ziyade neşelendi.,Он/а очень развеселился(ась).
2366,2366,Hayatını bilime adadı,Он посвятил свою жизнь науке.
2367,2367,Ses duvarlardan aksetti,Звук отразился от стен.
2368,2368,Eski yarayı deşme,Не вороши старую рану.
2369,2369,Taşı fırlattı,Он швырнул камень.
2370,2370,Farklı fikirleri harmanladı,Он смешал разные идеи.
2371,2371,Masum olduğunu iddia etti,"Он утверждал, что невиновен."
2372,2372,Belge işlendi,Документ был обработан.
2373,2373,Kas kasıldı,Мышца сократилась.
2374,2374,Tahtadan bir figür oydu,Он вырезал фигурку из дерева.
2375,2375,Başarılarını övdü,Он восхвалял его достижения.
2376,2376,Su püskürttü,Он разбрызгал воду.
2377,2377,Vücut hormon salgılar,Организм выделяет гормоны.
2378,2378,Denizi seyre daldı,Он засмотрелся на море.
2379,2379,Kitapları sınıflandırdık,Мы классифицировали книги.
2380,2380,Akıntı onu sürükledi,Течение унесло его.
2381,2381,Kuş süzülerek uçuyor,Птица парит в воздухе.
2382,2382,Cevap beni tatmin etmedi,Ответ меня не удовлетворил.
2383,2383,Tanrı'ya yakardı,Он молился Богу.
2384,2384,aşk olsun,"Выражение легкого упрека или восхищения, в зависимости от контекста (""Вот это да"", ""Ну надо же"")."
2385,2385,değmeyin keyfime,Предупреждение не мешать чьему-то хорошему настроению.
2386,2386,dilinden düşürmemek,Постоянно говорить о ком-то или о чем-то.
2387,2387,dillerde dolaşmak,"Быть предметом разговоров, слухов, обсуждаться многими."
2388,2388,kafayı yemek,"Сойти с ума (буквально или от переживаний, шума)."
2389,2389,lanet olsun,"Проклятие, выражение сильного гнева или разочарования (""Черт побери"")."
2390,2390,payını almak,"Получить свою долю (часто неприятностей, критики)."
2391,2391,Hâkimiyet milletindir.,Суверенитет принадлежит нации.
2392,2392,İmanı çok kuvvetli.,У него/нее очень сильная вера.
2393,2393,Köken araştırması yapıyor.,Он/она проводит исследование происхождения.
2394,2394,Kesin bir tarih belirleyemedik.,Мы не смогли определить точную дату.
2395,2395,Zarfın üzerine adresi yazdım.,Я написал(а) адрес на конверте.
2396,2396,Bilet geçersiz oldu.,Билет стал недействительным.
2397,2397,Gelişigüzel cevap verme.,Не отвечай как попало.
2398,2398,Hayırsever bir iş insanı.,Благотворительный бизнесмен.
2399,2399,Nalbant atın nallarını değiştirdi.,Кузнец сменил подковы лошади.
2400,2400,Aşırı doz ilaç aldı.,Он/а принял(а) передозировку лекарства.
2401,2401,Çeyizini hazırlıyor.,Она готовит свое приданое.
2402,2402,Bayındırlık işleri devam ediyor.,Продолжаются работы по благоустройству.
2403,2403,Malvarlığı oldukça fazla.,Его/ее состояние довольно велико.
2404,2404,Dedem huzurevinde kalıyor.,Мой дед живет в доме престарелых.
2405,2405,Uğraşı olarak bahçe işleriyle ilgileniyor.,В качестве хобби он/она занимается садоводством.
2406,2406,Kabartma haritayı inceledik.,Мы изучили рельефную карту.
2407,2407,Pul koleksiyonum var.,У меня есть коллекция марок.
2408,2408,Enteresan bir hikaye anlattı.,Он/а рассказал(а) интересную историю.
2409,2409,Karşılık olarak teşekkür ettim.,В ответ я поблагодарил(а).
2410,2410,Sunmak istediğim bir teklif var.,"У меня есть предложение, которое я хочу представить."
2411,2411,Kebe giyen bir derviş gördüm.,Я видел(а) дервиша в одежде из грубой ткани.
2412,2412,Değişken hava şartlarına hazırlıklı olmalıyız.,Мы должны быть готовы к переменчивым погодным условиям.
2413,2413,Seçkin bir davete katıldık.,Мы присутствовали на изысканном приеме.
2414,2414,Tabut mezara indirildi.,Гроб опустили в могилу.
2415,2415,Fikrini destekliyorum,Я поддерживаю твою идею.
2416,2416,Konuyu özetleyebilir misin?,Можешь ли ты резюмировать тему?
2417,2417,Karara itiraz etti,Он возразил против решения.
2418,2418,İkizleri ayırt etmek zor,Трудно различить близнецов.
2419,2419,Bankada çek bozdurdum,Я обналичил чек в банке.
2420,2420,suratını asmak,"Хмуриться, делать недовольное лицо."
2421,2421,ileri geri konuşmak,"Говорить неподобающие, дерзкие вещи."
2422,2422,geri çevirmek,"Отказать, отвергнуть предложение или просьбу."
2423,2423,ele geçmek,"Быть захваченным (территория), попасть в руки (власть, имущество)."
2424,2424,yaşayıp gitmek,"Прожить жизнь, плыть по течению, без особых целей."
2425,2425,iş işten geçmek,Быть слишком поздно для каких-либо действий.
2426,2426,şeref vermek,"Сделать честь кому-либо своим присутствием, поступком."
2427,2427,aman dilemek,"Умолять о пощаде, просить прощения."
2428,2428,ümidi kaybolmak,"Потерять надежду (то же, что ""ümidini kaybetmek"")."
2429,2429,kılık değiştirmek,"Переодеться, изменить внешность, чтобы не быть узнанным."
2430,2430,işleri yolunda olmak,"Дела идут хорошо, все в порядке."
2431,2431,hale düşmek,"Дойти до плачевного состояния, оказаться в затруднительном положении."
2432,2432,onaylamak,"Давать согласие, одобрять что-либо."
2433,2433,uzak durmak,"Избегать кого-либо или чего-либо, держаться подальше."
2434,2434,başını dinlemek,"Отдыхать в тишине, покое, без помех."
2435,2435,adım atmak,"Сделать первый шаг в каком-либо деле, начинании."
2436,2436,küçük düşünmek,"Мыслить узко, ограниченно, без амбиций."
2437,2437,peşini bırakmamak,"Не оставлять кого-то в покое, постоянно преследовать или требовать чего-то."
2438,2438,süzülüp gitmek,"Уйти плавно, грациозно или незаметно."
2439,2439,gözünü yükseklere dikmek,"Стремиться к высоким целям, положению, мечтать о большом."
2440,2440,hamle yapmak,"Сделать ход (в шахматах, бизнесе, отношениях), предпринять активное действие."
2441,2441,Algılama yeteneği yüksek.,У него/нее высокая способность к восприятию.
2442,2442,Analitik düşünme becerisi gelişmiş.,У него/нее развиты навыки аналитического мышления.
2443,2443,Bir arşın kumaş aldım.,Я купил(а) аршин ткани.
2444,2444,Arzuhal yazdırdım.,Я заказал(а) написание прошения.
2445,2445,Arzuhalci mektubumu yazdı.,Писарь написал мое письмо.
2446,2446,Aşırı makyaj yapmış.,Она нанесла слишком много макияжа.
2447,2447,Atanma emrini aldı.,Он/она получил(а) приказ о назначении.
2448,2448,Biçare bir halde yardım istedi.,Он/а в беспомощном состоянии попросил(а) о помощи.
2449,2449,Bizzat kendisi geldi.,Он/а пришел(шла) лично.
2450,2450,Cihan padişahı olmak istiyordu.,Он хотел быть повелителем мира.
2451,2451,Çırak olarak işe başladı.,Он/а начал(а) работу учеником.
2452,2452,Dart oynamayı sever misin?,Ты любишь играть в дартс?
2453,2453,Dava mahkemeye taşındı.,Дело передано в суд.
2454,2454,Eski bir esnaf lokantası.,Старая закусочная для торговцев.
2455,2455,Radyo frekansını değiştirdim.,Я сменил(а) частоту радио.
2456,2456,Hasır şapka giyiyor.,Он/она носит соломенную шляпу.
2457,2457,Hekim olmak için okuyor.,"Он/а учится, чтобы стать врачом."
2458,2458,Heybetli bir dağ manzarası.,Величественный горный пейзаж.
2459,2459,Hızlı okuma kursuna yazıldım.,Я записался(ась) на курсы скорочтения.
2460,2460,Bu kitaptan çok istifade ettim.,Я извлек(ла) много пользы из этой книги.
2461,2461,Büyük ıstırab çekiyordu.,Он/а испытывал(а) большие страдания.
2462,2462,İmajını değiştirmek istiyor.,Он/а хочет изменить свой имидж.
2463,2463,İskemleye oturdu.,Он/а сел(а) на табурет.
2464,2464,İzin tezkeremi aldım.,Я получил(а) свой отпускной билет.
2465,2465,Kadı davaya baktı.,Кади рассмотрел дело.
2466,2466,Kama ile tahtayı yardı.,Он/а расколол(а) доску клином.
2467,2467,Kamıştan bir flüt yaptı.,Он/а сделал(а) флейту из тростника.
2468,2468,Küllîye cami medrese ve hamamdan oluşur.,"Комплекс (куллие) состоит из мечети, медресе и бани."
2469,2469,Maruzatımı dinler misiniz?,Выслушаете ли вы мою просьбу?
2470,2470,Motivasyonum düştü.,Моя мотивация упала.
2471,2471,Staj yapıyorum.,Я прохожу стажировку.
2472,2472,Sütunlar çok yüksek.,Колонны очень высокие.
2473,2473,Tabureyi çekip oturdu.,Он/а отодвинул(а) табурет и сел(а).
2474,2474,Tazminat davası açtı.,Он/а подал(а) иск о компенсации.
2475,2475,Uçuk kıyafetler giymeyi sever.,Он/а любит носить экстравагантную одежду.
2476,2476,Üstat saygıyla anılıyor.,Учителя вспоминают с уважением.
2477,2477,Vizyon sahibi bir lider.,Лидер с видением.
2478,2478,Yasal süreç başlatıldı.,Начат судебный процесс.
2479,2479,Zulüm gören insanlara yardım etmeliyiz.,"Мы должны помогать людям, подвергающимся угнетению."
2480,2480,Enflasyon artış gösterdi,Инфляция показала рост.
2481,2481,Sorunlar arz ediyor,Проблемы представляются.
2482,2482,Çare aramaya başladık,Мы начали искать решение.
2483,2483,Bu açıklamaya kanaat getirdim,Я удовлетворился этим объяснением.
2484,2484,Riskleri ölçüp biçti,Он взвесил риски.
2485,2485,delik deşik etmek,"Испортить, изрешетить пулями или дырами."
2486,2486,derdine çare olmak,"Найти решение для чьей-то проблемы, помочь."
2487,2487,emri başı üstüne,"Выражение готовности беспрекословно выполнить приказ (""Приказ – высший закон"")."
2488,2488,ipler koptu,"Связь, отношения окончательно разорваны."
2489,2489,Danıştay kararı onadı.,Государственный совет утвердил решение.
2490,2490,Bakteri mikroskopla görülür.,Бактерии видны под микроскопом.
2491,2491,Bu sosyal bir olgudur.,Это социальное явление.
2492,2492,Bu ormanda zehirli mantar bulunur.,В этом лесу встречаются ядовитые грибы.
2493,2493,Şirketin denetlenme süreci başladı.,Начался процесс проверки компании.
2494,2494,Özgürlüğün kısıtlanmasına karşıyım.,Я против ограничения свободы.
2495,2495,Siyasi propaganda seçimlerden önce arttı.,Политическая пропаганда усилилась перед выборами.
2496,2496,Bu partinin ideolojisi nettir.,Идеология этой партии ясна.
2497,2497,O güçlü bir şahsiyete sahiptir.,У него сильный характер.
2498,2498,Bu yazılımın yeni bir versiyonu çıktı.,Вышла новая версия этого программного обеспечения.
2499,2499,Galaya ünlü isimler katıldı.,На гала-вечере присутствовали знаменитости.
2500,2500,Durum tamamen trajikomikti.,Ситуация была совершенно трагикомичной.
2501,2501,Orijinal fikrini beğendim.,Мне понравилась твоя оригинальная идея.
2502,2502,Eski makinenin bobinleri yanmış.,Катушки старой машины сгорели.
2503,2503,Bu arazi özel mülkiyettir.,Эта земля находится в частной собственности.
2504,2504,Filmin başrol oyuncusu çok başarılıydı.,Исполнитель главной роли в фильме был очень успешен.
2505,2505,Ev tapusu bankada duruyor.,Документ на собственность дома хранится в банке.
2506,2506,O konu hariç her şeyi konuşabiliriz.,"Мы можем говорить обо всем, кроме этой темы."
2507,2507,Bu kritik bir karardı.,Это было критическое решение.
2508,2508,Müthiş bir performans sergiledi.,Он показал потрясающее выступление.
2509,2509,Yaptığı soytarılık herkesi rahatsız etti.,Его шутовство всех раздражало.
2510,2510,Davet smokin gerektiriyor.,На приглашении указан смокинг.
2511,2511,Rezil bir duruma düştük.,Мы попали в позорную ситуацию.
2512,2512,Gitmeye mecburum.,Я вынужден уйти.
2513,2513,Gladyatörler arenada dövüşürdü.,Гладиаторы сражались на арене.
2514,2514,Vatan uğruna canını feda etti.,Он пожертвовал жизнью ради родины.
2515,2515,Resmi bir doküman imzaladık.,Мы подписали официальный документ.
2516,2516,Tribünler taraftarlarla doluydu.,Трибуны были заполнены болельщиками.
2517,2517,Dosyanın uzantısını değiştirdim.,Я изменил расширение файла.
2518,2518,Bina restore edildi,Здание было отреставрировано.
2519,2519,Harcamaları sınırlı tutuyoruz,Мы ограничиваем расходы.
2520,2520,Bana kılavuzluk etti,Он выступил моим проводником.
2521,2521,Soruyu ona yöneltti,Он направил вопрос ему.
2522,2522,Işık suda yansıyor,Свет отражается в воде.
2523,2523,Bir hedef tutturdum,Я поставил себе цель.
2524,2524,canı gönülden,"Делать что-то от всей души, искренне, с большим желанием."
2525,2525,göz önüne serilmek,"Быть представленным, показанным явно, очевидно."
2526,2526,çığır açmak,"Совершить прорыв, открыть новую эпоху в чем-либо."
2527,2527,iki laf etmek,"Поговорить немного, обменяться парой слов."
2528,2528,gün ışığına çıkarmak,"Обнародовать, раскрыть что-то скрытое (тайну, факты)."
2529,2529,ilham almak,Черпать вдохновение откуда-либо или от кого-либо.
2530,2530,peşine düşmek,"Пуститься в погоню, начать активно преследовать или добиваться чего-либо."
2531,2531,bir şeyde hakkı olmak,"Иметь право, заслуженную претензию на что-либо."
2532,2532,sönük kalmak,"Быть бледным, незаметным на фоне кого-то или чего-то более яркого."
2533,2533,kanun çıkarmak,Принять закон (о государственных органах).
2534,2534,işe girişmek,"Приступить к делу, начать работу над чем-либо."
2535,2535,Tevazu göstermesi takdir topladı.,Его скромность вызвала уважение.
2536,2536,İktidar hırsı onu yoldan çıkardı.,Страсть к власти свела его с пути.
2537,2537,Sağlıklı bir muhakeme yapamıyor.,Он не может здраво рассуждать.
2538,2538,Toplumsal bilinç artıyor.,Общественное сознание растет.
2539,2539,Dürüstlük önemli bir fazilettir.,Честность — важная добродетель.
2540,2540,Bu kararda bir hikmet aramalıyız.,Мы должны искать мудрость в этом решении.
2541,2541,Şuurunu kaybetti.,Он потерял сознание.
2542,2542,Eski bir halıda güzel nahışlar vardı.,На старом ковре были красивые узоры.
2543,2543,İşitsel hafızası çok kuvvetli.,У него очень сильная слуховая память.
2544,2544,Görsel sanatlara ilgisi var.,У него интерес к визуальным искусствам.
2545,2545,Beş duyumuz vardır.,У нас есть пять чувств.
2546,2546,Alerjik bir reaksiyon gösterdi.,У него проявилась аллергическая реакция.
2547,2547,Bu yazılımı geliştirdik.,Мы разработали это программное обеспечение.
2548,2548,Küreselleşme kaçınılmaz bir süreçtir.,Глобализация — неизбежный процесс.
2549,2549,En önemli faktör zamandır.,Самый важный фактор — время.
2550,2550,Kalifiye eleman arıyorlar.,Они ищут квалифицированного сотрудника.
2551,2551,Sonuç birçok bileşkenin etkisiydi.,Результат был следствием воздействия многих составляющих.
2552,2552,Entelektüel birikimi geniş.,У него обширные интеллектуальные знания.
2553,2553,Uygar bir toplum hedefliyoruz.,Мы стремимся к цивилизованному обществу.
2554,2554,Bu pozisyon için yetkinlik gerekiyor.,Для этой должности требуется компетентность.
2555,2555,Ütopik bir dünya hayal etti.,Он представлял утопический мир.
2556,2556,Bu iki olayı irtibatlandırdım,Я связал эти два события.
2557,2557,Sistem yeniden yapılandırıldı,Система была реструктурирована.
2558,2558,Olumlu telkinler işe yarar.,Позитивные внушения работают.
2559,2559,Çerçeveyi duvara astık.,Мы повесили рамку на стену.
2560,2560,Ergenlik dönemi zor geçebilir.,Подростковый период может проходить тяжело.
2561,2561,Teşvik amaçlı ödüller verildi.,Были выданы поощрительные призы.
2562,2562,Matematiğe yatkın bir çocuk.,"Ребенок, склонный к математике."
2563,2563,Canlı yayın başladı.,Прямая трансляция началась.
2564,2564,Nezaketle ayağa kalktı.,Он вежливо встал.
2565,2565,Islahevine gönderildi.,Его отправили в исправительное учреждение.
2566,2566,Palmiye ağaçları kıyıyı süslüyor.,Пальмы украшают побережье.
2567,2567,Bu bir ferdin kararı olamaz.,Это не может быть решением одного человека.
2568,2568,Mağdur durumdaki insanlara yardım etmeliyiz.,"Мы должны помогать людям, находящимся в бедственном положении."
2569,2569,Kayıplarını telafi etmeye çalışıyor.,Он пытается компенсировать свои потери.
2570,2570,Hükümran güç halktan gelir.,Суверенная власть исходит от народа.
2571,2571,Uyuşmazlığı çözmek için hakeme başvurduk.,Мы обратились к арбитру для разрешения спора.
2572,2572,Sistematik bir çalışma yürütüyor.,Он ведет систематическую работу.
2573,2573,Bu uzlaşımsal bir kuraldır.,Это конвенциональное правило.
2574,2574,Ferdi sorumluluk almak önemlidir.,Важно брать на себя личную ответственность.
2575,2575,Olaylar karşısında itidalini korudu.,Он сохранял хладнокровие перед лицом событий.
2576,2576,Asli görevi budur.,Это его основная обязанность.
2577,2577,Akiti iki taraf da imzaladı.,Обе стороны подписали договор.
2578,2578,Kamu yararını gözetmeliyiz.,Мы должны учитывать общественные интересы.
2579,2579,Otoriteyi sorgulamamız gerekiyor.,Нам нужно ставить под сомнение власть.
2580,2580,Müebbet hapis cezasına çarptırıldı.,Он был приговорен к пожизненному заключению.
2581,2581,İşkence kesinlikle yasaktır.,Пытки абсолютно запрещены.
2582,2582,Serada domates yetiştiriyoruz.,Мы выращиваем помидоры в теплице.
2583,2583,Minyatür bir tablo satın aldı.,Он купил миниатюрную картину.
2584,2584,Molozları kamyona yüklediler.,Они погрузили строительный мусор в грузовик.
2585,2585,Duvarında ünlü bir rock grubunun poster var.,На его стене висит постер известной рок-группы.
2586,2586,Lağım sistemi tıkandı.,Канализация засорилась.
2587,2587,Proje için hibe aldılar.,Они получили грант на проект.
2588,2588,Fikirlerimiz çatışıyor,Наши мнения конфликтуют.
2589,2589,Şiirlerinden zikretti,Он процитировал из своих стихов.
2590,2590,Odada volta atıyor,Он ходит взад-вперед по комнате.
2591,2591,Şehirde yolunu buldu,Он нашел дорогу в городе.
2592,2592,Onun fikrini önemsemedim,Я не придал значения его мнению.
2593,2593,Kanun bunu öngörüyor,Закон предусматривает это.
2594,2594,Sendika örgütlendi,Профсоюз был организован.
2595,2595,Malzemeleri temin ettim,Я достал материалы.
2596,2596,Konuyu kavradım,Я понял тему.
2597,2597,Yeni bir beceri edindim,Я приобрел новый навык.
2598,2598,Cemiyet toplantısı yarın.,Завтра собрание общества.
2599,2599,Bu konunun ehemmiyetini anlamalısın.,Ты должен понять важность этого вопроса.
2600,2600,Enflasyon oranları yükseliyor.,Уровень инфляции растет.
2601,2601,Espri anlayışı çok gelişmiş.,У него очень развито чувство юмора.
2602,2602,Fay hattı üzerinde yaşıyoruz.,Мы живем на линии разлома.
2603,2603,Ünlü bir güreşçi ile tanıştım.,Я познакомился со знаменитым борцом.
2604,2604,Hiciv dolu bir yazı yazdı.,"Он написал статью, полную сатиры."
2605,2605,Hikmetli sözleriyle herkesi etkiledi.,Своими мудрыми словами он повлиял на всех.
2606,2606,Irk ayrımcılığına karşıyım.,Я против расовой дискриминации.
2607,2607,İstatistik verileri analiz ediyor.,Он анализирует статистические данные.
2608,2608,Gazetede siyasi bir karikatür vardı.,В газете была политическая карикатура.
2609,2609,Bu araba gerçekten kelepir.,Эта машина действительно удачная покупка.
2610,2610,Elinde koz olarak kullanabileceği bir bilgi var.,"У него есть информация, которую он может использовать как козырь."
2611,2611,Bu bölgenin başlıca mahsulü zeytindir.,Основной урожай этого региона — оливки.
2612,2612,Bunu mahsus yaptım.,Я сделал это специально.
2613,2613,Geçerli bir mazeret sunamadı.,Он не смог представить уважительную причину.
2614,2614,Meddah taklitlerle seyirciyi eğlendirdi.,Меддах развлекал публику пародиями.
2615,2615,Mizah anlayışı farklıdır.,У него своеобразное чувство юмора.
2616,2616,Moruk eski hikayeler anlatmaya başladı.,Старик начал рассказывать старые истории.
2617,2617,Muhalif görüşlere saygı duymalıyız.,Мы должны уважать оппозиционные взгляды.
2618,2618,Anlattıklarında mübalğa var.,В его рассказах есть преувеличение.
2619,2619,Bu mülk ailemizden kalmadır.,Эта собственность досталась нам от семьи.
2620,2620,Okul müsameresi için hazırlanıyorlar.,Они готовятся к школьному спектаклю.
2621,2621,Nezaketle kapıyı açtı.,Он вежливо открыл дверь.
2622,2622,Nükteli bir cevap verdi.,Он дал остроумный ответ.
2623,2623,Orta oyunu geleneksel Türk tiyatrosudur.,Орта оюну — это традиционный турецкий театр.
2624,2624,Öksüz çocuklara yardım etmeliyiz.,Мы должны помогать детям-сиротам.
2625,2625,Sirkte palyaçoları izledik.,Мы смотрели на клоунов в цирке.
2626,2626,Basketbol potası bozuk.,Баскетбольное кольцо сломано.
2627,2627,Sadaka vermek iyidir.,Подавать милостыню — это хорошо.
2628,2628,Şivesinden hangi şehirden olduğu anlaşılıyor.,По его акценту можно понять из какого он города.
2629,2629,Taşlama şiirleriyle tanınır.,Он известен своими сатирическими стихами.
2630,2630,Teferruata girmeye gerek yok.,Нет необходимости вдаваться в детали.
2631,2631,Tereddüt etmeden evet dedi.,Он сказал «да» без колебаний.
2632,2632,Sözlerinin tesiri büyük oldu.,Его слова оказали большое влияние.
2633,2633,Bu pozisyon için gerekli vasıflara sahip.,Он обладает необходимыми качествами для этой должности.
2634,2634,Vatoz balığını gördük.,Мы видели ската.
2635,2635,Yergi dolu bir yazı yayımlandı.,Была опубликована статья полная критики.
2636,2636,Yetimhane ziyaret edeceğiz.,Мы посетим детский дом.
2637,2637,Bu zümre kendini üstün görüyor.,Эта группа считает себя превосходящей других.
2638,2638,Düşüncelerini dile getirdi,Он выразил свои мысли.
2639,2639,Beni hedef aldılar,Они взяли меня на прицел.
2640,2640,Söylediğine içerledim,"Я обиделся на то, что ты сказал."
2641,2641,Mahkûm edildi,Он был осужден.
2642,2642,Bu film onu meşhur etti,Этот фильм сделал его знаменитым.
2643,2643,Hastayı hastaneye sevk ettiler,Они направили пациента в больницу.
2644,2644,bıyık altından gülmek,"Усмехаться про себя, скрыто, с чувством превосходства или злорадства."
2645,2645,dilinden düşmemek,"То же, что ""dilinden düşürmemek"" – постоянно говорить о чем-то."
2646,2646,göze batmak,Бросаться в глаза (часто в негативном смысле – вызывать раздражение).
2647,2647,gözlerinin içi gülmek,"Сиять от счастья, радости (глаза смеются)."
2648,2648,gülmekten kırılmak,"Смеяться до изнеможения, очень сильно."
2649,2649,gündem oluşturmak,"Стать темой для обсуждений, привлечь общественное внимание."
2650,2650,iş çevirmek,"Заниматься махинациями, темными делишками."
2651,2651,lafın altından kalkmak,"Суметь ответить на замечание, парировать, справиться с разговором."
2652,2652,şaka kaldırmak,Быть способным воспринимать шутки в свой адрес.
2653,2653,şakası olmamak,"Быть не шуточным, серьезным делом."
2654,2654,şakaya vurmak,"Обратить что-то в шутку, попытаться снять напряженность юмором."
2655,2655,yüze gülmek,"Быть лицемерно любезным, льстить кому-то в глаза."
2656,2656,Mal varlığını açıkladı.,Он объявил свое состояние.
2657,2657,Tüketici haklarını korumalıyız.,Мы должны защищать права потребителей.
2658,2658,Aylık geliri yüksek.,Его ежемесячный доход высок.
2659,2659,Gereksiz harcama yapmamalısın.,Тебе не следует делать ненужные траты.
2660,2660,Talep çok arz yetersiz.,"Спрос высок, предложение недостаточно."
2661,2661,İthal ürünler pahalılaştı.,Импортные товары подорожали.
2662,2662,Sanayileşme hızla ilerledi.,Индустриализация быстро продвигалась.
2663,2663,Ekonomik istikrar sağlandı.,Экономическая стабильность была достигнута.
2664,2664,Aktif olarak çalışıyor.,Он работает активно.
2665,2665,Sistemde bir aksaklık var.,В системе есть сбой.
2666,2666,Sorumsuz davranışları herkesi üzdü.,Его безответственное поведение огорчило всех.
2667,2667,Kredi kartı limiti doldu.,Лимит кредитной карты исчерпан.
2668,2668,Bu ürün lüks kategorisinde.,Этот товар относится к категории люкс.
2669,2669,Eski bir hatırı için yardım etti.,Он помог по старой памяти.
2670,2670,Radyasyona maruz kaldı,Он подвергся радиации.
2671,2671,Karamsarlık hüküm sürüyor,Царит пессимизм.
2672,2672,Buna ne adlandıracaksın?,Как ты это назовешь?
2673,2673,Uzaktan görebildim,Я смог увидеть издалека.
2674,2674,Yürümeye üşendim,Мне лень было идти.
2675,2675,Bu konuya aşina değilim.,Я не знаком с этой темой.
2676,2676,Atık yağları dökmeyin.,Не сливайте отработанное масло.
2677,2677,Tavan basık hissediliyor.,Потолок кажется низким.
2678,2678,Bilimkurgu filmlerini seviyorum.,Я люблю научно-фантастические фильмы.
2679,2679,Buzul çağı hakkında bir belgesel izledik.,Мы посмотрели документальный фильм о ледниковом периоде.
2680,2680,Çapı 10 cm olan bir daire çizdi.,Он нарисовал круг диаметром 10 см.
2681,2681,Çölleşme tehlikeli boyutlara ulaştı.,Опустынивание достигло опасных масштабов.
2682,2682,Deri vücudun en büyük dokusudur.,Кожа — самый большой орган тела.
2683,2683,Ani bir dürtü ile hareket etti.,Он действовал по внезапному импульсу.
2684,2684,Egemen devletler eşittir.,Суверенные государства равны.
2685,2685,Eksantrik bir karakteri var.,У него эксцентричный характер.
2686,2686,Ekvator Dünya'yı ikiye böler.,Экватор делит Землю пополам.
2687,2687,Elipsoid şeklinde bir cisim.,Тело эллипсоидной формы.
2688,2688,Fosil yakıtlar tükeniyor.,Ископаемое топливо истощается.
2689,2689,Hammadde ithalatı artıyor.,Импорт сырья растет.
2690,2690,İlkelerinden ödün vermez.,Он не отступает от своих принципов.
2691,2691,İnanışlarına saygı duyuyorum.,Я уважаю его верования.
2692,2692,Ekonomik kalkınma için çaba gösteriyorlar.,Они прилагают усилия для экономического развития.
2693,2693,Kardiyovasküler sistem çok önemlidir.,Сердечно-сосудистая система очень важна.
2694,2694,Kasırga büyük hasara yol açtı.,Ураган нанес большой ущерб.
2695,2695,Kıyas yaparak anlamaya çalış.,"Попробуй понять, проводя сравнения."
2696,2696,Kireç taşından bir heykel yapılmış.,Статуя сделана из известняка.
2697,2697,Klostrofobisi olduğu için asansöre binemiyor.,Он не может ездить в лифте из-за клаустрофобии.
2698,2698,Kozmonot uzayda yürüdü.,Космонавт вышел в открытый космос.
2699,2699,Kutup ayıları soğukta yaşar.,Белые медведи живут в холоде.
2700,2700,Dünya bir küre şeklindedir.,Земля имеет форму шара.
2701,2701,Küremsi bir yapıya sahip.,Он имеет сферическую структуру.
2702,2702,Maceraperest bir ruha sahip.,У него дух авантюриста.
2703,2703,Milattan önce yaşamış uygarlıklar.,"Цивилизации, существовавшие до нашей эры."
2704,2704,Mürettebat hazırlıkları tamamladı.,Экипаж завершил приготовления.
2705,2705,Dağ oluşumu milyonlarca yıl sürer.,Формирование гор занимает миллионы лет.
2706,2706,Radyatör suyu sızdırıyor.,Радиатор протекает.
2707,2707,Arsa rantı çok yüksek.,Земельная рента очень высока.
2708,2708,Ayinler bir tür ritüeldir.,Обряды — это вид ритуала.
2709,2709,Yolculuktan sağ salim döndüler.,Они благополучно вернулись из путешествия.
2710,2710,Sapma açısını hesapladık.,Мы рассчитали угол отклонения.
2711,2711,Bir uçuş simülasyonu oynadık.,Мы играли в авиасимулятор.
2712,2712,Solunum problemi yaşıyor.,У него проблемы с дыханием.
2713,2713,Sürdürülebilirlik gelecek için önemli.,Устойчивость важна для будущего.
2714,2714,Doğal tahrip endişe verici.,Разрушение природы вызывает беспокойство.
2715,2715,Taşkın nedeniyle yollar kapandı.,Дороги закрыты из-за наводнения.
2716,2716,Tehdit içeren mesajlar aldı.,Он получал сообщения с угрозами.
2717,2717,Tesisatçıyı aramamız gerekiyor.,Нам нужно вызвать сантехника.
2718,2718,Sorunun tespiti yapıldı.,Была проведена диагностика проблемы.
2719,2719,Bu olay yeni tartışmaları tetikledi.,Это событие спровоцировало новые споры.
2720,2720,Hata payına karşı toleransım yok.,У меня нет терпимости к погрешности.
2721,2721,Topografik harita kullanıyoruz.,Мы используем топографическую карту.
2722,2722,Uydu görüntüleri analiz ediliyor.,Спутниковые снимки анализируются.
2723,2723,Vantilatör bozuldu.,Вентилятор сломался.
2724,2724,Dairenin yarıçapı 5 metredir.,Радиус круга составляет 5 метров.
2725,2725,Yerçekimi olmasa uçardık.,"Если бы не гравитация, мы бы летали."
2726,2726,Yerküre'nin %70'i sudur.,70% Земли — это вода.
2727,2727,Zirveye ulaşmak zorlu bir yolculuktu.,Достижение вершины было трудным путешествием.
2728,2728,Halkı bilinçlendirmeliyiz,Мы должны повышать осведомленность людей.
2729,2729,Zor bir durumla karşı karşıya kaldık,Мы столкнулись с трудной ситуацией.
2730,2730,Meyveler tezgâhta yığıldı,Фрукты сложили на прилавке.
2731,2731,Kaza arabayı zedeledi,Авария повредила машину.
2732,2732,Yeni nesil daha teknolojik.,Новое поколение более технологично.
2733,2733,Zamane gençliği farklı düşünüyor.,Современная молодежь думает по-другому.
2734,2734,Haberler artık dijital mecralarda yayılıyor.,Новости теперь распространяются на цифровых площадках.
2735,2735,Girişimcilik ruhunu destekliyoruz.,Мы поддерживаем дух предпринимательства.
2736,2736,"Gitmek istemiyorum, zira çok yorgunum.",Я не хочу идти потому что я очень устал.
2737,2737,Kuşak çatışması her dönemde var.,Конфликт поколений существует в каждую эпоху.
2738,2738,Vefasız bir arkadaştı.,Он был неверным другом.
2739,2739,Küresel ısınma tehdidi büyüyor.,Угроза глобального потепления растет.
2740,2740,Denetim mekanizması işlemiyor.,Контрольный механизм не работает.
2741,2741,Hayatı bir serüven gibi yaşıyor.,Он живет жизнью как приключением.
2742,2742,Büyük bir karmaşa yaşandı.,Произошел большой хаос.
2743,2743,Kapkaç olayına şahit oldum.,Я стал свидетелем ограбления.
2744,2744,Meydanda bir arbede çıktı.,На площади произошла потасовка.
2745,2745,Terör eylemi kınandı.,Теракт был осужден.
2746,2746,Gazete manşetleri sarsıcıydı.,Заголовки газет были шокирующими.
2747,2747,Kitle iletişim araçları güçlüdür.,Средства массовой информации могущественны.
2748,2748,Hıdrellez baharın müjdecisidir.,Хыдреллез — предвестник весны.
2749,2749,Odan darmadağın olmuş.,Твоя комната в полном беспорядке.
2750,2750,Burası çok işlek bir cadde.,Это очень оживленная улица.
2751,2751,Alıntı yaparken kaynak göstermelisin.,При цитировании следует указывать источник.
2752,2752,Nadir bulunan bir taştır.,Это редко встречающийся камень.
2753,2753,Kerameti kendinden menkul biri.,"Человек, чьи чудеса исходят от него самого."
2754,2754,Gündem çok yoğun.,Повестка дня очень насыщенная.
2755,2755,Şöhreti dünyaya yayıldı.,Его слава распространилась по миру.
2756,2756,Çevrimiçi derslere katılıyor.,Он посещает онлайн-уроки.
2757,2757,Arkeolojik bulgu çok değerli.,Археологическая находка очень ценна.
2758,2758,İnternet erişimi yok.,Нет доступа в интернет.
2759,2759,İlkel yaşam koşullarına sahipler.,У них примитивные условия жизни.
2760,2760,Ozan şiirlerini saz eşliğinde okurdu.,Озан читал свои стихи под сопровождение саза.
2761,2761,Yerel yönetimlere önem verilmeli.,Следует уделять внимание местному самоуправлению.
2762,2762,Taklit ürünler satılıyor.,Продаются поддельные товары.
2763,2763,Eleştirmenler filmi beğenmedi.,Критикам не понравился фильм.
2764,2764,Kıt kaynakları verimli kullanmalıyız.,Мы должны эффективно использовать скудные ресурсы.
2765,2765,Gurbet elde yaşamak zordur.,Тяжело жить на чужбине.
2766,2766,Evladının mürüvvetini göremedi.,"Он не дожил до того, чтобы увидеть успехи своего ребенка."
2767,2767,Seni de dahil ettik,Мы включили и тебя.
2768,2768,Müziğe yatkındır,Он склонен к музыке.
2769,2769,İki ürünü kıyasladım,Я сравнил два продукта.
2770,2770,Bahane uydurma,Не придумывай отговорки.
2771,2771,Kamuoyu oluşturuldu,Было сформировано общественное мнение.
2772,2772,Gazeteciler ona çullandı,Журналисты набросились на него.
2773,2773,Yalan söylemeye yeltendi,Он попытался солгать.
2774,2774,Onu sosyal medyada linç ettiler,Они подвергли его травле в соцсетях.
2775,2775,Feryat etmeye başladı,Он начал вопить.
2776,2776,Sözlerimi çarpıttı,Он исказил мои слова.
2777,2777,Bilgiyi aktardım,Я передал информацию.
2778,2778,Çocuklara tembihledim,Я наставил детей.
2779,2779,Sınıfta sivrildi,Он выделился в классе.
2780,2780,Saçlarını taradı,Она расчесала волосы.
2781,2781,Özgürlüğümüzü kısıtlıyorlar,Они ограничивают нашу свободу.
2782,2782,Mal ihraç ediyoruz,Мы экспортируем товары.
2783,2783,Bana sitem etti,Он упрекнул меня.
2784,2784,gözler önüne sermek,"Явно показать, выставить что-либо напоказ (часто неприглядное)."
2785,2785,basmakalıp,"Шаблонный, лишенный оригинальности, избитый (о фразах, идеях)."
2786,2786,evde kalmak,"Остаться незамужней (о женщине, устаревший оттенок)."
2787,2787,olmayacak duaya amin demek,"Поддерживать бесперспективное, безнадежное дело."
2788,2788,doğmamış çocuğa don biçmek,"Строить планы на далекое и неопределенное будущее, преждевременно."
2789,2789,kaynanası sevmek,"Делать что-то очень редко или против воли (букв. ""любить свою свекровь"")."
2790,2790,sihirli kutu,"Телевизор (метафорически, часто с негативным оттенком)."
2791,2791,aptal kutusu,"Грубое название телевизора (""ящик для дураков"")."
2792,2792,pes doğrusu,"Выражение крайнего удивления или восхищения (""Ну надо же!"", ""Ничего себе!"")."
2793,2793,çarşaf çarşaf,"Очень много текста, занимающего целые страницы (например, в газете)."
2794,2794,ekmek yemek,"Зарабатывать на жизнь, кормиться чем-либо (профессией, делом)."
2795,2795,pabucunu dama atmak,"Превзойти кого-то, сделать так, чтобы кто-то потерял свою ценность или положение."
2796,2796,Afrika kıtası çok geniştir.,Африканский континент очень обширен.
2797,2797,Ünlü bir sinema aktörü.,Знаменитый киноактер.
2798,2798,Alman mühendisliği meşhurdur.,Немецкая инженерия известна.
2799,2799,Amerika'ya yerleşmek istiyor.,Он хочет переехать в Америку.
2800,2800,Arap alfabesi farklıdır.,Арабский алфавит отличается.
2801,2801,Arnavut komşumuz çok iyidir.,Наш албанский сосед очень хороший.
2802,2802,Arnavutluk Balkanlar'dadır.,Албания находится на Балканах.
2803,2803,Asya kıtası en kalabalıktır.,Азиатский континент самый густонаселенный.
2804,2804,Avustralya'da kangurular yaşar.,В Австралии живут кенгуру.
2805,2805,Balkonda kahve içiyoruz.,Мы пьем кофе на балконе.
2806,2806,Banyo temizlenmeli.,Ванную нужно убрать.
2807,2807,Çalışma odasında ders çalışıyorum.,Я учусь в кабинете.
2808,2808,Çamaşır odası dolapta.,Прачечная в шкафу.
2809,2809,Çinli bir turist grubu geldi.,Прибыла группа китайских туристов.
2810,2810,Çocuk odasını boyadık.,Мы покрасили детскую.
2811,2811,Bir fincan kahve lütfen.,"Чашку кофе, пожалуйста."
2812,2812,Arabayı garaja park etti.,Он припарковал машину в гараже.
2813,2813,Gri bir kazağı var.,У него серая кофта.
2814,2814,Güney Amerika'da Amazon ormanları bulunur.,В Южной Америке находятся леса Амазонки.
2815,2815,İngiliz çay kültürü meşhurdur.,Английская чайная культура известна.
2816,2816,İran Ortadoğu'dadır.,Иран находится на Ближнем Востоке.
2817,2817,İranlı bir yazarın kitabını okuyorum.,Я читаю книгу иранского писателя.
2818,2818,İspanyol flamenkosunu seviyorum.,Я люблю испанское фламенко.
2819,2819,Kahverengi ayakkabı giymiş.,Он надел коричневые туфли.
2820,2820,Koreli arkadaşımdan hediye geldi.,Пришел подарок от моего корейского друга.
2821,2821,Kulaklıkla müzik dinliyor.,Он слушает музыку в наушниках.
2822,2822,Kuzey Amerika'da üç büyük ülke var.,В Северной Америке три больших страны.
2823,2823,Malezya tropikal bir ülkedir.,Малайзия — тропическая страна.
2824,2824,Malezyalı iş adamları ile görüştük.,Мы встретились с малайзийскими бизнесменами.
2825,2825,Mısır piramitleri dünyaca meşhurdur.,Египетские пирамиды известны во всем мире.
2826,2826,Mısırlı rehber bize eşlik etti.,Египетский гид сопровождал нас.
2827,2827,Pakistan'ın başkenti İslamabad'dır.,Столица Пакистана — Исламабад.
2828,2828,Pakistanlı doktorlar ekibe katıldı.,Пакистанские врачи присоединились к команде.
2829,2829,Profesör ders veriyor.,Профессор ведет лекцию.
2830,2830,Rus edebiyatı çok zengindir.,Русская литература очень богата.
2831,2831,Sandalyede oturuyor.,Он сидит на стуле.
2832,2832,Bunu yapmasının sebebi nedir?,"Какова причина, по которой он это делает?"
2833,2833,Seyahat etmek için vize aldım.,Я получил визу для путешествия.
2834,2834,Somali'de insani kriz var.,В Сомали гуманитарный кризис.
2835,2835,Turuncu bir elbise aldı.,Она купила оранжевое платье.
2836,2836,Türk kahvesi içelim mi?,Выпьем турецкий кофе?
2837,2837,Üç kişi bekliyor.,Три человека ждут.
2838,2838,Yatak odasında televizyon var.,В спальне есть телевизор.
2839,2839,Yunan mitolojisini okuyorum.,Я читаю греческую мифологию.
2840,2840,Yunanistan'a tatile gideceğiz.,Мы поедем в Грецию на отдых.
2841,2841,Soruma cevap verdi,Он ответил на мой вопрос.
2842,2842,Burada soru olmaz,Здесь вопросов не будет.
2843,2843,Görüşürüz.,"Неформальное ""Увидимся""."
2844,2844,Görüşmek üzere.,"Более формальное ""До встречи""."
2845,2845,Bozuk para lazım mı?,Нужна мелочь?
2846,2846,Bu kitabın birinci bölümünü okudum.,Я прочитал первую главу этой книги.
2847,2847,Doğru cevabı biliyor musun?,Ты знаешь правильный ответ?
2848,2848,Eşyalarını topladı mı?,Он собрал свои вещи?
2849,2849,Burası güvenli bir bölge.,Это безопасный район.
2850,2850,Hostesler kabin hazırlığı yapıyor.,Стюардессы готовят салон.
2851,2851,Kardeşim üniversiteye gidiyor.,Мой брат ходит в университет.
2852,2852,Kısa bir süre sonra döneceğim.,Я вернусь через короткое время.
2853,2853,Kirli çamaşırları sepete at.,Брось грязное белье в корзину.
2854,2854,Küçük bir çocuk kaybolmuş.,Маленький ребенок потерялся.
2855,2855,Takımımız ligde birinci.,Наша команда первая в лиге.
2856,2856,Alışveriş listesi hazırladım.,Я приготовил список покупок.
2857,2857,Olimpiyat oyunları dört yılda bir yapılır.,Олимпийские игры проводятся раз в четыре года.
2858,2858,Sağlam bir yapı inşa ettiler.,Они построили прочное здание.
2859,2859,Şimdilik bu kadar yeter.,Пока что этого достаточно.
2860,2860,Temizlik görevlisi koridoru siliyor.,Уборщик протирает коридор.
2861,2861,Tezgahtar çok yardımseverdi.,Продавец был очень услужливым.
2862,2862,Uzun bir yolculuk bizi bekliyor.,Нас ждет долгое путешествие.
2863,2863,Yumuşak bir yastık kullanıyorum.,Я использую мягкую подушку.
2864,2864,Bu soru çok zor.,Этот вопрос очень трудный.
2865,2865,Bilete ihtiyacınız var mı?,Вам нужен билет?
2866,2866,Her gün spor yaparım.,Я занимаюсь спортом каждый день.
2867,2867,İş adamları toplantıda.,Бизнесмены на собрании.
2868,2868,Kampüs çok büyük.,Кампус очень большой.
2869,2869,Kanepede uyuyakalmışım.,Я уснул на диване.
2870,2870,Manikür randevusu aldım.,Я записалась на маникюр.
2871,2871,Terapi seansına katıldı.,Он посетил сеанс терапии.
2872,2872,Sinemaya gidelim mi?,Пойдем в кино?
2873,2873,Yarın görüşürüz.,Увидимся завтра.
2874,2874,Akşam ders çalışacağım,Я буду учиться вечером.
2875,2875,Kuaförde saç kestirdim,Я постригся у парикмахера.
2876,2876,Arapça öğreniyorum.,Я учу арабский язык.
2877,2877,Arnavutça bilen var mı?,Кто-нибудь знает албанский?
2878,2878,Çift olarak katıldılar.,Они участвовали парой.
2879,2879,Yemek enfesti.,Еда была восхитительной.
2880,2880,E-postayı kontrol etmelisin.,Тебе следует проверить электронную почту.
2881,2881,İngilizce konuşabiliyor musun?,Ты говоришь по-английски?
2882,2882,Kazakça Türkçe'ye benzer.,Казахский язык похож на турецкий.
2883,2883,Kazakistan Orta Asya'dadır.,Казахстан находится в Центральной Азии.
2884,2884,Rusça kursuna yazıldım.,Я записался на курсы русского языка.
2885,2885,Sosyal medyada çok vakit geçiriyor.,Он проводит много времени в социальных сетях.
2886,2886,Hafta sonu golf oynadık,Мы играли в гольф в выходные.
2887,2887,Tatil için plan yapıyoruz,Мы планируем отпуск.
2888,2888,Piyano çalmak için pratik yapıyorum,Я практикуюсь играть на пианино.
2889,2889,Ona selam söyle,Передай ему привет.
2890,2890,Bayramlık elbisesini giydi.,Она надела праздничное платье.
2891,2891,Buket çiçek hediye etti.,Он подарил букет цветов.
2892,2892,Coşkuyla kutlama yaptılar.,Они праздновали с энтузиазмом.
2893,2893,Çocuğa harçlık verdim.,Я дал ребенку карманные деньги.
2894,2894,Hayvanat bahçesine gezi düzenlendi.,Была организована экскурсия в зоопарк.
2895,2895,Nikah memuru belgeleri hazırladı.,Сотрудник ЗАГСа подготовил документы.
2896,2896,Özel bir davetiyem var.,У меня специальное приглашение.
2897,2897,Son kullanma tarihine bakmalısın.,Тебе следует посмотреть срок годности.
2898,2898,Ücreti peşin ödedi.,Он заплатил сумму заранее.
2899,2899,Düğün yıl dönümlerini kutladılar.,Они отпраздновали годовщину свадьбы.
2900,2900,Seni davet etmek istiyorum,Я хочу пригласить тебя.
2901,2901,Partide eğlendik,Мы повеселились на вечеринке.
2902,2902,Büyüklerin elini öpmek adettir,Целовать руку старшим — это обычай.
2903,2903,Sahne gösterisi yaptılar,Они сделали сценическое шоу.
2904,2904,Çocukları okula götürdüm,Я отвез детей в школу.
2905,2905,Misafire çay ikram etti,Он предложил гостю чай.
2906,2906,Ellerine kolonya döktü,Он плеснул одеколон на руки.
2907,2907,Yardım için para topladık,Мы собрали деньги на помощь.
2908,2908,Söylediklerinden pişman oldum,Я пожалел о сказанном.
2909,2909,Sofrayı hazırladım,Я накрыл на стол.
2910,2910,Çok sosyal bir insandır,Он очень общительный человек.
2911,2911,Yemeğin tadı damağımda kaldı,Вкус еды остался у меня во рту.
2912,2912,Bu baykuş uğur getirir,Эта сова приносит удачу.
2913,2913,Mumları üfleyerek söndürdü,Он задул свечи.
2914,2914,Restoranda yer ayırttık,Мы забронировали столик в ресторане.
2915,2915,Boş zaman geçiriyoruz,Мы проводим свободное время.
2916,2916,Ağrı kesici aldım.,Я принял обезболивающее.
2917,2917,Akciğer röntgeni çektirdi.,Он сделал рентген легких.
2918,2918,Alnına elini koydu.,Он положил руку ей на лоб.
2919,2919,Ateş düşürücü şurup içti.,Он выпил жаропонижающий сироп.
2920,2920,Eksik parçayı bulamadık.,Мы не нашли недостающую деталь.
2921,2921,Dolabın içini temizledim.,Я убрал внутри шкафа.
2922,2922,Karın ağrısı çekiyor.,У него болит живот.
2923,2923,Kaşlarını çattı.,Он нахмурил брови.
2924,2924,Klarnet çalmayı öğreniyor.,Он учится играть на кларнете.
2925,2925,Mercimek çorbası yaptım.,Я приготовил чечевичный суп.
2926,2926,Otantik bir köy kahvesi bulduk.,Мы нашли аутентичную деревенскую кофейню.
2927,2927,Soğuk algınlığına yakalandım.,Я простудился.
2928,2928,Öksürük şurubu aldık.,Мы купили сироп от кашля.
2929,2929,Tarihî bir kentte yaşıyoruz.,Мы живем в историческом городе.
2930,2930,Yaklaşık on kişi geldi.,Пришло примерно десять человек.
2931,2931,Yanağına bir öpücük kondurdu.,Он поцеловал ее в щеку.
2932,2932,Yüksek lisans yapıyor.,Он получает степень магистра.
2933,2933,Yüzünde bir gülümseme vardı.,На его лице была улыбка.
2934,2934,Doktora gidip iğne olmalıyım,Мне нужно сходить к врачу на укол.
2935,2935,Sana inanıyorum,Я верю тебе.
2936,2936,Midem bulanıyor,Меня тошнит.
2937,2937,Hastanede tahlil yaptırdım,Я сдал анализы в больнице.
2938,2938,Parkta vakit geçirdik,Мы провели время в парке.
2939,2939,Güleryüzlü bir satış elemanıydı.,Он был приветливым продавцом.
2940,2940,Sıvı sabun kullanıyoruz.,Мы используем жидкое мыло.
2941,2941,Deprem yüksek zarara yol açtı.,Землетрясение нанесло высокий ущерб.
2942,2942,Pastayı dilimlere böldüm,Я разделил торт на кусочки.
2943,2943,Bana su getirir misin?,Принесешь мне воды?
2944,2944,Çorbayı karıştırdı,Он помешал суп.
2945,2945,Ekmeği kestim,Я нарезал хлеб.
2946,2946,Yemek sipariş verdik,Мы заказали еду.
2947,2947,Aileme zaman ayırıyorum,Я уделяю время семье.
2948,2948,Aksiyon filmlerini sever.,Он любит боевики.
2949,2949,Çavdar ekmeği daha sağlıklıdır.,Ржаной хлеб полезнее.
2950,2950,Çiğ sebze yememelisin.,Тебе не следует есть сырые овощи.
2951,2951,Dram filmleri izlemeyi severim.,Я люблю смотреть драмы.
2952,2952,Gerilim filmi izlerken çok korktum.,"Я очень испугался, смотря триллер."
2953,2953,Kepek sorunu yaşıyor.,У него проблема с перхотью.
2954,2954,Meşhur bir pastanenin kekini aldık.,Мы купили торт в знаменитой кондитерской.
2955,2955,Duyuru panosuna bakmalısın.,Тебе следует посмотреть на доску объявлений.
2956,2956,Doktor ünvanını aldı.,Он получил звание доктора.
2957,2957,Yeni bir göreve atandı,Он был назначен на новую должность.
2958,2958,Üniversiteye başvurdum,Я подал заявление в университет.
2959,2959,Vazoyu düşürdüm,Я уронил вазу.
2960,2960,Gönüllü olarak çalışıyorum,Я работаю волонтером.
2961,2961,Ünlü olmak istiyor,Он хочет стать знаменитым.
2962,2962,Sigara içmekten vazgeçtim,Я бросил курить.
2963,2963,Yeni bir şehre yerleştim,Я переехал в новый город.
2964,2964,Ilık suyla yıkanmak iyi gelir.,Мыться теплой водой полезно.
2965,2965,Traş olmam lazım,Мне нужно побриться.
2966,2966,Komik bir fıkra anlattı.,Он рассказал смешной анекдот.
2967,2967,İklimi ılıman bir yerde yaşıyor.,Он живет в местности с умеренным климатом.
2968,2968,Doğal gaz faturası geldi.,Пришел счет за природный газ.
2969,2969,Çevirmenlik yapıyor.,Он работает переводчиком.
2970,2970,Data analizi için uzman arıyorlar.,Они ищут специалиста для анализа данных.
2971,2971,Yeni bir girişim başlattı.,Он начал новый предпринимательский проект.
2972,2972,Konteyner gemisi limana yanaştı.,Контейнеровоз причалил к порту.
2973,2973,Korkutucu bir rüya gördü.,Ему приснился страшный сон.
2974,2974,Koşulları kabul etmiyorum.,Я не принимаю условия.
2975,2975,Sağlık sigortası yaptırmalısın.,Тебе следует оформить медицинскую страховку.
2976,2976,Su kanalı temizleniyor.,Водный канал очищается.
2977,2977,Güneş enerjisi toplayıcıları kurduk.,Мы установили солнечные коллекторы.
2978,2978,Yapay zeka teknolojisi hızla gelişiyor.,Технология искусственного интеллекта быстро развивается.
2979,2979,Yazılımcı olarak çalışıyor.,Он работает программистом.
2980,2980,Ona bir şans vermelisin,Ты должен дать ему шанс.
2981,2981,Azıyla yetiniyor,Он довольствуется малым.
2982,2982,sıfırdan başlamak,"Начать что-то с чистого листа, не имея ничего."
2983,2983,sıfırdan var etmek,Создать что-то с нуля.
2984,2984,Akupunktur tedavisi gördü.,Он прошел курс иглоукалывания.
2985,2985,Polen alerjisi var.,У него аллергия на пыльцу.
2986,2986,Antibiyotik kullanmam gerekiyor.,Мне нужно принимать антибиотики.
2987,2987,Bilimsel araştırma yapıyor.,Он занимается научным исследованием.
2988,2988,Sigara bağımlısı.,Он зависим от сигарет.
2989,2989,Bağırsakları düzenli çalışmıyor.,Его кишечник работает нерегулярно.
2990,2990,Çocukta bağırsak solucanı tespit edildi.,У ребенка обнаружили кишечного червя.
2991,2991,Belirli bir saatte buluşalım.,Давайте встретимся в определенное время.
2992,2992,Besin değeri yüksek gıdalar tüketmeli.,Нужно употреблять пищу с высокой питательной ценностью.
2993,2993,Beyin cerrahisi geçirdi.,Он перенес операцию на мозге.
2994,2994,Mide bulantısı hissediyor.,Он чувствует тошноту.
2995,2995,Bulaşıcı bir hastalığı var.,У него заразная болезнь.
2996,2996,Burun akıntısı ve hapşırığı var.,У него насморк и чихание.
2997,2997,Can güvenliği tehlikede.,Его жизнь в опасности.
2998,2998,Dezenfektan kullanmayı unutmayın.,Не забывайте использовать дезинфицирующее средство.
2999,2999,Cildinde alerjik döküntü oluştu.,На его коже появилась аллергическая сыпь.
3000,3000,Eklem ağrıları çekiyor.,Он страдает от болей в суставах.
3001,3001,Gerginlik hissediyor musun?,Ты чувствуешь напряжение?
3002,3002,Çocuk ateşli havale geçirdi.,У ребенка были фебрильные судороги.
3003,3003,İç organlarında sorun çıktı.,Возникли проблемы с внутренними органами.
3004,3004,Ağrı kesici iğne vuruldu.,Ему сделали обезболивающий укол.
3005,3005,Bademciklerde iltihap var.,На миндалинах есть воспаление.
3006,3006,İshal oldum.,У меня началась диарея.
3007,3007,Kan akışı hızlandı.,Кровоток ускорился.
3008,3008,Kan dolaşımı bozuk.,У него плохое кровообращение.
3009,3009,Kas sistemi gelişmiş.,У него развитая мышечная система.
3010,3010,Kaygı seviyesi yüksek.,Уровень тревоги высокий.
3011,3011,Kızamık aşısı oldun mu?,Ты делал прививку от кори?
3012,3012,Koltuk değneği kullanıyor.,Он пользуется костылями.
3013,3013,Kronik hastalığı nedeniyle ilaç kullanıyor.,Он принимает лекарства из-за хронической болезни.
3014,3014,Kusma şikayetiyle hastaneye gitti.,Он пошел в больницу с жалобой на рвоту.
3015,3015,Menenjit aşısı yaptırdık.,Мы сделали прививку от менингита.
3016,3016,Midesi bulanıyor.,Его тошнит.
3017,3017,Migren atağı geçirdi.,У него был приступ мигрени.
3018,3018,Mikroplardan korunmalıyız.,Мы должны защищаться от микробов.
3019,3019,Mikroskopla hücreleri inceledi.,Он исследовал клетки под микроскопом.
3020,3020,"Nezle olmuş, burnu akıyor.","Он простужен, у него течет из носа."
3021,3021,Obsesif davranışları var.,У него обсессивное поведение.
3022,3022,Otistik bir çocuğa özel eğitim veriliyor.,Аутичному ребенку предоставляется специальное обучение.
3023,3023,Parazitlerden korunmak için temizliğe dikkat etmeli.,"Чтобы защититься от паразитов, нужно следить за чистотой."
3024,3024,Pastörize süt içmelisin.,Тебе следует пить пастеризованное молоко.
3025,3025,Sorunun psikolojik kökenleri var.,У проблемы есть психологические корни.
3026,3026,Mide rahatsızlığı var.,У него расстройство желудка.
3027,3027,Spor yaparken sakatlık geçirdi.,"Он получил травму, занимаясь спортом."
3028,3028,Salgın hastalık hızla yayılıyor.,Эпидемия быстро распространяется.
3029,3029,Hastalığın semptomlarını taşıyor.,У него есть симптомы болезни.
3030,3030,Simetrik bir yüzü var.,У него симметричное лицо.
3031,3031,Sürükleyici bir roman okudum.,Я прочитал захватывающий роман.
3032,3032,Okul üniforması giymek zorundaydık.,Мы были вынуждены носить школьную форму.
3033,3033,Yarası iyileşiyor.,Его рана заживает.
3034,3034,Yoga yapmak rahatlatıyor.,Занятия йогой расслабляют.
3035,3035,Ona acıdım,Мне его жаль.
3036,3036,Gözyaşları aktı,Слезы потекли.
3037,3037,Saati bozdum,Я сломал часы.
3038,3038,Hastalık bulaştı,Болезнь передалась.
3039,3039,Nüfus hızla çoğalıyor,Население быстро растет.
3040,3040,Hasta kustu,Пациента вырвало.
3041,3041,Ateşimi ölçtüm,Я измерил температуру.
3042,3042,Ayaklarım şişti,Мои ноги опухли.
3043,3043,Onunla temas kurdum,Я связался с ним.
3044,3044,Koşmaktan terledim,Я вспотел от бега.
3045,3045,Soğuktan titriyorum,Я дрожу от холода.
3046,3046,Kazada yaralandı,Он пострадал в аварии.
3047,3047,Haber hızla yayıldı,Новость быстро распространилась.
3048,3048,hastalık hastası,"Ипохондрик, человек, который мнит себя больным."
3049,3049,Akıcı bir şekilde İngilizce konuşuyor.,Он говорит по-английски бегло.
3050,3050,Akranlarıyla iyi anlaşıyor.,Он хорошо ладит со сверстниками.
3051,3051,Fransız aksanıyla konuşuyor.,Он говорит с французским акцентом.
3052,3052,Alaylı bir ustadan öğrendi.,Он научился у мастера без диплома.
3053,3053,Filmi alt yazılı izliyorum.,Я смотрю фильм с субтитрами.
3054,3054,Bunun birçok avantajı var.,У этого много преимуществ.
3055,3055,Ayaküstü yemek yedik.,Мы перекусили на ходу.
3056,3056,İnternet bağlantısı kesildi.,Пропало интернет-соединение.
3057,3057,Başlangıç seviyesinde bir kursa katıldı.,Он записался на курс начального уровня.
3058,3058,Becerilerini farklı alanlarda geliştirmeli.,Ему следует развивать свои навыки в разных областях.
3059,3059,Berbere saç kestirmeye gitti.,Он пошел к парикмахеру стричься.
3060,3060,Doğru bilgiye ulaşmak önemli.,Важно получить достоверную информацию.
3061,3061,Aile geleneği camcılık yapıyorlar.,Они занимаются стеклодувным делом как семейной традицией.
3062,3062,Bu soruna bir çare bulmalıyız.,Мы должны найти решение этой проблемы.
3063,3063,Çıraklık eğitimi alıyor.,Он проходит ученичество.
3064,3064,Çiftçilik zor bir meslektir.,Земледелие — трудная профессия.
3065,3065,Dama oynamayı biliyor musun?,Ты умеешь играть в шашки?
3066,3066,Takımın en büyük destekçisiyim.,Я самый большой болельщик команды.
3067,3067,Detayları atlamamalısın.,Тебе не следует упускать детали.
3068,3068,Her işin bir dezavantajı vardır.,У каждого дела есть свои недостатки.
3069,3069,Disiplinli çalışmak başarı getirir.,Дисциплинированная работа приносит успех.
3070,3070,Dizinde ağrı var.,У него болит колено.
3071,3071,Emlakçılık yaparak geçimini sağlıyor.,"Он зарабатывает на жизнь, работая агентом по недвижимости."
3072,3072,Esneklik gerektiren bir iş.,"Это работа, требующая гибкости."
3073,3073,Hangi eyalette yaşıyorsun?,В каком штате ты живешь?
3074,3074,Dedemiz gemicilik yapardı.,Наш дед занимался мореплаванием.
3075,3075,Sunum için görsel malzeme hazırladı.,Он подготовил наглядные материалы для презентации.
3076,3076,Grafik tasarım kursuna yazıldı.,Он записался на курсы графического дизайна.
3077,3077,Gurur duyulacak bir başarı elde etti.,"Он достиг успеха, которым можно гордиться."
3078,3078,Maçın hakemi tartışmalı kararlar verdi.,Судья матча принимал спорные решения.
3079,3079,İçsel bir huzursuzluk hissediyor.,Он чувствует внутреннее беспокойство.
3080,3080,İki şirket arasında ticari bir ilişki var.,Между двумя компаниями есть деловые отношения.
3081,3081,Bu konuya ilişkin bir rapor hazırladık.,"Мы подготовили отчет, касающийся этого вопроса."
3082,3082,Jüri üyeleri oy kullandı.,Члены жюри проголосовали.
3083,3083,Soyut kavramları anlamak zordur.,Понять абстрактные концепции трудно.
3084,3084,Kinestetik öğrenme stiline sahip.,У него кинестетический стиль обучения.
3085,3085,Projenin temel konseptini anlattı.,Он объяснил основную концепцию проекта.
3086,3086,Seçim kriterleri çok katı.,Критерии отбора очень строгие.
3087,3087,Bilimsel bir makale yayımladı.,Он опубликовал научную статью.
3088,3088,Marangoz olarak çalışıyor.,Он работает плотником.
3089,3089,Mektepli bir subaydı.,Он был офицером с академическим образованием.
3090,3090,Melodisi aklıma takıldı.,Мелодия засела у меня в голове.
3091,3091,Memleket özlemi çekiyor.,Он тоскует по родине.
3092,3092,Muhasebecilik mesleğini seviyor.,Ему нравится профессия бухгалтера.
3093,3093,Nesnel bir değerlendirme yapmalıyız.,Мы должны дать объективную оценку.
3094,3094,Bu iş için nitelikli eleman arıyorlar.,Они ищут квалифицированного сотрудника для этой работы.
3095,3095,Objektif olmaya çalışıyorum.,Я стараюсь быть объективным.
3096,3096,Cümlenin temel ögeleri nelerdir?,Какие основные элементы предложения?
3097,3097,Özgür bir ortamda çalışmak istiyor.,Он хочет работать в свободной обстановке.
3098,3098,Proje teslim tarihini kaçırdı.,Он пропустил срок сдачи проекта.
3099,3099,Müziğin ritmi çok hareketli.,Ритм музыки очень энергичный.
3100,3100,Ritmik hareketlerle dans ettiler.,Они танцевали ритмичными движениями.
3101,3101,Yüzünde sivilce çıktı.,У него на лице вскочил прыщ.
3102,3102,Sunum slaytlarını hazırladın mı?,Ты подготовил слайды для презентации?
3103,3103,Hangi spor dalıyla ilgileniyorsun?,Каким видом спорта ты увлекаешься?
3104,3104,Suçlu hâlâ bulunamadı.,Преступник все еще не найден.
3105,3105,Şekli kareye benziyor.,Его форма похожа на квадрат.
3106,3106,Şüpheli kişi gözaltına alındı.,Подозреваемый был задержан.
3107,3107,Tabletini evde unutmuş.,Он забыл свой планшет дома.
3108,3108,Tasarruflu ampul kullanıyoruz.,Мы используем энергосберегающие лампочки.
3109,3109,Tören saat onda başlayacak.,Церемония начнется в десять.
3110,3110,Üretkan bir yazardır.,Он плодовитый писатель.
3111,3111,Yapboz parçalarını birleştiriyor.,Он собирает пазл.
3112,3112,Yaşıtlarına göre daha olgun.,Он более зрелый по сравнению со сверстниками.
3113,3113,Yatılı okulda okuyor.,Он учится в школе-интернате.
3114,3114,Yoksul insanlara yardım etmeliyiz.,Мы должны помогать бедным людям.
3115,3115,Yoksulluk büyük bir sorundur.,Бедность — большая проблема.
3116,3116,Şirketin yöneticisi istifa etti.,Руководитель компании уволился.
3117,3117,Bu yöntem daha etkili.,Этот метод более эффективен.
3118,3118,Af çıktı,Был объявлен помилование.
3119,3119,İşlerimi aksattı,Это нарушило мои дела.
3120,3120,Verileri analiz ettik,Мы проанализировали данные.
3121,3121,Şarkıya beste yaptı,Он написал музыку к песне.
3122,3122,Üniversiteden burs aldı,Он получил стипендию от университета.
3123,3123,Çocuk büyütmek zor iş,Воспитывать детей — трудное дело.
3124,3124,Kaslarını güçlendiriyor,Он укрепляет свои мышцы.
3125,3125,Bilgileri hafızama kaydettim,Я сохранил информацию в памяти.
3126,3126,Hedefe ulaştık,Мы достигли цели.
3127,3127,Olayı kaydettim,Я записал событие.
3128,3128,Ödül verildi,Была вручена награда.
3129,3129,Özgür düşünmeliyiz,Мы должны мыслить свободно.
3130,3130,Müziğin ritmini tuttu,Он отбивал ритм музыки.
3131,3131,Tedavi sonuç verdi,Лечение дало результат.
3132,3132,Kuralları uyguladı,Он применил правила.
3133,3133,Bu soruda zorlanıyorum,Я затрудняюсь с этим вопросом.
3134,3134,boşluğa düşmek,"Ощущать пустоту, потерять смысл или опору в жизни."
3135,3135,dil dökmek,"Уговаривать, использовать красноречие для убеждения."
3136,3136,eşlik etmek,"Сопровождать кого-либо, аккомпанировать музыкой."
3137,3137,kulak tıkamak,"Не слушать, игнорировать что-либо."
3138,3138,meydan okumak,Бросать вызов кому-либо или чему-либо.
3139,3139,Açlık hissetmeye başladım.,Я начал чувствовать голод.
3140,3140,Akademik kariyer yapmak istiyor.,Он хочет сделать академическую карьеру.
3141,3141,Bu alışveriş sitesinden sıkça alışveriş yaparım.,Я часто покупаю на этом сайте.
3142,3142,Kapıyı asma kilit ile kapattı.,Он закрыл дверь навесным замком.
3143,3143,Ayakkabı topuğu kırıldı.,Каблук на туфле сломался.
3144,3144,Çeşmeden su içtik.,Мы пили воду из фонтана.
3145,3145,Çaput bağlayarak dilek diledi.,"Он загадал желание, повязав тряпочку."
3146,3146,Odanın dağınıklığı beni rahatsız ediyor.,Беспорядок в твоей комнате меня беспокоит.
3147,3147,Dilek ağacına notlar asılmış.,На дерево желаний повесили записки.
3148,3148,Ebeveynler çocuklarının geleceği için endişelenir.,Родители беспокоятся о будущем своих детей.
3149,3149,Eğitmen olarak işe başladı.,Он начал работать инструктором.
3150,3150,Eşarbını güzel bağlamışsın.,Ты красиво завязала платок.
3151,3151,Hayır işleriyle uğraşıyor.,Он занимается благотворительностью.
3152,3152,Kargo bugün gelecek.,Посылка придет сегодня.
3153,3153,Keşke sen de gelseydin.,"Жаль, что ты не пришел."
3154,3154,Televizyonda reklam çıktı.,По телевизору пошла реклама.
3155,3155,Şer insanlardan uzak durmalısın.,Тебе следует держаться подальше от злых людей.
3156,3156,Umutsuz bir durumda değiliz.,Мы не в безнадежной ситуации.
3157,3157,Ürün kalitesinden memnunum.,Я доволен качеством товара.
3158,3158,Yazlık evlerini temizlediler.,Они убрали свой летний дом.
3159,3159,Konu hakkında araştırma yapıyorum,Я провожу исследование по теме.
3160,3160,Dilek tut,Загадай желание.
3161,3161,Parayı iade ettim,Я вернул деньги.
3162,3162,Kalemi ödünç verir misin?,Одолжишь ручку?
3163,3163,Sözleri onu öfkelendirdi,Эти слова разозлили его.
3164,3164,Savaş sona erdi,Война закончилась.
3165,3165,Gürültüden şikâyet ettik,Мы пожаловались на шум.
3166,3166,Şişmanlamaya başladı,Он начал толстеть.
3167,3167,Tazminat talep etti,Он потребовал компенсацию.
3168,3168,çocuk kalmak,"Сохранить детскую непосредственность, наивность."
3169,3169,dünya turuna çıkmak,Отправиться в кругосветное путешествие.
3170,3170,iç çekmek,"То же, что ""içini çekmek"" – вздыхать."
3171,3171,ömür boyu,"На всю жизнь, пожизненно."
3172,3172,son model,"Последняя, самая новая модель (техники, машины)."
3173,3173,vicdan muhasebesi,"То же, что ""vicdan meselesi"" или глубокая внутренняя проверка совестью."
3174,3174,yasal işlem başlatmak,"Начать судебный процесс, привлечь к законной ответственности."
3175,3175,Barış içinde yaşamak istiyoruz.,Мы хотим жить в мире.
3176,3176,Yüzündeki canlılık dikkat çekici.,Живость на его лице привлекает внимание.
3177,3177,Dindarlık kişisel bir meseledir.,Религиозность — личное дело.
3178,3178,Göçebe bir hayat sürüyorlardı.,Они вели кочевой образ жизни.
3179,3179,Göz teması kurarak konuş.,"Говори, устанавливая зрительный контакт."
3180,3180,Hayat tarzını değiştirmesi gerekiyor.,Ему нужно изменить образ жизни.
3181,3181,Karmaşık bir problemle uğraşıyor.,Он имеет дело со сложной проблемой.
3182,3182,Karnaval coşku içinde geçti.,Карнавал прошел с энтузиазмом.
3183,3183,Keçi sütü içiyor.,Он пьет козье молоко.
3184,3184,Kolonya döktüler.,Они налили одеколон.
3185,3185,Krizantem çiçeği aldı.,Она купила хризантемы.
3186,3186,Kumaş kalitesi çok iyi.,Качество ткани очень хорошее.
3187,3187,Maske takmak zorunluydu.,Было обязательно носить маску.
3188,3188,Masumiyetine inanıyorum.,Я верю в его невиновность.
3189,3189,Oğlak burcu olduğunu söyledi.,"Он сказал, что он Козерог."
3190,3190,Organik ürünler tüketiyor.,Он употребляет органические продукты.
3191,3191,Bahçedeki otları temizledi.,Он убрал траву в саду.
3192,3192,Portakal çiçeği kokusu çok güzel.,Запах цветов апельсина очень приятный.
3193,3193,Reklamcılık sektöründe çalışıyor.,Он работает в рекламной индустрии.
3194,3194,Rengarenk balonlar uçurduk.,Мы запустили разноцветные шарики.
3195,3195,Sakinlikle cevap verdi.,Он ответил спокойно.
3196,3196,Sosyal sınıf farklılıkları azaldı.,Различия в социальных классах уменьшились.
3197,3197,Tarım ile uğraşıyor.,Он занимается сельским хозяйством.
3198,3198,Şirketin temsilcisi ile görüştük.,Мы встретились с представителем компании.
3199,3199,Veba Orta Çağ'da milyonlarca insanı öldürdü.,Чума убила миллионы людей в Средние века.
3200,3200,Yapma çiçeklerle masayı süsledi.,Она украсила стол искусственными цветами.
3201,3201,Yaylaya çıktılar.,Они уехали на горное пастбище.
3202,3202,Yörükler göçebe yaşardı.,Юруки вели кочевой образ жизни.
3203,3203,Yün kazak giydi.,Он надел шерстяной свитер.
3204,3204,Zafer işareti yaptı.,Он сделал жест победы.
3205,3205,Gözlerim doldu,У меня навернулись слезы.
3206,3206,Başka bir ülkeye göç ettiler,Они эмигрировали в другую страну.
3207,3207,Kendine güven,Доверяй себе.
3208,3208,İnekler otluyor,Коровы пасутся.
3209,3209,Koyunları otlattı,Он пас овец.
3210,3210,Geleneği sürdürüyoruz,Мы продолжаем традицию.
3211,3211,Tazminat ödediler,Они выплатили компенсацию.
3212,3212,Onunla temas ettin mi?,Ты связался с ним?
3213,3213,bir araya getirmek,"Собрать вместе (людей, вещи, идеи)."
3214,3214,gitmeye değer,"То, что стоит посетить, увидеть."
3215,3215,geçimini sağlamak,Обеспечивать себе средства к существованию.
3216,3216,göz atmak,"Бегло посмотреть, ознакомиться с чем-либо."
3217,3217,hayatında yer almak,"Присутствовать, играть роль в чьей-то жизни."
3218,3218,her bütçeye uygun,"Подходящий для любого бюджета, доступный."
3219,3219,misafir ağırlama,"Прием гостей, гостеприимство."
3220,3220,siz siz olun,"Совет быть осторожным, предостережение (""вы уж будьте осторожны"", ""не вздумайте"")."
3221,3221,sokakları kaplamak,"Заполнить улицы (о толпе, протестующих)."
3222,3222,Oje çıkarmak için aseton kullanıyor.,"Она использует ацетон, чтобы снять лак."
3223,3223,Geçim derdi hepimizi yoruyor.,Проблема пропитания утомляет нас всех.
3224,3224,Gezgin bir hayat sürüyor.,Он ведет жизнь путешественника.
3225,3225,Venedik'te gondola bindik.,Мы прокатились на гондоле в Венеции.
3226,3226,İbadethane saygı duyulması gereken bir yerdir.,"Место поклонения — это место, которому следует оказывать уважение."
3227,3227,İçten bir şekilde özür diledi.,Он извинился искренне.
3228,3228,Kırışık gömleğini ütüledi.,Он погладил свою мятый рубашку.
3229,3229,Konaklama için otel ayırttık.,Мы забронировали отель для проживания.
3230,3230,Manastırda inzivaya çekildi.,Он удалился в монастырь.
3231,3231,Misafirperverliğiniz için teşekkür ederim.,Спасибо за ваше гостеприимство.
3232,3232,Lastik patlak.,Шина спустила.
3233,3233,Rahibe dua ediyordu.,Монахиня молилась.
3234,3234,Sezon başında tatile gittiler.,Они уехали в отпуск в начале сезона.
3235,3235,Bu bitki şifalıdır.,Это растение целебное.
3236,3236,Merdivenin trabzanına tutundu.,Он ухватился за перила лестницы.
3237,3237,Vitrine bakarken camı temizledi.,"Он протер стекло, глядя на витрину."
3238,3238,Yamaçtan aşağı indiler.,Они спустились по склону.
3239,3239,Performansına hayran kaldım,Я восхитился его выступлением.
3240,3240,Köpek ısırdı,Собака укусила.
3241,3241,Banyoda keselendim,Я растерся мочалкой в ванной.
3242,3242,Boş yere oyalanma,Не бездельничай.
3243,3243,Futbol oynarken sakatlandı,"Он получил травму, играя в футбол."
3244,3244,Parti için süslendi,Она нарядилась для вечеринки.
3245,3245,arkadaş canlısı,"Дружелюбный, общительный человек."
3246,3246,Abaküs ile hesap yapmayı öğrendi.,Он научился считать на абаке.
3247,3247,Ana ekrandaki simgelere tıklayın.,Нажмите на иконки на главном экране.
3248,3248,Telefonun bataryası bitti.,Батарея телефона разрядилась.
3249,3249,Ekran çözünürlüğü çok yüksek.,Разрешение экрана очень высокое.
3250,3250,Arabayı kullanırken debriyaja basmalısın.,При вождении машины нужно нажимать сцепление.
3251,3251,Dikiz aynasından arkayı kontrol etti.,Он проверил заднюю часть через зеркало заднего вида.
3252,3252,Direksiyonu sıkıca tut.,Крепко держи руль.
3253,3253,Bilgisayar donanımını değiştirdi.,Он сменил аппаратное обеспечение компьютера.
3254,3254,Düğmeye bastı.,Он нажал на кнопку.
3255,3255,Ekran parlaklığını artırdı.,Он увеличил яркость экрана.
3256,3256,Frene asılmamalısın.,Не следует резко тормозить.
3257,3257,Gaza yüklenince araba hızlandı.,Когда он нажал на газ машина ускорилась.
3258,3258,Kılıfı telefonu darbelerden korur.,Чехол защищает телефон от ударов.
3259,3259,Yeni model telefon çıktı.,Вышла новая модель телефона.
3260,3260,Otonom araçlar geleceğin teknolojisi.,Автономные автомобили — технология будущего.
3261,3261,Patent başvurusu yaptı.,Он подал заявку на патент.
3262,3262,Pedala basarak müzik yapıyor.,"Он делает музыку, нажимая на педали."
3263,3263,Yağmur yağınca silecekleri açtı.,Когда пошел дождь он включил дворники.
3264,3264,Sim kartını değiştirdi.,Он поменил SIM-карту.
3265,3265,Sosyal ağlarda çok vakit geçiriyor.,Он проводит много времени в социальных сетях.
3266,3266,Telefonu şarj etmeyi unutma.,Не забудь зарядить телефон.
3267,3267,Titreşim moduna aldı.,Он перевел в режим вибрации.
3268,3268,Ses tonu çok yüksek.,Тон голоса очень высокий.
3269,3269,Bu uygulamayı telefonuma yükledim.,Я установил это приложение на свой телефон.
3270,3270,Varlıklı bir ailenin çocuğu.,Он ребенок из богатой семьи.
3271,3271,Bu benim vazgeçilmezim.,Это мое незаменимое.
3272,3272,Vites değiştirmeyi öğreniyor.,Он учится переключать передачи.
3273,3273,Dosyayı indirdim,Я скачал файл.
3274,3274,Bardağı kaydırdı,Он сдвинул стакан.
3275,3275,Resimleri bilgisayara yükledim,Я загрузил фотографии на компьютер.
3276,3276,arama kurtarma,Поисково-спасательные работы.
3277,3277,kurşun geçirmez,Пуленепробиваемый.
3278,3278,meşgule almak / atmak,"Вести себя занято, чтобы избежать разговора или дела."
3279,3279,suyunu çekmek,"Испариться, закончиться (о жидкости); дела пришли к логическому завершению."
3280,3280,Piyano akordu yaptırdı.,Он настроил пианино.
3281,3281,Aşık olduğunu itiraf etti.,"Он признался, что влюбился."
3282,3282,Bel ağrısı çekiyor.,У него болит спина.
3283,3283,Ünlü bir bestecinin eserini çaldılar.,Они исполнили произведение известного композитора.
3284,3284,Boncuklardan kolye yaptı.,Она сделала ожерелье из бусин.
3285,3285,Çalgı çalmayı seviyor.,Он любит играть на музыкальных инструментах.
3286,3286,Çelik tencere kullanıyor.,Она использует стальную кастрюлю.
3287,3287,Dantel örtü serdiler.,Они постелили кружевную скатерть.
3288,3288,Sanayi devrimi dünyayı değiştirdi.,Промышленная революция изменила мир.
3289,3289,Etik kurallara uymalıyız.,Мы должны соблюдать этические правила.
3290,3290,Evrensel bir sorunla karşı karşıyayız.,Мы столкнулись с универсальной проблемой.
3291,3291,Gösterişli bir elbise giymişti.,На ней было показное платье.
3292,3292,Memleket hasreti çekiyor.,Он тоскует по родине.
3293,3293,Kesim işlemi tamamlandı.,Процесс резки завершен.
3294,3294,Korse giyerek duruşunu düzeltti.,"Она исправила осанку, надев корсет."
3295,3295,Kot pantolon giymeyi severim.,Я люблю носить джинсы.
3296,3296,Kürk manto çok pahalıydı.,Меховая шуба была очень дорогой.
3297,3297,Oruç tutmak Müslümanlar için farzdır.,Соблюдение поста обязательно для мусульман.
3298,3298,Müzik parçasını çok beğendim.,Мне очень понравилась музыкальная пьеса.
3299,3299,Sıla hasreti dayanılmazdı.,Тоска по родному дому была невыносимой.
3300,3300,Tohum ekme zamanı geldi.,Пришло время сеять семена.
3301,3301,Bu onun en önemli yapıtıdır.,Это его самое важное произведение.
3302,3302,Yiğitlik göstererek herkesi kurtardı.,Он проявил храбрость и спас всех.
3303,3303,Yokluk içinde büyüdü.,Он вырос в нужде.
3304,3304,Müzik dinlemek büyük bir zevk.,Слушать музыку — большое удовольствие.
3305,3305,Sözleri beni etkiledi,Его слова повлияли на меня.
3306,3306,Duruma hakim oldu,Он овладел ситуацией.
3307,3307,Takımda öne çıktı,Он выделился в команде.
3308,3308,Beni yanıltma,Не вводи меня в заблуждение.
3309,3309,raf ömrü,Срок годности продукта.
3310,3310,tek tip,"Одинаковый, однообразный, унифицированный."
3311,3311,Bürokrasi yüzünden işlemler uzadı.,Из-за бюрократии процедуры затянулись.
3312,3312,Mahkemeye delil sunuldu.,В суд были представлены доказательства.
3313,3313,Dergâhında tasavvuf eğitimi verilirdi.,В его обители давали суфийское образование.
3314,3314,Dolandırıcılık yaparak insanları kandırdı.,"Он обманывал людей, занимаясь мошенничеством."
3315,3315,Emsalsiz bir güzelliği vardı.,У нее была непревзойденная красота.
3316,3316,Göçmenlik başvurusu reddedildi.,Его заявление на иммиграцию было отклонено.
3317,3317,Kalpazanlık suçundan tutuklandı.,Он был арестован по обвинению в фальшивомонетничестве.
3318,3318,Kapkaççılık olayı artıyor.,Количество случаев грабежей растет.
3319,3319,Kazara camı kırdı.,Он случайно разбил стекло.
3320,3320,Kısas cezası verildi.,Было вынесено наказание в виде возмездия.
3321,3321,Korsan yazılım kullanmak yasal değil.,Использование пиратского программного обеспечения незаконно.
3322,3322,Kundakçılık şüphesiyle soruşturma başlatıldı.,Было начато расследование по подозрению в поджоге.
3323,3323,Bu olay bir muamma.,Это событие — загадка.
3324,3324,Dünya rekortmeni bir sporcu.,Он спортсмен — мировой рекордсмен.
3325,3325,Sabıka kaydı temiz.,У него чистая судимость.
3326,3326,Sayılı günler kaldı.,Осталось считанные дни.
3327,3327,Siber güvenlik uzmanı arıyorlar.,Они ищут эксперта по кибербезопасности.
3328,3328,Soygunculuk çetesi yakalandı.,Банда грабителей была поймана.
3329,3329,Yazar ile söyleşi yaptık.,Мы взяли интервью у писателя.
3330,3330,Şantajcılar polise teslim oldu.,Шантажисты сдались полиции.
3331,3331,Tanık ifade verdi.,Свидетель дал показания.
3332,3332,Yankesicilik vakası yaşandı.,Произошел случай карманной кражи.
3333,3333,Yolsuzluk soruşturması genişliyor.,Расследование коррупции расширяется.
3334,3334,Yüklü miktarda para bulundu.,Была найдена крупная сумма денег.
3335,3335,Ziynet eşyalarını bankada saklıyor.,Он хранит драгоценности в банке.
3336,3336,Onu engellemeye çalışıyorlar,Они пытаются помешать ему.
3337,3337,Hapis yattı,Он сидел в тюрьме.
3338,3338,Fikirleri ilgi gördü,Его идеи привлекли внимание.
3339,3339,İddiasını ispatladı,Он доказал свое утверждение.
3340,3340,Haberlere kapak oldu,Он попал на первую полосу новостей.
3341,3341,Onu suçlu mahkûm ettiler,Они признали его виновным.
3342,3342,Polis şüpheliyi sorguladı,Полиция допросила подозреваемого.
3343,3343,Olayı soruşturuyorlar,Они расследуют инцидент.
3344,3344,Onu utandırdın,Ты пристыдил его.
3345,3345,Mahkeme onu yargılayacak,Суд будет судить его.
3346,3346,Asit yağmurları doğaya zarar verir.,Кислотные дожди вредят природе.
3347,3347,Ata binmeyi çok sever.,Он очень любит ездить верхом.
3348,3348,Eski bir banknot buldu.,Он нашел старую банкноту.
3349,3349,Barkod okutarak ürünün fiyatını öğrendi.,"Он узнал цену товара, отсканировав штрих-код."
3350,3350,Denizin derinliğini ölçtüler.,Они измерили глубину моря.
3351,3351,Dirençli bir malzeme kullanılmış.,Был использован устойчивый материал.
3352,3352,DNA testi yaptırdı.,Он сделал ДНК-тест.
3353,3353,Gözlemevinden yıldızları izledik.,Мы наблюдали за звездами из обсерватории.
3354,3354,Çatıya güneş panelleri kuruldu.,На крышу установили солнечные панели.
3355,3355,Bölgede hakimiyet kurmak istiyorlar.,Они хотят установить господство в регионе.
3356,3356,Hidrojen en hafif elementtir.,Водород — самый легкий элемент.
3357,3357,İdrar tahlili yaptırması gerekiyor.,Ему нужно сдать анализ мочи.
3358,3358,İşitme cihazı kullanıyor.,Он пользуется слуховым аппаратом.
3359,3359,Kalıtsal bir hastalığı var.,У него наследственная болезнь.
3360,3360,Karga ağaçta ötüyor.,Ворона каркает на дереве.
3361,3361,Kinci bir insan olarak tanınıyor.,Он известен как злопамятный человек.
3362,3362,Laboratuvar ortamında deney yapılıyor.,В лабораторных условиях проводят эксперимент.
3363,3363,Madeni para koleksiyonu yapıyor.,Он коллекционирует монеты.
3364,3364,Mahcup bir şekilde gülümsedi.,Он смущенно улыбнулся.
3365,3365,Motorlu taşıt sayısı artıyor.,Количество моторизованных транспортных средств растет.
3366,3366,MÖ 3000 yılına ait kalıntılar bulundu.,"Были найдены останки, относящиеся к 3000 году до н.э."
3367,3367,MS 5. yüzyılda yaşamış bir filozof.,"Философ, живший в 5 веке н.э."
3368,3368,Oksijen olmadan yaşayamayız.,Мы не можем жить без кислорода.
3369,3369,Pastel boya ile resim yaptı.,Он рисовал пастельными мелками.
3370,3370,Soya fasulyesi sağlıklı bir besindir.,Соевые бобы — полезный продукт.
3371,3371,Şempanzeler çok zeki hayvanlardır.,Шимпанзе — очень умные животные.
3372,3372,Tahıl ürünleri temel gıdadır.,Зерновые продукты являются основным продуктом питания.
3373,3373,Tır şoförü mola verdi.,Водитель грузовика сделал перерыв.
3374,3374,Topluluk önünde konuşma yapacak.,Он выступит с речью перед сообществом.
3375,3375,Uluslararası uzay istasyonuna astronotlar gidiyor.,Астронавты отправляются на международную космическую станцию.
3376,3376,Yenilenebilir enerji kaynaklarına yönelmeliyiz.,Мы должны обратиться к возобновляемым источникам энергии.
3377,3377,İstediğimi elde ettim,"Я получил то, что хотел."
3378,3378,Bebek süt emiyor,Ребенок сосет молоко.
3379,3379,Plastik şişeleri geri dönüştürüyoruz,Мы перерабатываем пластиковые бутылки.
3380,3380,Yeni bir teori ileri sürdü,Он выдвинул новую теорию.
3381,3381,Konu ilgisini çekti,Тема привлекла его внимание.
3382,3382,Engelleri ortadan kaldırdık,Мы устранили препятствия.
3383,3383,Gerçeği ortaya çıkardı,Он раскрыл правду.
3384,3384,ilerleme kaydetmek,Добиться прогресса в каком-либо деле.
3385,3385,tek eşli,"Моногамный, состоящий в отношениях с одним партнером."
3386,3386,yan etki,"Побочный эффект (от лекарств, действий)."
3387,3387,Akrep sokması tehlikeli olabilir.,Укус скорпиона может быть опасен.
3388,3388,Bu konuyla alakadar değilim.,Я не имею отношения к этому вопросу.
3389,3389,Hicri takvim Müslümanlar tarafından kullanılır.,Мусульмане используют лунную хиджру.
3390,3390,Kâhinlik yaparak geleceği tahmin ettiğini iddia etti.,"Он утверждал, что предсказывает будущее, занимаясь гаданием."
3391,3391,Miladi takvim dünyada yaygın olarak kullanılır.,Григорианский календарь широко используется в мире.
3392,3392,Ruh halim bugün çok iyi.,Мое настроение сегодня очень хорошее.
3393,3393,Sarkaç düzenli hareket ediyor.,Маятник движется равномерно.
3394,3394,Saatın yelkovanı hızlı ilerliyor.,Минутная стрелка часов быстро движется.
3395,3395,Saatin zembereği kurulmalı.,Пружину часов нужно завести.
3396,3396,Baygınlıktan ayıldı,Он очнулся от обморока.
3397,3397,Problemi hallettik,Мы решили проблему.
3398,3398,Kendine gelmek için silkindi,"Он встряхнулся, чтобы прийти в себя."
3399,3399,Çamurlu su şıpırdıyor,Грязная вода хлюпает.
3400,3400,atıp tutmak,"Хвастаться, говорить непроверенные или грубые вещи."
3401,3401,dikkat dağıtıcı,"То, что отвлекает внимание."
3402,3402,dilinin ucuna gelmek,"Быть готовым сказать что-то, вот-вот вспомнить слово."
3403,3403,gözleri fal taşı gibi açılmak,Широко раскрыть глаза от удивления или страха.
3404,3404,merak sarmak,"Сильно увлечься чем-то, ""заболеть"" интересом к чему-либо."
3405,3405,patlak vermek,"Внезапно начаться (о скандале, войне, проблеме)."
3406,3406,vız gelmek,"Быть абсолютно безразличным, не волновать."
3407,3407,Ona acıma hissetmiyorum.,Я не испытываю к нему жалости.
3408,3408,Tarihte cariyelik yaygın bir uygulamaydı.,В истории наложничество было распространенной практикой.
3409,3409,Dopamin mutluluk hormonudur.,Дофамин — гормон счастья.
3410,3410,Endorfin ağrı kesici etki yapar.,Эндорфин оказывает обезболивающее действие.
3411,3411,Feniletilamin aşk hormonu olarak bilinir.,Фенилэтиламин известен как гормон любви.
3412,3412,Feromonlar hayvanlarda iletişimi sağlar.,Феромоны обеспечивают коммуникацию у животных.
3413,3413,Firavunlar eski Mısır'da hüküm sürerdi.,Фараоны правили в древнем Египте.
3414,3414,İnci kolyesi çok değerliydi.,Жемчужное ожерелье было очень ценным.
3415,3415,Kâinatın sonsuz olduğu düşünülüyor.,"Считается, что вселенная бесконечна."
3416,3416,Kölelik insanlık tarihinin kara lekesidir.,Рабство — темное пятно в истории человечества.
3417,3417,Kuyu suyu temiz mi?,Вода в колодце чистая?
3418,3418,Mücevher kutusunu açtı.,Он открыл шкатулку с драгоценностями.
3419,3419,Norepinefrin stres hormonudur.,Норадреналин — это гормон стресса.
3420,3420,El yazısı çok okunaklı.,Его почерк очень разборчивый.
3421,3421,Oksitosin sevgi hormonu olarak bilinir.,Окситоцин известен как гормон любви.
3422,3422,Perişan bir haldeydi.,Он был в расстроенном состоянии.
3423,3423,Bu şartlara razı değilim.,Я не согласен с этими условиями.
3424,3424,Artık yürüyecek takatim kalmadı.,У меня больше не осталось сил идти.
3425,3425,Yurtseverlik duygularıyla doluydu.,Он был переполнен патриотическими чувствами.
3426,3426,Zavallı çocuk ağlıyor.,Бедный ребенок плачет.
3427,3427,Fark ettirmeden çaktırmadan gitti,Он ушел незаметно.
3428,3428,Ağrıyı dindiren ilaç aldım,"Я принял лекарство, снимающее боль."
3429,3429,Hormon salgılandı,Был выделен гормон.
3430,3430,Onun ne dediğini umursamıyorum,"Мне все равно, что он сказал."
3431,3431,ayaküstü görüşmek,"Поговорить на ходу, быстро, не присаживаясь."
3432,3432,dünya ile bağını koparmak,"Изолироваться от мира, уйти от реальности."
3433,3433,dilden dile dolaşmak,"То же, что ""dillerde dolaşmak"" – передаваться из уст в уста."
3434,3434,gönlünü çalmak,"Завоевать чью-то симпатию, расположение (часто романтическое)."
3435,3435,göz ucuyla bakmak,"Смотреть краем глаза, украдкой."
3436,3436,küçük düşürmek,"Унизить кого-либо, выставить в невыгодном свете."
3437,3437,meraktan çatlamak,Умирать от любопытства.
3438,3438,musallat olmak,"Надоедать, приставать, не оставлять в покое."
3439,3439,takati kalmamak,"Не иметь больше сил, энергии."
3440,3440,teselli bulmak,Найти утешение.
3441,3441,yol almak,Продвигаться вперед (в пути или в деле).
3442,3442,Arzuhâl yazarak resmi makama başvurdu.,"Он обратился в официальное учреждение, написав прошение."
3443,3443,Celse ertelendi.,Заседание было отложено.
3444,3444,Duruşma yarın başlayacak.,Слушание начнется завтра.
3445,3445,Formel bir davet aldık.,Мы получили формальное приглашение.
3446,3446,Köpek ısırığı tehlikeli olabilir.,Укус собаки может быть опасен.
3447,3447,Hastayı müşahede altında tutuyorlar.,Они держат пациента под наблюдением.
3448,3448,Nafaka ödemeye mahkûm edildi.,Он был приговорен к выплате алиментов.
3449,3449,Sanık sandalyesinde oturuyor.,Он сидит на скамье подсудимых.
3450,3450,Savcı iddianameyi okudu.,Прокурор зачитал обвинительное заключение.
3451,3451,Şahitlik yapmaktan çekindi.,Он отказался давать свидетельские показания.
3452,3452,Telif hakkı ihlali yapıldı.,Было совершено нарушение авторских прав.
3453,3453,Tetkik sonuçları henüz gelmedi.,Результаты исследования еще не пришли.
3454,3454,Askerlik tezkeresini aldı.,Он получил военный билет.
3455,3455,Profesör titrını hak ediyor.,Он заслуживает звания профессора.
3456,3456,Yasal süreci takip ediyoruz.,Мы следуем юридической процедуре.
3457,3457,Zanlı ifade verdi.,Подозреваемый дал показания.
3458,3458,Dondurma yedik,Мы съели мороженое.
3459,3459,Bu kitap iyi bir kaynak olabilir,Эта книга может быть хорошим источником.
3460,3460,Fikirleri somutlaştı,Он воплотил идеи в жизнь.
3461,3461,Plan şekillenmeye başladı,План начал обретать форму.
3462,3462,bir şeyden yana olmak,"Быть сторонником чего-либо, поддерживать что-то."
3463,3463,ipler kopmak,"То же, что ""ipler koptu"" – связь разорвана."
3464,3464,itip çekmek,"Судорожно искать выход, метаться (букв. толкать и тянуть)."
3465,3465,suç işlemek,Совершить преступление.
3466,3466,zehir olmak,"Очень надоесть, стать невыносимым."
3467,3467,Geniş bir arazisi var.,У него обширный земельный участок.
3468,3468,Barakada yaşıyorlardı.,Они жили в бараке.
3469,3469,Cezbedici bir teklif sundu.,Он сделал заманчивое предложение.
3470,3470,Çeki bankada bozdurdu.,Он обналичил чек в банке.
3471,3471,Emek vermeden başarı olmaz.,Без труда не бывает успеха.
3472,3472,EFT ile ödeme yaptım.,Я сделал платеж через электронный перевод.
3473,3473,Faiz oranları yükseldi.,Процентные ставки выросли.
3474,3474,Fuzuli konuşmalarla zaman kaybetme.,Не теряй время на пустые разговоры.
3475,3475,Gayrimenkul yatırımı yapıyor.,Он инвестирует в недвижимость.
3476,3476,Mallarına haciz kondu.,На его имущество был наложен арест.
3477,3477,Hapishaneden çıktı.,Он вышел из тюрьмы.
3478,3478,Bankaya havale gönderdim.,Я отправил перевод в банк.
3479,3479,Ev ipotek altında.,Дом находится под залогом.
3480,3480,İsraf etmekten kaçınmalıyız.,Мы должны избегать расточительства.
3481,3481,İşinden iyi kâr elde etti.,Он получил хорошую прибыль от своего дела.
3482,3482,Mal varlığını açıklamak zorunda.,Он обязан объявить свое состояние.
3483,3483,Pazarlık payı bıraktım.,Я оставил место для торга.
3484,3484,"Pinti bir adam, hiçbir şeye para harcamaz.","Он скупец, совсем не тратит деньги."
3485,3485,Piyasa araştırması yapmalısın.,Тебе следует провести исследование рынка.
3486,3486,Rota değiştirmeye karar verdik.,Мы решили изменить маршрут.
3487,3487,Savurgan harcamalar yüzünden borca girdi.,Он влез в долги из-за расточительных трат.
3488,3488,Sermaye yetersizliği projeyi durdurdu.,Недостаток капитала остановил проект.
3489,3489,Tutumlu olmak önemli bir erdemdir.,Быть бережливым — важная добродетель.
3490,3490,Vade tarihi yaklaşıyor.,Приближается срок платежа.
3491,3491,Vadeli hesap açtırdı.,Он открыл срочный счет.
3492,3492,Yatırım yapmak için doğru zamanı bekliyor.,"Он ждет подходящего времени, чтобы сделать инвестиции."
3493,3493,Dokümanları çoğalttım,Я размножил документы.
3494,3494,Beni heveslendirdi,Он воодушевил меня.
3495,3495,Şirket iflas etti,Компания обанкротилась.
3496,3496,Tereddüt etmeden karar verdi,"Он решил, не колеблясь."
3497,3497,alt üst olmak,"Перевернуться с ног на голову, быть в полном беспорядке (о доме, жизни)."
3498,3498,bir eli yağda bir eli balda olmak,"Жить в роскоши, в достатке."
3499,3499,boşa harcamak,"Потратить впустую (время, деньги, силы)."
3500,3500,büyük ikramiye kazanmak,Выиграть крупный джекпот.
3501,3501,cep yakmak,"Оказаться дорогим, сильно ударить по карману."
3502,3502,gününü gün etmek,"Беззаботно прожигать жизнь, наслаждаться сегодняшним днем."
3503,3503,hatırı sayılır,"Значительный, уважаемый, внушительный (о сумме, человеке)."
3504,3504,iç geçirmek,"То же, что ""içini çekmek"" – вздыхать."
3505,3505,iştahını kabartmak,Возбуждать аппетит (буквально или переносно – вызывать желание).
3506,3506,kenara ayırmak,"Откладывать в сторону, сберегать (деньги, время)."
3507,3507,kendini vermek,"Полностью посвятить себя чему-либо, отдаться делу."
3508,3508,kulak vermek,"Прислушаться, внимательно выслушать."
3509,3509,temelini oluşturmak,"То же, что ""temelini atmak"" – стать основой для чего-то."
3510,3510,uçan kuşa borcu olmak,Иметь много долгов.
3511,3511,umut vermek,Давать надежду.
3512,3512,yüklü miktar,"Крупная, значительная сумма денег."
3513,3513,zenginliğine zenginlik katmak,Еще больше увеличить свое богатство.
3514,3514,zorda kalmak,"Оказаться в трудном, безвыходном положении."
3515,3515,Filmi alt yazılı izlemeyi tercih ediyorum.,Я предпочитаю смотреть фильмы с субтитрами.
3516,3516,Bu roman onun başyapıtıdır.,Этот роман — его шедевр.
3517,3517,Fotoğraf çekimine gittik.,Мы пошли на фотосессию.
3518,3518,Filmin dublajı çok iyi yapılmış.,Дублирование фильма сделано очень хорошо.
3519,3519,Özel efektler filmi daha ilginç kıldı.,Спецэффекты сделали фильм интереснее.
3520,3520,Görüntü kalitesi çok yüksek.,Качество изображения очень высокое.
3521,3521,Filmin gösterimi yarın başlıyor.,Показ фильма начинается завтра.
3522,3522,Montaj işlemi tamamlandı.,Процесс монтажа завершен.
3523,3523,O sahne çok duygusaldı.,Та сцена была очень эмоциональной.
3524,3524,Film setinde çalışıyor.,Он работает на съемочной площадке.
3525,3525,Filmin sınıflandırması 18+ yaş.,Классификация фильма — 18+.
3526,3526,Subliminal mesajlar içeriyor.,Он содержит подсознательные сообщения.
3527,3527,Uzun metraj bir film çekmek istiyor.,Он хочет снять полнометражный фильм.
3528,3528,Masanın yüzeyi temiz.,Поверхность стола чистая.
3529,3529,"Akson, nöronun uzun uzantısıdır.",Аксон — это длинный отросток нейрона.
3530,3530,Anestezik madde enjekte edildi.,Было введено анестезирующее вещество.
3531,3531,Anemi (kansızlık) tedavisi görüyor.,Он проходит лечение от анемии (малокровия).
3532,3532,Antidepresan ilaç kullanıyor.,Он принимает антидепрессанты.
3533,3533,Antropoloji insanı inceler.,Антропология изучает человека.
3534,3534,Arpa ekmeği sağlıklıdır.,Ячменный хлеб полезен.
3535,3535,Kağıtları ataçla tutturdum.,Я скрепил бумаги скрепкой.
3536,3536,Çölyak hastalığı glüten intoleransıdır.,Целиакия — это непереносимость глютена.
3537,3537,Dendritler sinyal alır.,Дендриты принимают сигналы.
3538,3538,Cildinde egzama var.,У него экзема на коже.
3539,3539,Frontal lop karar vermeden sorumludur.,Лобная доля отвечает за принятие решений.
3540,3540,Glüten içermeyen ürünler tüketiyor.,"Он употребляет продукты, не содержащие глютен."
3541,3541,Hiperforin — sarı kantaronun etken maddesidir.,Гиперицин — активное вещество зверобоя.
3542,3542,İzole bir bölgede yaşıyor.,Он живет в изолированном районе.
3543,3543,"Kimyon, yemeklere lezzet katar.",Тмин придает вкус блюдам.
3544,3544,Kolonoskopi yaptırması gerekiyor.,Ему нужно сделать колоноскопию.
3545,3545,Limbik sistem duygularla ilgilidir.,Лимбическая система связана с эмоциями.
3546,3546,Lop şeklinde bir doku.,Ткань в форме доли.
3547,3547,Medeniyet tarihini araştırıyor.,Он исследует историю цивилизации.
3548,3548,Neokorteks yüksek bilişsel işlevlerden sorumludur.,Неокортекс отвечает за высшие когнитивные функции.
3549,3549,Nöronlar arasındaki bağlantı önemlidir.,Связь между нейронами важна.
3550,3550,Nükleer santral inşaatı tartışılıyor.,Строительство атомной электростанции обсуждается.
3551,3551,Oksipital lop görme ile ilgilidir.,Затылочная доля связана со зрением.
3552,3552,Parietal lop duyusal bilgileri işler.,Теменная доля обрабатывает сенсорную информацию.
3553,3553,Sarı kantaron çayı içiyor.,Он пьет чай из зверобоя.
3554,3554,Sedatif ilaçlar sakinleştirici etki yapar.,Седативные препараты оказывают успокаивающее действие.
3555,3555,Serebellum (beyincik) denge ve koordinasyondan sorumludur.,Мозжечок отвечает за равновесие и координацию.
3556,3556,Söz dizim kurallarına uymalısın.,Ты должен соблюдать правила синтаксиса.
3557,3557,Temporal lop hafıza ve işitme ile ilgilidir.,Височная доля связана с памятью и слухом.
3558,3558,Tutumlu olmak ona ailesinden miras kaldı.,Бережливость досталась ему в наследство от семьи.
3559,3559,Uyarıcı ilaçlar dikkati artırır.,Стимулирующие препараты повышают внимание.
3560,3560,Yatıştırıcı bir müzik dinledi.,Он слушал успокаивающую музыку.
3561,3561,Yulaf ezmesi kahvaltıda yenir.,Овсянку едят на завтрак.
3562,3562,Argümanını gerçeklere dayandırdı,Он обосновал свой аргумент фактами.
3563,3563,Mermer işlendi,Мрамор был обработан.
3564,3564,Kendini soyutladı,Он изолировал себя.
3565,3565,Bu kelime eski Türkçeden türetilmiştir,Это слово образовано от древнетюркского.
