id,word_id,form,grammar,person,tense
1,173,ediyorum,present,ben,şimdi
2,173,ediyorsun,present,sen,şimdi
3,173,ediyor,present,o,şimdi
4,173,ediyoruz,present,biz,şimdi
5,173,ediyorsunuz,present,siz,şimdi
6,173,ediyorlar,present,onlar,şimdi
7,173,ettim,past,ben,di
8,173,ettin,past,sen,di
9,173,etti,past,o,di
10,173,ettik,past,biz,di
11,173,ettiniz,past,siz,di
12,173,ettiler,past,onlar,di
13,173,eteceğim,future,ben,gelecek
14,173,eteceksin,future,sen,gelecek
15,173,etecek,future,o,gelecek
16,173,eteceğiz,future,biz,gelecek
17,173,eteceksiniz,future,siz,gelecek
18,173,etecekler,future,onlar,gelecek
19,174,geliyorum,present,ben,şimdi
20,174,geliyorsun,present,sen,şimdi
21,174,geliyor,present,o,şimdi
22,174,geliyoruz,present,biz,şimdi
23,174,geliyorsunuz,present,siz,şimdi
24,174,geliyorlar,present,onlar,şimdi
25,174,geldim,past,ben,di
26,174,geldin,past,sen,di
27,174,geldi,past,o,di
28,174,geldik,past,biz,di
29,174,geldiniz,past,siz,di
30,174,geldiler,past,onlar,di
31,174,geleceğim,future,ben,gelecek
32,174,geleceksin,future,sen,gelecek
33,174,gelecek,future,o,gelecek
34,174,geleceğiz,future,biz,gelecek
35,174,geleceksiniz,future,siz,gelecek
36,174,gelecekler,future,onlar,gelecek
37,175,görüşüyorum,present,ben,şimdi
38,175,görüşüyorsun,present,sen,şimdi
39,175,görüşüyor,present,o,şimdi
40,175,görüşüyoruz,present,biz,şimdi
41,175,görüşüyorsunuz,present,siz,şimdi
42,175,görüşüyorlar,present,onlar,şimdi
43,175,görüştüm,past,ben,di
44,175,görüştün,past,sen,di
45,175,görüştü,past,o,di
46,175,görüştük,past,biz,di
47,175,görüştünüz,past,siz,di
48,175,görüştüler,past,onlar,di
49,175,görüşeceğim,future,ben,gelecek
50,175,görüşeceksin,future,sen,gelecek
51,175,görüşecek,future,o,gelecek
52,175,görüşeceğiz,future,biz,gelecek
53,175,görüşeceksiniz,future,siz,gelecek
54,175,görüşecekler,future,onlar,gelecek
55,176,oluyorum,present,ben,şimdi
56,176,oluyorsun,present,sen,şimdi
57,176,oluyor,present,o,şimdi
58,176,oluyoruz,present,biz,şimdi
59,176,oluyorsunuz,present,siz,şimdi
60,176,oluyorlar,present,onlar,şimdi
61,176,oldum,past,ben,di
62,176,oldun,past,sen,di
63,176,oldu,past,o,di
64,176,olduk,past,biz,di
65,176,oldunuz,past,siz,di
66,176,oldular,past,onlar,di
67,176,olacağım,future,ben,gelecek
68,176,olacaksın,future,sen,gelecek
69,176,olacak,future,o,gelecek
70,176,olacağız,future,biz,gelecek
71,176,olacaksınız,future,siz,gelecek
72,176,olacaklar,future,onlar,gelecek
73,340,arıyorum,present,ben,şimdi
74,340,arıyorsun,present,sen,şimdi
75,340,arıyor,present,o,şimdi
76,340,arıyoruz,present,biz,şimdi
77,340,arıyorsunuz,present,siz,şimdi
78,340,arıyorlar,present,onlar,şimdi
79,340,aradım,past,ben,di
80,340,aradın,past,sen,di
81,340,aradı,past,o,di
82,340,aradık,past,biz,di
83,340,aradınız,past,siz,di
84,340,aradılar,past,onlar,di
85,340,arayacağım,future,ben,gelecek
86,340,arayacaksın,future,sen,gelecek
87,340,arayacak,future,o,gelecek
88,340,arayacağız,future,biz,gelecek
89,340,arayacaksınız,future,siz,gelecek
90,340,arayacaklar,future,onlar,gelecek
91,423,açıyorum,present,ben,şimdi
92,423,açıyorsun,present,sen,şimdi
93,423,açıyor,present,o,şimdi
94,423,açıyoruz,present,biz,şimdi
95,423,açıyorsunuz,present,siz,şimdi
96,423,açıyorlar,present,onlar,şimdi
97,423,açtım,past,ben,di
98,423,açtın,past,sen,di
99,423,açtı,past,o,di
100,423,açtık,past,biz,di
101,423,açtınız,past,siz,di
102,423,açtılar,past,onlar,di
103,423,açacağım,future,ben,gelecek
104,423,açacaksın,future,sen,gelecek
105,423,açacak,future,o,gelecek
106,423,açacağız,future,biz,gelecek
107,423,açacaksınız,future,siz,gelecek
108,423,açacaklar,future,onlar,gelecek
109,424,anlıyorum,present,ben,şimdi
110,424,anlıyorsun,present,sen,şimdi
111,424,anlıyor,present,o,şimdi
112,424,anlıyoruz,present,biz,şimdi
113,424,anlıyorsunuz,present,siz,şimdi
114,424,anlıyorlar,present,onlar,şimdi
115,424,anladım,past,ben,di
116,424,anladın,past,sen,di
117,424,anladı,past,o,di
118,424,anladık,past,biz,di
119,424,anladınız,past,siz,di
120,424,anladılar,past,onlar,di
121,424,anlayacağım,future,ben,gelecek
122,424,anlayacaksın,future,sen,gelecek
123,424,anlayacak,future,o,gelecek
124,424,anlayacağız,future,biz,gelecek
125,424,anlayacaksınız,future,siz,gelecek
126,424,anlayacaklar,future,onlar,gelecek
127,425,bakıyorum,present,ben,şimdi
128,425,bakıyorsun,present,sen,şimdi
129,425,bakıyor,present,o,şimdi
130,425,bakıyoruz,present,biz,şimdi
131,425,bakıyorsunuz,present,siz,şimdi
132,425,bakıyorlar,present,onlar,şimdi
133,425,baktım,past,ben,di
134,425,baktın,past,sen,di
135,425,baktı,past,o,di
136,425,baktık,past,biz,di
137,425,baktınız,past,siz,di
138,425,baktılar,past,onlar,di
139,425,bakacağım,future,ben,gelecek
140,425,bakacaksın,future,sen,gelecek
141,425,bakacak,future,o,gelecek
142,425,bakacağız,future,biz,gelecek
143,425,bakacaksınız,future,siz,gelecek
144,425,bakacaklar,future,onlar,gelecek
145,426,banyo yapıyorum,present,ben,şimdi
146,426,banyo yapıyorsun,present,sen,şimdi
147,426,banyo yapıyor,present,o,şimdi
148,426,banyo yapıyoruz,present,biz,şimdi
149,426,banyo yapıyorsunuz,present,siz,şimdi
150,426,banyo yapıyorlar,present,onlar,şimdi
151,426,banyo yaptım,past,ben,di
152,426,banyo yaptın,past,sen,di
153,426,banyo yaptı,past,o,di
154,426,banyo yaptık,past,biz,di
155,426,banyo yaptınız,past,siz,di
156,426,banyo yaptılar,past,onlar,di
157,426,banyo yapacağım,future,ben,gelecek
158,426,banyo yapacaksın,future,sen,gelecek
159,426,banyo yapacak,future,o,gelecek
160,426,banyo yapacağız,future,biz,gelecek
161,426,banyo yapacaksınız,future,siz,gelecek
162,426,banyo yapacaklar,future,onlar,gelecek
163,427,başlıyorum,present,ben,şimdi
164,427,başlıyorsun,present,sen,şimdi
165,427,başlıyor,present,o,şimdi
166,427,başlıyoruz,present,biz,şimdi
167,427,başlıyorsunuz,present,siz,şimdi
168,427,başlıyorlar,present,onlar,şimdi
169,427,başladım,past,ben,di
170,427,başladın,past,sen,di
171,427,başladı,past,o,di
172,427,başladık,past,biz,di
173,427,başladınız,past,siz,di
174,427,başladılar,past,onlar,di
175,427,başlayacağım,future,ben,gelecek
176,427,başlayacaksın,future,sen,gelecek
177,427,başlayacak,future,o,gelecek
178,427,başlayacağız,future,biz,gelecek
179,427,başlayacaksınız,future,siz,gelecek
180,427,başlayacaklar,future,onlar,gelecek
181,428,bayılıyorum,present,ben,şimdi
182,428,bayılıyorsun,present,sen,şimdi
183,428,bayılıyor,present,o,şimdi
184,428,bayılıyoruz,present,biz,şimdi
185,428,bayılıyorsunuz,present,siz,şimdi
186,428,bayılıyorlar,present,onlar,şimdi
187,428,bayıldım,past,ben,di
188,428,bayıldın,past,sen,di
189,428,bayıldı,past,o,di
190,428,bayıldık,past,biz,di
191,428,bayıldınız,past,siz,di
192,428,bayıldılar,past,onlar,di
193,428,bayılacağım,future,ben,gelecek
194,428,bayılacaksın,future,sen,gelecek
195,428,bayılacak,future,o,gelecek
196,428,bayılacağız,future,biz,gelecek
197,428,bayılacaksınız,future,siz,gelecek
198,428,bayılacaklar,future,onlar,gelecek
199,429,besleniyorum,present,ben,şimdi
200,429,besleniyorsun,present,sen,şimdi
201,429,besleniyor,present,o,şimdi
202,429,besleniyoruz,present,biz,şimdi
203,429,besleniyorsunuz,present,siz,şimdi
204,429,besleniyorlar,present,onlar,şimdi
205,429,beslendim,past,ben,di
206,429,beslendin,past,sen,di
207,429,beslendi,past,o,di
208,429,beslendik,past,biz,di
209,429,beslendiniz,past,siz,di
210,429,beslendiler,past,onlar,di
211,429,besleneceğim,future,ben,gelecek
212,429,besleneceksin,future,sen,gelecek
213,429,beslenecek,future,o,gelecek
214,429,besleneceğiz,future,biz,gelecek
215,429,besleneceksiniz,future,siz,gelecek
216,429,beslenecekler,future,onlar,gelecek
217,430,biliyorum,present,ben,şimdi
218,430,biliyorsun,present,sen,şimdi
219,430,biliyor,present,o,şimdi
220,430,biliyoruz,present,biz,şimdi
221,430,biliyorsunuz,present,siz,şimdi
222,430,biliyorlar,present,onlar,şimdi
223,430,bildim,past,ben,di
224,430,bildin,past,sen,di
225,430,bildi,past,o,di
226,430,bildik,past,biz,di
227,430,bildiniz,past,siz,di
228,430,bildiler,past,onlar,di
229,430,bileceğim,future,ben,gelecek
230,430,bileceksin,future,sen,gelecek
231,430,bilecek,future,o,gelecek
232,430,bileceğiz,future,biz,gelecek
233,430,bileceksiniz,future,siz,gelecek
234,430,bilecekler,future,onlar,gelecek
235,431,biniyorum,present,ben,şimdi
236,431,biniyorsun,present,sen,şimdi
237,431,biniyor,present,o,şimdi
238,431,biniyoruz,present,biz,şimdi
239,431,biniyorsunuz,present,siz,şimdi
240,431,biniyorlar,present,onlar,şimdi
241,431,bindim,past,ben,di
242,431,bindin,past,sen,di
243,431,bindi,past,o,di
244,431,bindik,past,biz,di
245,431,bindiniz,past,siz,di
246,431,bindiler,past,onlar,di
247,431,bineceğim,future,ben,gelecek
248,431,bineceksin,future,sen,gelecek
249,431,binecek,future,o,gelecek
250,431,bineceğiz,future,biz,gelecek
251,431,bineceksiniz,future,siz,gelecek
252,431,binecekler,future,onlar,gelecek
253,432,biriktiriyorum,present,ben,şimdi
254,432,biriktiriyorsun,present,sen,şimdi
255,432,biriktiriyor,present,o,şimdi
256,432,biriktiriyoruz,present,biz,şimdi
257,432,biriktiriyorsunuz,present,siz,şimdi
258,432,biriktiriyorlar,present,onlar,şimdi
259,432,biriktirdim,past,ben,di
260,432,biriktirdin,past,sen,di
261,432,biriktirdi,past,o,di
262,432,biriktirdik,past,biz,di
263,432,biriktirdiniz,past,siz,di
264,432,biriktirdiler,past,onlar,di
265,432,biriktireceğim,future,ben,gelecek
266,432,biriktireceksin,future,sen,gelecek
267,432,biriktirecek,future,o,gelecek
268,432,biriktireceğiz,future,biz,gelecek
269,432,biriktireceksiniz,future,siz,gelecek
270,432,biriktirecekler,future,onlar,gelecek
271,433,bitiyorum,present,ben,şimdi
272,433,bitiyorsun,present,sen,şimdi
273,433,bitiyor,present,o,şimdi
274,433,bitiyoruz,present,biz,şimdi
275,433,bitiyorsunuz,present,siz,şimdi
276,433,bitiyorlar,present,onlar,şimdi
277,433,bittim,past,ben,di
278,433,bittin,past,sen,di
279,433,bitti,past,o,di
280,433,bittik,past,biz,di
281,433,bittiniz,past,siz,di
282,433,bittiler,past,onlar,di
283,433,biteceğim,future,ben,gelecek
284,433,biteceksin,future,sen,gelecek
285,433,bitecek,future,o,gelecek
286,433,biteceğiz,future,biz,gelecek
287,433,biteceksiniz,future,siz,gelecek
288,433,bitecekler,future,onlar,gelecek
289,434,buluşuyorum,present,ben,şimdi
290,434,buluşuyorsun,present,sen,şimdi
291,434,buluşuyor,present,o,şimdi
292,434,buluşuyoruz,present,biz,şimdi
293,434,buluşuyorsunuz,present,siz,şimdi
294,434,buluşuyorlar,present,onlar,şimdi
295,434,buluştum,past,ben,di
296,434,buluştun,past,sen,di
297,434,buluştu,past,o,di
298,434,buluştuk,past,biz,di
299,434,buluştunuz,past,siz,di
300,434,buluştular,past,onlar,di
301,434,buluşacağım,future,ben,gelecek
302,434,buluşacaksın,future,sen,gelecek
303,434,buluşacak,future,o,gelecek
304,434,buluşacağız,future,biz,gelecek
305,434,buluşacaksınız,future,siz,gelecek
306,434,buluşacaklar,future,onlar,gelecek
307,435,çalışıyorum,present,ben,şimdi
308,435,çalışıyorsun,present,sen,şimdi
309,435,çalışıyor,present,o,şimdi
310,435,çalışıyoruz,present,biz,şimdi
311,435,çalışıyorsunuz,present,siz,şimdi
312,435,çalışıyorlar,present,onlar,şimdi
313,435,çalıştım,past,ben,di
314,435,çalıştın,past,sen,di
315,435,çalıştı,past,o,di
316,435,çalıştık,past,biz,di
317,435,çalıştınız,past,siz,di
318,435,çalıştılar,past,onlar,di
319,435,çalışacağım,future,ben,gelecek
320,435,çalışacaksın,future,sen,gelecek
321,435,çalışacak,future,o,gelecek
322,435,çalışacağız,future,biz,gelecek
323,435,çalışacaksınız,future,siz,gelecek
324,435,çalışacaklar,future,onlar,gelecek
325,436,çıkıyorum,present,ben,şimdi
326,436,çıkıyorsun,present,sen,şimdi
327,436,çıkıyor,present,o,şimdi
328,436,çıkıyoruz,present,biz,şimdi
329,436,çıkıyorsunuz,present,siz,şimdi
330,436,çıkıyorlar,present,onlar,şimdi
331,436,çıktım,past,ben,di
332,436,çıktın,past,sen,di
333,436,çıktı,past,o,di
334,436,çıktık,past,biz,di
335,436,çıktınız,past,siz,di
336,436,çıktılar,past,onlar,di
337,436,çıkacağım,future,ben,gelecek
338,436,çıkacaksın,future,sen,gelecek
339,436,çıkacak,future,o,gelecek
340,436,çıkacağız,future,biz,gelecek
341,436,çıkacaksınız,future,siz,gelecek
342,436,çıkacaklar,future,onlar,gelecek
343,437,diyorum,present,ben,şimdi
344,437,diyorsun,present,sen,şimdi
345,437,diyor,present,o,şimdi
346,437,diyoruz,present,biz,şimdi
347,437,diyorsunuz,present,siz,şimdi
348,437,diyorlar,present,onlar,şimdi
349,437,dedim,past,ben,di
350,437,dedin,past,sen,di
351,437,dedi,past,o,di
352,437,dedik,past,biz,di
353,437,dediniz,past,siz,di
354,437,dediler,past,onlar,di
355,437,deyeceğim,future,ben,gelecek
356,437,deyeceksin,future,sen,gelecek
357,437,deyecek,future,o,gelecek
358,437,deyeceğiz,future,biz,gelecek
359,437,deyeceksiniz,future,siz,gelecek
360,437,deyecekler,future,onlar,gelecek
361,438,dinliyorum,present,ben,şimdi
362,438,dinliyorsun,present,sen,şimdi
363,438,dinliyor,present,o,şimdi
364,438,dinliyoruz,present,biz,şimdi
365,438,dinliyorsunuz,present,siz,şimdi
366,438,dinliyorlar,present,onlar,şimdi
367,438,dinledim,past,ben,di
368,438,dinledin,past,sen,di
369,438,dinledi,past,o,di
370,438,dinledik,past,biz,di
371,438,dinlediniz,past,siz,di
372,438,dinlediler,past,onlar,di
373,438,dinleyeceğim,future,ben,gelecek
374,438,dinleyeceksin,future,sen,gelecek
375,438,dinleyecek,future,o,gelecek
376,438,dinleyeceğiz,future,biz,gelecek
377,438,dinleyeceksiniz,future,siz,gelecek
378,438,dinleyecekler,future,onlar,gelecek
379,439,dinleniyorum,present,ben,şimdi
380,439,dinleniyorsun,present,sen,şimdi
381,439,dinleniyor,present,o,şimdi
382,439,dinleniyoruz,present,biz,şimdi
383,439,dinleniyorsunuz,present,siz,şimdi
384,439,dinleniyorlar,present,onlar,şimdi
385,439,dinlendim,past,ben,di
386,439,dinlendin,past,sen,di
387,439,dinlendi,past,o,di
388,439,dinlendik,past,biz,di
389,439,dinlendiniz,past,siz,di
390,439,dinlendiler,past,onlar,di
391,439,dinleneceğim,future,ben,gelecek
392,439,dinleneceksin,future,sen,gelecek
393,439,dinlenecek,future,o,gelecek
394,439,dinleneceğiz,future,biz,gelecek
395,439,dinleneceksiniz,future,siz,gelecek
396,439,dinlenecekler,future,onlar,gelecek
397,440,dolaşıyorum,present,ben,şimdi
398,440,dolaşıyorsun,present,sen,şimdi
399,440,dolaşıyor,present,o,şimdi
400,440,dolaşıyoruz,present,biz,şimdi
401,440,dolaşıyorsunuz,present,siz,şimdi
402,440,dolaşıyorlar,present,onlar,şimdi
403,440,dolaştım,past,ben,di
404,440,dolaştın,past,sen,di
405,440,dolaştı,past,o,di
406,440,dolaştık,past,biz,di
407,440,dolaştınız,past,siz,di
408,440,dolaştılar,past,onlar,di
409,440,dolaşacağım,future,ben,gelecek
410,440,dolaşacaksın,future,sen,gelecek
411,440,dolaşacak,future,o,gelecek
412,440,dolaşacağız,future,biz,gelecek
413,440,dolaşacaksınız,future,siz,gelecek
414,440,dolaşacaklar,future,onlar,gelecek
415,441,dönüyorum,present,ben,şimdi
416,441,dönüyorsun,present,sen,şimdi
417,441,dönüyor,present,o,şimdi
418,441,dönüyoruz,present,biz,şimdi
419,441,dönüyorsunuz,present,siz,şimdi
420,441,dönüyorlar,present,onlar,şimdi
421,441,döndüm,past,ben,di
422,441,döndün,past,sen,di
423,441,döndü,past,o,di
424,441,döndük,past,biz,di
425,441,döndünüz,past,siz,di
426,441,döndüler,past,onlar,di
427,441,döneceğim,future,ben,gelecek
428,441,döneceksin,future,sen,gelecek
429,441,dönecek,future,o,gelecek
430,441,döneceğiz,future,biz,gelecek
431,441,döneceksiniz,future,siz,gelecek
432,441,dönecekler,future,onlar,gelecek
433,442,duruyorum,present,ben,şimdi
434,442,duruyorsun,present,sen,şimdi
435,442,duruyor,present,o,şimdi
436,442,duruyoruz,present,biz,şimdi
437,442,duruyorsunuz,present,siz,şimdi
438,442,duruyorlar,present,onlar,şimdi
439,442,durdum,past,ben,di
440,442,durdun,past,sen,di
441,442,durdu,past,o,di
442,442,durduk,past,biz,di
443,442,durdunuz,past,siz,di
444,442,durdular,past,onlar,di
445,442,duracağım,future,ben,gelecek
446,442,duracaksın,future,sen,gelecek
447,442,duracak,future,o,gelecek
448,442,duracağız,future,biz,gelecek
449,442,duracaksınız,future,siz,gelecek
450,442,duracaklar,future,onlar,gelecek
451,443,duş alıyorum,present,ben,şimdi
452,443,duş alıyorsun,present,sen,şimdi
453,443,duş alıyor,present,o,şimdi
454,443,duş alıyoruz,present,biz,şimdi
455,443,duş alıyorsunuz,present,siz,şimdi
456,443,duş alıyorlar,present,onlar,şimdi
457,443,duş aldım,past,ben,di
458,443,duş aldın,past,sen,di
459,443,duş aldı,past,o,di
460,443,duş aldık,past,biz,di
461,443,duş aldınız,past,siz,di
462,443,duş aldılar,past,onlar,di
463,443,duş alacağım,future,ben,gelecek
464,443,duş alacaksın,future,sen,gelecek
465,443,duş alacak,future,o,gelecek
466,443,duş alacağız,future,biz,gelecek
467,443,duş alacaksınız,future,siz,gelecek
468,443,duş alacaklar,future,onlar,gelecek
469,444,fotoğraf çekiyorum,present,ben,şimdi
470,444,fotoğraf çekiyorsun,present,sen,şimdi
471,444,fotoğraf çekiyor,present,o,şimdi
472,444,fotoğraf çekiyoruz,present,biz,şimdi
473,444,fotoğraf çekiyorsunuz,present,siz,şimdi
474,444,fotoğraf çekiyorlar,present,onlar,şimdi
475,444,fotoğraf çektim,past,ben,di
476,444,fotoğraf çektin,past,sen,di
477,444,fotoğraf çekti,past,o,di
478,444,fotoğraf çektik,past,biz,di
479,444,fotoğraf çektiniz,past,siz,di
480,444,fotoğraf çektiler,past,onlar,di
481,444,fotoğraf çekeceğim,future,ben,gelecek
482,444,fotoğraf çekeceksin,future,sen,gelecek
483,444,fotoğraf çekecek,future,o,gelecek
484,444,fotoğraf çekeceğiz,future,biz,gelecek
485,444,fotoğraf çekeceksiniz,future,siz,gelecek
486,444,fotoğraf çekecekler,future,onlar,gelecek
487,445,geçiyorum,present,ben,şimdi
488,445,geçiyorsun,present,sen,şimdi
489,445,geçiyor,present,o,şimdi
490,445,geçiyoruz,present,biz,şimdi
491,445,geçiyorsunuz,present,siz,şimdi
492,445,geçiyorlar,present,onlar,şimdi
493,445,geçtim,past,ben,di
494,445,geçtin,past,sen,di
495,445,geçti,past,o,di
496,445,geçtik,past,biz,di
497,445,geçtiniz,past,siz,di
498,445,geçtiler,past,onlar,di
499,445,geçeceğim,future,ben,gelecek
500,445,geçeceksin,future,sen,gelecek
501,445,geçecek,future,o,gelecek
502,445,geçeceğiz,future,biz,gelecek
503,445,geçeceksiniz,future,siz,gelecek
504,445,geçecekler,future,onlar,gelecek
505,446,geziyorum,present,ben,şimdi
506,446,geziyorsun,present,sen,şimdi
507,446,geziyor,present,o,şimdi
508,446,geziyoruz,present,biz,şimdi
509,446,geziyorsunuz,present,siz,şimdi
510,446,geziyorlar,present,onlar,şimdi
511,446,gezdim,past,ben,di
512,446,gezdin,past,sen,di
513,446,gezdi,past,o,di
514,446,gezdik,past,biz,di
515,446,gezdiniz,past,siz,di
516,446,gezdiler,past,onlar,di
517,446,gezeceğim,future,ben,gelecek
518,446,gezeceksin,future,sen,gelecek
519,446,gezecek,future,o,gelecek
520,446,gezeceğiz,future,biz,gelecek
521,446,gezeceksiniz,future,siz,gelecek
522,446,gezecekler,future,onlar,gelecek
523,447,giriyorum,present,ben,şimdi
524,447,giriyorsun,present,sen,şimdi
525,447,giriyor,present,o,şimdi
526,447,giriyoruz,present,biz,şimdi
527,447,giriyorsunuz,present,siz,şimdi
528,447,giriyorlar,present,onlar,şimdi
529,447,girdim,past,ben,di
530,447,girdin,past,sen,di
531,447,girdi,past,o,di
532,447,girdik,past,biz,di
533,447,girdiniz,past,siz,di
534,447,girdiler,past,onlar,di
535,447,gireceğim,future,ben,gelecek
536,447,gireceksin,future,sen,gelecek
537,447,girecek,future,o,gelecek
538,447,gireceğiz,future,biz,gelecek
539,447,gireceksiniz,future,siz,gelecek
540,447,girecekler,future,onlar,gelecek
541,448,gitiyorum,present,ben,şimdi
542,448,gitiyorsun,present,sen,şimdi
543,448,gitiyor,present,o,şimdi
544,448,gitiyoruz,present,biz,şimdi
545,448,gitiyorsunuz,present,siz,şimdi
546,448,gitiyorlar,present,onlar,şimdi
547,448,gittim,past,ben,di
548,448,gittin,past,sen,di
549,448,gitti,past,o,di
550,448,gittik,past,biz,di
551,448,gittiniz,past,siz,di
552,448,gittiler,past,onlar,di
553,448,giteceğim,future,ben,gelecek
554,448,giteceksin,future,sen,gelecek
555,448,gitecek,future,o,gelecek
556,448,giteceğiz,future,biz,gelecek
557,448,giteceksiniz,future,siz,gelecek
558,448,gitecekler,future,onlar,gelecek
559,449,hazırlıyorum,present,ben,şimdi
560,449,hazırlıyorsun,present,sen,şimdi
561,449,hazırlıyor,present,o,şimdi
562,449,hazırlıyoruz,present,biz,şimdi
563,449,hazırlıyorsunuz,present,siz,şimdi
564,449,hazırlıyorlar,present,onlar,şimdi
565,449,hazırladım,past,ben,di
566,449,hazırladın,past,sen,di
567,449,hazırladı,past,o,di
568,449,hazırladık,past,biz,di
569,449,hazırladınız,past,siz,di
570,449,hazırladılar,past,onlar,di
571,449,hazırlayacağım,future,ben,gelecek
572,449,hazırlayacaksın,future,sen,gelecek
573,449,hazırlayacak,future,o,gelecek
574,449,hazırlayacağız,future,biz,gelecek
575,449,hazırlayacaksınız,future,siz,gelecek
576,449,hazırlayacaklar,future,onlar,gelecek
577,450,hazırlanıyorum,present,ben,şimdi
578,450,hazırlanıyorsun,present,sen,şimdi
579,450,hazırlanıyor,present,o,şimdi
580,450,hazırlanıyoruz,present,biz,şimdi
581,450,hazırlanıyorsunuz,present,siz,şimdi
582,450,hazırlanıyorlar,present,onlar,şimdi
583,450,hazırlandım,past,ben,di
584,450,hazırlandın,past,sen,di
585,450,hazırlandı,past,o,di
586,450,hazırlandık,past,biz,di
587,450,hazırlandınız,past,siz,di
588,450,hazırlandılar,past,onlar,di
589,450,hazırlanacağım,future,ben,gelecek
590,450,hazırlanacaksın,future,sen,gelecek
591,450,hazırlanacak,future,o,gelecek
592,450,hazırlanacağız,future,biz,gelecek
593,450,hazırlanacaksınız,future,siz,gelecek
594,450,hazırlanacaklar,future,onlar,gelecek
595,451,hoşlanıyorum,present,ben,şimdi
596,451,hoşlanıyorsun,present,sen,şimdi
597,451,hoşlanıyor,present,o,şimdi
598,451,hoşlanıyoruz,present,biz,şimdi
599,451,hoşlanıyorsunuz,present,siz,şimdi
600,451,hoşlanıyorlar,present,onlar,şimdi
601,451,hoşlandım,past,ben,di
602,451,hoşlandın,past,sen,di
603,451,hoşlandı,past,o,di
604,451,hoşlandık,past,biz,di
605,451,hoşlandınız,past,siz,di
606,451,hoşlandılar,past,onlar,di
607,451,hoşlanacağım,future,ben,gelecek
608,451,hoşlanacaksın,future,sen,gelecek
609,451,hoşlanacak,future,o,gelecek
610,451,hoşlanacağız,future,biz,gelecek
611,451,hoşlanacaksınız,future,siz,gelecek
612,451,hoşlanacaklar,future,onlar,gelecek
613,452,internete giriyorum,present,ben,şimdi
614,452,internete giriyorsun,present,sen,şimdi
615,452,internete giriyor,present,o,şimdi
616,452,internete giriyoruz,present,biz,şimdi
617,452,internete giriyorsunuz,present,siz,şimdi
618,452,internete giriyorlar,present,onlar,şimdi
619,452,internete girdim,past,ben,di
620,452,internete girdin,past,sen,di
621,452,internete girdi,past,o,di
622,452,internete girdik,past,biz,di
623,452,internete girdiniz,past,siz,di
624,452,internete girdiler,past,onlar,di
625,452,internete gireceğim,future,ben,gelecek
626,452,internete gireceksin,future,sen,gelecek
627,452,internete girecek,future,o,gelecek
628,452,internete gireceğiz,future,biz,gelecek
629,452,internete gireceksiniz,future,siz,gelecek
630,452,internete girecekler,future,onlar,gelecek
631,453,izliyorum,present,ben,şimdi
632,453,izliyorsun,present,sen,şimdi
633,453,izliyor,present,o,şimdi
634,453,izliyoruz,present,biz,şimdi
635,453,izliyorsunuz,present,siz,şimdi
636,453,izliyorlar,present,onlar,şimdi
637,453,izledim,past,ben,di
638,453,izledin,past,sen,di
639,453,izledi,past,o,di
640,453,izledik,past,biz,di
641,453,izlediniz,past,siz,di
642,453,izlediler,past,onlar,di
643,453,izleyeceğim,future,ben,gelecek
644,453,izleyeceksin,future,sen,gelecek
645,453,izleyecek,future,o,gelecek
646,453,izleyeceğiz,future,biz,gelecek
647,453,izleyeceksiniz,future,siz,gelecek
648,453,izleyecekler,future,onlar,gelecek
649,454,kahvaltı ediyorum,present,ben,şimdi
650,454,kahvaltı ediyorsun,present,sen,şimdi
651,454,kahvaltı ediyor,present,o,şimdi
652,454,kahvaltı ediyoruz,present,biz,şimdi
653,454,kahvaltı ediyorsunuz,present,siz,şimdi
654,454,kahvaltı ediyorlar,present,onlar,şimdi
655,454,kahvaltı ettim,past,ben,di
656,454,kahvaltı ettin,past,sen,di
657,454,kahvaltı etti,past,o,di
658,454,kahvaltı ettik,past,biz,di
659,454,kahvaltı ettiniz,past,siz,di
660,454,kahvaltı ettiler,past,onlar,di
661,454,kahvaltı eteceğim,future,ben,gelecek
662,454,kahvaltı eteceksin,future,sen,gelecek
663,454,kahvaltı etecek,future,o,gelecek
664,454,kahvaltı eteceğiz,future,biz,gelecek
665,454,kahvaltı eteceksiniz,future,siz,gelecek
666,454,kahvaltı etecekler,future,onlar,gelecek
667,455,kalkıyorum,present,ben,şimdi
668,455,kalkıyorsun,present,sen,şimdi
669,455,kalkıyor,present,o,şimdi
670,455,kalkıyoruz,present,biz,şimdi
671,455,kalkıyorsunuz,present,siz,şimdi
672,455,kalkıyorlar,present,onlar,şimdi
673,455,kalktım,past,ben,di
674,455,kalktın,past,sen,di
675,455,kalktı,past,o,di
676,455,kalktık,past,biz,di
677,455,kalktınız,past,siz,di
678,455,kalktılar,past,onlar,di
679,455,kalkacağım,future,ben,gelecek
680,455,kalkacaksın,future,sen,gelecek
681,455,kalkacak,future,o,gelecek
682,455,kalkacağız,future,biz,gelecek
683,455,kalkacaksınız,future,siz,gelecek
684,455,kalkacaklar,future,onlar,gelecek
685,456,kalıyorum,present,ben,şimdi
686,456,kalıyorsun,present,sen,şimdi
687,456,kalıyor,present,o,şimdi
688,456,kalıyoruz,present,biz,şimdi
689,456,kalıyorsunuz,present,siz,şimdi
690,456,kalıyorlar,present,onlar,şimdi
691,456,kaldım,past,ben,di
692,456,kaldın,past,sen,di
693,456,kaldı,past,o,di
694,456,kaldık,past,biz,di
695,456,kaldınız,past,siz,di
696,456,kaldılar,past,onlar,di
697,456,kalacağım,future,ben,gelecek
698,456,kalacaksın,future,sen,gelecek
699,456,kalacak,future,o,gelecek
700,456,kalacağız,future,biz,gelecek
701,456,kalacaksınız,future,siz,gelecek
702,456,kalacaklar,future,onlar,gelecek
703,457,kapatıyorum,present,ben,şimdi
704,457,kapatıyorsun,present,sen,şimdi
705,457,kapatıyor,present,o,şimdi
706,457,kapatıyoruz,present,biz,şimdi
707,457,kapatıyorsunuz,present,siz,şimdi
708,457,kapatıyorlar,present,onlar,şimdi
709,457,kapattım,past,ben,di
710,457,kapattın,past,sen,di
711,457,kapattı,past,o,di
712,457,kapattık,past,biz,di
713,457,kapattınız,past,siz,di
714,457,kapattılar,past,onlar,di
715,457,kapatacağım,future,ben,gelecek
716,457,kapatacaksın,future,sen,gelecek
717,457,kapatacak,future,o,gelecek
718,457,kapatacağız,future,biz,gelecek
719,457,kapatacaksınız,future,siz,gelecek
720,457,kapatacaklar,future,onlar,gelecek
721,458,kontrol ediyorum,present,ben,şimdi
722,458,kontrol ediyorsun,present,sen,şimdi
723,458,kontrol ediyor,present,o,şimdi
724,458,kontrol ediyoruz,present,biz,şimdi
725,458,kontrol ediyorsunuz,present,siz,şimdi
726,458,kontrol ediyorlar,present,onlar,şimdi
727,458,kontrol ettim,past,ben,di
728,458,kontrol ettin,past,sen,di
729,458,kontrol etti,past,o,di
730,458,kontrol ettik,past,biz,di
731,458,kontrol ettiniz,past,siz,di
732,458,kontrol ettiler,past,onlar,di
733,458,kontrol eteceğim,future,ben,gelecek
734,458,kontrol eteceksin,future,sen,gelecek
735,458,kontrol etecek,future,o,gelecek
736,458,kontrol eteceğiz,future,biz,gelecek
737,458,kontrol eteceksiniz,future,siz,gelecek
738,458,kontrol etecekler,future,onlar,gelecek
739,459,konuşuyorum,present,ben,şimdi
740,459,konuşuyorsun,present,sen,şimdi
741,459,konuşuyor,present,o,şimdi
742,459,konuşuyoruz,present,biz,şimdi
743,459,konuşuyorsunuz,present,siz,şimdi
744,459,konuşuyorlar,present,onlar,şimdi
745,459,konuştum,past,ben,di
746,459,konuştun,past,sen,di
747,459,konuştu,past,o,di
748,459,konuştuk,past,biz,di
749,459,konuştunuz,past,siz,di
750,459,konuştular,past,onlar,di
751,459,konuşacağım,future,ben,gelecek
752,459,konuşacaksın,future,sen,gelecek
753,459,konuşacak,future,o,gelecek
754,459,konuşacağız,future,biz,gelecek
755,459,konuşacaksınız,future,siz,gelecek
756,459,konuşacaklar,future,onlar,gelecek
757,460,korkuyorum,present,ben,şimdi
758,460,korkuyorsun,present,sen,şimdi
759,460,korkuyor,present,o,şimdi
760,460,korkuyoruz,present,biz,şimdi
761,460,korkuyorsunuz,present,siz,şimdi
762,460,korkuyorlar,present,onlar,şimdi
763,460,korktum,past,ben,di
764,460,korktun,past,sen,di
765,460,korktu,past,o,di
766,460,korktuk,past,biz,di
767,460,korktunuz,past,siz,di
768,460,korktular,past,onlar,di
769,460,korkacağım,future,ben,gelecek
770,460,korkacaksın,future,sen,gelecek
771,460,korkacak,future,o,gelecek
772,460,korkacağız,future,biz,gelecek
773,460,korkacaksınız,future,siz,gelecek
774,460,korkacaklar,future,onlar,gelecek
775,461,koşuyorum,present,ben,şimdi
776,461,koşuyorsun,present,sen,şimdi
777,461,koşuyor,present,o,şimdi
778,461,koşuyoruz,present,biz,şimdi
779,461,koşuyorsunuz,present,siz,şimdi
780,461,koşuyorlar,present,onlar,şimdi
781,461,koştum,past,ben,di
782,461,koştun,past,sen,di
783,461,koştu,past,o,di
784,461,koştuk,past,biz,di
785,461,koştunuz,past,siz,di
786,461,koştular,past,onlar,di
787,461,koşacağım,future,ben,gelecek
788,461,koşacaksın,future,sen,gelecek
789,461,koşacak,future,o,gelecek
790,461,koşacağız,future,biz,gelecek
791,461,koşacaksınız,future,siz,gelecek
792,461,koşacaklar,future,onlar,gelecek
793,462,koyuyorum,present,ben,şimdi
794,462,koyuyorsun,present,sen,şimdi
795,462,koyuyor,present,o,şimdi
796,462,koyuyoruz,present,biz,şimdi
797,462,koyuyorsunuz,present,siz,şimdi
798,462,koyuyorlar,present,onlar,şimdi
799,462,koydum,past,ben,di
800,462,koydun,past,sen,di
801,462,koydu,past,o,di
802,462,koyduk,past,biz,di
803,462,koydunuz,past,siz,di
804,462,koydular,past,onlar,di
805,462,koyacağım,future,ben,gelecek
806,462,koyacaksın,future,sen,gelecek
807,462,koyacak,future,o,gelecek
808,462,koyacağız,future,biz,gelecek
809,462,koyacaksınız,future,siz,gelecek
810,462,koyacaklar,future,onlar,gelecek
811,463,kullanıyorum,present,ben,şimdi
812,463,kullanıyorsun,present,sen,şimdi
813,463,kullanıyor,present,o,şimdi
814,463,kullanıyoruz,present,biz,şimdi
815,463,kullanıyorsunuz,present,siz,şimdi
816,463,kullanıyorlar,present,onlar,şimdi
817,463,kullandım,past,ben,di
818,463,kullandın,past,sen,di
819,463,kullandı,past,o,di
820,463,kullandık,past,biz,di
821,463,kullandınız,past,siz,di
822,463,kullandılar,past,onlar,di
823,463,kullanacağım,future,ben,gelecek
824,463,kullanacaksın,future,sen,gelecek
825,463,kullanacak,future,o,gelecek
826,463,kullanacağız,future,biz,gelecek
827,463,kullanacaksınız,future,siz,gelecek
828,463,kullanacaklar,future,onlar,gelecek
829,464,nefret ediyorum,present,ben,şimdi
830,464,nefret ediyorsun,present,sen,şimdi
831,464,nefret ediyor,present,o,şimdi
832,464,nefret ediyoruz,present,biz,şimdi
833,464,nefret ediyorsunuz,present,siz,şimdi
834,464,nefret ediyorlar,present,onlar,şimdi
835,464,nefret ettim,past,ben,di
836,464,nefret ettin,past,sen,di
837,464,nefret etti,past,o,di
838,464,nefret ettik,past,biz,di
839,464,nefret ettiniz,past,siz,di
840,464,nefret ettiler,past,onlar,di
841,464,nefret eteceğim,future,ben,gelecek
842,464,nefret eteceksin,future,sen,gelecek
843,464,nefret etecek,future,o,gelecek
844,464,nefret eteceğiz,future,biz,gelecek
845,464,nefret eteceksiniz,future,siz,gelecek
846,464,nefret etecekler,future,onlar,gelecek
847,465,okuyorum,present,ben,şimdi
848,465,okuyorsun,present,sen,şimdi
849,465,okuyor,present,o,şimdi
850,465,okuyoruz,present,biz,şimdi
851,465,okuyorsunuz,present,siz,şimdi
852,465,okuyorlar,present,onlar,şimdi
853,465,okudum,past,ben,di
854,465,okudun,past,sen,di
855,465,okudu,past,o,di
856,465,okuduk,past,biz,di
857,465,okudunuz,past,siz,di
858,465,okudular,past,onlar,di
859,465,okuyacağım,future,ben,gelecek
860,465,okuyacaksın,future,sen,gelecek
861,465,okuyacak,future,o,gelecek
862,465,okuyacağız,future,biz,gelecek
863,465,okuyacaksınız,future,siz,gelecek
864,465,okuyacaklar,future,onlar,gelecek
865,466,oturuyorum,present,ben,şimdi
866,466,oturuyorsun,present,sen,şimdi
867,466,oturuyor,present,o,şimdi
868,466,oturuyoruz,present,biz,şimdi
869,466,oturuyorsunuz,present,siz,şimdi
870,466,oturuyorlar,present,onlar,şimdi
871,466,oturdum,past,ben,di
872,466,oturdun,past,sen,di
873,466,oturdu,past,o,di
874,466,oturduk,past,biz,di
875,466,oturdunuz,past,siz,di
876,466,oturdular,past,onlar,di
877,466,oturacağım,future,ben,gelecek
878,466,oturacaksın,future,sen,gelecek
879,466,oturacak,future,o,gelecek
880,466,oturacağız,future,biz,gelecek
881,466,oturacaksınız,future,siz,gelecek
882,466,oturacaklar,future,onlar,gelecek
883,467,oynıyorum,present,ben,şimdi
884,467,oynıyorsun,present,sen,şimdi
885,467,oynıyor,present,o,şimdi
886,467,oynıyoruz,present,biz,şimdi
887,467,oynıyorsunuz,present,siz,şimdi
888,467,oynıyorlar,present,onlar,şimdi
889,467,oynadım,past,ben,di
890,467,oynadın,past,sen,di
891,467,oynadı,past,o,di
892,467,oynadık,past,biz,di
893,467,oynadınız,past,siz,di
894,467,oynadılar,past,onlar,di
895,467,oynayacağım,future,ben,gelecek
896,467,oynayacaksın,future,sen,gelecek
897,467,oynayacak,future,o,gelecek
898,467,oynayacağız,future,biz,gelecek
899,467,oynayacaksınız,future,siz,gelecek
900,467,oynayacaklar,future,onlar,gelecek
901,468,öğreniyorum,present,ben,şimdi
902,468,öğreniyorsun,present,sen,şimdi
903,468,öğreniyor,present,o,şimdi
904,468,öğreniyoruz,present,biz,şimdi
905,468,öğreniyorsunuz,present,siz,şimdi
906,468,öğreniyorlar,present,onlar,şimdi
907,468,öğrendim,past,ben,di
908,468,öğrendin,past,sen,di
909,468,öğrendi,past,o,di
910,468,öğrendik,past,biz,di
911,468,öğrendiniz,past,siz,di
912,468,öğrendiler,past,onlar,di
913,468,öğreneceğim,future,ben,gelecek
914,468,öğreneceksin,future,sen,gelecek
915,468,öğrenecek,future,o,gelecek
916,468,öğreneceğiz,future,biz,gelecek
917,468,öğreneceksiniz,future,siz,gelecek
918,468,öğrenecekler,future,onlar,gelecek
919,469,özliyorum,present,ben,şimdi
920,469,özliyorsun,present,sen,şimdi
921,469,özliyor,present,o,şimdi
922,469,özliyoruz,present,biz,şimdi
923,469,özliyorsunuz,present,siz,şimdi
924,469,özliyorlar,present,onlar,şimdi
925,469,özledim,past,ben,di
926,469,özledin,past,sen,di
927,469,özledi,past,o,di
928,469,özledik,past,biz,di
929,469,özlediniz,past,siz,di
930,469,özlediler,past,onlar,di
931,469,özleyeceğim,future,ben,gelecek
932,469,özleyeceksin,future,sen,gelecek
933,469,özleyecek,future,o,gelecek
934,469,özleyeceğiz,future,biz,gelecek
935,469,özleyeceksiniz,future,siz,gelecek
936,469,özleyecekler,future,onlar,gelecek
937,470,para çekiyorum,present,ben,şimdi
938,470,para çekiyorsun,present,sen,şimdi
939,470,para çekiyor,present,o,şimdi
940,470,para çekiyoruz,present,biz,şimdi
941,470,para çekiyorsunuz,present,siz,şimdi
942,470,para çekiyorlar,present,onlar,şimdi
943,470,para çektim,past,ben,di
944,470,para çektin,past,sen,di
945,470,para çekti,past,o,di
946,470,para çektik,past,biz,di
947,470,para çektiniz,past,siz,di
948,470,para çektiler,past,onlar,di
949,470,para çekeceğim,future,ben,gelecek
950,470,para çekeceksin,future,sen,gelecek
951,470,para çekecek,future,o,gelecek
952,470,para çekeceğiz,future,biz,gelecek
953,470,para çekeceksiniz,future,siz,gelecek
954,470,para çekecekler,future,onlar,gelecek
955,471,pişiriyorum,present,ben,şimdi
956,471,pişiriyorsun,present,sen,şimdi
957,471,pişiriyor,present,o,şimdi
958,471,pişiriyoruz,present,biz,şimdi
959,471,pişiriyorsunuz,present,siz,şimdi
960,471,pişiriyorlar,present,onlar,şimdi
961,471,pişirdim,past,ben,di
962,471,pişirdin,past,sen,di
963,471,pişirdi,past,o,di
964,471,pişirdik,past,biz,di
965,471,pişirdiniz,past,siz,di
966,471,pişirdiler,past,onlar,di
967,471,pişireceğim,future,ben,gelecek
968,471,pişireceksin,future,sen,gelecek
969,471,pişirecek,future,o,gelecek
970,471,pişireceğiz,future,biz,gelecek
971,471,pişireceksiniz,future,siz,gelecek
972,471,pişirecekler,future,onlar,gelecek
973,472,sanıyorum,present,ben,şimdi
974,472,sanıyorsun,present,sen,şimdi
975,472,sanıyor,present,o,şimdi
976,472,sanıyoruz,present,biz,şimdi
977,472,sanıyorsunuz,present,siz,şimdi
978,472,sanıyorlar,present,onlar,şimdi
979,472,sandım,past,ben,di
980,472,sandın,past,sen,di
981,472,sandı,past,o,di
982,472,sandık,past,biz,di
983,472,sandınız,past,siz,di
984,472,sandılar,past,onlar,di
985,472,sanacağım,future,ben,gelecek
986,472,sanacaksın,future,sen,gelecek
987,472,sanacak,future,o,gelecek
988,472,sanacağız,future,biz,gelecek
989,472,sanacaksınız,future,siz,gelecek
990,472,sanacaklar,future,onlar,gelecek
991,473,seviyorum,present,ben,şimdi
992,473,seviyorsun,present,sen,şimdi
993,473,seviyor,present,o,şimdi
994,473,seviyoruz,present,biz,şimdi
995,473,seviyorsunuz,present,siz,şimdi
996,473,seviyorlar,present,onlar,şimdi
997,473,sevdim,past,ben,di
998,473,sevdin,past,sen,di
999,473,sevdi,past,o,di
1000,473,sevdik,past,biz,di
1001,473,sevdiniz,past,siz,di
1002,473,sevdiler,past,onlar,di
1003,473,seveceğim,future,ben,gelecek
1004,473,seveceksin,future,sen,gelecek
1005,473,sevecek,future,o,gelecek
1006,473,seveceğiz,future,biz,gelecek
1007,473,seveceksiniz,future,siz,gelecek
1008,473,sevecekler,future,onlar,gelecek
1009,474,sıkılıyorum,present,ben,şimdi
1010,474,sıkılıyorsun,present,sen,şimdi
1011,474,sıkılıyor,present,o,şimdi
1012,474,sıkılıyoruz,present,biz,şimdi
1013,474,sıkılıyorsunuz,present,siz,şimdi
1014,474,sıkılıyorlar,present,onlar,şimdi
1015,474,sıkıldım,past,ben,di
1016,474,sıkıldın,past,sen,di
1017,474,sıkıldı,past,o,di
1018,474,sıkıldık,past,biz,di
1019,474,sıkıldınız,past,siz,di
1020,474,sıkıldılar,past,onlar,di
1021,474,sıkılacağım,future,ben,gelecek
1022,474,sıkılacaksın,future,sen,gelecek
1023,474,sıkılacak,future,o,gelecek
1024,474,sıkılacağız,future,biz,gelecek
1025,474,sıkılacaksınız,future,siz,gelecek
1026,474,sıkılacaklar,future,onlar,gelecek
1027,475,sohbet ediyorum,present,ben,şimdi
1028,475,sohbet ediyorsun,present,sen,şimdi
1029,475,sohbet ediyor,present,o,şimdi
1030,475,sohbet ediyoruz,present,biz,şimdi
1031,475,sohbet ediyorsunuz,present,siz,şimdi
1032,475,sohbet ediyorlar,present,onlar,şimdi
1033,475,sohbet ettim,past,ben,di
1034,475,sohbet ettin,past,sen,di
1035,475,sohbet etti,past,o,di
1036,475,sohbet ettik,past,biz,di
1037,475,sohbet ettiniz,past,siz,di
1038,475,sohbet ettiler,past,onlar,di
1039,475,sohbet eteceğim,future,ben,gelecek
1040,475,sohbet eteceksin,future,sen,gelecek
1041,475,sohbet etecek,future,o,gelecek
1042,475,sohbet eteceğiz,future,biz,gelecek
1043,475,sohbet eteceksiniz,future,siz,gelecek
1044,475,sohbet etecekler,future,onlar,gelecek
1045,476,soruyorum,present,ben,şimdi
1046,476,soruyorsun,present,sen,şimdi
1047,476,soruyor,present,o,şimdi
1048,476,soruyoruz,present,biz,şimdi
1049,476,soruyorsunuz,present,siz,şimdi
1050,476,soruyorlar,present,onlar,şimdi
1051,476,sordum,past,ben,di
1052,476,sordun,past,sen,di
1053,476,sordu,past,o,di
1054,476,sorduk,past,biz,di
1055,476,sordunuz,past,siz,di
1056,476,sordular,past,onlar,di
1057,476,soracağım,future,ben,gelecek
1058,476,soracaksın,future,sen,gelecek
1059,476,soracak,future,o,gelecek
1060,476,soracağız,future,biz,gelecek
1061,476,soracaksınız,future,siz,gelecek
1062,476,soracaklar,future,onlar,gelecek
1063,477,söyliyorum,present,ben,şimdi
1064,477,söyliyorsun,present,sen,şimdi
1065,477,söyliyor,present,o,şimdi
1066,477,söyliyoruz,present,biz,şimdi
1067,477,söyliyorsunuz,present,siz,şimdi
1068,477,söyliyorlar,present,onlar,şimdi
1069,477,söyledim,past,ben,di
1070,477,söyledin,past,sen,di
1071,477,söyledi,past,o,di
1072,477,söyledik,past,biz,di
1073,477,söylediniz,past,siz,di
1074,477,söylediler,past,onlar,di
1075,477,söyleyeceğim,future,ben,gelecek
1076,477,söyleyeceksin,future,sen,gelecek
1077,477,söyleyecek,future,o,gelecek
1078,477,söyleyeceğiz,future,biz,gelecek
1079,477,söyleyeceksiniz,future,siz,gelecek
1080,477,söyleyecekler,future,onlar,gelecek
1081,478,spor yapıyorum,present,ben,şimdi
1082,478,spor yapıyorsun,present,sen,şimdi
1083,478,spor yapıyor,present,o,şimdi
1084,478,spor yapıyoruz,present,biz,şimdi
1085,478,spor yapıyorsunuz,present,siz,şimdi
1086,478,spor yapıyorlar,present,onlar,şimdi
1087,478,spor yaptım,past,ben,di
1088,478,spor yaptın,past,sen,di
1089,478,spor yaptı,past,o,di
1090,478,spor yaptık,past,biz,di
1091,478,spor yaptınız,past,siz,di
1092,478,spor yaptılar,past,onlar,di
1093,478,spor yapacağım,future,ben,gelecek
1094,478,spor yapacaksın,future,sen,gelecek
1095,478,spor yapacak,future,o,gelecek
1096,478,spor yapacağız,future,biz,gelecek
1097,478,spor yapacaksınız,future,siz,gelecek
1098,478,spor yapacaklar,future,onlar,gelecek
1099,479,stres atıyorum,present,ben,şimdi
1100,479,stres atıyorsun,present,sen,şimdi
1101,479,stres atıyor,present,o,şimdi
1102,479,stres atıyoruz,present,biz,şimdi
1103,479,stres atıyorsunuz,present,siz,şimdi
1104,479,stres atıyorlar,present,onlar,şimdi
1105,479,stres attım,past,ben,di
1106,479,stres attın,past,sen,di
1107,479,stres attı,past,o,di
1108,479,stres attık,past,biz,di
1109,479,stres attınız,past,siz,di
1110,479,stres attılar,past,onlar,di
1111,479,stres atacağım,future,ben,gelecek
1112,479,stres atacaksın,future,sen,gelecek
1113,479,stres atacak,future,o,gelecek
1114,479,stres atacağız,future,biz,gelecek
1115,479,stres atacaksınız,future,siz,gelecek
1116,479,stres atacaklar,future,onlar,gelecek
1117,480,tanıyorum,present,ben,şimdi
1118,480,tanıyorsun,present,sen,şimdi
1119,480,tanıyor,present,o,şimdi
1120,480,tanıyoruz,present,biz,şimdi
1121,480,tanıyorsunuz,present,siz,şimdi
1122,480,tanıyorlar,present,onlar,şimdi
1123,480,tanıdım,past,ben,di
1124,480,tanıdın,past,sen,di
1125,480,tanıdı,past,o,di
1126,480,tanıdık,past,biz,di
1127,480,tanıdınız,past,siz,di
1128,480,tanıdılar,past,onlar,di
1129,480,tanıyacağım,future,ben,gelecek
1130,480,tanıyacaksın,future,sen,gelecek
1131,480,tanıyacak,future,o,gelecek
1132,480,tanıyacağız,future,biz,gelecek
1133,480,tanıyacaksınız,future,siz,gelecek
1134,480,tanıyacaklar,future,onlar,gelecek
1135,481,tanışıyorum,present,ben,şimdi
1136,481,tanışıyorsun,present,sen,şimdi
1137,481,tanışıyor,present,o,şimdi
1138,481,tanışıyoruz,present,biz,şimdi
1139,481,tanışıyorsunuz,present,siz,şimdi
1140,481,tanışıyorlar,present,onlar,şimdi
1141,481,tanıştım,past,ben,di
1142,481,tanıştın,past,sen,di
1143,481,tanıştı,past,o,di
1144,481,tanıştık,past,biz,di
1145,481,tanıştınız,past,siz,di
1146,481,tanıştılar,past,onlar,di
1147,481,tanışacağım,future,ben,gelecek
1148,481,tanışacaksın,future,sen,gelecek
1149,481,tanışacak,future,o,gelecek
1150,481,tanışacağız,future,biz,gelecek
1151,481,tanışacaksınız,future,siz,gelecek
1152,481,tanışacaklar,future,onlar,gelecek
1153,482,tekrar ediyorum,present,ben,şimdi
1154,482,tekrar ediyorsun,present,sen,şimdi
1155,482,tekrar ediyor,present,o,şimdi
1156,482,tekrar ediyoruz,present,biz,şimdi
1157,482,tekrar ediyorsunuz,present,siz,şimdi
1158,482,tekrar ediyorlar,present,onlar,şimdi
1159,482,tekrar ettim,past,ben,di
1160,482,tekrar ettin,past,sen,di
1161,482,tekrar etti,past,o,di
1162,482,tekrar ettik,past,biz,di
1163,482,tekrar ettiniz,past,siz,di
1164,482,tekrar ettiler,past,onlar,di
1165,482,tekrar eteceğim,future,ben,gelecek
1166,482,tekrar eteceksin,future,sen,gelecek
1167,482,tekrar etecek,future,o,gelecek
1168,482,tekrar eteceğiz,future,biz,gelecek
1169,482,tekrar eteceksiniz,future,siz,gelecek
1170,482,tekrar etecekler,future,onlar,gelecek
1171,483,temizliyorum,present,ben,şimdi
1172,483,temizliyorsun,present,sen,şimdi
1173,483,temizliyor,present,o,şimdi
1174,483,temizliyoruz,present,biz,şimdi
1175,483,temizliyorsunuz,present,siz,şimdi
1176,483,temizliyorlar,present,onlar,şimdi
1177,483,temizledim,past,ben,di
1178,483,temizledin,past,sen,di
1179,483,temizledi,past,o,di
1180,483,temizledik,past,biz,di
1181,483,temizlediniz,past,siz,di
1182,483,temizlediler,past,onlar,di
1183,483,temizleyeceğim,future,ben,gelecek
1184,483,temizleyeceksin,future,sen,gelecek
1185,483,temizleyecek,future,o,gelecek
1186,483,temizleyeceğiz,future,biz,gelecek
1187,483,temizleyeceksiniz,future,siz,gelecek
1188,483,temizleyecekler,future,onlar,gelecek
1189,484,tırmanıyorum,present,ben,şimdi
1190,484,tırmanıyorsun,present,sen,şimdi
1191,484,tırmanıyor,present,o,şimdi
1192,484,tırmanıyoruz,present,biz,şimdi
1193,484,tırmanıyorsunuz,present,siz,şimdi
1194,484,tırmanıyorlar,present,onlar,şimdi
1195,484,tırmandım,past,ben,di
1196,484,tırmandın,past,sen,di
1197,484,tırmandı,past,o,di
1198,484,tırmandık,past,biz,di
1199,484,tırmandınız,past,siz,di
1200,484,tırmandılar,past,onlar,di
1201,484,tırmanacağım,future,ben,gelecek
1202,484,tırmanacaksın,future,sen,gelecek
1203,484,tırmanacak,future,o,gelecek
1204,484,tırmanacağız,future,biz,gelecek
1205,484,tırmanacaksınız,future,siz,gelecek
1206,484,tırmanacaklar,future,onlar,gelecek
1207,485,uyuyorum,present,ben,şimdi
1208,485,uyuyorsun,present,sen,şimdi
1209,485,uyuyor,present,o,şimdi
1210,485,uyuyoruz,present,biz,şimdi
1211,485,uyuyorsunuz,present,siz,şimdi
1212,485,uyuyorlar,present,onlar,şimdi
1213,485,uyudum,past,ben,di
1214,485,uyudun,past,sen,di
1215,485,uyudu,past,o,di
1216,485,uyuduk,past,biz,di
1217,485,uyudunuz,past,siz,di
1218,485,uyudular,past,onlar,di
1219,485,uyuyacağım,future,ben,gelecek
1220,485,uyuyacaksın,future,sen,gelecek
1221,485,uyuyacak,future,o,gelecek
1222,485,uyuyacağız,future,biz,gelecek
1223,485,uyuyacaksınız,future,siz,gelecek
1224,485,uyuyacaklar,future,onlar,gelecek
1225,486,uzanıyorum,present,ben,şimdi
1226,486,uzanıyorsun,present,sen,şimdi
1227,486,uzanıyor,present,o,şimdi
1228,486,uzanıyoruz,present,biz,şimdi
1229,486,uzanıyorsunuz,present,siz,şimdi
1230,486,uzanıyorlar,present,onlar,şimdi
1231,486,uzandım,past,ben,di
1232,486,uzandın,past,sen,di
1233,486,uzandı,past,o,di
1234,486,uzandık,past,biz,di
1235,486,uzandınız,past,siz,di
1236,486,uzandılar,past,onlar,di
1237,486,uzanacağım,future,ben,gelecek
1238,486,uzanacaksın,future,sen,gelecek
1239,486,uzanacak,future,o,gelecek
1240,486,uzanacağız,future,biz,gelecek
1241,486,uzanacaksınız,future,siz,gelecek
1242,486,uzanacaklar,future,onlar,gelecek
1243,487,varıyorum,present,ben,şimdi
1244,487,varıyorsun,present,sen,şimdi
1245,487,varıyor,present,o,şimdi
1246,487,varıyoruz,present,biz,şimdi
1247,487,varıyorsunuz,present,siz,şimdi
1248,487,varıyorlar,present,onlar,şimdi
1249,487,vardım,past,ben,di
1250,487,vardın,past,sen,di
1251,487,vardı,past,o,di
1252,487,vardık,past,biz,di
1253,487,vardınız,past,siz,di
1254,487,vardılar,past,onlar,di
1255,487,varacağım,future,ben,gelecek
1256,487,varacaksın,future,sen,gelecek
1257,487,varacak,future,o,gelecek
1258,487,varacağız,future,biz,gelecek
1259,487,varacaksınız,future,siz,gelecek
1260,487,varacaklar,future,onlar,gelecek
1261,488,veriyorum,present,ben,şimdi
1262,488,veriyorsun,present,sen,şimdi
1263,488,veriyor,present,o,şimdi
1264,488,veriyoruz,present,biz,şimdi
1265,488,veriyorsunuz,present,siz,şimdi
1266,488,veriyorlar,present,onlar,şimdi
1267,488,verdim,past,ben,di
1268,488,verdin,past,sen,di
1269,488,verdi,past,o,di
1270,488,verdik,past,biz,di
1271,488,verdiniz,past,siz,di
1272,488,verdiler,past,onlar,di
1273,488,vereceğim,future,ben,gelecek
1274,488,vereceksin,future,sen,gelecek
1275,488,verecek,future,o,gelecek
1276,488,vereceğiz,future,biz,gelecek
1277,488,vereceksiniz,future,siz,gelecek
1278,488,verecekler,future,onlar,gelecek
1279,489,yapıyorum,present,ben,şimdi
1280,489,yapıyorsun,present,sen,şimdi
1281,489,yapıyor,present,o,şimdi
1282,489,yapıyoruz,present,biz,şimdi
1283,489,yapıyorsunuz,present,siz,şimdi
1284,489,yapıyorlar,present,onlar,şimdi
1285,489,yaptım,past,ben,di
1286,489,yaptın,past,sen,di
1287,489,yaptı,past,o,di
1288,489,yaptık,past,biz,di
1289,489,yaptınız,past,siz,di
1290,489,yaptılar,past,onlar,di
1291,489,yapacağım,future,ben,gelecek
1292,489,yapacaksın,future,sen,gelecek
1293,489,yapacak,future,o,gelecek
1294,489,yapacağız,future,biz,gelecek
1295,489,yapacaksınız,future,siz,gelecek
1296,489,yapacaklar,future,onlar,gelecek
1297,490,yardım ediyorum,present,ben,şimdi
1298,490,yardım ediyorsun,present,sen,şimdi
1299,490,yardım ediyor,present,o,şimdi
1300,490,yardım ediyoruz,present,biz,şimdi
1301,490,yardım ediyorsunuz,present,siz,şimdi
1302,490,yardım ediyorlar,present,onlar,şimdi
1303,490,yardım ettim,past,ben,di
1304,490,yardım ettin,past,sen,di
1305,490,yardım etti,past,o,di
1306,490,yardım ettik,past,biz,di
1307,490,yardım ettiniz,past,siz,di
1308,490,yardım ettiler,past,onlar,di
1309,490,yardım eteceğim,future,ben,gelecek
1310,490,yardım eteceksin,future,sen,gelecek
1311,490,yardım etecek,future,o,gelecek
1312,490,yardım eteceğiz,future,biz,gelecek
1313,490,yardım eteceksiniz,future,siz,gelecek
1314,490,yardım etecekler,future,onlar,gelecek
1315,491,yardım istiyorum,present,ben,şimdi
1316,491,yardım istiyorsun,present,sen,şimdi
1317,491,yardım istiyor,present,o,şimdi
1318,491,yardım istiyoruz,present,biz,şimdi
1319,491,yardım istiyorsunuz,present,siz,şimdi
1320,491,yardım istiyorlar,present,onlar,şimdi
1321,491,yardım istedim,past,ben,di
1322,491,yardım istedin,past,sen,di
1323,491,yardım istedi,past,o,di
1324,491,yardım istedik,past,biz,di
1325,491,yardım istediniz,past,siz,di
1326,491,yardım istediler,past,onlar,di
1327,491,yardım isteyeceğim,future,ben,gelecek
1328,491,yardım isteyeceksin,future,sen,gelecek
1329,491,yardım isteyecek,future,o,gelecek
1330,491,yardım isteyeceğiz,future,biz,gelecek
1331,491,yardım isteyeceksiniz,future,siz,gelecek
1332,491,yardım isteyecekler,future,onlar,gelecek
1333,492,yaşıyorum,present,ben,şimdi
1334,492,yaşıyorsun,present,sen,şimdi
1335,492,yaşıyor,present,o,şimdi
1336,492,yaşıyoruz,present,biz,şimdi
1337,492,yaşıyorsunuz,present,siz,şimdi
1338,492,yaşıyorlar,present,onlar,şimdi
1339,492,yaşadım,past,ben,di
1340,492,yaşadın,past,sen,di
1341,492,yaşadı,past,o,di
1342,492,yaşadık,past,biz,di
1343,492,yaşadınız,past,siz,di
1344,492,yaşadılar,past,onlar,di
1345,492,yaşayacağım,future,ben,gelecek
1346,492,yaşayacaksın,future,sen,gelecek
1347,492,yaşayacak,future,o,gelecek
1348,492,yaşayacağız,future,biz,gelecek
1349,492,yaşayacaksınız,future,siz,gelecek
1350,492,yaşayacaklar,future,onlar,gelecek
1351,493,yatıyorum,present,ben,şimdi
1352,493,yatıyorsun,present,sen,şimdi
1353,493,yatıyor,present,o,şimdi
1354,493,yatıyoruz,present,biz,şimdi
1355,493,yatıyorsunuz,present,siz,şimdi
1356,493,yatıyorlar,present,onlar,şimdi
1357,493,yattım,past,ben,di
1358,493,yattın,past,sen,di
1359,493,yattı,past,o,di
1360,493,yattık,past,biz,di
1361,493,yattınız,past,siz,di
1362,493,yattılar,past,onlar,di
1363,493,yatacağım,future,ben,gelecek
1364,493,yatacaksın,future,sen,gelecek
1365,493,yatacak,future,o,gelecek
1366,493,yatacağız,future,biz,gelecek
1367,493,yatacaksınız,future,siz,gelecek
1368,493,yatacaklar,future,onlar,gelecek
1369,494,yazıyorum,present,ben,şimdi
1370,494,yazıyorsun,present,sen,şimdi
1371,494,yazıyor,present,o,şimdi
1372,494,yazıyoruz,present,biz,şimdi
1373,494,yazıyorsunuz,present,siz,şimdi
1374,494,yazıyorlar,present,onlar,şimdi
1375,494,yazdım,past,ben,di
1376,494,yazdın,past,sen,di
1377,494,yazdı,past,o,di
1378,494,yazdık,past,biz,di
1379,494,yazdınız,past,siz,di
1380,494,yazdılar,past,onlar,di
1381,494,yazacağım,future,ben,gelecek
1382,494,yazacaksın,future,sen,gelecek
1383,494,yazacak,future,o,gelecek
1384,494,yazacağız,future,biz,gelecek
1385,494,yazacaksınız,future,siz,gelecek
1386,494,yazacaklar,future,onlar,gelecek
1387,495,yoruluyorum,present,ben,şimdi
1388,495,yoruluyorsun,present,sen,şimdi
1389,495,yoruluyor,present,o,şimdi
1390,495,yoruluyoruz,present,biz,şimdi
1391,495,yoruluyorsunuz,present,siz,şimdi
1392,495,yoruluyorlar,present,onlar,şimdi
1393,495,yoruldum,past,ben,di
1394,495,yoruldun,past,sen,di
1395,495,yoruldu,past,o,di
1396,495,yorulduk,past,biz,di
1397,495,yoruldunuz,past,siz,di
1398,495,yoruldular,past,onlar,di
1399,495,yorulacağım,future,ben,gelecek
1400,495,yorulacaksın,future,sen,gelecek
1401,495,yorulacak,future,o,gelecek
1402,495,yorulacağız,future,biz,gelecek
1403,495,yorulacaksınız,future,siz,gelecek
1404,495,yorulacaklar,future,onlar,gelecek
1405,496,yürüyorum,present,ben,şimdi
1406,496,yürüyorsun,present,sen,şimdi
1407,496,yürüyor,present,o,şimdi
1408,496,yürüyoruz,present,biz,şimdi
1409,496,yürüyorsunuz,present,siz,şimdi
1410,496,yürüyorlar,present,onlar,şimdi
1411,496,yürüdüm,past,ben,di
1412,496,yürüdün,past,sen,di
1413,496,yürüdü,past,o,di
1414,496,yürüdük,past,biz,di
1415,496,yürüdünüz,past,siz,di
1416,496,yürüdüler,past,onlar,di
1417,496,yürüyeceğim,future,ben,gelecek
1418,496,yürüyeceksin,future,sen,gelecek
1419,496,yürüyecek,future,o,gelecek
1420,496,yürüyeceğiz,future,biz,gelecek
1421,496,yürüyeceksiniz,future,siz,gelecek
1422,496,yürüyecekler,future,onlar,gelecek
1423,497,yüzüyorum,present,ben,şimdi
1424,497,yüzüyorsun,present,sen,şimdi
1425,497,yüzüyor,present,o,şimdi
1426,497,yüzüyoruz,present,biz,şimdi
1427,497,yüzüyorsunuz,present,siz,şimdi
1428,497,yüzüyorlar,present,onlar,şimdi
1429,497,yüzdüm,past,ben,di
1430,497,yüzdün,past,sen,di
1431,497,yüzdü,past,o,di
1432,497,yüzdük,past,biz,di
1433,497,yüzdünüz,past,siz,di
1434,497,yüzdüler,past,onlar,di
1435,497,yüzeceğim,future,ben,gelecek
1436,497,yüzeceksin,future,sen,gelecek
1437,497,yüzecek,future,o,gelecek
1438,497,yüzeceğiz,future,biz,gelecek
1439,497,yüzeceksiniz,future,siz,gelecek
1440,497,yüzecekler,future,onlar,gelecek
1441,536,alıyorum,present,ben,şimdi
1442,536,alıyorsun,present,sen,şimdi
1443,536,alıyor,present,o,şimdi
1444,536,alıyoruz,present,biz,şimdi
1445,536,alıyorsunuz,present,siz,şimdi
1446,536,alıyorlar,present,onlar,şimdi
1447,536,aldım,past,ben,di
1448,536,aldın,past,sen,di
1449,536,aldı,past,o,di
1450,536,aldık,past,biz,di
1451,536,aldınız,past,siz,di
1452,536,aldılar,past,onlar,di
1453,536,alacağım,future,ben,gelecek
1454,536,alacaksın,future,sen,gelecek
1455,536,alacak,future,o,gelecek
1456,536,alacağız,future,biz,gelecek
1457,536,alacaksınız,future,siz,gelecek
1458,536,alacaklar,future,onlar,gelecek
1459,537,dans ediyorum,present,ben,şimdi
1460,537,dans ediyorsun,present,sen,şimdi
1461,537,dans ediyor,present,o,şimdi
1462,537,dans ediyoruz,present,biz,şimdi
1463,537,dans ediyorsunuz,present,siz,şimdi
1464,537,dans ediyorlar,present,onlar,şimdi
1465,537,dans ettim,past,ben,di
1466,537,dans ettin,past,sen,di
1467,537,dans etti,past,o,di
1468,537,dans ettik,past,biz,di
1469,537,dans ettiniz,past,siz,di
1470,537,dans ettiler,past,onlar,di
1471,537,dans eteceğim,future,ben,gelecek
1472,537,dans eteceksin,future,sen,gelecek
1473,537,dans etecek,future,o,gelecek
1474,537,dans eteceğiz,future,biz,gelecek
1475,537,dans eteceksiniz,future,siz,gelecek
1476,537,dans etecekler,future,onlar,gelecek
1477,538,çalıyorum,present,ben,şimdi
1478,538,çalıyorsun,present,sen,şimdi
1479,538,çalıyor,present,o,şimdi
1480,538,çalıyoruz,present,biz,şimdi
1481,538,çalıyorsunuz,present,siz,şimdi
1482,538,çalıyorlar,present,onlar,şimdi
1483,538,çaldım,past,ben,di
1484,538,çaldın,past,sen,di
1485,538,çaldı,past,o,di
1486,538,çaldık,past,biz,di
1487,538,çaldınız,past,siz,di
1488,538,çaldılar,past,onlar,di
1489,538,çalacağım,future,ben,gelecek
1490,538,çalacaksın,future,sen,gelecek
1491,538,çalacak,future,o,gelecek
1492,538,çalacağız,future,biz,gelecek
1493,538,çalacaksınız,future,siz,gelecek
1494,538,çalacaklar,future,onlar,gelecek
1495,539,hissetiyorum,present,ben,şimdi
1496,539,hissetiyorsun,present,sen,şimdi
1497,539,hissetiyor,present,o,şimdi
1498,539,hissetiyoruz,present,biz,şimdi
1499,539,hissetiyorsunuz,present,siz,şimdi
1500,539,hissetiyorlar,present,onlar,şimdi
1501,539,hissettim,past,ben,di
1502,539,hissettin,past,sen,di
1503,539,hissetti,past,o,di
1504,539,hissettik,past,biz,di
1505,539,hissettiniz,past,siz,di
1506,539,hissettiler,past,onlar,di
1507,539,hisseteceğim,future,ben,gelecek
1508,539,hisseteceksin,future,sen,gelecek
1509,539,hissetecek,future,o,gelecek
1510,539,hisseteceğiz,future,biz,gelecek
1511,539,hisseteceksiniz,future,siz,gelecek
1512,539,hissetecekler,future,onlar,gelecek
1513,540,gönderiyorum,present,ben,şimdi
1514,540,gönderiyorsun,present,sen,şimdi
1515,540,gönderiyor,present,o,şimdi
1516,540,gönderiyoruz,present,biz,şimdi
1517,540,gönderiyorsunuz,present,siz,şimdi
1518,540,gönderiyorlar,present,onlar,şimdi
1519,540,gönderdim,past,ben,di
1520,540,gönderdin,past,sen,di
1521,540,gönderdi,past,o,di
1522,540,gönderdik,past,biz,di
1523,540,gönderdiniz,past,siz,di
1524,540,gönderdiler,past,onlar,di
1525,540,göndereceğim,future,ben,gelecek
1526,540,göndereceksin,future,sen,gelecek
1527,540,gönderecek,future,o,gelecek
1528,540,göndereceğiz,future,biz,gelecek
1529,540,göndereceksiniz,future,siz,gelecek
1530,540,gönderecekler,future,onlar,gelecek
1531,541,öğretiyorum,present,ben,şimdi
1532,541,öğretiyorsun,present,sen,şimdi
1533,541,öğretiyor,present,o,şimdi
1534,541,öğretiyoruz,present,biz,şimdi
1535,541,öğretiyorsunuz,present,siz,şimdi
1536,541,öğretiyorlar,present,onlar,şimdi
1537,541,öğrettim,past,ben,di
1538,541,öğrettin,past,sen,di
1539,541,öğretti,past,o,di
1540,541,öğrettik,past,biz,di
1541,541,öğrettiniz,past,siz,di
1542,541,öğrettiler,past,onlar,di
1543,541,öğreteceğim,future,ben,gelecek
1544,541,öğreteceksin,future,sen,gelecek
1545,541,öğretecek,future,o,gelecek
1546,541,öğreteceğiz,future,biz,gelecek
1547,541,öğreteceksiniz,future,siz,gelecek
1548,541,öğretecekler,future,onlar,gelecek
1549,542,telefon ediyorum,present,ben,şimdi
1550,542,telefon ediyorsun,present,sen,şimdi
1551,542,telefon ediyor,present,o,şimdi
1552,542,telefon ediyoruz,present,biz,şimdi
1553,542,telefon ediyorsunuz,present,siz,şimdi
1554,542,telefon ediyorlar,present,onlar,şimdi
1555,542,telefon ettim,past,ben,di
1556,542,telefon ettin,past,sen,di
1557,542,telefon etti,past,o,di
1558,542,telefon ettik,past,biz,di
1559,542,telefon ettiniz,past,siz,di
1560,542,telefon ettiler,past,onlar,di
1561,542,telefon eteceğim,future,ben,gelecek
1562,542,telefon eteceksin,future,sen,gelecek
1563,542,telefon etecek,future,o,gelecek
1564,542,telefon eteceğiz,future,biz,gelecek
1565,542,telefon eteceksiniz,future,siz,gelecek
1566,542,telefon etecekler,future,onlar,gelecek
1567,629,asıyorum,present,ben,şimdi
1568,629,asıyorsun,present,sen,şimdi
1569,629,asıyor,present,o,şimdi
1570,629,asıyoruz,present,biz,şimdi
1571,629,asıyorsunuz,present,siz,şimdi
1572,629,asıyorlar,present,onlar,şimdi
1573,629,astım,past,ben,di
1574,629,astın,past,sen,di
1575,629,astı,past,o,di
1576,629,astık,past,biz,di
1577,629,astınız,past,siz,di
1578,629,astılar,past,onlar,di
1579,629,asacağım,future,ben,gelecek
1580,629,asacaksın,future,sen,gelecek
1581,629,asacak,future,o,gelecek
1582,629,asacağız,future,biz,gelecek
1583,629,asacaksınız,future,siz,gelecek
1584,629,asacaklar,future,onlar,gelecek
1585,630,atlıyorum,present,ben,şimdi
1586,630,atlıyorsun,present,sen,şimdi
1587,630,atlıyor,present,o,şimdi
1588,630,atlıyoruz,present,biz,şimdi
1589,630,atlıyorsunuz,present,siz,şimdi
1590,630,atlıyorlar,present,onlar,şimdi
1591,630,atladım,past,ben,di
1592,630,atladın,past,sen,di
1593,630,atladı,past,o,di
1594,630,atladık,past,biz,di
1595,630,atladınız,past,siz,di
1596,630,atladılar,past,onlar,di
1597,630,atlayacağım,future,ben,gelecek
1598,630,atlayacaksın,future,sen,gelecek
1599,630,atlayacak,future,o,gelecek
1600,630,atlayacağız,future,biz,gelecek
1601,630,atlayacaksınız,future,siz,gelecek
1602,630,atlayacaklar,future,onlar,gelecek
1603,631,atıyorum,present,ben,şimdi
1604,631,atıyorsun,present,sen,şimdi
1605,631,atıyor,present,o,şimdi
1606,631,atıyoruz,present,biz,şimdi
1607,631,atıyorsunuz,present,siz,şimdi
1608,631,atıyorlar,present,onlar,şimdi
1609,631,attım,past,ben,di
1610,631,attın,past,sen,di
1611,631,attı,past,o,di
1612,631,attık,past,biz,di
1613,631,attınız,past,siz,di
1614,631,attılar,past,onlar,di
1615,631,atacağım,future,ben,gelecek
1616,631,atacaksın,future,sen,gelecek
1617,631,atacak,future,o,gelecek
1618,631,atacağız,future,biz,gelecek
1619,631,atacaksınız,future,siz,gelecek
1620,631,atacaklar,future,onlar,gelecek
1621,632,bekliyorum,present,ben,şimdi
1622,632,bekliyorsun,present,sen,şimdi
1623,632,bekliyor,present,o,şimdi
1624,632,bekliyoruz,present,biz,şimdi
1625,632,bekliyorsunuz,present,siz,şimdi
1626,632,bekliyorlar,present,onlar,şimdi
1627,632,bekledim,past,ben,di
1628,632,bekledin,past,sen,di
1629,632,bekledi,past,o,di
1630,632,bekledik,past,biz,di
1631,632,beklediniz,past,siz,di
1632,632,beklediler,past,onlar,di
1633,632,bekleyeceğim,future,ben,gelecek
1634,632,bekleyeceksin,future,sen,gelecek
1635,632,bekleyecek,future,o,gelecek
1636,632,bekleyeceğiz,future,biz,gelecek
1637,632,bekleyeceksiniz,future,siz,gelecek
1638,632,bekleyecekler,future,onlar,gelecek
1639,633,benziyorum,present,ben,şimdi
1640,633,benziyorsun,present,sen,şimdi
1641,633,benziyor,present,o,şimdi
1642,633,benziyoruz,present,biz,şimdi
1643,633,benziyorsunuz,present,siz,şimdi
1644,633,benziyorlar,present,onlar,şimdi
1645,633,benzedim,past,ben,di
1646,633,benzedin,past,sen,di
1647,633,benzedi,past,o,di
1648,633,benzedik,past,biz,di
1649,633,benzediniz,past,siz,di
1650,633,benzediler,past,onlar,di
1651,633,benzeyeceğim,future,ben,gelecek
1652,633,benzeyeceksin,future,sen,gelecek
1653,633,benzeyecek,future,o,gelecek
1654,633,benzeyeceğiz,future,biz,gelecek
1655,633,benzeyeceksiniz,future,siz,gelecek
1656,633,benzeyecekler,future,onlar,gelecek
1657,634,devam ediyorum,present,ben,şimdi
1658,634,devam ediyorsun,present,sen,şimdi
1659,634,devam ediyor,present,o,şimdi
1660,634,devam ediyoruz,present,biz,şimdi
1661,634,devam ediyorsunuz,present,siz,şimdi
1662,634,devam ediyorlar,present,onlar,şimdi
1663,634,devam ettim,past,ben,di
1664,634,devam ettin,past,sen,di
1665,634,devam etti,past,o,di
1666,634,devam ettik,past,biz,di
1667,634,devam ettiniz,past,siz,di
1668,634,devam ettiler,past,onlar,di
1669,634,devam eteceğim,future,ben,gelecek
1670,634,devam eteceksin,future,sen,gelecek
1671,634,devam etecek,future,o,gelecek
1672,634,devam eteceğiz,future,biz,gelecek
1673,634,devam eteceksiniz,future,siz,gelecek
1674,634,devam etecekler,future,onlar,gelecek
1675,635,diliyorum,present,ben,şimdi
1676,635,diliyorsun,present,sen,şimdi
1677,635,diliyor,present,o,şimdi
1678,635,diliyoruz,present,biz,şimdi
1679,635,diliyorsunuz,present,siz,şimdi
1680,635,diliyorlar,present,onlar,şimdi
1681,635,diledim,past,ben,di
1682,635,diledin,past,sen,di
1683,635,diledi,past,o,di
1684,635,diledik,past,biz,di
1685,635,dilediniz,past,siz,di
1686,635,dilediler,past,onlar,di
1687,635,dileyeceğim,future,ben,gelecek
1688,635,dileyeceksin,future,sen,gelecek
1689,635,dileyecek,future,o,gelecek
1690,635,dileyeceğiz,future,biz,gelecek
1691,635,dileyeceksiniz,future,siz,gelecek
1692,635,dileyecekler,future,onlar,gelecek
1693,636,doğuyorum,present,ben,şimdi
1694,636,doğuyorsun,present,sen,şimdi
1695,636,doğuyor,present,o,şimdi
1696,636,doğuyoruz,present,biz,şimdi
1697,636,doğuyorsunuz,present,siz,şimdi
1698,636,doğuyorlar,present,onlar,şimdi
1699,636,doğdum,past,ben,di
1700,636,doğdun,past,sen,di
1701,636,doğdu,past,o,di
1702,636,doğduk,past,biz,di
1703,636,doğdunuz,past,siz,di
1704,636,doğdular,past,onlar,di
1705,636,doğacağım,future,ben,gelecek
1706,636,doğacaksın,future,sen,gelecek
1707,636,doğacak,future,o,gelecek
1708,636,doğacağız,future,biz,gelecek
1709,636,doğacaksınız,future,siz,gelecek
1710,636,doğacaklar,future,onlar,gelecek
1711,637,evleniyorum,present,ben,şimdi
1712,637,evleniyorsun,present,sen,şimdi
1713,637,evleniyor,present,o,şimdi
1714,637,evleniyoruz,present,biz,şimdi
1715,637,evleniyorsunuz,present,siz,şimdi
1716,637,evleniyorlar,present,onlar,şimdi
1717,637,evlendim,past,ben,di
1718,637,evlendin,past,sen,di
1719,637,evlendi,past,o,di
1720,637,evlendik,past,biz,di
1721,637,evlendiniz,past,siz,di
1722,637,evlendiler,past,onlar,di
1723,637,evleneceğim,future,ben,gelecek
1724,637,evleneceksin,future,sen,gelecek
1725,637,evlenecek,future,o,gelecek
1726,637,evleneceğiz,future,biz,gelecek
1727,637,evleneceksiniz,future,siz,gelecek
1728,637,evlenecekler,future,onlar,gelecek
1729,638,gecikiyorum,present,ben,şimdi
1730,638,gecikiyorsun,present,sen,şimdi
1731,638,gecikiyor,present,o,şimdi
1732,638,gecikiyoruz,present,biz,şimdi
1733,638,gecikiyorsunuz,present,siz,şimdi
1734,638,gecikiyorlar,present,onlar,şimdi
1735,638,geciktim,past,ben,di
1736,638,geciktin,past,sen,di
1737,638,gecikti,past,o,di
1738,638,geciktik,past,biz,di
1739,638,geciktiniz,past,siz,di
1740,638,geciktiler,past,onlar,di
1741,638,gecikeceğim,future,ben,gelecek
1742,638,gecikeceksin,future,sen,gelecek
1743,638,gecikecek,future,o,gelecek
1744,638,gecikeceğiz,future,biz,gelecek
1745,638,gecikeceksiniz,future,siz,gelecek
1746,638,gecikecekler,future,onlar,gelecek
1747,639,heyecanlanıyorum,present,ben,şimdi
1748,639,heyecanlanıyorsun,present,sen,şimdi
1749,639,heyecanlanıyor,present,o,şimdi
1750,639,heyecanlanıyoruz,present,biz,şimdi
1751,639,heyecanlanıyorsunuz,present,siz,şimdi
1752,639,heyecanlanıyorlar,present,onlar,şimdi
1753,639,heyecanlandım,past,ben,di
1754,639,heyecanlandın,past,sen,di
1755,639,heyecanlandı,past,o,di
1756,639,heyecanlandık,past,biz,di
1757,639,heyecanlandınız,past,siz,di
1758,639,heyecanlandılar,past,onlar,di
1759,639,heyecanlanacağım,future,ben,gelecek
1760,639,heyecanlanacaksın,future,sen,gelecek
1761,639,heyecanlanacak,future,o,gelecek
1762,639,heyecanlanacağız,future,biz,gelecek
1763,639,heyecanlanacaksınız,future,siz,gelecek
1764,639,heyecanlanacaklar,future,onlar,gelecek
1765,640,kapanıyorum,present,ben,şimdi
1766,640,kapanıyorsun,present,sen,şimdi
1767,640,kapanıyor,present,o,şimdi
1768,640,kapanıyoruz,present,biz,şimdi
1769,640,kapanıyorsunuz,present,siz,şimdi
1770,640,kapanıyorlar,present,onlar,şimdi
1771,640,kapandım,past,ben,di
1772,640,kapandın,past,sen,di
1773,640,kapandı,past,o,di
1774,640,kapandık,past,biz,di
1775,640,kapandınız,past,siz,di
1776,640,kapandılar,past,onlar,di
1777,640,kapanacağım,future,ben,gelecek
1778,640,kapanacaksın,future,sen,gelecek
1779,640,kapanacak,future,o,gelecek
1780,640,kapanacağız,future,biz,gelecek
1781,640,kapanacaksınız,future,siz,gelecek
1782,640,kapanacaklar,future,onlar,gelecek
1783,641,karşılıyorum,present,ben,şimdi
1784,641,karşılıyorsun,present,sen,şimdi
1785,641,karşılıyor,present,o,şimdi
1786,641,karşılıyoruz,present,biz,şimdi
1787,641,karşılıyorsunuz,present,siz,şimdi
1788,641,karşılıyorlar,present,onlar,şimdi
1789,641,karşıladım,past,ben,di
1790,641,karşıladın,past,sen,di
1791,641,karşıladı,past,o,di
1792,641,karşıladık,past,biz,di
1793,641,karşıladınız,past,siz,di
1794,641,karşıladılar,past,onlar,di
1795,641,karşılayacağım,future,ben,gelecek
1796,641,karşılayacaksın,future,sen,gelecek
1797,641,karşılayacak,future,o,gelecek
1798,641,karşılayacağız,future,biz,gelecek
1799,641,karşılayacaksınız,future,siz,gelecek
1800,641,karşılayacaklar,future,onlar,gelecek
1801,642,katılıyorum,present,ben,şimdi
1802,642,katılıyorsun,present,sen,şimdi
1803,642,katılıyor,present,o,şimdi
1804,642,katılıyoruz,present,biz,şimdi
1805,642,katılıyorsunuz,present,siz,şimdi
1806,642,katılıyorlar,present,onlar,şimdi
1807,642,katıldım,past,ben,di
1808,642,katıldın,past,sen,di
1809,642,katıldı,past,o,di
1810,642,katıldık,past,biz,di
1811,642,katıldınız,past,siz,di
1812,642,katıldılar,past,onlar,di
1813,642,katılacağım,future,ben,gelecek
1814,642,katılacaksın,future,sen,gelecek
1815,642,katılacak,future,o,gelecek
1816,642,katılacağız,future,biz,gelecek
1817,642,katılacaksınız,future,siz,gelecek
1818,642,katılacaklar,future,onlar,gelecek
1819,643,koruyorum,present,ben,şimdi
1820,643,koruyorsun,present,sen,şimdi
1821,643,koruyor,present,o,şimdi
1822,643,koruyoruz,present,biz,şimdi
1823,643,koruyorsunuz,present,siz,şimdi
1824,643,koruyorlar,present,onlar,şimdi
1825,643,korudum,past,ben,di
1826,643,korudun,past,sen,di
1827,643,korudu,past,o,di
1828,643,koruduk,past,biz,di
1829,643,korudunuz,past,siz,di
1830,643,korudular,past,onlar,di
1831,643,koruyacağım,future,ben,gelecek
1832,643,koruyacaksın,future,sen,gelecek
1833,643,koruyacak,future,o,gelecek
1834,643,koruyacağız,future,biz,gelecek
1835,643,koruyacaksınız,future,siz,gelecek
1836,643,koruyacaklar,future,onlar,gelecek
1837,644,kutlıyorum,present,ben,şimdi
1838,644,kutlıyorsun,present,sen,şimdi
1839,644,kutlıyor,present,o,şimdi
1840,644,kutlıyoruz,present,biz,şimdi
1841,644,kutlıyorsunuz,present,siz,şimdi
1842,644,kutlıyorlar,present,onlar,şimdi
1843,644,kutladım,past,ben,di
1844,644,kutladın,past,sen,di
1845,644,kutladı,past,o,di
1846,644,kutladık,past,biz,di
1847,644,kutladınız,past,siz,di
1848,644,kutladılar,past,onlar,di
1849,644,kutlayacağım,future,ben,gelecek
1850,644,kutlayacaksın,future,sen,gelecek
1851,644,kutlayacak,future,o,gelecek
1852,644,kutlayacağız,future,biz,gelecek
1853,644,kutlayacaksınız,future,siz,gelecek
1854,644,kutlayacaklar,future,onlar,gelecek
1855,645,kutlu oluyorum,present,ben,şimdi
1856,645,kutlu oluyorsun,present,sen,şimdi
1857,645,kutlu oluyor,present,o,şimdi
1858,645,kutlu oluyoruz,present,biz,şimdi
1859,645,kutlu oluyorsunuz,present,siz,şimdi
1860,645,kutlu oluyorlar,present,onlar,şimdi
1861,645,kutlu oldum,past,ben,di
1862,645,kutlu oldun,past,sen,di
1863,645,kutlu oldu,past,o,di
1864,645,kutlu olduk,past,biz,di
1865,645,kutlu oldunuz,past,siz,di
1866,645,kutlu oldular,past,onlar,di
1867,645,kutlu olacağım,future,ben,gelecek
1868,645,kutlu olacaksın,future,sen,gelecek
1869,645,kutlu olacak,future,o,gelecek
1870,645,kutlu olacağız,future,biz,gelecek
1871,645,kutlu olacaksınız,future,siz,gelecek
1872,645,kutlu olacaklar,future,onlar,gelecek
1873,646,öpüyorum,present,ben,şimdi
1874,646,öpüyorsun,present,sen,şimdi
1875,646,öpüyor,present,o,şimdi
1876,646,öpüyoruz,present,biz,şimdi
1877,646,öpüyorsunuz,present,siz,şimdi
1878,646,öpüyorlar,present,onlar,şimdi
1879,646,öptüm,past,ben,di
1880,646,öptün,past,sen,di
1881,646,öptü,past,o,di
1882,646,öptük,past,biz,di
1883,646,öptünüz,past,siz,di
1884,646,öptüler,past,onlar,di
1885,646,öpeceğim,future,ben,gelecek
1886,646,öpeceksin,future,sen,gelecek
1887,646,öpecek,future,o,gelecek
1888,646,öpeceğiz,future,biz,gelecek
1889,646,öpeceksiniz,future,siz,gelecek
1890,646,öpecekler,future,onlar,gelecek
1891,647,satın alıyorum,present,ben,şimdi
1892,647,satın alıyorsun,present,sen,şimdi
1893,647,satın alıyor,present,o,şimdi
1894,647,satın alıyoruz,present,biz,şimdi
1895,647,satın alıyorsunuz,present,siz,şimdi
1896,647,satın alıyorlar,present,onlar,şimdi
1897,647,satın aldım,past,ben,di
1898,647,satın aldın,past,sen,di
1899,647,satın aldı,past,o,di
1900,647,satın aldık,past,biz,di
1901,647,satın aldınız,past,siz,di
1902,647,satın aldılar,past,onlar,di
1903,647,satın alacağım,future,ben,gelecek
1904,647,satın alacaksın,future,sen,gelecek
1905,647,satın alacak,future,o,gelecek
1906,647,satın alacağız,future,biz,gelecek
1907,647,satın alacaksınız,future,siz,gelecek
1908,647,satın alacaklar,future,onlar,gelecek
1909,648,sürüyorum,present,ben,şimdi
1910,648,sürüyorsun,present,sen,şimdi
1911,648,sürüyor,present,o,şimdi
1912,648,sürüyoruz,present,biz,şimdi
1913,648,sürüyorsunuz,present,siz,şimdi
1914,648,sürüyorlar,present,onlar,şimdi
1915,648,sürdüm,past,ben,di
1916,648,sürdün,past,sen,di
1917,648,sürdü,past,o,di
1918,648,sürdük,past,biz,di
1919,648,sürdünüz,past,siz,di
1920,648,sürdüler,past,onlar,di
1921,648,süreceğim,future,ben,gelecek
1922,648,süreceksin,future,sen,gelecek
1923,648,sürecek,future,o,gelecek
1924,648,süreceğiz,future,biz,gelecek
1925,648,süreceksiniz,future,siz,gelecek
1926,648,sürecekler,future,onlar,gelecek
1927,649,toplıyorum,present,ben,şimdi
1928,649,toplıyorsun,present,sen,şimdi
1929,649,toplıyor,present,o,şimdi
1930,649,toplıyoruz,present,biz,şimdi
1931,649,toplıyorsunuz,present,siz,şimdi
1932,649,toplıyorlar,present,onlar,şimdi
1933,649,topladım,past,ben,di
1934,649,topladın,past,sen,di
1935,649,topladı,past,o,di
1936,649,topladık,past,biz,di
1937,649,topladınız,past,siz,di
1938,649,topladılar,past,onlar,di
1939,649,toplayacağım,future,ben,gelecek
1940,649,toplayacaksın,future,sen,gelecek
1941,649,toplayacak,future,o,gelecek
1942,649,toplayacağız,future,biz,gelecek
1943,649,toplayacaksınız,future,siz,gelecek
1944,649,toplayacaklar,future,onlar,gelecek
1945,650,vedalaşıyorum,present,ben,şimdi
1946,650,vedalaşıyorsun,present,sen,şimdi
1947,650,vedalaşıyor,present,o,şimdi
1948,650,vedalaşıyoruz,present,biz,şimdi
1949,650,vedalaşıyorsunuz,present,siz,şimdi
1950,650,vedalaşıyorlar,present,onlar,şimdi
1951,650,vedalaştım,past,ben,di
1952,650,vedalaştın,past,sen,di
1953,650,vedalaştı,past,o,di
1954,650,vedalaştık,past,biz,di
1955,650,vedalaştınız,past,siz,di
1956,650,vedalaştılar,past,onlar,di
1957,650,vedalaşacağım,future,ben,gelecek
1958,650,vedalaşacaksın,future,sen,gelecek
1959,650,vedalaşacak,future,o,gelecek
1960,650,vedalaşacağız,future,biz,gelecek
1961,650,vedalaşacaksınız,future,siz,gelecek
1962,650,vedalaşacaklar,future,onlar,gelecek
1963,651,yakıyorum,present,ben,şimdi
1964,651,yakıyorsun,present,sen,şimdi
1965,651,yakıyor,present,o,şimdi
1966,651,yakıyoruz,present,biz,şimdi
1967,651,yakıyorsunuz,present,siz,şimdi
1968,651,yakıyorlar,present,onlar,şimdi
1969,651,yaktım,past,ben,di
1970,651,yaktın,past,sen,di
1971,651,yaktı,past,o,di
1972,651,yaktık,past,biz,di
1973,651,yaktınız,past,siz,di
1974,651,yaktılar,past,onlar,di
1975,651,yakacağım,future,ben,gelecek
1976,651,yakacaksın,future,sen,gelecek
1977,651,yakacak,future,o,gelecek
1978,651,yakacağız,future,biz,gelecek
1979,651,yakacaksınız,future,siz,gelecek
1980,651,yakacaklar,future,onlar,gelecek
1981,652,yaşlanıyorum,present,ben,şimdi
1982,652,yaşlanıyorsun,present,sen,şimdi
1983,652,yaşlanıyor,present,o,şimdi
1984,652,yaşlanıyoruz,present,biz,şimdi
1985,652,yaşlanıyorsunuz,present,siz,şimdi
1986,652,yaşlanıyorlar,present,onlar,şimdi
1987,652,yaşlandım,past,ben,di
1988,652,yaşlandın,past,sen,di
1989,652,yaşlandı,past,o,di
1990,652,yaşlandık,past,biz,di
1991,652,yaşlandınız,past,siz,di
1992,652,yaşlandılar,past,onlar,di
1993,652,yaşlanacağım,future,ben,gelecek
1994,652,yaşlanacaksın,future,sen,gelecek
1995,652,yaşlanacak,future,o,gelecek
1996,652,yaşlanacağız,future,biz,gelecek
1997,652,yaşlanacaksınız,future,siz,gelecek
1998,652,yaşlanacaklar,future,onlar,gelecek
1999,653,yeniyorum,present,ben,şimdi
2000,653,yeniyorsun,present,sen,şimdi
2001,653,yeniyor,present,o,şimdi
2002,653,yeniyoruz,present,biz,şimdi
2003,653,yeniyorsunuz,present,siz,şimdi
2004,653,yeniyorlar,present,onlar,şimdi
2005,653,yendim,past,ben,di
2006,653,yendin,past,sen,di
2007,653,yendi,past,o,di
2008,653,yendik,past,biz,di
2009,653,yendiniz,past,siz,di
2010,653,yendiler,past,onlar,di
2011,653,yeneceğim,future,ben,gelecek
2012,653,yeneceksin,future,sen,gelecek
2013,653,yenecek,future,o,gelecek
2014,653,yeneceğiz,future,biz,gelecek
2015,653,yeneceksiniz,future,siz,gelecek
2016,653,yenecekler,future,onlar,gelecek
2017,654,yıkıyorum,present,ben,şimdi
2018,654,yıkıyorsun,present,sen,şimdi
2019,654,yıkıyor,present,o,şimdi
2020,654,yıkıyoruz,present,biz,şimdi
2021,654,yıkıyorsunuz,present,siz,şimdi
2022,654,yıkıyorlar,present,onlar,şimdi
2023,654,yıkadım,past,ben,di
2024,654,yıkadın,past,sen,di
2025,654,yıkadı,past,o,di
2026,654,yıkadık,past,biz,di
2027,654,yıkadınız,past,siz,di
2028,654,yıkadılar,past,onlar,di
2029,654,yıkayacağım,future,ben,gelecek
2030,654,yıkayacaksın,future,sen,gelecek
2031,654,yıkayacak,future,o,gelecek
2032,654,yıkayacağız,future,biz,gelecek
2033,654,yıkayacaksınız,future,siz,gelecek
2034,654,yıkayacaklar,future,onlar,gelecek
2035,655,ziyaret ediyorum,present,ben,şimdi
2036,655,ziyaret ediyorsun,present,sen,şimdi
2037,655,ziyaret ediyor,present,o,şimdi
2038,655,ziyaret ediyoruz,present,biz,şimdi
2039,655,ziyaret ediyorsunuz,present,siz,şimdi
2040,655,ziyaret ediyorlar,present,onlar,şimdi
2041,655,ziyaret ettim,past,ben,di
2042,655,ziyaret ettin,past,sen,di
2043,655,ziyaret etti,past,o,di
2044,655,ziyaret ettik,past,biz,di
2045,655,ziyaret ettiniz,past,siz,di
2046,655,ziyaret ettiler,past,onlar,di
2047,655,ziyaret eteceğim,future,ben,gelecek
2048,655,ziyaret eteceksin,future,sen,gelecek
2049,655,ziyaret etecek,future,o,gelecek
2050,655,ziyaret eteceğiz,future,biz,gelecek
2051,655,ziyaret eteceksiniz,future,siz,gelecek
2052,655,ziyaret etecekler,future,onlar,gelecek
2053,705,ağrıyorum,present,ben,şimdi
2054,705,ağrıyorsun,present,sen,şimdi
2055,705,ağrıyor,present,o,şimdi
2056,705,ağrıyoruz,present,biz,şimdi
2057,705,ağrıyorsunuz,present,siz,şimdi
2058,705,ağrıyorlar,present,onlar,şimdi
2059,705,ağrıdım,past,ben,di
2060,705,ağrıdın,past,sen,di
2061,705,ağrıdı,past,o,di
2062,705,ağrıdık,past,biz,di
2063,705,ağrıdınız,past,siz,di
2064,705,ağrıdılar,past,onlar,di
2065,705,ağrıyacağım,future,ben,gelecek
2066,705,ağrıyacaksın,future,sen,gelecek
2067,705,ağrıyacak,future,o,gelecek
2068,705,ağrıyacağız,future,biz,gelecek
2069,705,ağrıyacaksınız,future,siz,gelecek
2070,705,ağrıyacaklar,future,onlar,gelecek
2071,706,anlaşıyorum,present,ben,şimdi
2072,706,anlaşıyorsun,present,sen,şimdi
2073,706,anlaşıyor,present,o,şimdi
2074,706,anlaşıyoruz,present,biz,şimdi
2075,706,anlaşıyorsunuz,present,siz,şimdi
2076,706,anlaşıyorlar,present,onlar,şimdi
2077,706,anlaştım,past,ben,di
2078,706,anlaştın,past,sen,di
2079,706,anlaştı,past,o,di
2080,706,anlaştık,past,biz,di
2081,706,anlaştınız,past,siz,di
2082,706,anlaştılar,past,onlar,di
2083,706,anlaşacağım,future,ben,gelecek
2084,706,anlaşacaksın,future,sen,gelecek
2085,706,anlaşacak,future,o,gelecek
2086,706,anlaşacağız,future,biz,gelecek
2087,706,anlaşacaksınız,future,siz,gelecek
2088,706,anlaşacaklar,future,onlar,gelecek
2089,707,beğeniyorum,present,ben,şimdi
2090,707,beğeniyorsun,present,sen,şimdi
2091,707,beğeniyor,present,o,şimdi
2092,707,beğeniyoruz,present,biz,şimdi
2093,707,beğeniyorsunuz,present,siz,şimdi
2094,707,beğeniyorlar,present,onlar,şimdi
2095,707,beğendim,past,ben,di
2096,707,beğendin,past,sen,di
2097,707,beğendi,past,o,di
2098,707,beğendik,past,biz,di
2099,707,beğendiniz,past,siz,di
2100,707,beğendiler,past,onlar,di
2101,707,beğeneceğim,future,ben,gelecek
2102,707,beğeneceksin,future,sen,gelecek
2103,707,beğenecek,future,o,gelecek
2104,707,beğeneceğiz,future,biz,gelecek
2105,707,beğeneceksiniz,future,siz,gelecek
2106,707,beğenecekler,future,onlar,gelecek
2107,708,danışıyorum,present,ben,şimdi
2108,708,danışıyorsun,present,sen,şimdi
2109,708,danışıyor,present,o,şimdi
2110,708,danışıyoruz,present,biz,şimdi
2111,708,danışıyorsunuz,present,siz,şimdi
2112,708,danışıyorlar,present,onlar,şimdi
2113,708,danıştım,past,ben,di
2114,708,danıştın,past,sen,di
2115,708,danıştı,past,o,di
2116,708,danıştık,past,biz,di
2117,708,danıştınız,past,siz,di
2118,708,danıştılar,past,onlar,di
2119,708,danışacağım,future,ben,gelecek
2120,708,danışacaksın,future,sen,gelecek
2121,708,danışacak,future,o,gelecek
2122,708,danışacağız,future,biz,gelecek
2123,708,danışacaksınız,future,siz,gelecek
2124,708,danışacaklar,future,onlar,gelecek
2125,709,değiştiriyorum,present,ben,şimdi
2126,709,değiştiriyorsun,present,sen,şimdi
2127,709,değiştiriyor,present,o,şimdi
2128,709,değiştiriyoruz,present,biz,şimdi
2129,709,değiştiriyorsunuz,present,siz,şimdi
2130,709,değiştiriyorlar,present,onlar,şimdi
2131,709,değiştirdim,past,ben,di
2132,709,değiştirdin,past,sen,di
2133,709,değiştirdi,past,o,di
2134,709,değiştirdik,past,biz,di
2135,709,değiştirdiniz,past,siz,di
2136,709,değiştirdiler,past,onlar,di
2137,709,değiştireceğim,future,ben,gelecek
2138,709,değiştireceksin,future,sen,gelecek
2139,709,değiştirecek,future,o,gelecek
2140,709,değiştireceğiz,future,biz,gelecek
2141,709,değiştireceksiniz,future,siz,gelecek
2142,709,değiştirecekler,future,onlar,gelecek
2143,710,i̇lgileniyorum,present,ben,şimdi
2144,710,i̇lgileniyorsun,present,sen,şimdi
2145,710,i̇lgileniyor,present,o,şimdi
2146,710,i̇lgileniyoruz,present,biz,şimdi
2147,710,i̇lgileniyorsunuz,present,siz,şimdi
2148,710,i̇lgileniyorlar,present,onlar,şimdi
2149,710,i̇lgilendim,past,ben,di
2150,710,i̇lgilendin,past,sen,di
2151,710,i̇lgilendi,past,o,di
2152,710,i̇lgilendik,past,biz,di
2153,710,i̇lgilendiniz,past,siz,di
2154,710,i̇lgilendiler,past,onlar,di
2155,710,i̇lgileneceğim,future,ben,gelecek
2156,710,i̇lgileneceksin,future,sen,gelecek
2157,710,i̇lgilenecek,future,o,gelecek
2158,710,i̇lgileneceğiz,future,biz,gelecek
2159,710,i̇lgileneceksiniz,future,siz,gelecek
2160,710,i̇lgilenecekler,future,onlar,gelecek
2161,711,kaşınıyorum,present,ben,şimdi
2162,711,kaşınıyorsun,present,sen,şimdi
2163,711,kaşınıyor,present,o,şimdi
2164,711,kaşınıyoruz,present,biz,şimdi
2165,711,kaşınıyorsunuz,present,siz,şimdi
2166,711,kaşınıyorlar,present,onlar,şimdi
2167,711,kaşındım,past,ben,di
2168,711,kaşındın,past,sen,di
2169,711,kaşındı,past,o,di
2170,711,kaşındık,past,biz,di
2171,711,kaşındınız,past,siz,di
2172,711,kaşındılar,past,onlar,di
2173,711,kaşınacağım,future,ben,gelecek
2174,711,kaşınacaksın,future,sen,gelecek
2175,711,kaşınacak,future,o,gelecek
2176,711,kaşınacağız,future,biz,gelecek
2177,711,kaşınacaksınız,future,siz,gelecek
2178,711,kaşınacaklar,future,onlar,gelecek
2179,712,kızarıyorum,present,ben,şimdi
2180,712,kızarıyorsun,present,sen,şimdi
2181,712,kızarıyor,present,o,şimdi
2182,712,kızarıyoruz,present,biz,şimdi
2183,712,kızarıyorsunuz,present,siz,şimdi
2184,712,kızarıyorlar,present,onlar,şimdi
2185,712,kızardım,past,ben,di
2186,712,kızardın,past,sen,di
2187,712,kızardı,past,o,di
2188,712,kızardık,past,biz,di
2189,712,kızardınız,past,siz,di
2190,712,kızardılar,past,onlar,di
2191,712,kızaracağım,future,ben,gelecek
2192,712,kızaracaksın,future,sen,gelecek
2193,712,kızaracak,future,o,gelecek
2194,712,kızaracağız,future,biz,gelecek
2195,712,kızaracaksınız,future,siz,gelecek
2196,712,kızaracaklar,future,onlar,gelecek
2197,713,sallanıyorum,present,ben,şimdi
2198,713,sallanıyorsun,present,sen,şimdi
2199,713,sallanıyor,present,o,şimdi
2200,713,sallanıyoruz,present,biz,şimdi
2201,713,sallanıyorsunuz,present,siz,şimdi
2202,713,sallanıyorlar,present,onlar,şimdi
2203,713,sallandım,past,ben,di
2204,713,sallandın,past,sen,di
2205,713,sallandı,past,o,di
2206,713,sallandık,past,biz,di
2207,713,sallandınız,past,siz,di
2208,713,sallandılar,past,onlar,di
2209,713,sallanacağım,future,ben,gelecek
2210,713,sallanacaksın,future,sen,gelecek
2211,713,sallanacak,future,o,gelecek
2212,713,sallanacağız,future,biz,gelecek
2213,713,sallanacaksınız,future,siz,gelecek
2214,713,sallanacaklar,future,onlar,gelecek
2215,714,tansiyon ölçtürüyorum,present,ben,şimdi
2216,714,tansiyon ölçtürüyorsun,present,sen,şimdi
2217,714,tansiyon ölçtürüyor,present,o,şimdi
2218,714,tansiyon ölçtürüyoruz,present,biz,şimdi
2219,714,tansiyon ölçtürüyorsunuz,present,siz,şimdi
2220,714,tansiyon ölçtürüyorlar,present,onlar,şimdi
2221,714,tansiyon ölçtürdüm,past,ben,di
2222,714,tansiyon ölçtürdün,past,sen,di
2223,714,tansiyon ölçtürdü,past,o,di
2224,714,tansiyon ölçtürdük,past,biz,di
2225,714,tansiyon ölçtürdünüz,past,siz,di
2226,714,tansiyon ölçtürdüler,past,onlar,di
2227,714,tansiyon ölçtüreceğim,future,ben,gelecek
2228,714,tansiyon ölçtüreceksin,future,sen,gelecek
2229,714,tansiyon ölçtürecek,future,o,gelecek
2230,714,tansiyon ölçtüreceğiz,future,biz,gelecek
2231,714,tansiyon ölçtüreceksiniz,future,siz,gelecek
2232,714,tansiyon ölçtürecekler,future,onlar,gelecek
2233,715,tartılıyorum,present,ben,şimdi
2234,715,tartılıyorsun,present,sen,şimdi
2235,715,tartılıyor,present,o,şimdi
2236,715,tartılıyoruz,present,biz,şimdi
2237,715,tartılıyorsunuz,present,siz,şimdi
2238,715,tartılıyorlar,present,onlar,şimdi
2239,715,tartıldım,past,ben,di
2240,715,tartıldın,past,sen,di
2241,715,tartıldı,past,o,di
2242,715,tartıldık,past,biz,di
2243,715,tartıldınız,past,siz,di
2244,715,tartıldılar,past,onlar,di
2245,715,tartılacağım,future,ben,gelecek
2246,715,tartılacaksın,future,sen,gelecek
2247,715,tartılacak,future,o,gelecek
2248,715,tartılacağız,future,biz,gelecek
2249,715,tartılacaksınız,future,siz,gelecek
2250,715,tartılacaklar,future,onlar,gelecek
2251,716,tedavi oluyorum,present,ben,şimdi
2252,716,tedavi oluyorsun,present,sen,şimdi
2253,716,tedavi oluyor,present,o,şimdi
2254,716,tedavi oluyoruz,present,biz,şimdi
2255,716,tedavi oluyorsunuz,present,siz,şimdi
2256,716,tedavi oluyorlar,present,onlar,şimdi
2257,716,tedavi oldum,past,ben,di
2258,716,tedavi oldun,past,sen,di
2259,716,tedavi oldu,past,o,di
2260,716,tedavi olduk,past,biz,di
2261,716,tedavi oldunuz,past,siz,di
2262,716,tedavi oldular,past,onlar,di
2263,716,tedavi olacağım,future,ben,gelecek
2264,716,tedavi olacaksın,future,sen,gelecek
2265,716,tedavi olacak,future,o,gelecek
2266,716,tedavi olacağız,future,biz,gelecek
2267,716,tedavi olacaksınız,future,siz,gelecek
2268,716,tedavi olacaklar,future,onlar,gelecek
2269,717,öksürüyorum,present,ben,şimdi
2270,717,öksürüyorsun,present,sen,şimdi
2271,717,öksürüyor,present,o,şimdi
2272,717,öksürüyoruz,present,biz,şimdi
2273,717,öksürüyorsunuz,present,siz,şimdi
2274,717,öksürüyorlar,present,onlar,şimdi
2275,717,öksürdüm,past,ben,di
2276,717,öksürdün,past,sen,di
2277,717,öksürdü,past,o,di
2278,717,öksürdük,past,biz,di
2279,717,öksürdünüz,past,siz,di
2280,717,öksürdüler,past,onlar,di
2281,717,öksüreceğim,future,ben,gelecek
2282,717,öksüreceksin,future,sen,gelecek
2283,717,öksürecek,future,o,gelecek
2284,717,öksüreceğiz,future,biz,gelecek
2285,717,öksüreceksiniz,future,siz,gelecek
2286,717,öksürecekler,future,onlar,gelecek
2287,718,ziyarete geliyorum,present,ben,şimdi
2288,718,ziyarete geliyorsun,present,sen,şimdi
2289,718,ziyarete geliyor,present,o,şimdi
2290,718,ziyarete geliyoruz,present,biz,şimdi
2291,718,ziyarete geliyorsunuz,present,siz,şimdi
2292,718,ziyarete geliyorlar,present,onlar,şimdi
2293,718,ziyarete geldim,past,ben,di
2294,718,ziyarete geldin,past,sen,di
2295,718,ziyarete geldi,past,o,di
2296,718,ziyarete geldik,past,biz,di
2297,718,ziyarete geldiniz,past,siz,di
2298,718,ziyarete geldiler,past,onlar,di
2299,718,ziyarete geleceğim,future,ben,gelecek
2300,718,ziyarete geleceksin,future,sen,gelecek
2301,718,ziyarete gelecek,future,o,gelecek
2302,718,ziyarete geleceğiz,future,biz,gelecek
2303,718,ziyarete geleceksiniz,future,siz,gelecek
2304,718,ziyarete gelecekler,future,onlar,gelecek
2305,856,acele ediyorum,present,ben,şimdi
2306,856,acele ediyorsun,present,sen,şimdi
2307,856,acele ediyor,present,o,şimdi
2308,856,acele ediyoruz,present,biz,şimdi
2309,856,acele ediyorsunuz,present,siz,şimdi
2310,856,acele ediyorlar,present,onlar,şimdi
2311,856,acele ettim,past,ben,di
2312,856,acele ettin,past,sen,di
2313,856,acele etti,past,o,di
2314,856,acele ettik,past,biz,di
2315,856,acele ettiniz,past,siz,di
2316,856,acele ettiler,past,onlar,di
2317,856,acele eteceğim,future,ben,gelecek
2318,856,acele eteceksin,future,sen,gelecek
2319,856,acele etecek,future,o,gelecek
2320,856,acele eteceğiz,future,biz,gelecek
2321,856,acele eteceksiniz,future,siz,gelecek
2322,856,acele etecekler,future,onlar,gelecek
2323,857,anlatıyorum,present,ben,şimdi
2324,857,anlatıyorsun,present,sen,şimdi
2325,857,anlatıyor,present,o,şimdi
2326,857,anlatıyoruz,present,biz,şimdi
2327,857,anlatıyorsunuz,present,siz,şimdi
2328,857,anlatıyorlar,present,onlar,şimdi
2329,857,anlattım,past,ben,di
2330,857,anlattın,past,sen,di
2331,857,anlattı,past,o,di
2332,857,anlattık,past,biz,di
2333,857,anlattınız,past,siz,di
2334,857,anlattılar,past,onlar,di
2335,857,anlatacağım,future,ben,gelecek
2336,857,anlatacaksın,future,sen,gelecek
2337,857,anlatacak,future,o,gelecek
2338,857,anlatacağız,future,biz,gelecek
2339,857,anlatacaksınız,future,siz,gelecek
2340,857,anlatacaklar,future,onlar,gelecek
2341,858,bağlıyorum,present,ben,şimdi
2342,858,bağlıyorsun,present,sen,şimdi
2343,858,bağlıyor,present,o,şimdi
2344,858,bağlıyoruz,present,biz,şimdi
2345,858,bağlıyorsunuz,present,siz,şimdi
2346,858,bağlıyorlar,present,onlar,şimdi
2347,858,bağladım,past,ben,di
2348,858,bağladın,past,sen,di
2349,858,bağladı,past,o,di
2350,858,bağladık,past,biz,di
2351,858,bağladınız,past,siz,di
2352,858,bağladılar,past,onlar,di
2353,858,bağlayacağım,future,ben,gelecek
2354,858,bağlayacaksın,future,sen,gelecek
2355,858,bağlayacak,future,o,gelecek
2356,858,bağlayacağız,future,biz,gelecek
2357,858,bağlayacaksınız,future,siz,gelecek
2358,858,bağlayacaklar,future,onlar,gelecek
2359,859,basıyorum,present,ben,şimdi
2360,859,basıyorsun,present,sen,şimdi
2361,859,basıyor,present,o,şimdi
2362,859,basıyoruz,present,biz,şimdi
2363,859,basıyorsunuz,present,siz,şimdi
2364,859,basıyorlar,present,onlar,şimdi
2365,859,bastım,past,ben,di
2366,859,bastın,past,sen,di
2367,859,bastı,past,o,di
2368,859,bastık,past,biz,di
2369,859,bastınız,past,siz,di
2370,859,bastılar,past,onlar,di
2371,859,basacağım,future,ben,gelecek
2372,859,basacaksın,future,sen,gelecek
2373,859,basacak,future,o,gelecek
2374,859,basacağız,future,biz,gelecek
2375,859,basacaksınız,future,siz,gelecek
2376,859,basacaklar,future,onlar,gelecek
2377,860,bıkıyorum,present,ben,şimdi
2378,860,bıkıyorsun,present,sen,şimdi
2379,860,bıkıyor,present,o,şimdi
2380,860,bıkıyoruz,present,biz,şimdi
2381,860,bıkıyorsunuz,present,siz,şimdi
2382,860,bıkıyorlar,present,onlar,şimdi
2383,860,bıktım,past,ben,di
2384,860,bıktın,past,sen,di
2385,860,bıktı,past,o,di
2386,860,bıktık,past,biz,di
2387,860,bıktınız,past,siz,di
2388,860,bıktılar,past,onlar,di
2389,860,bıkacağım,future,ben,gelecek
2390,860,bıkacaksın,future,sen,gelecek
2391,860,bıkacak,future,o,gelecek
2392,860,bıkacağız,future,biz,gelecek
2393,860,bıkacaksınız,future,siz,gelecek
2394,860,bıkacaklar,future,onlar,gelecek
2395,861,çağırıyorum,present,ben,şimdi
2396,861,çağırıyorsun,present,sen,şimdi
2397,861,çağırıyor,present,o,şimdi
2398,861,çağırıyoruz,present,biz,şimdi
2399,861,çağırıyorsunuz,present,siz,şimdi
2400,861,çağırıyorlar,present,onlar,şimdi
2401,861,çağırdım,past,ben,di
2402,861,çağırdın,past,sen,di
2403,861,çağırdı,past,o,di
2404,861,çağırdık,past,biz,di
2405,861,çağırdınız,past,siz,di
2406,861,çağırdılar,past,onlar,di
2407,861,çağıracağım,future,ben,gelecek
2408,861,çağıracaksın,future,sen,gelecek
2409,861,çağıracak,future,o,gelecek
2410,861,çağıracağız,future,biz,gelecek
2411,861,çağıracaksınız,future,siz,gelecek
2412,861,çağıracaklar,future,onlar,gelecek
2413,862,çekiyorum,present,ben,şimdi
2414,862,çekiyorsun,present,sen,şimdi
2415,862,çekiyor,present,o,şimdi
2416,862,çekiyoruz,present,biz,şimdi
2417,862,çekiyorsunuz,present,siz,şimdi
2418,862,çekiyorlar,present,onlar,şimdi
2419,862,çektim,past,ben,di
2420,862,çektin,past,sen,di
2421,862,çekti,past,o,di
2422,862,çektik,past,biz,di
2423,862,çektiniz,past,siz,di
2424,862,çektiler,past,onlar,di
2425,862,çekeceğim,future,ben,gelecek
2426,862,çekeceksin,future,sen,gelecek
2427,862,çekecek,future,o,gelecek
2428,862,çekeceğiz,future,biz,gelecek
2429,862,çekeceksiniz,future,siz,gelecek
2430,862,çekecekler,future,onlar,gelecek
2431,863,çırpıyorum,present,ben,şimdi
2432,863,çırpıyorsun,present,sen,şimdi
2433,863,çırpıyor,present,o,şimdi
2434,863,çırpıyoruz,present,biz,şimdi
2435,863,çırpıyorsunuz,present,siz,şimdi
2436,863,çırpıyorlar,present,onlar,şimdi
2437,863,çırptım,past,ben,di
2438,863,çırptın,past,sen,di
2439,863,çırptı,past,o,di
2440,863,çırptık,past,biz,di
2441,863,çırptınız,past,siz,di
2442,863,çırptılar,past,onlar,di
2443,863,çırpacağım,future,ben,gelecek
2444,863,çırpacaksın,future,sen,gelecek
2445,863,çırpacak,future,o,gelecek
2446,863,çırpacağız,future,biz,gelecek
2447,863,çırpacaksınız,future,siz,gelecek
2448,863,çırpacaklar,future,onlar,gelecek
2449,864,diziyorum,present,ben,şimdi
2450,864,diziyorsun,present,sen,şimdi
2451,864,diziyor,present,o,şimdi
2452,864,diziyoruz,present,biz,şimdi
2453,864,diziyorsunuz,present,siz,şimdi
2454,864,diziyorlar,present,onlar,şimdi
2455,864,dizdim,past,ben,di
2456,864,dizdin,past,sen,di
2457,864,dizdi,past,o,di
2458,864,dizdik,past,biz,di
2459,864,dizdiniz,past,siz,di
2460,864,dizdiler,past,onlar,di
2461,864,dizeceğim,future,ben,gelecek
2462,864,dizeceksin,future,sen,gelecek
2463,864,dizecek,future,o,gelecek
2464,864,dizeceğiz,future,biz,gelecek
2465,864,dizeceksiniz,future,siz,gelecek
2466,864,dizecekler,future,onlar,gelecek
2467,865,doğrıyorum,present,ben,şimdi
2468,865,doğrıyorsun,present,sen,şimdi
2469,865,doğrıyor,present,o,şimdi
2470,865,doğrıyoruz,present,biz,şimdi
2471,865,doğrıyorsunuz,present,siz,şimdi
2472,865,doğrıyorlar,present,onlar,şimdi
2473,865,doğradım,past,ben,di
2474,865,doğradın,past,sen,di
2475,865,doğradı,past,o,di
2476,865,doğradık,past,biz,di
2477,865,doğradınız,past,siz,di
2478,865,doğradılar,past,onlar,di
2479,865,doğrayacağım,future,ben,gelecek
2480,865,doğrayacaksın,future,sen,gelecek
2481,865,doğrayacak,future,o,gelecek
2482,865,doğrayacağız,future,biz,gelecek
2483,865,doğrayacaksınız,future,siz,gelecek
2484,865,doğrayacaklar,future,onlar,gelecek
2485,866,dolduruyorum,present,ben,şimdi
2486,866,dolduruyorsun,present,sen,şimdi
2487,866,dolduruyor,present,o,şimdi
2488,866,dolduruyoruz,present,biz,şimdi
2489,866,dolduruyorsunuz,present,siz,şimdi
2490,866,dolduruyorlar,present,onlar,şimdi
2491,866,doldurdum,past,ben,di
2492,866,doldurdun,past,sen,di
2493,866,doldurdu,past,o,di
2494,866,doldurduk,past,biz,di
2495,866,doldurdunuz,past,siz,di
2496,866,doldurdular,past,onlar,di
2497,866,dolduracağım,future,ben,gelecek
2498,866,dolduracaksın,future,sen,gelecek
2499,866,dolduracak,future,o,gelecek
2500,866,dolduracağız,future,biz,gelecek
2501,866,dolduracaksınız,future,siz,gelecek
2502,866,dolduracaklar,future,onlar,gelecek
2503,867,döküyorum,present,ben,şimdi
2504,867,döküyorsun,present,sen,şimdi
2505,867,döküyor,present,o,şimdi
2506,867,döküyoruz,present,biz,şimdi
2507,867,döküyorsunuz,present,siz,şimdi
2508,867,döküyorlar,present,onlar,şimdi
2509,867,döktüm,past,ben,di
2510,867,döktün,past,sen,di
2511,867,döktü,past,o,di
2512,867,döktük,past,biz,di
2513,867,döktünüz,past,siz,di
2514,867,döktüler,past,onlar,di
2515,867,dökeceğim,future,ben,gelecek
2516,867,dökeceksin,future,sen,gelecek
2517,867,dökecek,future,o,gelecek
2518,867,dökeceğiz,future,biz,gelecek
2519,867,dökeceksiniz,future,siz,gelecek
2520,867,dökecekler,future,onlar,gelecek
2521,868,duyuyorum,present,ben,şimdi
2522,868,duyuyorsun,present,sen,şimdi
2523,868,duyuyor,present,o,şimdi
2524,868,duyuyoruz,present,biz,şimdi
2525,868,duyuyorsunuz,present,siz,şimdi
2526,868,duyuyorlar,present,onlar,şimdi
2527,868,duydum,past,ben,di
2528,868,duydun,past,sen,di
2529,868,duydu,past,o,di
2530,868,duyduk,past,biz,di
2531,868,duydunuz,past,siz,di
2532,868,duydular,past,onlar,di
2533,868,duyacağım,future,ben,gelecek
2534,868,duyacaksın,future,sen,gelecek
2535,868,duyacak,future,o,gelecek
2536,868,duyacağız,future,biz,gelecek
2537,868,duyacaksınız,future,siz,gelecek
2538,868,duyacaklar,future,onlar,gelecek
2539,869,düşünüyorum,present,ben,şimdi
2540,869,düşünüyorsun,present,sen,şimdi
2541,869,düşünüyor,present,o,şimdi
2542,869,düşünüyoruz,present,biz,şimdi
2543,869,düşünüyorsunuz,present,siz,şimdi
2544,869,düşünüyorlar,present,onlar,şimdi
2545,869,düşündüm,past,ben,di
2546,869,düşündün,past,sen,di
2547,869,düşündü,past,o,di
2548,869,düşündük,past,biz,di
2549,869,düşündünüz,past,siz,di
2550,869,düşündüler,past,onlar,di
2551,869,düşüneceğim,future,ben,gelecek
2552,869,düşüneceksin,future,sen,gelecek
2553,869,düşünecek,future,o,gelecek
2554,869,düşüneceğiz,future,biz,gelecek
2555,869,düşüneceksiniz,future,siz,gelecek
2556,869,düşünecekler,future,onlar,gelecek
2557,870,düzenliyorum,present,ben,şimdi
2558,870,düzenliyorsun,present,sen,şimdi
2559,870,düzenliyor,present,o,şimdi
2560,870,düzenliyoruz,present,biz,şimdi
2561,870,düzenliyorsunuz,present,siz,şimdi
2562,870,düzenliyorlar,present,onlar,şimdi
2563,870,düzenledim,past,ben,di
2564,870,düzenledin,past,sen,di
2565,870,düzenledi,past,o,di
2566,870,düzenledik,past,biz,di
2567,870,düzenlediniz,past,siz,di
2568,870,düzenlediler,past,onlar,di
2569,870,düzenleyeceğim,future,ben,gelecek
2570,870,düzenleyeceksin,future,sen,gelecek
2571,870,düzenleyecek,future,o,gelecek
2572,870,düzenleyeceğiz,future,biz,gelecek
2573,870,düzenleyeceksiniz,future,siz,gelecek
2574,870,düzenleyecekler,future,onlar,gelecek
2575,871,ekliyorum,present,ben,şimdi
2576,871,ekliyorsun,present,sen,şimdi
2577,871,ekliyor,present,o,şimdi
2578,871,ekliyoruz,present,biz,şimdi
2579,871,ekliyorsunuz,present,siz,şimdi
2580,871,ekliyorlar,present,onlar,şimdi
2581,871,ekledim,past,ben,di
2582,871,ekledin,past,sen,di
2583,871,ekledi,past,o,di
2584,871,ekledik,past,biz,di
2585,871,eklediniz,past,siz,di
2586,871,eklediler,past,onlar,di
2587,871,ekleyeceğim,future,ben,gelecek
2588,871,ekleyeceksin,future,sen,gelecek
2589,871,ekleyecek,future,o,gelecek
2590,871,ekleyeceğiz,future,biz,gelecek
2591,871,ekleyeceksiniz,future,siz,gelecek
2592,871,ekleyecekler,future,onlar,gelecek
2593,872,geç kalıyorum,present,ben,şimdi
2594,872,geç kalıyorsun,present,sen,şimdi
2595,872,geç kalıyor,present,o,şimdi
2596,872,geç kalıyoruz,present,biz,şimdi
2597,872,geç kalıyorsunuz,present,siz,şimdi
2598,872,geç kalıyorlar,present,onlar,şimdi
2599,872,geç kaldım,past,ben,di
2600,872,geç kaldın,past,sen,di
2601,872,geç kaldı,past,o,di
2602,872,geç kaldık,past,biz,di
2603,872,geç kaldınız,past,siz,di
2604,872,geç kaldılar,past,onlar,di
2605,872,geç kalacağım,future,ben,gelecek
2606,872,geç kalacaksın,future,sen,gelecek
2607,872,geç kalacak,future,o,gelecek
2608,872,geç kalacağız,future,biz,gelecek
2609,872,geç kalacaksınız,future,siz,gelecek
2610,872,geç kalacaklar,future,onlar,gelecek
2611,873,hapşırıyorum,present,ben,şimdi
2612,873,hapşırıyorsun,present,sen,şimdi
2613,873,hapşırıyor,present,o,şimdi
2614,873,hapşırıyoruz,present,biz,şimdi
2615,873,hapşırıyorsunuz,present,siz,şimdi
2616,873,hapşırıyorlar,present,onlar,şimdi
2617,873,hapşırdım,past,ben,di
2618,873,hapşırdın,past,sen,di
2619,873,hapşırdı,past,o,di
2620,873,hapşırdık,past,biz,di
2621,873,hapşırdınız,past,siz,di
2622,873,hapşırdılar,past,onlar,di
2623,873,hapşıracağım,future,ben,gelecek
2624,873,hapşıracaksın,future,sen,gelecek
2625,873,hapşıracak,future,o,gelecek
2626,873,hapşıracağız,future,biz,gelecek
2627,873,hapşıracaksınız,future,siz,gelecek
2628,873,hapşıracaklar,future,onlar,gelecek
2629,874,haşlıyorum,present,ben,şimdi
2630,874,haşlıyorsun,present,sen,şimdi
2631,874,haşlıyor,present,o,şimdi
2632,874,haşlıyoruz,present,biz,şimdi
2633,874,haşlıyorsunuz,present,siz,şimdi
2634,874,haşlıyorlar,present,onlar,şimdi
2635,874,haşladım,past,ben,di
2636,874,haşladın,past,sen,di
2637,874,haşladı,past,o,di
2638,874,haşladık,past,biz,di
2639,874,haşladınız,past,siz,di
2640,874,haşladılar,past,onlar,di
2641,874,haşlayacağım,future,ben,gelecek
2642,874,haşlayacaksın,future,sen,gelecek
2643,874,haşlayacak,future,o,gelecek
2644,874,haşlayacağız,future,biz,gelecek
2645,874,haşlayacaksınız,future,siz,gelecek
2646,874,haşlayacaklar,future,onlar,gelecek
2647,875,hatırlıyorum,present,ben,şimdi
2648,875,hatırlıyorsun,present,sen,şimdi
2649,875,hatırlıyor,present,o,şimdi
2650,875,hatırlıyoruz,present,biz,şimdi
2651,875,hatırlıyorsunuz,present,siz,şimdi
2652,875,hatırlıyorlar,present,onlar,şimdi
2653,875,hatırladım,past,ben,di
2654,875,hatırladın,past,sen,di
2655,875,hatırladı,past,o,di
2656,875,hatırladık,past,biz,di
2657,875,hatırladınız,past,siz,di
2658,875,hatırladılar,past,onlar,di
2659,875,hatırlayacağım,future,ben,gelecek
2660,875,hatırlayacaksın,future,sen,gelecek
2661,875,hatırlayacak,future,o,gelecek
2662,875,hatırlayacağız,future,biz,gelecek
2663,875,hatırlayacaksınız,future,siz,gelecek
2664,875,hatırlayacaklar,future,onlar,gelecek
2665,876,ısmarlıyorum,present,ben,şimdi
2666,876,ısmarlıyorsun,present,sen,şimdi
2667,876,ısmarlıyor,present,o,şimdi
2668,876,ısmarlıyoruz,present,biz,şimdi
2669,876,ısmarlıyorsunuz,present,siz,şimdi
2670,876,ısmarlıyorlar,present,onlar,şimdi
2671,876,ısmarladım,past,ben,di
2672,876,ısmarladın,past,sen,di
2673,876,ısmarladı,past,o,di
2674,876,ısmarladık,past,biz,di
2675,876,ısmarladınız,past,siz,di
2676,876,ısmarladılar,past,onlar,di
2677,876,ısmarlayacağım,future,ben,gelecek
2678,876,ısmarlayacaksın,future,sen,gelecek
2679,876,ısmarlayacak,future,o,gelecek
2680,876,ısmarlayacağız,future,biz,gelecek
2681,876,ısmarlayacaksınız,future,siz,gelecek
2682,876,ısmarlayacaklar,future,onlar,gelecek
2683,877,ihmal ediyorum,present,ben,şimdi
2684,877,ihmal ediyorsun,present,sen,şimdi
2685,877,ihmal ediyor,present,o,şimdi
2686,877,ihmal ediyoruz,present,biz,şimdi
2687,877,ihmal ediyorsunuz,present,siz,şimdi
2688,877,ihmal ediyorlar,present,onlar,şimdi
2689,877,ihmal ettim,past,ben,di
2690,877,ihmal ettin,past,sen,di
2691,877,ihmal etti,past,o,di
2692,877,ihmal ettik,past,biz,di
2693,877,ihmal ettiniz,past,siz,di
2694,877,ihmal ettiler,past,onlar,di
2695,877,ihmal eteceğim,future,ben,gelecek
2696,877,ihmal eteceksin,future,sen,gelecek
2697,877,ihmal etecek,future,o,gelecek
2698,877,ihmal eteceğiz,future,biz,gelecek
2699,877,ihmal eteceksiniz,future,siz,gelecek
2700,877,ihmal etecekler,future,onlar,gelecek
2701,878,ilave ediyorum,present,ben,şimdi
2702,878,ilave ediyorsun,present,sen,şimdi
2703,878,ilave ediyor,present,o,şimdi
2704,878,ilave ediyoruz,present,biz,şimdi
2705,878,ilave ediyorsunuz,present,siz,şimdi
2706,878,ilave ediyorlar,present,onlar,şimdi
2707,878,ilave ettim,past,ben,di
2708,878,ilave ettin,past,sen,di
2709,878,ilave etti,past,o,di
2710,878,ilave ettik,past,biz,di
2711,878,ilave ettiniz,past,siz,di
2712,878,ilave ettiler,past,onlar,di
2713,878,ilave eteceğim,future,ben,gelecek
2714,878,ilave eteceksin,future,sen,gelecek
2715,878,ilave etecek,future,o,gelecek
2716,878,ilave eteceğiz,future,biz,gelecek
2717,878,ilave eteceksiniz,future,siz,gelecek
2718,878,ilave etecekler,future,onlar,gelecek
2719,879,ilerliyorum,present,ben,şimdi
2720,879,ilerliyorsun,present,sen,şimdi
2721,879,ilerliyor,present,o,şimdi
2722,879,ilerliyoruz,present,biz,şimdi
2723,879,ilerliyorsunuz,present,siz,şimdi
2724,879,ilerliyorlar,present,onlar,şimdi
2725,879,ilerledim,past,ben,di
2726,879,ilerledin,past,sen,di
2727,879,ilerledi,past,o,di
2728,879,ilerledik,past,biz,di
2729,879,ilerlediniz,past,siz,di
2730,879,ilerlediler,past,onlar,di
2731,879,ilerleyeceğim,future,ben,gelecek
2732,879,ilerleyeceksin,future,sen,gelecek
2733,879,ilerleyecek,future,o,gelecek
2734,879,ilerleyeceğiz,future,biz,gelecek
2735,879,ilerleyeceksiniz,future,siz,gelecek
2736,879,ilerleyecekler,future,onlar,gelecek
2737,880,isyan ediyorum,present,ben,şimdi
2738,880,isyan ediyorsun,present,sen,şimdi
2739,880,isyan ediyor,present,o,şimdi
2740,880,isyan ediyoruz,present,biz,şimdi
2741,880,isyan ediyorsunuz,present,siz,şimdi
2742,880,isyan ediyorlar,present,onlar,şimdi
2743,880,isyan ettim,past,ben,di
2744,880,isyan ettin,past,sen,di
2745,880,isyan etti,past,o,di
2746,880,isyan ettik,past,biz,di
2747,880,isyan ettiniz,past,siz,di
2748,880,isyan ettiler,past,onlar,di
2749,880,isyan eteceğim,future,ben,gelecek
2750,880,isyan eteceksin,future,sen,gelecek
2751,880,isyan etecek,future,o,gelecek
2752,880,isyan eteceğiz,future,biz,gelecek
2753,880,isyan eteceksiniz,future,siz,gelecek
2754,880,isyan etecekler,future,onlar,gelecek
2755,881,işaretliyorum,present,ben,şimdi
2756,881,işaretliyorsun,present,sen,şimdi
2757,881,işaretliyor,present,o,şimdi
2758,881,işaretliyoruz,present,biz,şimdi
2759,881,işaretliyorsunuz,present,siz,şimdi
2760,881,işaretliyorlar,present,onlar,şimdi
2761,881,işaretledim,past,ben,di
2762,881,işaretledin,past,sen,di
2763,881,işaretledi,past,o,di
2764,881,işaretledik,past,biz,di
2765,881,işaretlediniz,past,siz,di
2766,881,işaretlediler,past,onlar,di
2767,881,işaretleyeceğim,future,ben,gelecek
2768,881,işaretleyeceksin,future,sen,gelecek
2769,881,işaretleyecek,future,o,gelecek
2770,881,işaretleyeceğiz,future,biz,gelecek
2771,881,işaretleyeceksiniz,future,siz,gelecek
2772,881,işaretleyecekler,future,onlar,gelecek
2773,882,kavga ediyorum,present,ben,şimdi
2774,882,kavga ediyorsun,present,sen,şimdi
2775,882,kavga ediyor,present,o,şimdi
2776,882,kavga ediyoruz,present,biz,şimdi
2777,882,kavga ediyorsunuz,present,siz,şimdi
2778,882,kavga ediyorlar,present,onlar,şimdi
2779,882,kavga ettim,past,ben,di
2780,882,kavga ettin,past,sen,di
2781,882,kavga etti,past,o,di
2782,882,kavga ettik,past,biz,di
2783,882,kavga ettiniz,past,siz,di
2784,882,kavga ettiler,past,onlar,di
2785,882,kavga eteceğim,future,ben,gelecek
2786,882,kavga eteceksin,future,sen,gelecek
2787,882,kavga etecek,future,o,gelecek
2788,882,kavga eteceğiz,future,biz,gelecek
2789,882,kavga eteceksiniz,future,siz,gelecek
2790,882,kavga etecekler,future,onlar,gelecek
2791,883,kaynatıyorum,present,ben,şimdi
2792,883,kaynatıyorsun,present,sen,şimdi
2793,883,kaynatıyor,present,o,şimdi
2794,883,kaynatıyoruz,present,biz,şimdi
2795,883,kaynatıyorsunuz,present,siz,şimdi
2796,883,kaynatıyorlar,present,onlar,şimdi
2797,883,kaynattım,past,ben,di
2798,883,kaynattın,past,sen,di
2799,883,kaynattı,past,o,di
2800,883,kaynattık,past,biz,di
2801,883,kaynattınız,past,siz,di
2802,883,kaynattılar,past,onlar,di
2803,883,kaynatacağım,future,ben,gelecek
2804,883,kaynatacaksın,future,sen,gelecek
2805,883,kaynatacak,future,o,gelecek
2806,883,kaynatacağız,future,biz,gelecek
2807,883,kaynatacaksınız,future,siz,gelecek
2808,883,kaynatacaklar,future,onlar,gelecek
2809,884,kızartıyorum,present,ben,şimdi
2810,884,kızartıyorsun,present,sen,şimdi
2811,884,kızartıyor,present,o,şimdi
2812,884,kızartıyoruz,present,biz,şimdi
2813,884,kızartıyorsunuz,present,siz,şimdi
2814,884,kızartıyorlar,present,onlar,şimdi
2815,884,kızarttım,past,ben,di
2816,884,kızarttın,past,sen,di
2817,884,kızarttı,past,o,di
2818,884,kızarttık,past,biz,di
2819,884,kızarttınız,past,siz,di
2820,884,kızarttılar,past,onlar,di
2821,884,kızartacağım,future,ben,gelecek
2822,884,kızartacaksın,future,sen,gelecek
2823,884,kızartacak,future,o,gelecek
2824,884,kızartacağız,future,biz,gelecek
2825,884,kızartacaksınız,future,siz,gelecek
2826,884,kızartacaklar,future,onlar,gelecek
2827,885,kızıyorum,present,ben,şimdi
2828,885,kızıyorsun,present,sen,şimdi
2829,885,kızıyor,present,o,şimdi
2830,885,kızıyoruz,present,biz,şimdi
2831,885,kızıyorsunuz,present,siz,şimdi
2832,885,kızıyorlar,present,onlar,şimdi
2833,885,kızdım,past,ben,di
2834,885,kızdın,past,sen,di
2835,885,kızdı,past,o,di
2836,885,kızdık,past,biz,di
2837,885,kızdınız,past,siz,di
2838,885,kızdılar,past,onlar,di
2839,885,kızacağım,future,ben,gelecek
2840,885,kızacaksın,future,sen,gelecek
2841,885,kızacak,future,o,gelecek
2842,885,kızacağız,future,biz,gelecek
2843,885,kızacaksınız,future,siz,gelecek
2844,885,kızacaklar,future,onlar,gelecek
2845,886,kopuyorum,present,ben,şimdi
2846,886,kopuyorsun,present,sen,şimdi
2847,886,kopuyor,present,o,şimdi
2848,886,kopuyoruz,present,biz,şimdi
2849,886,kopuyorsunuz,present,siz,şimdi
2850,886,kopuyorlar,present,onlar,şimdi
2851,886,koptum,past,ben,di
2852,886,koptun,past,sen,di
2853,886,koptu,past,o,di
2854,886,koptuk,past,biz,di
2855,886,koptunuz,past,siz,di
2856,886,koptular,past,onlar,di
2857,886,kopacağım,future,ben,gelecek
2858,886,kopacaksın,future,sen,gelecek
2859,886,kopacak,future,o,gelecek
2860,886,kopacağız,future,biz,gelecek
2861,886,kopacaksınız,future,siz,gelecek
2862,886,kopacaklar,future,onlar,gelecek
2863,887,oluşturuyorum,present,ben,şimdi
2864,887,oluşturuyorsun,present,sen,şimdi
2865,887,oluşturuyor,present,o,şimdi
2866,887,oluşturuyoruz,present,biz,şimdi
2867,887,oluşturuyorsunuz,present,siz,şimdi
2868,887,oluşturuyorlar,present,onlar,şimdi
2869,887,oluşturdum,past,ben,di
2870,887,oluşturdun,past,sen,di
2871,887,oluşturdu,past,o,di
2872,887,oluşturduk,past,biz,di
2873,887,oluşturdunuz,past,siz,di
2874,887,oluşturdular,past,onlar,di
2875,887,oluşturacağım,future,ben,gelecek
2876,887,oluşturacaksın,future,sen,gelecek
2877,887,oluşturacak,future,o,gelecek
2878,887,oluşturacağız,future,biz,gelecek
2879,887,oluşturacaksınız,future,siz,gelecek
2880,887,oluşturacaklar,future,onlar,gelecek
2881,888,öneriyorum,present,ben,şimdi
2882,888,öneriyorsun,present,sen,şimdi
2883,888,öneriyor,present,o,şimdi
2884,888,öneriyoruz,present,biz,şimdi
2885,888,öneriyorsunuz,present,siz,şimdi
2886,888,öneriyorlar,present,onlar,şimdi
2887,888,önerdim,past,ben,di
2888,888,önerdin,past,sen,di
2889,888,önerdi,past,o,di
2890,888,önerdik,past,biz,di
2891,888,önerdiniz,past,siz,di
2892,888,önerdiler,past,onlar,di
2893,888,önereceğim,future,ben,gelecek
2894,888,önereceksin,future,sen,gelecek
2895,888,önerecek,future,o,gelecek
2896,888,önereceğiz,future,biz,gelecek
2897,888,önereceksiniz,future,siz,gelecek
2898,888,önerecekler,future,onlar,gelecek
2899,889,özen gösteriyorum,present,ben,şimdi
2900,889,özen gösteriyorsun,present,sen,şimdi
2901,889,özen gösteriyor,present,o,şimdi
2902,889,özen gösteriyoruz,present,biz,şimdi
2903,889,özen gösteriyorsunuz,present,siz,şimdi
2904,889,özen gösteriyorlar,present,onlar,şimdi
2905,889,özen gösterdim,past,ben,di
2906,889,özen gösterdin,past,sen,di
2907,889,özen gösterdi,past,o,di
2908,889,özen gösterdik,past,biz,di
2909,889,özen gösterdiniz,past,siz,di
2910,889,özen gösterdiler,past,onlar,di
2911,889,özen göstereceğim,future,ben,gelecek
2912,889,özen göstereceksin,future,sen,gelecek
2913,889,özen gösterecek,future,o,gelecek
2914,889,özen göstereceğiz,future,biz,gelecek
2915,889,özen göstereceksiniz,future,siz,gelecek
2916,889,özen gösterecekler,future,onlar,gelecek
2917,890,park ediyorum,present,ben,şimdi
2918,890,park ediyorsun,present,sen,şimdi
2919,890,park ediyor,present,o,şimdi
2920,890,park ediyoruz,present,biz,şimdi
2921,890,park ediyorsunuz,present,siz,şimdi
2922,890,park ediyorlar,present,onlar,şimdi
2923,890,park ettim,past,ben,di
2924,890,park ettin,past,sen,di
2925,890,park etti,past,o,di
2926,890,park ettik,past,biz,di
2927,890,park ettiniz,past,siz,di
2928,890,park ettiler,past,onlar,di
2929,890,park eteceğim,future,ben,gelecek
2930,890,park eteceksin,future,sen,gelecek
2931,890,park etecek,future,o,gelecek
2932,890,park eteceğiz,future,biz,gelecek
2933,890,park eteceksiniz,future,siz,gelecek
2934,890,park etecekler,future,onlar,gelecek
2935,891,rendeliyorum,present,ben,şimdi
2936,891,rendeliyorsun,present,sen,şimdi
2937,891,rendeliyor,present,o,şimdi
2938,891,rendeliyoruz,present,biz,şimdi
2939,891,rendeliyorsunuz,present,siz,şimdi
2940,891,rendeliyorlar,present,onlar,şimdi
2941,891,rendeledim,past,ben,di
2942,891,rendeledin,past,sen,di
2943,891,rendeledi,past,o,di
2944,891,rendeledik,past,biz,di
2945,891,rendelediniz,past,siz,di
2946,891,rendelediler,past,onlar,di
2947,891,rendeleyeceğim,future,ben,gelecek
2948,891,rendeleyeceksin,future,sen,gelecek
2949,891,rendeleyecek,future,o,gelecek
2950,891,rendeleyeceğiz,future,biz,gelecek
2951,891,rendeleyeceksiniz,future,siz,gelecek
2952,891,rendeleyecekler,future,onlar,gelecek
2953,892,saklıyorum,present,ben,şimdi
2954,892,saklıyorsun,present,sen,şimdi
2955,892,saklıyor,present,o,şimdi
2956,892,saklıyoruz,present,biz,şimdi
2957,892,saklıyorsunuz,present,siz,şimdi
2958,892,saklıyorlar,present,onlar,şimdi
2959,892,sakladım,past,ben,di
2960,892,sakladın,past,sen,di
2961,892,sakladı,past,o,di
2962,892,sakladık,past,biz,di
2963,892,sakladınız,past,siz,di
2964,892,sakladılar,past,onlar,di
2965,892,saklayacağım,future,ben,gelecek
2966,892,saklayacaksın,future,sen,gelecek
2967,892,saklayacak,future,o,gelecek
2968,892,saklayacağız,future,biz,gelecek
2969,892,saklayacaksınız,future,siz,gelecek
2970,892,saklayacaklar,future,onlar,gelecek
2971,893,sıralıyorum,present,ben,şimdi
2972,893,sıralıyorsun,present,sen,şimdi
2973,893,sıralıyor,present,o,şimdi
2974,893,sıralıyoruz,present,biz,şimdi
2975,893,sıralıyorsunuz,present,siz,şimdi
2976,893,sıralıyorlar,present,onlar,şimdi
2977,893,sıraladım,past,ben,di
2978,893,sıraladın,past,sen,di
2979,893,sıraladı,past,o,di
2980,893,sıraladık,past,biz,di
2981,893,sıraladınız,past,siz,di
2982,893,sıraladılar,past,onlar,di
2983,893,sıralayacağım,future,ben,gelecek
2984,893,sıralayacaksın,future,sen,gelecek
2985,893,sıralayacak,future,o,gelecek
2986,893,sıralayacağız,future,biz,gelecek
2987,893,sıralayacaksınız,future,siz,gelecek
2988,893,sıralayacaklar,future,onlar,gelecek
2989,894,süsliyorum,present,ben,şimdi
2990,894,süsliyorsun,present,sen,şimdi
2991,894,süsliyor,present,o,şimdi
2992,894,süsliyoruz,present,biz,şimdi
2993,894,süsliyorsunuz,present,siz,şimdi
2994,894,süsliyorlar,present,onlar,şimdi
2995,894,süsledim,past,ben,di
2996,894,süsledin,past,sen,di
2997,894,süsledi,past,o,di
2998,894,süsledik,past,biz,di
2999,894,süslediniz,past,siz,di
3000,894,süslediler,past,onlar,di
3001,894,süsleyeceğim,future,ben,gelecek
3002,894,süsleyeceksin,future,sen,gelecek
3003,894,süsleyecek,future,o,gelecek
3004,894,süsleyeceğiz,future,biz,gelecek
3005,894,süsleyeceksiniz,future,siz,gelecek
3006,894,süsleyecekler,future,onlar,gelecek
3007,895,süzüyorum,present,ben,şimdi
3008,895,süzüyorsun,present,sen,şimdi
3009,895,süzüyor,present,o,şimdi
3010,895,süzüyoruz,present,biz,şimdi
3011,895,süzüyorsunuz,present,siz,şimdi
3012,895,süzüyorlar,present,onlar,şimdi
3013,895,süzdüm,past,ben,di
3014,895,süzdün,past,sen,di
3015,895,süzdü,past,o,di
3016,895,süzdük,past,biz,di
3017,895,süzdünüz,past,siz,di
3018,895,süzdüler,past,onlar,di
3019,895,süzeceğim,future,ben,gelecek
3020,895,süzeceksin,future,sen,gelecek
3021,895,süzecek,future,o,gelecek
3022,895,süzeceğiz,future,biz,gelecek
3023,895,süzeceksiniz,future,siz,gelecek
3024,895,süzecekler,future,onlar,gelecek
3025,896,tamamlıyorum,present,ben,şimdi
3026,896,tamamlıyorsun,present,sen,şimdi
3027,896,tamamlıyor,present,o,şimdi
3028,896,tamamlıyoruz,present,biz,şimdi
3029,896,tamamlıyorsunuz,present,siz,şimdi
3030,896,tamamlıyorlar,present,onlar,şimdi
3031,896,tamamladım,past,ben,di
3032,896,tamamladın,past,sen,di
3033,896,tamamladı,past,o,di
3034,896,tamamladık,past,biz,di
3035,896,tamamladınız,past,siz,di
3036,896,tamamladılar,past,onlar,di
3037,896,tamamlayacağım,future,ben,gelecek
3038,896,tamamlayacaksın,future,sen,gelecek
3039,896,tamamlayacak,future,o,gelecek
3040,896,tamamlayacağız,future,biz,gelecek
3041,896,tamamlayacaksınız,future,siz,gelecek
3042,896,tamamlayacaklar,future,onlar,gelecek
3043,897,tarif ediyorum,present,ben,şimdi
3044,897,tarif ediyorsun,present,sen,şimdi
3045,897,tarif ediyor,present,o,şimdi
3046,897,tarif ediyoruz,present,biz,şimdi
3047,897,tarif ediyorsunuz,present,siz,şimdi
3048,897,tarif ediyorlar,present,onlar,şimdi
3049,897,tarif ettim,past,ben,di
3050,897,tarif ettin,past,sen,di
3051,897,tarif etti,past,o,di
3052,897,tarif ettik,past,biz,di
3053,897,tarif ettiniz,past,siz,di
3054,897,tarif ettiler,past,onlar,di
3055,897,tarif eteceğim,future,ben,gelecek
3056,897,tarif eteceksin,future,sen,gelecek
3057,897,tarif etecek,future,o,gelecek
3058,897,tarif eteceğiz,future,biz,gelecek
3059,897,tarif eteceksiniz,future,siz,gelecek
3060,897,tarif etecekler,future,onlar,gelecek
3061,898,tükeniyorum,present,ben,şimdi
3062,898,tükeniyorsun,present,sen,şimdi
3063,898,tükeniyor,present,o,şimdi
3064,898,tükeniyoruz,present,biz,şimdi
3065,898,tükeniyorsunuz,present,siz,şimdi
3066,898,tükeniyorlar,present,onlar,şimdi
3067,898,tükendim,past,ben,di
3068,898,tükendin,past,sen,di
3069,898,tükendi,past,o,di
3070,898,tükendik,past,biz,di
3071,898,tükendiniz,past,siz,di
3072,898,tükendiler,past,onlar,di
3073,898,tükeneceğim,future,ben,gelecek
3074,898,tükeneceksin,future,sen,gelecek
3075,898,tükenecek,future,o,gelecek
3076,898,tükeneceğiz,future,biz,gelecek
3077,898,tükeneceksiniz,future,siz,gelecek
3078,898,tükenecekler,future,onlar,gelecek
3079,899,usanıyorum,present,ben,şimdi
3080,899,usanıyorsun,present,sen,şimdi
3081,899,usanıyor,present,o,şimdi
3082,899,usanıyoruz,present,biz,şimdi
3083,899,usanıyorsunuz,present,siz,şimdi
3084,899,usanıyorlar,present,onlar,şimdi
3085,899,usandım,past,ben,di
3086,899,usandın,past,sen,di
3087,899,usandı,past,o,di
3088,899,usandık,past,biz,di
3089,899,usandınız,past,siz,di
3090,899,usandılar,past,onlar,di
3091,899,usanacağım,future,ben,gelecek
3092,899,usanacaksın,future,sen,gelecek
3093,899,usanacak,future,o,gelecek
3094,899,usanacağız,future,biz,gelecek
3095,899,usanacaksınız,future,siz,gelecek
3096,899,usanacaklar,future,onlar,gelecek
3097,900,uzatıyorum,present,ben,şimdi
3098,900,uzatıyorsun,present,sen,şimdi
3099,900,uzatıyor,present,o,şimdi
3100,900,uzatıyoruz,present,biz,şimdi
3101,900,uzatıyorsunuz,present,siz,şimdi
3102,900,uzatıyorlar,present,onlar,şimdi
3103,900,uzattım,past,ben,di
3104,900,uzattın,past,sen,di
3105,900,uzattı,past,o,di
3106,900,uzattık,past,biz,di
3107,900,uzattınız,past,siz,di
3108,900,uzattılar,past,onlar,di
3109,900,uzatacağım,future,ben,gelecek
3110,900,uzatacaksın,future,sen,gelecek
3111,900,uzatacak,future,o,gelecek
3112,900,uzatacağız,future,biz,gelecek
3113,900,uzatacaksınız,future,siz,gelecek
3114,900,uzatacaklar,future,onlar,gelecek
3115,901,yağıyorum,present,ben,şimdi
3116,901,yağıyorsun,present,sen,şimdi
3117,901,yağıyor,present,o,şimdi
3118,901,yağıyoruz,present,biz,şimdi
3119,901,yağıyorsunuz,present,siz,şimdi
3120,901,yağıyorlar,present,onlar,şimdi
3121,901,yağdım,past,ben,di
3122,901,yağdın,past,sen,di
3123,901,yağdı,past,o,di
3124,901,yağdık,past,biz,di
3125,901,yağdınız,past,siz,di
3126,901,yağdılar,past,onlar,di
3127,901,yağacağım,future,ben,gelecek
3128,901,yağacaksın,future,sen,gelecek
3129,901,yağacak,future,o,gelecek
3130,901,yağacağız,future,biz,gelecek
3131,901,yağacaksınız,future,siz,gelecek
3132,901,yağacaklar,future,onlar,gelecek
3133,902,itiyorum,present,ben,şimdi
3134,902,itiyorsun,present,sen,şimdi
3135,902,itiyor,present,o,şimdi
3136,902,itiyoruz,present,biz,şimdi
3137,902,itiyorsunuz,present,siz,şimdi
3138,902,itiyorlar,present,onlar,şimdi
3139,902,ittim,past,ben,di
3140,902,ittin,past,sen,di
3141,902,itti,past,o,di
3142,902,ittik,past,biz,di
3143,902,ittiniz,past,siz,di
3144,902,ittiler,past,onlar,di
3145,902,iteceğim,future,ben,gelecek
3146,902,iteceksin,future,sen,gelecek
3147,902,itecek,future,o,gelecek
3148,902,iteceğiz,future,biz,gelecek
3149,902,iteceksiniz,future,siz,gelecek
3150,902,itecekler,future,onlar,gelecek
3151,903,merak ediyorum,present,ben,şimdi
3152,903,merak ediyorsun,present,sen,şimdi
3153,903,merak ediyor,present,o,şimdi
3154,903,merak ediyoruz,present,biz,şimdi
3155,903,merak ediyorsunuz,present,siz,şimdi
3156,903,merak ediyorlar,present,onlar,şimdi
3157,903,merak ettim,past,ben,di
3158,903,merak ettin,past,sen,di
3159,903,merak etti,past,o,di
3160,903,merak ettik,past,biz,di
3161,903,merak ettiniz,past,siz,di
3162,903,merak ettiler,past,onlar,di
3163,903,merak eteceğim,future,ben,gelecek
3164,903,merak eteceksin,future,sen,gelecek
3165,903,merak etecek,future,o,gelecek
3166,903,merak eteceğiz,future,biz,gelecek
3167,903,merak eteceksiniz,future,siz,gelecek
3168,903,merak etecekler,future,onlar,gelecek
3169,904,numaralandırıyorum,present,ben,şimdi
3170,904,numaralandırıyorsun,present,sen,şimdi
3171,904,numaralandırıyor,present,o,şimdi
3172,904,numaralandırıyoruz,present,biz,şimdi
3173,904,numaralandırıyorsunuz,present,siz,şimdi
3174,904,numaralandırıyorlar,present,onlar,şimdi
3175,904,numaralandırdım,past,ben,di
3176,904,numaralandırdın,past,sen,di
3177,904,numaralandırdı,past,o,di
3178,904,numaralandırdık,past,biz,di
3179,904,numaralandırdınız,past,siz,di
3180,904,numaralandırdılar,past,onlar,di
3181,904,numaralandıracağım,future,ben,gelecek
3182,904,numaralandıracaksın,future,sen,gelecek
3183,904,numaralandıracak,future,o,gelecek
3184,904,numaralandıracağız,future,biz,gelecek
3185,904,numaralandıracaksınız,future,siz,gelecek
3186,904,numaralandıracaklar,future,onlar,gelecek
3187,905,siliyorum,present,ben,şimdi
3188,905,siliyorsun,present,sen,şimdi
3189,905,siliyor,present,o,şimdi
3190,905,siliyoruz,present,biz,şimdi
3191,905,siliyorsunuz,present,siz,şimdi
3192,905,siliyorlar,present,onlar,şimdi
3193,905,sildim,past,ben,di
3194,905,sildin,past,sen,di
3195,905,sildi,past,o,di
3196,905,sildik,past,biz,di
3197,905,sildiniz,past,siz,di
3198,905,sildiler,past,onlar,di
3199,905,sileceğim,future,ben,gelecek
3200,905,sileceksin,future,sen,gelecek
3201,905,silecek,future,o,gelecek
3202,905,sileceğiz,future,biz,gelecek
3203,905,sileceksiniz,future,siz,gelecek
3204,905,silecekler,future,onlar,gelecek
3205,906,yalan söyliyorum,present,ben,şimdi
3206,906,yalan söyliyorsun,present,sen,şimdi
3207,906,yalan söyliyor,present,o,şimdi
3208,906,yalan söyliyoruz,present,biz,şimdi
3209,906,yalan söyliyorsunuz,present,siz,şimdi
3210,906,yalan söyliyorlar,present,onlar,şimdi
3211,906,yalan söyledim,past,ben,di
3212,906,yalan söyledin,past,sen,di
3213,906,yalan söyledi,past,o,di
3214,906,yalan söyledik,past,biz,di
3215,906,yalan söylediniz,past,siz,di
3216,906,yalan söylediler,past,onlar,di
3217,906,yalan söyleyeceğim,future,ben,gelecek
3218,906,yalan söyleyeceksin,future,sen,gelecek
3219,906,yalan söyleyecek,future,o,gelecek
3220,906,yalan söyleyeceğiz,future,biz,gelecek
3221,906,yalan söyleyeceksiniz,future,siz,gelecek
3222,906,yalan söyleyecekler,future,onlar,gelecek
3223,907,yerleştiriyorum,present,ben,şimdi
3224,907,yerleştiriyorsun,present,sen,şimdi
3225,907,yerleştiriyor,present,o,şimdi
3226,907,yerleştiriyoruz,present,biz,şimdi
3227,907,yerleştiriyorsunuz,present,siz,şimdi
3228,907,yerleştiriyorlar,present,onlar,şimdi
3229,907,yerleştirdim,past,ben,di
3230,907,yerleştirdin,past,sen,di
3231,907,yerleştirdi,past,o,di
3232,907,yerleştirdik,past,biz,di
3233,907,yerleştirdiniz,past,siz,di
3234,907,yerleştirdiler,past,onlar,di
3235,907,yerleştireceğim,future,ben,gelecek
3236,907,yerleştireceksin,future,sen,gelecek
3237,907,yerleştirecek,future,o,gelecek
3238,907,yerleştireceğiz,future,biz,gelecek
3239,907,yerleştireceksiniz,future,siz,gelecek
3240,907,yerleştirecekler,future,onlar,gelecek
3241,998,affetiyorum,present,ben,şimdi
3242,998,affetiyorsun,present,sen,şimdi
3243,998,affetiyor,present,o,şimdi
3244,998,affetiyoruz,present,biz,şimdi
3245,998,affetiyorsunuz,present,siz,şimdi
3246,998,affetiyorlar,present,onlar,şimdi
3247,998,affettim,past,ben,di
3248,998,affettin,past,sen,di
3249,998,affetti,past,o,di
3250,998,affettik,past,biz,di
3251,998,affettiniz,past,siz,di
3252,998,affettiler,past,onlar,di
3253,998,affeteceğim,future,ben,gelecek
3254,998,affeteceksin,future,sen,gelecek
3255,998,affetecek,future,o,gelecek
3256,998,affeteceğiz,future,biz,gelecek
3257,998,affeteceksiniz,future,siz,gelecek
3258,998,affetecekler,future,onlar,gelecek
3259,999,bastırıyorum,present,ben,şimdi
3260,999,bastırıyorsun,present,sen,şimdi
3261,999,bastırıyor,present,o,şimdi
3262,999,bastırıyoruz,present,biz,şimdi
3263,999,bastırıyorsunuz,present,siz,şimdi
3264,999,bastırıyorlar,present,onlar,şimdi
3265,999,bastırdım,past,ben,di
3266,999,bastırdın,past,sen,di
3267,999,bastırdı,past,o,di
3268,999,bastırdık,past,biz,di
3269,999,bastırdınız,past,siz,di
3270,999,bastırdılar,past,onlar,di
3271,999,bastıracağım,future,ben,gelecek
3272,999,bastıracaksın,future,sen,gelecek
3273,999,bastıracak,future,o,gelecek
3274,999,bastıracağız,future,biz,gelecek
3275,999,bastıracaksınız,future,siz,gelecek
3276,999,bastıracaklar,future,onlar,gelecek
3277,1000,icat ediyorum,present,ben,şimdi
3278,1000,icat ediyorsun,present,sen,şimdi
3279,1000,icat ediyor,present,o,şimdi
3280,1000,icat ediyoruz,present,biz,şimdi
3281,1000,icat ediyorsunuz,present,siz,şimdi
3282,1000,icat ediyorlar,present,onlar,şimdi
3283,1000,icat ettim,past,ben,di
3284,1000,icat ettin,past,sen,di
3285,1000,icat etti,past,o,di
3286,1000,icat ettik,past,biz,di
3287,1000,icat ettiniz,past,siz,di
3288,1000,icat ettiler,past,onlar,di
3289,1000,icat eteceğim,future,ben,gelecek
3290,1000,icat eteceksin,future,sen,gelecek
3291,1000,icat etecek,future,o,gelecek
3292,1000,icat eteceğiz,future,biz,gelecek
3293,1000,icat eteceksiniz,future,siz,gelecek
3294,1000,icat etecekler,future,onlar,gelecek
3295,1001,inceliyorum,present,ben,şimdi
3296,1001,inceliyorsun,present,sen,şimdi
3297,1001,inceliyor,present,o,şimdi
3298,1001,inceliyoruz,present,biz,şimdi
3299,1001,inceliyorsunuz,present,siz,şimdi
3300,1001,inceliyorlar,present,onlar,şimdi
3301,1001,inceledim,past,ben,di
3302,1001,inceledin,past,sen,di
3303,1001,inceledi,past,o,di
3304,1001,inceledik,past,biz,di
3305,1001,incelediniz,past,siz,di
3306,1001,incelediler,past,onlar,di
3307,1001,inceleyeceğim,future,ben,gelecek
3308,1001,inceleyeceksin,future,sen,gelecek
3309,1001,inceleyecek,future,o,gelecek
3310,1001,inceleyeceğiz,future,biz,gelecek
3311,1001,inceleyeceksiniz,future,siz,gelecek
3312,1001,inceleyecekler,future,onlar,gelecek
3313,1002,kazanıyorum,present,ben,şimdi
3314,1002,kazanıyorsun,present,sen,şimdi
3315,1002,kazanıyor,present,o,şimdi
3316,1002,kazanıyoruz,present,biz,şimdi
3317,1002,kazanıyorsunuz,present,siz,şimdi
3318,1002,kazanıyorlar,present,onlar,şimdi
3319,1002,kazandım,past,ben,di
3320,1002,kazandın,past,sen,di
3321,1002,kazandı,past,o,di
3322,1002,kazandık,past,biz,di
3323,1002,kazandınız,past,siz,di
3324,1002,kazandılar,past,onlar,di
3325,1002,kazanacağım,future,ben,gelecek
3326,1002,kazanacaksın,future,sen,gelecek
3327,1002,kazanacak,future,o,gelecek
3328,1002,kazanacağız,future,biz,gelecek
3329,1002,kazanacaksınız,future,siz,gelecek
3330,1002,kazanacaklar,future,onlar,gelecek
3331,1003,keşfetiyorum,present,ben,şimdi
3332,1003,keşfetiyorsun,present,sen,şimdi
3333,1003,keşfetiyor,present,o,şimdi
3334,1003,keşfetiyoruz,present,biz,şimdi
3335,1003,keşfetiyorsunuz,present,siz,şimdi
3336,1003,keşfetiyorlar,present,onlar,şimdi
3337,1003,keşfettim,past,ben,di
3338,1003,keşfettin,past,sen,di
3339,1003,keşfetti,past,o,di
3340,1003,keşfettik,past,biz,di
3341,1003,keşfettiniz,past,siz,di
3342,1003,keşfettiler,past,onlar,di
3343,1003,keşfeteceğim,future,ben,gelecek
3344,1003,keşfeteceksin,future,sen,gelecek
3345,1003,keşfetecek,future,o,gelecek
3346,1003,keşfeteceğiz,future,biz,gelecek
3347,1003,keşfeteceksiniz,future,siz,gelecek
3348,1003,keşfetecekler,future,onlar,gelecek
3349,1004,mezun oluyorum,present,ben,şimdi
3350,1004,mezun oluyorsun,present,sen,şimdi
3351,1004,mezun oluyor,present,o,şimdi
3352,1004,mezun oluyoruz,present,biz,şimdi
3353,1004,mezun oluyorsunuz,present,siz,şimdi
3354,1004,mezun oluyorlar,present,onlar,şimdi
3355,1004,mezun oldum,past,ben,di
3356,1004,mezun oldun,past,sen,di
3357,1004,mezun oldu,past,o,di
3358,1004,mezun olduk,past,biz,di
3359,1004,mezun oldunuz,past,siz,di
3360,1004,mezun oldular,past,onlar,di
3361,1004,mezun olacağım,future,ben,gelecek
3362,1004,mezun olacaksın,future,sen,gelecek
3363,1004,mezun olacak,future,o,gelecek
3364,1004,mezun olacağız,future,biz,gelecek
3365,1004,mezun olacaksınız,future,siz,gelecek
3366,1004,mezun olacaklar,future,onlar,gelecek
3367,1005,yayımlıyorum,present,ben,şimdi
3368,1005,yayımlıyorsun,present,sen,şimdi
3369,1005,yayımlıyor,present,o,şimdi
3370,1005,yayımlıyoruz,present,biz,şimdi
3371,1005,yayımlıyorsunuz,present,siz,şimdi
3372,1005,yayımlıyorlar,present,onlar,şimdi
3373,1005,yayımladım,past,ben,di
3374,1005,yayımladın,past,sen,di
3375,1005,yayımladı,past,o,di
3376,1005,yayımladık,past,biz,di
3377,1005,yayımladınız,past,siz,di
3378,1005,yayımladılar,past,onlar,di
3379,1005,yayımlayacağım,future,ben,gelecek
3380,1005,yayımlayacaksın,future,sen,gelecek
3381,1005,yayımlayacak,future,o,gelecek
3382,1005,yayımlayacağız,future,biz,gelecek
3383,1005,yayımlayacaksınız,future,siz,gelecek
3384,1005,yayımlayacaklar,future,onlar,gelecek
3385,1084,artıyorum,present,ben,şimdi
3386,1084,artıyorsun,present,sen,şimdi
3387,1084,artıyor,present,o,şimdi
3388,1084,artıyoruz,present,biz,şimdi
3389,1084,artıyorsunuz,present,siz,şimdi
3390,1084,artıyorlar,present,onlar,şimdi
3391,1084,arttım,past,ben,di
3392,1084,arttın,past,sen,di
3393,1084,arttı,past,o,di
3394,1084,arttık,past,biz,di
3395,1084,arttınız,past,siz,di
3396,1084,arttılar,past,onlar,di
3397,1084,artacağım,future,ben,gelecek
3398,1084,artacaksın,future,sen,gelecek
3399,1084,artacak,future,o,gelecek
3400,1084,artacağız,future,biz,gelecek
3401,1084,artacaksınız,future,siz,gelecek
3402,1084,artacaklar,future,onlar,gelecek
3403,1085,azalıyorum,present,ben,şimdi
3404,1085,azalıyorsun,present,sen,şimdi
3405,1085,azalıyor,present,o,şimdi
3406,1085,azalıyoruz,present,biz,şimdi
3407,1085,azalıyorsunuz,present,siz,şimdi
3408,1085,azalıyorlar,present,onlar,şimdi
3409,1085,azaldım,past,ben,di
3410,1085,azaldın,past,sen,di
3411,1085,azaldı,past,o,di
3412,1085,azaldık,past,biz,di
3413,1085,azaldınız,past,siz,di
3414,1085,azaldılar,past,onlar,di
3415,1085,azalacağım,future,ben,gelecek
3416,1085,azalacaksın,future,sen,gelecek
3417,1085,azalacak,future,o,gelecek
3418,1085,azalacağız,future,biz,gelecek
3419,1085,azalacaksınız,future,siz,gelecek
3420,1085,azalacaklar,future,onlar,gelecek
3421,1086,balık tutuyorum,present,ben,şimdi
3422,1086,balık tutuyorsun,present,sen,şimdi
3423,1086,balık tutuyor,present,o,şimdi
3424,1086,balık tutuyoruz,present,biz,şimdi
3425,1086,balık tutuyorsunuz,present,siz,şimdi
3426,1086,balık tutuyorlar,present,onlar,şimdi
3427,1086,balık tuttum,past,ben,di
3428,1086,balık tuttun,past,sen,di
3429,1086,balık tuttu,past,o,di
3430,1086,balık tuttuk,past,biz,di
3431,1086,balık tuttunuz,past,siz,di
3432,1086,balık tuttular,past,onlar,di
3433,1086,balık tutacağım,future,ben,gelecek
3434,1086,balık tutacaksın,future,sen,gelecek
3435,1086,balık tutacak,future,o,gelecek
3436,1086,balık tutacağız,future,biz,gelecek
3437,1086,balık tutacaksınız,future,siz,gelecek
3438,1086,balık tutacaklar,future,onlar,gelecek
3439,1087,boyıyorum,present,ben,şimdi
3440,1087,boyıyorsun,present,sen,şimdi
3441,1087,boyıyor,present,o,şimdi
3442,1087,boyıyoruz,present,biz,şimdi
3443,1087,boyıyorsunuz,present,siz,şimdi
3444,1087,boyıyorlar,present,onlar,şimdi
3445,1087,boyadım,past,ben,di
3446,1087,boyadın,past,sen,di
3447,1087,boyadı,past,o,di
3448,1087,boyadık,past,biz,di
3449,1087,boyadınız,past,siz,di
3450,1087,boyadılar,past,onlar,di
3451,1087,boyayacağım,future,ben,gelecek
3452,1087,boyayacaksın,future,sen,gelecek
3453,1087,boyayacak,future,o,gelecek
3454,1087,boyayacağız,future,biz,gelecek
3455,1087,boyayacaksınız,future,siz,gelecek
3456,1087,boyayacaklar,future,onlar,gelecek
3457,1088,çalıştırıyorum,present,ben,şimdi
3458,1088,çalıştırıyorsun,present,sen,şimdi
3459,1088,çalıştırıyor,present,o,şimdi
3460,1088,çalıştırıyoruz,present,biz,şimdi
3461,1088,çalıştırıyorsunuz,present,siz,şimdi
3462,1088,çalıştırıyorlar,present,onlar,şimdi
3463,1088,çalıştırdım,past,ben,di
3464,1088,çalıştırdın,past,sen,di
3465,1088,çalıştırdı,past,o,di
3466,1088,çalıştırdık,past,biz,di
3467,1088,çalıştırdınız,past,siz,di
3468,1088,çalıştırdılar,past,onlar,di
3469,1088,çalıştıracağım,future,ben,gelecek
3470,1088,çalıştıracaksın,future,sen,gelecek
3471,1088,çalıştıracak,future,o,gelecek
3472,1088,çalıştıracağız,future,biz,gelecek
3473,1088,çalıştıracaksınız,future,siz,gelecek
3474,1088,çalıştıracaklar,future,onlar,gelecek
3475,1089,çiziyorum,present,ben,şimdi
3476,1089,çiziyorsun,present,sen,şimdi
3477,1089,çiziyor,present,o,şimdi
3478,1089,çiziyoruz,present,biz,şimdi
3479,1089,çiziyorsunuz,present,siz,şimdi
3480,1089,çiziyorlar,present,onlar,şimdi
3481,1089,çizdim,past,ben,di
3482,1089,çizdin,past,sen,di
3483,1089,çizdi,past,o,di
3484,1089,çizdik,past,biz,di
3485,1089,çizdiniz,past,siz,di
3486,1089,çizdiler,past,onlar,di
3487,1089,çizeceğim,future,ben,gelecek
3488,1089,çizeceksin,future,sen,gelecek
3489,1089,çizecek,future,o,gelecek
3490,1089,çizeceğiz,future,biz,gelecek
3491,1089,çizeceksiniz,future,siz,gelecek
3492,1089,çizecekler,future,onlar,gelecek
3493,1090,dalıyorum,present,ben,şimdi
3494,1090,dalıyorsun,present,sen,şimdi
3495,1090,dalıyor,present,o,şimdi
3496,1090,dalıyoruz,present,biz,şimdi
3497,1090,dalıyorsunuz,present,siz,şimdi
3498,1090,dalıyorlar,present,onlar,şimdi
3499,1090,daldım,past,ben,di
3500,1090,daldın,past,sen,di
3501,1090,daldı,past,o,di
3502,1090,daldık,past,biz,di
3503,1090,daldınız,past,siz,di
3504,1090,daldılar,past,onlar,di
3505,1090,dalacağım,future,ben,gelecek
3506,1090,dalacaksın,future,sen,gelecek
3507,1090,dalacak,future,o,gelecek
3508,1090,dalacağız,future,biz,gelecek
3509,1090,dalacaksınız,future,siz,gelecek
3510,1090,dalacaklar,future,onlar,gelecek
3511,1091,geçiriyorum,present,ben,şimdi
3512,1091,geçiriyorsun,present,sen,şimdi
3513,1091,geçiriyor,present,o,şimdi
3514,1091,geçiriyoruz,present,biz,şimdi
3515,1091,geçiriyorsunuz,present,siz,şimdi
3516,1091,geçiriyorlar,present,onlar,şimdi
3517,1091,geçirdim,past,ben,di
3518,1091,geçirdin,past,sen,di
3519,1091,geçirdi,past,o,di
3520,1091,geçirdik,past,biz,di
3521,1091,geçirdiniz,past,siz,di
3522,1091,geçirdiler,past,onlar,di
3523,1091,geçireceğim,future,ben,gelecek
3524,1091,geçireceksin,future,sen,gelecek
3525,1091,geçirecek,future,o,gelecek
3526,1091,geçireceğiz,future,biz,gelecek
3527,1091,geçireceksiniz,future,siz,gelecek
3528,1091,geçirecekler,future,onlar,gelecek
3529,1092,gerçekleştiriyorum,present,ben,şimdi
3530,1092,gerçekleştiriyorsun,present,sen,şimdi
3531,1092,gerçekleştiriyor,present,o,şimdi
3532,1092,gerçekleştiriyoruz,present,biz,şimdi
3533,1092,gerçekleştiriyorsunuz,present,siz,şimdi
3534,1092,gerçekleştiriyorlar,present,onlar,şimdi
3535,1092,gerçekleştirdim,past,ben,di
3536,1092,gerçekleştirdin,past,sen,di
3537,1092,gerçekleştirdi,past,o,di
3538,1092,gerçekleştirdik,past,biz,di
3539,1092,gerçekleştirdiniz,past,siz,di
3540,1092,gerçekleştirdiler,past,onlar,di
3541,1092,gerçekleştireceğim,future,ben,gelecek
3542,1092,gerçekleştireceksin,future,sen,gelecek
3543,1092,gerçekleştirecek,future,o,gelecek
3544,1092,gerçekleştireceğiz,future,biz,gelecek
3545,1092,gerçekleştireceksiniz,future,siz,gelecek
3546,1092,gerçekleştirecekler,future,onlar,gelecek
3547,1093,güneşleniyorum,present,ben,şimdi
3548,1093,güneşleniyorsun,present,sen,şimdi
3549,1093,güneşleniyor,present,o,şimdi
3550,1093,güneşleniyoruz,present,biz,şimdi
3551,1093,güneşleniyorsunuz,present,siz,şimdi
3552,1093,güneşleniyorlar,present,onlar,şimdi
3553,1093,güneşlendim,past,ben,di
3554,1093,güneşlendin,past,sen,di
3555,1093,güneşlendi,past,o,di
3556,1093,güneşlendik,past,biz,di
3557,1093,güneşlendiniz,past,siz,di
3558,1093,güneşlendiler,past,onlar,di
3559,1093,güneşleneceğim,future,ben,gelecek
3560,1093,güneşleneceksin,future,sen,gelecek
3561,1093,güneşlenecek,future,o,gelecek
3562,1093,güneşleneceğiz,future,biz,gelecek
3563,1093,güneşleneceksiniz,future,siz,gelecek
3564,1093,güneşlenecekler,future,onlar,gelecek
3565,1094,ikna ediyorum,present,ben,şimdi
3566,1094,ikna ediyorsun,present,sen,şimdi
3567,1094,ikna ediyor,present,o,şimdi
3568,1094,ikna ediyoruz,present,biz,şimdi
3569,1094,ikna ediyorsunuz,present,siz,şimdi
3570,1094,ikna ediyorlar,present,onlar,şimdi
3571,1094,ikna ettim,past,ben,di
3572,1094,ikna ettin,past,sen,di
3573,1094,ikna etti,past,o,di
3574,1094,ikna ettik,past,biz,di
3575,1094,ikna ettiniz,past,siz,di
3576,1094,ikna ettiler,past,onlar,di
3577,1094,ikna eteceğim,future,ben,gelecek
3578,1094,ikna eteceksin,future,sen,gelecek
3579,1094,ikna etecek,future,o,gelecek
3580,1094,ikna eteceğiz,future,biz,gelecek
3581,1094,ikna eteceksiniz,future,siz,gelecek
3582,1094,ikna etecekler,future,onlar,gelecek
3583,1095,iptal oluyorum,present,ben,şimdi
3584,1095,iptal oluyorsun,present,sen,şimdi
3585,1095,iptal oluyor,present,o,şimdi
3586,1095,iptal oluyoruz,present,biz,şimdi
3587,1095,iptal oluyorsunuz,present,siz,şimdi
3588,1095,iptal oluyorlar,present,onlar,şimdi
3589,1095,iptal oldum,past,ben,di
3590,1095,iptal oldun,past,sen,di
3591,1095,iptal oldu,past,o,di
3592,1095,iptal olduk,past,biz,di
3593,1095,iptal oldunuz,past,siz,di
3594,1095,iptal oldular,past,onlar,di
3595,1095,iptal olacağım,future,ben,gelecek
3596,1095,iptal olacaksın,future,sen,gelecek
3597,1095,iptal olacak,future,o,gelecek
3598,1095,iptal olacağız,future,biz,gelecek
3599,1095,iptal olacaksınız,future,siz,gelecek
3600,1095,iptal olacaklar,future,onlar,gelecek
3601,1096,kaçıyorum,present,ben,şimdi
3602,1096,kaçıyorsun,present,sen,şimdi
3603,1096,kaçıyor,present,o,şimdi
3604,1096,kaçıyoruz,present,biz,şimdi
3605,1096,kaçıyorsunuz,present,siz,şimdi
3606,1096,kaçıyorlar,present,onlar,şimdi
3607,1096,kaçtım,past,ben,di
3608,1096,kaçtın,past,sen,di
3609,1096,kaçtı,past,o,di
3610,1096,kaçtık,past,biz,di
3611,1096,kaçtınız,past,siz,di
3612,1096,kaçtılar,past,onlar,di
3613,1096,kaçacağım,future,ben,gelecek
3614,1096,kaçacaksın,future,sen,gelecek
3615,1096,kaçacak,future,o,gelecek
3616,1096,kaçacağız,future,biz,gelecek
3617,1096,kaçacaksınız,future,siz,gelecek
3618,1096,kaçacaklar,future,onlar,gelecek
3619,1097,karar veriyorum,present,ben,şimdi
3620,1097,karar veriyorsun,present,sen,şimdi
3621,1097,karar veriyor,present,o,şimdi
3622,1097,karar veriyoruz,present,biz,şimdi
3623,1097,karar veriyorsunuz,present,siz,şimdi
3624,1097,karar veriyorlar,present,onlar,şimdi
3625,1097,karar verdim,past,ben,di
3626,1097,karar verdin,past,sen,di
3627,1097,karar verdi,past,o,di
3628,1097,karar verdik,past,biz,di
3629,1097,karar verdiniz,past,siz,di
3630,1097,karar verdiler,past,onlar,di
3631,1097,karar vereceğim,future,ben,gelecek
3632,1097,karar vereceksin,future,sen,gelecek
3633,1097,karar verecek,future,o,gelecek
3634,1097,karar vereceğiz,future,biz,gelecek
3635,1097,karar vereceksiniz,future,siz,gelecek
3636,1097,karar verecekler,future,onlar,gelecek
3637,1098,kartopu oynıyorum,present,ben,şimdi
3638,1098,kartopu oynıyorsun,present,sen,şimdi
3639,1098,kartopu oynıyor,present,o,şimdi
3640,1098,kartopu oynıyoruz,present,biz,şimdi
3641,1098,kartopu oynıyorsunuz,present,siz,şimdi
3642,1098,kartopu oynıyorlar,present,onlar,şimdi
3643,1098,kartopu oynadım,past,ben,di
3644,1098,kartopu oynadın,past,sen,di
3645,1098,kartopu oynadı,past,o,di
3646,1098,kartopu oynadık,past,biz,di
3647,1098,kartopu oynadınız,past,siz,di
3648,1098,kartopu oynadılar,past,onlar,di
3649,1098,kartopu oynayacağım,future,ben,gelecek
3650,1098,kartopu oynayacaksın,future,sen,gelecek
3651,1098,kartopu oynayacak,future,o,gelecek
3652,1098,kartopu oynayacağız,future,biz,gelecek
3653,1098,kartopu oynayacaksınız,future,siz,gelecek
3654,1098,kartopu oynayacaklar,future,onlar,gelecek
3655,1099,kayak yapıyorum,present,ben,şimdi
3656,1099,kayak yapıyorsun,present,sen,şimdi
3657,1099,kayak yapıyor,present,o,şimdi
3658,1099,kayak yapıyoruz,present,biz,şimdi
3659,1099,kayak yapıyorsunuz,present,siz,şimdi
3660,1099,kayak yapıyorlar,present,onlar,şimdi
3661,1099,kayak yaptım,past,ben,di
3662,1099,kayak yaptın,past,sen,di
3663,1099,kayak yaptı,past,o,di
3664,1099,kayak yaptık,past,biz,di
3665,1099,kayak yaptınız,past,siz,di
3666,1099,kayak yaptılar,past,onlar,di
3667,1099,kayak yapacağım,future,ben,gelecek
3668,1099,kayak yapacaksın,future,sen,gelecek
3669,1099,kayak yapacak,future,o,gelecek
3670,1099,kayak yapacağız,future,biz,gelecek
3671,1099,kayak yapacaksınız,future,siz,gelecek
3672,1099,kayak yapacaklar,future,onlar,gelecek
3673,1100,kürek çekiyorum,present,ben,şimdi
3674,1100,kürek çekiyorsun,present,sen,şimdi
3675,1100,kürek çekiyor,present,o,şimdi
3676,1100,kürek çekiyoruz,present,biz,şimdi
3677,1100,kürek çekiyorsunuz,present,siz,şimdi
3678,1100,kürek çekiyorlar,present,onlar,şimdi
3679,1100,kürek çektim,past,ben,di
3680,1100,kürek çektin,past,sen,di
3681,1100,kürek çekti,past,o,di
3682,1100,kürek çektik,past,biz,di
3683,1100,kürek çektiniz,past,siz,di
3684,1100,kürek çektiler,past,onlar,di
3685,1100,kürek çekeceğim,future,ben,gelecek
3686,1100,kürek çekeceksin,future,sen,gelecek
3687,1100,kürek çekecek,future,o,gelecek
3688,1100,kürek çekeceğiz,future,biz,gelecek
3689,1100,kürek çekeceksiniz,future,siz,gelecek
3690,1100,kürek çekecekler,future,onlar,gelecek
3691,1101,tahmin ediyorum,present,ben,şimdi
3692,1101,tahmin ediyorsun,present,sen,şimdi
3693,1101,tahmin ediyor,present,o,şimdi
3694,1101,tahmin ediyoruz,present,biz,şimdi
3695,1101,tahmin ediyorsunuz,present,siz,şimdi
3696,1101,tahmin ediyorlar,present,onlar,şimdi
3697,1101,tahmin ettim,past,ben,di
3698,1101,tahmin ettin,past,sen,di
3699,1101,tahmin etti,past,o,di
3700,1101,tahmin ettik,past,biz,di
3701,1101,tahmin ettiniz,past,siz,di
3702,1101,tahmin ettiler,past,onlar,di
3703,1101,tahmin eteceğim,future,ben,gelecek
3704,1101,tahmin eteceksin,future,sen,gelecek
3705,1101,tahmin etecek,future,o,gelecek
3706,1101,tahmin eteceğiz,future,biz,gelecek
3707,1101,tahmin eteceksiniz,future,siz,gelecek
3708,1101,tahmin etecekler,future,onlar,gelecek
3709,1102,takıyorum,present,ben,şimdi
3710,1102,takıyorsun,present,sen,şimdi
3711,1102,takıyor,present,o,şimdi
3712,1102,takıyoruz,present,biz,şimdi
3713,1102,takıyorsunuz,present,siz,şimdi
3714,1102,takıyorlar,present,onlar,şimdi
3715,1102,taktım,past,ben,di
3716,1102,taktın,past,sen,di
3717,1102,taktı,past,o,di
3718,1102,taktık,past,biz,di
3719,1102,taktınız,past,siz,di
3720,1102,taktılar,past,onlar,di
3721,1102,takacağım,future,ben,gelecek
3722,1102,takacaksın,future,sen,gelecek
3723,1102,takacak,future,o,gelecek
3724,1102,takacağız,future,biz,gelecek
3725,1102,takacaksınız,future,siz,gelecek
3726,1102,takacaklar,future,onlar,gelecek
3727,1103,tıraş oluyorum,present,ben,şimdi
3728,1103,tıraş oluyorsun,present,sen,şimdi
3729,1103,tıraş oluyor,present,o,şimdi
3730,1103,tıraş oluyoruz,present,biz,şimdi
3731,1103,tıraş oluyorsunuz,present,siz,şimdi
3732,1103,tıraş oluyorlar,present,onlar,şimdi
3733,1103,tıraş oldum,past,ben,di
3734,1103,tıraş oldun,past,sen,di
3735,1103,tıraş oldu,past,o,di
3736,1103,tıraş olduk,past,biz,di
3737,1103,tıraş oldunuz,past,siz,di
3738,1103,tıraş oldular,past,onlar,di
3739,1103,tıraş olacağım,future,ben,gelecek
3740,1103,tıraş olacaksın,future,sen,gelecek
3741,1103,tıraş olacak,future,o,gelecek
3742,1103,tıraş olacağız,future,biz,gelecek
3743,1103,tıraş olacaksınız,future,siz,gelecek
3744,1103,tıraş olacaklar,future,onlar,gelecek
3745,1140,alay ediyorum,present,ben,şimdi
3746,1140,alay ediyorsun,present,sen,şimdi
3747,1140,alay ediyor,present,o,şimdi
3748,1140,alay ediyoruz,present,biz,şimdi
3749,1140,alay ediyorsunuz,present,siz,şimdi
3750,1140,alay ediyorlar,present,onlar,şimdi
3751,1140,alay ettim,past,ben,di
3752,1140,alay ettin,past,sen,di
3753,1140,alay etti,past,o,di
3754,1140,alay ettik,past,biz,di
3755,1140,alay ettiniz,past,siz,di
3756,1140,alay ettiler,past,onlar,di
3757,1140,alay eteceğim,future,ben,gelecek
3758,1140,alay eteceksin,future,sen,gelecek
3759,1140,alay etecek,future,o,gelecek
3760,1140,alay eteceğiz,future,biz,gelecek
3761,1140,alay eteceksiniz,future,siz,gelecek
3762,1140,alay etecekler,future,onlar,gelecek
3763,1141,anırıyorum,present,ben,şimdi
3764,1141,anırıyorsun,present,sen,şimdi
3765,1141,anırıyor,present,o,şimdi
3766,1141,anırıyoruz,present,biz,şimdi
3767,1141,anırıyorsunuz,present,siz,şimdi
3768,1141,anırıyorlar,present,onlar,şimdi
3769,1141,anırdım,past,ben,di
3770,1141,anırdın,past,sen,di
3771,1141,anırdı,past,o,di
3772,1141,anırdık,past,biz,di
3773,1141,anırdınız,past,siz,di
3774,1141,anırdılar,past,onlar,di
3775,1141,anıracağım,future,ben,gelecek
3776,1141,anıracaksın,future,sen,gelecek
3777,1141,anıracak,future,o,gelecek
3778,1141,anıracağız,future,biz,gelecek
3779,1141,anıracaksınız,future,siz,gelecek
3780,1141,anıracaklar,future,onlar,gelecek
3781,1142,boğuluyorum,present,ben,şimdi
3782,1142,boğuluyorsun,present,sen,şimdi
3783,1142,boğuluyor,present,o,şimdi
3784,1142,boğuluyoruz,present,biz,şimdi
3785,1142,boğuluyorsunuz,present,siz,şimdi
3786,1142,boğuluyorlar,present,onlar,şimdi
3787,1142,boğuldum,past,ben,di
3788,1142,boğuldun,past,sen,di
3789,1142,boğuldu,past,o,di
3790,1142,boğulduk,past,biz,di
3791,1142,boğuldunuz,past,siz,di
3792,1142,boğuldular,past,onlar,di
3793,1142,boğulacağım,future,ben,gelecek
3794,1142,boğulacaksın,future,sen,gelecek
3795,1142,boğulacak,future,o,gelecek
3796,1142,boğulacağız,future,biz,gelecek
3797,1142,boğulacaksınız,future,siz,gelecek
3798,1142,boğulacaklar,future,onlar,gelecek
3799,1143,bozuluyorum,present,ben,şimdi
3800,1143,bozuluyorsun,present,sen,şimdi
3801,1143,bozuluyor,present,o,şimdi
3802,1143,bozuluyoruz,present,biz,şimdi
3803,1143,bozuluyorsunuz,present,siz,şimdi
3804,1143,bozuluyorlar,present,onlar,şimdi
3805,1143,bozuldum,past,ben,di
3806,1143,bozuldun,past,sen,di
3807,1143,bozuldu,past,o,di
3808,1143,bozulduk,past,biz,di
3809,1143,bozuldunuz,past,siz,di
3810,1143,bozuldular,past,onlar,di
3811,1143,bozulacağım,future,ben,gelecek
3812,1143,bozulacaksın,future,sen,gelecek
3813,1143,bozulacak,future,o,gelecek
3814,1143,bozulacağız,future,biz,gelecek
3815,1143,bozulacaksınız,future,siz,gelecek
3816,1143,bozulacaklar,future,onlar,gelecek
3817,1144,fethetiyorum,present,ben,şimdi
3818,1144,fethetiyorsun,present,sen,şimdi
3819,1144,fethetiyor,present,o,şimdi
3820,1144,fethetiyoruz,present,biz,şimdi
3821,1144,fethetiyorsunuz,present,siz,şimdi
3822,1144,fethetiyorlar,present,onlar,şimdi
3823,1144,fethettim,past,ben,di
3824,1144,fethettin,past,sen,di
3825,1144,fethetti,past,o,di
3826,1144,fethettik,past,biz,di
3827,1144,fethettiniz,past,siz,di
3828,1144,fethettiler,past,onlar,di
3829,1144,fetheteceğim,future,ben,gelecek
3830,1144,fetheteceksin,future,sen,gelecek
3831,1144,fethetecek,future,o,gelecek
3832,1144,fetheteceğiz,future,biz,gelecek
3833,1144,fetheteceksiniz,future,siz,gelecek
3834,1144,fethetecekler,future,onlar,gelecek
3835,1145,fışkırıyorum,present,ben,şimdi
3836,1145,fışkırıyorsun,present,sen,şimdi
3837,1145,fışkırıyor,present,o,şimdi
3838,1145,fışkırıyoruz,present,biz,şimdi
3839,1145,fışkırıyorsunuz,present,siz,şimdi
3840,1145,fışkırıyorlar,present,onlar,şimdi
3841,1145,fışkırdım,past,ben,di
3842,1145,fışkırdın,past,sen,di
3843,1145,fışkırdı,past,o,di
3844,1145,fışkırdık,past,biz,di
3845,1145,fışkırdınız,past,siz,di
3846,1145,fışkırdılar,past,onlar,di
3847,1145,fışkıracağım,future,ben,gelecek
3848,1145,fışkıracaksın,future,sen,gelecek
3849,1145,fışkıracak,future,o,gelecek
3850,1145,fışkıracağız,future,biz,gelecek
3851,1145,fışkıracaksınız,future,siz,gelecek
3852,1145,fışkıracaklar,future,onlar,gelecek
3853,1146,incitiyorum,present,ben,şimdi
3854,1146,incitiyorsun,present,sen,şimdi
3855,1146,incitiyor,present,o,şimdi
3856,1146,incitiyoruz,present,biz,şimdi
3857,1146,incitiyorsunuz,present,siz,şimdi
3858,1146,incitiyorlar,present,onlar,şimdi
3859,1146,incittim,past,ben,di
3860,1146,incittin,past,sen,di
3861,1146,incitti,past,o,di
3862,1146,incittik,past,biz,di
3863,1146,incittiniz,past,siz,di
3864,1146,incittiler,past,onlar,di
3865,1146,inciteceğim,future,ben,gelecek
3866,1146,inciteceksin,future,sen,gelecek
3867,1146,incitecek,future,o,gelecek
3868,1146,inciteceğiz,future,biz,gelecek
3869,1146,inciteceksiniz,future,siz,gelecek
3870,1146,incitecekler,future,onlar,gelecek
3871,1147,oda tutuyorum,present,ben,şimdi
3872,1147,oda tutuyorsun,present,sen,şimdi
3873,1147,oda tutuyor,present,o,şimdi
3874,1147,oda tutuyoruz,present,biz,şimdi
3875,1147,oda tutuyorsunuz,present,siz,şimdi
3876,1147,oda tutuyorlar,present,onlar,şimdi
3877,1147,oda tuttum,past,ben,di
3878,1147,oda tuttun,past,sen,di
3879,1147,oda tuttu,past,o,di
3880,1147,oda tuttuk,past,biz,di
3881,1147,oda tuttunuz,past,siz,di
3882,1147,oda tuttular,past,onlar,di
3883,1147,oda tutacağım,future,ben,gelecek
3884,1147,oda tutacaksın,future,sen,gelecek
3885,1147,oda tutacak,future,o,gelecek
3886,1147,oda tutacağız,future,biz,gelecek
3887,1147,oda tutacaksınız,future,siz,gelecek
3888,1147,oda tutacaklar,future,onlar,gelecek
3889,1148,şaşırıyorum,present,ben,şimdi
3890,1148,şaşırıyorsun,present,sen,şimdi
3891,1148,şaşırıyor,present,o,şimdi
3892,1148,şaşırıyoruz,present,biz,şimdi
3893,1148,şaşırıyorsunuz,present,siz,şimdi
3894,1148,şaşırıyorlar,present,onlar,şimdi
3895,1148,şaşırdım,past,ben,di
3896,1148,şaşırdın,past,sen,di
3897,1148,şaşırdı,past,o,di
3898,1148,şaşırdık,past,biz,di
3899,1148,şaşırdınız,past,siz,di
3900,1148,şaşırdılar,past,onlar,di
3901,1148,şaşıracağım,future,ben,gelecek
3902,1148,şaşıracaksın,future,sen,gelecek
3903,1148,şaşıracak,future,o,gelecek
3904,1148,şaşıracağız,future,biz,gelecek
3905,1148,şaşıracaksınız,future,siz,gelecek
3906,1148,şaşıracaklar,future,onlar,gelecek
3907,1149,şımartıyorum,present,ben,şimdi
3908,1149,şımartıyorsun,present,sen,şimdi
3909,1149,şımartıyor,present,o,şimdi
3910,1149,şımartıyoruz,present,biz,şimdi
3911,1149,şımartıyorsunuz,present,siz,şimdi
3912,1149,şımartıyorlar,present,onlar,şimdi
3913,1149,şımarttım,past,ben,di
3914,1149,şımarttın,past,sen,di
3915,1149,şımarttı,past,o,di
3916,1149,şımarttık,past,biz,di
3917,1149,şımarttınız,past,siz,di
3918,1149,şımarttılar,past,onlar,di
3919,1149,şımartacağım,future,ben,gelecek
3920,1149,şımartacaksın,future,sen,gelecek
3921,1149,şımartacak,future,o,gelecek
3922,1149,şımartacağız,future,biz,gelecek
3923,1149,şımartacaksınız,future,siz,gelecek
3924,1149,şımartacaklar,future,onlar,gelecek
3925,1150,yetiştiriyorum,present,ben,şimdi
3926,1150,yetiştiriyorsun,present,sen,şimdi
3927,1150,yetiştiriyor,present,o,şimdi
3928,1150,yetiştiriyoruz,present,biz,şimdi
3929,1150,yetiştiriyorsunuz,present,siz,şimdi
3930,1150,yetiştiriyorlar,present,onlar,şimdi
3931,1150,yetiştirdim,past,ben,di
3932,1150,yetiştirdin,past,sen,di
3933,1150,yetiştirdi,past,o,di
3934,1150,yetiştirdik,past,biz,di
3935,1150,yetiştirdiniz,past,siz,di
3936,1150,yetiştirdiler,past,onlar,di
3937,1150,yetiştireceğim,future,ben,gelecek
3938,1150,yetiştireceksin,future,sen,gelecek
3939,1150,yetiştirecek,future,o,gelecek
3940,1150,yetiştireceğiz,future,biz,gelecek
3941,1150,yetiştireceksiniz,future,siz,gelecek
3942,1150,yetiştirecekler,future,onlar,gelecek
3943,1221,batıyorum,present,ben,şimdi
3944,1221,batıyorsun,present,sen,şimdi
3945,1221,batıyor,present,o,şimdi
3946,1221,batıyoruz,present,biz,şimdi
3947,1221,batıyorsunuz,present,siz,şimdi
3948,1221,batıyorlar,present,onlar,şimdi
3949,1221,battım,past,ben,di
3950,1221,battın,past,sen,di
3951,1221,battı,past,o,di
3952,1221,battık,past,biz,di
3953,1221,battınız,past,siz,di
3954,1221,battılar,past,onlar,di
3955,1221,batacağım,future,ben,gelecek
3956,1221,batacaksın,future,sen,gelecek
3957,1221,batacak,future,o,gelecek
3958,1221,batacağız,future,biz,gelecek
3959,1221,batacaksınız,future,siz,gelecek
3960,1221,batacaklar,future,onlar,gelecek
3961,1222,çarpıyorum,present,ben,şimdi
3962,1222,çarpıyorsun,present,sen,şimdi
3963,1222,çarpıyor,present,o,şimdi
3964,1222,çarpıyoruz,present,biz,şimdi
3965,1222,çarpıyorsunuz,present,siz,şimdi
3966,1222,çarpıyorlar,present,onlar,şimdi
3967,1222,çarptım,past,ben,di
3968,1222,çarptın,past,sen,di
3969,1222,çarptı,past,o,di
3970,1222,çarptık,past,biz,di
3971,1222,çarptınız,past,siz,di
3972,1222,çarptılar,past,onlar,di
3973,1222,çarpacağım,future,ben,gelecek
3974,1222,çarpacaksın,future,sen,gelecek
3975,1222,çarpacak,future,o,gelecek
3976,1222,çarpacağız,future,biz,gelecek
3977,1222,çarpacaksınız,future,siz,gelecek
3978,1222,çarpacaklar,future,onlar,gelecek
3979,1223,dağıtıyorum,present,ben,şimdi
3980,1223,dağıtıyorsun,present,sen,şimdi
3981,1223,dağıtıyor,present,o,şimdi
3982,1223,dağıtıyoruz,present,biz,şimdi
3983,1223,dağıtıyorsunuz,present,siz,şimdi
3984,1223,dağıtıyorlar,present,onlar,şimdi
3985,1223,dağıttım,past,ben,di
3986,1223,dağıttın,past,sen,di
3987,1223,dağıttı,past,o,di
3988,1223,dağıttık,past,biz,di
3989,1223,dağıttınız,past,siz,di
3990,1223,dağıttılar,past,onlar,di
3991,1223,dağıtacağım,future,ben,gelecek
3992,1223,dağıtacaksın,future,sen,gelecek
3993,1223,dağıtacak,future,o,gelecek
3994,1223,dağıtacağız,future,biz,gelecek
3995,1223,dağıtacaksınız,future,siz,gelecek
3996,1223,dağıtacaklar,future,onlar,gelecek
3997,1224,diziliyorum,present,ben,şimdi
3998,1224,diziliyorsun,present,sen,şimdi
3999,1224,diziliyor,present,o,şimdi
4000,1224,diziliyoruz,present,biz,şimdi
4001,1224,diziliyorsunuz,present,siz,şimdi
4002,1224,diziliyorlar,present,onlar,şimdi
4003,1224,dizildim,past,ben,di
4004,1224,dizildin,past,sen,di
4005,1224,dizildi,past,o,di
4006,1224,dizildik,past,biz,di
4007,1224,dizildiniz,past,siz,di
4008,1224,dizildiler,past,onlar,di
4009,1224,dizileceğim,future,ben,gelecek
4010,1224,dizileceksin,future,sen,gelecek
4011,1224,dizilecek,future,o,gelecek
4012,1224,dizileceğiz,future,biz,gelecek
4013,1224,dizileceksiniz,future,siz,gelecek
4014,1224,dizilecekler,future,onlar,gelecek
4015,1225,donuyorum,present,ben,şimdi
4016,1225,donuyorsun,present,sen,şimdi
4017,1225,donuyor,present,o,şimdi
4018,1225,donuyoruz,present,biz,şimdi
4019,1225,donuyorsunuz,present,siz,şimdi
4020,1225,donuyorlar,present,onlar,şimdi
4021,1225,dondum,past,ben,di
4022,1225,dondun,past,sen,di
4023,1225,dondu,past,o,di
4024,1225,donduk,past,biz,di
4025,1225,dondunuz,past,siz,di
4026,1225,dondular,past,onlar,di
4027,1225,donacağım,future,ben,gelecek
4028,1225,donacaksın,future,sen,gelecek
4029,1225,donacak,future,o,gelecek
4030,1225,donacağız,future,biz,gelecek
4031,1225,donacaksınız,future,siz,gelecek
4032,1225,donacaklar,future,onlar,gelecek
4033,1226,fırçalıyorum,present,ben,şimdi
4034,1226,fırçalıyorsun,present,sen,şimdi
4035,1226,fırçalıyor,present,o,şimdi
4036,1226,fırçalıyoruz,present,biz,şimdi
4037,1226,fırçalıyorsunuz,present,siz,şimdi
4038,1226,fırçalıyorlar,present,onlar,şimdi
4039,1226,fırçaladım,past,ben,di
4040,1226,fırçaladın,past,sen,di
4041,1226,fırçaladı,past,o,di
4042,1226,fırçaladık,past,biz,di
4043,1226,fırçaladınız,past,siz,di
4044,1226,fırçaladılar,past,onlar,di
4045,1226,fırçalayacağım,future,ben,gelecek
4046,1226,fırçalayacaksın,future,sen,gelecek
4047,1226,fırçalayacak,future,o,gelecek
4048,1226,fırçalayacağız,future,biz,gelecek
4049,1226,fırçalayacaksınız,future,siz,gelecek
4050,1226,fırçalayacaklar,future,onlar,gelecek
4051,1227,horlıyorum,present,ben,şimdi
4052,1227,horlıyorsun,present,sen,şimdi
4053,1227,horlıyor,present,o,şimdi
4054,1227,horlıyoruz,present,biz,şimdi
4055,1227,horlıyorsunuz,present,siz,şimdi
4056,1227,horlıyorlar,present,onlar,şimdi
4057,1227,horladım,past,ben,di
4058,1227,horladın,past,sen,di
4059,1227,horladı,past,o,di
4060,1227,horladık,past,biz,di
4061,1227,horladınız,past,siz,di
4062,1227,horladılar,past,onlar,di
4063,1227,horlayacağım,future,ben,gelecek
4064,1227,horlayacaksın,future,sen,gelecek
4065,1227,horlayacak,future,o,gelecek
4066,1227,horlayacağız,future,biz,gelecek
4067,1227,horlayacaksınız,future,siz,gelecek
4068,1227,horlayacaklar,future,onlar,gelecek
4069,1228,imzalıyorum,present,ben,şimdi
4070,1228,imzalıyorsun,present,sen,şimdi
4071,1228,imzalıyor,present,o,şimdi
4072,1228,imzalıyoruz,present,biz,şimdi
4073,1228,imzalıyorsunuz,present,siz,şimdi
4074,1228,imzalıyorlar,present,onlar,şimdi
4075,1228,imzaladım,past,ben,di
4076,1228,imzaladın,past,sen,di
4077,1228,imzaladı,past,o,di
4078,1228,imzaladık,past,biz,di
4079,1228,imzaladınız,past,siz,di
4080,1228,imzaladılar,past,onlar,di
4081,1228,imzalayacağım,future,ben,gelecek
4082,1228,imzalayacaksın,future,sen,gelecek
4083,1228,imzalayacak,future,o,gelecek
4084,1228,imzalayacağız,future,biz,gelecek
4085,1228,imzalayacaksınız,future,siz,gelecek
4086,1228,imzalayacaklar,future,onlar,gelecek
4087,1229,iyileşiyorum,present,ben,şimdi
4088,1229,iyileşiyorsun,present,sen,şimdi
4089,1229,iyileşiyor,present,o,şimdi
4090,1229,iyileşiyoruz,present,biz,şimdi
4091,1229,iyileşiyorsunuz,present,siz,şimdi
4092,1229,iyileşiyorlar,present,onlar,şimdi
4093,1229,iyileştim,past,ben,di
4094,1229,iyileştin,past,sen,di
4095,1229,iyileşti,past,o,di
4096,1229,iyileştik,past,biz,di
4097,1229,iyileştiniz,past,siz,di
4098,1229,iyileştiler,past,onlar,di
4099,1229,iyileşeceğim,future,ben,gelecek
4100,1229,iyileşeceksin,future,sen,gelecek
4101,1229,iyileşecek,future,o,gelecek
4102,1229,iyileşeceğiz,future,biz,gelecek
4103,1229,iyileşeceksiniz,future,siz,gelecek
4104,1229,iyileşecekler,future,onlar,gelecek
4105,1230,karşılaşıyorum,present,ben,şimdi
4106,1230,karşılaşıyorsun,present,sen,şimdi
4107,1230,karşılaşıyor,present,o,şimdi
4108,1230,karşılaşıyoruz,present,biz,şimdi
4109,1230,karşılaşıyorsunuz,present,siz,şimdi
4110,1230,karşılaşıyorlar,present,onlar,şimdi
4111,1230,karşılaştım,past,ben,di
4112,1230,karşılaştın,past,sen,di
4113,1230,karşılaştı,past,o,di
4114,1230,karşılaştık,past,biz,di
4115,1230,karşılaştınız,past,siz,di
4116,1230,karşılaştılar,past,onlar,di
4117,1230,karşılaşacağım,future,ben,gelecek
4118,1230,karşılaşacaksın,future,sen,gelecek
4119,1230,karşılaşacak,future,o,gelecek
4120,1230,karşılaşacağız,future,biz,gelecek
4121,1230,karşılaşacaksınız,future,siz,gelecek
4122,1230,karşılaşacaklar,future,onlar,gelecek
4123,1231,kaynıyorum,present,ben,şimdi
4124,1231,kaynıyorsun,present,sen,şimdi
4125,1231,kaynıyor,present,o,şimdi
4126,1231,kaynıyoruz,present,biz,şimdi
4127,1231,kaynıyorsunuz,present,siz,şimdi
4128,1231,kaynıyorlar,present,onlar,şimdi
4129,1231,kaynadım,past,ben,di
4130,1231,kaynadın,past,sen,di
4131,1231,kaynadı,past,o,di
4132,1231,kaynadık,past,biz,di
4133,1231,kaynadınız,past,siz,di
4134,1231,kaynadılar,past,onlar,di
4135,1231,kaynayacağım,future,ben,gelecek
4136,1231,kaynayacaksın,future,sen,gelecek
4137,1231,kaynayacak,future,o,gelecek
4138,1231,kaynayacağız,future,biz,gelecek
4139,1231,kaynayacaksınız,future,siz,gelecek
4140,1231,kaynayacaklar,future,onlar,gelecek
4141,1232,küsüyorum,present,ben,şimdi
4142,1232,küsüyorsun,present,sen,şimdi
4143,1232,küsüyor,present,o,şimdi
4144,1232,küsüyoruz,present,biz,şimdi
4145,1232,küsüyorsunuz,present,siz,şimdi
4146,1232,küsüyorlar,present,onlar,şimdi
4147,1232,küstüm,past,ben,di
4148,1232,küstün,past,sen,di
4149,1232,küstü,past,o,di
4150,1232,küstük,past,biz,di
4151,1232,küstünüz,past,siz,di
4152,1232,küstüler,past,onlar,di
4153,1232,küseceğim,future,ben,gelecek
4154,1232,küseceksin,future,sen,gelecek
4155,1232,küsecek,future,o,gelecek
4156,1232,küseceğiz,future,biz,gelecek
4157,1232,küseceksiniz,future,siz,gelecek
4158,1232,küsecekler,future,onlar,gelecek
4159,1233,nişanlanıyorum,present,ben,şimdi
4160,1233,nişanlanıyorsun,present,sen,şimdi
4161,1233,nişanlanıyor,present,o,şimdi
4162,1233,nişanlanıyoruz,present,biz,şimdi
4163,1233,nişanlanıyorsunuz,present,siz,şimdi
4164,1233,nişanlanıyorlar,present,onlar,şimdi
4165,1233,nişanlandım,past,ben,di
4166,1233,nişanlandın,past,sen,di
4167,1233,nişanlandı,past,o,di
4168,1233,nişanlandık,past,biz,di
4169,1233,nişanlandınız,past,siz,di
4170,1233,nişanlandılar,past,onlar,di
4171,1233,nişanlanacağım,future,ben,gelecek
4172,1233,nişanlanacaksın,future,sen,gelecek
4173,1233,nişanlanacak,future,o,gelecek
4174,1233,nişanlanacağız,future,biz,gelecek
4175,1233,nişanlanacaksınız,future,siz,gelecek
4176,1233,nişanlanacaklar,future,onlar,gelecek
4177,1234,söndürüyorum,present,ben,şimdi
4178,1234,söndürüyorsun,present,sen,şimdi
4179,1234,söndürüyor,present,o,şimdi
4180,1234,söndürüyoruz,present,biz,şimdi
4181,1234,söndürüyorsunuz,present,siz,şimdi
4182,1234,söndürüyorlar,present,onlar,şimdi
4183,1234,söndürdüm,past,ben,di
4184,1234,söndürdün,past,sen,di
4185,1234,söndürdü,past,o,di
4186,1234,söndürdük,past,biz,di
4187,1234,söndürdünüz,past,siz,di
4188,1234,söndürdüler,past,onlar,di
4189,1234,söndüreceğim,future,ben,gelecek
4190,1234,söndüreceksin,future,sen,gelecek
4191,1234,söndürecek,future,o,gelecek
4192,1234,söndüreceğiz,future,biz,gelecek
4193,1234,söndüreceksiniz,future,siz,gelecek
4194,1234,söndürecekler,future,onlar,gelecek
4195,1235,sürtünüyorum,present,ben,şimdi
4196,1235,sürtünüyorsun,present,sen,şimdi
4197,1235,sürtünüyor,present,o,şimdi
4198,1235,sürtünüyoruz,present,biz,şimdi
4199,1235,sürtünüyorsunuz,present,siz,şimdi
4200,1235,sürtünüyorlar,present,onlar,şimdi
4201,1235,sürtündüm,past,ben,di
4202,1235,sürtündün,past,sen,di
4203,1235,sürtündü,past,o,di
4204,1235,sürtündük,past,biz,di
4205,1235,sürtündünüz,past,siz,di
4206,1235,sürtündüler,past,onlar,di
4207,1235,sürtüneceğim,future,ben,gelecek
4208,1235,sürtüneceksin,future,sen,gelecek
4209,1235,sürtünecek,future,o,gelecek
4210,1235,sürtüneceğiz,future,biz,gelecek
4211,1235,sürtüneceksiniz,future,siz,gelecek
4212,1235,sürtünecekler,future,onlar,gelecek
4213,1236,tartıyorum,present,ben,şimdi
4214,1236,tartıyorsun,present,sen,şimdi
4215,1236,tartıyor,present,o,şimdi
4216,1236,tartıyoruz,present,biz,şimdi
4217,1236,tartıyorsunuz,present,siz,şimdi
4218,1236,tartıyorlar,present,onlar,şimdi
4219,1236,tarttım,past,ben,di
4220,1236,tarttın,past,sen,di
4221,1236,tarttı,past,o,di
4222,1236,tarttık,past,biz,di
4223,1236,tarttınız,past,siz,di
4224,1236,tarttılar,past,onlar,di
4225,1236,tartacağım,future,ben,gelecek
4226,1236,tartacaksın,future,sen,gelecek
4227,1236,tartacak,future,o,gelecek
4228,1236,tartacağız,future,biz,gelecek
4229,1236,tartacaksınız,future,siz,gelecek
4230,1236,tartacaklar,future,onlar,gelecek
4231,1237,taşıyorum,present,ben,şimdi
4232,1237,taşıyorsun,present,sen,şimdi
4233,1237,taşıyor,present,o,şimdi
4234,1237,taşıyoruz,present,biz,şimdi
4235,1237,taşıyorsunuz,present,siz,şimdi
4236,1237,taşıyorlar,present,onlar,şimdi
4237,1237,taşıdım,past,ben,di
4238,1237,taşıdın,past,sen,di
4239,1237,taşıdı,past,o,di
4240,1237,taşıdık,past,biz,di
4241,1237,taşıdınız,past,siz,di
4242,1237,taşıdılar,past,onlar,di
4243,1237,taşıyacağım,future,ben,gelecek
4244,1237,taşıyacaksın,future,sen,gelecek
4245,1237,taşıyacak,future,o,gelecek
4246,1237,taşıyacağız,future,biz,gelecek
4247,1237,taşıyacaksınız,future,siz,gelecek
4248,1237,taşıyacaklar,future,onlar,gelecek
4249,1238,taşıyorum,present,ben,şimdi
4250,1238,taşıyorsun,present,sen,şimdi
4251,1238,taşıyor,present,o,şimdi
4252,1238,taşıyoruz,present,biz,şimdi
4253,1238,taşıyorsunuz,present,siz,şimdi
4254,1238,taşıyorlar,present,onlar,şimdi
4255,1238,taştım,past,ben,di
4256,1238,taştın,past,sen,di
4257,1238,taştı,past,o,di
4258,1238,taştık,past,biz,di
4259,1238,taştınız,past,siz,di
4260,1238,taştılar,past,onlar,di
4261,1238,taşacağım,future,ben,gelecek
4262,1238,taşacaksın,future,sen,gelecek
4263,1238,taşacak,future,o,gelecek
4264,1238,taşacağız,future,biz,gelecek
4265,1238,taşacaksınız,future,siz,gelecek
4266,1238,taşacaklar,future,onlar,gelecek
4267,1239,yapışıyorum,present,ben,şimdi
4268,1239,yapışıyorsun,present,sen,şimdi
4269,1239,yapışıyor,present,o,şimdi
4270,1239,yapışıyoruz,present,biz,şimdi
4271,1239,yapışıyorsunuz,present,siz,şimdi
4272,1239,yapışıyorlar,present,onlar,şimdi
4273,1239,yapıştım,past,ben,di
4274,1239,yapıştın,past,sen,di
4275,1239,yapıştı,past,o,di
4276,1239,yapıştık,past,biz,di
4277,1239,yapıştınız,past,siz,di
4278,1239,yapıştılar,past,onlar,di
4279,1239,yapışacağım,future,ben,gelecek
4280,1239,yapışacaksın,future,sen,gelecek
4281,1239,yapışacak,future,o,gelecek
4282,1239,yapışacağız,future,biz,gelecek
4283,1239,yapışacaksınız,future,siz,gelecek
4284,1239,yapışacaklar,future,onlar,gelecek
4285,1301,ara veriyorum,present,ben,şimdi
4286,1301,ara veriyorsun,present,sen,şimdi
4287,1301,ara veriyor,present,o,şimdi
4288,1301,ara veriyoruz,present,biz,şimdi
4289,1301,ara veriyorsunuz,present,siz,şimdi
4290,1301,ara veriyorlar,present,onlar,şimdi
4291,1301,ara verdim,past,ben,di
4292,1301,ara verdin,past,sen,di
4293,1301,ara verdi,past,o,di
4294,1301,ara verdik,past,biz,di
4295,1301,ara verdiniz,past,siz,di
4296,1301,ara verdiler,past,onlar,di
4297,1301,ara vereceğim,future,ben,gelecek
4298,1301,ara vereceksin,future,sen,gelecek
4299,1301,ara verecek,future,o,gelecek
4300,1301,ara vereceğiz,future,biz,gelecek
4301,1301,ara vereceksiniz,future,siz,gelecek
4302,1301,ara verecekler,future,onlar,gelecek
4303,1302,bilgi veriyorum,present,ben,şimdi
4304,1302,bilgi veriyorsun,present,sen,şimdi
4305,1302,bilgi veriyor,present,o,şimdi
4306,1302,bilgi veriyoruz,present,biz,şimdi
4307,1302,bilgi veriyorsunuz,present,siz,şimdi
4308,1302,bilgi veriyorlar,present,onlar,şimdi
4309,1302,bilgi verdim,past,ben,di
4310,1302,bilgi verdin,past,sen,di
4311,1302,bilgi verdi,past,o,di
4312,1302,bilgi verdik,past,biz,di
4313,1302,bilgi verdiniz,past,siz,di
4314,1302,bilgi verdiler,past,onlar,di
4315,1302,bilgi vereceğim,future,ben,gelecek
4316,1302,bilgi vereceksin,future,sen,gelecek
4317,1302,bilgi verecek,future,o,gelecek
4318,1302,bilgi vereceğiz,future,biz,gelecek
4319,1302,bilgi vereceksiniz,future,siz,gelecek
4320,1302,bilgi verecekler,future,onlar,gelecek
4321,1303,bitiriyorum,present,ben,şimdi
4322,1303,bitiriyorsun,present,sen,şimdi
4323,1303,bitiriyor,present,o,şimdi
4324,1303,bitiriyoruz,present,biz,şimdi
4325,1303,bitiriyorsunuz,present,siz,şimdi
4326,1303,bitiriyorlar,present,onlar,şimdi
4327,1303,bitirdim,past,ben,di
4328,1303,bitirdin,past,sen,di
4329,1303,bitirdi,past,o,di
4330,1303,bitirdik,past,biz,di
4331,1303,bitirdiniz,past,siz,di
4332,1303,bitirdiler,past,onlar,di
4333,1303,bitireceğim,future,ben,gelecek
4334,1303,bitireceksin,future,sen,gelecek
4335,1303,bitirecek,future,o,gelecek
4336,1303,bitireceğiz,future,biz,gelecek
4337,1303,bitireceksiniz,future,siz,gelecek
4338,1303,bitirecekler,future,onlar,gelecek
4339,1304,borç veriyorum,present,ben,şimdi
4340,1304,borç veriyorsun,present,sen,şimdi
4341,1304,borç veriyor,present,o,şimdi
4342,1304,borç veriyoruz,present,biz,şimdi
4343,1304,borç veriyorsunuz,present,siz,şimdi
4344,1304,borç veriyorlar,present,onlar,şimdi
4345,1304,borç verdim,past,ben,di
4346,1304,borç verdin,past,sen,di
4347,1304,borç verdi,past,o,di
4348,1304,borç verdik,past,biz,di
4349,1304,borç verdiniz,past,siz,di
4350,1304,borç verdiler,past,onlar,di
4351,1304,borç vereceğim,future,ben,gelecek
4352,1304,borç vereceksin,future,sen,gelecek
4353,1304,borç verecek,future,o,gelecek
4354,1304,borç vereceğiz,future,biz,gelecek
4355,1304,borç vereceksiniz,future,siz,gelecek
4356,1304,borç verecekler,future,onlar,gelecek
4357,1305,burs veriyorum,present,ben,şimdi
4358,1305,burs veriyorsun,present,sen,şimdi
4359,1305,burs veriyor,present,o,şimdi
4360,1305,burs veriyoruz,present,biz,şimdi
4361,1305,burs veriyorsunuz,present,siz,şimdi
4362,1305,burs veriyorlar,present,onlar,şimdi
4363,1305,burs verdim,past,ben,di
4364,1305,burs verdin,past,sen,di
4365,1305,burs verdi,past,o,di
4366,1305,burs verdik,past,biz,di
4367,1305,burs verdiniz,past,siz,di
4368,1305,burs verdiler,past,onlar,di
4369,1305,burs vereceğim,future,ben,gelecek
4370,1305,burs vereceksin,future,sen,gelecek
4371,1305,burs verecek,future,o,gelecek
4372,1305,burs vereceğiz,future,biz,gelecek
4373,1305,burs vereceksiniz,future,siz,gelecek
4374,1305,burs verecekler,future,onlar,gelecek
4375,1306,çekiniyorum,present,ben,şimdi
4376,1306,çekiniyorsun,present,sen,şimdi
4377,1306,çekiniyor,present,o,şimdi
4378,1306,çekiniyoruz,present,biz,şimdi
4379,1306,çekiniyorsunuz,present,siz,şimdi
4380,1306,çekiniyorlar,present,onlar,şimdi
4381,1306,çekindim,past,ben,di
4382,1306,çekindin,past,sen,di
4383,1306,çekindi,past,o,di
4384,1306,çekindik,past,biz,di
4385,1306,çekindiniz,past,siz,di
4386,1306,çekindiler,past,onlar,di
4387,1306,çekineceğim,future,ben,gelecek
4388,1306,çekineceksin,future,sen,gelecek
4389,1306,çekinecek,future,o,gelecek
4390,1306,çekineceğiz,future,biz,gelecek
4391,1306,çekineceksiniz,future,siz,gelecek
4392,1306,çekinecekler,future,onlar,gelecek
4393,1307,çözüyorum,present,ben,şimdi
4394,1307,çözüyorsun,present,sen,şimdi
4395,1307,çözüyor,present,o,şimdi
4396,1307,çözüyoruz,present,biz,şimdi
4397,1307,çözüyorsunuz,present,siz,şimdi
4398,1307,çözüyorlar,present,onlar,şimdi
4399,1307,çözdüm,past,ben,di
4400,1307,çözdün,past,sen,di
4401,1307,çözdü,past,o,di
4402,1307,çözdük,past,biz,di
4403,1307,çözdünüz,past,siz,di
4404,1307,çözdüler,past,onlar,di
4405,1307,çözeceğim,future,ben,gelecek
4406,1307,çözeceksin,future,sen,gelecek
4407,1307,çözecek,future,o,gelecek
4408,1307,çözeceğiz,future,biz,gelecek
4409,1307,çözeceksiniz,future,siz,gelecek
4410,1307,çözecekler,future,onlar,gelecek
4411,1308,dayanıyorum,present,ben,şimdi
4412,1308,dayanıyorsun,present,sen,şimdi
4413,1308,dayanıyor,present,o,şimdi
4414,1308,dayanıyoruz,present,biz,şimdi
4415,1308,dayanıyorsunuz,present,siz,şimdi
4416,1308,dayanıyorlar,present,onlar,şimdi
4417,1308,dayandım,past,ben,di
4418,1308,dayandın,past,sen,di
4419,1308,dayandı,past,o,di
4420,1308,dayandık,past,biz,di
4421,1308,dayandınız,past,siz,di
4422,1308,dayandılar,past,onlar,di
4423,1308,dayanacağım,future,ben,gelecek
4424,1308,dayanacaksın,future,sen,gelecek
4425,1308,dayanacak,future,o,gelecek
4426,1308,dayanacağız,future,biz,gelecek
4427,1308,dayanacaksınız,future,siz,gelecek
4428,1308,dayanacaklar,future,onlar,gelecek
4429,1309,deniyorum,present,ben,şimdi
4430,1309,deniyorsun,present,sen,şimdi
4431,1309,deniyor,present,o,şimdi
4432,1309,deniyoruz,present,biz,şimdi
4433,1309,deniyorsunuz,present,siz,şimdi
4434,1309,deniyorlar,present,onlar,şimdi
4435,1309,denedim,past,ben,di
4436,1309,denedin,past,sen,di
4437,1309,denedi,past,o,di
4438,1309,denedik,past,biz,di
4439,1309,denediniz,past,siz,di
4440,1309,denediler,past,onlar,di
4441,1309,deneyeceğim,future,ben,gelecek
4442,1309,deneyeceksin,future,sen,gelecek
4443,1309,deneyecek,future,o,gelecek
4444,1309,deneyeceğiz,future,biz,gelecek
4445,1309,deneyeceksiniz,future,siz,gelecek
4446,1309,deneyecekler,future,onlar,gelecek
4447,1310,destek veriyorum,present,ben,şimdi
4448,1310,destek veriyorsun,present,sen,şimdi
4449,1310,destek veriyor,present,o,şimdi
4450,1310,destek veriyoruz,present,biz,şimdi
4451,1310,destek veriyorsunuz,present,siz,şimdi
4452,1310,destek veriyorlar,present,onlar,şimdi
4453,1310,destek verdim,past,ben,di
4454,1310,destek verdin,past,sen,di
4455,1310,destek verdi,past,o,di
4456,1310,destek verdik,past,biz,di
4457,1310,destek verdiniz,past,siz,di
4458,1310,destek verdiler,past,onlar,di
4459,1310,destek vereceğim,future,ben,gelecek
4460,1310,destek vereceksin,future,sen,gelecek
4461,1310,destek verecek,future,o,gelecek
4462,1310,destek vereceğiz,future,biz,gelecek
4463,1310,destek vereceksiniz,future,siz,gelecek
4464,1310,destek verecekler,future,onlar,gelecek
4465,1311,devam ediyorum,present,ben,şimdi
4466,1311,devam ediyorsun,present,sen,şimdi
4467,1311,devam ediyor,present,o,şimdi
4468,1311,devam ediyoruz,present,biz,şimdi
4469,1311,devam ediyorsunuz,present,siz,şimdi
4470,1311,devam ediyorlar,present,onlar,şimdi
4471,1311,devam ettim,past,ben,di
4472,1311,devam ettin,past,sen,di
4473,1311,devam etti,past,o,di
4474,1311,devam ettik,past,biz,di
4475,1311,devam ettiniz,past,siz,di
4476,1311,devam ettiler,past,onlar,di
4477,1311,devam eteceğim,future,ben,gelecek
4478,1311,devam eteceksin,future,sen,gelecek
4479,1311,devam etecek,future,o,gelecek
4480,1311,devam eteceğiz,future,biz,gelecek
4481,1311,devam eteceksiniz,future,siz,gelecek
4482,1311,devam etecekler,future,onlar,gelecek
4483,1312,dikiş dikiyorum,present,ben,şimdi
4484,1312,dikiş dikiyorsun,present,sen,şimdi
4485,1312,dikiş dikiyor,present,o,şimdi
4486,1312,dikiş dikiyoruz,present,biz,şimdi
4487,1312,dikiş dikiyorsunuz,present,siz,şimdi
4488,1312,dikiş dikiyorlar,present,onlar,şimdi
4489,1312,dikiş diktim,past,ben,di
4490,1312,dikiş diktin,past,sen,di
4491,1312,dikiş dikti,past,o,di
4492,1312,dikiş diktik,past,biz,di
4493,1312,dikiş diktiniz,past,siz,di
4494,1312,dikiş diktiler,past,onlar,di
4495,1312,dikiş dikeceğim,future,ben,gelecek
4496,1312,dikiş dikeceksin,future,sen,gelecek
4497,1312,dikiş dikecek,future,o,gelecek
4498,1312,dikiş dikeceğiz,future,biz,gelecek
4499,1312,dikiş dikeceksiniz,future,siz,gelecek
4500,1312,dikiş dikecekler,future,onlar,gelecek
4501,1313,dikkat ediyorum,present,ben,şimdi
4502,1313,dikkat ediyorsun,present,sen,şimdi
4503,1313,dikkat ediyor,present,o,şimdi
4504,1313,dikkat ediyoruz,present,biz,şimdi
4505,1313,dikkat ediyorsunuz,present,siz,şimdi
4506,1313,dikkat ediyorlar,present,onlar,şimdi
4507,1313,dikkat ettim,past,ben,di
4508,1313,dikkat ettin,past,sen,di
4509,1313,dikkat etti,past,o,di
4510,1313,dikkat ettik,past,biz,di
4511,1313,dikkat ettiniz,past,siz,di
4512,1313,dikkat ettiler,past,onlar,di
4513,1313,dikkat eteceğim,future,ben,gelecek
4514,1313,dikkat eteceksin,future,sen,gelecek
4515,1313,dikkat etecek,future,o,gelecek
4516,1313,dikkat eteceğiz,future,biz,gelecek
4517,1313,dikkat eteceksiniz,future,siz,gelecek
4518,1313,dikkat etecekler,future,onlar,gelecek
4519,1314,doyuyorum,present,ben,şimdi
4520,1314,doyuyorsun,present,sen,şimdi
4521,1314,doyuyor,present,o,şimdi
4522,1314,doyuyoruz,present,biz,şimdi
4523,1314,doyuyorsunuz,present,siz,şimdi
4524,1314,doyuyorlar,present,onlar,şimdi
4525,1314,doydum,past,ben,di
4526,1314,doydun,past,sen,di
4527,1314,doydu,past,o,di
4528,1314,doyduk,past,biz,di
4529,1314,doydunuz,past,siz,di
4530,1314,doydular,past,onlar,di
4531,1314,doyacağım,future,ben,gelecek
4532,1314,doyacaksın,future,sen,gelecek
4533,1314,doyacak,future,o,gelecek
4534,1314,doyacağız,future,biz,gelecek
4535,1314,doyacaksınız,future,siz,gelecek
4536,1314,doyacaklar,future,onlar,gelecek
4537,1315,farkında oluyorum,present,ben,şimdi
4538,1315,farkında oluyorsun,present,sen,şimdi
4539,1315,farkında oluyor,present,o,şimdi
4540,1315,farkında oluyoruz,present,biz,şimdi
4541,1315,farkında oluyorsunuz,present,siz,şimdi
4542,1315,farkında oluyorlar,present,onlar,şimdi
4543,1315,farkında oldum,past,ben,di
4544,1315,farkında oldun,past,sen,di
4545,1315,farkında oldu,past,o,di
4546,1315,farkında olduk,past,biz,di
4547,1315,farkında oldunuz,past,siz,di
4548,1315,farkında oldular,past,onlar,di
4549,1315,farkında olacağım,future,ben,gelecek
4550,1315,farkında olacaksın,future,sen,gelecek
4551,1315,farkında olacak,future,o,gelecek
4552,1315,farkında olacağız,future,biz,gelecek
4553,1315,farkında olacaksınız,future,siz,gelecek
4554,1315,farkında olacaklar,future,onlar,gelecek
4555,1316,gitar çalıyorum,present,ben,şimdi
4556,1316,gitar çalıyorsun,present,sen,şimdi
4557,1316,gitar çalıyor,present,o,şimdi
4558,1316,gitar çalıyoruz,present,biz,şimdi
4559,1316,gitar çalıyorsunuz,present,siz,şimdi
4560,1316,gitar çalıyorlar,present,onlar,şimdi
4561,1316,gitar çaldım,past,ben,di
4562,1316,gitar çaldın,past,sen,di
4563,1316,gitar çaldı,past,o,di
4564,1316,gitar çaldık,past,biz,di
4565,1316,gitar çaldınız,past,siz,di
4566,1316,gitar çaldılar,past,onlar,di
4567,1316,gitar çalacağım,future,ben,gelecek
4568,1316,gitar çalacaksın,future,sen,gelecek
4569,1316,gitar çalacak,future,o,gelecek
4570,1316,gitar çalacağız,future,biz,gelecek
4571,1316,gitar çalacaksınız,future,siz,gelecek
4572,1316,gitar çalacaklar,future,onlar,gelecek
4573,1317,giyiniyorum,present,ben,şimdi
4574,1317,giyiniyorsun,present,sen,şimdi
4575,1317,giyiniyor,present,o,şimdi
4576,1317,giyiniyoruz,present,biz,şimdi
4577,1317,giyiniyorsunuz,present,siz,şimdi
4578,1317,giyiniyorlar,present,onlar,şimdi
4579,1317,giyindim,past,ben,di
4580,1317,giyindin,past,sen,di
4581,1317,giyindi,past,o,di
4582,1317,giyindik,past,biz,di
4583,1317,giyindiniz,past,siz,di
4584,1317,giyindiler,past,onlar,di
4585,1317,giyineceğim,future,ben,gelecek
4586,1317,giyineceksin,future,sen,gelecek
4587,1317,giyinecek,future,o,gelecek
4588,1317,giyineceğiz,future,biz,gelecek
4589,1317,giyineceksiniz,future,siz,gelecek
4590,1317,giyinecekler,future,onlar,gelecek
4591,1318,göz kırpıyorum,present,ben,şimdi
4592,1318,göz kırpıyorsun,present,sen,şimdi
4593,1318,göz kırpıyor,present,o,şimdi
4594,1318,göz kırpıyoruz,present,biz,şimdi
4595,1318,göz kırpıyorsunuz,present,siz,şimdi
4596,1318,göz kırpıyorlar,present,onlar,şimdi
4597,1318,göz kırptım,past,ben,di
4598,1318,göz kırptın,past,sen,di
4599,1318,göz kırptı,past,o,di
4600,1318,göz kırptık,past,biz,di
4601,1318,göz kırptınız,past,siz,di
4602,1318,göz kırptılar,past,onlar,di
4603,1318,göz kırpacağım,future,ben,gelecek
4604,1318,göz kırpacaksın,future,sen,gelecek
4605,1318,göz kırpacak,future,o,gelecek
4606,1318,göz kırpacağız,future,biz,gelecek
4607,1318,göz kırpacaksınız,future,siz,gelecek
4608,1318,göz kırpacaklar,future,onlar,gelecek
4609,1319,güveniyorum,present,ben,şimdi
4610,1319,güveniyorsun,present,sen,şimdi
4611,1319,güveniyor,present,o,şimdi
4612,1319,güveniyoruz,present,biz,şimdi
4613,1319,güveniyorsunuz,present,siz,şimdi
4614,1319,güveniyorlar,present,onlar,şimdi
4615,1319,güvendim,past,ben,di
4616,1319,güvendin,past,sen,di
4617,1319,güvendi,past,o,di
4618,1319,güvendik,past,biz,di
4619,1319,güvendiniz,past,siz,di
4620,1319,güvendiler,past,onlar,di
4621,1319,güveneceğim,future,ben,gelecek
4622,1319,güveneceksin,future,sen,gelecek
4623,1319,güvenecek,future,o,gelecek
4624,1319,güveneceğiz,future,biz,gelecek
4625,1319,güveneceksiniz,future,siz,gelecek
4626,1319,güvenecekler,future,onlar,gelecek
4627,1320,hoş görüyorum,present,ben,şimdi
4628,1320,hoş görüyorsun,present,sen,şimdi
4629,1320,hoş görüyor,present,o,şimdi
4630,1320,hoş görüyoruz,present,biz,şimdi
4631,1320,hoş görüyorsunuz,present,siz,şimdi
4632,1320,hoş görüyorlar,present,onlar,şimdi
4633,1320,hoş gördüm,past,ben,di
4634,1320,hoş gördün,past,sen,di
4635,1320,hoş gördü,past,o,di
4636,1320,hoş gördük,past,biz,di
4637,1320,hoş gördünüz,past,siz,di
4638,1320,hoş gördüler,past,onlar,di
4639,1320,hoş göreceğim,future,ben,gelecek
4640,1320,hoş göreceksin,future,sen,gelecek
4641,1320,hoş görecek,future,o,gelecek
4642,1320,hoş göreceğiz,future,biz,gelecek
4643,1320,hoş göreceksiniz,future,siz,gelecek
4644,1320,hoş görecekler,future,onlar,gelecek
4645,1321,hüküm veriyorum,present,ben,şimdi
4646,1321,hüküm veriyorsun,present,sen,şimdi
4647,1321,hüküm veriyor,present,o,şimdi
4648,1321,hüküm veriyoruz,present,biz,şimdi
4649,1321,hüküm veriyorsunuz,present,siz,şimdi
4650,1321,hüküm veriyorlar,present,onlar,şimdi
4651,1321,hüküm verdim,past,ben,di
4652,1321,hüküm verdin,past,sen,di
4653,1321,hüküm verdi,past,o,di
4654,1321,hüküm verdik,past,biz,di
4655,1321,hüküm verdiniz,past,siz,di
4656,1321,hüküm verdiler,past,onlar,di
4657,1321,hüküm vereceğim,future,ben,gelecek
4658,1321,hüküm vereceksin,future,sen,gelecek
4659,1321,hüküm verecek,future,o,gelecek
4660,1321,hüküm vereceğiz,future,biz,gelecek
4661,1321,hüküm vereceksiniz,future,siz,gelecek
4662,1321,hüküm verecekler,future,onlar,gelecek
4663,1322,ıslık çalıyorum,present,ben,şimdi
4664,1322,ıslık çalıyorsun,present,sen,şimdi
4665,1322,ıslık çalıyor,present,o,şimdi
4666,1322,ıslık çalıyoruz,present,biz,şimdi
4667,1322,ıslık çalıyorsunuz,present,siz,şimdi
4668,1322,ıslık çalıyorlar,present,onlar,şimdi
4669,1322,ıslık çaldım,past,ben,di
4670,1322,ıslık çaldın,past,sen,di
4671,1322,ıslık çaldı,past,o,di
4672,1322,ıslık çaldık,past,biz,di
4673,1322,ıslık çaldınız,past,siz,di
4674,1322,ıslık çaldılar,past,onlar,di
4675,1322,ıslık çalacağım,future,ben,gelecek
4676,1322,ıslık çalacaksın,future,sen,gelecek
4677,1322,ıslık çalacak,future,o,gelecek
4678,1322,ıslık çalacağız,future,biz,gelecek
4679,1322,ıslık çalacaksınız,future,siz,gelecek
4680,1322,ıslık çalacaklar,future,onlar,gelecek
4681,1323,ilgileniyorum,present,ben,şimdi
4682,1323,ilgileniyorsun,present,sen,şimdi
4683,1323,ilgileniyor,present,o,şimdi
4684,1323,ilgileniyoruz,present,biz,şimdi
4685,1323,ilgileniyorsunuz,present,siz,şimdi
4686,1323,ilgileniyorlar,present,onlar,şimdi
4687,1323,ilgilendim,past,ben,di
4688,1323,ilgilendin,past,sen,di
4689,1323,ilgilendi,past,o,di
4690,1323,ilgilendik,past,biz,di
4691,1323,ilgilendiniz,past,siz,di
4692,1323,ilgilendiler,past,onlar,di
4693,1323,ilgileneceğim,future,ben,gelecek
4694,1323,ilgileneceksin,future,sen,gelecek
4695,1323,ilgilenecek,future,o,gelecek
4696,1323,ilgileneceğiz,future,biz,gelecek
4697,1323,ilgileneceksiniz,future,siz,gelecek
4698,1323,ilgilenecekler,future,onlar,gelecek
4699,1324,kayboluyorum,present,ben,şimdi
4700,1324,kayboluyorsun,present,sen,şimdi
4701,1324,kayboluyor,present,o,şimdi
4702,1324,kayboluyoruz,present,biz,şimdi
4703,1324,kayboluyorsunuz,present,siz,şimdi
4704,1324,kayboluyorlar,present,onlar,şimdi
4705,1324,kayboldum,past,ben,di
4706,1324,kayboldun,past,sen,di
4707,1324,kayboldu,past,o,di
4708,1324,kaybolduk,past,biz,di
4709,1324,kayboldunuz,past,siz,di
4710,1324,kayboldular,past,onlar,di
4711,1324,kaybolacağım,future,ben,gelecek
4712,1324,kaybolacaksın,future,sen,gelecek
4713,1324,kaybolacak,future,o,gelecek
4714,1324,kaybolacağız,future,biz,gelecek
4715,1324,kaybolacaksınız,future,siz,gelecek
4716,1324,kaybolacaklar,future,onlar,gelecek
4717,1325,kayıyorum,present,ben,şimdi
4718,1325,kayıyorsun,present,sen,şimdi
4719,1325,kayıyor,present,o,şimdi
4720,1325,kayıyoruz,present,biz,şimdi
4721,1325,kayıyorsunuz,present,siz,şimdi
4722,1325,kayıyorlar,present,onlar,şimdi
4723,1325,kaydım,past,ben,di
4724,1325,kaydın,past,sen,di
4725,1325,kaydı,past,o,di
4726,1325,kaydık,past,biz,di
4727,1325,kaydınız,past,siz,di
4728,1325,kaydılar,past,onlar,di
4729,1325,kayacağım,future,ben,gelecek
4730,1325,kayacaksın,future,sen,gelecek
4731,1325,kayacak,future,o,gelecek
4732,1325,kayacağız,future,biz,gelecek
4733,1325,kayacaksınız,future,siz,gelecek
4734,1325,kayacaklar,future,onlar,gelecek
4735,1326,kımıldıyorum,present,ben,şimdi
4736,1326,kımıldıyorsun,present,sen,şimdi
4737,1326,kımıldıyor,present,o,şimdi
4738,1326,kımıldıyoruz,present,biz,şimdi
4739,1326,kımıldıyorsunuz,present,siz,şimdi
4740,1326,kımıldıyorlar,present,onlar,şimdi
4741,1326,kımıldadım,past,ben,di
4742,1326,kımıldadın,past,sen,di
4743,1326,kımıldadı,past,o,di
4744,1326,kımıldadık,past,biz,di
4745,1326,kımıldadınız,past,siz,di
4746,1326,kımıldadılar,past,onlar,di
4747,1326,kımıldayacağım,future,ben,gelecek
4748,1326,kımıldayacaksın,future,sen,gelecek
4749,1326,kımıldayacak,future,o,gelecek
4750,1326,kımıldayacağız,future,biz,gelecek
4751,1326,kımıldayacaksınız,future,siz,gelecek
4752,1326,kımıldayacaklar,future,onlar,gelecek
4753,1327,közliyorum,present,ben,şimdi
4754,1327,közliyorsun,present,sen,şimdi
4755,1327,közliyor,present,o,şimdi
4756,1327,közliyoruz,present,biz,şimdi
4757,1327,közliyorsunuz,present,siz,şimdi
4758,1327,közliyorlar,present,onlar,şimdi
4759,1327,közledim,past,ben,di
4760,1327,közledin,past,sen,di
4761,1327,közledi,past,o,di
4762,1327,közledik,past,biz,di
4763,1327,közlediniz,past,siz,di
4764,1327,közlediler,past,onlar,di
4765,1327,közleyeceğim,future,ben,gelecek
4766,1327,közleyeceksin,future,sen,gelecek
4767,1327,közleyecek,future,o,gelecek
4768,1327,közleyeceğiz,future,biz,gelecek
4769,1327,közleyeceksiniz,future,siz,gelecek
4770,1327,közleyecekler,future,onlar,gelecek
4771,1328,kredi alıyorum,present,ben,şimdi
4772,1328,kredi alıyorsun,present,sen,şimdi
4773,1328,kredi alıyor,present,o,şimdi
4774,1328,kredi alıyoruz,present,biz,şimdi
4775,1328,kredi alıyorsunuz,present,siz,şimdi
4776,1328,kredi alıyorlar,present,onlar,şimdi
4777,1328,kredi aldım,past,ben,di
4778,1328,kredi aldın,past,sen,di
4779,1328,kredi aldı,past,o,di
4780,1328,kredi aldık,past,biz,di
4781,1328,kredi aldınız,past,siz,di
4782,1328,kredi aldılar,past,onlar,di
4783,1328,kredi alacağım,future,ben,gelecek
4784,1328,kredi alacaksın,future,sen,gelecek
4785,1328,kredi alacak,future,o,gelecek
4786,1328,kredi alacağız,future,biz,gelecek
4787,1328,kredi alacaksınız,future,siz,gelecek
4788,1328,kredi alacaklar,future,onlar,gelecek
4789,1329,mola veriyorum,present,ben,şimdi
4790,1329,mola veriyorsun,present,sen,şimdi
4791,1329,mola veriyor,present,o,şimdi
4792,1329,mola veriyoruz,present,biz,şimdi
4793,1329,mola veriyorsunuz,present,siz,şimdi
4794,1329,mola veriyorlar,present,onlar,şimdi
4795,1329,mola verdim,past,ben,di
4796,1329,mola verdin,past,sen,di
4797,1329,mola verdi,past,o,di
4798,1329,mola verdik,past,biz,di
4799,1329,mola verdiniz,past,siz,di
4800,1329,mola verdiler,past,onlar,di
4801,1329,mola vereceğim,future,ben,gelecek
4802,1329,mola vereceksin,future,sen,gelecek
4803,1329,mola verecek,future,o,gelecek
4804,1329,mola vereceğiz,future,biz,gelecek
4805,1329,mola vereceksiniz,future,siz,gelecek
4806,1329,mola verecekler,future,onlar,gelecek
4807,1330,neden oluyorum,present,ben,şimdi
4808,1330,neden oluyorsun,present,sen,şimdi
4809,1330,neden oluyor,present,o,şimdi
4810,1330,neden oluyoruz,present,biz,şimdi
4811,1330,neden oluyorsunuz,present,siz,şimdi
4812,1330,neden oluyorlar,present,onlar,şimdi
4813,1330,neden oldum,past,ben,di
4814,1330,neden oldun,past,sen,di
4815,1330,neden oldu,past,o,di
4816,1330,neden olduk,past,biz,di
4817,1330,neden oldunuz,past,siz,di
4818,1330,neden oldular,past,onlar,di
4819,1330,neden olacağım,future,ben,gelecek
4820,1330,neden olacaksın,future,sen,gelecek
4821,1330,neden olacak,future,o,gelecek
4822,1330,neden olacağız,future,biz,gelecek
4823,1330,neden olacaksınız,future,siz,gelecek
4824,1330,neden olacaklar,future,onlar,gelecek
4825,1331,para bozduruyorum,present,ben,şimdi
4826,1331,para bozduruyorsun,present,sen,şimdi
4827,1331,para bozduruyor,present,o,şimdi
4828,1331,para bozduruyoruz,present,biz,şimdi
4829,1331,para bozduruyorsunuz,present,siz,şimdi
4830,1331,para bozduruyorlar,present,onlar,şimdi
4831,1331,para bozdurdum,past,ben,di
4832,1331,para bozdurdun,past,sen,di
4833,1331,para bozdurdu,past,o,di
4834,1331,para bozdurduk,past,biz,di
4835,1331,para bozdurdunuz,past,siz,di
4836,1331,para bozdurdular,past,onlar,di
4837,1331,para bozduracağım,future,ben,gelecek
4838,1331,para bozduracaksın,future,sen,gelecek
4839,1331,para bozduracak,future,o,gelecek
4840,1331,para bozduracağız,future,biz,gelecek
4841,1331,para bozduracaksınız,future,siz,gelecek
4842,1331,para bozduracaklar,future,onlar,gelecek
4843,1332,problem çıkarıyorum,present,ben,şimdi
4844,1332,problem çıkarıyorsun,present,sen,şimdi
4845,1332,problem çıkarıyor,present,o,şimdi
4846,1332,problem çıkarıyoruz,present,biz,şimdi
4847,1332,problem çıkarıyorsunuz,present,siz,şimdi
4848,1332,problem çıkarıyorlar,present,onlar,şimdi
4849,1332,problem çıkardım,past,ben,di
4850,1332,problem çıkardın,past,sen,di
4851,1332,problem çıkardı,past,o,di
4852,1332,problem çıkardık,past,biz,di
4853,1332,problem çıkardınız,past,siz,di
4854,1332,problem çıkardılar,past,onlar,di
4855,1332,problem çıkaracağım,future,ben,gelecek
4856,1332,problem çıkaracaksın,future,sen,gelecek
4857,1332,problem çıkaracak,future,o,gelecek
4858,1332,problem çıkaracağız,future,biz,gelecek
4859,1332,problem çıkaracaksınız,future,siz,gelecek
4860,1332,problem çıkaracaklar,future,onlar,gelecek
4861,1333,sığıyorum,present,ben,şimdi
4862,1333,sığıyorsun,present,sen,şimdi
4863,1333,sığıyor,present,o,şimdi
4864,1333,sığıyoruz,present,biz,şimdi
4865,1333,sığıyorsunuz,present,siz,şimdi
4866,1333,sığıyorlar,present,onlar,şimdi
4867,1333,sığdım,past,ben,di
4868,1333,sığdın,past,sen,di
4869,1333,sığdı,past,o,di
4870,1333,sığdık,past,biz,di
4871,1333,sığdınız,past,siz,di
4872,1333,sığdılar,past,onlar,di
4873,1333,sığacağım,future,ben,gelecek
4874,1333,sığacaksın,future,sen,gelecek
4875,1333,sığacak,future,o,gelecek
4876,1333,sığacağız,future,biz,gelecek
4877,1333,sığacaksınız,future,siz,gelecek
4878,1333,sığacaklar,future,onlar,gelecek
4879,1334,sıkıntı çekiyorum,present,ben,şimdi
4880,1334,sıkıntı çekiyorsun,present,sen,şimdi
4881,1334,sıkıntı çekiyor,present,o,şimdi
4882,1334,sıkıntı çekiyoruz,present,biz,şimdi
4883,1334,sıkıntı çekiyorsunuz,present,siz,şimdi
4884,1334,sıkıntı çekiyorlar,present,onlar,şimdi
4885,1334,sıkıntı çektim,past,ben,di
4886,1334,sıkıntı çektin,past,sen,di
4887,1334,sıkıntı çekti,past,o,di
4888,1334,sıkıntı çektik,past,biz,di
4889,1334,sıkıntı çektiniz,past,siz,di
4890,1334,sıkıntı çektiler,past,onlar,di
4891,1334,sıkıntı çekeceğim,future,ben,gelecek
4892,1334,sıkıntı çekeceksin,future,sen,gelecek
4893,1334,sıkıntı çekecek,future,o,gelecek
4894,1334,sıkıntı çekeceğiz,future,biz,gelecek
4895,1334,sıkıntı çekeceksiniz,future,siz,gelecek
4896,1334,sıkıntı çekecekler,future,onlar,gelecek
4897,1335,soluklanıyorum,present,ben,şimdi
4898,1335,soluklanıyorsun,present,sen,şimdi
4899,1335,soluklanıyor,present,o,şimdi
4900,1335,soluklanıyoruz,present,biz,şimdi
4901,1335,soluklanıyorsunuz,present,siz,şimdi
4902,1335,soluklanıyorlar,present,onlar,şimdi
4903,1335,soluklandım,past,ben,di
4904,1335,soluklandın,past,sen,di
4905,1335,soluklandı,past,o,di
4906,1335,soluklandık,past,biz,di
4907,1335,soluklandınız,past,siz,di
4908,1335,soluklandılar,past,onlar,di
4909,1335,soluklanacağım,future,ben,gelecek
4910,1335,soluklanacaksın,future,sen,gelecek
4911,1335,soluklanacak,future,o,gelecek
4912,1335,soluklanacağız,future,biz,gelecek
4913,1335,soluklanacaksınız,future,siz,gelecek
4914,1335,soluklanacaklar,future,onlar,gelecek
4915,1336,şişiriyorum,present,ben,şimdi
4916,1336,şişiriyorsun,present,sen,şimdi
4917,1336,şişiriyor,present,o,şimdi
4918,1336,şişiriyoruz,present,biz,şimdi
4919,1336,şişiriyorsunuz,present,siz,şimdi
4920,1336,şişiriyorlar,present,onlar,şimdi
4921,1336,şişirdim,past,ben,di
4922,1336,şişirdin,past,sen,di
4923,1336,şişirdi,past,o,di
4924,1336,şişirdik,past,biz,di
4925,1336,şişirdiniz,past,siz,di
4926,1336,şişirdiler,past,onlar,di
4927,1336,şişireceğim,future,ben,gelecek
4928,1336,şişireceksin,future,sen,gelecek
4929,1336,şişirecek,future,o,gelecek
4930,1336,şişireceğiz,future,biz,gelecek
4931,1336,şişireceksiniz,future,siz,gelecek
4932,1336,şişirecekler,future,onlar,gelecek
4933,1337,takip ediyorum,present,ben,şimdi
4934,1337,takip ediyorsun,present,sen,şimdi
4935,1337,takip ediyor,present,o,şimdi
4936,1337,takip ediyoruz,present,biz,şimdi
4937,1337,takip ediyorsunuz,present,siz,şimdi
4938,1337,takip ediyorlar,present,onlar,şimdi
4939,1337,takip ettim,past,ben,di
4940,1337,takip ettin,past,sen,di
4941,1337,takip etti,past,o,di
4942,1337,takip ettik,past,biz,di
4943,1337,takip ettiniz,past,siz,di
4944,1337,takip ettiler,past,onlar,di
4945,1337,takip eteceğim,future,ben,gelecek
4946,1337,takip eteceksin,future,sen,gelecek
4947,1337,takip etecek,future,o,gelecek
4948,1337,takip eteceğiz,future,biz,gelecek
4949,1337,takip eteceksiniz,future,siz,gelecek
4950,1337,takip etecekler,future,onlar,gelecek
4951,1338,ütüliyorum,present,ben,şimdi
4952,1338,ütüliyorsun,present,sen,şimdi
4953,1338,ütüliyor,present,o,şimdi
4954,1338,ütüliyoruz,present,biz,şimdi
4955,1338,ütüliyorsunuz,present,siz,şimdi
4956,1338,ütüliyorlar,present,onlar,şimdi
4957,1338,ütüledim,past,ben,di
4958,1338,ütüledin,past,sen,di
4959,1338,ütüledi,past,o,di
4960,1338,ütüledik,past,biz,di
4961,1338,ütülediniz,past,siz,di
4962,1338,ütülediler,past,onlar,di
4963,1338,ütüleyeceğim,future,ben,gelecek
4964,1338,ütüleyeceksin,future,sen,gelecek
4965,1338,ütüleyecek,future,o,gelecek
4966,1338,ütüleyeceğiz,future,biz,gelecek
4967,1338,ütüleyeceksiniz,future,siz,gelecek
4968,1338,ütüleyecekler,future,onlar,gelecek
4969,1339,yatıştırıyorum,present,ben,şimdi
4970,1339,yatıştırıyorsun,present,sen,şimdi
4971,1339,yatıştırıyor,present,o,şimdi
4972,1339,yatıştırıyoruz,present,biz,şimdi
4973,1339,yatıştırıyorsunuz,present,siz,şimdi
4974,1339,yatıştırıyorlar,present,onlar,şimdi
4975,1339,yatıştırdım,past,ben,di
4976,1339,yatıştırdın,past,sen,di
4977,1339,yatıştırdı,past,o,di
4978,1339,yatıştırdık,past,biz,di
4979,1339,yatıştırdınız,past,siz,di
4980,1339,yatıştırdılar,past,onlar,di
4981,1339,yatıştıracağım,future,ben,gelecek
4982,1339,yatıştıracaksın,future,sen,gelecek
4983,1339,yatıştıracak,future,o,gelecek
4984,1339,yatıştıracağız,future,biz,gelecek
4985,1339,yatıştıracaksınız,future,siz,gelecek
4986,1339,yatıştıracaklar,future,onlar,gelecek
4987,1340,yetişiyorum,present,ben,şimdi
4988,1340,yetişiyorsun,present,sen,şimdi
4989,1340,yetişiyor,present,o,şimdi
4990,1340,yetişiyoruz,present,biz,şimdi
4991,1340,yetişiyorsunuz,present,siz,şimdi
4992,1340,yetişiyorlar,present,onlar,şimdi
4993,1340,yetiştim,past,ben,di
4994,1340,yetiştin,past,sen,di
4995,1340,yetişti,past,o,di
4996,1340,yetiştik,past,biz,di
4997,1340,yetiştiniz,past,siz,di
4998,1340,yetiştiler,past,onlar,di
4999,1340,yetişeceğim,future,ben,gelecek
5000,1340,yetişeceksin,future,sen,gelecek
5001,1340,yetişecek,future,o,gelecek
5002,1340,yetişeceğiz,future,biz,gelecek
5003,1340,yetişeceksiniz,future,siz,gelecek
5004,1340,yetişecekler,future,onlar,gelecek
5005,1341,zannetiyorum,present,ben,şimdi
5006,1341,zannetiyorsun,present,sen,şimdi
5007,1341,zannetiyor,present,o,şimdi
5008,1341,zannetiyoruz,present,biz,şimdi
5009,1341,zannetiyorsunuz,present,siz,şimdi
5010,1341,zannetiyorlar,present,onlar,şimdi
5011,1341,zannettim,past,ben,di
5012,1341,zannettin,past,sen,di
5013,1341,zannetti,past,o,di
5014,1341,zannettik,past,biz,di
5015,1341,zannettiniz,past,siz,di
5016,1341,zannettiler,past,onlar,di
5017,1341,zanneteceğim,future,ben,gelecek
5018,1341,zanneteceksin,future,sen,gelecek
5019,1341,zannetecek,future,o,gelecek
5020,1341,zanneteceğiz,future,biz,gelecek
5021,1341,zanneteceksiniz,future,siz,gelecek
5022,1341,zannetecekler,future,onlar,gelecek
5023,1411,akıtıyorum,present,ben,şimdi
5024,1411,akıtıyorsun,present,sen,şimdi
5025,1411,akıtıyor,present,o,şimdi
5026,1411,akıtıyoruz,present,biz,şimdi
5027,1411,akıtıyorsunuz,present,siz,şimdi
5028,1411,akıtıyorlar,present,onlar,şimdi
5029,1411,akıttım,past,ben,di
5030,1411,akıttın,past,sen,di
5031,1411,akıttı,past,o,di
5032,1411,akıttık,past,biz,di
5033,1411,akıttınız,past,siz,di
5034,1411,akıttılar,past,onlar,di
5035,1411,akıtacağım,future,ben,gelecek
5036,1411,akıtacaksın,future,sen,gelecek
5037,1411,akıtacak,future,o,gelecek
5038,1411,akıtacağız,future,biz,gelecek
5039,1411,akıtacaksınız,future,siz,gelecek
5040,1411,akıtacaklar,future,onlar,gelecek
5041,1412,atıştırıyorum,present,ben,şimdi
5042,1412,atıştırıyorsun,present,sen,şimdi
5043,1412,atıştırıyor,present,o,şimdi
5044,1412,atıştırıyoruz,present,biz,şimdi
5045,1412,atıştırıyorsunuz,present,siz,şimdi
5046,1412,atıştırıyorlar,present,onlar,şimdi
5047,1412,atıştırdım,past,ben,di
5048,1412,atıştırdın,past,sen,di
5049,1412,atıştırdı,past,o,di
5050,1412,atıştırdık,past,biz,di
5051,1412,atıştırdınız,past,siz,di
5052,1412,atıştırdılar,past,onlar,di
5053,1412,atıştıracağım,future,ben,gelecek
5054,1412,atıştıracaksın,future,sen,gelecek
5055,1412,atıştıracak,future,o,gelecek
5056,1412,atıştıracağız,future,biz,gelecek
5057,1412,atıştıracaksınız,future,siz,gelecek
5058,1412,atıştıracaklar,future,onlar,gelecek
5059,1413,ayırıyorum,present,ben,şimdi
5060,1413,ayırıyorsun,present,sen,şimdi
5061,1413,ayırıyor,present,o,şimdi
5062,1413,ayırıyoruz,present,biz,şimdi
5063,1413,ayırıyorsunuz,present,siz,şimdi
5064,1413,ayırıyorlar,present,onlar,şimdi
5065,1413,ayırdım,past,ben,di
5066,1413,ayırdın,past,sen,di
5067,1413,ayırdı,past,o,di
5068,1413,ayırdık,past,biz,di
5069,1413,ayırdınız,past,siz,di
5070,1413,ayırdılar,past,onlar,di
5071,1413,ayıracağım,future,ben,gelecek
5072,1413,ayıracaksın,future,sen,gelecek
5073,1413,ayıracak,future,o,gelecek
5074,1413,ayıracağız,future,biz,gelecek
5075,1413,ayıracaksınız,future,siz,gelecek
5076,1413,ayıracaklar,future,onlar,gelecek
5077,1414,boşaltıyorum,present,ben,şimdi
5078,1414,boşaltıyorsun,present,sen,şimdi
5079,1414,boşaltıyor,present,o,şimdi
5080,1414,boşaltıyoruz,present,biz,şimdi
5081,1414,boşaltıyorsunuz,present,siz,şimdi
5082,1414,boşaltıyorlar,present,onlar,şimdi
5083,1414,boşalttım,past,ben,di
5084,1414,boşalttın,past,sen,di
5085,1414,boşalttı,past,o,di
5086,1414,boşalttık,past,biz,di
5087,1414,boşalttınız,past,siz,di
5088,1414,boşalttılar,past,onlar,di
5089,1414,boşaltacağım,future,ben,gelecek
5090,1414,boşaltacaksın,future,sen,gelecek
5091,1414,boşaltacak,future,o,gelecek
5092,1414,boşaltacağız,future,biz,gelecek
5093,1414,boşaltacaksınız,future,siz,gelecek
5094,1414,boşaltacaklar,future,onlar,gelecek
5095,1415,burkuyorum,present,ben,şimdi
5096,1415,burkuyorsun,present,sen,şimdi
5097,1415,burkuyor,present,o,şimdi
5098,1415,burkuyoruz,present,biz,şimdi
5099,1415,burkuyorsunuz,present,siz,şimdi
5100,1415,burkuyorlar,present,onlar,şimdi
5101,1415,burktum,past,ben,di
5102,1415,burktun,past,sen,di
5103,1415,burktu,past,o,di
5104,1415,burktuk,past,biz,di
5105,1415,burktunuz,past,siz,di
5106,1415,burktular,past,onlar,di
5107,1415,burkacağım,future,ben,gelecek
5108,1415,burkacaksın,future,sen,gelecek
5109,1415,burkacak,future,o,gelecek
5110,1415,burkacağız,future,biz,gelecek
5111,1415,burkacaksınız,future,siz,gelecek
5112,1415,burkacaklar,future,onlar,gelecek
5113,1416,değerlendiriyorum,present,ben,şimdi
5114,1416,değerlendiriyorsun,present,sen,şimdi
5115,1416,değerlendiriyor,present,o,şimdi
5116,1416,değerlendiriyoruz,present,biz,şimdi
5117,1416,değerlendiriyorsunuz,present,siz,şimdi
5118,1416,değerlendiriyorlar,present,onlar,şimdi
5119,1416,değerlendirdim,past,ben,di
5120,1416,değerlendirdin,past,sen,di
5121,1416,değerlendirdi,past,o,di
5122,1416,değerlendirdik,past,biz,di
5123,1416,değerlendirdiniz,past,siz,di
5124,1416,değerlendirdiler,past,onlar,di
5125,1416,değerlendireceğim,future,ben,gelecek
5126,1416,değerlendireceksin,future,sen,gelecek
5127,1416,değerlendirecek,future,o,gelecek
5128,1416,değerlendireceğiz,future,biz,gelecek
5129,1416,değerlendireceksiniz,future,siz,gelecek
5130,1416,değerlendirecekler,future,onlar,gelecek
5131,1417,dikkat çekiyorum,present,ben,şimdi
5132,1417,dikkat çekiyorsun,present,sen,şimdi
5133,1417,dikkat çekiyor,present,o,şimdi
5134,1417,dikkat çekiyoruz,present,biz,şimdi
5135,1417,dikkat çekiyorsunuz,present,siz,şimdi
5136,1417,dikkat çekiyorlar,present,onlar,şimdi
5137,1417,dikkat çektim,past,ben,di
5138,1417,dikkat çektin,past,sen,di
5139,1417,dikkat çekti,past,o,di
5140,1417,dikkat çektik,past,biz,di
5141,1417,dikkat çektiniz,past,siz,di
5142,1417,dikkat çektiler,past,onlar,di
5143,1417,dikkat çekeceğim,future,ben,gelecek
5144,1417,dikkat çekeceksin,future,sen,gelecek
5145,1417,dikkat çekecek,future,o,gelecek
5146,1417,dikkat çekeceğiz,future,biz,gelecek
5147,1417,dikkat çekeceksiniz,future,siz,gelecek
5148,1417,dikkat çekecekler,future,onlar,gelecek
5149,1418,eğiyorum,present,ben,şimdi
5150,1418,eğiyorsun,present,sen,şimdi
5151,1418,eğiyor,present,o,şimdi
5152,1418,eğiyoruz,present,biz,şimdi
5153,1418,eğiyorsunuz,present,siz,şimdi
5154,1418,eğiyorlar,present,onlar,şimdi
5155,1418,eğdim,past,ben,di
5156,1418,eğdin,past,sen,di
5157,1418,eğdi,past,o,di
5158,1418,eğdik,past,biz,di
5159,1418,eğdiniz,past,siz,di
5160,1418,eğdiler,past,onlar,di
5161,1418,eğeceğim,future,ben,gelecek
5162,1418,eğeceksin,future,sen,gelecek
5163,1418,eğecek,future,o,gelecek
5164,1418,eğeceğiz,future,biz,gelecek
5165,1418,eğeceksiniz,future,siz,gelecek
5166,1418,eğecekler,future,onlar,gelecek
5167,1419,harcıyorum,present,ben,şimdi
5168,1419,harcıyorsun,present,sen,şimdi
5169,1419,harcıyor,present,o,şimdi
5170,1419,harcıyoruz,present,biz,şimdi
5171,1419,harcıyorsunuz,present,siz,şimdi
5172,1419,harcıyorlar,present,onlar,şimdi
5173,1419,harcadım,past,ben,di
5174,1419,harcadın,past,sen,di
5175,1419,harcadı,past,o,di
5176,1419,harcadık,past,biz,di
5177,1419,harcadınız,past,siz,di
5178,1419,harcadılar,past,onlar,di
5179,1419,harcayacağım,future,ben,gelecek
5180,1419,harcayacaksın,future,sen,gelecek
5181,1419,harcayacak,future,o,gelecek
5182,1419,harcayacağız,future,biz,gelecek
5183,1419,harcayacaksınız,future,siz,gelecek
5184,1419,harcayacaklar,future,onlar,gelecek
5185,1420,ısınıyorum,present,ben,şimdi
5186,1420,ısınıyorsun,present,sen,şimdi
5187,1420,ısınıyor,present,o,şimdi
5188,1420,ısınıyoruz,present,biz,şimdi
5189,1420,ısınıyorsunuz,present,siz,şimdi
5190,1420,ısınıyorlar,present,onlar,şimdi
5191,1420,ısındım,past,ben,di
5192,1420,ısındın,past,sen,di
5193,1420,ısındı,past,o,di
5194,1420,ısındık,past,biz,di
5195,1420,ısındınız,past,siz,di
5196,1420,ısındılar,past,onlar,di
5197,1420,ısınacağım,future,ben,gelecek
5198,1420,ısınacaksın,future,sen,gelecek
5199,1420,ısınacak,future,o,gelecek
5200,1420,ısınacağız,future,biz,gelecek
5201,1420,ısınacaksınız,future,siz,gelecek
5202,1420,ısınacaklar,future,onlar,gelecek
5203,1421,ilerletiyorum,present,ben,şimdi
5204,1421,ilerletiyorsun,present,sen,şimdi
5205,1421,ilerletiyor,present,o,şimdi
5206,1421,ilerletiyoruz,present,biz,şimdi
5207,1421,ilerletiyorsunuz,present,siz,şimdi
5208,1421,ilerletiyorlar,present,onlar,şimdi
5209,1421,ilerlettim,past,ben,di
5210,1421,ilerlettin,past,sen,di
5211,1421,ilerletti,past,o,di
5212,1421,ilerlettik,past,biz,di
5213,1421,ilerlettiniz,past,siz,di
5214,1421,ilerlettiler,past,onlar,di
5215,1421,ilerleteceğim,future,ben,gelecek
5216,1421,ilerleteceksin,future,sen,gelecek
5217,1421,ilerletecek,future,o,gelecek
5218,1421,ilerleteceğiz,future,biz,gelecek
5219,1421,ilerleteceksiniz,future,siz,gelecek
5220,1421,ilerletecekler,future,onlar,gelecek
5221,1422,kurtuluyorum,present,ben,şimdi
5222,1422,kurtuluyorsun,present,sen,şimdi
5223,1422,kurtuluyor,present,o,şimdi
5224,1422,kurtuluyoruz,present,biz,şimdi
5225,1422,kurtuluyorsunuz,present,siz,şimdi
5226,1422,kurtuluyorlar,present,onlar,şimdi
5227,1422,kurtuldum,past,ben,di
5228,1422,kurtuldun,past,sen,di
5229,1422,kurtuldu,past,o,di
5230,1422,kurtulduk,past,biz,di
5231,1422,kurtuldunuz,past,siz,di
5232,1422,kurtuldular,past,onlar,di
5233,1422,kurtulacağım,future,ben,gelecek
5234,1422,kurtulacaksın,future,sen,gelecek
5235,1422,kurtulacak,future,o,gelecek
5236,1422,kurtulacağız,future,biz,gelecek
5237,1422,kurtulacaksınız,future,siz,gelecek
5238,1422,kurtulacaklar,future,onlar,gelecek
5239,1423,patlıyorum,present,ben,şimdi
5240,1423,patlıyorsun,present,sen,şimdi
5241,1423,patlıyor,present,o,şimdi
5242,1423,patlıyoruz,present,biz,şimdi
5243,1423,patlıyorsunuz,present,siz,şimdi
5244,1423,patlıyorlar,present,onlar,şimdi
5245,1423,patladım,past,ben,di
5246,1423,patladın,past,sen,di
5247,1423,patladı,past,o,di
5248,1423,patladık,past,biz,di
5249,1423,patladınız,past,siz,di
5250,1423,patladılar,past,onlar,di
5251,1423,patlayacağım,future,ben,gelecek
5252,1423,patlayacaksın,future,sen,gelecek
5253,1423,patlayacak,future,o,gelecek
5254,1423,patlayacağız,future,biz,gelecek
5255,1423,patlayacaksınız,future,siz,gelecek
5256,1423,patlayacaklar,future,onlar,gelecek
5257,1424,sıkışıyorum,present,ben,şimdi
5258,1424,sıkışıyorsun,present,sen,şimdi
5259,1424,sıkışıyor,present,o,şimdi
5260,1424,sıkışıyoruz,present,biz,şimdi
5261,1424,sıkışıyorsunuz,present,siz,şimdi
5262,1424,sıkışıyorlar,present,onlar,şimdi
5263,1424,sıkıştım,past,ben,di
5264,1424,sıkıştın,past,sen,di
5265,1424,sıkıştı,past,o,di
5266,1424,sıkıştık,past,biz,di
5267,1424,sıkıştınız,past,siz,di
5268,1424,sıkıştılar,past,onlar,di
5269,1424,sıkışacağım,future,ben,gelecek
5270,1424,sıkışacaksın,future,sen,gelecek
5271,1424,sıkışacak,future,o,gelecek
5272,1424,sıkışacağız,future,biz,gelecek
5273,1424,sıkışacaksınız,future,siz,gelecek
5274,1424,sıkışacaklar,future,onlar,gelecek
5275,1425,sızdırıyorum,present,ben,şimdi
5276,1425,sızdırıyorsun,present,sen,şimdi
5277,1425,sızdırıyor,present,o,şimdi
5278,1425,sızdırıyoruz,present,biz,şimdi
5279,1425,sızdırıyorsunuz,present,siz,şimdi
5280,1425,sızdırıyorlar,present,onlar,şimdi
5281,1425,sızdırdım,past,ben,di
5282,1425,sızdırdın,past,sen,di
5283,1425,sızdırdı,past,o,di
5284,1425,sızdırdık,past,biz,di
5285,1425,sızdırdınız,past,siz,di
5286,1425,sızdırdılar,past,onlar,di
5287,1425,sızdıracağım,future,ben,gelecek
5288,1425,sızdıracaksın,future,sen,gelecek
5289,1425,sızdıracak,future,o,gelecek
5290,1425,sızdıracağız,future,biz,gelecek
5291,1425,sızdıracaksınız,future,siz,gelecek
5292,1425,sızdıracaklar,future,onlar,gelecek
5293,1426,tartışıyorum,present,ben,şimdi
5294,1426,tartışıyorsun,present,sen,şimdi
5295,1426,tartışıyor,present,o,şimdi
5296,1426,tartışıyoruz,present,biz,şimdi
5297,1426,tartışıyorsunuz,present,siz,şimdi
5298,1426,tartışıyorlar,present,onlar,şimdi
5299,1426,tartıştım,past,ben,di
5300,1426,tartıştın,past,sen,di
5301,1426,tartıştı,past,o,di
5302,1426,tartıştık,past,biz,di
5303,1426,tartıştınız,past,siz,di
5304,1426,tartıştılar,past,onlar,di
5305,1426,tartışacağım,future,ben,gelecek
5306,1426,tartışacaksın,future,sen,gelecek
5307,1426,tartışacak,future,o,gelecek
5308,1426,tartışacağız,future,biz,gelecek
5309,1426,tartışacaksınız,future,siz,gelecek
5310,1426,tartışacaklar,future,onlar,gelecek
5311,1427,telaşlanıyorum,present,ben,şimdi
5312,1427,telaşlanıyorsun,present,sen,şimdi
5313,1427,telaşlanıyor,present,o,şimdi
5314,1427,telaşlanıyoruz,present,biz,şimdi
5315,1427,telaşlanıyorsunuz,present,siz,şimdi
5316,1427,telaşlanıyorlar,present,onlar,şimdi
5317,1427,telaşlandım,past,ben,di
5318,1427,telaşlandın,past,sen,di
5319,1427,telaşlandı,past,o,di
5320,1427,telaşlandık,past,biz,di
5321,1427,telaşlandınız,past,siz,di
5322,1427,telaşlandılar,past,onlar,di
5323,1427,telaşlanacağım,future,ben,gelecek
5324,1427,telaşlanacaksın,future,sen,gelecek
5325,1427,telaşlanacak,future,o,gelecek
5326,1427,telaşlanacağız,future,biz,gelecek
5327,1427,telaşlanacaksınız,future,siz,gelecek
5328,1427,telaşlanacaklar,future,onlar,gelecek
5329,1428,tercih ediyorum,present,ben,şimdi
5330,1428,tercih ediyorsun,present,sen,şimdi
5331,1428,tercih ediyor,present,o,şimdi
5332,1428,tercih ediyoruz,present,biz,şimdi
5333,1428,tercih ediyorsunuz,present,siz,şimdi
5334,1428,tercih ediyorlar,present,onlar,şimdi
5335,1428,tercih ettim,past,ben,di
5336,1428,tercih ettin,past,sen,di
5337,1428,tercih etti,past,o,di
5338,1428,tercih ettik,past,biz,di
5339,1428,tercih ettiniz,past,siz,di
5340,1428,tercih ettiler,past,onlar,di
5341,1428,tercih eteceğim,future,ben,gelecek
5342,1428,tercih eteceksin,future,sen,gelecek
5343,1428,tercih etecek,future,o,gelecek
5344,1428,tercih eteceğiz,future,biz,gelecek
5345,1428,tercih eteceksiniz,future,siz,gelecek
5346,1428,tercih etecekler,future,onlar,gelecek
5347,1429,teslim ediyorum,present,ben,şimdi
5348,1429,teslim ediyorsun,present,sen,şimdi
5349,1429,teslim ediyor,present,o,şimdi
5350,1429,teslim ediyoruz,present,biz,şimdi
5351,1429,teslim ediyorsunuz,present,siz,şimdi
5352,1429,teslim ediyorlar,present,onlar,şimdi
5353,1429,teslim ettim,past,ben,di
5354,1429,teslim ettin,past,sen,di
5355,1429,teslim etti,past,o,di
5356,1429,teslim ettik,past,biz,di
5357,1429,teslim ettiniz,past,siz,di
5358,1429,teslim ettiler,past,onlar,di
5359,1429,teslim eteceğim,future,ben,gelecek
5360,1429,teslim eteceksin,future,sen,gelecek
5361,1429,teslim etecek,future,o,gelecek
5362,1429,teslim eteceğiz,future,biz,gelecek
5363,1429,teslim eteceksiniz,future,siz,gelecek
5364,1429,teslim etecekler,future,onlar,gelecek
5365,1430,tıkanıyorum,present,ben,şimdi
5366,1430,tıkanıyorsun,present,sen,şimdi
5367,1430,tıkanıyor,present,o,şimdi
5368,1430,tıkanıyoruz,present,biz,şimdi
5369,1430,tıkanıyorsunuz,present,siz,şimdi
5370,1430,tıkanıyorlar,present,onlar,şimdi
5371,1430,tıkandım,past,ben,di
5372,1430,tıkandın,past,sen,di
5373,1430,tıkandı,past,o,di
5374,1430,tıkandık,past,biz,di
5375,1430,tıkandınız,past,siz,di
5376,1430,tıkandılar,past,onlar,di
5377,1430,tıkanacağım,future,ben,gelecek
5378,1430,tıkanacaksın,future,sen,gelecek
5379,1430,tıkanacak,future,o,gelecek
5380,1430,tıkanacağız,future,biz,gelecek
5381,1430,tıkanacaksınız,future,siz,gelecek
5382,1430,tıkanacaklar,future,onlar,gelecek
5383,1431,uğraşıyorum,present,ben,şimdi
5384,1431,uğraşıyorsun,present,sen,şimdi
5385,1431,uğraşıyor,present,o,şimdi
5386,1431,uğraşıyoruz,present,biz,şimdi
5387,1431,uğraşıyorsunuz,present,siz,şimdi
5388,1431,uğraşıyorlar,present,onlar,şimdi
5389,1431,uğraştım,past,ben,di
5390,1431,uğraştın,past,sen,di
5391,1431,uğraştı,past,o,di
5392,1431,uğraştık,past,biz,di
5393,1431,uğraştınız,past,siz,di
5394,1431,uğraştılar,past,onlar,di
5395,1431,uğraşacağım,future,ben,gelecek
5396,1431,uğraşacaksın,future,sen,gelecek
5397,1431,uğraşacak,future,o,gelecek
5398,1431,uğraşacağız,future,biz,gelecek
5399,1431,uğraşacaksınız,future,siz,gelecek
5400,1431,uğraşacaklar,future,onlar,gelecek
5401,1432,yadırgıyorum,present,ben,şimdi
5402,1432,yadırgıyorsun,present,sen,şimdi
5403,1432,yadırgıyor,present,o,şimdi
5404,1432,yadırgıyoruz,present,biz,şimdi
5405,1432,yadırgıyorsunuz,present,siz,şimdi
5406,1432,yadırgıyorlar,present,onlar,şimdi
5407,1432,yadırgadım,past,ben,di
5408,1432,yadırgadın,past,sen,di
5409,1432,yadırgadı,past,o,di
5410,1432,yadırgadık,past,biz,di
5411,1432,yadırgadınız,past,siz,di
5412,1432,yadırgadılar,past,onlar,di
5413,1432,yadırgayacağım,future,ben,gelecek
5414,1432,yadırgayacaksın,future,sen,gelecek
5415,1432,yadırgayacak,future,o,gelecek
5416,1432,yadırgayacağız,future,biz,gelecek
5417,1432,yadırgayacaksınız,future,siz,gelecek
5418,1432,yadırgayacaklar,future,onlar,gelecek
5419,1433,yansıtıyorum,present,ben,şimdi
5420,1433,yansıtıyorsun,present,sen,şimdi
5421,1433,yansıtıyor,present,o,şimdi
5422,1433,yansıtıyoruz,present,biz,şimdi
5423,1433,yansıtıyorsunuz,present,siz,şimdi
5424,1433,yansıtıyorlar,present,onlar,şimdi
5425,1433,yansıttım,past,ben,di
5426,1433,yansıttın,past,sen,di
5427,1433,yansıttı,past,o,di
5428,1433,yansıttık,past,biz,di
5429,1433,yansıttınız,past,siz,di
5430,1433,yansıttılar,past,onlar,di
5431,1433,yansıtacağım,future,ben,gelecek
5432,1433,yansıtacaksın,future,sen,gelecek
5433,1433,yansıtacak,future,o,gelecek
5434,1433,yansıtacağız,future,biz,gelecek
5435,1433,yansıtacaksınız,future,siz,gelecek
5436,1433,yansıtacaklar,future,onlar,gelecek
5437,1434,yardımcı oluyorum,present,ben,şimdi
5438,1434,yardımcı oluyorsun,present,sen,şimdi
5439,1434,yardımcı oluyor,present,o,şimdi
5440,1434,yardımcı oluyoruz,present,biz,şimdi
5441,1434,yardımcı oluyorsunuz,present,siz,şimdi
5442,1434,yardımcı oluyorlar,present,onlar,şimdi
5443,1434,yardımcı oldum,past,ben,di
5444,1434,yardımcı oldun,past,sen,di
5445,1434,yardımcı oldu,past,o,di
5446,1434,yardımcı olduk,past,biz,di
5447,1434,yardımcı oldunuz,past,siz,di
5448,1434,yardımcı oldular,past,onlar,di
5449,1434,yardımcı olacağım,future,ben,gelecek
5450,1434,yardımcı olacaksın,future,sen,gelecek
5451,1434,yardımcı olacak,future,o,gelecek
5452,1434,yardımcı olacağız,future,biz,gelecek
5453,1434,yardımcı olacaksınız,future,siz,gelecek
5454,1434,yardımcı olacaklar,future,onlar,gelecek
5455,1435,yığıyorum,present,ben,şimdi
5456,1435,yığıyorsun,present,sen,şimdi
5457,1435,yığıyor,present,o,şimdi
5458,1435,yığıyoruz,present,biz,şimdi
5459,1435,yığıyorsunuz,present,siz,şimdi
5460,1435,yığıyorlar,present,onlar,şimdi
5461,1435,yığdım,past,ben,di
5462,1435,yığdın,past,sen,di
5463,1435,yığdı,past,o,di
5464,1435,yığdık,past,biz,di
5465,1435,yığdınız,past,siz,di
5466,1435,yığdılar,past,onlar,di
5467,1435,yığacağım,future,ben,gelecek
5468,1435,yığacaksın,future,sen,gelecek
5469,1435,yığacak,future,o,gelecek
5470,1435,yığacağız,future,biz,gelecek
5471,1435,yığacaksınız,future,siz,gelecek
5472,1435,yığacaklar,future,onlar,gelecek
5473,1436,zenginleşiyorum,present,ben,şimdi
5474,1436,zenginleşiyorsun,present,sen,şimdi
5475,1436,zenginleşiyor,present,o,şimdi
5476,1436,zenginleşiyoruz,present,biz,şimdi
5477,1436,zenginleşiyorsunuz,present,siz,şimdi
5478,1436,zenginleşiyorlar,present,onlar,şimdi
5479,1436,zenginleştim,past,ben,di
5480,1436,zenginleştin,past,sen,di
5481,1436,zenginleşti,past,o,di
5482,1436,zenginleştik,past,biz,di
5483,1436,zenginleştiniz,past,siz,di
5484,1436,zenginleştiler,past,onlar,di
5485,1436,zenginleşeceğim,future,ben,gelecek
5486,1436,zenginleşeceksin,future,sen,gelecek
5487,1436,zenginleşecek,future,o,gelecek
5488,1436,zenginleşeceğiz,future,biz,gelecek
5489,1436,zenginleşeceksiniz,future,siz,gelecek
5490,1436,zenginleşecekler,future,onlar,gelecek
5491,1543,akıldan geçiriyorum,present,ben,şimdi
5492,1543,akıldan geçiriyorsun,present,sen,şimdi
5493,1543,akıldan geçiriyor,present,o,şimdi
5494,1543,akıldan geçiriyoruz,present,biz,şimdi
5495,1543,akıldan geçiriyorsunuz,present,siz,şimdi
5496,1543,akıldan geçiriyorlar,present,onlar,şimdi
5497,1543,akıldan geçirdim,past,ben,di
5498,1543,akıldan geçirdin,past,sen,di
5499,1543,akıldan geçirdi,past,o,di
5500,1543,akıldan geçirdik,past,biz,di
5501,1543,akıldan geçirdiniz,past,siz,di
5502,1543,akıldan geçirdiler,past,onlar,di
5503,1543,akıldan geçireceğim,future,ben,gelecek
5504,1543,akıldan geçireceksin,future,sen,gelecek
5505,1543,akıldan geçirecek,future,o,gelecek
5506,1543,akıldan geçireceğiz,future,biz,gelecek
5507,1543,akıldan geçireceksiniz,future,siz,gelecek
5508,1543,akıldan geçirecekler,future,onlar,gelecek
5509,1544,aklına getiriyorum,present,ben,şimdi
5510,1544,aklına getiriyorsun,present,sen,şimdi
5511,1544,aklına getiriyor,present,o,şimdi
5512,1544,aklına getiriyoruz,present,biz,şimdi
5513,1544,aklına getiriyorsunuz,present,siz,şimdi
5514,1544,aklına getiriyorlar,present,onlar,şimdi
5515,1544,aklına getirdim,past,ben,di
5516,1544,aklına getirdin,past,sen,di
5517,1544,aklına getirdi,past,o,di
5518,1544,aklına getirdik,past,biz,di
5519,1544,aklına getirdiniz,past,siz,di
5520,1544,aklına getirdiler,past,onlar,di
5521,1544,aklına getireceğim,future,ben,gelecek
5522,1544,aklına getireceksin,future,sen,gelecek
5523,1544,aklına getirecek,future,o,gelecek
5524,1544,aklına getireceğiz,future,biz,gelecek
5525,1544,aklına getireceksiniz,future,siz,gelecek
5526,1544,aklına getirecekler,future,onlar,gelecek
5527,1545,aksıyorum,present,ben,şimdi
5528,1545,aksıyorsun,present,sen,şimdi
5529,1545,aksıyor,present,o,şimdi
5530,1545,aksıyoruz,present,biz,şimdi
5531,1545,aksıyorsunuz,present,siz,şimdi
5532,1545,aksıyorlar,present,onlar,şimdi
5533,1545,aksadım,past,ben,di
5534,1545,aksadın,past,sen,di
5535,1545,aksadı,past,o,di
5536,1545,aksadık,past,biz,di
5537,1545,aksadınız,past,siz,di
5538,1545,aksadılar,past,onlar,di
5539,1545,aksayacağım,future,ben,gelecek
5540,1545,aksayacaksın,future,sen,gelecek
5541,1545,aksayacak,future,o,gelecek
5542,1545,aksayacağız,future,biz,gelecek
5543,1545,aksayacaksınız,future,siz,gelecek
5544,1545,aksayacaklar,future,onlar,gelecek
5545,1546,anımsıyorum,present,ben,şimdi
5546,1546,anımsıyorsun,present,sen,şimdi
5547,1546,anımsıyor,present,o,şimdi
5548,1546,anımsıyoruz,present,biz,şimdi
5549,1546,anımsıyorsunuz,present,siz,şimdi
5550,1546,anımsıyorlar,present,onlar,şimdi
5551,1546,anımsadım,past,ben,di
5552,1546,anımsadın,past,sen,di
5553,1546,anımsadı,past,o,di
5554,1546,anımsadık,past,biz,di
5555,1546,anımsadınız,past,siz,di
5556,1546,anımsadılar,past,onlar,di
5557,1546,anımsayacağım,future,ben,gelecek
5558,1546,anımsayacaksın,future,sen,gelecek
5559,1546,anımsayacak,future,o,gelecek
5560,1546,anımsayacağız,future,biz,gelecek
5561,1546,anımsayacaksınız,future,siz,gelecek
5562,1546,anımsayacaklar,future,onlar,gelecek
5563,1547,aşıyorum,present,ben,şimdi
5564,1547,aşıyorsun,present,sen,şimdi
5565,1547,aşıyor,present,o,şimdi
5566,1547,aşıyoruz,present,biz,şimdi
5567,1547,aşıyorsunuz,present,siz,şimdi
5568,1547,aşıyorlar,present,onlar,şimdi
5569,1547,aştım,past,ben,di
5570,1547,aştın,past,sen,di
5571,1547,aştı,past,o,di
5572,1547,aştık,past,biz,di
5573,1547,aştınız,past,siz,di
5574,1547,aştılar,past,onlar,di
5575,1547,aşacağım,future,ben,gelecek
5576,1547,aşacaksın,future,sen,gelecek
5577,1547,aşacak,future,o,gelecek
5578,1547,aşacağız,future,biz,gelecek
5579,1547,aşacaksınız,future,siz,gelecek
5580,1547,aşacaklar,future,onlar,gelecek
5581,1548,bahsetiyorum,present,ben,şimdi
5582,1548,bahsetiyorsun,present,sen,şimdi
5583,1548,bahsetiyor,present,o,şimdi
5584,1548,bahsetiyoruz,present,biz,şimdi
5585,1548,bahsetiyorsunuz,present,siz,şimdi
5586,1548,bahsetiyorlar,present,onlar,şimdi
5587,1548,bahsettim,past,ben,di
5588,1548,bahsettin,past,sen,di
5589,1548,bahsetti,past,o,di
5590,1548,bahsettik,past,biz,di
5591,1548,bahsettiniz,past,siz,di
5592,1548,bahsettiler,past,onlar,di
5593,1548,bahseteceğim,future,ben,gelecek
5594,1548,bahseteceksin,future,sen,gelecek
5595,1548,bahsetecek,future,o,gelecek
5596,1548,bahseteceğiz,future,biz,gelecek
5597,1548,bahseteceksiniz,future,siz,gelecek
5598,1548,bahsetecekler,future,onlar,gelecek
5599,1549,belirliyorum,present,ben,şimdi
5600,1549,belirliyorsun,present,sen,şimdi
5601,1549,belirliyor,present,o,şimdi
5602,1549,belirliyoruz,present,biz,şimdi
5603,1549,belirliyorsunuz,present,siz,şimdi
5604,1549,belirliyorlar,present,onlar,şimdi
5605,1549,belirledim,past,ben,di
5606,1549,belirledin,past,sen,di
5607,1549,belirledi,past,o,di
5608,1549,belirledik,past,biz,di
5609,1549,belirlediniz,past,siz,di
5610,1549,belirlediler,past,onlar,di
5611,1549,belirleyeceğim,future,ben,gelecek
5612,1549,belirleyeceksin,future,sen,gelecek
5613,1549,belirleyecek,future,o,gelecek
5614,1549,belirleyeceğiz,future,biz,gelecek
5615,1549,belirleyeceksiniz,future,siz,gelecek
5616,1549,belirleyecekler,future,onlar,gelecek
5617,1550,bocalıyorum,present,ben,şimdi
5618,1550,bocalıyorsun,present,sen,şimdi
5619,1550,bocalıyor,present,o,şimdi
5620,1550,bocalıyoruz,present,biz,şimdi
5621,1550,bocalıyorsunuz,present,siz,şimdi
5622,1550,bocalıyorlar,present,onlar,şimdi
5623,1550,bocaladım,past,ben,di
5624,1550,bocaladın,past,sen,di
5625,1550,bocaladı,past,o,di
5626,1550,bocaladık,past,biz,di
5627,1550,bocaladınız,past,siz,di
5628,1550,bocaladılar,past,onlar,di
5629,1550,bocalayacağım,future,ben,gelecek
5630,1550,bocalayacaksın,future,sen,gelecek
5631,1550,bocalayacak,future,o,gelecek
5632,1550,bocalayacağız,future,biz,gelecek
5633,1550,bocalayacaksınız,future,siz,gelecek
5634,1550,bocalayacaklar,future,onlar,gelecek
5635,1551,cesaret ediyorum,present,ben,şimdi
5636,1551,cesaret ediyorsun,present,sen,şimdi
5637,1551,cesaret ediyor,present,o,şimdi
5638,1551,cesaret ediyoruz,present,biz,şimdi
5639,1551,cesaret ediyorsunuz,present,siz,şimdi
5640,1551,cesaret ediyorlar,present,onlar,şimdi
5641,1551,cesaret ettim,past,ben,di
5642,1551,cesaret ettin,past,sen,di
5643,1551,cesaret etti,past,o,di
5644,1551,cesaret ettik,past,biz,di
5645,1551,cesaret ettiniz,past,siz,di
5646,1551,cesaret ettiler,past,onlar,di
5647,1551,cesaret eteceğim,future,ben,gelecek
5648,1551,cesaret eteceksin,future,sen,gelecek
5649,1551,cesaret etecek,future,o,gelecek
5650,1551,cesaret eteceğiz,future,biz,gelecek
5651,1551,cesaret eteceksiniz,future,siz,gelecek
5652,1551,cesaret etecekler,future,onlar,gelecek
5653,1552,depolıyorum,present,ben,şimdi
5654,1552,depolıyorsun,present,sen,şimdi
5655,1552,depolıyor,present,o,şimdi
5656,1552,depolıyoruz,present,biz,şimdi
5657,1552,depolıyorsunuz,present,siz,şimdi
5658,1552,depolıyorlar,present,onlar,şimdi
5659,1552,depoladım,past,ben,di
5660,1552,depoladın,past,sen,di
5661,1552,depoladı,past,o,di
5662,1552,depoladık,past,biz,di
5663,1552,depoladınız,past,siz,di
5664,1552,depoladılar,past,onlar,di
5665,1552,depolayacağım,future,ben,gelecek
5666,1552,depolayacaksın,future,sen,gelecek
5667,1552,depolayacak,future,o,gelecek
5668,1552,depolayacağız,future,biz,gelecek
5669,1552,depolayacaksınız,future,siz,gelecek
5670,1552,depolayacaklar,future,onlar,gelecek
5671,1553,dokunuyorum,present,ben,şimdi
5672,1553,dokunuyorsun,present,sen,şimdi
5673,1553,dokunuyor,present,o,şimdi
5674,1553,dokunuyoruz,present,biz,şimdi
5675,1553,dokunuyorsunuz,present,siz,şimdi
5676,1553,dokunuyorlar,present,onlar,şimdi
5677,1553,dokundum,past,ben,di
5678,1553,dokundun,past,sen,di
5679,1553,dokundu,past,o,di
5680,1553,dokunduk,past,biz,di
5681,1553,dokundunuz,past,siz,di
5682,1553,dokundular,past,onlar,di
5683,1553,dokunacağım,future,ben,gelecek
5684,1553,dokunacaksın,future,sen,gelecek
5685,1553,dokunacak,future,o,gelecek
5686,1553,dokunacağız,future,biz,gelecek
5687,1553,dokunacaksınız,future,siz,gelecek
5688,1553,dokunacaklar,future,onlar,gelecek
5689,1554,dönüşüyorum,present,ben,şimdi
5690,1554,dönüşüyorsun,present,sen,şimdi
5691,1554,dönüşüyor,present,o,şimdi
5692,1554,dönüşüyoruz,present,biz,şimdi
5693,1554,dönüşüyorsunuz,present,siz,şimdi
5694,1554,dönüşüyorlar,present,onlar,şimdi
5695,1554,dönüştüm,past,ben,di
5696,1554,dönüştün,past,sen,di
5697,1554,dönüştü,past,o,di
5698,1554,dönüştük,past,biz,di
5699,1554,dönüştünüz,past,siz,di
5700,1554,dönüştüler,past,onlar,di
5701,1554,dönüşeceğim,future,ben,gelecek
5702,1554,dönüşeceksin,future,sen,gelecek
5703,1554,dönüşecek,future,o,gelecek
5704,1554,dönüşeceğiz,future,biz,gelecek
5705,1554,dönüşeceksiniz,future,siz,gelecek
5706,1554,dönüşecekler,future,onlar,gelecek
5707,1555,eleştiriyorum,present,ben,şimdi
5708,1555,eleştiriyorsun,present,sen,şimdi
5709,1555,eleştiriyor,present,o,şimdi
5710,1555,eleştiriyoruz,present,biz,şimdi
5711,1555,eleştiriyorsunuz,present,siz,şimdi
5712,1555,eleştiriyorlar,present,onlar,şimdi
5713,1555,eleştirdim,past,ben,di
5714,1555,eleştirdin,past,sen,di
5715,1555,eleştirdi,past,o,di
5716,1555,eleştirdik,past,biz,di
5717,1555,eleştirdiniz,past,siz,di
5718,1555,eleştirdiler,past,onlar,di
5719,1555,eleştireceğim,future,ben,gelecek
5720,1555,eleştireceksin,future,sen,gelecek
5721,1555,eleştirecek,future,o,gelecek
5722,1555,eleştireceğiz,future,biz,gelecek
5723,1555,eleştireceksiniz,future,siz,gelecek
5724,1555,eleştirecekler,future,onlar,gelecek
5725,1556,geliştiriyorum,present,ben,şimdi
5726,1556,geliştiriyorsun,present,sen,şimdi
5727,1556,geliştiriyor,present,o,şimdi
5728,1556,geliştiriyoruz,present,biz,şimdi
5729,1556,geliştiriyorsunuz,present,siz,şimdi
5730,1556,geliştiriyorlar,present,onlar,şimdi
5731,1556,geliştirdim,past,ben,di
5732,1556,geliştirdin,past,sen,di
5733,1556,geliştirdi,past,o,di
5734,1556,geliştirdik,past,biz,di
5735,1556,geliştirdiniz,past,siz,di
5736,1556,geliştirdiler,past,onlar,di
5737,1556,geliştireceğim,future,ben,gelecek
5738,1556,geliştireceksin,future,sen,gelecek
5739,1556,geliştirecek,future,o,gelecek
5740,1556,geliştireceğiz,future,biz,gelecek
5741,1556,geliştireceksiniz,future,siz,gelecek
5742,1556,geliştirecekler,future,onlar,gelecek
5743,1557,gerektiriyorum,present,ben,şimdi
5744,1557,gerektiriyorsun,present,sen,şimdi
5745,1557,gerektiriyor,present,o,şimdi
5746,1557,gerektiriyoruz,present,biz,şimdi
5747,1557,gerektiriyorsunuz,present,siz,şimdi
5748,1557,gerektiriyorlar,present,onlar,şimdi
5749,1557,gerektirdim,past,ben,di
5750,1557,gerektirdin,past,sen,di
5751,1557,gerektirdi,past,o,di
5752,1557,gerektirdik,past,biz,di
5753,1557,gerektirdiniz,past,siz,di
5754,1557,gerektirdiler,past,onlar,di
5755,1557,gerektireceğim,future,ben,gelecek
5756,1557,gerektireceksin,future,sen,gelecek
5757,1557,gerektirecek,future,o,gelecek
5758,1557,gerektireceğiz,future,biz,gelecek
5759,1557,gerektireceksiniz,future,siz,gelecek
5760,1557,gerektirecekler,future,onlar,gelecek
5761,1558,görevlendiriyorum,present,ben,şimdi
5762,1558,görevlendiriyorsun,present,sen,şimdi
5763,1558,görevlendiriyor,present,o,şimdi
5764,1558,görevlendiriyoruz,present,biz,şimdi
5765,1558,görevlendiriyorsunuz,present,siz,şimdi
5766,1558,görevlendiriyorlar,present,onlar,şimdi
5767,1558,görevlendirdim,past,ben,di
5768,1558,görevlendirdin,past,sen,di
5769,1558,görevlendirdi,past,o,di
5770,1558,görevlendirdik,past,biz,di
5771,1558,görevlendirdiniz,past,siz,di
5772,1558,görevlendirdiler,past,onlar,di
5773,1558,görevlendireceğim,future,ben,gelecek
5774,1558,görevlendireceksin,future,sen,gelecek
5775,1558,görevlendirecek,future,o,gelecek
5776,1558,görevlendireceğiz,future,biz,gelecek
5777,1558,görevlendireceksiniz,future,siz,gelecek
5778,1558,görevlendirecekler,future,onlar,gelecek
5779,1559,gütüyorum,present,ben,şimdi
5780,1559,gütüyorsun,present,sen,şimdi
5781,1559,gütüyor,present,o,şimdi
5782,1559,gütüyoruz,present,biz,şimdi
5783,1559,gütüyorsunuz,present,siz,şimdi
5784,1559,gütüyorlar,present,onlar,şimdi
5785,1559,güttüm,past,ben,di
5786,1559,güttün,past,sen,di
5787,1559,güttü,past,o,di
5788,1559,güttük,past,biz,di
5789,1559,güttünüz,past,siz,di
5790,1559,güttüler,past,onlar,di
5791,1559,güteceğim,future,ben,gelecek
5792,1559,güteceksin,future,sen,gelecek
5793,1559,gütecek,future,o,gelecek
5794,1559,güteceğiz,future,biz,gelecek
5795,1559,güteceksiniz,future,siz,gelecek
5796,1559,gütecekler,future,onlar,gelecek
5797,1560,ilgi çekiyorum,present,ben,şimdi
5798,1560,ilgi çekiyorsun,present,sen,şimdi
5799,1560,ilgi çekiyor,present,o,şimdi
5800,1560,ilgi çekiyoruz,present,biz,şimdi
5801,1560,ilgi çekiyorsunuz,present,siz,şimdi
5802,1560,ilgi çekiyorlar,present,onlar,şimdi
5803,1560,ilgi çektim,past,ben,di
5804,1560,ilgi çektin,past,sen,di
5805,1560,ilgi çekti,past,o,di
5806,1560,ilgi çektik,past,biz,di
5807,1560,ilgi çektiniz,past,siz,di
5808,1560,ilgi çektiler,past,onlar,di
5809,1560,ilgi çekeceğim,future,ben,gelecek
5810,1560,ilgi çekeceksin,future,sen,gelecek
5811,1560,ilgi çekecek,future,o,gelecek
5812,1560,ilgi çekeceğiz,future,biz,gelecek
5813,1560,ilgi çekeceksiniz,future,siz,gelecek
5814,1560,ilgi çekecekler,future,onlar,gelecek
5815,1561,imza atıyorum,present,ben,şimdi
5816,1561,imza atıyorsun,present,sen,şimdi
5817,1561,imza atıyor,present,o,şimdi
5818,1561,imza atıyoruz,present,biz,şimdi
5819,1561,imza atıyorsunuz,present,siz,şimdi
5820,1561,imza atıyorlar,present,onlar,şimdi
5821,1561,imza attım,past,ben,di
5822,1561,imza attın,past,sen,di
5823,1561,imza attı,past,o,di
5824,1561,imza attık,past,biz,di
5825,1561,imza attınız,past,siz,di
5826,1561,imza attılar,past,onlar,di
5827,1561,imza atacağım,future,ben,gelecek
5828,1561,imza atacaksın,future,sen,gelecek
5829,1561,imza atacak,future,o,gelecek
5830,1561,imza atacağız,future,biz,gelecek
5831,1561,imza atacaksınız,future,siz,gelecek
5832,1561,imza atacaklar,future,onlar,gelecek
5833,1562,izin veriyorum,present,ben,şimdi
5834,1562,izin veriyorsun,present,sen,şimdi
5835,1562,izin veriyor,present,o,şimdi
5836,1562,izin veriyoruz,present,biz,şimdi
5837,1562,izin veriyorsunuz,present,siz,şimdi
5838,1562,izin veriyorlar,present,onlar,şimdi
5839,1562,izin verdim,past,ben,di
5840,1562,izin verdin,past,sen,di
5841,1562,izin verdi,past,o,di
5842,1562,izin verdik,past,biz,di
5843,1562,izin verdiniz,past,siz,di
5844,1562,izin verdiler,past,onlar,di
5845,1562,izin vereceğim,future,ben,gelecek
5846,1562,izin vereceksin,future,sen,gelecek
5847,1562,izin verecek,future,o,gelecek
5848,1562,izin vereceğiz,future,biz,gelecek
5849,1562,izin vereceksiniz,future,siz,gelecek
5850,1562,izin verecekler,future,onlar,gelecek
5851,1563,kaçınıyorum,present,ben,şimdi
5852,1563,kaçınıyorsun,present,sen,şimdi
5853,1563,kaçınıyor,present,o,şimdi
5854,1563,kaçınıyoruz,present,biz,şimdi
5855,1563,kaçınıyorsunuz,present,siz,şimdi
5856,1563,kaçınıyorlar,present,onlar,şimdi
5857,1563,kaçındım,past,ben,di
5858,1563,kaçındın,past,sen,di
5859,1563,kaçındı,past,o,di
5860,1563,kaçındık,past,biz,di
5861,1563,kaçındınız,past,siz,di
5862,1563,kaçındılar,past,onlar,di
5863,1563,kaçınacağım,future,ben,gelecek
5864,1563,kaçınacaksın,future,sen,gelecek
5865,1563,kaçınacak,future,o,gelecek
5866,1563,kaçınacağız,future,biz,gelecek
5867,1563,kaçınacaksınız,future,siz,gelecek
5868,1563,kaçınacaklar,future,onlar,gelecek
5869,1564,kanıtlıyorum,present,ben,şimdi
5870,1564,kanıtlıyorsun,present,sen,şimdi
5871,1564,kanıtlıyor,present,o,şimdi
5872,1564,kanıtlıyoruz,present,biz,şimdi
5873,1564,kanıtlıyorsunuz,present,siz,şimdi
5874,1564,kanıtlıyorlar,present,onlar,şimdi
5875,1564,kanıtladım,past,ben,di
5876,1564,kanıtladın,past,sen,di
5877,1564,kanıtladı,past,o,di
5878,1564,kanıtladık,past,biz,di
5879,1564,kanıtladınız,past,siz,di
5880,1564,kanıtladılar,past,onlar,di
5881,1564,kanıtlayacağım,future,ben,gelecek
5882,1564,kanıtlayacaksın,future,sen,gelecek
5883,1564,kanıtlayacak,future,o,gelecek
5884,1564,kanıtlayacağız,future,biz,gelecek
5885,1564,kanıtlayacaksınız,future,siz,gelecek
5886,1564,kanıtlayacaklar,future,onlar,gelecek
5887,1565,kaptırıyorum,present,ben,şimdi
5888,1565,kaptırıyorsun,present,sen,şimdi
5889,1565,kaptırıyor,present,o,şimdi
5890,1565,kaptırıyoruz,present,biz,şimdi
5891,1565,kaptırıyorsunuz,present,siz,şimdi
5892,1565,kaptırıyorlar,present,onlar,şimdi
5893,1565,kaptırdım,past,ben,di
5894,1565,kaptırdın,past,sen,di
5895,1565,kaptırdı,past,o,di
5896,1565,kaptırdık,past,biz,di
5897,1565,kaptırdınız,past,siz,di
5898,1565,kaptırdılar,past,onlar,di
5899,1565,kaptıracağım,future,ben,gelecek
5900,1565,kaptıracaksın,future,sen,gelecek
5901,1565,kaptıracak,future,o,gelecek
5902,1565,kaptıracağız,future,biz,gelecek
5903,1565,kaptıracaksınız,future,siz,gelecek
5904,1565,kaptıracaklar,future,onlar,gelecek
5905,1566,kırılıyorum,present,ben,şimdi
5906,1566,kırılıyorsun,present,sen,şimdi
5907,1566,kırılıyor,present,o,şimdi
5908,1566,kırılıyoruz,present,biz,şimdi
5909,1566,kırılıyorsunuz,present,siz,şimdi
5910,1566,kırılıyorlar,present,onlar,şimdi
5911,1566,kırıldım,past,ben,di
5912,1566,kırıldın,past,sen,di
5913,1566,kırıldı,past,o,di
5914,1566,kırıldık,past,biz,di
5915,1566,kırıldınız,past,siz,di
5916,1566,kırıldılar,past,onlar,di
5917,1566,kırılacağım,future,ben,gelecek
5918,1566,kırılacaksın,future,sen,gelecek
5919,1566,kırılacak,future,o,gelecek
5920,1566,kırılacağız,future,biz,gelecek
5921,1566,kırılacaksınız,future,siz,gelecek
5922,1566,kırılacaklar,future,onlar,gelecek
5923,1567,kuruyorum,present,ben,şimdi
5924,1567,kuruyorsun,present,sen,şimdi
5925,1567,kuruyor,present,o,şimdi
5926,1567,kuruyoruz,present,biz,şimdi
5927,1567,kuruyorsunuz,present,siz,şimdi
5928,1567,kuruyorlar,present,onlar,şimdi
5929,1567,kurdum,past,ben,di
5930,1567,kurdun,past,sen,di
5931,1567,kurdu,past,o,di
5932,1567,kurduk,past,biz,di
5933,1567,kurdunuz,past,siz,di
5934,1567,kurdular,past,onlar,di
5935,1567,kuracağım,future,ben,gelecek
5936,1567,kuracaksın,future,sen,gelecek
5937,1567,kuracak,future,o,gelecek
5938,1567,kuracağız,future,biz,gelecek
5939,1567,kuracaksınız,future,siz,gelecek
5940,1567,kuracaklar,future,onlar,gelecek
5941,1568,kurtarıyorum,present,ben,şimdi
5942,1568,kurtarıyorsun,present,sen,şimdi
5943,1568,kurtarıyor,present,o,şimdi
5944,1568,kurtarıyoruz,present,biz,şimdi
5945,1568,kurtarıyorsunuz,present,siz,şimdi
5946,1568,kurtarıyorlar,present,onlar,şimdi
5947,1568,kurtardım,past,ben,di
5948,1568,kurtardın,past,sen,di
5949,1568,kurtardı,past,o,di
5950,1568,kurtardık,past,biz,di
5951,1568,kurtardınız,past,siz,di
5952,1568,kurtardılar,past,onlar,di
5953,1568,kurtaracağım,future,ben,gelecek
5954,1568,kurtaracaksın,future,sen,gelecek
5955,1568,kurtaracak,future,o,gelecek
5956,1568,kurtaracağız,future,biz,gelecek
5957,1568,kurtaracaksınız,future,siz,gelecek
5958,1568,kurtaracaklar,future,onlar,gelecek
5959,1569,motive ediyorum,present,ben,şimdi
5960,1569,motive ediyorsun,present,sen,şimdi
5961,1569,motive ediyor,present,o,şimdi
5962,1569,motive ediyoruz,present,biz,şimdi
5963,1569,motive ediyorsunuz,present,siz,şimdi
5964,1569,motive ediyorlar,present,onlar,şimdi
5965,1569,motive ettim,past,ben,di
5966,1569,motive ettin,past,sen,di
5967,1569,motive etti,past,o,di
5968,1569,motive ettik,past,biz,di
5969,1569,motive ettiniz,past,siz,di
5970,1569,motive ettiler,past,onlar,di
5971,1569,motive eteceğim,future,ben,gelecek
5972,1569,motive eteceksin,future,sen,gelecek
5973,1569,motive etecek,future,o,gelecek
5974,1569,motive eteceğiz,future,biz,gelecek
5975,1569,motive eteceksiniz,future,siz,gelecek
5976,1569,motive etecekler,future,onlar,gelecek
5977,1570,paylaşıyorum,present,ben,şimdi
5978,1570,paylaşıyorsun,present,sen,şimdi
5979,1570,paylaşıyor,present,o,şimdi
5980,1570,paylaşıyoruz,present,biz,şimdi
5981,1570,paylaşıyorsunuz,present,siz,şimdi
5982,1570,paylaşıyorlar,present,onlar,şimdi
5983,1570,paylaştım,past,ben,di
5984,1570,paylaştın,past,sen,di
5985,1570,paylaştı,past,o,di
5986,1570,paylaştık,past,biz,di
5987,1570,paylaştınız,past,siz,di
5988,1570,paylaştılar,past,onlar,di
5989,1570,paylaşacağım,future,ben,gelecek
5990,1570,paylaşacaksın,future,sen,gelecek
5991,1570,paylaşacak,future,o,gelecek
5992,1570,paylaşacağız,future,biz,gelecek
5993,1570,paylaşacaksınız,future,siz,gelecek
5994,1570,paylaşacaklar,future,onlar,gelecek
5995,1571,rica ediyorum,present,ben,şimdi
5996,1571,rica ediyorsun,present,sen,şimdi
5997,1571,rica ediyor,present,o,şimdi
5998,1571,rica ediyoruz,present,biz,şimdi
5999,1571,rica ediyorsunuz,present,siz,şimdi
6000,1571,rica ediyorlar,present,onlar,şimdi
6001,1571,rica ettim,past,ben,di
6002,1571,rica ettin,past,sen,di
6003,1571,rica etti,past,o,di
6004,1571,rica ettik,past,biz,di
6005,1571,rica ettiniz,past,siz,di
6006,1571,rica ettiler,past,onlar,di
6007,1571,rica eteceğim,future,ben,gelecek
6008,1571,rica eteceksin,future,sen,gelecek
6009,1571,rica etecek,future,o,gelecek
6010,1571,rica eteceğiz,future,biz,gelecek
6011,1571,rica eteceksiniz,future,siz,gelecek
6012,1571,rica etecekler,future,onlar,gelecek
6013,1572,sağlıyorum,present,ben,şimdi
6014,1572,sağlıyorsun,present,sen,şimdi
6015,1572,sağlıyor,present,o,şimdi
6016,1572,sağlıyoruz,present,biz,şimdi
6017,1572,sağlıyorsunuz,present,siz,şimdi
6018,1572,sağlıyorlar,present,onlar,şimdi
6019,1572,sağladım,past,ben,di
6020,1572,sağladın,past,sen,di
6021,1572,sağladı,past,o,di
6022,1572,sağladık,past,biz,di
6023,1572,sağladınız,past,siz,di
6024,1572,sağladılar,past,onlar,di
6025,1572,sağlayacağım,future,ben,gelecek
6026,1572,sağlayacaksın,future,sen,gelecek
6027,1572,sağlayacak,future,o,gelecek
6028,1572,sağlayacağız,future,biz,gelecek
6029,1572,sağlayacaksınız,future,siz,gelecek
6030,1572,sağlayacaklar,future,onlar,gelecek
6031,1573,sayıyorum,present,ben,şimdi
6032,1573,sayıyorsun,present,sen,şimdi
6033,1573,sayıyor,present,o,şimdi
6034,1573,sayıyoruz,present,biz,şimdi
6035,1573,sayıyorsunuz,present,siz,şimdi
6036,1573,sayıyorlar,present,onlar,şimdi
6037,1573,saydım,past,ben,di
6038,1573,saydın,past,sen,di
6039,1573,saydı,past,o,di
6040,1573,saydık,past,biz,di
6041,1573,saydınız,past,siz,di
6042,1573,saydılar,past,onlar,di
6043,1573,sayacağım,future,ben,gelecek
6044,1573,sayacaksın,future,sen,gelecek
6045,1573,sayacak,future,o,gelecek
6046,1573,sayacağız,future,biz,gelecek
6047,1573,sayacaksınız,future,siz,gelecek
6048,1573,sayacaklar,future,onlar,gelecek
6049,1574,sıyrılıyorum,present,ben,şimdi
6050,1574,sıyrılıyorsun,present,sen,şimdi
6051,1574,sıyrılıyor,present,o,şimdi
6052,1574,sıyrılıyoruz,present,biz,şimdi
6053,1574,sıyrılıyorsunuz,present,siz,şimdi
6054,1574,sıyrılıyorlar,present,onlar,şimdi
6055,1574,sıyrıldım,past,ben,di
6056,1574,sıyrıldın,past,sen,di
6057,1574,sıyrıldı,past,o,di
6058,1574,sıyrıldık,past,biz,di
6059,1574,sıyrıldınız,past,siz,di
6060,1574,sıyrıldılar,past,onlar,di
6061,1574,sıyrılacağım,future,ben,gelecek
6062,1574,sıyrılacaksın,future,sen,gelecek
6063,1574,sıyrılacak,future,o,gelecek
6064,1574,sıyrılacağız,future,biz,gelecek
6065,1574,sıyrılacaksınız,future,siz,gelecek
6066,1574,sıyrılacaklar,future,onlar,gelecek
6067,1575,söz tutuyorum,present,ben,şimdi
6068,1575,söz tutuyorsun,present,sen,şimdi
6069,1575,söz tutuyor,present,o,şimdi
6070,1575,söz tutuyoruz,present,biz,şimdi
6071,1575,söz tutuyorsunuz,present,siz,şimdi
6072,1575,söz tutuyorlar,present,onlar,şimdi
6073,1575,söz tuttum,past,ben,di
6074,1575,söz tuttun,past,sen,di
6075,1575,söz tuttu,past,o,di
6076,1575,söz tuttuk,past,biz,di
6077,1575,söz tuttunuz,past,siz,di
6078,1575,söz tuttular,past,onlar,di
6079,1575,söz tutacağım,future,ben,gelecek
6080,1575,söz tutacaksın,future,sen,gelecek
6081,1575,söz tutacak,future,o,gelecek
6082,1575,söz tutacağız,future,biz,gelecek
6083,1575,söz tutacaksınız,future,siz,gelecek
6084,1575,söz tutacaklar,future,onlar,gelecek
6085,1576,şikayet ediyorum,present,ben,şimdi
6086,1576,şikayet ediyorsun,present,sen,şimdi
6087,1576,şikayet ediyor,present,o,şimdi
6088,1576,şikayet ediyoruz,present,biz,şimdi
6089,1576,şikayet ediyorsunuz,present,siz,şimdi
6090,1576,şikayet ediyorlar,present,onlar,şimdi
6091,1576,şikayet ettim,past,ben,di
6092,1576,şikayet ettin,past,sen,di
6093,1576,şikayet etti,past,o,di
6094,1576,şikayet ettik,past,biz,di
6095,1576,şikayet ettiniz,past,siz,di
6096,1576,şikayet ettiler,past,onlar,di
6097,1576,şikayet eteceğim,future,ben,gelecek
6098,1576,şikayet eteceksin,future,sen,gelecek
6099,1576,şikayet etecek,future,o,gelecek
6100,1576,şikayet eteceğiz,future,biz,gelecek
6101,1576,şikayet eteceksiniz,future,siz,gelecek
6102,1576,şikayet etecekler,future,onlar,gelecek
6103,1577,tanımlıyorum,present,ben,şimdi
6104,1577,tanımlıyorsun,present,sen,şimdi
6105,1577,tanımlıyor,present,o,şimdi
6106,1577,tanımlıyoruz,present,biz,şimdi
6107,1577,tanımlıyorsunuz,present,siz,şimdi
6108,1577,tanımlıyorlar,present,onlar,şimdi
6109,1577,tanımladım,past,ben,di
6110,1577,tanımladın,past,sen,di
6111,1577,tanımladı,past,o,di
6112,1577,tanımladık,past,biz,di
6113,1577,tanımladınız,past,siz,di
6114,1577,tanımladılar,past,onlar,di
6115,1577,tanımlayacağım,future,ben,gelecek
6116,1577,tanımlayacaksın,future,sen,gelecek
6117,1577,tanımlayacak,future,o,gelecek
6118,1577,tanımlayacağız,future,biz,gelecek
6119,1577,tanımlayacaksınız,future,siz,gelecek
6120,1577,tanımlayacaklar,future,onlar,gelecek
6121,1578,tüketiyorum,present,ben,şimdi
6122,1578,tüketiyorsun,present,sen,şimdi
6123,1578,tüketiyor,present,o,şimdi
6124,1578,tüketiyoruz,present,biz,şimdi
6125,1578,tüketiyorsunuz,present,siz,şimdi
6126,1578,tüketiyorlar,present,onlar,şimdi
6127,1578,tükettim,past,ben,di
6128,1578,tükettin,past,sen,di
6129,1578,tüketti,past,o,di
6130,1578,tükettik,past,biz,di
6131,1578,tükettiniz,past,siz,di
6132,1578,tükettiler,past,onlar,di
6133,1578,tüketeceğim,future,ben,gelecek
6134,1578,tüketeceksin,future,sen,gelecek
6135,1578,tüketecek,future,o,gelecek
6136,1578,tüketeceğiz,future,biz,gelecek
6137,1578,tüketeceksiniz,future,siz,gelecek
6138,1578,tüketecekler,future,onlar,gelecek
6139,1579,ulaşıyorum,present,ben,şimdi
6140,1579,ulaşıyorsun,present,sen,şimdi
6141,1579,ulaşıyor,present,o,şimdi
6142,1579,ulaşıyoruz,present,biz,şimdi
6143,1579,ulaşıyorsunuz,present,siz,şimdi
6144,1579,ulaşıyorlar,present,onlar,şimdi
6145,1579,ulaştım,past,ben,di
6146,1579,ulaştın,past,sen,di
6147,1579,ulaştı,past,o,di
6148,1579,ulaştık,past,biz,di
6149,1579,ulaştınız,past,siz,di
6150,1579,ulaştılar,past,onlar,di
6151,1579,ulaşacağım,future,ben,gelecek
6152,1579,ulaşacaksın,future,sen,gelecek
6153,1579,ulaşacak,future,o,gelecek
6154,1579,ulaşacağız,future,biz,gelecek
6155,1579,ulaşacaksınız,future,siz,gelecek
6156,1579,ulaşacaklar,future,onlar,gelecek
6157,1580,uzaklaşıyorum,present,ben,şimdi
6158,1580,uzaklaşıyorsun,present,sen,şimdi
6159,1580,uzaklaşıyor,present,o,şimdi
6160,1580,uzaklaşıyoruz,present,biz,şimdi
6161,1580,uzaklaşıyorsunuz,present,siz,şimdi
6162,1580,uzaklaşıyorlar,present,onlar,şimdi
6163,1580,uzaklaştım,past,ben,di
6164,1580,uzaklaştın,past,sen,di
6165,1580,uzaklaştı,past,o,di
6166,1580,uzaklaştık,past,biz,di
6167,1580,uzaklaştınız,past,siz,di
6168,1580,uzaklaştılar,past,onlar,di
6169,1580,uzaklaşacağım,future,ben,gelecek
6170,1580,uzaklaşacaksın,future,sen,gelecek
6171,1580,uzaklaşacak,future,o,gelecek
6172,1580,uzaklaşacağız,future,biz,gelecek
6173,1580,uzaklaşacaksınız,future,siz,gelecek
6174,1580,uzaklaşacaklar,future,onlar,gelecek
6175,1581,uzıyorum,present,ben,şimdi
6176,1581,uzıyorsun,present,sen,şimdi
6177,1581,uzıyor,present,o,şimdi
6178,1581,uzıyoruz,present,biz,şimdi
6179,1581,uzıyorsunuz,present,siz,şimdi
6180,1581,uzıyorlar,present,onlar,şimdi
6181,1581,uzadım,past,ben,di
6182,1581,uzadın,past,sen,di
6183,1581,uzadı,past,o,di
6184,1581,uzadık,past,biz,di
6185,1581,uzadınız,past,siz,di
6186,1581,uzadılar,past,onlar,di
6187,1581,uzayacağım,future,ben,gelecek
6188,1581,uzayacaksın,future,sen,gelecek
6189,1581,uzayacak,future,o,gelecek
6190,1581,uzayacağız,future,biz,gelecek
6191,1581,uzayacaksınız,future,siz,gelecek
6192,1581,uzayacaklar,future,onlar,gelecek
6193,1582,yaratıyorum,present,ben,şimdi
6194,1582,yaratıyorsun,present,sen,şimdi
6195,1582,yaratıyor,present,o,şimdi
6196,1582,yaratıyoruz,present,biz,şimdi
6197,1582,yaratıyorsunuz,present,siz,şimdi
6198,1582,yaratıyorlar,present,onlar,şimdi
6199,1582,yarattım,past,ben,di
6200,1582,yarattın,past,sen,di
6201,1582,yarattı,past,o,di
6202,1582,yarattık,past,biz,di
6203,1582,yarattınız,past,siz,di
6204,1582,yarattılar,past,onlar,di
6205,1582,yaratacağım,future,ben,gelecek
6206,1582,yaratacaksın,future,sen,gelecek
6207,1582,yaratacak,future,o,gelecek
6208,1582,yaratacağız,future,biz,gelecek
6209,1582,yaratacaksınız,future,siz,gelecek
6210,1582,yaratacaklar,future,onlar,gelecek
6211,1583,yeniliyorum,present,ben,şimdi
6212,1583,yeniliyorsun,present,sen,şimdi
6213,1583,yeniliyor,present,o,şimdi
6214,1583,yeniliyoruz,present,biz,şimdi
6215,1583,yeniliyorsunuz,present,siz,şimdi
6216,1583,yeniliyorlar,present,onlar,şimdi
6217,1583,yeniledim,past,ben,di
6218,1583,yeniledin,past,sen,di
6219,1583,yeniledi,past,o,di
6220,1583,yeniledik,past,biz,di
6221,1583,yenilediniz,past,siz,di
6222,1583,yenilediler,past,onlar,di
6223,1583,yenileyeceğim,future,ben,gelecek
6224,1583,yenileyeceksin,future,sen,gelecek
6225,1583,yenileyecek,future,o,gelecek
6226,1583,yenileyeceğiz,future,biz,gelecek
6227,1583,yenileyeceksiniz,future,siz,gelecek
6228,1583,yenileyecekler,future,onlar,gelecek
6229,1584,yıpratıyorum,present,ben,şimdi
6230,1584,yıpratıyorsun,present,sen,şimdi
6231,1584,yıpratıyor,present,o,şimdi
6232,1584,yıpratıyoruz,present,biz,şimdi
6233,1584,yıpratıyorsunuz,present,siz,şimdi
6234,1584,yıpratıyorlar,present,onlar,şimdi
6235,1584,yıprattım,past,ben,di
6236,1584,yıprattın,past,sen,di
6237,1584,yıprattı,past,o,di
6238,1584,yıprattık,past,biz,di
6239,1584,yıprattınız,past,siz,di
6240,1584,yıprattılar,past,onlar,di
6241,1584,yıpratacağım,future,ben,gelecek
6242,1584,yıpratacaksın,future,sen,gelecek
6243,1584,yıpratacak,future,o,gelecek
6244,1584,yıpratacağız,future,biz,gelecek
6245,1584,yıpratacaksınız,future,siz,gelecek
6246,1584,yıpratacaklar,future,onlar,gelecek
6247,1585,yol açıyorum,present,ben,şimdi
6248,1585,yol açıyorsun,present,sen,şimdi
6249,1585,yol açıyor,present,o,şimdi
6250,1585,yol açıyoruz,present,biz,şimdi
6251,1585,yol açıyorsunuz,present,siz,şimdi
6252,1585,yol açıyorlar,present,onlar,şimdi
6253,1585,yol açtım,past,ben,di
6254,1585,yol açtın,past,sen,di
6255,1585,yol açtı,past,o,di
6256,1585,yol açtık,past,biz,di
6257,1585,yol açtınız,past,siz,di
6258,1585,yol açtılar,past,onlar,di
6259,1585,yol açacağım,future,ben,gelecek
6260,1585,yol açacaksın,future,sen,gelecek
6261,1585,yol açacak,future,o,gelecek
6262,1585,yol açacağız,future,biz,gelecek
6263,1585,yol açacaksınız,future,siz,gelecek
6264,1585,yol açacaklar,future,onlar,gelecek
6265,1586,yönetiyorum,present,ben,şimdi
6266,1586,yönetiyorsun,present,sen,şimdi
6267,1586,yönetiyor,present,o,şimdi
6268,1586,yönetiyoruz,present,biz,şimdi
6269,1586,yönetiyorsunuz,present,siz,şimdi
6270,1586,yönetiyorlar,present,onlar,şimdi
6271,1586,yönettim,past,ben,di
6272,1586,yönettin,past,sen,di
6273,1586,yönetti,past,o,di
6274,1586,yönettik,past,biz,di
6275,1586,yönettiniz,past,siz,di
6276,1586,yönettiler,past,onlar,di
6277,1586,yöneteceğim,future,ben,gelecek
6278,1586,yöneteceksin,future,sen,gelecek
6279,1586,yönetecek,future,o,gelecek
6280,1586,yöneteceğiz,future,biz,gelecek
6281,1586,yöneteceksiniz,future,siz,gelecek
6282,1586,yönetecekler,future,onlar,gelecek
6283,1587,yönlendiriyorum,present,ben,şimdi
6284,1587,yönlendiriyorsun,present,sen,şimdi
6285,1587,yönlendiriyor,present,o,şimdi
6286,1587,yönlendiriyoruz,present,biz,şimdi
6287,1587,yönlendiriyorsunuz,present,siz,şimdi
6288,1587,yönlendiriyorlar,present,onlar,şimdi
6289,1587,yönlendirdim,past,ben,di
6290,1587,yönlendirdin,past,sen,di
6291,1587,yönlendirdi,past,o,di
6292,1587,yönlendirdik,past,biz,di
6293,1587,yönlendirdiniz,past,siz,di
6294,1587,yönlendirdiler,past,onlar,di
6295,1587,yönlendireceğim,future,ben,gelecek
6296,1587,yönlendireceksin,future,sen,gelecek
6297,1587,yönlendirecek,future,o,gelecek
6298,1587,yönlendireceğiz,future,biz,gelecek
6299,1587,yönlendireceksiniz,future,siz,gelecek
6300,1587,yönlendirecekler,future,onlar,gelecek
6301,1588,yüceltiyorum,present,ben,şimdi
6302,1588,yüceltiyorsun,present,sen,şimdi
6303,1588,yüceltiyor,present,o,şimdi
6304,1588,yüceltiyoruz,present,biz,şimdi
6305,1588,yüceltiyorsunuz,present,siz,şimdi
6306,1588,yüceltiyorlar,present,onlar,şimdi
6307,1588,yücelttim,past,ben,di
6308,1588,yücelttin,past,sen,di
6309,1588,yüceltti,past,o,di
6310,1588,yücelttik,past,biz,di
6311,1588,yücelttiniz,past,siz,di
6312,1588,yücelttiler,past,onlar,di
6313,1588,yücelteceğim,future,ben,gelecek
6314,1588,yücelteceksin,future,sen,gelecek
6315,1588,yüceltecek,future,o,gelecek
6316,1588,yücelteceğiz,future,biz,gelecek
6317,1588,yücelteceksiniz,future,siz,gelecek
6318,1588,yüceltecekler,future,onlar,gelecek
6319,1589,yükseltiyorum,present,ben,şimdi
6320,1589,yükseltiyorsun,present,sen,şimdi
6321,1589,yükseltiyor,present,o,şimdi
6322,1589,yükseltiyoruz,present,biz,şimdi
6323,1589,yükseltiyorsunuz,present,siz,şimdi
6324,1589,yükseltiyorlar,present,onlar,şimdi
6325,1589,yükselttim,past,ben,di
6326,1589,yükselttin,past,sen,di
6327,1589,yükseltti,past,o,di
6328,1589,yükselttik,past,biz,di
6329,1589,yükselttiniz,past,siz,di
6330,1589,yükselttiler,past,onlar,di
6331,1589,yükselteceğim,future,ben,gelecek
6332,1589,yükselteceksin,future,sen,gelecek
6333,1589,yükseltecek,future,o,gelecek
6334,1589,yükselteceğiz,future,biz,gelecek
6335,1589,yükselteceksiniz,future,siz,gelecek
6336,1589,yükseltecekler,future,onlar,gelecek
6337,1590,zorlıyorum,present,ben,şimdi
6338,1590,zorlıyorsun,present,sen,şimdi
6339,1590,zorlıyor,present,o,şimdi
6340,1590,zorlıyoruz,present,biz,şimdi
6341,1590,zorlıyorsunuz,present,siz,şimdi
6342,1590,zorlıyorlar,present,onlar,şimdi
6343,1590,zorladım,past,ben,di
6344,1590,zorladın,past,sen,di
6345,1590,zorladı,past,o,di
6346,1590,zorladık,past,biz,di
6347,1590,zorladınız,past,siz,di
6348,1590,zorladılar,past,onlar,di
6349,1590,zorlayacağım,future,ben,gelecek
6350,1590,zorlayacaksın,future,sen,gelecek
6351,1590,zorlayacak,future,o,gelecek
6352,1590,zorlayacağız,future,biz,gelecek
6353,1590,zorlayacaksınız,future,siz,gelecek
6354,1590,zorlayacaklar,future,onlar,gelecek
6355,1591,zorlaştırıyorum,present,ben,şimdi
6356,1591,zorlaştırıyorsun,present,sen,şimdi
6357,1591,zorlaştırıyor,present,o,şimdi
6358,1591,zorlaştırıyoruz,present,biz,şimdi
6359,1591,zorlaştırıyorsunuz,present,siz,şimdi
6360,1591,zorlaştırıyorlar,present,onlar,şimdi
6361,1591,zorlaştırdım,past,ben,di
6362,1591,zorlaştırdın,past,sen,di
6363,1591,zorlaştırdı,past,o,di
6364,1591,zorlaştırdık,past,biz,di
6365,1591,zorlaştırdınız,past,siz,di
6366,1591,zorlaştırdılar,past,onlar,di
6367,1591,zorlaştıracağım,future,ben,gelecek
6368,1591,zorlaştıracaksın,future,sen,gelecek
6369,1591,zorlaştıracak,future,o,gelecek
6370,1591,zorlaştıracağız,future,biz,gelecek
6371,1591,zorlaştıracaksınız,future,siz,gelecek
6372,1591,zorlaştıracaklar,future,onlar,gelecek
6373,1719,artırıyorum,present,ben,şimdi
6374,1719,artırıyorsun,present,sen,şimdi
6375,1719,artırıyor,present,o,şimdi
6376,1719,artırıyoruz,present,biz,şimdi
6377,1719,artırıyorsunuz,present,siz,şimdi
6378,1719,artırıyorlar,present,onlar,şimdi
6379,1719,artırdım,past,ben,di
6380,1719,artırdın,past,sen,di
6381,1719,artırdı,past,o,di
6382,1719,artırdık,past,biz,di
6383,1719,artırdınız,past,siz,di
6384,1719,artırdılar,past,onlar,di
6385,1719,artıracağım,future,ben,gelecek
6386,1719,artıracaksın,future,sen,gelecek
6387,1719,artıracak,future,o,gelecek
6388,1719,artıracağız,future,biz,gelecek
6389,1719,artıracaksınız,future,siz,gelecek
6390,1719,artıracaklar,future,onlar,gelecek
6391,1720,benimsiyorum,present,ben,şimdi
6392,1720,benimsiyorsun,present,sen,şimdi
6393,1720,benimsiyor,present,o,şimdi
6394,1720,benimsiyoruz,present,biz,şimdi
6395,1720,benimsiyorsunuz,present,siz,şimdi
6396,1720,benimsiyorlar,present,onlar,şimdi
6397,1720,benimsedim,past,ben,di
6398,1720,benimsedin,past,sen,di
6399,1720,benimsedi,past,o,di
6400,1720,benimsedik,past,biz,di
6401,1720,benimsediniz,past,siz,di
6402,1720,benimsediler,past,onlar,di
6403,1720,benimseyeceğim,future,ben,gelecek
6404,1720,benimseyeceksin,future,sen,gelecek
6405,1720,benimseyecek,future,o,gelecek
6406,1720,benimseyeceğiz,future,biz,gelecek
6407,1720,benimseyeceksiniz,future,siz,gelecek
6408,1720,benimseyecekler,future,onlar,gelecek
6409,1721,berraklaştırıyorum,present,ben,şimdi
6410,1721,berraklaştırıyorsun,present,sen,şimdi
6411,1721,berraklaştırıyor,present,o,şimdi
6412,1721,berraklaştırıyoruz,present,biz,şimdi
6413,1721,berraklaştırıyorsunuz,present,siz,şimdi
6414,1721,berraklaştırıyorlar,present,onlar,şimdi
6415,1721,berraklaştırdım,past,ben,di
6416,1721,berraklaştırdın,past,sen,di
6417,1721,berraklaştırdı,past,o,di
6418,1721,berraklaştırdık,past,biz,di
6419,1721,berraklaştırdınız,past,siz,di
6420,1721,berraklaştırdılar,past,onlar,di
6421,1721,berraklaştıracağım,future,ben,gelecek
6422,1721,berraklaştıracaksın,future,sen,gelecek
6423,1721,berraklaştıracak,future,o,gelecek
6424,1721,berraklaştıracağız,future,biz,gelecek
6425,1721,berraklaştıracaksınız,future,siz,gelecek
6426,1721,berraklaştıracaklar,future,onlar,gelecek
6427,1722,etki ediyorum,present,ben,şimdi
6428,1722,etki ediyorsun,present,sen,şimdi
6429,1722,etki ediyor,present,o,şimdi
6430,1722,etki ediyoruz,present,biz,şimdi
6431,1722,etki ediyorsunuz,present,siz,şimdi
6432,1722,etki ediyorlar,present,onlar,şimdi
6433,1722,etki ettim,past,ben,di
6434,1722,etki ettin,past,sen,di
6435,1722,etki etti,past,o,di
6436,1722,etki ettik,past,biz,di
6437,1722,etki ettiniz,past,siz,di
6438,1722,etki ettiler,past,onlar,di
6439,1722,etki eteceğim,future,ben,gelecek
6440,1722,etki eteceksin,future,sen,gelecek
6441,1722,etki etecek,future,o,gelecek
6442,1722,etki eteceğiz,future,biz,gelecek
6443,1722,etki eteceksiniz,future,siz,gelecek
6444,1722,etki etecekler,future,onlar,gelecek
6445,1723,gerçekleşiyorum,present,ben,şimdi
6446,1723,gerçekleşiyorsun,present,sen,şimdi
6447,1723,gerçekleşiyor,present,o,şimdi
6448,1723,gerçekleşiyoruz,present,biz,şimdi
6449,1723,gerçekleşiyorsunuz,present,siz,şimdi
6450,1723,gerçekleşiyorlar,present,onlar,şimdi
6451,1723,gerçekleştim,past,ben,di
6452,1723,gerçekleştin,past,sen,di
6453,1723,gerçekleşti,past,o,di
6454,1723,gerçekleştik,past,biz,di
6455,1723,gerçekleştiniz,past,siz,di
6456,1723,gerçekleştiler,past,onlar,di
6457,1723,gerçekleşeceğim,future,ben,gelecek
6458,1723,gerçekleşeceksin,future,sen,gelecek
6459,1723,gerçekleşecek,future,o,gelecek
6460,1723,gerçekleşeceğiz,future,biz,gelecek
6461,1723,gerçekleşeceksiniz,future,siz,gelecek
6462,1723,gerçekleşecekler,future,onlar,gelecek
6463,1724,görev alıyorum,present,ben,şimdi
6464,1724,görev alıyorsun,present,sen,şimdi
6465,1724,görev alıyor,present,o,şimdi
6466,1724,görev alıyoruz,present,biz,şimdi
6467,1724,görev alıyorsunuz,present,siz,şimdi
6468,1724,görev alıyorlar,present,onlar,şimdi
6469,1724,görev aldım,past,ben,di
6470,1724,görev aldın,past,sen,di
6471,1724,görev aldı,past,o,di
6472,1724,görev aldık,past,biz,di
6473,1724,görev aldınız,past,siz,di
6474,1724,görev aldılar,past,onlar,di
6475,1724,görev alacağım,future,ben,gelecek
6476,1724,görev alacaksın,future,sen,gelecek
6477,1724,görev alacak,future,o,gelecek
6478,1724,görev alacağız,future,biz,gelecek
6479,1724,görev alacaksınız,future,siz,gelecek
6480,1724,görev alacaklar,future,onlar,gelecek
6481,1725,hedefliyorum,present,ben,şimdi
6482,1725,hedefliyorsun,present,sen,şimdi
6483,1725,hedefliyor,present,o,şimdi
6484,1725,hedefliyoruz,present,biz,şimdi
6485,1725,hedefliyorsunuz,present,siz,şimdi
6486,1725,hedefliyorlar,present,onlar,şimdi
6487,1725,hedefledim,past,ben,di
6488,1725,hedefledin,past,sen,di
6489,1725,hedefledi,past,o,di
6490,1725,hedefledik,past,biz,di
6491,1725,hedeflediniz,past,siz,di
6492,1725,hedeflediler,past,onlar,di
6493,1725,hedefleyeceğim,future,ben,gelecek
6494,1725,hedefleyeceksin,future,sen,gelecek
6495,1725,hedefleyecek,future,o,gelecek
6496,1725,hedefleyeceğiz,future,biz,gelecek
6497,1725,hedefleyeceksiniz,future,siz,gelecek
6498,1725,hedefleyecekler,future,onlar,gelecek
6499,1726,istifa ediyorum,present,ben,şimdi
6500,1726,istifa ediyorsun,present,sen,şimdi
6501,1726,istifa ediyor,present,o,şimdi
6502,1726,istifa ediyoruz,present,biz,şimdi
6503,1726,istifa ediyorsunuz,present,siz,şimdi
6504,1726,istifa ediyorlar,present,onlar,şimdi
6505,1726,istifa ettim,past,ben,di
6506,1726,istifa ettin,past,sen,di
6507,1726,istifa etti,past,o,di
6508,1726,istifa ettik,past,biz,di
6509,1726,istifa ettiniz,past,siz,di
6510,1726,istifa ettiler,past,onlar,di
6511,1726,istifa eteceğim,future,ben,gelecek
6512,1726,istifa eteceksin,future,sen,gelecek
6513,1726,istifa etecek,future,o,gelecek
6514,1726,istifa eteceğiz,future,biz,gelecek
6515,1726,istifa eteceksiniz,future,siz,gelecek
6516,1726,istifa etecekler,future,onlar,gelecek
6517,1727,izne çıkıyorum,present,ben,şimdi
6518,1727,izne çıkıyorsun,present,sen,şimdi
6519,1727,izne çıkıyor,present,o,şimdi
6520,1727,izne çıkıyoruz,present,biz,şimdi
6521,1727,izne çıkıyorsunuz,present,siz,şimdi
6522,1727,izne çıkıyorlar,present,onlar,şimdi
6523,1727,izne çıktım,past,ben,di
6524,1727,izne çıktın,past,sen,di
6525,1727,izne çıktı,past,o,di
6526,1727,izne çıktık,past,biz,di
6527,1727,izne çıktınız,past,siz,di
6528,1727,izne çıktılar,past,onlar,di
6529,1727,izne çıkacağım,future,ben,gelecek
6530,1727,izne çıkacaksın,future,sen,gelecek
6531,1727,izne çıkacak,future,o,gelecek
6532,1727,izne çıkacağız,future,biz,gelecek
6533,1727,izne çıkacaksınız,future,siz,gelecek
6534,1727,izne çıkacaklar,future,onlar,gelecek
6535,1728,kabulleniyorum,present,ben,şimdi
6536,1728,kabulleniyorsun,present,sen,şimdi
6537,1728,kabulleniyor,present,o,şimdi
6538,1728,kabulleniyoruz,present,biz,şimdi
6539,1728,kabulleniyorsunuz,present,siz,şimdi
6540,1728,kabulleniyorlar,present,onlar,şimdi
6541,1728,kabullendim,past,ben,di
6542,1728,kabullendin,past,sen,di
6543,1728,kabullendi,past,o,di
6544,1728,kabullendik,past,biz,di
6545,1728,kabullendiniz,past,siz,di
6546,1728,kabullendiler,past,onlar,di
6547,1728,kabulleneceğim,future,ben,gelecek
6548,1728,kabulleneceksin,future,sen,gelecek
6549,1728,kabullenecek,future,o,gelecek
6550,1728,kabulleneceğiz,future,biz,gelecek
6551,1728,kabulleneceksiniz,future,siz,gelecek
6552,1728,kabullenecekler,future,onlar,gelecek
6553,1729,katıyorum,present,ben,şimdi
6554,1729,katıyorsun,present,sen,şimdi
6555,1729,katıyor,present,o,şimdi
6556,1729,katıyoruz,present,biz,şimdi
6557,1729,katıyorsunuz,present,siz,şimdi
6558,1729,katıyorlar,present,onlar,şimdi
6559,1729,kattım,past,ben,di
6560,1729,kattın,past,sen,di
6561,1729,kattı,past,o,di
6562,1729,kattık,past,biz,di
6563,1729,kattınız,past,siz,di
6564,1729,kattılar,past,onlar,di
6565,1729,katacağım,future,ben,gelecek
6566,1729,katacaksın,future,sen,gelecek
6567,1729,katacak,future,o,gelecek
6568,1729,katacağız,future,biz,gelecek
6569,1729,katacaksınız,future,siz,gelecek
6570,1729,katacaklar,future,onlar,gelecek
6571,1730,kavuşuyorum,present,ben,şimdi
6572,1730,kavuşuyorsun,present,sen,şimdi
6573,1730,kavuşuyor,present,o,şimdi
6574,1730,kavuşuyoruz,present,biz,şimdi
6575,1730,kavuşuyorsunuz,present,siz,şimdi
6576,1730,kavuşuyorlar,present,onlar,şimdi
6577,1730,kavuştum,past,ben,di
6578,1730,kavuştun,past,sen,di
6579,1730,kavuştu,past,o,di
6580,1730,kavuştuk,past,biz,di
6581,1730,kavuştunuz,past,siz,di
6582,1730,kavuştular,past,onlar,di
6583,1730,kavuşacağım,future,ben,gelecek
6584,1730,kavuşacaksın,future,sen,gelecek
6585,1730,kavuşacak,future,o,gelecek
6586,1730,kavuşacağız,future,biz,gelecek
6587,1730,kavuşacaksınız,future,siz,gelecek
6588,1730,kavuşacaklar,future,onlar,gelecek
6589,1731,netleşiyorum,present,ben,şimdi
6590,1731,netleşiyorsun,present,sen,şimdi
6591,1731,netleşiyor,present,o,şimdi
6592,1731,netleşiyoruz,present,biz,şimdi
6593,1731,netleşiyorsunuz,present,siz,şimdi
6594,1731,netleşiyorlar,present,onlar,şimdi
6595,1731,netleştim,past,ben,di
6596,1731,netleştin,past,sen,di
6597,1731,netleşti,past,o,di
6598,1731,netleştik,past,biz,di
6599,1731,netleştiniz,past,siz,di
6600,1731,netleştiler,past,onlar,di
6601,1731,netleşeceğim,future,ben,gelecek
6602,1731,netleşeceksin,future,sen,gelecek
6603,1731,netleşecek,future,o,gelecek
6604,1731,netleşeceğiz,future,biz,gelecek
6605,1731,netleşeceksiniz,future,siz,gelecek
6606,1731,netleşecekler,future,onlar,gelecek
6607,1732,not ediyorum,present,ben,şimdi
6608,1732,not ediyorsun,present,sen,şimdi
6609,1732,not ediyor,present,o,şimdi
6610,1732,not ediyoruz,present,biz,şimdi
6611,1732,not ediyorsunuz,present,siz,şimdi
6612,1732,not ediyorlar,present,onlar,şimdi
6613,1732,not ettim,past,ben,di
6614,1732,not ettin,past,sen,di
6615,1732,not etti,past,o,di
6616,1732,not ettik,past,biz,di
6617,1732,not ettiniz,past,siz,di
6618,1732,not ettiler,past,onlar,di
6619,1732,not eteceğim,future,ben,gelecek
6620,1732,not eteceksin,future,sen,gelecek
6621,1732,not etecek,future,o,gelecek
6622,1732,not eteceğiz,future,biz,gelecek
6623,1732,not eteceksiniz,future,siz,gelecek
6624,1732,not etecekler,future,onlar,gelecek
6625,1733,odaklanıyorum,present,ben,şimdi
6626,1733,odaklanıyorsun,present,sen,şimdi
6627,1733,odaklanıyor,present,o,şimdi
6628,1733,odaklanıyoruz,present,biz,şimdi
6629,1733,odaklanıyorsunuz,present,siz,şimdi
6630,1733,odaklanıyorlar,present,onlar,şimdi
6631,1733,odaklandım,past,ben,di
6632,1733,odaklandın,past,sen,di
6633,1733,odaklandı,past,o,di
6634,1733,odaklandık,past,biz,di
6635,1733,odaklandınız,past,siz,di
6636,1733,odaklandılar,past,onlar,di
6637,1733,odaklanacağım,future,ben,gelecek
6638,1733,odaklanacaksın,future,sen,gelecek
6639,1733,odaklanacak,future,o,gelecek
6640,1733,odaklanacağız,future,biz,gelecek
6641,1733,odaklanacaksınız,future,siz,gelecek
6642,1733,odaklanacaklar,future,onlar,gelecek
6643,1734,ovuyorum,present,ben,şimdi
6644,1734,ovuyorsun,present,sen,şimdi
6645,1734,ovuyor,present,o,şimdi
6646,1734,ovuyoruz,present,biz,şimdi
6647,1734,ovuyorsunuz,present,siz,şimdi
6648,1734,ovuyorlar,present,onlar,şimdi
6649,1734,ovdum,past,ben,di
6650,1734,ovdun,past,sen,di
6651,1734,ovdu,past,o,di
6652,1734,ovduk,past,biz,di
6653,1734,ovdunuz,past,siz,di
6654,1734,ovdular,past,onlar,di
6655,1734,ovacağım,future,ben,gelecek
6656,1734,ovacaksın,future,sen,gelecek
6657,1734,ovacak,future,o,gelecek
6658,1734,ovacağız,future,biz,gelecek
6659,1734,ovacaksınız,future,siz,gelecek
6660,1734,ovacaklar,future,onlar,gelecek
6661,1735,pıhtılaşıyorum,present,ben,şimdi
6662,1735,pıhtılaşıyorsun,present,sen,şimdi
6663,1735,pıhtılaşıyor,present,o,şimdi
6664,1735,pıhtılaşıyoruz,present,biz,şimdi
6665,1735,pıhtılaşıyorsunuz,present,siz,şimdi
6666,1735,pıhtılaşıyorlar,present,onlar,şimdi
6667,1735,pıhtılaştım,past,ben,di
6668,1735,pıhtılaştın,past,sen,di
6669,1735,pıhtılaştı,past,o,di
6670,1735,pıhtılaştık,past,biz,di
6671,1735,pıhtılaştınız,past,siz,di
6672,1735,pıhtılaştılar,past,onlar,di
6673,1735,pıhtılaşacağım,future,ben,gelecek
6674,1735,pıhtılaşacaksın,future,sen,gelecek
6675,1735,pıhtılaşacak,future,o,gelecek
6676,1735,pıhtılaşacağız,future,biz,gelecek
6677,1735,pıhtılaşacaksınız,future,siz,gelecek
6678,1735,pıhtılaşacaklar,future,onlar,gelecek
6679,1736,saklanıyorum,present,ben,şimdi
6680,1736,saklanıyorsun,present,sen,şimdi
6681,1736,saklanıyor,present,o,şimdi
6682,1736,saklanıyoruz,present,biz,şimdi
6683,1736,saklanıyorsunuz,present,siz,şimdi
6684,1736,saklanıyorlar,present,onlar,şimdi
6685,1736,saklandım,past,ben,di
6686,1736,saklandın,past,sen,di
6687,1736,saklandı,past,o,di
6688,1736,saklandık,past,biz,di
6689,1736,saklandınız,past,siz,di
6690,1736,saklandılar,past,onlar,di
6691,1736,saklanacağım,future,ben,gelecek
6692,1736,saklanacaksın,future,sen,gelecek
6693,1736,saklanacak,future,o,gelecek
6694,1736,saklanacağız,future,biz,gelecek
6695,1736,saklanacaksınız,future,siz,gelecek
6696,1736,saklanacaklar,future,onlar,gelecek
6697,1737,şifayı kapıyorum,present,ben,şimdi
6698,1737,şifayı kapıyorsun,present,sen,şimdi
6699,1737,şifayı kapıyor,present,o,şimdi
6700,1737,şifayı kapıyoruz,present,biz,şimdi
6701,1737,şifayı kapıyorsunuz,present,siz,şimdi
6702,1737,şifayı kapıyorlar,present,onlar,şimdi
6703,1737,şifayı kaptım,past,ben,di
6704,1737,şifayı kaptın,past,sen,di
6705,1737,şifayı kaptı,past,o,di
6706,1737,şifayı kaptık,past,biz,di
6707,1737,şifayı kaptınız,past,siz,di
6708,1737,şifayı kaptılar,past,onlar,di
6709,1737,şifayı kapacağım,future,ben,gelecek
6710,1737,şifayı kapacaksın,future,sen,gelecek
6711,1737,şifayı kapacak,future,o,gelecek
6712,1737,şifayı kapacağız,future,biz,gelecek
6713,1737,şifayı kapacaksınız,future,siz,gelecek
6714,1737,şifayı kapacaklar,future,onlar,gelecek
6715,1738,tazeliyorum,present,ben,şimdi
6716,1738,tazeliyorsun,present,sen,şimdi
6717,1738,tazeliyor,present,o,şimdi
6718,1738,tazeliyoruz,present,biz,şimdi
6719,1738,tazeliyorsunuz,present,siz,şimdi
6720,1738,tazeliyorlar,present,onlar,şimdi
6721,1738,tazeledim,past,ben,di
6722,1738,tazeledin,past,sen,di
6723,1738,tazeledi,past,o,di
6724,1738,tazeledik,past,biz,di
6725,1738,tazelediniz,past,siz,di
6726,1738,tazelediler,past,onlar,di
6727,1738,tazeleyeceğim,future,ben,gelecek
6728,1738,tazeleyeceksin,future,sen,gelecek
6729,1738,tazeleyecek,future,o,gelecek
6730,1738,tazeleyeceğiz,future,biz,gelecek
6731,1738,tazeleyeceksiniz,future,siz,gelecek
6732,1738,tazeleyecekler,future,onlar,gelecek
6733,1739,uyarlıyorum,present,ben,şimdi
6734,1739,uyarlıyorsun,present,sen,şimdi
6735,1739,uyarlıyor,present,o,şimdi
6736,1739,uyarlıyoruz,present,biz,şimdi
6737,1739,uyarlıyorsunuz,present,siz,şimdi
6738,1739,uyarlıyorlar,present,onlar,şimdi
6739,1739,uyarladım,past,ben,di
6740,1739,uyarladın,past,sen,di
6741,1739,uyarladı,past,o,di
6742,1739,uyarladık,past,biz,di
6743,1739,uyarladınız,past,siz,di
6744,1739,uyarladılar,past,onlar,di
6745,1739,uyarlayacağım,future,ben,gelecek
6746,1739,uyarlayacaksın,future,sen,gelecek
6747,1739,uyarlayacak,future,o,gelecek
6748,1739,uyarlayacağız,future,biz,gelecek
6749,1739,uyarlayacaksınız,future,siz,gelecek
6750,1739,uyarlayacaklar,future,onlar,gelecek
6751,1740,yarıyorum,present,ben,şimdi
6752,1740,yarıyorsun,present,sen,şimdi
6753,1740,yarıyor,present,o,şimdi
6754,1740,yarıyoruz,present,biz,şimdi
6755,1740,yarıyorsunuz,present,siz,şimdi
6756,1740,yarıyorlar,present,onlar,şimdi
6757,1740,yaradım,past,ben,di
6758,1740,yaradın,past,sen,di
6759,1740,yaradı,past,o,di
6760,1740,yaradık,past,biz,di
6761,1740,yaradınız,past,siz,di
6762,1740,yaradılar,past,onlar,di
6763,1740,yarayacağım,future,ben,gelecek
6764,1740,yarayacaksın,future,sen,gelecek
6765,1740,yarayacak,future,o,gelecek
6766,1740,yarayacağız,future,biz,gelecek
6767,1740,yarayacaksınız,future,siz,gelecek
6768,1740,yarayacaklar,future,onlar,gelecek
6769,1741,yedekliyorum,present,ben,şimdi
6770,1741,yedekliyorsun,present,sen,şimdi
6771,1741,yedekliyor,present,o,şimdi
6772,1741,yedekliyoruz,present,biz,şimdi
6773,1741,yedekliyorsunuz,present,siz,şimdi
6774,1741,yedekliyorlar,present,onlar,şimdi
6775,1741,yedekledim,past,ben,di
6776,1741,yedekledin,past,sen,di
6777,1741,yedekledi,past,o,di
6778,1741,yedekledik,past,biz,di
6779,1741,yedeklediniz,past,siz,di
6780,1741,yedeklediler,past,onlar,di
6781,1741,yedekleyeceğim,future,ben,gelecek
6782,1741,yedekleyeceksin,future,sen,gelecek
6783,1741,yedekleyecek,future,o,gelecek
6784,1741,yedekleyeceğiz,future,biz,gelecek
6785,1741,yedekleyeceksiniz,future,siz,gelecek
6786,1741,yedekleyecekler,future,onlar,gelecek
6787,1742,yitiriyorum,present,ben,şimdi
6788,1742,yitiriyorsun,present,sen,şimdi
6789,1742,yitiriyor,present,o,şimdi
6790,1742,yitiriyoruz,present,biz,şimdi
6791,1742,yitiriyorsunuz,present,siz,şimdi
6792,1742,yitiriyorlar,present,onlar,şimdi
6793,1742,yitirdim,past,ben,di
6794,1742,yitirdin,past,sen,di
6795,1742,yitirdi,past,o,di
6796,1742,yitirdik,past,biz,di
6797,1742,yitirdiniz,past,siz,di
6798,1742,yitirdiler,past,onlar,di
6799,1742,yitireceğim,future,ben,gelecek
6800,1742,yitireceksin,future,sen,gelecek
6801,1742,yitirecek,future,o,gelecek
6802,1742,yitireceğiz,future,biz,gelecek
6803,1742,yitireceksiniz,future,siz,gelecek
6804,1742,yitirecekler,future,onlar,gelecek
6805,1743,yitiyorum,present,ben,şimdi
6806,1743,yitiyorsun,present,sen,şimdi
6807,1743,yitiyor,present,o,şimdi
6808,1743,yitiyoruz,present,biz,şimdi
6809,1743,yitiyorsunuz,present,siz,şimdi
6810,1743,yitiyorlar,present,onlar,şimdi
6811,1743,yittim,past,ben,di
6812,1743,yittin,past,sen,di
6813,1743,yitti,past,o,di
6814,1743,yittik,past,biz,di
6815,1743,yittiniz,past,siz,di
6816,1743,yittiler,past,onlar,di
6817,1743,yiteceğim,future,ben,gelecek
6818,1743,yiteceksin,future,sen,gelecek
6819,1743,yitecek,future,o,gelecek
6820,1743,yiteceğiz,future,biz,gelecek
6821,1743,yiteceksiniz,future,siz,gelecek
6822,1743,yitecekler,future,onlar,gelecek
6823,1744,yüreklendiriyorum,present,ben,şimdi
6824,1744,yüreklendiriyorsun,present,sen,şimdi
6825,1744,yüreklendiriyor,present,o,şimdi
6826,1744,yüreklendiriyoruz,present,biz,şimdi
6827,1744,yüreklendiriyorsunuz,present,siz,şimdi
6828,1744,yüreklendiriyorlar,present,onlar,şimdi
6829,1744,yüreklendirdim,past,ben,di
6830,1744,yüreklendirdin,past,sen,di
6831,1744,yüreklendirdi,past,o,di
6832,1744,yüreklendirdik,past,biz,di
6833,1744,yüreklendirdiniz,past,siz,di
6834,1744,yüreklendirdiler,past,onlar,di
6835,1744,yüreklendireceğim,future,ben,gelecek
6836,1744,yüreklendireceksin,future,sen,gelecek
6837,1744,yüreklendirecek,future,o,gelecek
6838,1744,yüreklendireceğiz,future,biz,gelecek
6839,1744,yüreklendireceksiniz,future,siz,gelecek
6840,1744,yüreklendirecekler,future,onlar,gelecek
6841,1807,ağırlık veriyorum,present,ben,şimdi
6842,1807,ağırlık veriyorsun,present,sen,şimdi
6843,1807,ağırlık veriyor,present,o,şimdi
6844,1807,ağırlık veriyoruz,present,biz,şimdi
6845,1807,ağırlık veriyorsunuz,present,siz,şimdi
6846,1807,ağırlık veriyorlar,present,onlar,şimdi
6847,1807,ağırlık verdim,past,ben,di
6848,1807,ağırlık verdin,past,sen,di
6849,1807,ağırlık verdi,past,o,di
6850,1807,ağırlık verdik,past,biz,di
6851,1807,ağırlık verdiniz,past,siz,di
6852,1807,ağırlık verdiler,past,onlar,di
6853,1807,ağırlık vereceğim,future,ben,gelecek
6854,1807,ağırlık vereceksin,future,sen,gelecek
6855,1807,ağırlık verecek,future,o,gelecek
6856,1807,ağırlık vereceğiz,future,biz,gelecek
6857,1807,ağırlık vereceksiniz,future,siz,gelecek
6858,1807,ağırlık verecekler,future,onlar,gelecek
6859,1808,algılıyorum,present,ben,şimdi
6860,1808,algılıyorsun,present,sen,şimdi
6861,1808,algılıyor,present,o,şimdi
6862,1808,algılıyoruz,present,biz,şimdi
6863,1808,algılıyorsunuz,present,siz,şimdi
6864,1808,algılıyorlar,present,onlar,şimdi
6865,1808,algıladım,past,ben,di
6866,1808,algıladın,past,sen,di
6867,1808,algıladı,past,o,di
6868,1808,algıladık,past,biz,di
6869,1808,algıladınız,past,siz,di
6870,1808,algıladılar,past,onlar,di
6871,1808,algılayacağım,future,ben,gelecek
6872,1808,algılayacaksın,future,sen,gelecek
6873,1808,algılayacak,future,o,gelecek
6874,1808,algılayacağız,future,biz,gelecek
6875,1808,algılayacaksınız,future,siz,gelecek
6876,1808,algılayacaklar,future,onlar,gelecek
6877,1809,ayrılıyorum,present,ben,şimdi
6878,1809,ayrılıyorsun,present,sen,şimdi
6879,1809,ayrılıyor,present,o,şimdi
6880,1809,ayrılıyoruz,present,biz,şimdi
6881,1809,ayrılıyorsunuz,present,siz,şimdi
6882,1809,ayrılıyorlar,present,onlar,şimdi
6883,1809,ayrıldım,past,ben,di
6884,1809,ayrıldın,past,sen,di
6885,1809,ayrıldı,past,o,di
6886,1809,ayrıldık,past,biz,di
6887,1809,ayrıldınız,past,siz,di
6888,1809,ayrıldılar,past,onlar,di
6889,1809,ayrılacağım,future,ben,gelecek
6890,1809,ayrılacaksın,future,sen,gelecek
6891,1809,ayrılacak,future,o,gelecek
6892,1809,ayrılacağız,future,biz,gelecek
6893,1809,ayrılacaksınız,future,siz,gelecek
6894,1809,ayrılacaklar,future,onlar,gelecek
6895,1810,dikiş tutturuyorum,present,ben,şimdi
6896,1810,dikiş tutturuyorsun,present,sen,şimdi
6897,1810,dikiş tutturuyor,present,o,şimdi
6898,1810,dikiş tutturuyoruz,present,biz,şimdi
6899,1810,dikiş tutturuyorsunuz,present,siz,şimdi
6900,1810,dikiş tutturuyorlar,present,onlar,şimdi
6901,1810,dikiş tutturdum,past,ben,di
6902,1810,dikiş tutturdun,past,sen,di
6903,1810,dikiş tutturdu,past,o,di
6904,1810,dikiş tutturduk,past,biz,di
6905,1810,dikiş tutturdunuz,past,siz,di
6906,1810,dikiş tutturdular,past,onlar,di
6907,1810,dikiş tutturacağım,future,ben,gelecek
6908,1810,dikiş tutturacaksın,future,sen,gelecek
6909,1810,dikiş tutturacak,future,o,gelecek
6910,1810,dikiş tutturacağız,future,biz,gelecek
6911,1810,dikiş tutturacaksınız,future,siz,gelecek
6912,1810,dikiş tutturacaklar,future,onlar,gelecek
6913,1811,hatır soruyorum,present,ben,şimdi
6914,1811,hatır soruyorsun,present,sen,şimdi
6915,1811,hatır soruyor,present,o,şimdi
6916,1811,hatır soruyoruz,present,biz,şimdi
6917,1811,hatır soruyorsunuz,present,siz,şimdi
6918,1811,hatır soruyorlar,present,onlar,şimdi
6919,1811,hatır sordum,past,ben,di
6920,1811,hatır sordun,past,sen,di
6921,1811,hatır sordu,past,o,di
6922,1811,hatır sorduk,past,biz,di
6923,1811,hatır sordunuz,past,siz,di
6924,1811,hatır sordular,past,onlar,di
6925,1811,hatır soracağım,future,ben,gelecek
6926,1811,hatır soracaksın,future,sen,gelecek
6927,1811,hatır soracak,future,o,gelecek
6928,1811,hatır soracağız,future,biz,gelecek
6929,1811,hatır soracaksınız,future,siz,gelecek
6930,1811,hatır soracaklar,future,onlar,gelecek
6931,1812,istekte bulunuyorum,present,ben,şimdi
6932,1812,istekte bulunuyorsun,present,sen,şimdi
6933,1812,istekte bulunuyor,present,o,şimdi
6934,1812,istekte bulunuyoruz,present,biz,şimdi
6935,1812,istekte bulunuyorsunuz,present,siz,şimdi
6936,1812,istekte bulunuyorlar,present,onlar,şimdi
6937,1812,istekte bulundum,past,ben,di
6938,1812,istekte bulundun,past,sen,di
6939,1812,istekte bulundu,past,o,di
6940,1812,istekte bulunduk,past,biz,di
6941,1812,istekte bulundunuz,past,siz,di
6942,1812,istekte bulundular,past,onlar,di
6943,1812,istekte bulunacağım,future,ben,gelecek
6944,1812,istekte bulunacaksın,future,sen,gelecek
6945,1812,istekte bulunacak,future,o,gelecek
6946,1812,istekte bulunacağız,future,biz,gelecek
6947,1812,istekte bulunacaksınız,future,siz,gelecek
6948,1812,istekte bulunacaklar,future,onlar,gelecek
6949,1813,kaynaklanıyorum,present,ben,şimdi
6950,1813,kaynaklanıyorsun,present,sen,şimdi
6951,1813,kaynaklanıyor,present,o,şimdi
6952,1813,kaynaklanıyoruz,present,biz,şimdi
6953,1813,kaynaklanıyorsunuz,present,siz,şimdi
6954,1813,kaynaklanıyorlar,present,onlar,şimdi
6955,1813,kaynaklandım,past,ben,di
6956,1813,kaynaklandın,past,sen,di
6957,1813,kaynaklandı,past,o,di
6958,1813,kaynaklandık,past,biz,di
6959,1813,kaynaklandınız,past,siz,di
6960,1813,kaynaklandılar,past,onlar,di
6961,1813,kaynaklanacağım,future,ben,gelecek
6962,1813,kaynaklanacaksın,future,sen,gelecek
6963,1813,kaynaklanacak,future,o,gelecek
6964,1813,kaynaklanacağız,future,biz,gelecek
6965,1813,kaynaklanacaksınız,future,siz,gelecek
6966,1813,kaynaklanacaklar,future,onlar,gelecek
6967,1814,köreltiyorum,present,ben,şimdi
6968,1814,köreltiyorsun,present,sen,şimdi
6969,1814,köreltiyor,present,o,şimdi
6970,1814,köreltiyoruz,present,biz,şimdi
6971,1814,köreltiyorsunuz,present,siz,şimdi
6972,1814,köreltiyorlar,present,onlar,şimdi
6973,1814,körelttim,past,ben,di
6974,1814,körelttin,past,sen,di
6975,1814,köreltti,past,o,di
6976,1814,körelttik,past,biz,di
6977,1814,körelttiniz,past,siz,di
6978,1814,körelttiler,past,onlar,di
6979,1814,körelteceğim,future,ben,gelecek
6980,1814,körelteceksin,future,sen,gelecek
6981,1814,köreltecek,future,o,gelecek
6982,1814,körelteceğiz,future,biz,gelecek
6983,1814,körelteceksiniz,future,siz,gelecek
6984,1814,köreltecekler,future,onlar,gelecek
6985,1815,mâl oluyorum,present,ben,şimdi
6986,1815,mâl oluyorsun,present,sen,şimdi
6987,1815,mâl oluyor,present,o,şimdi
6988,1815,mâl oluyoruz,present,biz,şimdi
6989,1815,mâl oluyorsunuz,present,siz,şimdi
6990,1815,mâl oluyorlar,present,onlar,şimdi
6991,1815,mâl oldum,past,ben,di
6992,1815,mâl oldun,past,sen,di
6993,1815,mâl oldu,past,o,di
6994,1815,mâl olduk,past,biz,di
6995,1815,mâl oldunuz,past,siz,di
6996,1815,mâl oldular,past,onlar,di
6997,1815,mâl olacağım,future,ben,gelecek
6998,1815,mâl olacaksın,future,sen,gelecek
6999,1815,mâl olacak,future,o,gelecek
7000,1815,mâl olacağız,future,biz,gelecek
7001,1815,mâl olacaksınız,future,siz,gelecek
7002,1815,mâl olacaklar,future,onlar,gelecek
7003,1816,mantık yürütüyorum,present,ben,şimdi
7004,1816,mantık yürütüyorsun,present,sen,şimdi
7005,1816,mantık yürütüyor,present,o,şimdi
7006,1816,mantık yürütüyoruz,present,biz,şimdi
7007,1816,mantık yürütüyorsunuz,present,siz,şimdi
7008,1816,mantık yürütüyorlar,present,onlar,şimdi
7009,1816,mantık yürüttüm,past,ben,di
7010,1816,mantık yürüttün,past,sen,di
7011,1816,mantık yürüttü,past,o,di
7012,1816,mantık yürüttük,past,biz,di
7013,1816,mantık yürüttünüz,past,siz,di
7014,1816,mantık yürüttüler,past,onlar,di
7015,1816,mantık yürüteceğim,future,ben,gelecek
7016,1816,mantık yürüteceksin,future,sen,gelecek
7017,1816,mantık yürütecek,future,o,gelecek
7018,1816,mantık yürüteceğiz,future,biz,gelecek
7019,1816,mantık yürüteceksiniz,future,siz,gelecek
7020,1816,mantık yürütecekler,future,onlar,gelecek
7021,1817,meydana geliyorum,present,ben,şimdi
7022,1817,meydana geliyorsun,present,sen,şimdi
7023,1817,meydana geliyor,present,o,şimdi
7024,1817,meydana geliyoruz,present,biz,şimdi
7025,1817,meydana geliyorsunuz,present,siz,şimdi
7026,1817,meydana geliyorlar,present,onlar,şimdi
7027,1817,meydana geldim,past,ben,di
7028,1817,meydana geldin,past,sen,di
7029,1817,meydana geldi,past,o,di
7030,1817,meydana geldik,past,biz,di
7031,1817,meydana geldiniz,past,siz,di
7032,1817,meydana geldiler,past,onlar,di
7033,1817,meydana geleceğim,future,ben,gelecek
7034,1817,meydana geleceksin,future,sen,gelecek
7035,1817,meydana gelecek,future,o,gelecek
7036,1817,meydana geleceğiz,future,biz,gelecek
7037,1817,meydana geleceksiniz,future,siz,gelecek
7038,1817,meydana gelecekler,future,onlar,gelecek
7039,1818,saptıyorum,present,ben,şimdi
7040,1818,saptıyorsun,present,sen,şimdi
7041,1818,saptıyor,present,o,şimdi
7042,1818,saptıyoruz,present,biz,şimdi
7043,1818,saptıyorsunuz,present,siz,şimdi
7044,1818,saptıyorlar,present,onlar,şimdi
7045,1818,saptadım,past,ben,di
7046,1818,saptadın,past,sen,di
7047,1818,saptadı,past,o,di
7048,1818,saptadık,past,biz,di
7049,1818,saptadınız,past,siz,di
7050,1818,saptadılar,past,onlar,di
7051,1818,saptayacağım,future,ben,gelecek
7052,1818,saptayacaksın,future,sen,gelecek
7053,1818,saptayacak,future,o,gelecek
7054,1818,saptayacağız,future,biz,gelecek
7055,1818,saptayacaksınız,future,siz,gelecek
7056,1818,saptayacaklar,future,onlar,gelecek
7057,1819,sönüyorum,present,ben,şimdi
7058,1819,sönüyorsun,present,sen,şimdi
7059,1819,sönüyor,present,o,şimdi
7060,1819,sönüyoruz,present,biz,şimdi
7061,1819,sönüyorsunuz,present,siz,şimdi
7062,1819,sönüyorlar,present,onlar,şimdi
7063,1819,söndüm,past,ben,di
7064,1819,söndün,past,sen,di
7065,1819,söndü,past,o,di
7066,1819,söndük,past,biz,di
7067,1819,söndünüz,past,siz,di
7068,1819,söndüler,past,onlar,di
7069,1819,söneceğim,future,ben,gelecek
7070,1819,söneceksin,future,sen,gelecek
7071,1819,sönecek,future,o,gelecek
7072,1819,söneceğiz,future,biz,gelecek
7073,1819,söneceksiniz,future,siz,gelecek
7074,1819,sönecekler,future,onlar,gelecek
7075,1820,tespit ediyorum,present,ben,şimdi
7076,1820,tespit ediyorsun,present,sen,şimdi
7077,1820,tespit ediyor,present,o,şimdi
7078,1820,tespit ediyoruz,present,biz,şimdi
7079,1820,tespit ediyorsunuz,present,siz,şimdi
7080,1820,tespit ediyorlar,present,onlar,şimdi
7081,1820,tespit ettim,past,ben,di
7082,1820,tespit ettin,past,sen,di
7083,1820,tespit etti,past,o,di
7084,1820,tespit ettik,past,biz,di
7085,1820,tespit ettiniz,past,siz,di
7086,1820,tespit ettiler,past,onlar,di
7087,1820,tespit eteceğim,future,ben,gelecek
7088,1820,tespit eteceksin,future,sen,gelecek
7089,1820,tespit etecek,future,o,gelecek
7090,1820,tespit eteceğiz,future,biz,gelecek
7091,1820,tespit eteceksiniz,future,siz,gelecek
7092,1820,tespit etecekler,future,onlar,gelecek
7093,1821,yer alıyorum,present,ben,şimdi
7094,1821,yer alıyorsun,present,sen,şimdi
7095,1821,yer alıyor,present,o,şimdi
7096,1821,yer alıyoruz,present,biz,şimdi
7097,1821,yer alıyorsunuz,present,siz,şimdi
7098,1821,yer alıyorlar,present,onlar,şimdi
7099,1821,yer aldım,past,ben,di
7100,1821,yer aldın,past,sen,di
7101,1821,yer aldı,past,o,di
7102,1821,yer aldık,past,biz,di
7103,1821,yer aldınız,past,siz,di
7104,1821,yer aldılar,past,onlar,di
7105,1821,yer alacağım,future,ben,gelecek
7106,1821,yer alacaksın,future,sen,gelecek
7107,1821,yer alacak,future,o,gelecek
7108,1821,yer alacağız,future,biz,gelecek
7109,1821,yer alacaksınız,future,siz,gelecek
7110,1821,yer alacaklar,future,onlar,gelecek
7111,1822,yorumlıyorum,present,ben,şimdi
7112,1822,yorumlıyorsun,present,sen,şimdi
7113,1822,yorumlıyor,present,o,şimdi
7114,1822,yorumlıyoruz,present,biz,şimdi
7115,1822,yorumlıyorsunuz,present,siz,şimdi
7116,1822,yorumlıyorlar,present,onlar,şimdi
7117,1822,yorumladım,past,ben,di
7118,1822,yorumladın,past,sen,di
7119,1822,yorumladı,past,o,di
7120,1822,yorumladık,past,biz,di
7121,1822,yorumladınız,past,siz,di
7122,1822,yorumladılar,past,onlar,di
7123,1822,yorumlayacağım,future,ben,gelecek
7124,1822,yorumlayacaksın,future,sen,gelecek
7125,1822,yorumlayacak,future,o,gelecek
7126,1822,yorumlayacağız,future,biz,gelecek
7127,1822,yorumlayacaksınız,future,siz,gelecek
7128,1822,yorumlayacaklar,future,onlar,gelecek
7129,1843,arınıyorum,present,ben,şimdi
7130,1843,arınıyorsun,present,sen,şimdi
7131,1843,arınıyor,present,o,şimdi
7132,1843,arınıyoruz,present,biz,şimdi
7133,1843,arınıyorsunuz,present,siz,şimdi
7134,1843,arınıyorlar,present,onlar,şimdi
7135,1843,arındım,past,ben,di
7136,1843,arındın,past,sen,di
7137,1843,arındı,past,o,di
7138,1843,arındık,past,biz,di
7139,1843,arındınız,past,siz,di
7140,1843,arındılar,past,onlar,di
7141,1843,arınacağım,future,ben,gelecek
7142,1843,arınacaksın,future,sen,gelecek
7143,1843,arınacak,future,o,gelecek
7144,1843,arınacağız,future,biz,gelecek
7145,1843,arınacaksınız,future,siz,gelecek
7146,1843,arınacaklar,future,onlar,gelecek
7147,1844,çıldırtıyorum,present,ben,şimdi
7148,1844,çıldırtıyorsun,present,sen,şimdi
7149,1844,çıldırtıyor,present,o,şimdi
7150,1844,çıldırtıyoruz,present,biz,şimdi
7151,1844,çıldırtıyorsunuz,present,siz,şimdi
7152,1844,çıldırtıyorlar,present,onlar,şimdi
7153,1844,çıldırttım,past,ben,di
7154,1844,çıldırttın,past,sen,di
7155,1844,çıldırttı,past,o,di
7156,1844,çıldırttık,past,biz,di
7157,1844,çıldırttınız,past,siz,di
7158,1844,çıldırttılar,past,onlar,di
7159,1844,çıldırtacağım,future,ben,gelecek
7160,1844,çıldırtacaksın,future,sen,gelecek
7161,1844,çıldırtacak,future,o,gelecek
7162,1844,çıldırtacağız,future,biz,gelecek
7163,1844,çıldırtacaksınız,future,siz,gelecek
7164,1844,çıldırtacaklar,future,onlar,gelecek
7165,1845,hâlsiz kalıyorum,present,ben,şimdi
7166,1845,hâlsiz kalıyorsun,present,sen,şimdi
7167,1845,hâlsiz kalıyor,present,o,şimdi
7168,1845,hâlsiz kalıyoruz,present,biz,şimdi
7169,1845,hâlsiz kalıyorsunuz,present,siz,şimdi
7170,1845,hâlsiz kalıyorlar,present,onlar,şimdi
7171,1845,hâlsiz kaldım,past,ben,di
7172,1845,hâlsiz kaldın,past,sen,di
7173,1845,hâlsiz kaldı,past,o,di
7174,1845,hâlsiz kaldık,past,biz,di
7175,1845,hâlsiz kaldınız,past,siz,di
7176,1845,hâlsiz kaldılar,past,onlar,di
7177,1845,hâlsiz kalacağım,future,ben,gelecek
7178,1845,hâlsiz kalacaksın,future,sen,gelecek
7179,1845,hâlsiz kalacak,future,o,gelecek
7180,1845,hâlsiz kalacağız,future,biz,gelecek
7181,1845,hâlsiz kalacaksınız,future,siz,gelecek
7182,1845,hâlsiz kalacaklar,future,onlar,gelecek
7183,1846,hayal kuruyorum,present,ben,şimdi
7184,1846,hayal kuruyorsun,present,sen,şimdi
7185,1846,hayal kuruyor,present,o,şimdi
7186,1846,hayal kuruyoruz,present,biz,şimdi
7187,1846,hayal kuruyorsunuz,present,siz,şimdi
7188,1846,hayal kuruyorlar,present,onlar,şimdi
7189,1846,hayal kurdum,past,ben,di
7190,1846,hayal kurdun,past,sen,di
7191,1846,hayal kurdu,past,o,di
7192,1846,hayal kurduk,past,biz,di
7193,1846,hayal kurdunuz,past,siz,di
7194,1846,hayal kurdular,past,onlar,di
7195,1846,hayal kuracağım,future,ben,gelecek
7196,1846,hayal kuracaksın,future,sen,gelecek
7197,1846,hayal kuracak,future,o,gelecek
7198,1846,hayal kuracağız,future,biz,gelecek
7199,1846,hayal kuracaksınız,future,siz,gelecek
7200,1846,hayal kuracaklar,future,onlar,gelecek
7201,1847,olgunlaşıyorum,present,ben,şimdi
7202,1847,olgunlaşıyorsun,present,sen,şimdi
7203,1847,olgunlaşıyor,present,o,şimdi
7204,1847,olgunlaşıyoruz,present,biz,şimdi
7205,1847,olgunlaşıyorsunuz,present,siz,şimdi
7206,1847,olgunlaşıyorlar,present,onlar,şimdi
7207,1847,olgunlaştım,past,ben,di
7208,1847,olgunlaştın,past,sen,di
7209,1847,olgunlaştı,past,o,di
7210,1847,olgunlaştık,past,biz,di
7211,1847,olgunlaştınız,past,siz,di
7212,1847,olgunlaştılar,past,onlar,di
7213,1847,olgunlaşacağım,future,ben,gelecek
7214,1847,olgunlaşacaksın,future,sen,gelecek
7215,1847,olgunlaşacak,future,o,gelecek
7216,1847,olgunlaşacağız,future,biz,gelecek
7217,1847,olgunlaşacaksınız,future,siz,gelecek
7218,1847,olgunlaşacaklar,future,onlar,gelecek
7219,1848,öfkeleniyorum,present,ben,şimdi
7220,1848,öfkeleniyorsun,present,sen,şimdi
7221,1848,öfkeleniyor,present,o,şimdi
7222,1848,öfkeleniyoruz,present,biz,şimdi
7223,1848,öfkeleniyorsunuz,present,siz,şimdi
7224,1848,öfkeleniyorlar,present,onlar,şimdi
7225,1848,öfkelendim,past,ben,di
7226,1848,öfkelendin,past,sen,di
7227,1848,öfkelendi,past,o,di
7228,1848,öfkelendik,past,biz,di
7229,1848,öfkelendiniz,past,siz,di
7230,1848,öfkelendiler,past,onlar,di
7231,1848,öfkeleneceğim,future,ben,gelecek
7232,1848,öfkeleneceksin,future,sen,gelecek
7233,1848,öfkelenecek,future,o,gelecek
7234,1848,öfkeleneceğiz,future,biz,gelecek
7235,1848,öfkeleneceksiniz,future,siz,gelecek
7236,1848,öfkelenecekler,future,onlar,gelecek
7237,1917,diniyorum,present,ben,şimdi
7238,1917,diniyorsun,present,sen,şimdi
7239,1917,diniyor,present,o,şimdi
7240,1917,diniyoruz,present,biz,şimdi
7241,1917,diniyorsunuz,present,siz,şimdi
7242,1917,diniyorlar,present,onlar,şimdi
7243,1917,dindim,past,ben,di
7244,1917,dindin,past,sen,di
7245,1917,dindi,past,o,di
7246,1917,dindik,past,biz,di
7247,1917,dindiniz,past,siz,di
7248,1917,dindiler,past,onlar,di
7249,1917,dineceğim,future,ben,gelecek
7250,1917,dineceksin,future,sen,gelecek
7251,1917,dinecek,future,o,gelecek
7252,1917,dineceğiz,future,biz,gelecek
7253,1917,dineceksiniz,future,siz,gelecek
7254,1917,dinecekler,future,onlar,gelecek
7255,1918,esirgiyorum,present,ben,şimdi
7256,1918,esirgiyorsun,present,sen,şimdi
7257,1918,esirgiyor,present,o,şimdi
7258,1918,esirgiyoruz,present,biz,şimdi
7259,1918,esirgiyorsunuz,present,siz,şimdi
7260,1918,esirgiyorlar,present,onlar,şimdi
7261,1918,esirgedim,past,ben,di
7262,1918,esirgedin,past,sen,di
7263,1918,esirgedi,past,o,di
7264,1918,esirgedik,past,biz,di
7265,1918,esirgediniz,past,siz,di
7266,1918,esirgediler,past,onlar,di
7267,1918,esirgeyeceğim,future,ben,gelecek
7268,1918,esirgeyeceksin,future,sen,gelecek
7269,1918,esirgeyecek,future,o,gelecek
7270,1918,esirgeyeceğiz,future,biz,gelecek
7271,1918,esirgeyeceksiniz,future,siz,gelecek
7272,1918,esirgeyecekler,future,onlar,gelecek
7273,1919,inkâr ediyorum,present,ben,şimdi
7274,1919,inkâr ediyorsun,present,sen,şimdi
7275,1919,inkâr ediyor,present,o,şimdi
7276,1919,inkâr ediyoruz,present,biz,şimdi
7277,1919,inkâr ediyorsunuz,present,siz,şimdi
7278,1919,inkâr ediyorlar,present,onlar,şimdi
7279,1919,inkâr ettim,past,ben,di
7280,1919,inkâr ettin,past,sen,di
7281,1919,inkâr etti,past,o,di
7282,1919,inkâr ettik,past,biz,di
7283,1919,inkâr ettiniz,past,siz,di
7284,1919,inkâr ettiler,past,onlar,di
7285,1919,inkâr eteceğim,future,ben,gelecek
7286,1919,inkâr eteceksin,future,sen,gelecek
7287,1919,inkâr etecek,future,o,gelecek
7288,1919,inkâr eteceğiz,future,biz,gelecek
7289,1919,inkâr eteceksiniz,future,siz,gelecek
7290,1919,inkâr etecekler,future,onlar,gelecek
7291,1920,katlanıyorum,present,ben,şimdi
7292,1920,katlanıyorsun,present,sen,şimdi
7293,1920,katlanıyor,present,o,şimdi
7294,1920,katlanıyoruz,present,biz,şimdi
7295,1920,katlanıyorsunuz,present,siz,şimdi
7296,1920,katlanıyorlar,present,onlar,şimdi
7297,1920,katlandım,past,ben,di
7298,1920,katlandın,past,sen,di
7299,1920,katlandı,past,o,di
7300,1920,katlandık,past,biz,di
7301,1920,katlandınız,past,siz,di
7302,1920,katlandılar,past,onlar,di
7303,1920,katlanacağım,future,ben,gelecek
7304,1920,katlanacaksın,future,sen,gelecek
7305,1920,katlanacak,future,o,gelecek
7306,1920,katlanacağız,future,biz,gelecek
7307,1920,katlanacaksınız,future,siz,gelecek
7308,1920,katlanacaklar,future,onlar,gelecek
7309,1921,kaytarıyorum,present,ben,şimdi
7310,1921,kaytarıyorsun,present,sen,şimdi
7311,1921,kaytarıyor,present,o,şimdi
7312,1921,kaytarıyoruz,present,biz,şimdi
7313,1921,kaytarıyorsunuz,present,siz,şimdi
7314,1921,kaytarıyorlar,present,onlar,şimdi
7315,1921,kaytardım,past,ben,di
7316,1921,kaytardın,past,sen,di
7317,1921,kaytardı,past,o,di
7318,1921,kaytardık,past,biz,di
7319,1921,kaytardınız,past,siz,di
7320,1921,kaytardılar,past,onlar,di
7321,1921,kaytaracağım,future,ben,gelecek
7322,1921,kaytaracaksın,future,sen,gelecek
7323,1921,kaytaracak,future,o,gelecek
7324,1921,kaytaracağız,future,biz,gelecek
7325,1921,kaytaracaksınız,future,siz,gelecek
7326,1921,kaytaracaklar,future,onlar,gelecek
7327,1922,kötüleşiyorum,present,ben,şimdi
7328,1922,kötüleşiyorsun,present,sen,şimdi
7329,1922,kötüleşiyor,present,o,şimdi
7330,1922,kötüleşiyoruz,present,biz,şimdi
7331,1922,kötüleşiyorsunuz,present,siz,şimdi
7332,1922,kötüleşiyorlar,present,onlar,şimdi
7333,1922,kötüleştim,past,ben,di
7334,1922,kötüleştin,past,sen,di
7335,1922,kötüleşti,past,o,di
7336,1922,kötüleştik,past,biz,di
7337,1922,kötüleştiniz,past,siz,di
7338,1922,kötüleştiler,past,onlar,di
7339,1922,kötüleşeceğim,future,ben,gelecek
7340,1922,kötüleşeceksin,future,sen,gelecek
7341,1922,kötüleşecek,future,o,gelecek
7342,1922,kötüleşeceğiz,future,biz,gelecek
7343,1922,kötüleşeceksiniz,future,siz,gelecek
7344,1922,kötüleşecekler,future,onlar,gelecek
7345,1923,rahatlıyorum,present,ben,şimdi
7346,1923,rahatlıyorsun,present,sen,şimdi
7347,1923,rahatlıyor,present,o,şimdi
7348,1923,rahatlıyoruz,present,biz,şimdi
7349,1923,rahatlıyorsunuz,present,siz,şimdi
7350,1923,rahatlıyorlar,present,onlar,şimdi
7351,1923,rahatladım,past,ben,di
7352,1923,rahatladın,past,sen,di
7353,1923,rahatladı,past,o,di
7354,1923,rahatladık,past,biz,di
7355,1923,rahatladınız,past,siz,di
7356,1923,rahatladılar,past,onlar,di
7357,1923,rahatlayacağım,future,ben,gelecek
7358,1923,rahatlayacaksın,future,sen,gelecek
7359,1923,rahatlayacak,future,o,gelecek
7360,1923,rahatlayacağız,future,biz,gelecek
7361,1923,rahatlayacaksınız,future,siz,gelecek
7362,1923,rahatlayacaklar,future,onlar,gelecek
7363,1924,sarsılıyorum,present,ben,şimdi
7364,1924,sarsılıyorsun,present,sen,şimdi
7365,1924,sarsılıyor,present,o,şimdi
7366,1924,sarsılıyoruz,present,biz,şimdi
7367,1924,sarsılıyorsunuz,present,siz,şimdi
7368,1924,sarsılıyorlar,present,onlar,şimdi
7369,1924,sarsıldım,past,ben,di
7370,1924,sarsıldın,past,sen,di
7371,1924,sarsıldı,past,o,di
7372,1924,sarsıldık,past,biz,di
7373,1924,sarsıldınız,past,siz,di
7374,1924,sarsıldılar,past,onlar,di
7375,1924,sarsılacağım,future,ben,gelecek
7376,1924,sarsılacaksın,future,sen,gelecek
7377,1924,sarsılacak,future,o,gelecek
7378,1924,sarsılacağız,future,biz,gelecek
7379,1924,sarsılacaksınız,future,siz,gelecek
7380,1924,sarsılacaklar,future,onlar,gelecek
7381,1925,sinirleniyorum,present,ben,şimdi
7382,1925,sinirleniyorsun,present,sen,şimdi
7383,1925,sinirleniyor,present,o,şimdi
7384,1925,sinirleniyoruz,present,biz,şimdi
7385,1925,sinirleniyorsunuz,present,siz,şimdi
7386,1925,sinirleniyorlar,present,onlar,şimdi
7387,1925,sinirlendim,past,ben,di
7388,1925,sinirlendin,past,sen,di
7389,1925,sinirlendi,past,o,di
7390,1925,sinirlendik,past,biz,di
7391,1925,sinirlendiniz,past,siz,di
7392,1925,sinirlendiler,past,onlar,di
7393,1925,sinirleneceğim,future,ben,gelecek
7394,1925,sinirleneceksin,future,sen,gelecek
7395,1925,sinirlenecek,future,o,gelecek
7396,1925,sinirleneceğiz,future,biz,gelecek
7397,1925,sinirleneceksiniz,future,siz,gelecek
7398,1925,sinirlenecekler,future,onlar,gelecek
7399,1926,yoğunlaşıyorum,present,ben,şimdi
7400,1926,yoğunlaşıyorsun,present,sen,şimdi
7401,1926,yoğunlaşıyor,present,o,şimdi
7402,1926,yoğunlaşıyoruz,present,biz,şimdi
7403,1926,yoğunlaşıyorsunuz,present,siz,şimdi
7404,1926,yoğunlaşıyorlar,present,onlar,şimdi
7405,1926,yoğunlaştım,past,ben,di
7406,1926,yoğunlaştın,past,sen,di
7407,1926,yoğunlaştı,past,o,di
7408,1926,yoğunlaştık,past,biz,di
7409,1926,yoğunlaştınız,past,siz,di
7410,1926,yoğunlaştılar,past,onlar,di
7411,1926,yoğunlaşacağım,future,ben,gelecek
7412,1926,yoğunlaşacaksın,future,sen,gelecek
7413,1926,yoğunlaşacak,future,o,gelecek
7414,1926,yoğunlaşacağız,future,biz,gelecek
7415,1926,yoğunlaşacaksınız,future,siz,gelecek
7416,1926,yoğunlaşacaklar,future,onlar,gelecek
7417,1980,bağlanıyorum,present,ben,şimdi
7418,1980,bağlanıyorsun,present,sen,şimdi
7419,1980,bağlanıyor,present,o,şimdi
7420,1980,bağlanıyoruz,present,biz,şimdi
7421,1980,bağlanıyorsunuz,present,siz,şimdi
7422,1980,bağlanıyorlar,present,onlar,şimdi
7423,1980,bağlandım,past,ben,di
7424,1980,bağlandın,past,sen,di
7425,1980,bağlandı,past,o,di
7426,1980,bağlandık,past,biz,di
7427,1980,bağlandınız,past,siz,di
7428,1980,bağlandılar,past,onlar,di
7429,1980,bağlanacağım,future,ben,gelecek
7430,1980,bağlanacaksın,future,sen,gelecek
7431,1980,bağlanacak,future,o,gelecek
7432,1980,bağlanacağız,future,biz,gelecek
7433,1980,bağlanacaksınız,future,siz,gelecek
7434,1980,bağlanacaklar,future,onlar,gelecek
7435,1981,bronzlaşıyorum,present,ben,şimdi
7436,1981,bronzlaşıyorsun,present,sen,şimdi
7437,1981,bronzlaşıyor,present,o,şimdi
7438,1981,bronzlaşıyoruz,present,biz,şimdi
7439,1981,bronzlaşıyorsunuz,present,siz,şimdi
7440,1981,bronzlaşıyorlar,present,onlar,şimdi
7441,1981,bronzlaştım,past,ben,di
7442,1981,bronzlaştın,past,sen,di
7443,1981,bronzlaştı,past,o,di
7444,1981,bronzlaştık,past,biz,di
7445,1981,bronzlaştınız,past,siz,di
7446,1981,bronzlaştılar,past,onlar,di
7447,1981,bronzlaşacağım,future,ben,gelecek
7448,1981,bronzlaşacaksın,future,sen,gelecek
7449,1981,bronzlaşacak,future,o,gelecek
7450,1981,bronzlaşacağız,future,biz,gelecek
7451,1981,bronzlaşacaksınız,future,siz,gelecek
7452,1981,bronzlaşacaklar,future,onlar,gelecek
7453,1982,eliyorum,present,ben,şimdi
7454,1982,eliyorsun,present,sen,şimdi
7455,1982,eliyor,present,o,şimdi
7456,1982,eliyoruz,present,biz,şimdi
7457,1982,eliyorsunuz,present,siz,şimdi
7458,1982,eliyorlar,present,onlar,şimdi
7459,1982,eledim,past,ben,di
7460,1982,eledin,past,sen,di
7461,1982,eledi,past,o,di
7462,1982,eledik,past,biz,di
7463,1982,elediniz,past,siz,di
7464,1982,elediler,past,onlar,di
7465,1982,eleyeceğim,future,ben,gelecek
7466,1982,eleyeceksin,future,sen,gelecek
7467,1982,eleyecek,future,o,gelecek
7468,1982,eleyeceğiz,future,biz,gelecek
7469,1982,eleyeceksiniz,future,siz,gelecek
7470,1982,eleyecekler,future,onlar,gelecek
7471,1983,keseliyorum,present,ben,şimdi
7472,1983,keseliyorsun,present,sen,şimdi
7473,1983,keseliyor,present,o,şimdi
7474,1983,keseliyoruz,present,biz,şimdi
7475,1983,keseliyorsunuz,present,siz,şimdi
7476,1983,keseliyorlar,present,onlar,şimdi
7477,1983,keseledim,past,ben,di
7478,1983,keseledin,past,sen,di
7479,1983,keseledi,past,o,di
7480,1983,keseledik,past,biz,di
7481,1983,keselediniz,past,siz,di
7482,1983,keselediler,past,onlar,di
7483,1983,keseleyeceğim,future,ben,gelecek
7484,1983,keseleyeceksin,future,sen,gelecek
7485,1983,keseleyecek,future,o,gelecek
7486,1983,keseleyeceğiz,future,biz,gelecek
7487,1983,keseleyeceksiniz,future,siz,gelecek
7488,1983,keseleyecekler,future,onlar,gelecek
7489,1984,oyalıyorum,present,ben,şimdi
7490,1984,oyalıyorsun,present,sen,şimdi
7491,1984,oyalıyor,present,o,şimdi
7492,1984,oyalıyoruz,present,biz,şimdi
7493,1984,oyalıyorsunuz,present,siz,şimdi
7494,1984,oyalıyorlar,present,onlar,şimdi
7495,1984,oyaladım,past,ben,di
7496,1984,oyaladın,past,sen,di
7497,1984,oyaladı,past,o,di
7498,1984,oyaladık,past,biz,di
7499,1984,oyaladınız,past,siz,di
7500,1984,oyaladılar,past,onlar,di
7501,1984,oyalayacağım,future,ben,gelecek
7502,1984,oyalayacaksın,future,sen,gelecek
7503,1984,oyalayacak,future,o,gelecek
7504,1984,oyalayacağız,future,biz,gelecek
7505,1984,oyalayacaksınız,future,siz,gelecek
7506,1984,oyalayacaklar,future,onlar,gelecek
7507,1985,pazarlıyorum,present,ben,şimdi
7508,1985,pazarlıyorsun,present,sen,şimdi
7509,1985,pazarlıyor,present,o,şimdi
7510,1985,pazarlıyoruz,present,biz,şimdi
7511,1985,pazarlıyorsunuz,present,siz,şimdi
7512,1985,pazarlıyorlar,present,onlar,şimdi
7513,1985,pazarladım,past,ben,di
7514,1985,pazarladın,past,sen,di
7515,1985,pazarladı,past,o,di
7516,1985,pazarladık,past,biz,di
7517,1985,pazarladınız,past,siz,di
7518,1985,pazarladılar,past,onlar,di
7519,1985,pazarlayacağım,future,ben,gelecek
7520,1985,pazarlayacaksın,future,sen,gelecek
7521,1985,pazarlayacak,future,o,gelecek
7522,1985,pazarlayacağız,future,biz,gelecek
7523,1985,pazarlayacaksınız,future,siz,gelecek
7524,1985,pazarlayacaklar,future,onlar,gelecek
7525,2022,anıyorum,present,ben,şimdi
7526,2022,anıyorsun,present,sen,şimdi
7527,2022,anıyor,present,o,şimdi
7528,2022,anıyoruz,present,biz,şimdi
7529,2022,anıyorsunuz,present,siz,şimdi
7530,2022,anıyorlar,present,onlar,şimdi
7531,2022,andım,past,ben,di
7532,2022,andın,past,sen,di
7533,2022,andı,past,o,di
7534,2022,andık,past,biz,di
7535,2022,andınız,past,siz,di
7536,2022,andılar,past,onlar,di
7537,2022,anacağım,future,ben,gelecek
7538,2022,anacaksın,future,sen,gelecek
7539,2022,anacak,future,o,gelecek
7540,2022,anacağız,future,biz,gelecek
7541,2022,anacaksınız,future,siz,gelecek
7542,2022,anacaklar,future,onlar,gelecek
7543,2023,cızırdıyorum,present,ben,şimdi
7544,2023,cızırdıyorsun,present,sen,şimdi
7545,2023,cızırdıyor,present,o,şimdi
7546,2023,cızırdıyoruz,present,biz,şimdi
7547,2023,cızırdıyorsunuz,present,siz,şimdi
7548,2023,cızırdıyorlar,present,onlar,şimdi
7549,2023,cızırdadım,past,ben,di
7550,2023,cızırdadın,past,sen,di
7551,2023,cızırdadı,past,o,di
7552,2023,cızırdadık,past,biz,di
7553,2023,cızırdadınız,past,siz,di
7554,2023,cızırdadılar,past,onlar,di
7555,2023,cızırdayacağım,future,ben,gelecek
7556,2023,cızırdayacaksın,future,sen,gelecek
7557,2023,cızırdayacak,future,o,gelecek
7558,2023,cızırdayacağız,future,biz,gelecek
7559,2023,cızırdayacaksınız,future,siz,gelecek
7560,2023,cızırdayacaklar,future,onlar,gelecek
7561,2024,savunuyorum,present,ben,şimdi
7562,2024,savunuyorsun,present,sen,şimdi
7563,2024,savunuyor,present,o,şimdi
7564,2024,savunuyoruz,present,biz,şimdi
7565,2024,savunuyorsunuz,present,siz,şimdi
7566,2024,savunuyorlar,present,onlar,şimdi
7567,2024,savundum,past,ben,di
7568,2024,savundun,past,sen,di
7569,2024,savundu,past,o,di
7570,2024,savunduk,past,biz,di
7571,2024,savundunuz,past,siz,di
7572,2024,savundular,past,onlar,di
7573,2024,savunacağım,future,ben,gelecek
7574,2024,savunacaksın,future,sen,gelecek
7575,2024,savunacak,future,o,gelecek
7576,2024,savunacağız,future,biz,gelecek
7577,2024,savunacaksınız,future,siz,gelecek
7578,2024,savunacaklar,future,onlar,gelecek
7579,2025,sergiliyorum,present,ben,şimdi
7580,2025,sergiliyorsun,present,sen,şimdi
7581,2025,sergiliyor,present,o,şimdi
7582,2025,sergiliyoruz,present,biz,şimdi
7583,2025,sergiliyorsunuz,present,siz,şimdi
7584,2025,sergiliyorlar,present,onlar,şimdi
7585,2025,sergiledim,past,ben,di
7586,2025,sergiledin,past,sen,di
7587,2025,sergiledi,past,o,di
7588,2025,sergiledik,past,biz,di
7589,2025,sergilediniz,past,siz,di
7590,2025,sergilediler,past,onlar,di
7591,2025,sergileyeceğim,future,ben,gelecek
7592,2025,sergileyeceksin,future,sen,gelecek
7593,2025,sergileyecek,future,o,gelecek
7594,2025,sergileyeceğiz,future,biz,gelecek
7595,2025,sergileyeceksiniz,future,siz,gelecek
7596,2025,sergileyecekler,future,onlar,gelecek
7597,2026,tıklıyorum,present,ben,şimdi
7598,2026,tıklıyorsun,present,sen,şimdi
7599,2026,tıklıyor,present,o,şimdi
7600,2026,tıklıyoruz,present,biz,şimdi
7601,2026,tıklıyorsunuz,present,siz,şimdi
7602,2026,tıklıyorlar,present,onlar,şimdi
7603,2026,tıkladım,past,ben,di
7604,2026,tıkladın,past,sen,di
7605,2026,tıkladı,past,o,di
7606,2026,tıkladık,past,biz,di
7607,2026,tıkladınız,past,siz,di
7608,2026,tıkladılar,past,onlar,di
7609,2026,tıklayacağım,future,ben,gelecek
7610,2026,tıklayacaksın,future,sen,gelecek
7611,2026,tıklayacak,future,o,gelecek
7612,2026,tıklayacağız,future,biz,gelecek
7613,2026,tıklayacaksınız,future,siz,gelecek
7614,2026,tıklayacaklar,future,onlar,gelecek
7615,2065,erteliyorum,present,ben,şimdi
7616,2065,erteliyorsun,present,sen,şimdi
7617,2065,erteliyor,present,o,şimdi
7618,2065,erteliyoruz,present,biz,şimdi
7619,2065,erteliyorsunuz,present,siz,şimdi
7620,2065,erteliyorlar,present,onlar,şimdi
7621,2065,erteledim,past,ben,di
7622,2065,erteledin,past,sen,di
7623,2065,erteledi,past,o,di
7624,2065,erteledik,past,biz,di
7625,2065,ertelediniz,past,siz,di
7626,2065,ertelediler,past,onlar,di
7627,2065,erteleyeceğim,future,ben,gelecek
7628,2065,erteleyeceksin,future,sen,gelecek
7629,2065,erteleyecek,future,o,gelecek
7630,2065,erteleyeceğiz,future,biz,gelecek
7631,2065,erteleyeceksiniz,future,siz,gelecek
7632,2065,erteleyecekler,future,onlar,gelecek
7633,2066,kandırıyorum,present,ben,şimdi
7634,2066,kandırıyorsun,present,sen,şimdi
7635,2066,kandırıyor,present,o,şimdi
7636,2066,kandırıyoruz,present,biz,şimdi
7637,2066,kandırıyorsunuz,present,siz,şimdi
7638,2066,kandırıyorlar,present,onlar,şimdi
7639,2066,kandırdım,past,ben,di
7640,2066,kandırdın,past,sen,di
7641,2066,kandırdı,past,o,di
7642,2066,kandırdık,past,biz,di
7643,2066,kandırdınız,past,siz,di
7644,2066,kandırdılar,past,onlar,di
7645,2066,kandıracağım,future,ben,gelecek
7646,2066,kandıracaksın,future,sen,gelecek
7647,2066,kandıracak,future,o,gelecek
7648,2066,kandıracağız,future,biz,gelecek
7649,2066,kandıracaksınız,future,siz,gelecek
7650,2066,kandıracaklar,future,onlar,gelecek
7651,2067,kapsıyorum,present,ben,şimdi
7652,2067,kapsıyorsun,present,sen,şimdi
7653,2067,kapsıyor,present,o,şimdi
7654,2067,kapsıyoruz,present,biz,şimdi
7655,2067,kapsıyorsunuz,present,siz,şimdi
7656,2067,kapsıyorlar,present,onlar,şimdi
7657,2067,kapsadım,past,ben,di
7658,2067,kapsadın,past,sen,di
7659,2067,kapsadı,past,o,di
7660,2067,kapsadık,past,biz,di
7661,2067,kapsadınız,past,siz,di
7662,2067,kapsadılar,past,onlar,di
7663,2067,kapsayacağım,future,ben,gelecek
7664,2067,kapsayacaksın,future,sen,gelecek
7665,2067,kapsayacak,future,o,gelecek
7666,2067,kapsayacağız,future,biz,gelecek
7667,2067,kapsayacaksınız,future,siz,gelecek
7668,2067,kapsayacaklar,future,onlar,gelecek
7669,2068,özümsiyorum,present,ben,şimdi
7670,2068,özümsiyorsun,present,sen,şimdi
7671,2068,özümsiyor,present,o,şimdi
7672,2068,özümsiyoruz,present,biz,şimdi
7673,2068,özümsiyorsunuz,present,siz,şimdi
7674,2068,özümsiyorlar,present,onlar,şimdi
7675,2068,özümsedim,past,ben,di
7676,2068,özümsedin,past,sen,di
7677,2068,özümsedi,past,o,di
7678,2068,özümsedik,past,biz,di
7679,2068,özümsediniz,past,siz,di
7680,2068,özümsediler,past,onlar,di
7681,2068,özümseyeceğim,future,ben,gelecek
7682,2068,özümseyeceksin,future,sen,gelecek
7683,2068,özümseyecek,future,o,gelecek
7684,2068,özümseyeceğiz,future,biz,gelecek
7685,2068,özümseyeceksiniz,future,siz,gelecek
7686,2068,özümseyecekler,future,onlar,gelecek
7687,2069,saldırganlaşıyorum,present,ben,şimdi
7688,2069,saldırganlaşıyorsun,present,sen,şimdi
7689,2069,saldırganlaşıyor,present,o,şimdi
7690,2069,saldırganlaşıyoruz,present,biz,şimdi
7691,2069,saldırganlaşıyorsunuz,present,siz,şimdi
7692,2069,saldırganlaşıyorlar,present,onlar,şimdi
7693,2069,saldırganlaştım,past,ben,di
7694,2069,saldırganlaştın,past,sen,di
7695,2069,saldırganlaştı,past,o,di
7696,2069,saldırganlaştık,past,biz,di
7697,2069,saldırganlaştınız,past,siz,di
7698,2069,saldırganlaştılar,past,onlar,di
7699,2069,saldırganlaşacağım,future,ben,gelecek
7700,2069,saldırganlaşacaksın,future,sen,gelecek
7701,2069,saldırganlaşacak,future,o,gelecek
7702,2069,saldırganlaşacağız,future,biz,gelecek
7703,2069,saldırganlaşacaksınız,future,siz,gelecek
7704,2069,saldırganlaşacaklar,future,onlar,gelecek
7705,2070,şımarıyorum,present,ben,şimdi
7706,2070,şımarıyorsun,present,sen,şimdi
7707,2070,şımarıyor,present,o,şimdi
7708,2070,şımarıyoruz,present,biz,şimdi
7709,2070,şımarıyorsunuz,present,siz,şimdi
7710,2070,şımarıyorlar,present,onlar,şimdi
7711,2070,şımardım,past,ben,di
7712,2070,şımardın,past,sen,di
7713,2070,şımardı,past,o,di
7714,2070,şımardık,past,biz,di
7715,2070,şımardınız,past,siz,di
7716,2070,şımardılar,past,onlar,di
7717,2070,şımaracağım,future,ben,gelecek
7718,2070,şımaracaksın,future,sen,gelecek
7719,2070,şımaracak,future,o,gelecek
7720,2070,şımaracağız,future,biz,gelecek
7721,2070,şımaracaksınız,future,siz,gelecek
7722,2070,şımaracaklar,future,onlar,gelecek
7723,2091,fısıldıyorum,present,ben,şimdi
7724,2091,fısıldıyorsun,present,sen,şimdi
7725,2091,fısıldıyor,present,o,şimdi
7726,2091,fısıldıyoruz,present,biz,şimdi
7727,2091,fısıldıyorsunuz,present,siz,şimdi
7728,2091,fısıldıyorlar,present,onlar,şimdi
7729,2091,fısıldadım,past,ben,di
7730,2091,fısıldadın,past,sen,di
7731,2091,fısıldadı,past,o,di
7732,2091,fısıldadık,past,biz,di
7733,2091,fısıldadınız,past,siz,di
7734,2091,fısıldadılar,past,onlar,di
7735,2091,fısıldayacağım,future,ben,gelecek
7736,2091,fısıldayacaksın,future,sen,gelecek
7737,2091,fısıldayacak,future,o,gelecek
7738,2091,fısıldayacağız,future,biz,gelecek
7739,2091,fısıldayacaksınız,future,siz,gelecek
7740,2091,fısıldayacaklar,future,onlar,gelecek
7741,2092,küreselleşiyorum,present,ben,şimdi
7742,2092,küreselleşiyorsun,present,sen,şimdi
7743,2092,küreselleşiyor,present,o,şimdi
7744,2092,küreselleşiyoruz,present,biz,şimdi
7745,2092,küreselleşiyorsunuz,present,siz,şimdi
7746,2092,küreselleşiyorlar,present,onlar,şimdi
7747,2092,küreselleştim,past,ben,di
7748,2092,küreselleştin,past,sen,di
7749,2092,küreselleşti,past,o,di
7750,2092,küreselleştik,past,biz,di
7751,2092,küreselleştiniz,past,siz,di
7752,2092,küreselleştiler,past,onlar,di
7753,2092,küreselleşeceğim,future,ben,gelecek
7754,2092,küreselleşeceksin,future,sen,gelecek
7755,2092,küreselleşecek,future,o,gelecek
7756,2092,küreselleşeceğiz,future,biz,gelecek
7757,2092,küreselleşeceksiniz,future,siz,gelecek
7758,2092,küreselleşecekler,future,onlar,gelecek
7759,2093,takılıyorum,present,ben,şimdi
7760,2093,takılıyorsun,present,sen,şimdi
7761,2093,takılıyor,present,o,şimdi
7762,2093,takılıyoruz,present,biz,şimdi
7763,2093,takılıyorsunuz,present,siz,şimdi
7764,2093,takılıyorlar,present,onlar,şimdi
7765,2093,takıldım,past,ben,di
7766,2093,takıldın,past,sen,di
7767,2093,takıldı,past,o,di
7768,2093,takıldık,past,biz,di
7769,2093,takıldınız,past,siz,di
7770,2093,takıldılar,past,onlar,di
7771,2093,takılacağım,future,ben,gelecek
7772,2093,takılacaksın,future,sen,gelecek
7773,2093,takılacak,future,o,gelecek
7774,2093,takılacağız,future,biz,gelecek
7775,2093,takılacaksınız,future,siz,gelecek
7776,2093,takılacaklar,future,onlar,gelecek
7777,2094,tasarılıyorum,present,ben,şimdi
7778,2094,tasarılıyorsun,present,sen,şimdi
7779,2094,tasarılıyor,present,o,şimdi
7780,2094,tasarılıyoruz,present,biz,şimdi
7781,2094,tasarılıyorsunuz,present,siz,şimdi
7782,2094,tasarılıyorlar,present,onlar,şimdi
7783,2094,tasarıladım,past,ben,di
7784,2094,tasarıladın,past,sen,di
7785,2094,tasarıladı,past,o,di
7786,2094,tasarıladık,past,biz,di
7787,2094,tasarıladınız,past,siz,di
7788,2094,tasarıladılar,past,onlar,di
7789,2094,tasarılayacağım,future,ben,gelecek
7790,2094,tasarılayacaksın,future,sen,gelecek
7791,2094,tasarılayacak,future,o,gelecek
7792,2094,tasarılayacağız,future,biz,gelecek
7793,2094,tasarılayacaksınız,future,siz,gelecek
7794,2094,tasarılayacaklar,future,onlar,gelecek
7795,2095,tasarruf ediyorum,present,ben,şimdi
7796,2095,tasarruf ediyorsun,present,sen,şimdi
7797,2095,tasarruf ediyor,present,o,şimdi
7798,2095,tasarruf ediyoruz,present,biz,şimdi
7799,2095,tasarruf ediyorsunuz,present,siz,şimdi
7800,2095,tasarruf ediyorlar,present,onlar,şimdi
7801,2095,tasarruf ettim,past,ben,di
7802,2095,tasarruf ettin,past,sen,di
7803,2095,tasarruf etti,past,o,di
7804,2095,tasarruf ettik,past,biz,di
7805,2095,tasarruf ettiniz,past,siz,di
7806,2095,tasarruf ettiler,past,onlar,di
7807,2095,tasarruf eteceğim,future,ben,gelecek
7808,2095,tasarruf eteceksin,future,sen,gelecek
7809,2095,tasarruf etecek,future,o,gelecek
7810,2095,tasarruf eteceğiz,future,biz,gelecek
7811,2095,tasarruf eteceksiniz,future,siz,gelecek
7812,2095,tasarruf etecekler,future,onlar,gelecek
7813,2096,yöneliyorum,present,ben,şimdi
7814,2096,yöneliyorsun,present,sen,şimdi
7815,2096,yöneliyor,present,o,şimdi
7816,2096,yöneliyoruz,present,biz,şimdi
7817,2096,yöneliyorsunuz,present,siz,şimdi
7818,2096,yöneliyorlar,present,onlar,şimdi
7819,2096,yöneldim,past,ben,di
7820,2096,yöneldin,past,sen,di
7821,2096,yöneldi,past,o,di
7822,2096,yöneldik,past,biz,di
7823,2096,yöneldiniz,past,siz,di
7824,2096,yöneldiler,past,onlar,di
7825,2096,yöneleceğim,future,ben,gelecek
7826,2096,yöneleceksin,future,sen,gelecek
7827,2096,yönelecek,future,o,gelecek
7828,2096,yöneleceğiz,future,biz,gelecek
7829,2096,yöneleceksiniz,future,siz,gelecek
7830,2096,yönelecekler,future,onlar,gelecek
7831,2128,barındırıyorum,present,ben,şimdi
7832,2128,barındırıyorsun,present,sen,şimdi
7833,2128,barındırıyor,present,o,şimdi
7834,2128,barındırıyoruz,present,biz,şimdi
7835,2128,barındırıyorsunuz,present,siz,şimdi
7836,2128,barındırıyorlar,present,onlar,şimdi
7837,2128,barındırdım,past,ben,di
7838,2128,barındırdın,past,sen,di
7839,2128,barındırdı,past,o,di
7840,2128,barındırdık,past,biz,di
7841,2128,barındırdınız,past,siz,di
7842,2128,barındırdılar,past,onlar,di
7843,2128,barındıracağım,future,ben,gelecek
7844,2128,barındıracaksın,future,sen,gelecek
7845,2128,barındıracak,future,o,gelecek
7846,2128,barındıracağız,future,biz,gelecek
7847,2128,barındıracaksınız,future,siz,gelecek
7848,2128,barındıracaklar,future,onlar,gelecek
7849,2129,çığlık atıyorum,present,ben,şimdi
7850,2129,çığlık atıyorsun,present,sen,şimdi
7851,2129,çığlık atıyor,present,o,şimdi
7852,2129,çığlık atıyoruz,present,biz,şimdi
7853,2129,çığlık atıyorsunuz,present,siz,şimdi
7854,2129,çığlık atıyorlar,present,onlar,şimdi
7855,2129,çığlık attım,past,ben,di
7856,2129,çığlık attın,past,sen,di
7857,2129,çığlık attı,past,o,di
7858,2129,çığlık attık,past,biz,di
7859,2129,çığlık attınız,past,siz,di
7860,2129,çığlık attılar,past,onlar,di
7861,2129,çığlık atacağım,future,ben,gelecek
7862,2129,çığlık atacaksın,future,sen,gelecek
7863,2129,çığlık atacak,future,o,gelecek
7864,2129,çığlık atacağız,future,biz,gelecek
7865,2129,çığlık atacaksınız,future,siz,gelecek
7866,2129,çığlık atacaklar,future,onlar,gelecek
7867,2130,fokurdıyorum,present,ben,şimdi
7868,2130,fokurdıyorsun,present,sen,şimdi
7869,2130,fokurdıyor,present,o,şimdi
7870,2130,fokurdıyoruz,present,biz,şimdi
7871,2130,fokurdıyorsunuz,present,siz,şimdi
7872,2130,fokurdıyorlar,present,onlar,şimdi
7873,2130,fokurdadım,past,ben,di
7874,2130,fokurdadın,past,sen,di
7875,2130,fokurdadı,past,o,di
7876,2130,fokurdadık,past,biz,di
7877,2130,fokurdadınız,past,siz,di
7878,2130,fokurdadılar,past,onlar,di
7879,2130,fokurdayacağım,future,ben,gelecek
7880,2130,fokurdayacaksın,future,sen,gelecek
7881,2130,fokurdayacak,future,o,gelecek
7882,2130,fokurdayacağız,future,biz,gelecek
7883,2130,fokurdayacaksınız,future,siz,gelecek
7884,2130,fokurdayacaklar,future,onlar,gelecek
7885,2131,teklif ediyorum,present,ben,şimdi
7886,2131,teklif ediyorsun,present,sen,şimdi
7887,2131,teklif ediyor,present,o,şimdi
7888,2131,teklif ediyoruz,present,biz,şimdi
7889,2131,teklif ediyorsunuz,present,siz,şimdi
7890,2131,teklif ediyorlar,present,onlar,şimdi
7891,2131,teklif ettim,past,ben,di
7892,2131,teklif ettin,past,sen,di
7893,2131,teklif etti,past,o,di
7894,2131,teklif ettik,past,biz,di
7895,2131,teklif ettiniz,past,siz,di
7896,2131,teklif ettiler,past,onlar,di
7897,2131,teklif eteceğim,future,ben,gelecek
7898,2131,teklif eteceksin,future,sen,gelecek
7899,2131,teklif etecek,future,o,gelecek
7900,2131,teklif eteceğiz,future,biz,gelecek
7901,2131,teklif eteceksiniz,future,siz,gelecek
7902,2131,teklif etecekler,future,onlar,gelecek
7903,2181,aldatıyorum,present,ben,şimdi
7904,2181,aldatıyorsun,present,sen,şimdi
7905,2181,aldatıyor,present,o,şimdi
7906,2181,aldatıyoruz,present,biz,şimdi
7907,2181,aldatıyorsunuz,present,siz,şimdi
7908,2181,aldatıyorlar,present,onlar,şimdi
7909,2181,aldattım,past,ben,di
7910,2181,aldattın,past,sen,di
7911,2181,aldattı,past,o,di
7912,2181,aldattık,past,biz,di
7913,2181,aldattınız,past,siz,di
7914,2181,aldattılar,past,onlar,di
7915,2181,aldatacağım,future,ben,gelecek
7916,2181,aldatacaksın,future,sen,gelecek
7917,2181,aldatacak,future,o,gelecek
7918,2181,aldatacağız,future,biz,gelecek
7919,2181,aldatacaksınız,future,siz,gelecek
7920,2181,aldatacaklar,future,onlar,gelecek
7921,2182,ayıklıyorum,present,ben,şimdi
7922,2182,ayıklıyorsun,present,sen,şimdi
7923,2182,ayıklıyor,present,o,şimdi
7924,2182,ayıklıyoruz,present,biz,şimdi
7925,2182,ayıklıyorsunuz,present,siz,şimdi
7926,2182,ayıklıyorlar,present,onlar,şimdi
7927,2182,ayıkladım,past,ben,di
7928,2182,ayıkladın,past,sen,di
7929,2182,ayıkladı,past,o,di
7930,2182,ayıkladık,past,biz,di
7931,2182,ayıkladınız,past,siz,di
7932,2182,ayıkladılar,past,onlar,di
7933,2182,ayıklayacağım,future,ben,gelecek
7934,2182,ayıklayacaksın,future,sen,gelecek
7935,2182,ayıklayacak,future,o,gelecek
7936,2182,ayıklayacağız,future,biz,gelecek
7937,2182,ayıklayacaksınız,future,siz,gelecek
7938,2182,ayıklayacaklar,future,onlar,gelecek
7939,2183,azarlıyorum,present,ben,şimdi
7940,2183,azarlıyorsun,present,sen,şimdi
7941,2183,azarlıyor,present,o,şimdi
7942,2183,azarlıyoruz,present,biz,şimdi
7943,2183,azarlıyorsunuz,present,siz,şimdi
7944,2183,azarlıyorlar,present,onlar,şimdi
7945,2183,azarladım,past,ben,di
7946,2183,azarladın,past,sen,di
7947,2183,azarladı,past,o,di
7948,2183,azarladık,past,biz,di
7949,2183,azarladınız,past,siz,di
7950,2183,azarladılar,past,onlar,di
7951,2183,azarlayacağım,future,ben,gelecek
7952,2183,azarlayacaksın,future,sen,gelecek
7953,2183,azarlayacak,future,o,gelecek
7954,2183,azarlayacağız,future,biz,gelecek
7955,2183,azarlayacaksınız,future,siz,gelecek
7956,2183,azarlayacaklar,future,onlar,gelecek
7957,2184,çatıyorum,present,ben,şimdi
7958,2184,çatıyorsun,present,sen,şimdi
7959,2184,çatıyor,present,o,şimdi
7960,2184,çatıyoruz,present,biz,şimdi
7961,2184,çatıyorsunuz,present,siz,şimdi
7962,2184,çatıyorlar,present,onlar,şimdi
7963,2184,çattım,past,ben,di
7964,2184,çattın,past,sen,di
7965,2184,çattı,past,o,di
7966,2184,çattık,past,biz,di
7967,2184,çattınız,past,siz,di
7968,2184,çattılar,past,onlar,di
7969,2184,çatacağım,future,ben,gelecek
7970,2184,çatacaksın,future,sen,gelecek
7971,2184,çatacak,future,o,gelecek
7972,2184,çatacağız,future,biz,gelecek
7973,2184,çatacaksınız,future,siz,gelecek
7974,2184,çatacaklar,future,onlar,gelecek
7975,2185,daldırıyorum,present,ben,şimdi
7976,2185,daldırıyorsun,present,sen,şimdi
7977,2185,daldırıyor,present,o,şimdi
7978,2185,daldırıyoruz,present,biz,şimdi
7979,2185,daldırıyorsunuz,present,siz,şimdi
7980,2185,daldırıyorlar,present,onlar,şimdi
7981,2185,daldırdım,past,ben,di
7982,2185,daldırdın,past,sen,di
7983,2185,daldırdı,past,o,di
7984,2185,daldırdık,past,biz,di
7985,2185,daldırdınız,past,siz,di
7986,2185,daldırdılar,past,onlar,di
7987,2185,daldıracağım,future,ben,gelecek
7988,2185,daldıracaksın,future,sen,gelecek
7989,2185,daldıracak,future,o,gelecek
7990,2185,daldıracağız,future,biz,gelecek
7991,2185,daldıracaksınız,future,siz,gelecek
7992,2185,daldıracaklar,future,onlar,gelecek
7993,2186,pekiştiriyorum,present,ben,şimdi
7994,2186,pekiştiriyorsun,present,sen,şimdi
7995,2186,pekiştiriyor,present,o,şimdi
7996,2186,pekiştiriyoruz,present,biz,şimdi
7997,2186,pekiştiriyorsunuz,present,siz,şimdi
7998,2186,pekiştiriyorlar,present,onlar,şimdi
7999,2186,pekiştirdim,past,ben,di
8000,2186,pekiştirdin,past,sen,di
8001,2186,pekiştirdi,past,o,di
8002,2186,pekiştirdik,past,biz,di
8003,2186,pekiştirdiniz,past,siz,di
8004,2186,pekiştirdiler,past,onlar,di
8005,2186,pekiştireceğim,future,ben,gelecek
8006,2186,pekiştireceksin,future,sen,gelecek
8007,2186,pekiştirecek,future,o,gelecek
8008,2186,pekiştireceğiz,future,biz,gelecek
8009,2186,pekiştireceksiniz,future,siz,gelecek
8010,2186,pekiştirecekler,future,onlar,gelecek
8011,2187,sahipleniyorum,present,ben,şimdi
8012,2187,sahipleniyorsun,present,sen,şimdi
8013,2187,sahipleniyor,present,o,şimdi
8014,2187,sahipleniyoruz,present,biz,şimdi
8015,2187,sahipleniyorsunuz,present,siz,şimdi
8016,2187,sahipleniyorlar,present,onlar,şimdi
8017,2187,sahiplendim,past,ben,di
8018,2187,sahiplendin,past,sen,di
8019,2187,sahiplendi,past,o,di
8020,2187,sahiplendik,past,biz,di
8021,2187,sahiplendiniz,past,siz,di
8022,2187,sahiplendiler,past,onlar,di
8023,2187,sahipleneceğim,future,ben,gelecek
8024,2187,sahipleneceksin,future,sen,gelecek
8025,2187,sahiplenecek,future,o,gelecek
8026,2187,sahipleneceğiz,future,biz,gelecek
8027,2187,sahipleneceksiniz,future,siz,gelecek
8028,2187,sahiplenecekler,future,onlar,gelecek
8029,2188,sıvazlıyorum,present,ben,şimdi
8030,2188,sıvazlıyorsun,present,sen,şimdi
8031,2188,sıvazlıyor,present,o,şimdi
8032,2188,sıvazlıyoruz,present,biz,şimdi
8033,2188,sıvazlıyorsunuz,present,siz,şimdi
8034,2188,sıvazlıyorlar,present,onlar,şimdi
8035,2188,sıvazladım,past,ben,di
8036,2188,sıvazladın,past,sen,di
8037,2188,sıvazladı,past,o,di
8038,2188,sıvazladık,past,biz,di
8039,2188,sıvazladınız,past,siz,di
8040,2188,sıvazladılar,past,onlar,di
8041,2188,sıvazlayacağım,future,ben,gelecek
8042,2188,sıvazlayacaksın,future,sen,gelecek
8043,2188,sıvazlayacak,future,o,gelecek
8044,2188,sıvazlayacağız,future,biz,gelecek
8045,2188,sıvazlayacaksınız,future,siz,gelecek
8046,2188,sıvazlayacaklar,future,onlar,gelecek
8047,2189,şaşıyorum,present,ben,şimdi
8048,2189,şaşıyorsun,present,sen,şimdi
8049,2189,şaşıyor,present,o,şimdi
8050,2189,şaşıyoruz,present,biz,şimdi
8051,2189,şaşıyorsunuz,present,siz,şimdi
8052,2189,şaşıyorlar,present,onlar,şimdi
8053,2189,şaştım,past,ben,di
8054,2189,şaştın,past,sen,di
8055,2189,şaştı,past,o,di
8056,2189,şaştık,past,biz,di
8057,2189,şaştınız,past,siz,di
8058,2189,şaştılar,past,onlar,di
8059,2189,şaşacağım,future,ben,gelecek
8060,2189,şaşacaksın,future,sen,gelecek
8061,2189,şaşacak,future,o,gelecek
8062,2189,şaşacağız,future,biz,gelecek
8063,2189,şaşacaksınız,future,siz,gelecek
8064,2189,şaşacaklar,future,onlar,gelecek
8065,2190,takdir ediyorum,present,ben,şimdi
8066,2190,takdir ediyorsun,present,sen,şimdi
8067,2190,takdir ediyor,present,o,şimdi
8068,2190,takdir ediyoruz,present,biz,şimdi
8069,2190,takdir ediyorsunuz,present,siz,şimdi
8070,2190,takdir ediyorlar,present,onlar,şimdi
8071,2190,takdir ettim,past,ben,di
8072,2190,takdir ettin,past,sen,di
8073,2190,takdir etti,past,o,di
8074,2190,takdir ettik,past,biz,di
8075,2190,takdir ettiniz,past,siz,di
8076,2190,takdir ettiler,past,onlar,di
8077,2190,takdir eteceğim,future,ben,gelecek
8078,2190,takdir eteceksin,future,sen,gelecek
8079,2190,takdir etecek,future,o,gelecek
8080,2190,takdir eteceğiz,future,biz,gelecek
8081,2190,takdir eteceksiniz,future,siz,gelecek
8082,2190,takdir etecekler,future,onlar,gelecek
8083,2191,tutuklıyorum,present,ben,şimdi
8084,2191,tutuklıyorsun,present,sen,şimdi
8085,2191,tutuklıyor,present,o,şimdi
8086,2191,tutuklıyoruz,present,biz,şimdi
8087,2191,tutuklıyorsunuz,present,siz,şimdi
8088,2191,tutuklıyorlar,present,onlar,şimdi
8089,2191,tutukladım,past,ben,di
8090,2191,tutukladın,past,sen,di
8091,2191,tutukladı,past,o,di
8092,2191,tutukladık,past,biz,di
8093,2191,tutukladınız,past,siz,di
8094,2191,tutukladılar,past,onlar,di
8095,2191,tutuklayacağım,future,ben,gelecek
8096,2191,tutuklayacaksın,future,sen,gelecek
8097,2191,tutuklayacak,future,o,gelecek
8098,2191,tutuklayacağız,future,biz,gelecek
8099,2191,tutuklayacaksınız,future,siz,gelecek
8100,2191,tutuklayacaklar,future,onlar,gelecek
8101,2192,umuyorum,present,ben,şimdi
8102,2192,umuyorsun,present,sen,şimdi
8103,2192,umuyor,present,o,şimdi
8104,2192,umuyoruz,present,biz,şimdi
8105,2192,umuyorsunuz,present,siz,şimdi
8106,2192,umuyorlar,present,onlar,şimdi
8107,2192,umdum,past,ben,di
8108,2192,umdun,past,sen,di
8109,2192,umdu,past,o,di
8110,2192,umduk,past,biz,di
8111,2192,umdunuz,past,siz,di
8112,2192,umdular,past,onlar,di
8113,2192,umacağım,future,ben,gelecek
8114,2192,umacaksın,future,sen,gelecek
8115,2192,umacak,future,o,gelecek
8116,2192,umacağız,future,biz,gelecek
8117,2192,umacaksınız,future,siz,gelecek
8118,2192,umacaklar,future,onlar,gelecek
8119,2193,yakınıyorum,present,ben,şimdi
8120,2193,yakınıyorsun,present,sen,şimdi
8121,2193,yakınıyor,present,o,şimdi
8122,2193,yakınıyoruz,present,biz,şimdi
8123,2193,yakınıyorsunuz,present,siz,şimdi
8124,2193,yakınıyorlar,present,onlar,şimdi
8125,2193,yakındım,past,ben,di
8126,2193,yakındın,past,sen,di
8127,2193,yakındı,past,o,di
8128,2193,yakındık,past,biz,di
8129,2193,yakındınız,past,siz,di
8130,2193,yakındılar,past,onlar,di
8131,2193,yakınacağım,future,ben,gelecek
8132,2193,yakınacaksın,future,sen,gelecek
8133,2193,yakınacak,future,o,gelecek
8134,2193,yakınacağız,future,biz,gelecek
8135,2193,yakınacaksınız,future,siz,gelecek
8136,2193,yakınacaklar,future,onlar,gelecek
8137,2194,yanılıyorum,present,ben,şimdi
8138,2194,yanılıyorsun,present,sen,şimdi
8139,2194,yanılıyor,present,o,şimdi
8140,2194,yanılıyoruz,present,biz,şimdi
8141,2194,yanılıyorsunuz,present,siz,şimdi
8142,2194,yanılıyorlar,present,onlar,şimdi
8143,2194,yanıldım,past,ben,di
8144,2194,yanıldın,past,sen,di
8145,2194,yanıldı,past,o,di
8146,2194,yanıldık,past,biz,di
8147,2194,yanıldınız,past,siz,di
8148,2194,yanıldılar,past,onlar,di
8149,2194,yanılacağım,future,ben,gelecek
8150,2194,yanılacaksın,future,sen,gelecek
8151,2194,yanılacak,future,o,gelecek
8152,2194,yanılacağız,future,biz,gelecek
8153,2194,yanılacaksınız,future,siz,gelecek
8154,2194,yanılacaklar,future,onlar,gelecek
8155,2195,yaralıyorum,present,ben,şimdi
8156,2195,yaralıyorsun,present,sen,şimdi
8157,2195,yaralıyor,present,o,şimdi
8158,2195,yaralıyoruz,present,biz,şimdi
8159,2195,yaralıyorsunuz,present,siz,şimdi
8160,2195,yaralıyorlar,present,onlar,şimdi
8161,2195,yaraladım,past,ben,di
8162,2195,yaraladın,past,sen,di
8163,2195,yaraladı,past,o,di
8164,2195,yaraladık,past,biz,di
8165,2195,yaraladınız,past,siz,di
8166,2195,yaraladılar,past,onlar,di
8167,2195,yaralayacağım,future,ben,gelecek
8168,2195,yaralayacaksın,future,sen,gelecek
8169,2195,yaralayacak,future,o,gelecek
8170,2195,yaralayacağız,future,biz,gelecek
8171,2195,yaralayacaksınız,future,siz,gelecek
8172,2195,yaralayacaklar,future,onlar,gelecek
8173,2250,buğulanıyorum,present,ben,şimdi
8174,2250,buğulanıyorsun,present,sen,şimdi
8175,2250,buğulanıyor,present,o,şimdi
8176,2250,buğulanıyoruz,present,biz,şimdi
8177,2250,buğulanıyorsunuz,present,siz,şimdi
8178,2250,buğulanıyorlar,present,onlar,şimdi
8179,2250,buğulandım,past,ben,di
8180,2250,buğulandın,past,sen,di
8181,2250,buğulandı,past,o,di
8182,2250,buğulandık,past,biz,di
8183,2250,buğulandınız,past,siz,di
8184,2250,buğulandılar,past,onlar,di
8185,2250,buğulanacağım,future,ben,gelecek
8186,2250,buğulanacaksın,future,sen,gelecek
8187,2250,buğulanacak,future,o,gelecek
8188,2250,buğulanacağız,future,biz,gelecek
8189,2250,buğulanacaksınız,future,siz,gelecek
8190,2250,buğulanacaklar,future,onlar,gelecek
8191,2251,çırpınıyorum,present,ben,şimdi
8192,2251,çırpınıyorsun,present,sen,şimdi
8193,2251,çırpınıyor,present,o,şimdi
8194,2251,çırpınıyoruz,present,biz,şimdi
8195,2251,çırpınıyorsunuz,present,siz,şimdi
8196,2251,çırpınıyorlar,present,onlar,şimdi
8197,2251,çırpındım,past,ben,di
8198,2251,çırpındın,past,sen,di
8199,2251,çırpındı,past,o,di
8200,2251,çırpındık,past,biz,di
8201,2251,çırpındınız,past,siz,di
8202,2251,çırpındılar,past,onlar,di
8203,2251,çırpınacağım,future,ben,gelecek
8204,2251,çırpınacaksın,future,sen,gelecek
8205,2251,çırpınacak,future,o,gelecek
8206,2251,çırpınacağız,future,biz,gelecek
8207,2251,çırpınacaksınız,future,siz,gelecek
8208,2251,çırpınacaklar,future,onlar,gelecek
8209,2252,doğruluyorum,present,ben,şimdi
8210,2252,doğruluyorsun,present,sen,şimdi
8211,2252,doğruluyor,present,o,şimdi
8212,2252,doğruluyoruz,present,biz,şimdi
8213,2252,doğruluyorsunuz,present,siz,şimdi
8214,2252,doğruluyorlar,present,onlar,şimdi
8215,2252,doğruldum,past,ben,di
8216,2252,doğruldun,past,sen,di
8217,2252,doğruldu,past,o,di
8218,2252,doğrulduk,past,biz,di
8219,2252,doğruldunuz,past,siz,di
8220,2252,doğruldular,past,onlar,di
8221,2252,doğrulacağım,future,ben,gelecek
8222,2252,doğrulacaksın,future,sen,gelecek
8223,2252,doğrulacak,future,o,gelecek
8224,2252,doğrulacağız,future,biz,gelecek
8225,2252,doğrulacaksınız,future,siz,gelecek
8226,2252,doğrulacaklar,future,onlar,gelecek
8227,2253,eritiyorum,present,ben,şimdi
8228,2253,eritiyorsun,present,sen,şimdi
8229,2253,eritiyor,present,o,şimdi
8230,2253,eritiyoruz,present,biz,şimdi
8231,2253,eritiyorsunuz,present,siz,şimdi
8232,2253,eritiyorlar,present,onlar,şimdi
8233,2253,erittim,past,ben,di
8234,2253,erittin,past,sen,di
8235,2253,eritti,past,o,di
8236,2253,erittik,past,biz,di
8237,2253,erittiniz,past,siz,di
8238,2253,erittiler,past,onlar,di
8239,2253,eriteceğim,future,ben,gelecek
8240,2253,eriteceksin,future,sen,gelecek
8241,2253,eritecek,future,o,gelecek
8242,2253,eriteceğiz,future,biz,gelecek
8243,2253,eriteceksiniz,future,siz,gelecek
8244,2253,eritecekler,future,onlar,gelecek
8245,2254,iletiyorum,present,ben,şimdi
8246,2254,iletiyorsun,present,sen,şimdi
8247,2254,iletiyor,present,o,şimdi
8248,2254,iletiyoruz,present,biz,şimdi
8249,2254,iletiyorsunuz,present,siz,şimdi
8250,2254,iletiyorlar,present,onlar,şimdi
8251,2254,ilettim,past,ben,di
8252,2254,ilettin,past,sen,di
8253,2254,iletti,past,o,di
8254,2254,ilettik,past,biz,di
8255,2254,ilettiniz,past,siz,di
8256,2254,ilettiler,past,onlar,di
8257,2254,ileteceğim,future,ben,gelecek
8258,2254,ileteceksin,future,sen,gelecek
8259,2254,iletecek,future,o,gelecek
8260,2254,ileteceğiz,future,biz,gelecek
8261,2254,ileteceksiniz,future,siz,gelecek
8262,2254,iletecekler,future,onlar,gelecek
8263,2255,ilişkilendiriyorum,present,ben,şimdi
8264,2255,ilişkilendiriyorsun,present,sen,şimdi
8265,2255,ilişkilendiriyor,present,o,şimdi
8266,2255,ilişkilendiriyoruz,present,biz,şimdi
8267,2255,ilişkilendiriyorsunuz,present,siz,şimdi
8268,2255,ilişkilendiriyorlar,present,onlar,şimdi
8269,2255,ilişkilendirdim,past,ben,di
8270,2255,ilişkilendirdin,past,sen,di
8271,2255,ilişkilendirdi,past,o,di
8272,2255,ilişkilendirdik,past,biz,di
8273,2255,ilişkilendirdiniz,past,siz,di
8274,2255,ilişkilendirdiler,past,onlar,di
8275,2255,ilişkilendireceğim,future,ben,gelecek
8276,2255,ilişkilendireceksin,future,sen,gelecek
8277,2255,ilişkilendirecek,future,o,gelecek
8278,2255,ilişkilendireceğiz,future,biz,gelecek
8279,2255,ilişkilendireceksiniz,future,siz,gelecek
8280,2255,ilişkilendirecekler,future,onlar,gelecek
8281,2256,istifade ediyorum,present,ben,şimdi
8282,2256,istifade ediyorsun,present,sen,şimdi
8283,2256,istifade ediyor,present,o,şimdi
8284,2256,istifade ediyoruz,present,biz,şimdi
8285,2256,istifade ediyorsunuz,present,siz,şimdi
8286,2256,istifade ediyorlar,present,onlar,şimdi
8287,2256,istifade ettim,past,ben,di
8288,2256,istifade ettin,past,sen,di
8289,2256,istifade etti,past,o,di
8290,2256,istifade ettik,past,biz,di
8291,2256,istifade ettiniz,past,siz,di
8292,2256,istifade ettiler,past,onlar,di
8293,2256,istifade eteceğim,future,ben,gelecek
8294,2256,istifade eteceksin,future,sen,gelecek
8295,2256,istifade etecek,future,o,gelecek
8296,2256,istifade eteceğiz,future,biz,gelecek
8297,2256,istifade eteceksiniz,future,siz,gelecek
8298,2256,istifade etecekler,future,onlar,gelecek
8299,2257,kaygılanıyorum,present,ben,şimdi
8300,2257,kaygılanıyorsun,present,sen,şimdi
8301,2257,kaygılanıyor,present,o,şimdi
8302,2257,kaygılanıyoruz,present,biz,şimdi
8303,2257,kaygılanıyorsunuz,present,siz,şimdi
8304,2257,kaygılanıyorlar,present,onlar,şimdi
8305,2257,kaygılandım,past,ben,di
8306,2257,kaygılandın,past,sen,di
8307,2257,kaygılandı,past,o,di
8308,2257,kaygılandık,past,biz,di
8309,2257,kaygılandınız,past,siz,di
8310,2257,kaygılandılar,past,onlar,di
8311,2257,kaygılanacağım,future,ben,gelecek
8312,2257,kaygılanacaksın,future,sen,gelecek
8313,2257,kaygılanacak,future,o,gelecek
8314,2257,kaygılanacağız,future,biz,gelecek
8315,2257,kaygılanacaksınız,future,siz,gelecek
8316,2257,kaygılanacaklar,future,onlar,gelecek
8317,2258,olanaklı kılıyorum,present,ben,şimdi
8318,2258,olanaklı kılıyorsun,present,sen,şimdi
8319,2258,olanaklı kılıyor,present,o,şimdi
8320,2258,olanaklı kılıyoruz,present,biz,şimdi
8321,2258,olanaklı kılıyorsunuz,present,siz,şimdi
8322,2258,olanaklı kılıyorlar,present,onlar,şimdi
8323,2258,olanaklı kıldım,past,ben,di
8324,2258,olanaklı kıldın,past,sen,di
8325,2258,olanaklı kıldı,past,o,di
8326,2258,olanaklı kıldık,past,biz,di
8327,2258,olanaklı kıldınız,past,siz,di
8328,2258,olanaklı kıldılar,past,onlar,di
8329,2258,olanaklı kılacağım,future,ben,gelecek
8330,2258,olanaklı kılacaksın,future,sen,gelecek
8331,2258,olanaklı kılacak,future,o,gelecek
8332,2258,olanaklı kılacağız,future,biz,gelecek
8333,2258,olanaklı kılacaksınız,future,siz,gelecek
8334,2258,olanaklı kılacaklar,future,onlar,gelecek
8335,2259,sözleşiyorum,present,ben,şimdi
8336,2259,sözleşiyorsun,present,sen,şimdi
8337,2259,sözleşiyor,present,o,şimdi
8338,2259,sözleşiyoruz,present,biz,şimdi
8339,2259,sözleşiyorsunuz,present,siz,şimdi
8340,2259,sözleşiyorlar,present,onlar,şimdi
8341,2259,sözleştim,past,ben,di
8342,2259,sözleştin,past,sen,di
8343,2259,sözleşti,past,o,di
8344,2259,sözleştik,past,biz,di
8345,2259,sözleştiniz,past,siz,di
8346,2259,sözleştiler,past,onlar,di
8347,2259,sözleşeceğim,future,ben,gelecek
8348,2259,sözleşeceksin,future,sen,gelecek
8349,2259,sözleşecek,future,o,gelecek
8350,2259,sözleşeceğiz,future,biz,gelecek
8351,2259,sözleşeceksiniz,future,siz,gelecek
8352,2259,sözleşecekler,future,onlar,gelecek
8353,2260,takışıyorum,present,ben,şimdi
8354,2260,takışıyorsun,present,sen,şimdi
8355,2260,takışıyor,present,o,şimdi
8356,2260,takışıyoruz,present,biz,şimdi
8357,2260,takışıyorsunuz,present,siz,şimdi
8358,2260,takışıyorlar,present,onlar,şimdi
8359,2260,takıştım,past,ben,di
8360,2260,takıştın,past,sen,di
8361,2260,takıştı,past,o,di
8362,2260,takıştık,past,biz,di
8363,2260,takıştınız,past,siz,di
8364,2260,takıştılar,past,onlar,di
8365,2260,takışacağım,future,ben,gelecek
8366,2260,takışacaksın,future,sen,gelecek
8367,2260,takışacak,future,o,gelecek
8368,2260,takışacağız,future,biz,gelecek
8369,2260,takışacaksınız,future,siz,gelecek
8370,2260,takışacaklar,future,onlar,gelecek
8371,2261,tasarlıyorum,present,ben,şimdi
8372,2261,tasarlıyorsun,present,sen,şimdi
8373,2261,tasarlıyor,present,o,şimdi
8374,2261,tasarlıyoruz,present,biz,şimdi
8375,2261,tasarlıyorsunuz,present,siz,şimdi
8376,2261,tasarlıyorlar,present,onlar,şimdi
8377,2261,tasarladım,past,ben,di
8378,2261,tasarladın,past,sen,di
8379,2261,tasarladı,past,o,di
8380,2261,tasarladık,past,biz,di
8381,2261,tasarladınız,past,siz,di
8382,2261,tasarladılar,past,onlar,di
8383,2261,tasarlayacağım,future,ben,gelecek
8384,2261,tasarlayacaksın,future,sen,gelecek
8385,2261,tasarlayacak,future,o,gelecek
8386,2261,tasarlayacağız,future,biz,gelecek
8387,2261,tasarlayacaksınız,future,siz,gelecek
8388,2261,tasarlayacaklar,future,onlar,gelecek
8389,2262,uluyorum,present,ben,şimdi
8390,2262,uluyorsun,present,sen,şimdi
8391,2262,uluyor,present,o,şimdi
8392,2262,uluyoruz,present,biz,şimdi
8393,2262,uluyorsunuz,present,siz,şimdi
8394,2262,uluyorlar,present,onlar,şimdi
8395,2262,uludum,past,ben,di
8396,2262,uludun,past,sen,di
8397,2262,uludu,past,o,di
8398,2262,uluduk,past,biz,di
8399,2262,uludunuz,past,siz,di
8400,2262,uludular,past,onlar,di
8401,2262,uluyacağım,future,ben,gelecek
8402,2262,uluyacaksın,future,sen,gelecek
8403,2262,uluyacak,future,o,gelecek
8404,2262,uluyacağız,future,biz,gelecek
8405,2262,uluyacaksınız,future,siz,gelecek
8406,2262,uluyacaklar,future,onlar,gelecek
8407,2263,yaygınlaşıyorum,present,ben,şimdi
8408,2263,yaygınlaşıyorsun,present,sen,şimdi
8409,2263,yaygınlaşıyor,present,o,şimdi
8410,2263,yaygınlaşıyoruz,present,biz,şimdi
8411,2263,yaygınlaşıyorsunuz,present,siz,şimdi
8412,2263,yaygınlaşıyorlar,present,onlar,şimdi
8413,2263,yaygınlaştım,past,ben,di
8414,2263,yaygınlaştın,past,sen,di
8415,2263,yaygınlaştı,past,o,di
8416,2263,yaygınlaştık,past,biz,di
8417,2263,yaygınlaştınız,past,siz,di
8418,2263,yaygınlaştılar,past,onlar,di
8419,2263,yaygınlaşacağım,future,ben,gelecek
8420,2263,yaygınlaşacaksın,future,sen,gelecek
8421,2263,yaygınlaşacak,future,o,gelecek
8422,2263,yaygınlaşacağız,future,biz,gelecek
8423,2263,yaygınlaşacaksınız,future,siz,gelecek
8424,2263,yaygınlaşacaklar,future,onlar,gelecek
8425,2264,zehirleniyorum,present,ben,şimdi
8426,2264,zehirleniyorsun,present,sen,şimdi
8427,2264,zehirleniyor,present,o,şimdi
8428,2264,zehirleniyoruz,present,biz,şimdi
8429,2264,zehirleniyorsunuz,present,siz,şimdi
8430,2264,zehirleniyorlar,present,onlar,şimdi
8431,2264,zehirlendim,past,ben,di
8432,2264,zehirlendin,past,sen,di
8433,2264,zehirlendi,past,o,di
8434,2264,zehirlendik,past,biz,di
8435,2264,zehirlendiniz,past,siz,di
8436,2264,zehirlendiler,past,onlar,di
8437,2264,zehirleneceğim,future,ben,gelecek
8438,2264,zehirleneceksin,future,sen,gelecek
8439,2264,zehirlenecek,future,o,gelecek
8440,2264,zehirleneceğiz,future,biz,gelecek
8441,2264,zehirleneceksiniz,future,siz,gelecek
8442,2264,zehirlenecekler,future,onlar,gelecek
8443,2265,zonklıyorum,present,ben,şimdi
8444,2265,zonklıyorsun,present,sen,şimdi
8445,2265,zonklıyor,present,o,şimdi
8446,2265,zonklıyoruz,present,biz,şimdi
8447,2265,zonklıyorsunuz,present,siz,şimdi
8448,2265,zonklıyorlar,present,onlar,şimdi
8449,2265,zonkladım,past,ben,di
8450,2265,zonkladın,past,sen,di
8451,2265,zonkladı,past,o,di
8452,2265,zonkladık,past,biz,di
8453,2265,zonkladınız,past,siz,di
8454,2265,zonkladılar,past,onlar,di
8455,2265,zonklayacağım,future,ben,gelecek
8456,2265,zonklayacaksın,future,sen,gelecek
8457,2265,zonklayacak,future,o,gelecek
8458,2265,zonklayacağız,future,biz,gelecek
8459,2265,zonklayacaksınız,future,siz,gelecek
8460,2265,zonklayacaklar,future,onlar,gelecek
8461,2366,adıyorum,present,ben,şimdi
8462,2366,adıyorsun,present,sen,şimdi
8463,2366,adıyor,present,o,şimdi
8464,2366,adıyoruz,present,biz,şimdi
8465,2366,adıyorsunuz,present,siz,şimdi
8466,2366,adıyorlar,present,onlar,şimdi
8467,2366,adadım,past,ben,di
8468,2366,adadın,past,sen,di
8469,2366,adadı,past,o,di
8470,2366,adadık,past,biz,di
8471,2366,adadınız,past,siz,di
8472,2366,adadılar,past,onlar,di
8473,2366,adayacağım,future,ben,gelecek
8474,2366,adayacaksın,future,sen,gelecek
8475,2366,adayacak,future,o,gelecek
8476,2366,adayacağız,future,biz,gelecek
8477,2366,adayacaksınız,future,siz,gelecek
8478,2366,adayacaklar,future,onlar,gelecek
8479,2367,aksetiyorum,present,ben,şimdi
8480,2367,aksetiyorsun,present,sen,şimdi
8481,2367,aksetiyor,present,o,şimdi
8482,2367,aksetiyoruz,present,biz,şimdi
8483,2367,aksetiyorsunuz,present,siz,şimdi
8484,2367,aksetiyorlar,present,onlar,şimdi
8485,2367,aksettim,past,ben,di
8486,2367,aksettin,past,sen,di
8487,2367,aksetti,past,o,di
8488,2367,aksettik,past,biz,di
8489,2367,aksettiniz,past,siz,di
8490,2367,aksettiler,past,onlar,di
8491,2367,akseteceğim,future,ben,gelecek
8492,2367,akseteceksin,future,sen,gelecek
8493,2367,aksetecek,future,o,gelecek
8494,2367,akseteceğiz,future,biz,gelecek
8495,2367,akseteceksiniz,future,siz,gelecek
8496,2367,aksetecekler,future,onlar,gelecek
8497,2368,deşiyorum,present,ben,şimdi
8498,2368,deşiyorsun,present,sen,şimdi
8499,2368,deşiyor,present,o,şimdi
8500,2368,deşiyoruz,present,biz,şimdi
8501,2368,deşiyorsunuz,present,siz,şimdi
8502,2368,deşiyorlar,present,onlar,şimdi
8503,2368,deştim,past,ben,di
8504,2368,deştin,past,sen,di
8505,2368,deşti,past,o,di
8506,2368,deştik,past,biz,di
8507,2368,deştiniz,past,siz,di
8508,2368,deştiler,past,onlar,di
8509,2368,deşeceğim,future,ben,gelecek
8510,2368,deşeceksin,future,sen,gelecek
8511,2368,deşecek,future,o,gelecek
8512,2368,deşeceğiz,future,biz,gelecek
8513,2368,deşeceksiniz,future,siz,gelecek
8514,2368,deşecekler,future,onlar,gelecek
8515,2369,fırlatıyorum,present,ben,şimdi
8516,2369,fırlatıyorsun,present,sen,şimdi
8517,2369,fırlatıyor,present,o,şimdi
8518,2369,fırlatıyoruz,present,biz,şimdi
8519,2369,fırlatıyorsunuz,present,siz,şimdi
8520,2369,fırlatıyorlar,present,onlar,şimdi
8521,2369,fırlattım,past,ben,di
8522,2369,fırlattın,past,sen,di
8523,2369,fırlattı,past,o,di
8524,2369,fırlattık,past,biz,di
8525,2369,fırlattınız,past,siz,di
8526,2369,fırlattılar,past,onlar,di
8527,2369,fırlatacağım,future,ben,gelecek
8528,2369,fırlatacaksın,future,sen,gelecek
8529,2369,fırlatacak,future,o,gelecek
8530,2369,fırlatacağız,future,biz,gelecek
8531,2369,fırlatacaksınız,future,siz,gelecek
8532,2369,fırlatacaklar,future,onlar,gelecek
8533,2370,harmanlıyorum,present,ben,şimdi
8534,2370,harmanlıyorsun,present,sen,şimdi
8535,2370,harmanlıyor,present,o,şimdi
8536,2370,harmanlıyoruz,present,biz,şimdi
8537,2370,harmanlıyorsunuz,present,siz,şimdi
8538,2370,harmanlıyorlar,present,onlar,şimdi
8539,2370,harmanladım,past,ben,di
8540,2370,harmanladın,past,sen,di
8541,2370,harmanladı,past,o,di
8542,2370,harmanladık,past,biz,di
8543,2370,harmanladınız,past,siz,di
8544,2370,harmanladılar,past,onlar,di
8545,2370,harmanlayacağım,future,ben,gelecek
8546,2370,harmanlayacaksın,future,sen,gelecek
8547,2370,harmanlayacak,future,o,gelecek
8548,2370,harmanlayacağız,future,biz,gelecek
8549,2370,harmanlayacaksınız,future,siz,gelecek
8550,2370,harmanlayacaklar,future,onlar,gelecek
8551,2371,iddia ediyorum,present,ben,şimdi
8552,2371,iddia ediyorsun,present,sen,şimdi
8553,2371,iddia ediyor,present,o,şimdi
8554,2371,iddia ediyoruz,present,biz,şimdi
8555,2371,iddia ediyorsunuz,present,siz,şimdi
8556,2371,iddia ediyorlar,present,onlar,şimdi
8557,2371,iddia ettim,past,ben,di
8558,2371,iddia ettin,past,sen,di
8559,2371,iddia etti,past,o,di
8560,2371,iddia ettik,past,biz,di
8561,2371,iddia ettiniz,past,siz,di
8562,2371,iddia ettiler,past,onlar,di
8563,2371,iddia eteceğim,future,ben,gelecek
8564,2371,iddia eteceksin,future,sen,gelecek
8565,2371,iddia etecek,future,o,gelecek
8566,2371,iddia eteceğiz,future,biz,gelecek
8567,2371,iddia eteceksiniz,future,siz,gelecek
8568,2371,iddia etecekler,future,onlar,gelecek
8569,2372,işliyorum,present,ben,şimdi
8570,2372,işliyorsun,present,sen,şimdi
8571,2372,işliyor,present,o,şimdi
8572,2372,işliyoruz,present,biz,şimdi
8573,2372,işliyorsunuz,present,siz,şimdi
8574,2372,işliyorlar,present,onlar,şimdi
8575,2372,işledim,past,ben,di
8576,2372,işledin,past,sen,di
8577,2372,işledi,past,o,di
8578,2372,işledik,past,biz,di
8579,2372,işlediniz,past,siz,di
8580,2372,işlediler,past,onlar,di
8581,2372,işleyeceğim,future,ben,gelecek
8582,2372,işleyeceksin,future,sen,gelecek
8583,2372,işleyecek,future,o,gelecek
8584,2372,işleyeceğiz,future,biz,gelecek
8585,2372,işleyeceksiniz,future,siz,gelecek
8586,2372,işleyecekler,future,onlar,gelecek
8587,2373,kasılıyorum,present,ben,şimdi
8588,2373,kasılıyorsun,present,sen,şimdi
8589,2373,kasılıyor,present,o,şimdi
8590,2373,kasılıyoruz,present,biz,şimdi
8591,2373,kasılıyorsunuz,present,siz,şimdi
8592,2373,kasılıyorlar,present,onlar,şimdi
8593,2373,kasıldım,past,ben,di
8594,2373,kasıldın,past,sen,di
8595,2373,kasıldı,past,o,di
8596,2373,kasıldık,past,biz,di
8597,2373,kasıldınız,past,siz,di
8598,2373,kasıldılar,past,onlar,di
8599,2373,kasılacağım,future,ben,gelecek
8600,2373,kasılacaksın,future,sen,gelecek
8601,2373,kasılacak,future,o,gelecek
8602,2373,kasılacağız,future,biz,gelecek
8603,2373,kasılacaksınız,future,siz,gelecek
8604,2373,kasılacaklar,future,onlar,gelecek
8605,2374,oyuyorum,present,ben,şimdi
8606,2374,oyuyorsun,present,sen,şimdi
8607,2374,oyuyor,present,o,şimdi
8608,2374,oyuyoruz,present,biz,şimdi
8609,2374,oyuyorsunuz,present,siz,şimdi
8610,2374,oyuyorlar,present,onlar,şimdi
8611,2374,oydum,past,ben,di
8612,2374,oydun,past,sen,di
8613,2374,oydu,past,o,di
8614,2374,oyduk,past,biz,di
8615,2374,oydunuz,past,siz,di
8616,2374,oydular,past,onlar,di
8617,2374,oyacağım,future,ben,gelecek
8618,2374,oyacaksın,future,sen,gelecek
8619,2374,oyacak,future,o,gelecek
8620,2374,oyacağız,future,biz,gelecek
8621,2374,oyacaksınız,future,siz,gelecek
8622,2374,oyacaklar,future,onlar,gelecek
8623,2375,övüyorum,present,ben,şimdi
8624,2375,övüyorsun,present,sen,şimdi
8625,2375,övüyor,present,o,şimdi
8626,2375,övüyoruz,present,biz,şimdi
8627,2375,övüyorsunuz,present,siz,şimdi
8628,2375,övüyorlar,present,onlar,şimdi
8629,2375,övdüm,past,ben,di
8630,2375,övdün,past,sen,di
8631,2375,övdü,past,o,di
8632,2375,övdük,past,biz,di
8633,2375,övdünüz,past,siz,di
8634,2375,övdüler,past,onlar,di
8635,2375,öveceğim,future,ben,gelecek
8636,2375,öveceksin,future,sen,gelecek
8637,2375,övecek,future,o,gelecek
8638,2375,öveceğiz,future,biz,gelecek
8639,2375,öveceksiniz,future,siz,gelecek
8640,2375,övecekler,future,onlar,gelecek
8641,2376,püskürtüyorum,present,ben,şimdi
8642,2376,püskürtüyorsun,present,sen,şimdi
8643,2376,püskürtüyor,present,o,şimdi
8644,2376,püskürtüyoruz,present,biz,şimdi
8645,2376,püskürtüyorsunuz,present,siz,şimdi
8646,2376,püskürtüyorlar,present,onlar,şimdi
8647,2376,püskürttüm,past,ben,di
8648,2376,püskürttün,past,sen,di
8649,2376,püskürttü,past,o,di
8650,2376,püskürttük,past,biz,di
8651,2376,püskürttünüz,past,siz,di
8652,2376,püskürttüler,past,onlar,di
8653,2376,püskürteceğim,future,ben,gelecek
8654,2376,püskürteceksin,future,sen,gelecek
8655,2376,püskürtecek,future,o,gelecek
8656,2376,püskürteceğiz,future,biz,gelecek
8657,2376,püskürteceksiniz,future,siz,gelecek
8658,2376,püskürtecekler,future,onlar,gelecek
8659,2377,salgılıyorum,present,ben,şimdi
8660,2377,salgılıyorsun,present,sen,şimdi
8661,2377,salgılıyor,present,o,şimdi
8662,2377,salgılıyoruz,present,biz,şimdi
8663,2377,salgılıyorsunuz,present,siz,şimdi
8664,2377,salgılıyorlar,present,onlar,şimdi
8665,2377,salgıladım,past,ben,di
8666,2377,salgıladın,past,sen,di
8667,2377,salgıladı,past,o,di
8668,2377,salgıladık,past,biz,di
8669,2377,salgıladınız,past,siz,di
8670,2377,salgıladılar,past,onlar,di
8671,2377,salgılayacağım,future,ben,gelecek
8672,2377,salgılayacaksın,future,sen,gelecek
8673,2377,salgılayacak,future,o,gelecek
8674,2377,salgılayacağız,future,biz,gelecek
8675,2377,salgılayacaksınız,future,siz,gelecek
8676,2377,salgılayacaklar,future,onlar,gelecek
8677,2378,seyre dalıyorum,present,ben,şimdi
8678,2378,seyre dalıyorsun,present,sen,şimdi
8679,2378,seyre dalıyor,present,o,şimdi
8680,2378,seyre dalıyoruz,present,biz,şimdi
8681,2378,seyre dalıyorsunuz,present,siz,şimdi
8682,2378,seyre dalıyorlar,present,onlar,şimdi
8683,2378,seyre daldım,past,ben,di
8684,2378,seyre daldın,past,sen,di
8685,2378,seyre daldı,past,o,di
8686,2378,seyre daldık,past,biz,di
8687,2378,seyre daldınız,past,siz,di
8688,2378,seyre daldılar,past,onlar,di
8689,2378,seyre dalacağım,future,ben,gelecek
8690,2378,seyre dalacaksın,future,sen,gelecek
8691,2378,seyre dalacak,future,o,gelecek
8692,2378,seyre dalacağız,future,biz,gelecek
8693,2378,seyre dalacaksınız,future,siz,gelecek
8694,2378,seyre dalacaklar,future,onlar,gelecek
8695,2379,sınıflandırıyorum,present,ben,şimdi
8696,2379,sınıflandırıyorsun,present,sen,şimdi
8697,2379,sınıflandırıyor,present,o,şimdi
8698,2379,sınıflandırıyoruz,present,biz,şimdi
8699,2379,sınıflandırıyorsunuz,present,siz,şimdi
8700,2379,sınıflandırıyorlar,present,onlar,şimdi
8701,2379,sınıflandırdım,past,ben,di
8702,2379,sınıflandırdın,past,sen,di
8703,2379,sınıflandırdı,past,o,di
8704,2379,sınıflandırdık,past,biz,di
8705,2379,sınıflandırdınız,past,siz,di
8706,2379,sınıflandırdılar,past,onlar,di
8707,2379,sınıflandıracağım,future,ben,gelecek
8708,2379,sınıflandıracaksın,future,sen,gelecek
8709,2379,sınıflandıracak,future,o,gelecek
8710,2379,sınıflandıracağız,future,biz,gelecek
8711,2379,sınıflandıracaksınız,future,siz,gelecek
8712,2379,sınıflandıracaklar,future,onlar,gelecek
8713,2380,sürükliyorum,present,ben,şimdi
8714,2380,sürükliyorsun,present,sen,şimdi
8715,2380,sürükliyor,present,o,şimdi
8716,2380,sürükliyoruz,present,biz,şimdi
8717,2380,sürükliyorsunuz,present,siz,şimdi
8718,2380,sürükliyorlar,present,onlar,şimdi
8719,2380,sürükledim,past,ben,di
8720,2380,sürükledin,past,sen,di
8721,2380,sürükledi,past,o,di
8722,2380,sürükledik,past,biz,di
8723,2380,sürüklediniz,past,siz,di
8724,2380,sürüklediler,past,onlar,di
8725,2380,sürükleyeceğim,future,ben,gelecek
8726,2380,sürükleyeceksin,future,sen,gelecek
8727,2380,sürükleyecek,future,o,gelecek
8728,2380,sürükleyeceğiz,future,biz,gelecek
8729,2380,sürükleyeceksiniz,future,siz,gelecek
8730,2380,sürükleyecekler,future,onlar,gelecek
8731,2381,süzülüyorum,present,ben,şimdi
8732,2381,süzülüyorsun,present,sen,şimdi
8733,2381,süzülüyor,present,o,şimdi
8734,2381,süzülüyoruz,present,biz,şimdi
8735,2381,süzülüyorsunuz,present,siz,şimdi
8736,2381,süzülüyorlar,present,onlar,şimdi
8737,2381,süzüldüm,past,ben,di
8738,2381,süzüldün,past,sen,di
8739,2381,süzüldü,past,o,di
8740,2381,süzüldük,past,biz,di
8741,2381,süzüldünüz,past,siz,di
8742,2381,süzüldüler,past,onlar,di
8743,2381,süzüleceğim,future,ben,gelecek
8744,2381,süzüleceksin,future,sen,gelecek
8745,2381,süzülecek,future,o,gelecek
8746,2381,süzüleceğiz,future,biz,gelecek
8747,2381,süzüleceksiniz,future,siz,gelecek
8748,2381,süzülecekler,future,onlar,gelecek
8749,2382,tatmin ediyorum,present,ben,şimdi
8750,2382,tatmin ediyorsun,present,sen,şimdi
8751,2382,tatmin ediyor,present,o,şimdi
8752,2382,tatmin ediyoruz,present,biz,şimdi
8753,2382,tatmin ediyorsunuz,present,siz,şimdi
8754,2382,tatmin ediyorlar,present,onlar,şimdi
8755,2382,tatmin ettim,past,ben,di
8756,2382,tatmin ettin,past,sen,di
8757,2382,tatmin etti,past,o,di
8758,2382,tatmin ettik,past,biz,di
8759,2382,tatmin ettiniz,past,siz,di
8760,2382,tatmin ettiler,past,onlar,di
8761,2382,tatmin eteceğim,future,ben,gelecek
8762,2382,tatmin eteceksin,future,sen,gelecek
8763,2382,tatmin etecek,future,o,gelecek
8764,2382,tatmin eteceğiz,future,biz,gelecek
8765,2382,tatmin eteceksiniz,future,siz,gelecek
8766,2382,tatmin etecekler,future,onlar,gelecek
8767,2383,yakarıyorum,present,ben,şimdi
8768,2383,yakarıyorsun,present,sen,şimdi
8769,2383,yakarıyor,present,o,şimdi
8770,2383,yakarıyoruz,present,biz,şimdi
8771,2383,yakarıyorsunuz,present,siz,şimdi
8772,2383,yakarıyorlar,present,onlar,şimdi
8773,2383,yakardım,past,ben,di
8774,2383,yakardın,past,sen,di
8775,2383,yakardı,past,o,di
8776,2383,yakardık,past,biz,di
8777,2383,yakardınız,past,siz,di
8778,2383,yakardılar,past,onlar,di
8779,2383,yakaracağım,future,ben,gelecek
8780,2383,yakaracaksın,future,sen,gelecek
8781,2383,yakaracak,future,o,gelecek
8782,2383,yakaracağız,future,biz,gelecek
8783,2383,yakaracaksınız,future,siz,gelecek
8784,2383,yakaracaklar,future,onlar,gelecek
8785,2415,destekliyorum,present,ben,şimdi
8786,2415,destekliyorsun,present,sen,şimdi
8787,2415,destekliyor,present,o,şimdi
8788,2415,destekliyoruz,present,biz,şimdi
8789,2415,destekliyorsunuz,present,siz,şimdi
8790,2415,destekliyorlar,present,onlar,şimdi
8791,2415,destekledim,past,ben,di
8792,2415,destekledin,past,sen,di
8793,2415,destekledi,past,o,di
8794,2415,destekledik,past,biz,di
8795,2415,desteklediniz,past,siz,di
8796,2415,desteklediler,past,onlar,di
8797,2415,destekleyeceğim,future,ben,gelecek
8798,2415,destekleyeceksin,future,sen,gelecek
8799,2415,destekleyecek,future,o,gelecek
8800,2415,destekleyeceğiz,future,biz,gelecek
8801,2415,destekleyeceksiniz,future,siz,gelecek
8802,2415,destekleyecekler,future,onlar,gelecek
8803,2416,özetliyorum,present,ben,şimdi
8804,2416,özetliyorsun,present,sen,şimdi
8805,2416,özetliyor,present,o,şimdi
8806,2416,özetliyoruz,present,biz,şimdi
8807,2416,özetliyorsunuz,present,siz,şimdi
8808,2416,özetliyorlar,present,onlar,şimdi
8809,2416,özetledim,past,ben,di
8810,2416,özetledin,past,sen,di
8811,2416,özetledi,past,o,di
8812,2416,özetledik,past,biz,di
8813,2416,özetlediniz,past,siz,di
8814,2416,özetlediler,past,onlar,di
8815,2416,özetleyeceğim,future,ben,gelecek
8816,2416,özetleyeceksin,future,sen,gelecek
8817,2416,özetleyecek,future,o,gelecek
8818,2416,özetleyeceğiz,future,biz,gelecek
8819,2416,özetleyeceksiniz,future,siz,gelecek
8820,2416,özetleyecekler,future,onlar,gelecek
8821,2417,itiraz ediyorum,present,ben,şimdi
8822,2417,itiraz ediyorsun,present,sen,şimdi
8823,2417,itiraz ediyor,present,o,şimdi
8824,2417,itiraz ediyoruz,present,biz,şimdi
8825,2417,itiraz ediyorsunuz,present,siz,şimdi
8826,2417,itiraz ediyorlar,present,onlar,şimdi
8827,2417,itiraz ettim,past,ben,di
8828,2417,itiraz ettin,past,sen,di
8829,2417,itiraz etti,past,o,di
8830,2417,itiraz ettik,past,biz,di
8831,2417,itiraz ettiniz,past,siz,di
8832,2417,itiraz ettiler,past,onlar,di
8833,2417,itiraz eteceğim,future,ben,gelecek
8834,2417,itiraz eteceksin,future,sen,gelecek
8835,2417,itiraz etecek,future,o,gelecek
8836,2417,itiraz eteceğiz,future,biz,gelecek
8837,2417,itiraz eteceksiniz,future,siz,gelecek
8838,2417,itiraz etecekler,future,onlar,gelecek
8839,2418,ayırt ediyorum,present,ben,şimdi
8840,2418,ayırt ediyorsun,present,sen,şimdi
8841,2418,ayırt ediyor,present,o,şimdi
8842,2418,ayırt ediyoruz,present,biz,şimdi
8843,2418,ayırt ediyorsunuz,present,siz,şimdi
8844,2418,ayırt ediyorlar,present,onlar,şimdi
8845,2418,ayırt ettim,past,ben,di
8846,2418,ayırt ettin,past,sen,di
8847,2418,ayırt etti,past,o,di
8848,2418,ayırt ettik,past,biz,di
8849,2418,ayırt ettiniz,past,siz,di
8850,2418,ayırt ettiler,past,onlar,di
8851,2418,ayırt eteceğim,future,ben,gelecek
8852,2418,ayırt eteceksin,future,sen,gelecek
8853,2418,ayırt etecek,future,o,gelecek
8854,2418,ayırt eteceğiz,future,biz,gelecek
8855,2418,ayırt eteceksiniz,future,siz,gelecek
8856,2418,ayırt etecekler,future,onlar,gelecek
8857,2419,çek bozduruyorum,present,ben,şimdi
8858,2419,çek bozduruyorsun,present,sen,şimdi
8859,2419,çek bozduruyor,present,o,şimdi
8860,2419,çek bozduruyoruz,present,biz,şimdi
8861,2419,çek bozduruyorsunuz,present,siz,şimdi
8862,2419,çek bozduruyorlar,present,onlar,şimdi
8863,2419,çek bozdurdum,past,ben,di
8864,2419,çek bozdurdun,past,sen,di
8865,2419,çek bozdurdu,past,o,di
8866,2419,çek bozdurduk,past,biz,di
8867,2419,çek bozdurdunuz,past,siz,di
8868,2419,çek bozdurdular,past,onlar,di
8869,2419,çek bozduracağım,future,ben,gelecek
8870,2419,çek bozduracaksın,future,sen,gelecek
8871,2419,çek bozduracak,future,o,gelecek
8872,2419,çek bozduracağız,future,biz,gelecek
8873,2419,çek bozduracaksınız,future,siz,gelecek
8874,2419,çek bozduracaklar,future,onlar,gelecek
8875,2480,artış gösteriyorum,present,ben,şimdi
8876,2480,artış gösteriyorsun,present,sen,şimdi
8877,2480,artış gösteriyor,present,o,şimdi
8878,2480,artış gösteriyoruz,present,biz,şimdi
8879,2480,artış gösteriyorsunuz,present,siz,şimdi
8880,2480,artış gösteriyorlar,present,onlar,şimdi
8881,2480,artış gösterdim,past,ben,di
8882,2480,artış gösterdin,past,sen,di
8883,2480,artış gösterdi,past,o,di
8884,2480,artış gösterdik,past,biz,di
8885,2480,artış gösterdiniz,past,siz,di
8886,2480,artış gösterdiler,past,onlar,di
8887,2480,artış göstereceğim,future,ben,gelecek
8888,2480,artış göstereceksin,future,sen,gelecek
8889,2480,artış gösterecek,future,o,gelecek
8890,2480,artış göstereceğiz,future,biz,gelecek
8891,2480,artış göstereceksiniz,future,siz,gelecek
8892,2480,artış gösterecekler,future,onlar,gelecek
8893,2481,arz ediyorum,present,ben,şimdi
8894,2481,arz ediyorsun,present,sen,şimdi
8895,2481,arz ediyor,present,o,şimdi
8896,2481,arz ediyoruz,present,biz,şimdi
8897,2481,arz ediyorsunuz,present,siz,şimdi
8898,2481,arz ediyorlar,present,onlar,şimdi
8899,2481,arz ettim,past,ben,di
8900,2481,arz ettin,past,sen,di
8901,2481,arz etti,past,o,di
8902,2481,arz ettik,past,biz,di
8903,2481,arz ettiniz,past,siz,di
8904,2481,arz ettiler,past,onlar,di
8905,2481,arz eteceğim,future,ben,gelecek
8906,2481,arz eteceksin,future,sen,gelecek
8907,2481,arz etecek,future,o,gelecek
8908,2481,arz eteceğiz,future,biz,gelecek
8909,2481,arz eteceksiniz,future,siz,gelecek
8910,2481,arz etecekler,future,onlar,gelecek
8911,2482,çare arıyorum,present,ben,şimdi
8912,2482,çare arıyorsun,present,sen,şimdi
8913,2482,çare arıyor,present,o,şimdi
8914,2482,çare arıyoruz,present,biz,şimdi
8915,2482,çare arıyorsunuz,present,siz,şimdi
8916,2482,çare arıyorlar,present,onlar,şimdi
8917,2482,çare aradım,past,ben,di
8918,2482,çare aradın,past,sen,di
8919,2482,çare aradı,past,o,di
8920,2482,çare aradık,past,biz,di
8921,2482,çare aradınız,past,siz,di
8922,2482,çare aradılar,past,onlar,di
8923,2482,çare arayacağım,future,ben,gelecek
8924,2482,çare arayacaksın,future,sen,gelecek
8925,2482,çare arayacak,future,o,gelecek
8926,2482,çare arayacağız,future,biz,gelecek
8927,2482,çare arayacaksınız,future,siz,gelecek
8928,2482,çare arayacaklar,future,onlar,gelecek
8929,2483,kanaat getiriyorum,present,ben,şimdi
8930,2483,kanaat getiriyorsun,present,sen,şimdi
8931,2483,kanaat getiriyor,present,o,şimdi
8932,2483,kanaat getiriyoruz,present,biz,şimdi
8933,2483,kanaat getiriyorsunuz,present,siz,şimdi
8934,2483,kanaat getiriyorlar,present,onlar,şimdi
8935,2483,kanaat getirdim,past,ben,di
8936,2483,kanaat getirdin,past,sen,di
8937,2483,kanaat getirdi,past,o,di
8938,2483,kanaat getirdik,past,biz,di
8939,2483,kanaat getirdiniz,past,siz,di
8940,2483,kanaat getirdiler,past,onlar,di
8941,2483,kanaat getireceğim,future,ben,gelecek
8942,2483,kanaat getireceksin,future,sen,gelecek
8943,2483,kanaat getirecek,future,o,gelecek
8944,2483,kanaat getireceğiz,future,biz,gelecek
8945,2483,kanaat getireceksiniz,future,siz,gelecek
8946,2483,kanaat getirecekler,future,onlar,gelecek
8947,2484,ölçüp biçiyorum,present,ben,şimdi
8948,2484,ölçüp biçiyorsun,present,sen,şimdi
8949,2484,ölçüp biçiyor,present,o,şimdi
8950,2484,ölçüp biçiyoruz,present,biz,şimdi
8951,2484,ölçüp biçiyorsunuz,present,siz,şimdi
8952,2484,ölçüp biçiyorlar,present,onlar,şimdi
8953,2484,ölçüp biçtim,past,ben,di
8954,2484,ölçüp biçtin,past,sen,di
8955,2484,ölçüp biçti,past,o,di
8956,2484,ölçüp biçtik,past,biz,di
8957,2484,ölçüp biçtiniz,past,siz,di
8958,2484,ölçüp biçtiler,past,onlar,di
8959,2484,ölçüp biçeceğim,future,ben,gelecek
8960,2484,ölçüp biçeceksin,future,sen,gelecek
8961,2484,ölçüp biçecek,future,o,gelecek
8962,2484,ölçüp biçeceğiz,future,biz,gelecek
8963,2484,ölçüp biçeceksiniz,future,siz,gelecek
8964,2484,ölçüp biçecekler,future,onlar,gelecek
8965,2518,restore ediliyorum,present,ben,şimdi
8966,2518,restore ediliyorsun,present,sen,şimdi
8967,2518,restore ediliyor,present,o,şimdi
8968,2518,restore ediliyoruz,present,biz,şimdi
8969,2518,restore ediliyorsunuz,present,siz,şimdi
8970,2518,restore ediliyorlar,present,onlar,şimdi
8971,2518,restore edildim,past,ben,di
8972,2518,restore edildin,past,sen,di
8973,2518,restore edildi,past,o,di
8974,2518,restore edildik,past,biz,di
8975,2518,restore edildiniz,past,siz,di
8976,2518,restore edildiler,past,onlar,di
8977,2518,restore edileceğim,future,ben,gelecek
8978,2518,restore edileceksin,future,sen,gelecek
8979,2518,restore edilecek,future,o,gelecek
8980,2518,restore edileceğiz,future,biz,gelecek
8981,2518,restore edileceksiniz,future,siz,gelecek
8982,2518,restore edilecekler,future,onlar,gelecek
8983,2519,sınırlı tutuyorum,present,ben,şimdi
8984,2519,sınırlı tutuyorsun,present,sen,şimdi
8985,2519,sınırlı tutuyor,present,o,şimdi
8986,2519,sınırlı tutuyoruz,present,biz,şimdi
8987,2519,sınırlı tutuyorsunuz,present,siz,şimdi
8988,2519,sınırlı tutuyorlar,present,onlar,şimdi
8989,2519,sınırlı tuttum,past,ben,di
8990,2519,sınırlı tuttun,past,sen,di
8991,2519,sınırlı tuttu,past,o,di
8992,2519,sınırlı tuttuk,past,biz,di
8993,2519,sınırlı tuttunuz,past,siz,di
8994,2519,sınırlı tuttular,past,onlar,di
8995,2519,sınırlı tutacağım,future,ben,gelecek
8996,2519,sınırlı tutacaksın,future,sen,gelecek
8997,2519,sınırlı tutacak,future,o,gelecek
8998,2519,sınırlı tutacağız,future,biz,gelecek
8999,2519,sınırlı tutacaksınız,future,siz,gelecek
9000,2519,sınırlı tutacaklar,future,onlar,gelecek
9001,2520,kılavuzluk ediyorum,present,ben,şimdi
9002,2520,kılavuzluk ediyorsun,present,sen,şimdi
9003,2520,kılavuzluk ediyor,present,o,şimdi
9004,2520,kılavuzluk ediyoruz,present,biz,şimdi
9005,2520,kılavuzluk ediyorsunuz,present,siz,şimdi
9006,2520,kılavuzluk ediyorlar,present,onlar,şimdi
9007,2520,kılavuzluk ettim,past,ben,di
9008,2520,kılavuzluk ettin,past,sen,di
9009,2520,kılavuzluk etti,past,o,di
9010,2520,kılavuzluk ettik,past,biz,di
9011,2520,kılavuzluk ettiniz,past,siz,di
9012,2520,kılavuzluk ettiler,past,onlar,di
9013,2520,kılavuzluk eteceğim,future,ben,gelecek
9014,2520,kılavuzluk eteceksin,future,sen,gelecek
9015,2520,kılavuzluk etecek,future,o,gelecek
9016,2520,kılavuzluk eteceğiz,future,biz,gelecek
9017,2520,kılavuzluk eteceksiniz,future,siz,gelecek
9018,2520,kılavuzluk etecekler,future,onlar,gelecek
9019,2521,yöneltiyorum,present,ben,şimdi
9020,2521,yöneltiyorsun,present,sen,şimdi
9021,2521,yöneltiyor,present,o,şimdi
9022,2521,yöneltiyoruz,present,biz,şimdi
9023,2521,yöneltiyorsunuz,present,siz,şimdi
9024,2521,yöneltiyorlar,present,onlar,şimdi
9025,2521,yönelttim,past,ben,di
9026,2521,yönelttin,past,sen,di
9027,2521,yöneltti,past,o,di
9028,2521,yönelttik,past,biz,di
9029,2521,yönelttiniz,past,siz,di
9030,2521,yönelttiler,past,onlar,di
9031,2521,yönelteceğim,future,ben,gelecek
9032,2521,yönelteceksin,future,sen,gelecek
9033,2521,yöneltecek,future,o,gelecek
9034,2521,yönelteceğiz,future,biz,gelecek
9035,2521,yönelteceksiniz,future,siz,gelecek
9036,2521,yöneltecekler,future,onlar,gelecek
9037,2522,yansıyorum,present,ben,şimdi
9038,2522,yansıyorsun,present,sen,şimdi
9039,2522,yansıyor,present,o,şimdi
9040,2522,yansıyoruz,present,biz,şimdi
9041,2522,yansıyorsunuz,present,siz,şimdi
9042,2522,yansıyorlar,present,onlar,şimdi
9043,2522,yansıdım,past,ben,di
9044,2522,yansıdın,past,sen,di
9045,2522,yansıdı,past,o,di
9046,2522,yansıdık,past,biz,di
9047,2522,yansıdınız,past,siz,di
9048,2522,yansıdılar,past,onlar,di
9049,2522,yansıyacağım,future,ben,gelecek
9050,2522,yansıyacaksın,future,sen,gelecek
9051,2522,yansıyacak,future,o,gelecek
9052,2522,yansıyacağız,future,biz,gelecek
9053,2522,yansıyacaksınız,future,siz,gelecek
9054,2522,yansıyacaklar,future,onlar,gelecek
9055,2523,tutturuyorum,present,ben,şimdi
9056,2523,tutturuyorsun,present,sen,şimdi
9057,2523,tutturuyor,present,o,şimdi
9058,2523,tutturuyoruz,present,biz,şimdi
9059,2523,tutturuyorsunuz,present,siz,şimdi
9060,2523,tutturuyorlar,present,onlar,şimdi
9061,2523,tutturdum,past,ben,di
9062,2523,tutturdun,past,sen,di
9063,2523,tutturdu,past,o,di
9064,2523,tutturduk,past,biz,di
9065,2523,tutturdunuz,past,siz,di
9066,2523,tutturdular,past,onlar,di
9067,2523,tutturacağım,future,ben,gelecek
9068,2523,tutturacaksın,future,sen,gelecek
9069,2523,tutturacak,future,o,gelecek
9070,2523,tutturacağız,future,biz,gelecek
9071,2523,tutturacaksınız,future,siz,gelecek
9072,2523,tutturacaklar,future,onlar,gelecek
9073,2556,irtibatlandırıyorum,present,ben,şimdi
9074,2556,irtibatlandırıyorsun,present,sen,şimdi
9075,2556,irtibatlandırıyor,present,o,şimdi
9076,2556,irtibatlandırıyoruz,present,biz,şimdi
9077,2556,irtibatlandırıyorsunuz,present,siz,şimdi
9078,2556,irtibatlandırıyorlar,present,onlar,şimdi
9079,2556,irtibatlandırdım,past,ben,di
9080,2556,irtibatlandırdın,past,sen,di
9081,2556,irtibatlandırdı,past,o,di
9082,2556,irtibatlandırdık,past,biz,di
9083,2556,irtibatlandırdınız,past,siz,di
9084,2556,irtibatlandırdılar,past,onlar,di
9085,2556,irtibatlandıracağım,future,ben,gelecek
9086,2556,irtibatlandıracaksın,future,sen,gelecek
9087,2556,irtibatlandıracak,future,o,gelecek
9088,2556,irtibatlandıracağız,future,biz,gelecek
9089,2556,irtibatlandıracaksınız,future,siz,gelecek
9090,2556,irtibatlandıracaklar,future,onlar,gelecek
9091,2557,yapılandırıyorum,present,ben,şimdi
9092,2557,yapılandırıyorsun,present,sen,şimdi
9093,2557,yapılandırıyor,present,o,şimdi
9094,2557,yapılandırıyoruz,present,biz,şimdi
9095,2557,yapılandırıyorsunuz,present,siz,şimdi
9096,2557,yapılandırıyorlar,present,onlar,şimdi
9097,2557,yapılandırdım,past,ben,di
9098,2557,yapılandırdın,past,sen,di
9099,2557,yapılandırdı,past,o,di
9100,2557,yapılandırdık,past,biz,di
9101,2557,yapılandırdınız,past,siz,di
9102,2557,yapılandırdılar,past,onlar,di
9103,2557,yapılandıracağım,future,ben,gelecek
9104,2557,yapılandıracaksın,future,sen,gelecek
9105,2557,yapılandıracak,future,o,gelecek
9106,2557,yapılandıracağız,future,biz,gelecek
9107,2557,yapılandıracaksınız,future,siz,gelecek
9108,2557,yapılandıracaklar,future,onlar,gelecek
9109,2588,çatışıyorum,present,ben,şimdi
9110,2588,çatışıyorsun,present,sen,şimdi
9111,2588,çatışıyor,present,o,şimdi
9112,2588,çatışıyoruz,present,biz,şimdi
9113,2588,çatışıyorsunuz,present,siz,şimdi
9114,2588,çatışıyorlar,present,onlar,şimdi
9115,2588,çatıştım,past,ben,di
9116,2588,çatıştın,past,sen,di
9117,2588,çatıştı,past,o,di
9118,2588,çatıştık,past,biz,di
9119,2588,çatıştınız,past,siz,di
9120,2588,çatıştılar,past,onlar,di
9121,2588,çatışacağım,future,ben,gelecek
9122,2588,çatışacaksın,future,sen,gelecek
9123,2588,çatışacak,future,o,gelecek
9124,2588,çatışacağız,future,biz,gelecek
9125,2588,çatışacaksınız,future,siz,gelecek
9126,2588,çatışacaklar,future,onlar,gelecek
9127,2589,zikretiyorum,present,ben,şimdi
9128,2589,zikretiyorsun,present,sen,şimdi
9129,2589,zikretiyor,present,o,şimdi
9130,2589,zikretiyoruz,present,biz,şimdi
9131,2589,zikretiyorsunuz,present,siz,şimdi
9132,2589,zikretiyorlar,present,onlar,şimdi
9133,2589,zikrettim,past,ben,di
9134,2589,zikrettin,past,sen,di
9135,2589,zikretti,past,o,di
9136,2589,zikrettik,past,biz,di
9137,2589,zikrettiniz,past,siz,di
9138,2589,zikrettiler,past,onlar,di
9139,2589,zikreteceğim,future,ben,gelecek
9140,2589,zikreteceksin,future,sen,gelecek
9141,2589,zikretecek,future,o,gelecek
9142,2589,zikreteceğiz,future,biz,gelecek
9143,2589,zikreteceksiniz,future,siz,gelecek
9144,2589,zikretecekler,future,onlar,gelecek
9145,2590,volta atıyorum,present,ben,şimdi
9146,2590,volta atıyorsun,present,sen,şimdi
9147,2590,volta atıyor,present,o,şimdi
9148,2590,volta atıyoruz,present,biz,şimdi
9149,2590,volta atıyorsunuz,present,siz,şimdi
9150,2590,volta atıyorlar,present,onlar,şimdi
9151,2590,volta attım,past,ben,di
9152,2590,volta attın,past,sen,di
9153,2590,volta attı,past,o,di
9154,2590,volta attık,past,biz,di
9155,2590,volta attınız,past,siz,di
9156,2590,volta attılar,past,onlar,di
9157,2590,volta atacağım,future,ben,gelecek
9158,2590,volta atacaksın,future,sen,gelecek
9159,2590,volta atacak,future,o,gelecek
9160,2590,volta atacağız,future,biz,gelecek
9161,2590,volta atacaksınız,future,siz,gelecek
9162,2590,volta atacaklar,future,onlar,gelecek
9163,2591,yolunu buluyorum,present,ben,şimdi
9164,2591,yolunu buluyorsun,present,sen,şimdi
9165,2591,yolunu buluyor,present,o,şimdi
9166,2591,yolunu buluyoruz,present,biz,şimdi
9167,2591,yolunu buluyorsunuz,present,siz,şimdi
9168,2591,yolunu buluyorlar,present,onlar,şimdi
9169,2591,yolunu buldum,past,ben,di
9170,2591,yolunu buldun,past,sen,di
9171,2591,yolunu buldu,past,o,di
9172,2591,yolunu bulduk,past,biz,di
9173,2591,yolunu buldunuz,past,siz,di
9174,2591,yolunu buldular,past,onlar,di
9175,2591,yolunu bulacağım,future,ben,gelecek
9176,2591,yolunu bulacaksın,future,sen,gelecek
9177,2591,yolunu bulacak,future,o,gelecek
9178,2591,yolunu bulacağız,future,biz,gelecek
9179,2591,yolunu bulacaksınız,future,siz,gelecek
9180,2591,yolunu bulacaklar,future,onlar,gelecek
9181,2592,önemsiyorum,present,ben,şimdi
9182,2592,önemsiyorsun,present,sen,şimdi
9183,2592,önemsiyor,present,o,şimdi
9184,2592,önemsiyoruz,present,biz,şimdi
9185,2592,önemsiyorsunuz,present,siz,şimdi
9186,2592,önemsiyorlar,present,onlar,şimdi
9187,2592,önemsedim,past,ben,di
9188,2592,önemsedin,past,sen,di
9189,2592,önemsedi,past,o,di
9190,2592,önemsedik,past,biz,di
9191,2592,önemsediniz,past,siz,di
9192,2592,önemsediler,past,onlar,di
9193,2592,önemseyeceğim,future,ben,gelecek
9194,2592,önemseyeceksin,future,sen,gelecek
9195,2592,önemseyecek,future,o,gelecek
9196,2592,önemseyeceğiz,future,biz,gelecek
9197,2592,önemseyeceksiniz,future,siz,gelecek
9198,2592,önemseyecekler,future,onlar,gelecek
9199,2593,öngörüyorum,present,ben,şimdi
9200,2593,öngörüyorsun,present,sen,şimdi
9201,2593,öngörüyor,present,o,şimdi
9202,2593,öngörüyoruz,present,biz,şimdi
9203,2593,öngörüyorsunuz,present,siz,şimdi
9204,2593,öngörüyorlar,present,onlar,şimdi
9205,2593,öngördüm,past,ben,di
9206,2593,öngördün,past,sen,di
9207,2593,öngördü,past,o,di
9208,2593,öngördük,past,biz,di
9209,2593,öngördünüz,past,siz,di
9210,2593,öngördüler,past,onlar,di
9211,2593,öngöreceğim,future,ben,gelecek
9212,2593,öngöreceksin,future,sen,gelecek
9213,2593,öngörecek,future,o,gelecek
9214,2593,öngöreceğiz,future,biz,gelecek
9215,2593,öngöreceksiniz,future,siz,gelecek
9216,2593,öngörecekler,future,onlar,gelecek
9217,2594,örgütleniyorum,present,ben,şimdi
9218,2594,örgütleniyorsun,present,sen,şimdi
9219,2594,örgütleniyor,present,o,şimdi
9220,2594,örgütleniyoruz,present,biz,şimdi
9221,2594,örgütleniyorsunuz,present,siz,şimdi
9222,2594,örgütleniyorlar,present,onlar,şimdi
9223,2594,örgütlendim,past,ben,di
9224,2594,örgütlendin,past,sen,di
9225,2594,örgütlendi,past,o,di
9226,2594,örgütlendik,past,biz,di
9227,2594,örgütlendiniz,past,siz,di
9228,2594,örgütlendiler,past,onlar,di
9229,2594,örgütleneceğim,future,ben,gelecek
9230,2594,örgütleneceksin,future,sen,gelecek
9231,2594,örgütlenecek,future,o,gelecek
9232,2594,örgütleneceğiz,future,biz,gelecek
9233,2594,örgütleneceksiniz,future,siz,gelecek
9234,2594,örgütlenecekler,future,onlar,gelecek
9235,2595,temin ediyorum,present,ben,şimdi
9236,2595,temin ediyorsun,present,sen,şimdi
9237,2595,temin ediyor,present,o,şimdi
9238,2595,temin ediyoruz,present,biz,şimdi
9239,2595,temin ediyorsunuz,present,siz,şimdi
9240,2595,temin ediyorlar,present,onlar,şimdi
9241,2595,temin ettim,past,ben,di
9242,2595,temin ettin,past,sen,di
9243,2595,temin etti,past,o,di
9244,2595,temin ettik,past,biz,di
9245,2595,temin ettiniz,past,siz,di
9246,2595,temin ettiler,past,onlar,di
9247,2595,temin eteceğim,future,ben,gelecek
9248,2595,temin eteceksin,future,sen,gelecek
9249,2595,temin etecek,future,o,gelecek
9250,2595,temin eteceğiz,future,biz,gelecek
9251,2595,temin eteceksiniz,future,siz,gelecek
9252,2595,temin etecekler,future,onlar,gelecek
9253,2596,kavrıyorum,present,ben,şimdi
9254,2596,kavrıyorsun,present,sen,şimdi
9255,2596,kavrıyor,present,o,şimdi
9256,2596,kavrıyoruz,present,biz,şimdi
9257,2596,kavrıyorsunuz,present,siz,şimdi
9258,2596,kavrıyorlar,present,onlar,şimdi
9259,2596,kavradım,past,ben,di
9260,2596,kavradın,past,sen,di
9261,2596,kavradı,past,o,di
9262,2596,kavradık,past,biz,di
9263,2596,kavradınız,past,siz,di
9264,2596,kavradılar,past,onlar,di
9265,2596,kavrayacağım,future,ben,gelecek
9266,2596,kavrayacaksın,future,sen,gelecek
9267,2596,kavrayacak,future,o,gelecek
9268,2596,kavrayacağız,future,biz,gelecek
9269,2596,kavrayacaksınız,future,siz,gelecek
9270,2596,kavrayacaklar,future,onlar,gelecek
9271,2597,ediniyorum,present,ben,şimdi
9272,2597,ediniyorsun,present,sen,şimdi
9273,2597,ediniyor,present,o,şimdi
9274,2597,ediniyoruz,present,biz,şimdi
9275,2597,ediniyorsunuz,present,siz,şimdi
9276,2597,ediniyorlar,present,onlar,şimdi
9277,2597,edindim,past,ben,di
9278,2597,edindin,past,sen,di
9279,2597,edindi,past,o,di
9280,2597,edindik,past,biz,di
9281,2597,edindiniz,past,siz,di
9282,2597,edindiler,past,onlar,di
9283,2597,edineceğim,future,ben,gelecek
9284,2597,edineceksin,future,sen,gelecek
9285,2597,edinecek,future,o,gelecek
9286,2597,edineceğiz,future,biz,gelecek
9287,2597,edineceksiniz,future,siz,gelecek
9288,2597,edinecekler,future,onlar,gelecek
9289,2638,dile getiriyorum,present,ben,şimdi
9290,2638,dile getiriyorsun,present,sen,şimdi
9291,2638,dile getiriyor,present,o,şimdi
9292,2638,dile getiriyoruz,present,biz,şimdi
9293,2638,dile getiriyorsunuz,present,siz,şimdi
9294,2638,dile getiriyorlar,present,onlar,şimdi
9295,2638,dile getirdim,past,ben,di
9296,2638,dile getirdin,past,sen,di
9297,2638,dile getirdi,past,o,di
9298,2638,dile getirdik,past,biz,di
9299,2638,dile getirdiniz,past,siz,di
9300,2638,dile getirdiler,past,onlar,di
9301,2638,dile getireceğim,future,ben,gelecek
9302,2638,dile getireceksin,future,sen,gelecek
9303,2638,dile getirecek,future,o,gelecek
9304,2638,dile getireceğiz,future,biz,gelecek
9305,2638,dile getireceksiniz,future,siz,gelecek
9306,2638,dile getirecekler,future,onlar,gelecek
9307,2639,hedef alıyorum,present,ben,şimdi
9308,2639,hedef alıyorsun,present,sen,şimdi
9309,2639,hedef alıyor,present,o,şimdi
9310,2639,hedef alıyoruz,present,biz,şimdi
9311,2639,hedef alıyorsunuz,present,siz,şimdi
9312,2639,hedef alıyorlar,present,onlar,şimdi
9313,2639,hedef aldım,past,ben,di
9314,2639,hedef aldın,past,sen,di
9315,2639,hedef aldı,past,o,di
9316,2639,hedef aldık,past,biz,di
9317,2639,hedef aldınız,past,siz,di
9318,2639,hedef aldılar,past,onlar,di
9319,2639,hedef alacağım,future,ben,gelecek
9320,2639,hedef alacaksın,future,sen,gelecek
9321,2639,hedef alacak,future,o,gelecek
9322,2639,hedef alacağız,future,biz,gelecek
9323,2639,hedef alacaksınız,future,siz,gelecek
9324,2639,hedef alacaklar,future,onlar,gelecek
9325,2640,içerliyorum,present,ben,şimdi
9326,2640,içerliyorsun,present,sen,şimdi
9327,2640,içerliyor,present,o,şimdi
9328,2640,içerliyoruz,present,biz,şimdi
9329,2640,içerliyorsunuz,present,siz,şimdi
9330,2640,içerliyorlar,present,onlar,şimdi
9331,2640,içerledim,past,ben,di
9332,2640,içerledin,past,sen,di
9333,2640,içerledi,past,o,di
9334,2640,içerledik,past,biz,di
9335,2640,içerlediniz,past,siz,di
9336,2640,içerlediler,past,onlar,di
9337,2640,içerleyeceğim,future,ben,gelecek
9338,2640,içerleyeceksin,future,sen,gelecek
9339,2640,içerleyecek,future,o,gelecek
9340,2640,içerleyeceğiz,future,biz,gelecek
9341,2640,içerleyeceksiniz,future,siz,gelecek
9342,2640,içerleyecekler,future,onlar,gelecek
9343,2641,mahkûm ediyorum,present,ben,şimdi
9344,2641,mahkûm ediyorsun,present,sen,şimdi
9345,2641,mahkûm ediyor,present,o,şimdi
9346,2641,mahkûm ediyoruz,present,biz,şimdi
9347,2641,mahkûm ediyorsunuz,present,siz,şimdi
9348,2641,mahkûm ediyorlar,present,onlar,şimdi
9349,2641,mahkûm ettim,past,ben,di
9350,2641,mahkûm ettin,past,sen,di
9351,2641,mahkûm etti,past,o,di
9352,2641,mahkûm ettik,past,biz,di
9353,2641,mahkûm ettiniz,past,siz,di
9354,2641,mahkûm ettiler,past,onlar,di
9355,2641,mahkûm eteceğim,future,ben,gelecek
9356,2641,mahkûm eteceksin,future,sen,gelecek
9357,2641,mahkûm etecek,future,o,gelecek
9358,2641,mahkûm eteceğiz,future,biz,gelecek
9359,2641,mahkûm eteceksiniz,future,siz,gelecek
9360,2641,mahkûm etecekler,future,onlar,gelecek
9361,2642,meşhur ediyorum,present,ben,şimdi
9362,2642,meşhur ediyorsun,present,sen,şimdi
9363,2642,meşhur ediyor,present,o,şimdi
9364,2642,meşhur ediyoruz,present,biz,şimdi
9365,2642,meşhur ediyorsunuz,present,siz,şimdi
9366,2642,meşhur ediyorlar,present,onlar,şimdi
9367,2642,meşhur ettim,past,ben,di
9368,2642,meşhur ettin,past,sen,di
9369,2642,meşhur etti,past,o,di
9370,2642,meşhur ettik,past,biz,di
9371,2642,meşhur ettiniz,past,siz,di
9372,2642,meşhur ettiler,past,onlar,di
9373,2642,meşhur eteceğim,future,ben,gelecek
9374,2642,meşhur eteceksin,future,sen,gelecek
9375,2642,meşhur etecek,future,o,gelecek
9376,2642,meşhur eteceğiz,future,biz,gelecek
9377,2642,meşhur eteceksiniz,future,siz,gelecek
9378,2642,meşhur etecekler,future,onlar,gelecek
9379,2643,sevk ediyorum,present,ben,şimdi
9380,2643,sevk ediyorsun,present,sen,şimdi
9381,2643,sevk ediyor,present,o,şimdi
9382,2643,sevk ediyoruz,present,biz,şimdi
9383,2643,sevk ediyorsunuz,present,siz,şimdi
9384,2643,sevk ediyorlar,present,onlar,şimdi
9385,2643,sevk ettim,past,ben,di
9386,2643,sevk ettin,past,sen,di
9387,2643,sevk etti,past,o,di
9388,2643,sevk ettik,past,biz,di
9389,2643,sevk ettiniz,past,siz,di
9390,2643,sevk ettiler,past,onlar,di
9391,2643,sevk eteceğim,future,ben,gelecek
9392,2643,sevk eteceksin,future,sen,gelecek
9393,2643,sevk etecek,future,o,gelecek
9394,2643,sevk eteceğiz,future,biz,gelecek
9395,2643,sevk eteceksiniz,future,siz,gelecek
9396,2643,sevk etecekler,future,onlar,gelecek
9397,2670,maruz kalıyorum,present,ben,şimdi
9398,2670,maruz kalıyorsun,present,sen,şimdi
9399,2670,maruz kalıyor,present,o,şimdi
9400,2670,maruz kalıyoruz,present,biz,şimdi
9401,2670,maruz kalıyorsunuz,present,siz,şimdi
9402,2670,maruz kalıyorlar,present,onlar,şimdi
9403,2670,maruz kaldım,past,ben,di
9404,2670,maruz kaldın,past,sen,di
9405,2670,maruz kaldı,past,o,di
9406,2670,maruz kaldık,past,biz,di
9407,2670,maruz kaldınız,past,siz,di
9408,2670,maruz kaldılar,past,onlar,di
9409,2670,maruz kalacağım,future,ben,gelecek
9410,2670,maruz kalacaksın,future,sen,gelecek
9411,2670,maruz kalacak,future,o,gelecek
9412,2670,maruz kalacağız,future,biz,gelecek
9413,2670,maruz kalacaksınız,future,siz,gelecek
9414,2670,maruz kalacaklar,future,onlar,gelecek
9415,2671,hüküm sürüyorum,present,ben,şimdi
9416,2671,hüküm sürüyorsun,present,sen,şimdi
9417,2671,hüküm sürüyor,present,o,şimdi
9418,2671,hüküm sürüyoruz,present,biz,şimdi
9419,2671,hüküm sürüyorsunuz,present,siz,şimdi
9420,2671,hüküm sürüyorlar,present,onlar,şimdi
9421,2671,hüküm sürdüm,past,ben,di
9422,2671,hüküm sürdün,past,sen,di
9423,2671,hüküm sürdü,past,o,di
9424,2671,hüküm sürdük,past,biz,di
9425,2671,hüküm sürdünüz,past,siz,di
9426,2671,hüküm sürdüler,past,onlar,di
9427,2671,hüküm süreceğim,future,ben,gelecek
9428,2671,hüküm süreceksin,future,sen,gelecek
9429,2671,hüküm sürecek,future,o,gelecek
9430,2671,hüküm süreceğiz,future,biz,gelecek
9431,2671,hüküm süreceksiniz,future,siz,gelecek
9432,2671,hüküm sürecekler,future,onlar,gelecek
9433,2672,adlandırıyorum,present,ben,şimdi
9434,2672,adlandırıyorsun,present,sen,şimdi
9435,2672,adlandırıyor,present,o,şimdi
9436,2672,adlandırıyoruz,present,biz,şimdi
9437,2672,adlandırıyorsunuz,present,siz,şimdi
9438,2672,adlandırıyorlar,present,onlar,şimdi
9439,2672,adlandırdım,past,ben,di
9440,2672,adlandırdın,past,sen,di
9441,2672,adlandırdı,past,o,di
9442,2672,adlandırdık,past,biz,di
9443,2672,adlandırdınız,past,siz,di
9444,2672,adlandırdılar,past,onlar,di
9445,2672,adlandıracağım,future,ben,gelecek
9446,2672,adlandıracaksın,future,sen,gelecek
9447,2672,adlandıracak,future,o,gelecek
9448,2672,adlandıracağız,future,biz,gelecek
9449,2672,adlandıracaksınız,future,siz,gelecek
9450,2672,adlandıracaklar,future,onlar,gelecek
9451,2673,görebiliyorum,present,ben,şimdi
9452,2673,görebiliyorsun,present,sen,şimdi
9453,2673,görebiliyor,present,o,şimdi
9454,2673,görebiliyoruz,present,biz,şimdi
9455,2673,görebiliyorsunuz,present,siz,şimdi
9456,2673,görebiliyorlar,present,onlar,şimdi
9457,2673,görebildim,past,ben,di
9458,2673,görebildin,past,sen,di
9459,2673,görebildi,past,o,di
9460,2673,görebildik,past,biz,di
9461,2673,görebildiniz,past,siz,di
9462,2673,görebildiler,past,onlar,di
9463,2673,görebileceğim,future,ben,gelecek
9464,2673,görebileceksin,future,sen,gelecek
9465,2673,görebilecek,future,o,gelecek
9466,2673,görebileceğiz,future,biz,gelecek
9467,2673,görebileceksiniz,future,siz,gelecek
9468,2673,görebilecekler,future,onlar,gelecek
9469,2674,üşeniyorum,present,ben,şimdi
9470,2674,üşeniyorsun,present,sen,şimdi
9471,2674,üşeniyor,present,o,şimdi
9472,2674,üşeniyoruz,present,biz,şimdi
9473,2674,üşeniyorsunuz,present,siz,şimdi
9474,2674,üşeniyorlar,present,onlar,şimdi
9475,2674,üşendim,past,ben,di
9476,2674,üşendin,past,sen,di
9477,2674,üşendi,past,o,di
9478,2674,üşendik,past,biz,di
9479,2674,üşendiniz,past,siz,di
9480,2674,üşendiler,past,onlar,di
9481,2674,üşeneceğim,future,ben,gelecek
9482,2674,üşeneceksin,future,sen,gelecek
9483,2674,üşenecek,future,o,gelecek
9484,2674,üşeneceğiz,future,biz,gelecek
9485,2674,üşeneceksiniz,future,siz,gelecek
9486,2674,üşenecekler,future,onlar,gelecek
9487,2728,bilinçlendiriyorum,present,ben,şimdi
9488,2728,bilinçlendiriyorsun,present,sen,şimdi
9489,2728,bilinçlendiriyor,present,o,şimdi
9490,2728,bilinçlendiriyoruz,present,biz,şimdi
9491,2728,bilinçlendiriyorsunuz,present,siz,şimdi
9492,2728,bilinçlendiriyorlar,present,onlar,şimdi
9493,2728,bilinçlendirdim,past,ben,di
9494,2728,bilinçlendirdin,past,sen,di
9495,2728,bilinçlendirdi,past,o,di
9496,2728,bilinçlendirdik,past,biz,di
9497,2728,bilinçlendirdiniz,past,siz,di
9498,2728,bilinçlendirdiler,past,onlar,di
9499,2728,bilinçlendireceğim,future,ben,gelecek
9500,2728,bilinçlendireceksin,future,sen,gelecek
9501,2728,bilinçlendirecek,future,o,gelecek
9502,2728,bilinçlendireceğiz,future,biz,gelecek
9503,2728,bilinçlendireceksiniz,future,siz,gelecek
9504,2728,bilinçlendirecekler,future,onlar,gelecek
9505,2729,karşı karşıya kalıyorum,present,ben,şimdi
9506,2729,karşı karşıya kalıyorsun,present,sen,şimdi
9507,2729,karşı karşıya kalıyor,present,o,şimdi
9508,2729,karşı karşıya kalıyoruz,present,biz,şimdi
9509,2729,karşı karşıya kalıyorsunuz,present,siz,şimdi
9510,2729,karşı karşıya kalıyorlar,present,onlar,şimdi
9511,2729,karşı karşıya kaldım,past,ben,di
9512,2729,karşı karşıya kaldın,past,sen,di
9513,2729,karşı karşıya kaldı,past,o,di
9514,2729,karşı karşıya kaldık,past,biz,di
9515,2729,karşı karşıya kaldınız,past,siz,di
9516,2729,karşı karşıya kaldılar,past,onlar,di
9517,2729,karşı karşıya kalacağım,future,ben,gelecek
9518,2729,karşı karşıya kalacaksın,future,sen,gelecek
9519,2729,karşı karşıya kalacak,future,o,gelecek
9520,2729,karşı karşıya kalacağız,future,biz,gelecek
9521,2729,karşı karşıya kalacaksınız,future,siz,gelecek
9522,2729,karşı karşıya kalacaklar,future,onlar,gelecek
9523,2730,yığılıyorum,present,ben,şimdi
9524,2730,yığılıyorsun,present,sen,şimdi
9525,2730,yığılıyor,present,o,şimdi
9526,2730,yığılıyoruz,present,biz,şimdi
9527,2730,yığılıyorsunuz,present,siz,şimdi
9528,2730,yığılıyorlar,present,onlar,şimdi
9529,2730,yığıldım,past,ben,di
9530,2730,yığıldın,past,sen,di
9531,2730,yığıldı,past,o,di
9532,2730,yığıldık,past,biz,di
9533,2730,yığıldınız,past,siz,di
9534,2730,yığıldılar,past,onlar,di
9535,2730,yığılacağım,future,ben,gelecek
9536,2730,yığılacaksın,future,sen,gelecek
9537,2730,yığılacak,future,o,gelecek
9538,2730,yığılacağız,future,biz,gelecek
9539,2730,yığılacaksınız,future,siz,gelecek
9540,2730,yığılacaklar,future,onlar,gelecek
9541,2731,zedeliyorum,present,ben,şimdi
9542,2731,zedeliyorsun,present,sen,şimdi
9543,2731,zedeliyor,present,o,şimdi
9544,2731,zedeliyoruz,present,biz,şimdi
9545,2731,zedeliyorsunuz,present,siz,şimdi
9546,2731,zedeliyorlar,present,onlar,şimdi
9547,2731,zedeledim,past,ben,di
9548,2731,zedeledin,past,sen,di
9549,2731,zedeledi,past,o,di
9550,2731,zedeledik,past,biz,di
9551,2731,zedelediniz,past,siz,di
9552,2731,zedelediler,past,onlar,di
9553,2731,zedeleyeceğim,future,ben,gelecek
9554,2731,zedeleyeceksin,future,sen,gelecek
9555,2731,zedeleyecek,future,o,gelecek
9556,2731,zedeleyeceğiz,future,biz,gelecek
9557,2731,zedeleyeceksiniz,future,siz,gelecek
9558,2731,zedeleyecekler,future,onlar,gelecek
9559,2767,dahil ediyorum,present,ben,şimdi
9560,2767,dahil ediyorsun,present,sen,şimdi
9561,2767,dahil ediyor,present,o,şimdi
9562,2767,dahil ediyoruz,present,biz,şimdi
9563,2767,dahil ediyorsunuz,present,siz,şimdi
9564,2767,dahil ediyorlar,present,onlar,şimdi
9565,2767,dahil ettim,past,ben,di
9566,2767,dahil ettin,past,sen,di
9567,2767,dahil etti,past,o,di
9568,2767,dahil ettik,past,biz,di
9569,2767,dahil ettiniz,past,siz,di
9570,2767,dahil ettiler,past,onlar,di
9571,2767,dahil eteceğim,future,ben,gelecek
9572,2767,dahil eteceksin,future,sen,gelecek
9573,2767,dahil etecek,future,o,gelecek
9574,2767,dahil eteceğiz,future,biz,gelecek
9575,2767,dahil eteceksiniz,future,siz,gelecek
9576,2767,dahil etecekler,future,onlar,gelecek
9577,2768,yatkın oluyorum,present,ben,şimdi
9578,2768,yatkın oluyorsun,present,sen,şimdi
9579,2768,yatkın oluyor,present,o,şimdi
9580,2768,yatkın oluyoruz,present,biz,şimdi
9581,2768,yatkın oluyorsunuz,present,siz,şimdi
9582,2768,yatkın oluyorlar,present,onlar,şimdi
9583,2768,yatkın oldum,past,ben,di
9584,2768,yatkın oldun,past,sen,di
9585,2768,yatkın oldu,past,o,di
9586,2768,yatkın olduk,past,biz,di
9587,2768,yatkın oldunuz,past,siz,di
9588,2768,yatkın oldular,past,onlar,di
9589,2768,yatkın olacağım,future,ben,gelecek
9590,2768,yatkın olacaksın,future,sen,gelecek
9591,2768,yatkın olacak,future,o,gelecek
9592,2768,yatkın olacağız,future,biz,gelecek
9593,2768,yatkın olacaksınız,future,siz,gelecek
9594,2768,yatkın olacaklar,future,onlar,gelecek
9595,2769,kıyaslıyorum,present,ben,şimdi
9596,2769,kıyaslıyorsun,present,sen,şimdi
9597,2769,kıyaslıyor,present,o,şimdi
9598,2769,kıyaslıyoruz,present,biz,şimdi
9599,2769,kıyaslıyorsunuz,present,siz,şimdi
9600,2769,kıyaslıyorlar,present,onlar,şimdi
9601,2769,kıyasladım,past,ben,di
9602,2769,kıyasladın,past,sen,di
9603,2769,kıyasladı,past,o,di
9604,2769,kıyasladık,past,biz,di
9605,2769,kıyasladınız,past,siz,di
9606,2769,kıyasladılar,past,onlar,di
9607,2769,kıyaslayacağım,future,ben,gelecek
9608,2769,kıyaslayacaksın,future,sen,gelecek
9609,2769,kıyaslayacak,future,o,gelecek
9610,2769,kıyaslayacağız,future,biz,gelecek
9611,2769,kıyaslayacaksınız,future,siz,gelecek
9612,2769,kıyaslayacaklar,future,onlar,gelecek
9613,2770,uyduruyorum,present,ben,şimdi
9614,2770,uyduruyorsun,present,sen,şimdi
9615,2770,uyduruyor,present,o,şimdi
9616,2770,uyduruyoruz,present,biz,şimdi
9617,2770,uyduruyorsunuz,present,siz,şimdi
9618,2770,uyduruyorlar,present,onlar,şimdi
9619,2770,uydurdum,past,ben,di
9620,2770,uydurdun,past,sen,di
9621,2770,uydurdu,past,o,di
9622,2770,uydurduk,past,biz,di
9623,2770,uydurdunuz,past,siz,di
9624,2770,uydurdular,past,onlar,di
9625,2770,uyduracağım,future,ben,gelecek
9626,2770,uyduracaksın,future,sen,gelecek
9627,2770,uyduracak,future,o,gelecek
9628,2770,uyduracağız,future,biz,gelecek
9629,2770,uyduracaksınız,future,siz,gelecek
9630,2770,uyduracaklar,future,onlar,gelecek
9631,2771,kamuoyu oluşturuyorum,present,ben,şimdi
9632,2771,kamuoyu oluşturuyorsun,present,sen,şimdi
9633,2771,kamuoyu oluşturuyor,present,o,şimdi
9634,2771,kamuoyu oluşturuyoruz,present,biz,şimdi
9635,2771,kamuoyu oluşturuyorsunuz,present,siz,şimdi
9636,2771,kamuoyu oluşturuyorlar,present,onlar,şimdi
9637,2771,kamuoyu oluşturdum,past,ben,di
9638,2771,kamuoyu oluşturdun,past,sen,di
9639,2771,kamuoyu oluşturdu,past,o,di
9640,2771,kamuoyu oluşturduk,past,biz,di
9641,2771,kamuoyu oluşturdunuz,past,siz,di
9642,2771,kamuoyu oluşturdular,past,onlar,di
9643,2771,kamuoyu oluşturacağım,future,ben,gelecek
9644,2771,kamuoyu oluşturacaksın,future,sen,gelecek
9645,2771,kamuoyu oluşturacak,future,o,gelecek
9646,2771,kamuoyu oluşturacağız,future,biz,gelecek
9647,2771,kamuoyu oluşturacaksınız,future,siz,gelecek
9648,2771,kamuoyu oluşturacaklar,future,onlar,gelecek
9649,2772,çullanıyorum,present,ben,şimdi
9650,2772,çullanıyorsun,present,sen,şimdi
9651,2772,çullanıyor,present,o,şimdi
9652,2772,çullanıyoruz,present,biz,şimdi
9653,2772,çullanıyorsunuz,present,siz,şimdi
9654,2772,çullanıyorlar,present,onlar,şimdi
9655,2772,çullandım,past,ben,di
9656,2772,çullandın,past,sen,di
9657,2772,çullandı,past,o,di
9658,2772,çullandık,past,biz,di
9659,2772,çullandınız,past,siz,di
9660,2772,çullandılar,past,onlar,di
9661,2772,çullanacağım,future,ben,gelecek
9662,2772,çullanacaksın,future,sen,gelecek
9663,2772,çullanacak,future,o,gelecek
9664,2772,çullanacağız,future,biz,gelecek
9665,2772,çullanacaksınız,future,siz,gelecek
9666,2772,çullanacaklar,future,onlar,gelecek
9667,2773,yelteniyorum,present,ben,şimdi
9668,2773,yelteniyorsun,present,sen,şimdi
9669,2773,yelteniyor,present,o,şimdi
9670,2773,yelteniyoruz,present,biz,şimdi
9671,2773,yelteniyorsunuz,present,siz,şimdi
9672,2773,yelteniyorlar,present,onlar,şimdi
9673,2773,yeltendim,past,ben,di
9674,2773,yeltendin,past,sen,di
9675,2773,yeltendi,past,o,di
9676,2773,yeltendik,past,biz,di
9677,2773,yeltendiniz,past,siz,di
9678,2773,yeltendiler,past,onlar,di
9679,2773,yelteneceğim,future,ben,gelecek
9680,2773,yelteneceksin,future,sen,gelecek
9681,2773,yeltenecek,future,o,gelecek
9682,2773,yelteneceğiz,future,biz,gelecek
9683,2773,yelteneceksiniz,future,siz,gelecek
9684,2773,yeltenecekler,future,onlar,gelecek
9685,2774,linç ediyorum,present,ben,şimdi
9686,2774,linç ediyorsun,present,sen,şimdi
9687,2774,linç ediyor,present,o,şimdi
9688,2774,linç ediyoruz,present,biz,şimdi
9689,2774,linç ediyorsunuz,present,siz,şimdi
9690,2774,linç ediyorlar,present,onlar,şimdi
9691,2774,linç ettim,past,ben,di
9692,2774,linç ettin,past,sen,di
9693,2774,linç etti,past,o,di
9694,2774,linç ettik,past,biz,di
9695,2774,linç ettiniz,past,siz,di
9696,2774,linç ettiler,past,onlar,di
9697,2774,linç eteceğim,future,ben,gelecek
9698,2774,linç eteceksin,future,sen,gelecek
9699,2774,linç etecek,future,o,gelecek
9700,2774,linç eteceğiz,future,biz,gelecek
9701,2774,linç eteceksiniz,future,siz,gelecek
9702,2774,linç etecekler,future,onlar,gelecek
9703,2775,feryat ediyorum,present,ben,şimdi
9704,2775,feryat ediyorsun,present,sen,şimdi
9705,2775,feryat ediyor,present,o,şimdi
9706,2775,feryat ediyoruz,present,biz,şimdi
9707,2775,feryat ediyorsunuz,present,siz,şimdi
9708,2775,feryat ediyorlar,present,onlar,şimdi
9709,2775,feryat ettim,past,ben,di
9710,2775,feryat ettin,past,sen,di
9711,2775,feryat etti,past,o,di
9712,2775,feryat ettik,past,biz,di
9713,2775,feryat ettiniz,past,siz,di
9714,2775,feryat ettiler,past,onlar,di
9715,2775,feryat eteceğim,future,ben,gelecek
9716,2775,feryat eteceksin,future,sen,gelecek
9717,2775,feryat etecek,future,o,gelecek
9718,2775,feryat eteceğiz,future,biz,gelecek
9719,2775,feryat eteceksiniz,future,siz,gelecek
9720,2775,feryat etecekler,future,onlar,gelecek
9721,2776,çarpıtıyorum,present,ben,şimdi
9722,2776,çarpıtıyorsun,present,sen,şimdi
9723,2776,çarpıtıyor,present,o,şimdi
9724,2776,çarpıtıyoruz,present,biz,şimdi
9725,2776,çarpıtıyorsunuz,present,siz,şimdi
9726,2776,çarpıtıyorlar,present,onlar,şimdi
9727,2776,çarpıttım,past,ben,di
9728,2776,çarpıttın,past,sen,di
9729,2776,çarpıttı,past,o,di
9730,2776,çarpıttık,past,biz,di
9731,2776,çarpıttınız,past,siz,di
9732,2776,çarpıttılar,past,onlar,di
9733,2776,çarpıtacağım,future,ben,gelecek
9734,2776,çarpıtacaksın,future,sen,gelecek
9735,2776,çarpıtacak,future,o,gelecek
9736,2776,çarpıtacağız,future,biz,gelecek
9737,2776,çarpıtacaksınız,future,siz,gelecek
9738,2776,çarpıtacaklar,future,onlar,gelecek
9739,2777,aktarıyorum,present,ben,şimdi
9740,2777,aktarıyorsun,present,sen,şimdi
9741,2777,aktarıyor,present,o,şimdi
9742,2777,aktarıyoruz,present,biz,şimdi
9743,2777,aktarıyorsunuz,present,siz,şimdi
9744,2777,aktarıyorlar,present,onlar,şimdi
9745,2777,aktardım,past,ben,di
9746,2777,aktardın,past,sen,di
9747,2777,aktardı,past,o,di
9748,2777,aktardık,past,biz,di
9749,2777,aktardınız,past,siz,di
9750,2777,aktardılar,past,onlar,di
9751,2777,aktaracağım,future,ben,gelecek
9752,2777,aktaracaksın,future,sen,gelecek
9753,2777,aktaracak,future,o,gelecek
9754,2777,aktaracağız,future,biz,gelecek
9755,2777,aktaracaksınız,future,siz,gelecek
9756,2777,aktaracaklar,future,onlar,gelecek
9757,2778,tembihliyorum,present,ben,şimdi
9758,2778,tembihliyorsun,present,sen,şimdi
9759,2778,tembihliyor,present,o,şimdi
9760,2778,tembihliyoruz,present,biz,şimdi
9761,2778,tembihliyorsunuz,present,siz,şimdi
9762,2778,tembihliyorlar,present,onlar,şimdi
9763,2778,tembihledim,past,ben,di
9764,2778,tembihledin,past,sen,di
9765,2778,tembihledi,past,o,di
9766,2778,tembihledik,past,biz,di
9767,2778,tembihlediniz,past,siz,di
9768,2778,tembihlediler,past,onlar,di
9769,2778,tembihleyeceğim,future,ben,gelecek
9770,2778,tembihleyeceksin,future,sen,gelecek
9771,2778,tembihleyecek,future,o,gelecek
9772,2778,tembihleyeceğiz,future,biz,gelecek
9773,2778,tembihleyeceksiniz,future,siz,gelecek
9774,2778,tembihleyecekler,future,onlar,gelecek
9775,2779,sivriliyorum,present,ben,şimdi
9776,2779,sivriliyorsun,present,sen,şimdi
9777,2779,sivriliyor,present,o,şimdi
9778,2779,sivriliyoruz,present,biz,şimdi
9779,2779,sivriliyorsunuz,present,siz,şimdi
9780,2779,sivriliyorlar,present,onlar,şimdi
9781,2779,sivrildim,past,ben,di
9782,2779,sivrildin,past,sen,di
9783,2779,sivrildi,past,o,di
9784,2779,sivrildik,past,biz,di
9785,2779,sivrildiniz,past,siz,di
9786,2779,sivrildiler,past,onlar,di
9787,2779,sivrileceğim,future,ben,gelecek
9788,2779,sivrileceksin,future,sen,gelecek
9789,2779,sivrilecek,future,o,gelecek
9790,2779,sivrileceğiz,future,biz,gelecek
9791,2779,sivrileceksiniz,future,siz,gelecek
9792,2779,sivrilecekler,future,onlar,gelecek
9793,2780,tarıyorum,present,ben,şimdi
9794,2780,tarıyorsun,present,sen,şimdi
9795,2780,tarıyor,present,o,şimdi
9796,2780,tarıyoruz,present,biz,şimdi
9797,2780,tarıyorsunuz,present,siz,şimdi
9798,2780,tarıyorlar,present,onlar,şimdi
9799,2780,taradım,past,ben,di
9800,2780,taradın,past,sen,di
9801,2780,taradı,past,o,di
9802,2780,taradık,past,biz,di
9803,2780,taradınız,past,siz,di
9804,2780,taradılar,past,onlar,di
9805,2780,tarayacağım,future,ben,gelecek
9806,2780,tarayacaksın,future,sen,gelecek
9807,2780,tarayacak,future,o,gelecek
9808,2780,tarayacağız,future,biz,gelecek
9809,2780,tarayacaksınız,future,siz,gelecek
9810,2780,tarayacaklar,future,onlar,gelecek
9811,2781,kısıtlıyorum,present,ben,şimdi
9812,2781,kısıtlıyorsun,present,sen,şimdi
9813,2781,kısıtlıyor,present,o,şimdi
9814,2781,kısıtlıyoruz,present,biz,şimdi
9815,2781,kısıtlıyorsunuz,present,siz,şimdi
9816,2781,kısıtlıyorlar,present,onlar,şimdi
9817,2781,kısıtladım,past,ben,di
9818,2781,kısıtladın,past,sen,di
9819,2781,kısıtladı,past,o,di
9820,2781,kısıtladık,past,biz,di
9821,2781,kısıtladınız,past,siz,di
9822,2781,kısıtladılar,past,onlar,di
9823,2781,kısıtlayacağım,future,ben,gelecek
9824,2781,kısıtlayacaksın,future,sen,gelecek
9825,2781,kısıtlayacak,future,o,gelecek
9826,2781,kısıtlayacağız,future,biz,gelecek
9827,2781,kısıtlayacaksınız,future,siz,gelecek
9828,2781,kısıtlayacaklar,future,onlar,gelecek
9829,2782,ihraç ediyorum,present,ben,şimdi
9830,2782,ihraç ediyorsun,present,sen,şimdi
9831,2782,ihraç ediyor,present,o,şimdi
9832,2782,ihraç ediyoruz,present,biz,şimdi
9833,2782,ihraç ediyorsunuz,present,siz,şimdi
9834,2782,ihraç ediyorlar,present,onlar,şimdi
9835,2782,ihraç ettim,past,ben,di
9836,2782,ihraç ettin,past,sen,di
9837,2782,ihraç etti,past,o,di
9838,2782,ihraç ettik,past,biz,di
9839,2782,ihraç ettiniz,past,siz,di
9840,2782,ihraç ettiler,past,onlar,di
9841,2782,ihraç eteceğim,future,ben,gelecek
9842,2782,ihraç eteceksin,future,sen,gelecek
9843,2782,ihraç etecek,future,o,gelecek
9844,2782,ihraç eteceğiz,future,biz,gelecek
9845,2782,ihraç eteceksiniz,future,siz,gelecek
9846,2782,ihraç etecekler,future,onlar,gelecek
9847,2783,sitem ediyorum,present,ben,şimdi
9848,2783,sitem ediyorsun,present,sen,şimdi
9849,2783,sitem ediyor,present,o,şimdi
9850,2783,sitem ediyoruz,present,biz,şimdi
9851,2783,sitem ediyorsunuz,present,siz,şimdi
9852,2783,sitem ediyorlar,present,onlar,şimdi
9853,2783,sitem ettim,past,ben,di
9854,2783,sitem ettin,past,sen,di
9855,2783,sitem etti,past,o,di
9856,2783,sitem ettik,past,biz,di
9857,2783,sitem ettiniz,past,siz,di
9858,2783,sitem ettiler,past,onlar,di
9859,2783,sitem eteceğim,future,ben,gelecek
9860,2783,sitem eteceksin,future,sen,gelecek
9861,2783,sitem etecek,future,o,gelecek
9862,2783,sitem eteceğiz,future,biz,gelecek
9863,2783,sitem eteceksiniz,future,siz,gelecek
9864,2783,sitem etecekler,future,onlar,gelecek
9865,2841,cevap veriyorum,present,ben,şimdi
9866,2841,cevap veriyorsun,present,sen,şimdi
9867,2841,cevap veriyor,present,o,şimdi
9868,2841,cevap veriyoruz,present,biz,şimdi
9869,2841,cevap veriyorsunuz,present,siz,şimdi
9870,2841,cevap veriyorlar,present,onlar,şimdi
9871,2841,cevap verdim,past,ben,di
9872,2841,cevap verdin,past,sen,di
9873,2841,cevap verdi,past,o,di
9874,2841,cevap verdik,past,biz,di
9875,2841,cevap verdiniz,past,siz,di
9876,2841,cevap verdiler,past,onlar,di
9877,2841,cevap vereceğim,future,ben,gelecek
9878,2841,cevap vereceksin,future,sen,gelecek
9879,2841,cevap verecek,future,o,gelecek
9880,2841,cevap vereceğiz,future,biz,gelecek
9881,2841,cevap vereceksiniz,future,siz,gelecek
9882,2841,cevap verecekler,future,onlar,gelecek
9883,2842,soru oluyorum,present,ben,şimdi
9884,2842,soru oluyorsun,present,sen,şimdi
9885,2842,soru oluyor,present,o,şimdi
9886,2842,soru oluyoruz,present,biz,şimdi
9887,2842,soru oluyorsunuz,present,siz,şimdi
9888,2842,soru oluyorlar,present,onlar,şimdi
9889,2842,soru oldum,past,ben,di
9890,2842,soru oldun,past,sen,di
9891,2842,soru oldu,past,o,di
9892,2842,soru olduk,past,biz,di
9893,2842,soru oldunuz,past,siz,di
9894,2842,soru oldular,past,onlar,di
9895,2842,soru olacağım,future,ben,gelecek
9896,2842,soru olacaksın,future,sen,gelecek
9897,2842,soru olacak,future,o,gelecek
9898,2842,soru olacağız,future,biz,gelecek
9899,2842,soru olacaksınız,future,siz,gelecek
9900,2842,soru olacaklar,future,onlar,gelecek
9901,2874,ders çalışıyorum,present,ben,şimdi
9902,2874,ders çalışıyorsun,present,sen,şimdi
9903,2874,ders çalışıyor,present,o,şimdi
9904,2874,ders çalışıyoruz,present,biz,şimdi
9905,2874,ders çalışıyorsunuz,present,siz,şimdi
9906,2874,ders çalışıyorlar,present,onlar,şimdi
9907,2874,ders çalıştım,past,ben,di
9908,2874,ders çalıştın,past,sen,di
9909,2874,ders çalıştı,past,o,di
9910,2874,ders çalıştık,past,biz,di
9911,2874,ders çalıştınız,past,siz,di
9912,2874,ders çalıştılar,past,onlar,di
9913,2874,ders çalışacağım,future,ben,gelecek
9914,2874,ders çalışacaksın,future,sen,gelecek
9915,2874,ders çalışacak,future,o,gelecek
9916,2874,ders çalışacağız,future,biz,gelecek
9917,2874,ders çalışacaksınız,future,siz,gelecek
9918,2874,ders çalışacaklar,future,onlar,gelecek
9919,2875,saç kestiriyorum,present,ben,şimdi
9920,2875,saç kestiriyorsun,present,sen,şimdi
9921,2875,saç kestiriyor,present,o,şimdi
9922,2875,saç kestiriyoruz,present,biz,şimdi
9923,2875,saç kestiriyorsunuz,present,siz,şimdi
9924,2875,saç kestiriyorlar,present,onlar,şimdi
9925,2875,saç kestirdim,past,ben,di
9926,2875,saç kestirdin,past,sen,di
9927,2875,saç kestirdi,past,o,di
9928,2875,saç kestirdik,past,biz,di
9929,2875,saç kestirdiniz,past,siz,di
9930,2875,saç kestirdiler,past,onlar,di
9931,2875,saç kestireceğim,future,ben,gelecek
9932,2875,saç kestireceksin,future,sen,gelecek
9933,2875,saç kestirecek,future,o,gelecek
9934,2875,saç kestireceğiz,future,biz,gelecek
9935,2875,saç kestireceksiniz,future,siz,gelecek
9936,2875,saç kestirecekler,future,onlar,gelecek
9937,2886,golf oynıyorum,present,ben,şimdi
9938,2886,golf oynıyorsun,present,sen,şimdi
9939,2886,golf oynıyor,present,o,şimdi
9940,2886,golf oynıyoruz,present,biz,şimdi
9941,2886,golf oynıyorsunuz,present,siz,şimdi
9942,2886,golf oynıyorlar,present,onlar,şimdi
9943,2886,golf oynadım,past,ben,di
9944,2886,golf oynadın,past,sen,di
9945,2886,golf oynadı,past,o,di
9946,2886,golf oynadık,past,biz,di
9947,2886,golf oynadınız,past,siz,di
9948,2886,golf oynadılar,past,onlar,di
9949,2886,golf oynayacağım,future,ben,gelecek
9950,2886,golf oynayacaksın,future,sen,gelecek
9951,2886,golf oynayacak,future,o,gelecek
9952,2886,golf oynayacağız,future,biz,gelecek
9953,2886,golf oynayacaksınız,future,siz,gelecek
9954,2886,golf oynayacaklar,future,onlar,gelecek
9955,2887,plan yapıyorum,present,ben,şimdi
9956,2887,plan yapıyorsun,present,sen,şimdi
9957,2887,plan yapıyor,present,o,şimdi
9958,2887,plan yapıyoruz,present,biz,şimdi
9959,2887,plan yapıyorsunuz,present,siz,şimdi
9960,2887,plan yapıyorlar,present,onlar,şimdi
9961,2887,plan yaptım,past,ben,di
9962,2887,plan yaptın,past,sen,di
9963,2887,plan yaptı,past,o,di
9964,2887,plan yaptık,past,biz,di
9965,2887,plan yaptınız,past,siz,di
9966,2887,plan yaptılar,past,onlar,di
9967,2887,plan yapacağım,future,ben,gelecek
9968,2887,plan yapacaksın,future,sen,gelecek
9969,2887,plan yapacak,future,o,gelecek
9970,2887,plan yapacağız,future,biz,gelecek
9971,2887,plan yapacaksınız,future,siz,gelecek
9972,2887,plan yapacaklar,future,onlar,gelecek
9973,2888,pratik yapıyorum,present,ben,şimdi
9974,2888,pratik yapıyorsun,present,sen,şimdi
9975,2888,pratik yapıyor,present,o,şimdi
9976,2888,pratik yapıyoruz,present,biz,şimdi
9977,2888,pratik yapıyorsunuz,present,siz,şimdi
9978,2888,pratik yapıyorlar,present,onlar,şimdi
9979,2888,pratik yaptım,past,ben,di
9980,2888,pratik yaptın,past,sen,di
9981,2888,pratik yaptı,past,o,di
9982,2888,pratik yaptık,past,biz,di
9983,2888,pratik yaptınız,past,siz,di
9984,2888,pratik yaptılar,past,onlar,di
9985,2888,pratik yapacağım,future,ben,gelecek
9986,2888,pratik yapacaksın,future,sen,gelecek
9987,2888,pratik yapacak,future,o,gelecek
9988,2888,pratik yapacağız,future,biz,gelecek
9989,2888,pratik yapacaksınız,future,siz,gelecek
9990,2888,pratik yapacaklar,future,onlar,gelecek
9991,2889,selam söyliyorum,present,ben,şimdi
9992,2889,selam söyliyorsun,present,sen,şimdi
9993,2889,selam söyliyor,present,o,şimdi
9994,2889,selam söyliyoruz,present,biz,şimdi
9995,2889,selam söyliyorsunuz,present,siz,şimdi
9996,2889,selam söyliyorlar,present,onlar,şimdi
9997,2889,selam söyledim,past,ben,di
9998,2889,selam söyledin,past,sen,di
9999,2889,selam söyledi,past,o,di
10000,2889,selam söyledik,past,biz,di
10001,2889,selam söylediniz,past,siz,di
10002,2889,selam söylediler,past,onlar,di
10003,2889,selam söyleyeceğim,future,ben,gelecek
10004,2889,selam söyleyeceksin,future,sen,gelecek
10005,2889,selam söyleyecek,future,o,gelecek
10006,2889,selam söyleyeceğiz,future,biz,gelecek
10007,2889,selam söyleyeceksiniz,future,siz,gelecek
10008,2889,selam söyleyecekler,future,onlar,gelecek
10009,2900,davet ediyorum,present,ben,şimdi
10010,2900,davet ediyorsun,present,sen,şimdi
10011,2900,davet ediyor,present,o,şimdi
10012,2900,davet ediyoruz,present,biz,şimdi
10013,2900,davet ediyorsunuz,present,siz,şimdi
10014,2900,davet ediyorlar,present,onlar,şimdi
10015,2900,davet ettim,past,ben,di
10016,2900,davet ettin,past,sen,di
10017,2900,davet etti,past,o,di
10018,2900,davet ettik,past,biz,di
10019,2900,davet ettiniz,past,siz,di
10020,2900,davet ettiler,past,onlar,di
10021,2900,davet eteceğim,future,ben,gelecek
10022,2900,davet eteceksin,future,sen,gelecek
10023,2900,davet etecek,future,o,gelecek
10024,2900,davet eteceğiz,future,biz,gelecek
10025,2900,davet eteceksiniz,future,siz,gelecek
10026,2900,davet etecekler,future,onlar,gelecek
10027,2901,eğleniyorum,present,ben,şimdi
10028,2901,eğleniyorsun,present,sen,şimdi
10029,2901,eğleniyor,present,o,şimdi
10030,2901,eğleniyoruz,present,biz,şimdi
10031,2901,eğleniyorsunuz,present,siz,şimdi
10032,2901,eğleniyorlar,present,onlar,şimdi
10033,2901,eğlendim,past,ben,di
10034,2901,eğlendin,past,sen,di
10035,2901,eğlendi,past,o,di
10036,2901,eğlendik,past,biz,di
10037,2901,eğlendiniz,past,siz,di
10038,2901,eğlendiler,past,onlar,di
10039,2901,eğleneceğim,future,ben,gelecek
10040,2901,eğleneceksin,future,sen,gelecek
10041,2901,eğlenecek,future,o,gelecek
10042,2901,eğleneceğiz,future,biz,gelecek
10043,2901,eğleneceksiniz,future,siz,gelecek
10044,2901,eğlenecekler,future,onlar,gelecek
10045,2902,el öpüyorum,present,ben,şimdi
10046,2902,el öpüyorsun,present,sen,şimdi
10047,2902,el öpüyor,present,o,şimdi
10048,2902,el öpüyoruz,present,biz,şimdi
10049,2902,el öpüyorsunuz,present,siz,şimdi
10050,2902,el öpüyorlar,present,onlar,şimdi
10051,2902,el öptüm,past,ben,di
10052,2902,el öptün,past,sen,di
10053,2902,el öptü,past,o,di
10054,2902,el öptük,past,biz,di
10055,2902,el öptünüz,past,siz,di
10056,2902,el öptüler,past,onlar,di
10057,2902,el öpeceğim,future,ben,gelecek
10058,2902,el öpeceksin,future,sen,gelecek
10059,2902,el öpecek,future,o,gelecek
10060,2902,el öpeceğiz,future,biz,gelecek
10061,2902,el öpeceksiniz,future,siz,gelecek
10062,2902,el öpecekler,future,onlar,gelecek
10063,2903,gösteri yapıyorum,present,ben,şimdi
10064,2903,gösteri yapıyorsun,present,sen,şimdi
10065,2903,gösteri yapıyor,present,o,şimdi
10066,2903,gösteri yapıyoruz,present,biz,şimdi
10067,2903,gösteri yapıyorsunuz,present,siz,şimdi
10068,2903,gösteri yapıyorlar,present,onlar,şimdi
10069,2903,gösteri yaptım,past,ben,di
10070,2903,gösteri yaptın,past,sen,di
10071,2903,gösteri yaptı,past,o,di
10072,2903,gösteri yaptık,past,biz,di
10073,2903,gösteri yaptınız,past,siz,di
10074,2903,gösteri yaptılar,past,onlar,di
10075,2903,gösteri yapacağım,future,ben,gelecek
10076,2903,gösteri yapacaksın,future,sen,gelecek
10077,2903,gösteri yapacak,future,o,gelecek
10078,2903,gösteri yapacağız,future,biz,gelecek
10079,2903,gösteri yapacaksınız,future,siz,gelecek
10080,2903,gösteri yapacaklar,future,onlar,gelecek
10081,2904,götürüyorum,present,ben,şimdi
10082,2904,götürüyorsun,present,sen,şimdi
10083,2904,götürüyor,present,o,şimdi
10084,2904,götürüyoruz,present,biz,şimdi
10085,2904,götürüyorsunuz,present,siz,şimdi
10086,2904,götürüyorlar,present,onlar,şimdi
10087,2904,götürdüm,past,ben,di
10088,2904,götürdün,past,sen,di
10089,2904,götürdü,past,o,di
10090,2904,götürdük,past,biz,di
10091,2904,götürdünüz,past,siz,di
10092,2904,götürdüler,past,onlar,di
10093,2904,götüreceğim,future,ben,gelecek
10094,2904,götüreceksin,future,sen,gelecek
10095,2904,götürecek,future,o,gelecek
10096,2904,götüreceğiz,future,biz,gelecek
10097,2904,götüreceksiniz,future,siz,gelecek
10098,2904,götürecekler,future,onlar,gelecek
10099,2905,ikram ediyorum,present,ben,şimdi
10100,2905,ikram ediyorsun,present,sen,şimdi
10101,2905,ikram ediyor,present,o,şimdi
10102,2905,ikram ediyoruz,present,biz,şimdi
10103,2905,ikram ediyorsunuz,present,siz,şimdi
10104,2905,ikram ediyorlar,present,onlar,şimdi
10105,2905,ikram ettim,past,ben,di
10106,2905,ikram ettin,past,sen,di
10107,2905,ikram etti,past,o,di
10108,2905,ikram ettik,past,biz,di
10109,2905,ikram ettiniz,past,siz,di
10110,2905,ikram ettiler,past,onlar,di
10111,2905,ikram eteceğim,future,ben,gelecek
10112,2905,ikram eteceksin,future,sen,gelecek
10113,2905,ikram etecek,future,o,gelecek
10114,2905,ikram eteceğiz,future,biz,gelecek
10115,2905,ikram eteceksiniz,future,siz,gelecek
10116,2905,ikram etecekler,future,onlar,gelecek
10117,2906,kolonya döküyorum,present,ben,şimdi
10118,2906,kolonya döküyorsun,present,sen,şimdi
10119,2906,kolonya döküyor,present,o,şimdi
10120,2906,kolonya döküyoruz,present,biz,şimdi
10121,2906,kolonya döküyorsunuz,present,siz,şimdi
10122,2906,kolonya döküyorlar,present,onlar,şimdi
10123,2906,kolonya döktüm,past,ben,di
10124,2906,kolonya döktün,past,sen,di
10125,2906,kolonya döktü,past,o,di
10126,2906,kolonya döktük,past,biz,di
10127,2906,kolonya döktünüz,past,siz,di
10128,2906,kolonya döktüler,past,onlar,di
10129,2906,kolonya dökeceğim,future,ben,gelecek
10130,2906,kolonya dökeceksin,future,sen,gelecek
10131,2906,kolonya dökecek,future,o,gelecek
10132,2906,kolonya dökeceğiz,future,biz,gelecek
10133,2906,kolonya dökeceksiniz,future,siz,gelecek
10134,2906,kolonya dökecekler,future,onlar,gelecek
10135,2907,para toplıyorum,present,ben,şimdi
10136,2907,para toplıyorsun,present,sen,şimdi
10137,2907,para toplıyor,present,o,şimdi
10138,2907,para toplıyoruz,present,biz,şimdi
10139,2907,para toplıyorsunuz,present,siz,şimdi
10140,2907,para toplıyorlar,present,onlar,şimdi
10141,2907,para topladım,past,ben,di
10142,2907,para topladın,past,sen,di
10143,2907,para topladı,past,o,di
10144,2907,para topladık,past,biz,di
10145,2907,para topladınız,past,siz,di
10146,2907,para topladılar,past,onlar,di
10147,2907,para toplayacağım,future,ben,gelecek
10148,2907,para toplayacaksın,future,sen,gelecek
10149,2907,para toplayacak,future,o,gelecek
10150,2907,para toplayacağız,future,biz,gelecek
10151,2907,para toplayacaksınız,future,siz,gelecek
10152,2907,para toplayacaklar,future,onlar,gelecek
10153,2908,pişman oluyorum,present,ben,şimdi
10154,2908,pişman oluyorsun,present,sen,şimdi
10155,2908,pişman oluyor,present,o,şimdi
10156,2908,pişman oluyoruz,present,biz,şimdi
10157,2908,pişman oluyorsunuz,present,siz,şimdi
10158,2908,pişman oluyorlar,present,onlar,şimdi
10159,2908,pişman oldum,past,ben,di
10160,2908,pişman oldun,past,sen,di
10161,2908,pişman oldu,past,o,di
10162,2908,pişman olduk,past,biz,di
10163,2908,pişman oldunuz,past,siz,di
10164,2908,pişman oldular,past,onlar,di
10165,2908,pişman olacağım,future,ben,gelecek
10166,2908,pişman olacaksın,future,sen,gelecek
10167,2908,pişman olacak,future,o,gelecek
10168,2908,pişman olacağız,future,biz,gelecek
10169,2908,pişman olacaksınız,future,siz,gelecek
10170,2908,pişman olacaklar,future,onlar,gelecek
10171,2909,sofra hazırlıyorum,present,ben,şimdi
10172,2909,sofra hazırlıyorsun,present,sen,şimdi
10173,2909,sofra hazırlıyor,present,o,şimdi
10174,2909,sofra hazırlıyoruz,present,biz,şimdi
10175,2909,sofra hazırlıyorsunuz,present,siz,şimdi
10176,2909,sofra hazırlıyorlar,present,onlar,şimdi
10177,2909,sofra hazırladım,past,ben,di
10178,2909,sofra hazırladın,past,sen,di
10179,2909,sofra hazırladı,past,o,di
10180,2909,sofra hazırladık,past,biz,di
10181,2909,sofra hazırladınız,past,siz,di
10182,2909,sofra hazırladılar,past,onlar,di
10183,2909,sofra hazırlayacağım,future,ben,gelecek
10184,2909,sofra hazırlayacaksın,future,sen,gelecek
10185,2909,sofra hazırlayacak,future,o,gelecek
10186,2909,sofra hazırlayacağız,future,biz,gelecek
10187,2909,sofra hazırlayacaksınız,future,siz,gelecek
10188,2909,sofra hazırlayacaklar,future,onlar,gelecek
10189,2910,sosyal oluyorum,present,ben,şimdi
10190,2910,sosyal oluyorsun,present,sen,şimdi
10191,2910,sosyal oluyor,present,o,şimdi
10192,2910,sosyal oluyoruz,present,biz,şimdi
10193,2910,sosyal oluyorsunuz,present,siz,şimdi
10194,2910,sosyal oluyorlar,present,onlar,şimdi
10195,2910,sosyal oldum,past,ben,di
10196,2910,sosyal oldun,past,sen,di
10197,2910,sosyal oldu,past,o,di
10198,2910,sosyal olduk,past,biz,di
10199,2910,sosyal oldunuz,past,siz,di
10200,2910,sosyal oldular,past,onlar,di
10201,2910,sosyal olacağım,future,ben,gelecek
10202,2910,sosyal olacaksın,future,sen,gelecek
10203,2910,sosyal olacak,future,o,gelecek
10204,2910,sosyal olacağız,future,biz,gelecek
10205,2910,sosyal olacaksınız,future,siz,gelecek
10206,2910,sosyal olacaklar,future,onlar,gelecek
10207,2911,tadı damağında kalıyorum,present,ben,şimdi
10208,2911,tadı damağında kalıyorsun,present,sen,şimdi
10209,2911,tadı damağında kalıyor,present,o,şimdi
10210,2911,tadı damağında kalıyoruz,present,biz,şimdi
10211,2911,tadı damağında kalıyorsunuz,present,siz,şimdi
10212,2911,tadı damağında kalıyorlar,present,onlar,şimdi
10213,2911,tadı damağında kaldım,past,ben,di
10214,2911,tadı damağında kaldın,past,sen,di
10215,2911,tadı damağında kaldı,past,o,di
10216,2911,tadı damağında kaldık,past,biz,di
10217,2911,tadı damağında kaldınız,past,siz,di
10218,2911,tadı damağında kaldılar,past,onlar,di
10219,2911,tadı damağında kalacağım,future,ben,gelecek
10220,2911,tadı damağında kalacaksın,future,sen,gelecek
10221,2911,tadı damağında kalacak,future,o,gelecek
10222,2911,tadı damağında kalacağız,future,biz,gelecek
10223,2911,tadı damağında kalacaksınız,future,siz,gelecek
10224,2911,tadı damağında kalacaklar,future,onlar,gelecek
10225,2912,uğur getiriyorum,present,ben,şimdi
10226,2912,uğur getiriyorsun,present,sen,şimdi
10227,2912,uğur getiriyor,present,o,şimdi
10228,2912,uğur getiriyoruz,present,biz,şimdi
10229,2912,uğur getiriyorsunuz,present,siz,şimdi
10230,2912,uğur getiriyorlar,present,onlar,şimdi
10231,2912,uğur getirdim,past,ben,di
10232,2912,uğur getirdin,past,sen,di
10233,2912,uğur getirdi,past,o,di
10234,2912,uğur getirdik,past,biz,di
10235,2912,uğur getirdiniz,past,siz,di
10236,2912,uğur getirdiler,past,onlar,di
10237,2912,uğur getireceğim,future,ben,gelecek
10238,2912,uğur getireceksin,future,sen,gelecek
10239,2912,uğur getirecek,future,o,gelecek
10240,2912,uğur getireceğiz,future,biz,gelecek
10241,2912,uğur getireceksiniz,future,siz,gelecek
10242,2912,uğur getirecekler,future,onlar,gelecek
10243,2913,üfliyorum,present,ben,şimdi
10244,2913,üfliyorsun,present,sen,şimdi
10245,2913,üfliyor,present,o,şimdi
10246,2913,üfliyoruz,present,biz,şimdi
10247,2913,üfliyorsunuz,present,siz,şimdi
10248,2913,üfliyorlar,present,onlar,şimdi
10249,2913,üfledim,past,ben,di
10250,2913,üfledin,past,sen,di
10251,2913,üfledi,past,o,di
10252,2913,üfledik,past,biz,di
10253,2913,üflediniz,past,siz,di
10254,2913,üflediler,past,onlar,di
10255,2913,üfleyeceğim,future,ben,gelecek
10256,2913,üfleyeceksin,future,sen,gelecek
10257,2913,üfleyecek,future,o,gelecek
10258,2913,üfleyeceğiz,future,biz,gelecek
10259,2913,üfleyeceksiniz,future,siz,gelecek
10260,2913,üfleyecekler,future,onlar,gelecek
10261,2914,yer ayırtıyorum,present,ben,şimdi
10262,2914,yer ayırtıyorsun,present,sen,şimdi
10263,2914,yer ayırtıyor,present,o,şimdi
10264,2914,yer ayırtıyoruz,present,biz,şimdi
10265,2914,yer ayırtıyorsunuz,present,siz,şimdi
10266,2914,yer ayırtıyorlar,present,onlar,şimdi
10267,2914,yer ayırttım,past,ben,di
10268,2914,yer ayırttın,past,sen,di
10269,2914,yer ayırttı,past,o,di
10270,2914,yer ayırttık,past,biz,di
10271,2914,yer ayırttınız,past,siz,di
10272,2914,yer ayırttılar,past,onlar,di
10273,2914,yer ayırtacağım,future,ben,gelecek
10274,2914,yer ayırtacaksın,future,sen,gelecek
10275,2914,yer ayırtacak,future,o,gelecek
10276,2914,yer ayırtacağız,future,biz,gelecek
10277,2914,yer ayırtacaksınız,future,siz,gelecek
10278,2914,yer ayırtacaklar,future,onlar,gelecek
10279,2915,zaman geçiriyorum,present,ben,şimdi
10280,2915,zaman geçiriyorsun,present,sen,şimdi
10281,2915,zaman geçiriyor,present,o,şimdi
10282,2915,zaman geçiriyoruz,present,biz,şimdi
10283,2915,zaman geçiriyorsunuz,present,siz,şimdi
10284,2915,zaman geçiriyorlar,present,onlar,şimdi
10285,2915,zaman geçirdim,past,ben,di
10286,2915,zaman geçirdin,past,sen,di
10287,2915,zaman geçirdi,past,o,di
10288,2915,zaman geçirdik,past,biz,di
10289,2915,zaman geçirdiniz,past,siz,di
10290,2915,zaman geçirdiler,past,onlar,di
10291,2915,zaman geçireceğim,future,ben,gelecek
10292,2915,zaman geçireceksin,future,sen,gelecek
10293,2915,zaman geçirecek,future,o,gelecek
10294,2915,zaman geçireceğiz,future,biz,gelecek
10295,2915,zaman geçireceksiniz,future,siz,gelecek
10296,2915,zaman geçirecekler,future,onlar,gelecek
10297,2934,iğne oluyorum,present,ben,şimdi
10298,2934,iğne oluyorsun,present,sen,şimdi
10299,2934,iğne oluyor,present,o,şimdi
10300,2934,iğne oluyoruz,present,biz,şimdi
10301,2934,iğne oluyorsunuz,present,siz,şimdi
10302,2934,iğne oluyorlar,present,onlar,şimdi
10303,2934,iğne oldum,past,ben,di
10304,2934,iğne oldun,past,sen,di
10305,2934,iğne oldu,past,o,di
10306,2934,iğne olduk,past,biz,di
10307,2934,iğne oldunuz,past,siz,di
10308,2934,iğne oldular,past,onlar,di
10309,2934,iğne olacağım,future,ben,gelecek
10310,2934,iğne olacaksın,future,sen,gelecek
10311,2934,iğne olacak,future,o,gelecek
10312,2934,iğne olacağız,future,biz,gelecek
10313,2934,iğne olacaksınız,future,siz,gelecek
10314,2934,iğne olacaklar,future,onlar,gelecek
10315,2935,inanıyorum,present,ben,şimdi
10316,2935,inanıyorsun,present,sen,şimdi
10317,2935,inanıyor,present,o,şimdi
10318,2935,inanıyoruz,present,biz,şimdi
10319,2935,inanıyorsunuz,present,siz,şimdi
10320,2935,inanıyorlar,present,onlar,şimdi
10321,2935,inandım,past,ben,di
10322,2935,inandın,past,sen,di
10323,2935,inandı,past,o,di
10324,2935,inandık,past,biz,di
10325,2935,inandınız,past,siz,di
10326,2935,inandılar,past,onlar,di
10327,2935,inanacağım,future,ben,gelecek
10328,2935,inanacaksın,future,sen,gelecek
10329,2935,inanacak,future,o,gelecek
10330,2935,inanacağız,future,biz,gelecek
10331,2935,inanacaksınız,future,siz,gelecek
10332,2935,inanacaklar,future,onlar,gelecek
10333,2936,midesi bulanıyorum,present,ben,şimdi
10334,2936,midesi bulanıyorsun,present,sen,şimdi
10335,2936,midesi bulanıyor,present,o,şimdi
10336,2936,midesi bulanıyoruz,present,biz,şimdi
10337,2936,midesi bulanıyorsunuz,present,siz,şimdi
10338,2936,midesi bulanıyorlar,present,onlar,şimdi
10339,2936,midesi bulandım,past,ben,di
10340,2936,midesi bulandın,past,sen,di
10341,2936,midesi bulandı,past,o,di
10342,2936,midesi bulandık,past,biz,di
10343,2936,midesi bulandınız,past,siz,di
10344,2936,midesi bulandılar,past,onlar,di
10345,2936,midesi bulanacağım,future,ben,gelecek
10346,2936,midesi bulanacaksın,future,sen,gelecek
10347,2936,midesi bulanacak,future,o,gelecek
10348,2936,midesi bulanacağız,future,biz,gelecek
10349,2936,midesi bulanacaksınız,future,siz,gelecek
10350,2936,midesi bulanacaklar,future,onlar,gelecek
10351,2937,tahlil yaptırıyorum,present,ben,şimdi
10352,2937,tahlil yaptırıyorsun,present,sen,şimdi
10353,2937,tahlil yaptırıyor,present,o,şimdi
10354,2937,tahlil yaptırıyoruz,present,biz,şimdi
10355,2937,tahlil yaptırıyorsunuz,present,siz,şimdi
10356,2937,tahlil yaptırıyorlar,present,onlar,şimdi
10357,2937,tahlil yaptırdım,past,ben,di
10358,2937,tahlil yaptırdın,past,sen,di
10359,2937,tahlil yaptırdı,past,o,di
10360,2937,tahlil yaptırdık,past,biz,di
10361,2937,tahlil yaptırdınız,past,siz,di
10362,2937,tahlil yaptırdılar,past,onlar,di
10363,2937,tahlil yaptıracağım,future,ben,gelecek
10364,2937,tahlil yaptıracaksın,future,sen,gelecek
10365,2937,tahlil yaptıracak,future,o,gelecek
10366,2937,tahlil yaptıracağız,future,biz,gelecek
10367,2937,tahlil yaptıracaksınız,future,siz,gelecek
10368,2937,tahlil yaptıracaklar,future,onlar,gelecek
10369,2938,vakit geçiriyorum,present,ben,şimdi
10370,2938,vakit geçiriyorsun,present,sen,şimdi
10371,2938,vakit geçiriyor,present,o,şimdi
10372,2938,vakit geçiriyoruz,present,biz,şimdi
10373,2938,vakit geçiriyorsunuz,present,siz,şimdi
10374,2938,vakit geçiriyorlar,present,onlar,şimdi
10375,2938,vakit geçirdim,past,ben,di
10376,2938,vakit geçirdin,past,sen,di
10377,2938,vakit geçirdi,past,o,di
10378,2938,vakit geçirdik,past,biz,di
10379,2938,vakit geçirdiniz,past,siz,di
10380,2938,vakit geçirdiler,past,onlar,di
10381,2938,vakit geçireceğim,future,ben,gelecek
10382,2938,vakit geçireceksin,future,sen,gelecek
10383,2938,vakit geçirecek,future,o,gelecek
10384,2938,vakit geçireceğiz,future,biz,gelecek
10385,2938,vakit geçireceksiniz,future,siz,gelecek
10386,2938,vakit geçirecekler,future,onlar,gelecek
10387,2942,bölüyorum,present,ben,şimdi
10388,2942,bölüyorsun,present,sen,şimdi
10389,2942,bölüyor,present,o,şimdi
10390,2942,bölüyoruz,present,biz,şimdi
10391,2942,bölüyorsunuz,present,siz,şimdi
10392,2942,bölüyorlar,present,onlar,şimdi
10393,2942,böldüm,past,ben,di
10394,2942,böldün,past,sen,di
10395,2942,böldü,past,o,di
10396,2942,böldük,past,biz,di
10397,2942,böldünüz,past,siz,di
10398,2942,böldüler,past,onlar,di
10399,2942,böleceğim,future,ben,gelecek
10400,2942,böleceksin,future,sen,gelecek
10401,2942,bölecek,future,o,gelecek
10402,2942,böleceğiz,future,biz,gelecek
10403,2942,böleceksiniz,future,siz,gelecek
10404,2942,bölecekler,future,onlar,gelecek
10405,2943,getiriyorum,present,ben,şimdi
10406,2943,getiriyorsun,present,sen,şimdi
10407,2943,getiriyor,present,o,şimdi
10408,2943,getiriyoruz,present,biz,şimdi
10409,2943,getiriyorsunuz,present,siz,şimdi
10410,2943,getiriyorlar,present,onlar,şimdi
10411,2943,getirdim,past,ben,di
10412,2943,getirdin,past,sen,di
10413,2943,getirdi,past,o,di
10414,2943,getirdik,past,biz,di
10415,2943,getirdiniz,past,siz,di
10416,2943,getirdiler,past,onlar,di
10417,2943,getireceğim,future,ben,gelecek
10418,2943,getireceksin,future,sen,gelecek
10419,2943,getirecek,future,o,gelecek
10420,2943,getireceğiz,future,biz,gelecek
10421,2943,getireceksiniz,future,siz,gelecek
10422,2943,getirecekler,future,onlar,gelecek
10423,2944,karıştırıyorum,present,ben,şimdi
10424,2944,karıştırıyorsun,present,sen,şimdi
10425,2944,karıştırıyor,present,o,şimdi
10426,2944,karıştırıyoruz,present,biz,şimdi
10427,2944,karıştırıyorsunuz,present,siz,şimdi
10428,2944,karıştırıyorlar,present,onlar,şimdi
10429,2944,karıştırdım,past,ben,di
10430,2944,karıştırdın,past,sen,di
10431,2944,karıştırdı,past,o,di
10432,2944,karıştırdık,past,biz,di
10433,2944,karıştırdınız,past,siz,di
10434,2944,karıştırdılar,past,onlar,di
10435,2944,karıştıracağım,future,ben,gelecek
10436,2944,karıştıracaksın,future,sen,gelecek
10437,2944,karıştıracak,future,o,gelecek
10438,2944,karıştıracağız,future,biz,gelecek
10439,2944,karıştıracaksınız,future,siz,gelecek
10440,2944,karıştıracaklar,future,onlar,gelecek
10441,2945,kesiyorum,present,ben,şimdi
10442,2945,kesiyorsun,present,sen,şimdi
10443,2945,kesiyor,present,o,şimdi
10444,2945,kesiyoruz,present,biz,şimdi
10445,2945,kesiyorsunuz,present,siz,şimdi
10446,2945,kesiyorlar,present,onlar,şimdi
10447,2945,kestim,past,ben,di
10448,2945,kestin,past,sen,di
10449,2945,kesti,past,o,di
10450,2945,kestik,past,biz,di
10451,2945,kestiniz,past,siz,di
10452,2945,kestiler,past,onlar,di
10453,2945,keseceğim,future,ben,gelecek
10454,2945,keseceksin,future,sen,gelecek
10455,2945,kesecek,future,o,gelecek
10456,2945,keseceğiz,future,biz,gelecek
10457,2945,keseceksiniz,future,siz,gelecek
10458,2945,kesecekler,future,onlar,gelecek
10459,2946,sipariş veriyorum,present,ben,şimdi
10460,2946,sipariş veriyorsun,present,sen,şimdi
10461,2946,sipariş veriyor,present,o,şimdi
10462,2946,sipariş veriyoruz,present,biz,şimdi
10463,2946,sipariş veriyorsunuz,present,siz,şimdi
10464,2946,sipariş veriyorlar,present,onlar,şimdi
10465,2946,sipariş verdim,past,ben,di
10466,2946,sipariş verdin,past,sen,di
10467,2946,sipariş verdi,past,o,di
10468,2946,sipariş verdik,past,biz,di
10469,2946,sipariş verdiniz,past,siz,di
10470,2946,sipariş verdiler,past,onlar,di
10471,2946,sipariş vereceğim,future,ben,gelecek
10472,2946,sipariş vereceksin,future,sen,gelecek
10473,2946,sipariş verecek,future,o,gelecek
10474,2946,sipariş vereceğiz,future,biz,gelecek
10475,2946,sipariş vereceksiniz,future,siz,gelecek
10476,2946,sipariş verecekler,future,onlar,gelecek
10477,2947,zaman ayırıyorum,present,ben,şimdi
10478,2947,zaman ayırıyorsun,present,sen,şimdi
10479,2947,zaman ayırıyor,present,o,şimdi
10480,2947,zaman ayırıyoruz,present,biz,şimdi
10481,2947,zaman ayırıyorsunuz,present,siz,şimdi
10482,2947,zaman ayırıyorlar,present,onlar,şimdi
10483,2947,zaman ayırdım,past,ben,di
10484,2947,zaman ayırdın,past,sen,di
10485,2947,zaman ayırdı,past,o,di
10486,2947,zaman ayırdık,past,biz,di
10487,2947,zaman ayırdınız,past,siz,di
10488,2947,zaman ayırdılar,past,onlar,di
10489,2947,zaman ayıracağım,future,ben,gelecek
10490,2947,zaman ayıracaksın,future,sen,gelecek
10491,2947,zaman ayıracak,future,o,gelecek
10492,2947,zaman ayıracağız,future,biz,gelecek
10493,2947,zaman ayıracaksınız,future,siz,gelecek
10494,2947,zaman ayıracaklar,future,onlar,gelecek
10495,2957,atanıyorum,present,ben,şimdi
10496,2957,atanıyorsun,present,sen,şimdi
10497,2957,atanıyor,present,o,şimdi
10498,2957,atanıyoruz,present,biz,şimdi
10499,2957,atanıyorsunuz,present,siz,şimdi
10500,2957,atanıyorlar,present,onlar,şimdi
10501,2957,atandım,past,ben,di
10502,2957,atandın,past,sen,di
10503,2957,atandı,past,o,di
10504,2957,atandık,past,biz,di
10505,2957,atandınız,past,siz,di
10506,2957,atandılar,past,onlar,di
10507,2957,atanacağım,future,ben,gelecek
10508,2957,atanacaksın,future,sen,gelecek
10509,2957,atanacak,future,o,gelecek
10510,2957,atanacağız,future,biz,gelecek
10511,2957,atanacaksınız,future,siz,gelecek
10512,2957,atanacaklar,future,onlar,gelecek
10513,2958,başvuruyorum,present,ben,şimdi
10514,2958,başvuruyorsun,present,sen,şimdi
10515,2958,başvuruyor,present,o,şimdi
10516,2958,başvuruyoruz,present,biz,şimdi
10517,2958,başvuruyorsunuz,present,siz,şimdi
10518,2958,başvuruyorlar,present,onlar,şimdi
10519,2958,başvurdum,past,ben,di
10520,2958,başvurdun,past,sen,di
10521,2958,başvurdu,past,o,di
10522,2958,başvurduk,past,biz,di
10523,2958,başvurdunuz,past,siz,di
10524,2958,başvurdular,past,onlar,di
10525,2958,başvuracağım,future,ben,gelecek
10526,2958,başvuracaksın,future,sen,gelecek
10527,2958,başvuracak,future,o,gelecek
10528,2958,başvuracağız,future,biz,gelecek
10529,2958,başvuracaksınız,future,siz,gelecek
10530,2958,başvuracaklar,future,onlar,gelecek
10531,2959,düşürüyorum,present,ben,şimdi
10532,2959,düşürüyorsun,present,sen,şimdi
10533,2959,düşürüyor,present,o,şimdi
10534,2959,düşürüyoruz,present,biz,şimdi
10535,2959,düşürüyorsunuz,present,siz,şimdi
10536,2959,düşürüyorlar,present,onlar,şimdi
10537,2959,düşürdüm,past,ben,di
10538,2959,düşürdün,past,sen,di
10539,2959,düşürdü,past,o,di
10540,2959,düşürdük,past,biz,di
10541,2959,düşürdünüz,past,siz,di
10542,2959,düşürdüler,past,onlar,di
10543,2959,düşüreceğim,future,ben,gelecek
10544,2959,düşüreceksin,future,sen,gelecek
10545,2959,düşürecek,future,o,gelecek
10546,2959,düşüreceğiz,future,biz,gelecek
10547,2959,düşüreceksiniz,future,siz,gelecek
10548,2959,düşürecekler,future,onlar,gelecek
10549,2960,gönüllü oluyorum,present,ben,şimdi
10550,2960,gönüllü oluyorsun,present,sen,şimdi
10551,2960,gönüllü oluyor,present,o,şimdi
10552,2960,gönüllü oluyoruz,present,biz,şimdi
10553,2960,gönüllü oluyorsunuz,present,siz,şimdi
10554,2960,gönüllü oluyorlar,present,onlar,şimdi
10555,2960,gönüllü oldum,past,ben,di
10556,2960,gönüllü oldun,past,sen,di
10557,2960,gönüllü oldu,past,o,di
10558,2960,gönüllü olduk,past,biz,di
10559,2960,gönüllü oldunuz,past,siz,di
10560,2960,gönüllü oldular,past,onlar,di
10561,2960,gönüllü olacağım,future,ben,gelecek
10562,2960,gönüllü olacaksın,future,sen,gelecek
10563,2960,gönüllü olacak,future,o,gelecek
10564,2960,gönüllü olacağız,future,biz,gelecek
10565,2960,gönüllü olacaksınız,future,siz,gelecek
10566,2960,gönüllü olacaklar,future,onlar,gelecek
10567,2961,ünlü oluyorum,present,ben,şimdi
10568,2961,ünlü oluyorsun,present,sen,şimdi
10569,2961,ünlü oluyor,present,o,şimdi
10570,2961,ünlü oluyoruz,present,biz,şimdi
10571,2961,ünlü oluyorsunuz,present,siz,şimdi
10572,2961,ünlü oluyorlar,present,onlar,şimdi
10573,2961,ünlü oldum,past,ben,di
10574,2961,ünlü oldun,past,sen,di
10575,2961,ünlü oldu,past,o,di
10576,2961,ünlü olduk,past,biz,di
10577,2961,ünlü oldunuz,past,siz,di
10578,2961,ünlü oldular,past,onlar,di
10579,2961,ünlü olacağım,future,ben,gelecek
10580,2961,ünlü olacaksın,future,sen,gelecek
10581,2961,ünlü olacak,future,o,gelecek
10582,2961,ünlü olacağız,future,biz,gelecek
10583,2961,ünlü olacaksınız,future,siz,gelecek
10584,2961,ünlü olacaklar,future,onlar,gelecek
10585,2962,vazgeçiyorum,present,ben,şimdi
10586,2962,vazgeçiyorsun,present,sen,şimdi
10587,2962,vazgeçiyor,present,o,şimdi
10588,2962,vazgeçiyoruz,present,biz,şimdi
10589,2962,vazgeçiyorsunuz,present,siz,şimdi
10590,2962,vazgeçiyorlar,present,onlar,şimdi
10591,2962,vazgeçtim,past,ben,di
10592,2962,vazgeçtin,past,sen,di
10593,2962,vazgeçti,past,o,di
10594,2962,vazgeçtik,past,biz,di
10595,2962,vazgeçtiniz,past,siz,di
10596,2962,vazgeçtiler,past,onlar,di
10597,2962,vazgeçeceğim,future,ben,gelecek
10598,2962,vazgeçeceksin,future,sen,gelecek
10599,2962,vazgeçecek,future,o,gelecek
10600,2962,vazgeçeceğiz,future,biz,gelecek
10601,2962,vazgeçeceksiniz,future,siz,gelecek
10602,2962,vazgeçecekler,future,onlar,gelecek
10603,2963,yerleşiyorum,present,ben,şimdi
10604,2963,yerleşiyorsun,present,sen,şimdi
10605,2963,yerleşiyor,present,o,şimdi
10606,2963,yerleşiyoruz,present,biz,şimdi
10607,2963,yerleşiyorsunuz,present,siz,şimdi
10608,2963,yerleşiyorlar,present,onlar,şimdi
10609,2963,yerleştim,past,ben,di
10610,2963,yerleştin,past,sen,di
10611,2963,yerleşti,past,o,di
10612,2963,yerleştik,past,biz,di
10613,2963,yerleştiniz,past,siz,di
10614,2963,yerleştiler,past,onlar,di
10615,2963,yerleşeceğim,future,ben,gelecek
10616,2963,yerleşeceksin,future,sen,gelecek
10617,2963,yerleşecek,future,o,gelecek
10618,2963,yerleşeceğiz,future,biz,gelecek
10619,2963,yerleşeceksiniz,future,siz,gelecek
10620,2963,yerleşecekler,future,onlar,gelecek
10621,2965,traş oluyorum,present,ben,şimdi
10622,2965,traş oluyorsun,present,sen,şimdi
10623,2965,traş oluyor,present,o,şimdi
10624,2965,traş oluyoruz,present,biz,şimdi
10625,2965,traş oluyorsunuz,present,siz,şimdi
10626,2965,traş oluyorlar,present,onlar,şimdi
10627,2965,traş oldum,past,ben,di
10628,2965,traş oldun,past,sen,di
10629,2965,traş oldu,past,o,di
10630,2965,traş olduk,past,biz,di
10631,2965,traş oldunuz,past,siz,di
10632,2965,traş oldular,past,onlar,di
10633,2965,traş olacağım,future,ben,gelecek
10634,2965,traş olacaksın,future,sen,gelecek
10635,2965,traş olacak,future,o,gelecek
10636,2965,traş olacağız,future,biz,gelecek
10637,2965,traş olacaksınız,future,siz,gelecek
10638,2965,traş olacaklar,future,onlar,gelecek
10639,2980,şans veriyorum,present,ben,şimdi
10640,2980,şans veriyorsun,present,sen,şimdi
10641,2980,şans veriyor,present,o,şimdi
10642,2980,şans veriyoruz,present,biz,şimdi
10643,2980,şans veriyorsunuz,present,siz,şimdi
10644,2980,şans veriyorlar,present,onlar,şimdi
10645,2980,şans verdim,past,ben,di
10646,2980,şans verdin,past,sen,di
10647,2980,şans verdi,past,o,di
10648,2980,şans verdik,past,biz,di
10649,2980,şans verdiniz,past,siz,di
10650,2980,şans verdiler,past,onlar,di
10651,2980,şans vereceğim,future,ben,gelecek
10652,2980,şans vereceksin,future,sen,gelecek
10653,2980,şans verecek,future,o,gelecek
10654,2980,şans vereceğiz,future,biz,gelecek
10655,2980,şans vereceksiniz,future,siz,gelecek
10656,2980,şans verecekler,future,onlar,gelecek
10657,2981,yetiniyorum,present,ben,şimdi
10658,2981,yetiniyorsun,present,sen,şimdi
10659,2981,yetiniyor,present,o,şimdi
10660,2981,yetiniyoruz,present,biz,şimdi
10661,2981,yetiniyorsunuz,present,siz,şimdi
10662,2981,yetiniyorlar,present,onlar,şimdi
10663,2981,yetindim,past,ben,di
10664,2981,yetindin,past,sen,di
10665,2981,yetindi,past,o,di
10666,2981,yetindik,past,biz,di
10667,2981,yetindiniz,past,siz,di
10668,2981,yetindiler,past,onlar,di
10669,2981,yetineceğim,future,ben,gelecek
10670,2981,yetineceksin,future,sen,gelecek
10671,2981,yetinecek,future,o,gelecek
10672,2981,yetineceğiz,future,biz,gelecek
10673,2981,yetineceksiniz,future,siz,gelecek
10674,2981,yetinecekler,future,onlar,gelecek
10675,3035,acıyorum,present,ben,şimdi
10676,3035,acıyorsun,present,sen,şimdi
10677,3035,acıyor,present,o,şimdi
10678,3035,acıyoruz,present,biz,şimdi
10679,3035,acıyorsunuz,present,siz,şimdi
10680,3035,acıyorlar,present,onlar,şimdi
10681,3035,acıdım,past,ben,di
10682,3035,acıdın,past,sen,di
10683,3035,acıdı,past,o,di
10684,3035,acıdık,past,biz,di
10685,3035,acıdınız,past,siz,di
10686,3035,acıdılar,past,onlar,di
10687,3035,acıyacağım,future,ben,gelecek
10688,3035,acıyacaksın,future,sen,gelecek
10689,3035,acıyacak,future,o,gelecek
10690,3035,acıyacağız,future,biz,gelecek
10691,3035,acıyacaksınız,future,siz,gelecek
10692,3035,acıyacaklar,future,onlar,gelecek
10693,3036,akıyorum,present,ben,şimdi
10694,3036,akıyorsun,present,sen,şimdi
10695,3036,akıyor,present,o,şimdi
10696,3036,akıyoruz,present,biz,şimdi
10697,3036,akıyorsunuz,present,siz,şimdi
10698,3036,akıyorlar,present,onlar,şimdi
10699,3036,aktım,past,ben,di
10700,3036,aktın,past,sen,di
10701,3036,aktı,past,o,di
10702,3036,aktık,past,biz,di
10703,3036,aktınız,past,siz,di
10704,3036,aktılar,past,onlar,di
10705,3036,akacağım,future,ben,gelecek
10706,3036,akacaksın,future,sen,gelecek
10707,3036,akacak,future,o,gelecek
10708,3036,akacağız,future,biz,gelecek
10709,3036,akacaksınız,future,siz,gelecek
10710,3036,akacaklar,future,onlar,gelecek
10711,3037,bozuyorum,present,ben,şimdi
10712,3037,bozuyorsun,present,sen,şimdi
10713,3037,bozuyor,present,o,şimdi
10714,3037,bozuyoruz,present,biz,şimdi
10715,3037,bozuyorsunuz,present,siz,şimdi
10716,3037,bozuyorlar,present,onlar,şimdi
10717,3037,bozdum,past,ben,di
10718,3037,bozdun,past,sen,di
10719,3037,bozdu,past,o,di
10720,3037,bozduk,past,biz,di
10721,3037,bozdunuz,past,siz,di
10722,3037,bozdular,past,onlar,di
10723,3037,bozacağım,future,ben,gelecek
10724,3037,bozacaksın,future,sen,gelecek
10725,3037,bozacak,future,o,gelecek
10726,3037,bozacağız,future,biz,gelecek
10727,3037,bozacaksınız,future,siz,gelecek
10728,3037,bozacaklar,future,onlar,gelecek
10729,3038,bulaşıyorum,present,ben,şimdi
10730,3038,bulaşıyorsun,present,sen,şimdi
10731,3038,bulaşıyor,present,o,şimdi
10732,3038,bulaşıyoruz,present,biz,şimdi
10733,3038,bulaşıyorsunuz,present,siz,şimdi
10734,3038,bulaşıyorlar,present,onlar,şimdi
10735,3038,bulaştım,past,ben,di
10736,3038,bulaştın,past,sen,di
10737,3038,bulaştı,past,o,di
10738,3038,bulaştık,past,biz,di
10739,3038,bulaştınız,past,siz,di
10740,3038,bulaştılar,past,onlar,di
10741,3038,bulaşacağım,future,ben,gelecek
10742,3038,bulaşacaksın,future,sen,gelecek
10743,3038,bulaşacak,future,o,gelecek
10744,3038,bulaşacağız,future,biz,gelecek
10745,3038,bulaşacaksınız,future,siz,gelecek
10746,3038,bulaşacaklar,future,onlar,gelecek
10747,3039,çoğalıyorum,present,ben,şimdi
10748,3039,çoğalıyorsun,present,sen,şimdi
10749,3039,çoğalıyor,present,o,şimdi
10750,3039,çoğalıyoruz,present,biz,şimdi
10751,3039,çoğalıyorsunuz,present,siz,şimdi
10752,3039,çoğalıyorlar,present,onlar,şimdi
10753,3039,çoğaldım,past,ben,di
10754,3039,çoğaldın,past,sen,di
10755,3039,çoğaldı,past,o,di
10756,3039,çoğaldık,past,biz,di
10757,3039,çoğaldınız,past,siz,di
10758,3039,çoğaldılar,past,onlar,di
10759,3039,çoğalacağım,future,ben,gelecek
10760,3039,çoğalacaksın,future,sen,gelecek
10761,3039,çoğalacak,future,o,gelecek
10762,3039,çoğalacağız,future,biz,gelecek
10763,3039,çoğalacaksınız,future,siz,gelecek
10764,3039,çoğalacaklar,future,onlar,gelecek
10765,3040,kusuyorum,present,ben,şimdi
10766,3040,kusuyorsun,present,sen,şimdi
10767,3040,kusuyor,present,o,şimdi
10768,3040,kusuyoruz,present,biz,şimdi
10769,3040,kusuyorsunuz,present,siz,şimdi
10770,3040,kusuyorlar,present,onlar,şimdi
10771,3040,kustum,past,ben,di
10772,3040,kustun,past,sen,di
10773,3040,kustu,past,o,di
10774,3040,kustuk,past,biz,di
10775,3040,kustunuz,past,siz,di
10776,3040,kustular,past,onlar,di
10777,3040,kusacağım,future,ben,gelecek
10778,3040,kusacaksın,future,sen,gelecek
10779,3040,kusacak,future,o,gelecek
10780,3040,kusacağız,future,biz,gelecek
10781,3040,kusacaksınız,future,siz,gelecek
10782,3040,kusacaklar,future,onlar,gelecek
10783,3041,ölçüyorum,present,ben,şimdi
10784,3041,ölçüyorsun,present,sen,şimdi
10785,3041,ölçüyor,present,o,şimdi
10786,3041,ölçüyoruz,present,biz,şimdi
10787,3041,ölçüyorsunuz,present,siz,şimdi
10788,3041,ölçüyorlar,present,onlar,şimdi
10789,3041,ölçtüm,past,ben,di
10790,3041,ölçtün,past,sen,di
10791,3041,ölçtü,past,o,di
10792,3041,ölçtük,past,biz,di
10793,3041,ölçtünüz,past,siz,di
10794,3041,ölçtüler,past,onlar,di
10795,3041,ölçeceğim,future,ben,gelecek
10796,3041,ölçeceksin,future,sen,gelecek
10797,3041,ölçecek,future,o,gelecek
10798,3041,ölçeceğiz,future,biz,gelecek
10799,3041,ölçeceksiniz,future,siz,gelecek
10800,3041,ölçecekler,future,onlar,gelecek
10801,3042,şişiyorum,present,ben,şimdi
10802,3042,şişiyorsun,present,sen,şimdi
10803,3042,şişiyor,present,o,şimdi
10804,3042,şişiyoruz,present,biz,şimdi
10805,3042,şişiyorsunuz,present,siz,şimdi
10806,3042,şişiyorlar,present,onlar,şimdi
10807,3042,şiştim,past,ben,di
10808,3042,şiştin,past,sen,di
10809,3042,şişti,past,o,di
10810,3042,şiştik,past,biz,di
10811,3042,şiştiniz,past,siz,di
10812,3042,şiştiler,past,onlar,di
10813,3042,şişeceğim,future,ben,gelecek
10814,3042,şişeceksin,future,sen,gelecek
10815,3042,şişecek,future,o,gelecek
10816,3042,şişeceğiz,future,biz,gelecek
10817,3042,şişeceksiniz,future,siz,gelecek
10818,3042,şişecekler,future,onlar,gelecek
10819,3043,temas kuruyorum,present,ben,şimdi
10820,3043,temas kuruyorsun,present,sen,şimdi
10821,3043,temas kuruyor,present,o,şimdi
10822,3043,temas kuruyoruz,present,biz,şimdi
10823,3043,temas kuruyorsunuz,present,siz,şimdi
10824,3043,temas kuruyorlar,present,onlar,şimdi
10825,3043,temas kurdum,past,ben,di
10826,3043,temas kurdun,past,sen,di
10827,3043,temas kurdu,past,o,di
10828,3043,temas kurduk,past,biz,di
10829,3043,temas kurdunuz,past,siz,di
10830,3043,temas kurdular,past,onlar,di
10831,3043,temas kuracağım,future,ben,gelecek
10832,3043,temas kuracaksın,future,sen,gelecek
10833,3043,temas kuracak,future,o,gelecek
10834,3043,temas kuracağız,future,biz,gelecek
10835,3043,temas kuracaksınız,future,siz,gelecek
10836,3043,temas kuracaklar,future,onlar,gelecek
10837,3044,terliyorum,present,ben,şimdi
10838,3044,terliyorsun,present,sen,şimdi
10839,3044,terliyor,present,o,şimdi
10840,3044,terliyoruz,present,biz,şimdi
10841,3044,terliyorsunuz,present,siz,şimdi
10842,3044,terliyorlar,present,onlar,şimdi
10843,3044,terledim,past,ben,di
10844,3044,terledin,past,sen,di
10845,3044,terledi,past,o,di
10846,3044,terledik,past,biz,di
10847,3044,terlediniz,past,siz,di
10848,3044,terlediler,past,onlar,di
10849,3044,terleyeceğim,future,ben,gelecek
10850,3044,terleyeceksin,future,sen,gelecek
10851,3044,terleyecek,future,o,gelecek
10852,3044,terleyeceğiz,future,biz,gelecek
10853,3044,terleyeceksiniz,future,siz,gelecek
10854,3044,terleyecekler,future,onlar,gelecek
10855,3045,titriyorum,present,ben,şimdi
10856,3045,titriyorsun,present,sen,şimdi
10857,3045,titriyor,present,o,şimdi
10858,3045,titriyoruz,present,biz,şimdi
10859,3045,titriyorsunuz,present,siz,şimdi
10860,3045,titriyorlar,present,onlar,şimdi
10861,3045,titredim,past,ben,di
10862,3045,titredin,past,sen,di
10863,3045,titredi,past,o,di
10864,3045,titredik,past,biz,di
10865,3045,titrediniz,past,siz,di
10866,3045,titrediler,past,onlar,di
10867,3045,titreyeceğim,future,ben,gelecek
10868,3045,titreyeceksin,future,sen,gelecek
10869,3045,titreyecek,future,o,gelecek
10870,3045,titreyeceğiz,future,biz,gelecek
10871,3045,titreyeceksiniz,future,siz,gelecek
10872,3045,titreyecekler,future,onlar,gelecek
10873,3046,yaralanıyorum,present,ben,şimdi
10874,3046,yaralanıyorsun,present,sen,şimdi
10875,3046,yaralanıyor,present,o,şimdi
10876,3046,yaralanıyoruz,present,biz,şimdi
10877,3046,yaralanıyorsunuz,present,siz,şimdi
10878,3046,yaralanıyorlar,present,onlar,şimdi
10879,3046,yaralandım,past,ben,di
10880,3046,yaralandın,past,sen,di
10881,3046,yaralandı,past,o,di
10882,3046,yaralandık,past,biz,di
10883,3046,yaralandınız,past,siz,di
10884,3046,yaralandılar,past,onlar,di
10885,3046,yaralanacağım,future,ben,gelecek
10886,3046,yaralanacaksın,future,sen,gelecek
10887,3046,yaralanacak,future,o,gelecek
10888,3046,yaralanacağız,future,biz,gelecek
10889,3046,yaralanacaksınız,future,siz,gelecek
10890,3046,yaralanacaklar,future,onlar,gelecek
10891,3047,yayılıyorum,present,ben,şimdi
10892,3047,yayılıyorsun,present,sen,şimdi
10893,3047,yayılıyor,present,o,şimdi
10894,3047,yayılıyoruz,present,biz,şimdi
10895,3047,yayılıyorsunuz,present,siz,şimdi
10896,3047,yayılıyorlar,present,onlar,şimdi
10897,3047,yayıldım,past,ben,di
10898,3047,yayıldın,past,sen,di
10899,3047,yayıldı,past,o,di
10900,3047,yayıldık,past,biz,di
10901,3047,yayıldınız,past,siz,di
10902,3047,yayıldılar,past,onlar,di
10903,3047,yayılacağım,future,ben,gelecek
10904,3047,yayılacaksın,future,sen,gelecek
10905,3047,yayılacak,future,o,gelecek
10906,3047,yayılacağız,future,biz,gelecek
10907,3047,yayılacaksınız,future,siz,gelecek
10908,3047,yayılacaklar,future,onlar,gelecek
10909,3118,af çıkıyorum,present,ben,şimdi
10910,3118,af çıkıyorsun,present,sen,şimdi
10911,3118,af çıkıyor,present,o,şimdi
10912,3118,af çıkıyoruz,present,biz,şimdi
10913,3118,af çıkıyorsunuz,present,siz,şimdi
10914,3118,af çıkıyorlar,present,onlar,şimdi
10915,3118,af çıktım,past,ben,di
10916,3118,af çıktın,past,sen,di
10917,3118,af çıktı,past,o,di
10918,3118,af çıktık,past,biz,di
10919,3118,af çıktınız,past,siz,di
10920,3118,af çıktılar,past,onlar,di
10921,3118,af çıkacağım,future,ben,gelecek
10922,3118,af çıkacaksın,future,sen,gelecek
10923,3118,af çıkacak,future,o,gelecek
10924,3118,af çıkacağız,future,biz,gelecek
10925,3118,af çıkacaksınız,future,siz,gelecek
10926,3118,af çıkacaklar,future,onlar,gelecek
10927,3119,aksatıyorum,present,ben,şimdi
10928,3119,aksatıyorsun,present,sen,şimdi
10929,3119,aksatıyor,present,o,şimdi
10930,3119,aksatıyoruz,present,biz,şimdi
10931,3119,aksatıyorsunuz,present,siz,şimdi
10932,3119,aksatıyorlar,present,onlar,şimdi
10933,3119,aksattım,past,ben,di
10934,3119,aksattın,past,sen,di
10935,3119,aksattı,past,o,di
10936,3119,aksattık,past,biz,di
10937,3119,aksattınız,past,siz,di
10938,3119,aksattılar,past,onlar,di
10939,3119,aksatacağım,future,ben,gelecek
10940,3119,aksatacaksın,future,sen,gelecek
10941,3119,aksatacak,future,o,gelecek
10942,3119,aksatacağız,future,biz,gelecek
10943,3119,aksatacaksınız,future,siz,gelecek
10944,3119,aksatacaklar,future,onlar,gelecek
10945,3120,analiz ediyorum,present,ben,şimdi
10946,3120,analiz ediyorsun,present,sen,şimdi
10947,3120,analiz ediyor,present,o,şimdi
10948,3120,analiz ediyoruz,present,biz,şimdi
10949,3120,analiz ediyorsunuz,present,siz,şimdi
10950,3120,analiz ediyorlar,present,onlar,şimdi
10951,3120,analiz ettim,past,ben,di
10952,3120,analiz ettin,past,sen,di
10953,3120,analiz etti,past,o,di
10954,3120,analiz ettik,past,biz,di
10955,3120,analiz ettiniz,past,siz,di
10956,3120,analiz ettiler,past,onlar,di
10957,3120,analiz eteceğim,future,ben,gelecek
10958,3120,analiz eteceksin,future,sen,gelecek
10959,3120,analiz etecek,future,o,gelecek
10960,3120,analiz eteceğiz,future,biz,gelecek
10961,3120,analiz eteceksiniz,future,siz,gelecek
10962,3120,analiz etecekler,future,onlar,gelecek
10963,3121,beste yapıyorum,present,ben,şimdi
10964,3121,beste yapıyorsun,present,sen,şimdi
10965,3121,beste yapıyor,present,o,şimdi
10966,3121,beste yapıyoruz,present,biz,şimdi
10967,3121,beste yapıyorsunuz,present,siz,şimdi
10968,3121,beste yapıyorlar,present,onlar,şimdi
10969,3121,beste yaptım,past,ben,di
10970,3121,beste yaptın,past,sen,di
10971,3121,beste yaptı,past,o,di
10972,3121,beste yaptık,past,biz,di
10973,3121,beste yaptınız,past,siz,di
10974,3121,beste yaptılar,past,onlar,di
10975,3121,beste yapacağım,future,ben,gelecek
10976,3121,beste yapacaksın,future,sen,gelecek
10977,3121,beste yapacak,future,o,gelecek
10978,3121,beste yapacağız,future,biz,gelecek
10979,3121,beste yapacaksınız,future,siz,gelecek
10980,3121,beste yapacaklar,future,onlar,gelecek
10981,3122,burs alıyorum,present,ben,şimdi
10982,3122,burs alıyorsun,present,sen,şimdi
10983,3122,burs alıyor,present,o,şimdi
10984,3122,burs alıyoruz,present,biz,şimdi
10985,3122,burs alıyorsunuz,present,siz,şimdi
10986,3122,burs alıyorlar,present,onlar,şimdi
10987,3122,burs aldım,past,ben,di
10988,3122,burs aldın,past,sen,di
10989,3122,burs aldı,past,o,di
10990,3122,burs aldık,past,biz,di
10991,3122,burs aldınız,past,siz,di
10992,3122,burs aldılar,past,onlar,di
10993,3122,burs alacağım,future,ben,gelecek
10994,3122,burs alacaksın,future,sen,gelecek
10995,3122,burs alacak,future,o,gelecek
10996,3122,burs alacağız,future,biz,gelecek
10997,3122,burs alacaksınız,future,siz,gelecek
10998,3122,burs alacaklar,future,onlar,gelecek
10999,3123,çocuk büyütüyorum,present,ben,şimdi
11000,3123,çocuk büyütüyorsun,present,sen,şimdi
11001,3123,çocuk büyütüyor,present,o,şimdi
11002,3123,çocuk büyütüyoruz,present,biz,şimdi
11003,3123,çocuk büyütüyorsunuz,present,siz,şimdi
11004,3123,çocuk büyütüyorlar,present,onlar,şimdi
11005,3123,çocuk büyüttüm,past,ben,di
11006,3123,çocuk büyüttün,past,sen,di
11007,3123,çocuk büyüttü,past,o,di
11008,3123,çocuk büyüttük,past,biz,di
11009,3123,çocuk büyüttünüz,past,siz,di
11010,3123,çocuk büyüttüler,past,onlar,di
11011,3123,çocuk büyüteceğim,future,ben,gelecek
11012,3123,çocuk büyüteceksin,future,sen,gelecek
11013,3123,çocuk büyütecek,future,o,gelecek
11014,3123,çocuk büyüteceğiz,future,biz,gelecek
11015,3123,çocuk büyüteceksiniz,future,siz,gelecek
11016,3123,çocuk büyütecekler,future,onlar,gelecek
11017,3124,güçlendiriyorum,present,ben,şimdi
11018,3124,güçlendiriyorsun,present,sen,şimdi
11019,3124,güçlendiriyor,present,o,şimdi
11020,3124,güçlendiriyoruz,present,biz,şimdi
11021,3124,güçlendiriyorsunuz,present,siz,şimdi
11022,3124,güçlendiriyorlar,present,onlar,şimdi
11023,3124,güçlendirdim,past,ben,di
11024,3124,güçlendirdin,past,sen,di
11025,3124,güçlendirdi,past,o,di
11026,3124,güçlendirdik,past,biz,di
11027,3124,güçlendirdiniz,past,siz,di
11028,3124,güçlendirdiler,past,onlar,di
11029,3124,güçlendireceğim,future,ben,gelecek
11030,3124,güçlendireceksin,future,sen,gelecek
11031,3124,güçlendirecek,future,o,gelecek
11032,3124,güçlendireceğiz,future,biz,gelecek
11033,3124,güçlendireceksiniz,future,siz,gelecek
11034,3124,güçlendirecekler,future,onlar,gelecek
11035,3125,hafızaya kaydetiyorum,present,ben,şimdi
11036,3125,hafızaya kaydetiyorsun,present,sen,şimdi
11037,3125,hafızaya kaydetiyor,present,o,şimdi
11038,3125,hafızaya kaydetiyoruz,present,biz,şimdi
11039,3125,hafızaya kaydetiyorsunuz,present,siz,şimdi
11040,3125,hafızaya kaydetiyorlar,present,onlar,şimdi
11041,3125,hafızaya kaydettim,past,ben,di
11042,3125,hafızaya kaydettin,past,sen,di
11043,3125,hafızaya kaydetti,past,o,di
11044,3125,hafızaya kaydettik,past,biz,di
11045,3125,hafızaya kaydettiniz,past,siz,di
11046,3125,hafızaya kaydettiler,past,onlar,di
11047,3125,hafızaya kaydeteceğim,future,ben,gelecek
11048,3125,hafızaya kaydeteceksin,future,sen,gelecek
11049,3125,hafızaya kaydetecek,future,o,gelecek
11050,3125,hafızaya kaydeteceğiz,future,biz,gelecek
11051,3125,hafızaya kaydeteceksiniz,future,siz,gelecek
11052,3125,hafızaya kaydetecekler,future,onlar,gelecek
11053,3126,hedefe ulaşıyorum,present,ben,şimdi
11054,3126,hedefe ulaşıyorsun,present,sen,şimdi
11055,3126,hedefe ulaşıyor,present,o,şimdi
11056,3126,hedefe ulaşıyoruz,present,biz,şimdi
11057,3126,hedefe ulaşıyorsunuz,present,siz,şimdi
11058,3126,hedefe ulaşıyorlar,present,onlar,şimdi
11059,3126,hedefe ulaştım,past,ben,di
11060,3126,hedefe ulaştın,past,sen,di
11061,3126,hedefe ulaştı,past,o,di
11062,3126,hedefe ulaştık,past,biz,di
11063,3126,hedefe ulaştınız,past,siz,di
11064,3126,hedefe ulaştılar,past,onlar,di
11065,3126,hedefe ulaşacağım,future,ben,gelecek
11066,3126,hedefe ulaşacaksın,future,sen,gelecek
11067,3126,hedefe ulaşacak,future,o,gelecek
11068,3126,hedefe ulaşacağız,future,biz,gelecek
11069,3126,hedefe ulaşacaksınız,future,siz,gelecek
11070,3126,hedefe ulaşacaklar,future,onlar,gelecek
11071,3127,kaydetiyorum,present,ben,şimdi
11072,3127,kaydetiyorsun,present,sen,şimdi
11073,3127,kaydetiyor,present,o,şimdi
11074,3127,kaydetiyoruz,present,biz,şimdi
11075,3127,kaydetiyorsunuz,present,siz,şimdi
11076,3127,kaydetiyorlar,present,onlar,şimdi
11077,3127,kaydettim,past,ben,di
11078,3127,kaydettin,past,sen,di
11079,3127,kaydetti,past,o,di
11080,3127,kaydettik,past,biz,di
11081,3127,kaydettiniz,past,siz,di
11082,3127,kaydettiler,past,onlar,di
11083,3127,kaydeteceğim,future,ben,gelecek
11084,3127,kaydeteceksin,future,sen,gelecek
11085,3127,kaydetecek,future,o,gelecek
11086,3127,kaydeteceğiz,future,biz,gelecek
11087,3127,kaydeteceksiniz,future,siz,gelecek
11088,3127,kaydetecekler,future,onlar,gelecek
11089,3128,ödül veriyorum,present,ben,şimdi
11090,3128,ödül veriyorsun,present,sen,şimdi
11091,3128,ödül veriyor,present,o,şimdi
11092,3128,ödül veriyoruz,present,biz,şimdi
11093,3128,ödül veriyorsunuz,present,siz,şimdi
11094,3128,ödül veriyorlar,present,onlar,şimdi
11095,3128,ödül verdim,past,ben,di
11096,3128,ödül verdin,past,sen,di
11097,3128,ödül verdi,past,o,di
11098,3128,ödül verdik,past,biz,di
11099,3128,ödül verdiniz,past,siz,di
11100,3128,ödül verdiler,past,onlar,di
11101,3128,ödül vereceğim,future,ben,gelecek
11102,3128,ödül vereceksin,future,sen,gelecek
11103,3128,ödül verecek,future,o,gelecek
11104,3128,ödül vereceğiz,future,biz,gelecek
11105,3128,ödül vereceksiniz,future,siz,gelecek
11106,3128,ödül verecekler,future,onlar,gelecek
11107,3129,özgür düşünüyorum,present,ben,şimdi
11108,3129,özgür düşünüyorsun,present,sen,şimdi
11109,3129,özgür düşünüyor,present,o,şimdi
11110,3129,özgür düşünüyoruz,present,biz,şimdi
11111,3129,özgür düşünüyorsunuz,present,siz,şimdi
11112,3129,özgür düşünüyorlar,present,onlar,şimdi
11113,3129,özgür düşündüm,past,ben,di
11114,3129,özgür düşündün,past,sen,di
11115,3129,özgür düşündü,past,o,di
11116,3129,özgür düşündük,past,biz,di
11117,3129,özgür düşündünüz,past,siz,di
11118,3129,özgür düşündüler,past,onlar,di
11119,3129,özgür düşüneceğim,future,ben,gelecek
11120,3129,özgür düşüneceksin,future,sen,gelecek
11121,3129,özgür düşünecek,future,o,gelecek
11122,3129,özgür düşüneceğiz,future,biz,gelecek
11123,3129,özgür düşüneceksiniz,future,siz,gelecek
11124,3129,özgür düşünecekler,future,onlar,gelecek
11125,3130,ritim tutuyorum,present,ben,şimdi
11126,3130,ritim tutuyorsun,present,sen,şimdi
11127,3130,ritim tutuyor,present,o,şimdi
11128,3130,ritim tutuyoruz,present,biz,şimdi
11129,3130,ritim tutuyorsunuz,present,siz,şimdi
11130,3130,ritim tutuyorlar,present,onlar,şimdi
11131,3130,ritim tuttum,past,ben,di
11132,3130,ritim tuttun,past,sen,di
11133,3130,ritim tuttu,past,o,di
11134,3130,ritim tuttuk,past,biz,di
11135,3130,ritim tuttunuz,past,siz,di
11136,3130,ritim tuttular,past,onlar,di
11137,3130,ritim tutacağım,future,ben,gelecek
11138,3130,ritim tutacaksın,future,sen,gelecek
11139,3130,ritim tutacak,future,o,gelecek
11140,3130,ritim tutacağız,future,biz,gelecek
11141,3130,ritim tutacaksınız,future,siz,gelecek
11142,3130,ritim tutacaklar,future,onlar,gelecek
11143,3131,sonuç veriyorum,present,ben,şimdi
11144,3131,sonuç veriyorsun,present,sen,şimdi
11145,3131,sonuç veriyor,present,o,şimdi
11146,3131,sonuç veriyoruz,present,biz,şimdi
11147,3131,sonuç veriyorsunuz,present,siz,şimdi
11148,3131,sonuç veriyorlar,present,onlar,şimdi
11149,3131,sonuç verdim,past,ben,di
11150,3131,sonuç verdin,past,sen,di
11151,3131,sonuç verdi,past,o,di
11152,3131,sonuç verdik,past,biz,di
11153,3131,sonuç verdiniz,past,siz,di
11154,3131,sonuç verdiler,past,onlar,di
11155,3131,sonuç vereceğim,future,ben,gelecek
11156,3131,sonuç vereceksin,future,sen,gelecek
11157,3131,sonuç verecek,future,o,gelecek
11158,3131,sonuç vereceğiz,future,biz,gelecek
11159,3131,sonuç vereceksiniz,future,siz,gelecek
11160,3131,sonuç verecekler,future,onlar,gelecek
11161,3132,uygulıyorum,present,ben,şimdi
11162,3132,uygulıyorsun,present,sen,şimdi
11163,3132,uygulıyor,present,o,şimdi
11164,3132,uygulıyoruz,present,biz,şimdi
11165,3132,uygulıyorsunuz,present,siz,şimdi
11166,3132,uygulıyorlar,present,onlar,şimdi
11167,3132,uyguladım,past,ben,di
11168,3132,uyguladın,past,sen,di
11169,3132,uyguladı,past,o,di
11170,3132,uyguladık,past,biz,di
11171,3132,uyguladınız,past,siz,di
11172,3132,uyguladılar,past,onlar,di
11173,3132,uygulayacağım,future,ben,gelecek
11174,3132,uygulayacaksın,future,sen,gelecek
11175,3132,uygulayacak,future,o,gelecek
11176,3132,uygulayacağız,future,biz,gelecek
11177,3132,uygulayacaksınız,future,siz,gelecek
11178,3132,uygulayacaklar,future,onlar,gelecek
11179,3133,zorlanıyorum,present,ben,şimdi
11180,3133,zorlanıyorsun,present,sen,şimdi
11181,3133,zorlanıyor,present,o,şimdi
11182,3133,zorlanıyoruz,present,biz,şimdi
11183,3133,zorlanıyorsunuz,present,siz,şimdi
11184,3133,zorlanıyorlar,present,onlar,şimdi
11185,3133,zorlandım,past,ben,di
11186,3133,zorlandın,past,sen,di
11187,3133,zorlandı,past,o,di
11188,3133,zorlandık,past,biz,di
11189,3133,zorlandınız,past,siz,di
11190,3133,zorlandılar,past,onlar,di
11191,3133,zorlanacağım,future,ben,gelecek
11192,3133,zorlanacaksın,future,sen,gelecek
11193,3133,zorlanacak,future,o,gelecek
11194,3133,zorlanacağız,future,biz,gelecek
11195,3133,zorlanacaksınız,future,siz,gelecek
11196,3133,zorlanacaklar,future,onlar,gelecek
11197,3159,araştırma yapıyorum,present,ben,şimdi
11198,3159,araştırma yapıyorsun,present,sen,şimdi
11199,3159,araştırma yapıyor,present,o,şimdi
11200,3159,araştırma yapıyoruz,present,biz,şimdi
11201,3159,araştırma yapıyorsunuz,present,siz,şimdi
11202,3159,araştırma yapıyorlar,present,onlar,şimdi
11203,3159,araştırma yaptım,past,ben,di
11204,3159,araştırma yaptın,past,sen,di
11205,3159,araştırma yaptı,past,o,di
11206,3159,araştırma yaptık,past,biz,di
11207,3159,araştırma yaptınız,past,siz,di
11208,3159,araştırma yaptılar,past,onlar,di
11209,3159,araştırma yapacağım,future,ben,gelecek
11210,3159,araştırma yapacaksın,future,sen,gelecek
11211,3159,araştırma yapacak,future,o,gelecek
11212,3159,araştırma yapacağız,future,biz,gelecek
11213,3159,araştırma yapacaksınız,future,siz,gelecek
11214,3159,araştırma yapacaklar,future,onlar,gelecek
11215,3160,dilek tutuyorum,present,ben,şimdi
11216,3160,dilek tutuyorsun,present,sen,şimdi
11217,3160,dilek tutuyor,present,o,şimdi
11218,3160,dilek tutuyoruz,present,biz,şimdi
11219,3160,dilek tutuyorsunuz,present,siz,şimdi
11220,3160,dilek tutuyorlar,present,onlar,şimdi
11221,3160,dilek tuttum,past,ben,di
11222,3160,dilek tuttun,past,sen,di
11223,3160,dilek tuttu,past,o,di
11224,3160,dilek tuttuk,past,biz,di
11225,3160,dilek tuttunuz,past,siz,di
11226,3160,dilek tuttular,past,onlar,di
11227,3160,dilek tutacağım,future,ben,gelecek
11228,3160,dilek tutacaksın,future,sen,gelecek
11229,3160,dilek tutacak,future,o,gelecek
11230,3160,dilek tutacağız,future,biz,gelecek
11231,3160,dilek tutacaksınız,future,siz,gelecek
11232,3160,dilek tutacaklar,future,onlar,gelecek
11233,3161,iade ediyorum,present,ben,şimdi
11234,3161,iade ediyorsun,present,sen,şimdi
11235,3161,iade ediyor,present,o,şimdi
11236,3161,iade ediyoruz,present,biz,şimdi
11237,3161,iade ediyorsunuz,present,siz,şimdi
11238,3161,iade ediyorlar,present,onlar,şimdi
11239,3161,iade ettim,past,ben,di
11240,3161,iade ettin,past,sen,di
11241,3161,iade etti,past,o,di
11242,3161,iade ettik,past,biz,di
11243,3161,iade ettiniz,past,siz,di
11244,3161,iade ettiler,past,onlar,di
11245,3161,iade eteceğim,future,ben,gelecek
11246,3161,iade eteceksin,future,sen,gelecek
11247,3161,iade etecek,future,o,gelecek
11248,3161,iade eteceğiz,future,biz,gelecek
11249,3161,iade eteceksiniz,future,siz,gelecek
11250,3161,iade etecekler,future,onlar,gelecek
11251,3162,ödünç veriyorum,present,ben,şimdi
11252,3162,ödünç veriyorsun,present,sen,şimdi
11253,3162,ödünç veriyor,present,o,şimdi
11254,3162,ödünç veriyoruz,present,biz,şimdi
11255,3162,ödünç veriyorsunuz,present,siz,şimdi
11256,3162,ödünç veriyorlar,present,onlar,şimdi
11257,3162,ödünç verdim,past,ben,di
11258,3162,ödünç verdin,past,sen,di
11259,3162,ödünç verdi,past,o,di
11260,3162,ödünç verdik,past,biz,di
11261,3162,ödünç verdiniz,past,siz,di
11262,3162,ödünç verdiler,past,onlar,di
11263,3162,ödünç vereceğim,future,ben,gelecek
11264,3162,ödünç vereceksin,future,sen,gelecek
11265,3162,ödünç verecek,future,o,gelecek
11266,3162,ödünç vereceğiz,future,biz,gelecek
11267,3162,ödünç vereceksiniz,future,siz,gelecek
11268,3162,ödünç verecekler,future,onlar,gelecek
11269,3163,öfkelendiriyorum,present,ben,şimdi
11270,3163,öfkelendiriyorsun,present,sen,şimdi
11271,3163,öfkelendiriyor,present,o,şimdi
11272,3163,öfkelendiriyoruz,present,biz,şimdi
11273,3163,öfkelendiriyorsunuz,present,siz,şimdi
11274,3163,öfkelendiriyorlar,present,onlar,şimdi
11275,3163,öfkelendirdim,past,ben,di
11276,3163,öfkelendirdin,past,sen,di
11277,3163,öfkelendirdi,past,o,di
11278,3163,öfkelendirdik,past,biz,di
11279,3163,öfkelendirdiniz,past,siz,di
11280,3163,öfkelendirdiler,past,onlar,di
11281,3163,öfkelendireceğim,future,ben,gelecek
11282,3163,öfkelendireceksin,future,sen,gelecek
11283,3163,öfkelendirecek,future,o,gelecek
11284,3163,öfkelendireceğiz,future,biz,gelecek
11285,3163,öfkelendireceksiniz,future,siz,gelecek
11286,3163,öfkelendirecekler,future,onlar,gelecek
11287,3164,sona eriyorum,present,ben,şimdi
11288,3164,sona eriyorsun,present,sen,şimdi
11289,3164,sona eriyor,present,o,şimdi
11290,3164,sona eriyoruz,present,biz,şimdi
11291,3164,sona eriyorsunuz,present,siz,şimdi
11292,3164,sona eriyorlar,present,onlar,şimdi
11293,3164,sona erdim,past,ben,di
11294,3164,sona erdin,past,sen,di
11295,3164,sona erdi,past,o,di
11296,3164,sona erdik,past,biz,di
11297,3164,sona erdiniz,past,siz,di
11298,3164,sona erdiler,past,onlar,di
11299,3164,sona ereceğim,future,ben,gelecek
11300,3164,sona ereceksin,future,sen,gelecek
11301,3164,sona erecek,future,o,gelecek
11302,3164,sona ereceğiz,future,biz,gelecek
11303,3164,sona ereceksiniz,future,siz,gelecek
11304,3164,sona erecekler,future,onlar,gelecek
11305,3165,şikâyet ediyorum,present,ben,şimdi
11306,3165,şikâyet ediyorsun,present,sen,şimdi
11307,3165,şikâyet ediyor,present,o,şimdi
11308,3165,şikâyet ediyoruz,present,biz,şimdi
11309,3165,şikâyet ediyorsunuz,present,siz,şimdi
11310,3165,şikâyet ediyorlar,present,onlar,şimdi
11311,3165,şikâyet ettim,past,ben,di
11312,3165,şikâyet ettin,past,sen,di
11313,3165,şikâyet etti,past,o,di
11314,3165,şikâyet ettik,past,biz,di
11315,3165,şikâyet ettiniz,past,siz,di
11316,3165,şikâyet ettiler,past,onlar,di
11317,3165,şikâyet eteceğim,future,ben,gelecek
11318,3165,şikâyet eteceksin,future,sen,gelecek
11319,3165,şikâyet etecek,future,o,gelecek
11320,3165,şikâyet eteceğiz,future,biz,gelecek
11321,3165,şikâyet eteceksiniz,future,siz,gelecek
11322,3165,şikâyet etecekler,future,onlar,gelecek
11323,3166,şişmanlıyorum,present,ben,şimdi
11324,3166,şişmanlıyorsun,present,sen,şimdi
11325,3166,şişmanlıyor,present,o,şimdi
11326,3166,şişmanlıyoruz,present,biz,şimdi
11327,3166,şişmanlıyorsunuz,present,siz,şimdi
11328,3166,şişmanlıyorlar,present,onlar,şimdi
11329,3166,şişmanladım,past,ben,di
11330,3166,şişmanladın,past,sen,di
11331,3166,şişmanladı,past,o,di
11332,3166,şişmanladık,past,biz,di
11333,3166,şişmanladınız,past,siz,di
11334,3166,şişmanladılar,past,onlar,di
11335,3166,şişmanlayacağım,future,ben,gelecek
11336,3166,şişmanlayacaksın,future,sen,gelecek
11337,3166,şişmanlayacak,future,o,gelecek
11338,3166,şişmanlayacağız,future,biz,gelecek
11339,3166,şişmanlayacaksınız,future,siz,gelecek
11340,3166,şişmanlayacaklar,future,onlar,gelecek
11341,3167,talep ediyorum,present,ben,şimdi
11342,3167,talep ediyorsun,present,sen,şimdi
11343,3167,talep ediyor,present,o,şimdi
11344,3167,talep ediyoruz,present,biz,şimdi
11345,3167,talep ediyorsunuz,present,siz,şimdi
11346,3167,talep ediyorlar,present,onlar,şimdi
11347,3167,talep ettim,past,ben,di
11348,3167,talep ettin,past,sen,di
11349,3167,talep etti,past,o,di
11350,3167,talep ettik,past,biz,di
11351,3167,talep ettiniz,past,siz,di
11352,3167,talep ettiler,past,onlar,di
11353,3167,talep eteceğim,future,ben,gelecek
11354,3167,talep eteceksin,future,sen,gelecek
11355,3167,talep etecek,future,o,gelecek
11356,3167,talep eteceğiz,future,biz,gelecek
11357,3167,talep eteceksiniz,future,siz,gelecek
11358,3167,talep etecekler,future,onlar,gelecek
11359,3205,doluyorum,present,ben,şimdi
11360,3205,doluyorsun,present,sen,şimdi
11361,3205,doluyor,present,o,şimdi
11362,3205,doluyoruz,present,biz,şimdi
11363,3205,doluyorsunuz,present,siz,şimdi
11364,3205,doluyorlar,present,onlar,şimdi
11365,3205,doldum,past,ben,di
11366,3205,doldun,past,sen,di
11367,3205,doldu,past,o,di
11368,3205,dolduk,past,biz,di
11369,3205,doldunuz,past,siz,di
11370,3205,doldular,past,onlar,di
11371,3205,dolacağım,future,ben,gelecek
11372,3205,dolacaksın,future,sen,gelecek
11373,3205,dolacak,future,o,gelecek
11374,3205,dolacağız,future,biz,gelecek
11375,3205,dolacaksınız,future,siz,gelecek
11376,3205,dolacaklar,future,onlar,gelecek
11377,3206,göç ediyorum,present,ben,şimdi
11378,3206,göç ediyorsun,present,sen,şimdi
11379,3206,göç ediyor,present,o,şimdi
11380,3206,göç ediyoruz,present,biz,şimdi
11381,3206,göç ediyorsunuz,present,siz,şimdi
11382,3206,göç ediyorlar,present,onlar,şimdi
11383,3206,göç ettim,past,ben,di
11384,3206,göç ettin,past,sen,di
11385,3206,göç etti,past,o,di
11386,3206,göç ettik,past,biz,di
11387,3206,göç ettiniz,past,siz,di
11388,3206,göç ettiler,past,onlar,di
11389,3206,göç eteceğim,future,ben,gelecek
11390,3206,göç eteceksin,future,sen,gelecek
11391,3206,göç etecek,future,o,gelecek
11392,3206,göç eteceğiz,future,biz,gelecek
11393,3206,göç eteceksiniz,future,siz,gelecek
11394,3206,göç etecekler,future,onlar,gelecek
11395,3207,kendine güveniyorum,present,ben,şimdi
11396,3207,kendine güveniyorsun,present,sen,şimdi
11397,3207,kendine güveniyor,present,o,şimdi
11398,3207,kendine güveniyoruz,present,biz,şimdi
11399,3207,kendine güveniyorsunuz,present,siz,şimdi
11400,3207,kendine güveniyorlar,present,onlar,şimdi
11401,3207,kendine güvendim,past,ben,di
11402,3207,kendine güvendin,past,sen,di
11403,3207,kendine güvendi,past,o,di
11404,3207,kendine güvendik,past,biz,di
11405,3207,kendine güvendiniz,past,siz,di
11406,3207,kendine güvendiler,past,onlar,di
11407,3207,kendine güveneceğim,future,ben,gelecek
11408,3207,kendine güveneceksin,future,sen,gelecek
11409,3207,kendine güvenecek,future,o,gelecek
11410,3207,kendine güveneceğiz,future,biz,gelecek
11411,3207,kendine güveneceksiniz,future,siz,gelecek
11412,3207,kendine güvenecekler,future,onlar,gelecek
11413,3208,otlıyorum,present,ben,şimdi
11414,3208,otlıyorsun,present,sen,şimdi
11415,3208,otlıyor,present,o,şimdi
11416,3208,otlıyoruz,present,biz,şimdi
11417,3208,otlıyorsunuz,present,siz,şimdi
11418,3208,otlıyorlar,present,onlar,şimdi
11419,3208,otladım,past,ben,di
11420,3208,otladın,past,sen,di
11421,3208,otladı,past,o,di
11422,3208,otladık,past,biz,di
11423,3208,otladınız,past,siz,di
11424,3208,otladılar,past,onlar,di
11425,3208,otlayacağım,future,ben,gelecek
11426,3208,otlayacaksın,future,sen,gelecek
11427,3208,otlayacak,future,o,gelecek
11428,3208,otlayacağız,future,biz,gelecek
11429,3208,otlayacaksınız,future,siz,gelecek
11430,3208,otlayacaklar,future,onlar,gelecek
11431,3209,otlatıyorum,present,ben,şimdi
11432,3209,otlatıyorsun,present,sen,şimdi
11433,3209,otlatıyor,present,o,şimdi
11434,3209,otlatıyoruz,present,biz,şimdi
11435,3209,otlatıyorsunuz,present,siz,şimdi
11436,3209,otlatıyorlar,present,onlar,şimdi
11437,3209,otlattım,past,ben,di
11438,3209,otlattın,past,sen,di
11439,3209,otlattı,past,o,di
11440,3209,otlattık,past,biz,di
11441,3209,otlattınız,past,siz,di
11442,3209,otlattılar,past,onlar,di
11443,3209,otlatacağım,future,ben,gelecek
11444,3209,otlatacaksın,future,sen,gelecek
11445,3209,otlatacak,future,o,gelecek
11446,3209,otlatacağız,future,biz,gelecek
11447,3209,otlatacaksınız,future,siz,gelecek
11448,3209,otlatacaklar,future,onlar,gelecek
11449,3210,sürdürüyorum,present,ben,şimdi
11450,3210,sürdürüyorsun,present,sen,şimdi
11451,3210,sürdürüyor,present,o,şimdi
11452,3210,sürdürüyoruz,present,biz,şimdi
11453,3210,sürdürüyorsunuz,present,siz,şimdi
11454,3210,sürdürüyorlar,present,onlar,şimdi
11455,3210,sürdürdüm,past,ben,di
11456,3210,sürdürdün,past,sen,di
11457,3210,sürdürdü,past,o,di
11458,3210,sürdürdük,past,biz,di
11459,3210,sürdürdünüz,past,siz,di
11460,3210,sürdürdüler,past,onlar,di
11461,3210,sürdüreceğim,future,ben,gelecek
11462,3210,sürdüreceksin,future,sen,gelecek
11463,3210,sürdürecek,future,o,gelecek
11464,3210,sürdüreceğiz,future,biz,gelecek
11465,3210,sürdüreceksiniz,future,siz,gelecek
11466,3210,sürdürecekler,future,onlar,gelecek
11467,3211,tazminat ödiyorum,present,ben,şimdi
11468,3211,tazminat ödiyorsun,present,sen,şimdi
11469,3211,tazminat ödiyor,present,o,şimdi
11470,3211,tazminat ödiyoruz,present,biz,şimdi
11471,3211,tazminat ödiyorsunuz,present,siz,şimdi
11472,3211,tazminat ödiyorlar,present,onlar,şimdi
11473,3211,tazminat ödedim,past,ben,di
11474,3211,tazminat ödedin,past,sen,di
11475,3211,tazminat ödedi,past,o,di
11476,3211,tazminat ödedik,past,biz,di
11477,3211,tazminat ödediniz,past,siz,di
11478,3211,tazminat ödediler,past,onlar,di
11479,3211,tazminat ödeyeceğim,future,ben,gelecek
11480,3211,tazminat ödeyeceksin,future,sen,gelecek
11481,3211,tazminat ödeyecek,future,o,gelecek
11482,3211,tazminat ödeyeceğiz,future,biz,gelecek
11483,3211,tazminat ödeyeceksiniz,future,siz,gelecek
11484,3211,tazminat ödeyecekler,future,onlar,gelecek
11485,3212,temas ediyorum,present,ben,şimdi
11486,3212,temas ediyorsun,present,sen,şimdi
11487,3212,temas ediyor,present,o,şimdi
11488,3212,temas ediyoruz,present,biz,şimdi
11489,3212,temas ediyorsunuz,present,siz,şimdi
11490,3212,temas ediyorlar,present,onlar,şimdi
11491,3212,temas ettim,past,ben,di
11492,3212,temas ettin,past,sen,di
11493,3212,temas etti,past,o,di
11494,3212,temas ettik,past,biz,di
11495,3212,temas ettiniz,past,siz,di
11496,3212,temas ettiler,past,onlar,di
11497,3212,temas eteceğim,future,ben,gelecek
11498,3212,temas eteceksin,future,sen,gelecek
11499,3212,temas etecek,future,o,gelecek
11500,3212,temas eteceğiz,future,biz,gelecek
11501,3212,temas eteceksiniz,future,siz,gelecek
11502,3212,temas etecekler,future,onlar,gelecek
11503,3239,hayran kalıyorum,present,ben,şimdi
11504,3239,hayran kalıyorsun,present,sen,şimdi
11505,3239,hayran kalıyor,present,o,şimdi
11506,3239,hayran kalıyoruz,present,biz,şimdi
11507,3239,hayran kalıyorsunuz,present,siz,şimdi
11508,3239,hayran kalıyorlar,present,onlar,şimdi
11509,3239,hayran kaldım,past,ben,di
11510,3239,hayran kaldın,past,sen,di
11511,3239,hayran kaldı,past,o,di
11512,3239,hayran kaldık,past,biz,di
11513,3239,hayran kaldınız,past,siz,di
11514,3239,hayran kaldılar,past,onlar,di
11515,3239,hayran kalacağım,future,ben,gelecek
11516,3239,hayran kalacaksın,future,sen,gelecek
11517,3239,hayran kalacak,future,o,gelecek
11518,3239,hayran kalacağız,future,biz,gelecek
11519,3239,hayran kalacaksınız,future,siz,gelecek
11520,3239,hayran kalacaklar,future,onlar,gelecek
11521,3240,ısırıyorum,present,ben,şimdi
11522,3240,ısırıyorsun,present,sen,şimdi
11523,3240,ısırıyor,present,o,şimdi
11524,3240,ısırıyoruz,present,biz,şimdi
11525,3240,ısırıyorsunuz,present,siz,şimdi
11526,3240,ısırıyorlar,present,onlar,şimdi
11527,3240,ısırdım,past,ben,di
11528,3240,ısırdın,past,sen,di
11529,3240,ısırdı,past,o,di
11530,3240,ısırdık,past,biz,di
11531,3240,ısırdınız,past,siz,di
11532,3240,ısırdılar,past,onlar,di
11533,3240,ısıracağım,future,ben,gelecek
11534,3240,ısıracaksın,future,sen,gelecek
11535,3240,ısıracak,future,o,gelecek
11536,3240,ısıracağız,future,biz,gelecek
11537,3240,ısıracaksınız,future,siz,gelecek
11538,3240,ısıracaklar,future,onlar,gelecek
11539,3241,keseleniyorum,present,ben,şimdi
11540,3241,keseleniyorsun,present,sen,şimdi
11541,3241,keseleniyor,present,o,şimdi
11542,3241,keseleniyoruz,present,biz,şimdi
11543,3241,keseleniyorsunuz,present,siz,şimdi
11544,3241,keseleniyorlar,present,onlar,şimdi
11545,3241,keselendim,past,ben,di
11546,3241,keselendin,past,sen,di
11547,3241,keselendi,past,o,di
11548,3241,keselendik,past,biz,di
11549,3241,keselendiniz,past,siz,di
11550,3241,keselendiler,past,onlar,di
11551,3241,keseleneceğim,future,ben,gelecek
11552,3241,keseleneceksin,future,sen,gelecek
11553,3241,keselenecek,future,o,gelecek
11554,3241,keseleneceğiz,future,biz,gelecek
11555,3241,keseleneceksiniz,future,siz,gelecek
11556,3241,keselenecekler,future,onlar,gelecek
11557,3242,oyalanıyorum,present,ben,şimdi
11558,3242,oyalanıyorsun,present,sen,şimdi
11559,3242,oyalanıyor,present,o,şimdi
11560,3242,oyalanıyoruz,present,biz,şimdi
11561,3242,oyalanıyorsunuz,present,siz,şimdi
11562,3242,oyalanıyorlar,present,onlar,şimdi
11563,3242,oyalandım,past,ben,di
11564,3242,oyalandın,past,sen,di
11565,3242,oyalandı,past,o,di
11566,3242,oyalandık,past,biz,di
11567,3242,oyalandınız,past,siz,di
11568,3242,oyalandılar,past,onlar,di
11569,3242,oyalanacağım,future,ben,gelecek
11570,3242,oyalanacaksın,future,sen,gelecek
11571,3242,oyalanacak,future,o,gelecek
11572,3242,oyalanacağız,future,biz,gelecek
11573,3242,oyalanacaksınız,future,siz,gelecek
11574,3242,oyalanacaklar,future,onlar,gelecek
11575,3243,sakatlanıyorum,present,ben,şimdi
11576,3243,sakatlanıyorsun,present,sen,şimdi
11577,3243,sakatlanıyor,present,o,şimdi
11578,3243,sakatlanıyoruz,present,biz,şimdi
11579,3243,sakatlanıyorsunuz,present,siz,şimdi
11580,3243,sakatlanıyorlar,present,onlar,şimdi
11581,3243,sakatlandım,past,ben,di
11582,3243,sakatlandın,past,sen,di
11583,3243,sakatlandı,past,o,di
11584,3243,sakatlandık,past,biz,di
11585,3243,sakatlandınız,past,siz,di
11586,3243,sakatlandılar,past,onlar,di
11587,3243,sakatlanacağım,future,ben,gelecek
11588,3243,sakatlanacaksın,future,sen,gelecek
11589,3243,sakatlanacak,future,o,gelecek
11590,3243,sakatlanacağız,future,biz,gelecek
11591,3243,sakatlanacaksınız,future,siz,gelecek
11592,3243,sakatlanacaklar,future,onlar,gelecek
11593,3244,süsleniyorum,present,ben,şimdi
11594,3244,süsleniyorsun,present,sen,şimdi
11595,3244,süsleniyor,present,o,şimdi
11596,3244,süsleniyoruz,present,biz,şimdi
11597,3244,süsleniyorsunuz,present,siz,şimdi
11598,3244,süsleniyorlar,present,onlar,şimdi
11599,3244,süslendim,past,ben,di
11600,3244,süslendin,past,sen,di
11601,3244,süslendi,past,o,di
11602,3244,süslendik,past,biz,di
11603,3244,süslendiniz,past,siz,di
11604,3244,süslendiler,past,onlar,di
11605,3244,süsleneceğim,future,ben,gelecek
11606,3244,süsleneceksin,future,sen,gelecek
11607,3244,süslenecek,future,o,gelecek
11608,3244,süsleneceğiz,future,biz,gelecek
11609,3244,süsleneceksiniz,future,siz,gelecek
11610,3244,süslenecekler,future,onlar,gelecek
11611,3273,indiriyorum,present,ben,şimdi
11612,3273,indiriyorsun,present,sen,şimdi
11613,3273,indiriyor,present,o,şimdi
11614,3273,indiriyoruz,present,biz,şimdi
11615,3273,indiriyorsunuz,present,siz,şimdi
11616,3273,indiriyorlar,present,onlar,şimdi
11617,3273,indirdim,past,ben,di
11618,3273,indirdin,past,sen,di
11619,3273,indirdi,past,o,di
11620,3273,indirdik,past,biz,di
11621,3273,indirdiniz,past,siz,di
11622,3273,indirdiler,past,onlar,di
11623,3273,indireceğim,future,ben,gelecek
11624,3273,indireceksin,future,sen,gelecek
11625,3273,indirecek,future,o,gelecek
11626,3273,indireceğiz,future,biz,gelecek
11627,3273,indireceksiniz,future,siz,gelecek
11628,3273,indirecekler,future,onlar,gelecek
11629,3274,kaydırıyorum,present,ben,şimdi
11630,3274,kaydırıyorsun,present,sen,şimdi
11631,3274,kaydırıyor,present,o,şimdi
11632,3274,kaydırıyoruz,present,biz,şimdi
11633,3274,kaydırıyorsunuz,present,siz,şimdi
11634,3274,kaydırıyorlar,present,onlar,şimdi
11635,3274,kaydırdım,past,ben,di
11636,3274,kaydırdın,past,sen,di
11637,3274,kaydırdı,past,o,di
11638,3274,kaydırdık,past,biz,di
11639,3274,kaydırdınız,past,siz,di
11640,3274,kaydırdılar,past,onlar,di
11641,3274,kaydıracağım,future,ben,gelecek
11642,3274,kaydıracaksın,future,sen,gelecek
11643,3274,kaydıracak,future,o,gelecek
11644,3274,kaydıracağız,future,biz,gelecek
11645,3274,kaydıracaksınız,future,siz,gelecek
11646,3274,kaydıracaklar,future,onlar,gelecek
11647,3275,yükliyorum,present,ben,şimdi
11648,3275,yükliyorsun,present,sen,şimdi
11649,3275,yükliyor,present,o,şimdi
11650,3275,yükliyoruz,present,biz,şimdi
11651,3275,yükliyorsunuz,present,siz,şimdi
11652,3275,yükliyorlar,present,onlar,şimdi
11653,3275,yükledim,past,ben,di
11654,3275,yükledin,past,sen,di
11655,3275,yükledi,past,o,di
11656,3275,yükledik,past,biz,di
11657,3275,yüklediniz,past,siz,di
11658,3275,yüklediler,past,onlar,di
11659,3275,yükleyeceğim,future,ben,gelecek
11660,3275,yükleyeceksin,future,sen,gelecek
11661,3275,yükleyecek,future,o,gelecek
11662,3275,yükleyeceğiz,future,biz,gelecek
11663,3275,yükleyeceksiniz,future,siz,gelecek
11664,3275,yükleyecekler,future,onlar,gelecek
11665,3305,etkiliyorum,present,ben,şimdi
11666,3305,etkiliyorsun,present,sen,şimdi
11667,3305,etkiliyor,present,o,şimdi
11668,3305,etkiliyoruz,present,biz,şimdi
11669,3305,etkiliyorsunuz,present,siz,şimdi
11670,3305,etkiliyorlar,present,onlar,şimdi
11671,3305,etkiledim,past,ben,di
11672,3305,etkiledin,past,sen,di
11673,3305,etkiledi,past,o,di
11674,3305,etkiledik,past,biz,di
11675,3305,etkilediniz,past,siz,di
11676,3305,etkilediler,past,onlar,di
11677,3305,etkileyeceğim,future,ben,gelecek
11678,3305,etkileyeceksin,future,sen,gelecek
11679,3305,etkileyecek,future,o,gelecek
11680,3305,etkileyeceğiz,future,biz,gelecek
11681,3305,etkileyeceksiniz,future,siz,gelecek
11682,3305,etkileyecekler,future,onlar,gelecek
11683,3306,hakim oluyorum,present,ben,şimdi
11684,3306,hakim oluyorsun,present,sen,şimdi
11685,3306,hakim oluyor,present,o,şimdi
11686,3306,hakim oluyoruz,present,biz,şimdi
11687,3306,hakim oluyorsunuz,present,siz,şimdi
11688,3306,hakim oluyorlar,present,onlar,şimdi
11689,3306,hakim oldum,past,ben,di
11690,3306,hakim oldun,past,sen,di
11691,3306,hakim oldu,past,o,di
11692,3306,hakim olduk,past,biz,di
11693,3306,hakim oldunuz,past,siz,di
11694,3306,hakim oldular,past,onlar,di
11695,3306,hakim olacağım,future,ben,gelecek
11696,3306,hakim olacaksın,future,sen,gelecek
11697,3306,hakim olacak,future,o,gelecek
11698,3306,hakim olacağız,future,biz,gelecek
11699,3306,hakim olacaksınız,future,siz,gelecek
11700,3306,hakim olacaklar,future,onlar,gelecek
11701,3307,öne çıkıyorum,present,ben,şimdi
11702,3307,öne çıkıyorsun,present,sen,şimdi
11703,3307,öne çıkıyor,present,o,şimdi
11704,3307,öne çıkıyoruz,present,biz,şimdi
11705,3307,öne çıkıyorsunuz,present,siz,şimdi
11706,3307,öne çıkıyorlar,present,onlar,şimdi
11707,3307,öne çıktım,past,ben,di
11708,3307,öne çıktın,past,sen,di
11709,3307,öne çıktı,past,o,di
11710,3307,öne çıktık,past,biz,di
11711,3307,öne çıktınız,past,siz,di
11712,3307,öne çıktılar,past,onlar,di
11713,3307,öne çıkacağım,future,ben,gelecek
11714,3307,öne çıkacaksın,future,sen,gelecek
11715,3307,öne çıkacak,future,o,gelecek
11716,3307,öne çıkacağız,future,biz,gelecek
11717,3307,öne çıkacaksınız,future,siz,gelecek
11718,3307,öne çıkacaklar,future,onlar,gelecek
11719,3308,yanıltıyorum,present,ben,şimdi
11720,3308,yanıltıyorsun,present,sen,şimdi
11721,3308,yanıltıyor,present,o,şimdi
11722,3308,yanıltıyoruz,present,biz,şimdi
11723,3308,yanıltıyorsunuz,present,siz,şimdi
11724,3308,yanıltıyorlar,present,onlar,şimdi
11725,3308,yanılttım,past,ben,di
11726,3308,yanılttın,past,sen,di
11727,3308,yanılttı,past,o,di
11728,3308,yanılttık,past,biz,di
11729,3308,yanılttınız,past,siz,di
11730,3308,yanılttılar,past,onlar,di
11731,3308,yanıltacağım,future,ben,gelecek
11732,3308,yanıltacaksın,future,sen,gelecek
11733,3308,yanıltacak,future,o,gelecek
11734,3308,yanıltacağız,future,biz,gelecek
11735,3308,yanıltacaksınız,future,siz,gelecek
11736,3308,yanıltacaklar,future,onlar,gelecek
11737,3336,engelliyorum,present,ben,şimdi
11738,3336,engelliyorsun,present,sen,şimdi
11739,3336,engelliyor,present,o,şimdi
11740,3336,engelliyoruz,present,biz,şimdi
11741,3336,engelliyorsunuz,present,siz,şimdi
11742,3336,engelliyorlar,present,onlar,şimdi
11743,3336,engelledim,past,ben,di
11744,3336,engelledin,past,sen,di
11745,3336,engelledi,past,o,di
11746,3336,engelledik,past,biz,di
11747,3336,engellediniz,past,siz,di
11748,3336,engellediler,past,onlar,di
11749,3336,engelleyeceğim,future,ben,gelecek
11750,3336,engelleyeceksin,future,sen,gelecek
11751,3336,engelleyecek,future,o,gelecek
11752,3336,engelleyeceğiz,future,biz,gelecek
11753,3336,engelleyeceksiniz,future,siz,gelecek
11754,3336,engelleyecekler,future,onlar,gelecek
11755,3337,hapis yatıyorum,present,ben,şimdi
11756,3337,hapis yatıyorsun,present,sen,şimdi
11757,3337,hapis yatıyor,present,o,şimdi
11758,3337,hapis yatıyoruz,present,biz,şimdi
11759,3337,hapis yatıyorsunuz,present,siz,şimdi
11760,3337,hapis yatıyorlar,present,onlar,şimdi
11761,3337,hapis yattım,past,ben,di
11762,3337,hapis yattın,past,sen,di
11763,3337,hapis yattı,past,o,di
11764,3337,hapis yattık,past,biz,di
11765,3337,hapis yattınız,past,siz,di
11766,3337,hapis yattılar,past,onlar,di
11767,3337,hapis yatacağım,future,ben,gelecek
11768,3337,hapis yatacaksın,future,sen,gelecek
11769,3337,hapis yatacak,future,o,gelecek
11770,3337,hapis yatacağız,future,biz,gelecek
11771,3337,hapis yatacaksınız,future,siz,gelecek
11772,3337,hapis yatacaklar,future,onlar,gelecek
11773,3338,ilgi görüyorum,present,ben,şimdi
11774,3338,ilgi görüyorsun,present,sen,şimdi
11775,3338,ilgi görüyor,present,o,şimdi
11776,3338,ilgi görüyoruz,present,biz,şimdi
11777,3338,ilgi görüyorsunuz,present,siz,şimdi
11778,3338,ilgi görüyorlar,present,onlar,şimdi
11779,3338,ilgi gördüm,past,ben,di
11780,3338,ilgi gördün,past,sen,di
11781,3338,ilgi gördü,past,o,di
11782,3338,ilgi gördük,past,biz,di
11783,3338,ilgi gördünüz,past,siz,di
11784,3338,ilgi gördüler,past,onlar,di
11785,3338,ilgi göreceğim,future,ben,gelecek
11786,3338,ilgi göreceksin,future,sen,gelecek
11787,3338,ilgi görecek,future,o,gelecek
11788,3338,ilgi göreceğiz,future,biz,gelecek
11789,3338,ilgi göreceksiniz,future,siz,gelecek
11790,3338,ilgi görecekler,future,onlar,gelecek
11791,3339,ispatlıyorum,present,ben,şimdi
11792,3339,ispatlıyorsun,present,sen,şimdi
11793,3339,ispatlıyor,present,o,şimdi
11794,3339,ispatlıyoruz,present,biz,şimdi
11795,3339,ispatlıyorsunuz,present,siz,şimdi
11796,3339,ispatlıyorlar,present,onlar,şimdi
11797,3339,ispatladım,past,ben,di
11798,3339,ispatladın,past,sen,di
11799,3339,ispatladı,past,o,di
11800,3339,ispatladık,past,biz,di
11801,3339,ispatladınız,past,siz,di
11802,3339,ispatladılar,past,onlar,di
11803,3339,ispatlayacağım,future,ben,gelecek
11804,3339,ispatlayacaksın,future,sen,gelecek
11805,3339,ispatlayacak,future,o,gelecek
11806,3339,ispatlayacağız,future,biz,gelecek
11807,3339,ispatlayacaksınız,future,siz,gelecek
11808,3339,ispatlayacaklar,future,onlar,gelecek
11809,3340,kapak oluyorum,present,ben,şimdi
11810,3340,kapak oluyorsun,present,sen,şimdi
11811,3340,kapak oluyor,present,o,şimdi
11812,3340,kapak oluyoruz,present,biz,şimdi
11813,3340,kapak oluyorsunuz,present,siz,şimdi
11814,3340,kapak oluyorlar,present,onlar,şimdi
11815,3340,kapak oldum,past,ben,di
11816,3340,kapak oldun,past,sen,di
11817,3340,kapak oldu,past,o,di
11818,3340,kapak olduk,past,biz,di
11819,3340,kapak oldunuz,past,siz,di
11820,3340,kapak oldular,past,onlar,di
11821,3340,kapak olacağım,future,ben,gelecek
11822,3340,kapak olacaksın,future,sen,gelecek
11823,3340,kapak olacak,future,o,gelecek
11824,3340,kapak olacağız,future,biz,gelecek
11825,3340,kapak olacaksınız,future,siz,gelecek
11826,3340,kapak olacaklar,future,onlar,gelecek
11827,3341,mahkum ediyorum,present,ben,şimdi
11828,3341,mahkum ediyorsun,present,sen,şimdi
11829,3341,mahkum ediyor,present,o,şimdi
11830,3341,mahkum ediyoruz,present,biz,şimdi
11831,3341,mahkum ediyorsunuz,present,siz,şimdi
11832,3341,mahkum ediyorlar,present,onlar,şimdi
11833,3341,mahkum ettim,past,ben,di
11834,3341,mahkum ettin,past,sen,di
11835,3341,mahkum etti,past,o,di
11836,3341,mahkum ettik,past,biz,di
11837,3341,mahkum ettiniz,past,siz,di
11838,3341,mahkum ettiler,past,onlar,di
11839,3341,mahkum eteceğim,future,ben,gelecek
11840,3341,mahkum eteceksin,future,sen,gelecek
11841,3341,mahkum etecek,future,o,gelecek
11842,3341,mahkum eteceğiz,future,biz,gelecek
11843,3341,mahkum eteceksiniz,future,siz,gelecek
11844,3341,mahkum etecekler,future,onlar,gelecek
11845,3342,sorgulıyorum,present,ben,şimdi
11846,3342,sorgulıyorsun,present,sen,şimdi
11847,3342,sorgulıyor,present,o,şimdi
11848,3342,sorgulıyoruz,present,biz,şimdi
11849,3342,sorgulıyorsunuz,present,siz,şimdi
11850,3342,sorgulıyorlar,present,onlar,şimdi
11851,3342,sorguladım,past,ben,di
11852,3342,sorguladın,past,sen,di
11853,3342,sorguladı,past,o,di
11854,3342,sorguladık,past,biz,di
11855,3342,sorguladınız,past,siz,di
11856,3342,sorguladılar,past,onlar,di
11857,3342,sorgulayacağım,future,ben,gelecek
11858,3342,sorgulayacaksın,future,sen,gelecek
11859,3342,sorgulayacak,future,o,gelecek
11860,3342,sorgulayacağız,future,biz,gelecek
11861,3342,sorgulayacaksınız,future,siz,gelecek
11862,3342,sorgulayacaklar,future,onlar,gelecek
11863,3343,soruşturuyorum,present,ben,şimdi
11864,3343,soruşturuyorsun,present,sen,şimdi
11865,3343,soruşturuyor,present,o,şimdi
11866,3343,soruşturuyoruz,present,biz,şimdi
11867,3343,soruşturuyorsunuz,present,siz,şimdi
11868,3343,soruşturuyorlar,present,onlar,şimdi
11869,3343,soruşturdum,past,ben,di
11870,3343,soruşturdun,past,sen,di
11871,3343,soruşturdu,past,o,di
11872,3343,soruşturduk,past,biz,di
11873,3343,soruşturdunuz,past,siz,di
11874,3343,soruşturdular,past,onlar,di
11875,3343,soruşturacağım,future,ben,gelecek
11876,3343,soruşturacaksın,future,sen,gelecek
11877,3343,soruşturacak,future,o,gelecek
11878,3343,soruşturacağız,future,biz,gelecek
11879,3343,soruşturacaksınız,future,siz,gelecek
11880,3343,soruşturacaklar,future,onlar,gelecek
11881,3344,utandırıyorum,present,ben,şimdi
11882,3344,utandırıyorsun,present,sen,şimdi
11883,3344,utandırıyor,present,o,şimdi
11884,3344,utandırıyoruz,present,biz,şimdi
11885,3344,utandırıyorsunuz,present,siz,şimdi
11886,3344,utandırıyorlar,present,onlar,şimdi
11887,3344,utandırdım,past,ben,di
11888,3344,utandırdın,past,sen,di
11889,3344,utandırdı,past,o,di
11890,3344,utandırdık,past,biz,di
11891,3344,utandırdınız,past,siz,di
11892,3344,utandırdılar,past,onlar,di
11893,3344,utandıracağım,future,ben,gelecek
11894,3344,utandıracaksın,future,sen,gelecek
11895,3344,utandıracak,future,o,gelecek
11896,3344,utandıracağız,future,biz,gelecek
11897,3344,utandıracaksınız,future,siz,gelecek
11898,3344,utandıracaklar,future,onlar,gelecek
11899,3345,yargılıyorum,present,ben,şimdi
11900,3345,yargılıyorsun,present,sen,şimdi
11901,3345,yargılıyor,present,o,şimdi
11902,3345,yargılıyoruz,present,biz,şimdi
11903,3345,yargılıyorsunuz,present,siz,şimdi
11904,3345,yargılıyorlar,present,onlar,şimdi
11905,3345,yargıladım,past,ben,di
11906,3345,yargıladın,past,sen,di
11907,3345,yargıladı,past,o,di
11908,3345,yargıladık,past,biz,di
11909,3345,yargıladınız,past,siz,di
11910,3345,yargıladılar,past,onlar,di
11911,3345,yargılayacağım,future,ben,gelecek
11912,3345,yargılayacaksın,future,sen,gelecek
11913,3345,yargılayacak,future,o,gelecek
11914,3345,yargılayacağız,future,biz,gelecek
11915,3345,yargılayacaksınız,future,siz,gelecek
11916,3345,yargılayacaklar,future,onlar,gelecek
11917,3377,elde ediyorum,present,ben,şimdi
11918,3377,elde ediyorsun,present,sen,şimdi
11919,3377,elde ediyor,present,o,şimdi
11920,3377,elde ediyoruz,present,biz,şimdi
11921,3377,elde ediyorsunuz,present,siz,şimdi
11922,3377,elde ediyorlar,present,onlar,şimdi
11923,3377,elde ettim,past,ben,di
11924,3377,elde ettin,past,sen,di
11925,3377,elde etti,past,o,di
11926,3377,elde ettik,past,biz,di
11927,3377,elde ettiniz,past,siz,di
11928,3377,elde ettiler,past,onlar,di
11929,3377,elde eteceğim,future,ben,gelecek
11930,3377,elde eteceksin,future,sen,gelecek
11931,3377,elde etecek,future,o,gelecek
11932,3377,elde eteceğiz,future,biz,gelecek
11933,3377,elde eteceksiniz,future,siz,gelecek
11934,3377,elde etecekler,future,onlar,gelecek
11935,3378,emiyorum,present,ben,şimdi
11936,3378,emiyorsun,present,sen,şimdi
11937,3378,emiyor,present,o,şimdi
11938,3378,emiyoruz,present,biz,şimdi
11939,3378,emiyorsunuz,present,siz,şimdi
11940,3378,emiyorlar,present,onlar,şimdi
11941,3378,emdim,past,ben,di
11942,3378,emdin,past,sen,di
11943,3378,emdi,past,o,di
11944,3378,emdik,past,biz,di
11945,3378,emdiniz,past,siz,di
11946,3378,emdiler,past,onlar,di
11947,3378,emeceğim,future,ben,gelecek
11948,3378,emeceksin,future,sen,gelecek
11949,3378,emecek,future,o,gelecek
11950,3378,emeceğiz,future,biz,gelecek
11951,3378,emeceksiniz,future,siz,gelecek
11952,3378,emecekler,future,onlar,gelecek
11953,3379,geri dönüştürüyorum,present,ben,şimdi
11954,3379,geri dönüştürüyorsun,present,sen,şimdi
11955,3379,geri dönüştürüyor,present,o,şimdi
11956,3379,geri dönüştürüyoruz,present,biz,şimdi
11957,3379,geri dönüştürüyorsunuz,present,siz,şimdi
11958,3379,geri dönüştürüyorlar,present,onlar,şimdi
11959,3379,geri dönüştürdüm,past,ben,di
11960,3379,geri dönüştürdün,past,sen,di
11961,3379,geri dönüştürdü,past,o,di
11962,3379,geri dönüştürdük,past,biz,di
11963,3379,geri dönüştürdünüz,past,siz,di
11964,3379,geri dönüştürdüler,past,onlar,di
11965,3379,geri dönüştüreceğim,future,ben,gelecek
11966,3379,geri dönüştüreceksin,future,sen,gelecek
11967,3379,geri dönüştürecek,future,o,gelecek
11968,3379,geri dönüştüreceğiz,future,biz,gelecek
11969,3379,geri dönüştüreceksiniz,future,siz,gelecek
11970,3379,geri dönüştürecekler,future,onlar,gelecek
11971,3380,ileri sürüyorum,present,ben,şimdi
11972,3380,ileri sürüyorsun,present,sen,şimdi
11973,3380,ileri sürüyor,present,o,şimdi
11974,3380,ileri sürüyoruz,present,biz,şimdi
11975,3380,ileri sürüyorsunuz,present,siz,şimdi
11976,3380,ileri sürüyorlar,present,onlar,şimdi
11977,3380,ileri sürdüm,past,ben,di
11978,3380,ileri sürdün,past,sen,di
11979,3380,ileri sürdü,past,o,di
11980,3380,ileri sürdük,past,biz,di
11981,3380,ileri sürdünüz,past,siz,di
11982,3380,ileri sürdüler,past,onlar,di
11983,3380,ileri süreceğim,future,ben,gelecek
11984,3380,ileri süreceksin,future,sen,gelecek
11985,3380,ileri sürecek,future,o,gelecek
11986,3380,ileri süreceğiz,future,biz,gelecek
11987,3380,ileri süreceksiniz,future,siz,gelecek
11988,3380,ileri sürecekler,future,onlar,gelecek
11989,3381,ilgisini çekiyorum,present,ben,şimdi
11990,3381,ilgisini çekiyorsun,present,sen,şimdi
11991,3381,ilgisini çekiyor,present,o,şimdi
11992,3381,ilgisini çekiyoruz,present,biz,şimdi
11993,3381,ilgisini çekiyorsunuz,present,siz,şimdi
11994,3381,ilgisini çekiyorlar,present,onlar,şimdi
11995,3381,ilgisini çektim,past,ben,di
11996,3381,ilgisini çektin,past,sen,di
11997,3381,ilgisini çekti,past,o,di
11998,3381,ilgisini çektik,past,biz,di
11999,3381,ilgisini çektiniz,past,siz,di
12000,3381,ilgisini çektiler,past,onlar,di
12001,3381,ilgisini çekeceğim,future,ben,gelecek
12002,3381,ilgisini çekeceksin,future,sen,gelecek
12003,3381,ilgisini çekecek,future,o,gelecek
12004,3381,ilgisini çekeceğiz,future,biz,gelecek
12005,3381,ilgisini çekeceksiniz,future,siz,gelecek
12006,3381,ilgisini çekecekler,future,onlar,gelecek
12007,3382,ortadan kaldırıyorum,present,ben,şimdi
12008,3382,ortadan kaldırıyorsun,present,sen,şimdi
12009,3382,ortadan kaldırıyor,present,o,şimdi
12010,3382,ortadan kaldırıyoruz,present,biz,şimdi
12011,3382,ortadan kaldırıyorsunuz,present,siz,şimdi
12012,3382,ortadan kaldırıyorlar,present,onlar,şimdi
12013,3382,ortadan kaldırdım,past,ben,di
12014,3382,ortadan kaldırdın,past,sen,di
12015,3382,ortadan kaldırdı,past,o,di
12016,3382,ortadan kaldırdık,past,biz,di
12017,3382,ortadan kaldırdınız,past,siz,di
12018,3382,ortadan kaldırdılar,past,onlar,di
12019,3382,ortadan kaldıracağım,future,ben,gelecek
12020,3382,ortadan kaldıracaksın,future,sen,gelecek
12021,3382,ortadan kaldıracak,future,o,gelecek
12022,3382,ortadan kaldıracağız,future,biz,gelecek
12023,3382,ortadan kaldıracaksınız,future,siz,gelecek
12024,3382,ortadan kaldıracaklar,future,onlar,gelecek
12025,3383,ortaya çıkarıyorum,present,ben,şimdi
12026,3383,ortaya çıkarıyorsun,present,sen,şimdi
12027,3383,ortaya çıkarıyor,present,o,şimdi
12028,3383,ortaya çıkarıyoruz,present,biz,şimdi
12029,3383,ortaya çıkarıyorsunuz,present,siz,şimdi
12030,3383,ortaya çıkarıyorlar,present,onlar,şimdi
12031,3383,ortaya çıkardım,past,ben,di
12032,3383,ortaya çıkardın,past,sen,di
12033,3383,ortaya çıkardı,past,o,di
12034,3383,ortaya çıkardık,past,biz,di
12035,3383,ortaya çıkardınız,past,siz,di
12036,3383,ortaya çıkardılar,past,onlar,di
12037,3383,ortaya çıkaracağım,future,ben,gelecek
12038,3383,ortaya çıkaracaksın,future,sen,gelecek
12039,3383,ortaya çıkaracak,future,o,gelecek
12040,3383,ortaya çıkaracağız,future,biz,gelecek
12041,3383,ortaya çıkaracaksınız,future,siz,gelecek
12042,3383,ortaya çıkaracaklar,future,onlar,gelecek
12043,3396,ayılıyorum,present,ben,şimdi
12044,3396,ayılıyorsun,present,sen,şimdi
12045,3396,ayılıyor,present,o,şimdi
12046,3396,ayılıyoruz,present,biz,şimdi
12047,3396,ayılıyorsunuz,present,siz,şimdi
12048,3396,ayılıyorlar,present,onlar,şimdi
12049,3396,ayıldım,past,ben,di
12050,3396,ayıldın,past,sen,di
12051,3396,ayıldı,past,o,di
12052,3396,ayıldık,past,biz,di
12053,3396,ayıldınız,past,siz,di
12054,3396,ayıldılar,past,onlar,di
12055,3396,ayılacağım,future,ben,gelecek
12056,3396,ayılacaksın,future,sen,gelecek
12057,3396,ayılacak,future,o,gelecek
12058,3396,ayılacağız,future,biz,gelecek
12059,3396,ayılacaksınız,future,siz,gelecek
12060,3396,ayılacaklar,future,onlar,gelecek
12061,3397,halletiyorum,present,ben,şimdi
12062,3397,halletiyorsun,present,sen,şimdi
12063,3397,halletiyor,present,o,şimdi
12064,3397,halletiyoruz,present,biz,şimdi
12065,3397,halletiyorsunuz,present,siz,şimdi
12066,3397,halletiyorlar,present,onlar,şimdi
12067,3397,hallettim,past,ben,di
12068,3397,hallettin,past,sen,di
12069,3397,halletti,past,o,di
12070,3397,hallettik,past,biz,di
12071,3397,hallettiniz,past,siz,di
12072,3397,hallettiler,past,onlar,di
12073,3397,halleteceğim,future,ben,gelecek
12074,3397,halleteceksin,future,sen,gelecek
12075,3397,halletecek,future,o,gelecek
12076,3397,halleteceğiz,future,biz,gelecek
12077,3397,halleteceksiniz,future,siz,gelecek
12078,3397,halletecekler,future,onlar,gelecek
12079,3398,silkiniyorum,present,ben,şimdi
12080,3398,silkiniyorsun,present,sen,şimdi
12081,3398,silkiniyor,present,o,şimdi
12082,3398,silkiniyoruz,present,biz,şimdi
12083,3398,silkiniyorsunuz,present,siz,şimdi
12084,3398,silkiniyorlar,present,onlar,şimdi
12085,3398,silkindim,past,ben,di
12086,3398,silkindin,past,sen,di
12087,3398,silkindi,past,o,di
12088,3398,silkindik,past,biz,di
12089,3398,silkindiniz,past,siz,di
12090,3398,silkindiler,past,onlar,di
12091,3398,silkineceğim,future,ben,gelecek
12092,3398,silkineceksin,future,sen,gelecek
12093,3398,silkinecek,future,o,gelecek
12094,3398,silkineceğiz,future,biz,gelecek
12095,3398,silkineceksiniz,future,siz,gelecek
12096,3398,silkinecekler,future,onlar,gelecek
12097,3399,şıpırdıyorum,present,ben,şimdi
12098,3399,şıpırdıyorsun,present,sen,şimdi
12099,3399,şıpırdıyor,present,o,şimdi
12100,3399,şıpırdıyoruz,present,biz,şimdi
12101,3399,şıpırdıyorsunuz,present,siz,şimdi
12102,3399,şıpırdıyorlar,present,onlar,şimdi
12103,3399,şıpırdadım,past,ben,di
12104,3399,şıpırdadın,past,sen,di
12105,3399,şıpırdadı,past,o,di
12106,3399,şıpırdadık,past,biz,di
12107,3399,şıpırdadınız,past,siz,di
12108,3399,şıpırdadılar,past,onlar,di
12109,3399,şıpırdayacağım,future,ben,gelecek
12110,3399,şıpırdayacaksın,future,sen,gelecek
12111,3399,şıpırdayacak,future,o,gelecek
12112,3399,şıpırdayacağız,future,biz,gelecek
12113,3399,şıpırdayacaksınız,future,siz,gelecek
12114,3399,şıpırdayacaklar,future,onlar,gelecek
12115,3427,çaktırıyorum,present,ben,şimdi
12116,3427,çaktırıyorsun,present,sen,şimdi
12117,3427,çaktırıyor,present,o,şimdi
12118,3427,çaktırıyoruz,present,biz,şimdi
12119,3427,çaktırıyorsunuz,present,siz,şimdi
12120,3427,çaktırıyorlar,present,onlar,şimdi
12121,3427,çaktırdım,past,ben,di
12122,3427,çaktırdın,past,sen,di
12123,3427,çaktırdı,past,o,di
12124,3427,çaktırdık,past,biz,di
12125,3427,çaktırdınız,past,siz,di
12126,3427,çaktırdılar,past,onlar,di
12127,3427,çaktıracağım,future,ben,gelecek
12128,3427,çaktıracaksın,future,sen,gelecek
12129,3427,çaktıracak,future,o,gelecek
12130,3427,çaktıracağız,future,biz,gelecek
12131,3427,çaktıracaksınız,future,siz,gelecek
12132,3427,çaktıracaklar,future,onlar,gelecek
12133,3428,dindiriyorum,present,ben,şimdi
12134,3428,dindiriyorsun,present,sen,şimdi
12135,3428,dindiriyor,present,o,şimdi
12136,3428,dindiriyoruz,present,biz,şimdi
12137,3428,dindiriyorsunuz,present,siz,şimdi
12138,3428,dindiriyorlar,present,onlar,şimdi
12139,3428,dindirdim,past,ben,di
12140,3428,dindirdin,past,sen,di
12141,3428,dindirdi,past,o,di
12142,3428,dindirdik,past,biz,di
12143,3428,dindirdiniz,past,siz,di
12144,3428,dindirdiler,past,onlar,di
12145,3428,dindireceğim,future,ben,gelecek
12146,3428,dindireceksin,future,sen,gelecek
12147,3428,dindirecek,future,o,gelecek
12148,3428,dindireceğiz,future,biz,gelecek
12149,3428,dindireceksiniz,future,siz,gelecek
12150,3428,dindirecekler,future,onlar,gelecek
12151,3429,salgılanıyorum,present,ben,şimdi
12152,3429,salgılanıyorsun,present,sen,şimdi
12153,3429,salgılanıyor,present,o,şimdi
12154,3429,salgılanıyoruz,present,biz,şimdi
12155,3429,salgılanıyorsunuz,present,siz,şimdi
12156,3429,salgılanıyorlar,present,onlar,şimdi
12157,3429,salgılandım,past,ben,di
12158,3429,salgılandın,past,sen,di
12159,3429,salgılandı,past,o,di
12160,3429,salgılandık,past,biz,di
12161,3429,salgılandınız,past,siz,di
12162,3429,salgılandılar,past,onlar,di
12163,3429,salgılanacağım,future,ben,gelecek
12164,3429,salgılanacaksın,future,sen,gelecek
12165,3429,salgılanacak,future,o,gelecek
12166,3429,salgılanacağız,future,biz,gelecek
12167,3429,salgılanacaksınız,future,siz,gelecek
12168,3429,salgılanacaklar,future,onlar,gelecek
12169,3430,umursıyorum,present,ben,şimdi
12170,3430,umursıyorsun,present,sen,şimdi
12171,3430,umursıyor,present,o,şimdi
12172,3430,umursıyoruz,present,biz,şimdi
12173,3430,umursıyorsunuz,present,siz,şimdi
12174,3430,umursıyorlar,present,onlar,şimdi
12175,3430,umursadım,past,ben,di
12176,3430,umursadın,past,sen,di
12177,3430,umursadı,past,o,di
12178,3430,umursadık,past,biz,di
12179,3430,umursadınız,past,siz,di
12180,3430,umursadılar,past,onlar,di
12181,3430,umursayacağım,future,ben,gelecek
12182,3430,umursayacaksın,future,sen,gelecek
12183,3430,umursayacak,future,o,gelecek
12184,3430,umursayacağız,future,biz,gelecek
12185,3430,umursayacaksınız,future,siz,gelecek
12186,3430,umursayacaklar,future,onlar,gelecek
12187,3458,donduruyorum,present,ben,şimdi
12188,3458,donduruyorsun,present,sen,şimdi
12189,3458,donduruyor,present,o,şimdi
12190,3458,donduruyoruz,present,biz,şimdi
12191,3458,donduruyorsunuz,present,siz,şimdi
12192,3458,donduruyorlar,present,onlar,şimdi
12193,3458,dondurdum,past,ben,di
12194,3458,dondurdun,past,sen,di
12195,3458,dondurdu,past,o,di
12196,3458,dondurduk,past,biz,di
12197,3458,dondurdunuz,past,siz,di
12198,3458,dondurdular,past,onlar,di
12199,3458,donduracağım,future,ben,gelecek
12200,3458,donduracaksın,future,sen,gelecek
12201,3458,donduracak,future,o,gelecek
12202,3458,donduracağız,future,biz,gelecek
12203,3458,donduracaksınız,future,siz,gelecek
12204,3458,donduracaklar,future,onlar,gelecek
12205,3459,kaynak oluyorum,present,ben,şimdi
12206,3459,kaynak oluyorsun,present,sen,şimdi
12207,3459,kaynak oluyor,present,o,şimdi
12208,3459,kaynak oluyoruz,present,biz,şimdi
12209,3459,kaynak oluyorsunuz,present,siz,şimdi
12210,3459,kaynak oluyorlar,present,onlar,şimdi
12211,3459,kaynak oldum,past,ben,di
12212,3459,kaynak oldun,past,sen,di
12213,3459,kaynak oldu,past,o,di
12214,3459,kaynak olduk,past,biz,di
12215,3459,kaynak oldunuz,past,siz,di
12216,3459,kaynak oldular,past,onlar,di
12217,3459,kaynak olacağım,future,ben,gelecek
12218,3459,kaynak olacaksın,future,sen,gelecek
12219,3459,kaynak olacak,future,o,gelecek
12220,3459,kaynak olacağız,future,biz,gelecek
12221,3459,kaynak olacaksınız,future,siz,gelecek
12222,3459,kaynak olacaklar,future,onlar,gelecek
12223,3460,somutlaşıyorum,present,ben,şimdi
12224,3460,somutlaşıyorsun,present,sen,şimdi
12225,3460,somutlaşıyor,present,o,şimdi
12226,3460,somutlaşıyoruz,present,biz,şimdi
12227,3460,somutlaşıyorsunuz,present,siz,şimdi
12228,3460,somutlaşıyorlar,present,onlar,şimdi
12229,3460,somutlaştım,past,ben,di
12230,3460,somutlaştın,past,sen,di
12231,3460,somutlaştı,past,o,di
12232,3460,somutlaştık,past,biz,di
12233,3460,somutlaştınız,past,siz,di
12234,3460,somutlaştılar,past,onlar,di
12235,3460,somutlaşacağım,future,ben,gelecek
12236,3460,somutlaşacaksın,future,sen,gelecek
12237,3460,somutlaşacak,future,o,gelecek
12238,3460,somutlaşacağız,future,biz,gelecek
12239,3460,somutlaşacaksınız,future,siz,gelecek
12240,3460,somutlaşacaklar,future,onlar,gelecek
12241,3461,şekilleniyorum,present,ben,şimdi
12242,3461,şekilleniyorsun,present,sen,şimdi
12243,3461,şekilleniyor,present,o,şimdi
12244,3461,şekilleniyoruz,present,biz,şimdi
12245,3461,şekilleniyorsunuz,present,siz,şimdi
12246,3461,şekilleniyorlar,present,onlar,şimdi
12247,3461,şekillendim,past,ben,di
12248,3461,şekillendin,past,sen,di
12249,3461,şekillendi,past,o,di
12250,3461,şekillendik,past,biz,di
12251,3461,şekillendiniz,past,siz,di
12252,3461,şekillendiler,past,onlar,di
12253,3461,şekilleneceğim,future,ben,gelecek
12254,3461,şekilleneceksin,future,sen,gelecek
12255,3461,şekillenecek,future,o,gelecek
12256,3461,şekilleneceğiz,future,biz,gelecek
12257,3461,şekilleneceksiniz,future,siz,gelecek
12258,3461,şekillenecekler,future,onlar,gelecek
12259,3493,çoğaltıyorum,present,ben,şimdi
12260,3493,çoğaltıyorsun,present,sen,şimdi
12261,3493,çoğaltıyor,present,o,şimdi
12262,3493,çoğaltıyoruz,present,biz,şimdi
12263,3493,çoğaltıyorsunuz,present,siz,şimdi
12264,3493,çoğaltıyorlar,present,onlar,şimdi
12265,3493,çoğalttım,past,ben,di
12266,3493,çoğalttın,past,sen,di
12267,3493,çoğalttı,past,o,di
12268,3493,çoğalttık,past,biz,di
12269,3493,çoğalttınız,past,siz,di
12270,3493,çoğalttılar,past,onlar,di
12271,3493,çoğaltacağım,future,ben,gelecek
12272,3493,çoğaltacaksın,future,sen,gelecek
12273,3493,çoğaltacak,future,o,gelecek
12274,3493,çoğaltacağız,future,biz,gelecek
12275,3493,çoğaltacaksınız,future,siz,gelecek
12276,3493,çoğaltacaklar,future,onlar,gelecek
12277,3494,heveslendiriyorum,present,ben,şimdi
12278,3494,heveslendiriyorsun,present,sen,şimdi
12279,3494,heveslendiriyor,present,o,şimdi
12280,3494,heveslendiriyoruz,present,biz,şimdi
12281,3494,heveslendiriyorsunuz,present,siz,şimdi
12282,3494,heveslendiriyorlar,present,onlar,şimdi
12283,3494,heveslendirdim,past,ben,di
12284,3494,heveslendirdin,past,sen,di
12285,3494,heveslendirdi,past,o,di
12286,3494,heveslendirdik,past,biz,di
12287,3494,heveslendirdiniz,past,siz,di
12288,3494,heveslendirdiler,past,onlar,di
12289,3494,heveslendireceğim,future,ben,gelecek
12290,3494,heveslendireceksin,future,sen,gelecek
12291,3494,heveslendirecek,future,o,gelecek
12292,3494,heveslendireceğiz,future,biz,gelecek
12293,3494,heveslendireceksiniz,future,siz,gelecek
12294,3494,heveslendirecekler,future,onlar,gelecek
12295,3495,iflas ediyorum,present,ben,şimdi
12296,3495,iflas ediyorsun,present,sen,şimdi
12297,3495,iflas ediyor,present,o,şimdi
12298,3495,iflas ediyoruz,present,biz,şimdi
12299,3495,iflas ediyorsunuz,present,siz,şimdi
12300,3495,iflas ediyorlar,present,onlar,şimdi
12301,3495,iflas ettim,past,ben,di
12302,3495,iflas ettin,past,sen,di
12303,3495,iflas etti,past,o,di
12304,3495,iflas ettik,past,biz,di
12305,3495,iflas ettiniz,past,siz,di
12306,3495,iflas ettiler,past,onlar,di
12307,3495,iflas eteceğim,future,ben,gelecek
12308,3495,iflas eteceksin,future,sen,gelecek
12309,3495,iflas etecek,future,o,gelecek
12310,3495,iflas eteceğiz,future,biz,gelecek
12311,3495,iflas eteceksiniz,future,siz,gelecek
12312,3495,iflas etecekler,future,onlar,gelecek
12313,3496,tereddüt ediyorum,present,ben,şimdi
12314,3496,tereddüt ediyorsun,present,sen,şimdi
12315,3496,tereddüt ediyor,present,o,şimdi
12316,3496,tereddüt ediyoruz,present,biz,şimdi
12317,3496,tereddüt ediyorsunuz,present,siz,şimdi
12318,3496,tereddüt ediyorlar,present,onlar,şimdi
12319,3496,tereddüt ettim,past,ben,di
12320,3496,tereddüt ettin,past,sen,di
12321,3496,tereddüt etti,past,o,di
12322,3496,tereddüt ettik,past,biz,di
12323,3496,tereddüt ettiniz,past,siz,di
12324,3496,tereddüt ettiler,past,onlar,di
12325,3496,tereddüt eteceğim,future,ben,gelecek
12326,3496,tereddüt eteceksin,future,sen,gelecek
12327,3496,tereddüt etecek,future,o,gelecek
12328,3496,tereddüt eteceğiz,future,biz,gelecek
12329,3496,tereddüt eteceksiniz,future,siz,gelecek
12330,3496,tereddüt etecekler,future,onlar,gelecek
12331,3562,dayandırıyorum,present,ben,şimdi
12332,3562,dayandırıyorsun,present,sen,şimdi
12333,3562,dayandırıyor,present,o,şimdi
12334,3562,dayandırıyoruz,present,biz,şimdi
12335,3562,dayandırıyorsunuz,present,siz,şimdi
12336,3562,dayandırıyorlar,present,onlar,şimdi
12337,3562,dayandırdım,past,ben,di
12338,3562,dayandırdın,past,sen,di
12339,3562,dayandırdı,past,o,di
12340,3562,dayandırdık,past,biz,di
12341,3562,dayandırdınız,past,siz,di
12342,3562,dayandırdılar,past,onlar,di
12343,3562,dayandıracağım,future,ben,gelecek
12344,3562,dayandıracaksın,future,sen,gelecek
12345,3562,dayandıracak,future,o,gelecek
12346,3562,dayandıracağız,future,biz,gelecek
12347,3562,dayandıracaksınız,future,siz,gelecek
12348,3562,dayandıracaklar,future,onlar,gelecek
12349,3563,işleniyorum,present,ben,şimdi
12350,3563,işleniyorsun,present,sen,şimdi
12351,3563,işleniyor,present,o,şimdi
12352,3563,işleniyoruz,present,biz,şimdi
12353,3563,işleniyorsunuz,present,siz,şimdi
12354,3563,işleniyorlar,present,onlar,şimdi
12355,3563,işlendim,past,ben,di
12356,3563,işlendin,past,sen,di
12357,3563,işlendi,past,o,di
12358,3563,işlendik,past,biz,di
12359,3563,işlendiniz,past,siz,di
12360,3563,işlendiler,past,onlar,di
12361,3563,işleneceğim,future,ben,gelecek
12362,3563,işleneceksin,future,sen,gelecek
12363,3563,işlenecek,future,o,gelecek
12364,3563,işleneceğiz,future,biz,gelecek
12365,3563,işleneceksiniz,future,siz,gelecek
12366,3563,işlenecekler,future,onlar,gelecek
12367,3564,soyutlanıyorum,present,ben,şimdi
12368,3564,soyutlanıyorsun,present,sen,şimdi
12369,3564,soyutlanıyor,present,o,şimdi
12370,3564,soyutlanıyoruz,present,biz,şimdi
12371,3564,soyutlanıyorsunuz,present,siz,şimdi
12372,3564,soyutlanıyorlar,present,onlar,şimdi
12373,3564,soyutlandım,past,ben,di
12374,3564,soyutlandın,past,sen,di
12375,3564,soyutlandı,past,o,di
12376,3564,soyutlandık,past,biz,di
12377,3564,soyutlandınız,past,siz,di
12378,3564,soyutlandılar,past,onlar,di
12379,3564,soyutlanacağım,future,ben,gelecek
12380,3564,soyutlanacaksın,future,sen,gelecek
12381,3564,soyutlanacak,future,o,gelecek
12382,3564,soyutlanacağız,future,biz,gelecek
12383,3564,soyutlanacaksınız,future,siz,gelecek
12384,3564,soyutlanacaklar,future,onlar,gelecek
12385,3565,türetiyorum,present,ben,şimdi
12386,3565,türetiyorsun,present,sen,şimdi
12387,3565,türetiyor,present,o,şimdi
12388,3565,türetiyoruz,present,biz,şimdi
12389,3565,türetiyorsunuz,present,siz,şimdi
12390,3565,türetiyorlar,present,onlar,şimdi
12391,3565,türettim,past,ben,di
12392,3565,türettin,past,sen,di
12393,3565,türetti,past,o,di
12394,3565,türettik,past,biz,di
12395,3565,türettiniz,past,siz,di
12396,3565,türettiler,past,onlar,di
12397,3565,türeteceğim,future,ben,gelecek
12398,3565,türeteceksin,future,sen,gelecek
12399,3565,türetecek,future,o,gelecek
12400,3565,türeteceğiz,future,biz,gelecek
12401,3565,türeteceksiniz,future,siz,gelecek
12402,3565,türetecekler,future,onlar,gelecek
