id,Слово,Перевод,Тип,Курс,Урок
1,ad (isim),"имя, наименование",İSİMLER,A1,UNITE1
2,ağaç,дерево,İSİMLER,A1,UNITE1
3,alkol,алкоголь,İSİMLER,A1,UNITE1
4,Almanya,Германия,İSİMLER,A1,UNITE1
5,anneler günü,день матери,İSİMLER,A1,UNITE1
6,araba,"автомобиль, машина",İSİMLER,A1,UNITE1
7,arkadaş,"друг, подруга, приятель",İSİMLER,A1,UNITE1
8,avukat,адвокат,İSİMLER,A1,UNITE1
9,Avusturya,Австрия,İSİMLER,A1,UNITE1
10,az,"мало, немного",İSİMLER,A1,UNITE1
11,baba,"отец, папа",İSİMLER,A1,UNITE1
12,bahçe,сад,İSİMLER,A1,UNITE1
13,balık,рыба,İSİMLER,A1,UNITE1
14,banka,банк,İSİMLER,A1,UNITE1
15,bardak,стакан,İSİMLER,A1,UNITE1
16,bay,господин,İSİMLER,A1,UNITE1
17,bayan,госпожа,İSİMLER,A1,UNITE1
18,bayram,праздник,İSİMLER,A1,UNITE1
19,bebek,"малыш, ребенок, младенец",İSİMLER,A1,UNITE1
20,bey,господин,İSİMLER,A1,UNITE1
21,bilet,билет,İSİMLER,A1,UNITE1
22,bilgisayar,компьютер,İSİMLER,A1,UNITE1
23,bulaşık,посуда,İSİMLER,A1,UNITE1
24,büro,"офис, бюро",İSİMLER,A1,UNITE1
25,büyük,"большой, крупный",İSİMLER,A1,UNITE1
26,cami,мечеть,İSİMLER,A1,UNITE1
27,cetvel,"линейка, правило, шкала, сетка",İSİMLER,A1,UNITE1
28,ceviz,грецкий орех,İSİMLER,A1,UNITE1
29,çamaşır,белье,İSİMLER,A1,UNITE1
30,çanta,сумка,İSİMLER,A1,UNITE1
31,çarşı,"базар, рынок",İSİMLER,A1,UNITE1
32,çay,чай,İSİMLER,A1,UNITE1
33,çiçek,цветок,İSİMLER,A1,UNITE1
34,Çin,Китай,İSİMLER,A1,UNITE1
35,çocuk,"ребенок, дитя",İSİMLER,A1,UNITE1
36,çok,много,İSİMLER,A1,UNITE1
37,defter,тетрадь,İSİMLER,A1,UNITE1
38,deniz,море,İSİMLER,A1,UNITE1
39,ders,урок,İSİMLER,A1,UNITE1
40,doğum günü,день рождения,İSİMLER,A1,UNITE1
41,doktor,"врач, доктор",İSİMLER,A1,UNITE1
42,dolap,шкаф,İSİMLER,A1,UNITE1
43,düğün,свадьба,İSİMLER,A1,UNITE1
44,eczane,аптека,İSİMLER,A1,UNITE1
45,ekmek,хлеб,İSİMLER,A1,UNITE1
46,elbise,платье,İSİMLER,A1,UNITE1
47,elma,яблоко,İSİMLER,A1,UNITE1
48,erkek,"мужчина, мужской",İSİMLER,A1,UNITE1
49,ev,дом,İSİMLER,A1,UNITE1
50,fare,мышь,İSİMLER,A1,UNITE1
51,fındık,"фундук, лещина",İSİMLER,A1,UNITE1
52,fırça,"щетка, кисть",İSİMLER,A1,UNITE1
53,film,фильм,İSİMLER,A1,UNITE1
54,Fransa,Франция,İSİMLER,A1,UNITE1
55,futbolcu,футболист,İSİMLER,A1,UNITE1
56,garson,официант,İSİMLER,A1,UNITE1
57,göz,глаз,İSİMLER,A1,UNITE1
58,gül,"роза, смех",İSİMLER,A1,UNITE1
59,güzel,"красивый, прекрасный",İSİMLER,A1,UNITE1
60,hâl,"состояние, положение",İSİMLER,A1,UNITE1
61,halı,ковер,İSİMLER,A1,UNITE1
62,hanım,госпожа,İSİMLER,A1,UNITE1
63,hastalık,болезнь,İSİMLER,A1,UNITE1
64,havuç,морковь,İSİMLER,A1,UNITE1
65,hayal,"мечта, фантазия",İSİMLER,A1,UNITE1
66,hemşire,"медсестра, сиделка",İSİMLER,A1,UNITE1
67,hiç,"никогда, вовсе, нисколько",İSİMLER,A1,UNITE1
68,ıspanak,шпинат,İSİMLER,A1,UNITE1
69,ızgara,"гриль, решетка",İSİMLER,A1,UNITE1
70,ideal,"идеал, идеальный",İSİMLER,A1,UNITE1
71,inek,корова,İSİMLER,A1,UNITE1
72,İngiltere,Англия,İSİMLER,A1,UNITE1
73,insan,человек,İSİMLER,A1,UNITE1
74,İspanya,Испания,İSİMLER,A1,UNITE1
75,iş,"работа, дело",İSİMLER,A1,UNITE1
76,İtalya,Италия,İSİMLER,A1,UNITE1
77,Japonya,Япония,İSİMLER,A1,UNITE1
78,jeton,"жетон, фишка",İSİMLER,A1,UNITE1
79,jilet,бритва,İSİMLER,A1,UNITE1
80,kadın,женщина,İSİMLER,A1,UNITE1
81,kafe,кафе,İSİMLER,A1,UNITE1
82,kahve,кофе,İSİMLER,A1,UNITE1
83,kalabalık,"толпа, скопление",İSİMLER,A1,UNITE1
84,kalem,"ручка, карандаш",İSİMLER,A1,UNITE1
85,kalp,сердце,İSİMLER,A1,UNITE1
86,kapı,дверь,İSİMLER,A1,UNITE1
87,kedi,"кот, кошка",İSİMLER,A1,UNITE1
88,kız,"девушка, дочь",İSİMLER,A1,UNITE1
89,kira,"арендная плата, съем",İSİMLER,A1,UNITE1
90,kişi,"человек, лицо, персона",İSİMLER,A1,UNITE1
91,kitap,книга,İSİMLER,A1,UNITE1
92,koltuk,"кресло, диван",İSİMLER,A1,UNITE1
93,Kore,Корея,İSİMLER,A1,UNITE1
94,köpek,"собака, пес",İSİMLER,A1,UNITE1
95,köy,деревня,İSİMLER,A1,UNITE1
96,kuş,птица,İSİMLER,A1,UNITE1
97,kutu,"коробка, банка",İSİMLER,A1,UNITE1
98,kütüphane,библиотека,İSİMLER,A1,UNITE1
99,lale,тюльпан,İSİMLER,A1,UNITE1
100,limon,лимон,İSİMLER,A1,UNITE1
101,lokanta,ресторан,İSİMLER,A1,UNITE1
102,lütfen,пожалуйста,İSİMLER,A1,UNITE1
103,mağaza,магазин,İSİMLER,A1,UNITE1
104,makas,ножницы,İSİMLER,A1,UNITE1
105,masa,стол,İSİMLER,A1,UNITE1
106,merdiven,лестница,İSİMLER,A1,UNITE1
107,meşgul,занятой,İSİMLER,A1,UNITE1
108,metro,метро,İSİMLER,A1,UNITE1
109,millet,"народ, нация",İSİMLER,A1,UNITE1
110,misal,пример,İSİMLER,A1,UNITE1
111,mühendis,инженер,İSİMLER,A1,UNITE1
112,nar,гранат,İSİMLER,A1,UNITE1
113,Nijerya,Нигерия,İSİMLER,A1,UNITE1
114,numara,"номер, цифра",İSİMLER,A1,UNITE1
115,oda,комната,İSİMLER,A1,UNITE1
116,orman,лес,İSİMLER,A1,UNITE1
117,otel,"гостиница, отель",İSİMLER,A1,UNITE1
118,otobüs,автобус,İSİMLER,A1,UNITE1
119,öğrenci,"ученик, студент",İSİMLER,A1,UNITE1
120,öğretmen,"учитель, преподаватель",İSİMLER,A1,UNITE1
121,ördek,утка,İSİMLER,A1,UNITE1
122,paket,"пакет, упаковка",İSİMLER,A1,UNITE1
123,para,деньги,İSİMLER,A1,UNITE1
124,pardösü,пальто,İSİMLER,A1,UNITE1
125,park,парк,İSİMLER,A1,UNITE1
126,patates,картофель,İSİMLER,A1,UNITE1
127,pencere,окно,İSİMLER,A1,UNITE1
128,petrol,нефть,İSİMLER,A1,UNITE1
129,piyano,пианино,İSİMLER,A1,UNITE1
130,polis,"полиция, полицейский",İSİMLER,A1,UNITE1
131,portakal,апельсин,İSİMLER,A1,UNITE1
132,postacı,почтальон,İSİMLER,A1,UNITE1
133,radyo,радио,İSİMLER,A1,UNITE1
134,resim,"рисунок, картина",İSİMLER,A1,UNITE1
135,rol,роль,İSİMLER,A1,UNITE1
136,roman,роман,İSİMLER,A1,UNITE1
137,Rusya,Россия,İSİMLER,A1,UNITE1
138,saat,"час, часы",İSİMLER,A1,UNITE1
139,saç,волосы,İSİMLER,A1,UNITE1
140,salon,"зал, гостиная",İSİMLER,A1,UNITE1
141,sandalye,стул,İSİMLER,A1,UNITE1
142,sembol,символ,İSİMLER,A1,UNITE1
143,seyahat,путешествие,İSİMLER,A1,UNITE1
144,sıra,"очередь, ряд",İSİMLER,A1,UNITE1
145,silgi,ластик,İSİMLER,A1,UNITE1
146,sokak,улица,İSİMLER,A1,UNITE1
147,soru,вопрос,İSİMLER,A1,UNITE1
148,sorun,"проблема, вопрос",İSİMLER,A1,UNITE1
149,sözlük,словарь,İSİMLER,A1,UNITE1
150,Suriye,Сирия,İSİMLER,A1,UNITE1
151,şarkıcı,"певец, певица",İSİMLER,A1,UNITE1
152,şemsiye,зонт,İSİMLER,A1,UNITE1
153,şişe,бутылка,İSİMLER,A1,UNITE1
154,tahta,"доска, дерево",İSİMLER,A1,UNITE1
155,tavuk,курица,İSİMLER,A1,UNITE1
156,telefon,телефон,İSİMLER,A1,UNITE1
157,temiz,чистый,İSİMLER,A1,UNITE1
158,top,"мяч, шар",İSİMLER,A1,UNITE1
159,turist,турист,İSİMLER,A1,UNITE1
160,Türkiye,Турция,İSİMLER,A1,UNITE1
161,uçak,самолет,İSİMLER,A1,UNITE1
162,uçurtma,воздушный змей,İSİMLER,A1,UNITE1
163,üzüm,виноград,İSİMLER,A1,UNITE1
164,vagon,вагон,İSİMLER,A1,UNITE1
165,vazo,ваза,İSİMLER,A1,UNITE1
166,yabancı,"иностранец, чужой, иностранный, посторонний",İSİMLER,A1,UNITE1
167,yemek,"еда, блюдо",İSİMLER,A1,UNITE1
168,yeni yıl,новый год,İSİMLER,A1,UNITE1
169,yıldız,звезда,İSİMLER,A1,UNITE1
170,yüzük,кольцо,İSİMLER,A1,UNITE1
171,zeytin,"оливка, маслина",İSİMLER,A1,UNITE1
172,zürafa,жираф,İSİMLER,A1,UNITE1
173,etmek,"делать, совершать",FİİLLER,A1,UNITE1
174,gelmek,"приходить, прибывать",FİİLLER,A1,UNITE1
175,görüşmek,"видеться, встречаться, обсуждать",FİİLLER,A1,UNITE1
176,olmak,"быть, становиться",FİİLLER,A1,UNITE1
177,Affedersiniz.,Извините.,KALIP İFADELER,A1,UNITE1
178,Afiyet olsun.,Приятного аппетита.,KALIP İFADELER,A1,UNITE1
179,Bol şanslar.,Удачи.,KALIP İFADELER,A1,UNITE1
180,Çok yaşa.,Будь здоров / Будьте здоровы.,KALIP İFADELER,A1,UNITE1
181,Geçmiş olsun.,Выздоравливай / Поправляйся.,KALIP İFADELER,A1,UNITE1
182,Görüşürüz / Görüşmek üzere.,До встречи.,KALIP İFADELER,A1,UNITE1
183,Güle güle.,Пока.,KALIP İFADELER,A1,UNITE1
184,Günaydın.,Доброе утро.,KALIP İFADELER,A1,UNITE1
185,Hoş bulduk.,Добро пожаловать (в ответ).,KALIP İFADELER,A1,UNITE1
186,Hoş geldin.,Добро пожаловать.,KALIP İFADELER,A1,UNITE1
187,Hoşça kal.,До свидания.,KALIP İFADELER,A1,UNITE1
188,Lütfen.,Пожалуйста.,KALIP İFADELER,A1,UNITE1
189,Merhaba.,Здравствуйте.,KALIP İFADELER,A1,UNITE1
190,Özür dilerim.,Прошу прощения.,KALIP İFADELER,A1,UNITE1
191,Rica ederim.,"Пожалуйста (в ответ), не за что.",KALIP İFADELER,A1,UNITE1
192,Tamam.,"Хорошо, ладно.",KALIP İFADELER,A1,UNITE1
193,Tebrikler.,Поздравляю.,KALIP İFADELER,A1,UNITE1
194,Üzgünüm.,Мне жаль.,KALIP İFADELER,A1,UNITE1
195,aç,"голодный, голод",İSİMLER,A1,UNITE2
196,açık,"открытый, понятный, включенный",İSİMLER,A1,UNITE2
197,adres,адрес,İSİMLER,A1,UNITE2
198,akşam,вечер,İSİMLER,A1,UNITE2
199,alışveriş,"покупки, шопинг",İSİMLER,A1,UNITE2
200,alışveriş merkezi,торговый центр,İSİMLER,A1,UNITE2
201,alt,"низ, нижний",İSİMLER,A1,UNITE2
202,anahtar,ключ,İSİMLER,A1,UNITE2
203,artı,плюс,İSİMLER,A1,UNITE2
204,ay,"месяц, луна",İSİMLER,A1,UNITE2
14,banka,банк,İSİMLER,A1,UNITE2
205,başarılı,успешный,İSİMLER,A1,UNITE2
206,bekâr,"холостяк, незамужняя, неженатый",İSİMLER,A1,UNITE2
207,bina,здание,İSİMLER,A1,UNITE2
208,birçok,"много, множество",İSİMLER,A1,UNITE2
209,boş,"пустой, свободный",İSİMLER,A1,UNITE2
210,bölü,делить,İSİMLER,A1,UNITE2
211,bugün,сегодня,İSİMLER,A1,UNITE2
212,burada,"здесь, тут",İSİMLER,A1,UNITE2
213,bütün,"весь, целый",İSİMLER,A1,UNITE2
214,cesur,"смелый, храбрый",İSİMLER,A1,UNITE2
215,ciddi,серьезный,İSİMLER,A1,UNITE2
216,çalışkan,"трудолюбивый, усердный",İSİMLER,A1,UNITE2
217,çarpı,умножить,İSİMLER,A1,UNITE2
218,çirkin,"некрасивый, уродливый",İSİMLER,A1,UNITE2
219,çöp kutusu,"мусорное ведро, урна",İSİMLER,A1,UNITE2
220,çünkü,потому что,İSİMLER,A1,UNITE2
221,dağınık,"неаккуратный, беспорядочный",İSİMLER,A1,UNITE2
222,dar,"узкий, тесный",İSİMLER,A1,UNITE2
223,dergi,журнал,İSİMLER,A1,UNITE2
224,dikkatli,"внимательный, осторожный",İSİMLER,A1,UNITE2
225,dikkatsiz,"невнимательный, неосторожный",İSİMLER,A1,UNITE2
226,doğum tarihi,дата рождения,İSİMLER,A1,UNITE2
227,dolu,полный,İSİMLER,A1,UNITE2
228,domates,помидор,İSİMLER,A1,UNITE2
229,dosya,"файл, папка",İSİMLER,A1,UNITE2
230,durak,остановка,İSİMLER,A1,UNITE2
231,duvar,стена,İSİMLER,A1,UNITE2
232,düzenli,"аккуратный, организованный, регулярный",İSİMLER,A1,UNITE2
233,eczacı,"фармацевт, аптекарь",İSİMLER,A1,UNITE2
234,eğlenceli,"веселый, занимательный, интересный",İSİMLER,A1,UNITE2
235,eksi,"минус, отрицательный",İSİMLER,A1,UNITE2
236,evli,"женатый, замужняя",İSİMLER,A1,UNITE2
237,fakir,бедный,İSİMLER,A1,UNITE2
238,fark,"разница, различие",İSİMLER,A1,UNITE2
239,fırın,"печь, пекарня, духовка",İSİMLER,A1,UNITE2
240,gazete,газета,İSİMLER,A1,UNITE2
241,genç,"молодой, юный",İSİMLER,A1,UNITE2
242,genellikle,"обычно, как правило",İSİMLER,A1,UNITE2
243,geniş,"широкий, просторный",İSİMLER,A1,UNITE2
244,güçlü,"сильный, мощный",İSİMLER,A1,UNITE2
245,güçsüz,"слабый, бессильный",İSİMLER,A1,UNITE2
246,gün,день,İSİMLER,A1,UNITE2
247,gündüz,"день, дневное время",İSİMLER,A1,UNITE2
248,hafta sonu,выходные,İSİMLER,A1,UNITE2
249,hasta,"больной, пациент",İSİMLER,A1,UNITE2
250,hastane,больница,İSİMLER,A1,UNITE2
251,her,каждый,İSİMLER,A1,UNITE2
252,her zaman,всегда,İSİMLER,A1,UNITE2
253,hızlı,"быстрый, скорый",İSİMLER,A1,UNITE2
254,içecek,напиток,İSİMLER,A1,UNITE2
255,istasyon,"станция, вокзал",İSİMLER,A1,UNITE2
256,iyi,хороший,İSİMLER,A1,UNITE2
257,kaç,сколько?,İSİMLER,A1,UNITE2
258,kaçıncı,"сколько, который (по счету)",İSİMLER,A1,UNITE2
259,kantin,"столовая, буфет",İSİMLER,A1,UNITE2
260,kapalı,закрытый,İSİMLER,A1,UNITE2
261,kasap,мясник,İSİMLER,A1,UNITE2
262,kasiyer,кассир,İSİMLER,A1,UNITE2
263,kat,"этаж, слой",İSİMLER,A1,UNITE2
264,kırmızı,красный,İSİMLER,A1,UNITE2
265,kıskanç,"ревнивый, завистливый",İSİMLER,A1,UNITE2
266,kibar,"вежливый, любезный",İSİMLER,A1,UNITE2
267,kilo,"килограмм, вес",İSİMLER,A1,UNITE2
268,kitaplık,"книжный шкаф, библиотека",İSİMLER,A1,UNITE2
269,kolay,"легкий, простой",İSİMLER,A1,UNITE2
270,komik,"смешной, комичный",İSİMLER,A1,UNITE2
271,konuşkan,"разговорчивый, общительный",İSİMLER,A1,UNITE2
272,koridor,коридор,İSİMLER,A1,UNITE2
273,kötü,"плохой, злой",İSİMLER,A1,UNITE2
274,kuaför,парикмахер,İSİMLER,A1,UNITE2
275,kuyumcu,ювелир,İSİMLER,A1,UNITE2
276,lamba,лампа,İSİMLER,A1,UNITE2
277,mahalle,"квартал, район",İSİMLER,A1,UNITE2
278,manav,"овощной магазин, зеленщик",İSİMLER,A1,UNITE2
279,market,"магазин, рынок",İSİMLER,A1,UNITE2
280,mutfak,кухня,İSİMLER,A1,UNITE2
281,mutlu,"счастливый, довольный",İSİMLER,A1,UNITE2
282,mutsuz,"несчастный, недовольный",İSİMLER,A1,UNITE2
283,nerede,где,İSİMLER,A1,UNITE2
284,nesne,"предмет, вещь",İSİMLER,A1,UNITE2
285,niçin,"почему, зачем",İSİMLER,A1,UNITE2
286,ocak,"январь, плита",İSİMLER,A1,UNITE2
287,ofis,офис,İSİMLER,A1,UNITE2
288,orada,там,İSİMLER,A1,UNITE2
289,öğleden sonra,"после полудня, послеобеденное время",İSİMLER,A1,UNITE2
290,önemli,"важный, значительный",İSİMLER,A1,UNITE2
291,önemsiz,"неважный, незначительный",İSİMLER,A1,UNITE2
292,pahalı,дорогой,İSİMLER,A1,UNITE2
293,pastane,кондитерская,İSİMLER,A1,UNITE2
294,pembe,розовый,İSİMLER,A1,UNITE2
295,postane,почта,İSİMLER,A1,UNITE2
296,projektör,проектор,İSİMLER,A1,UNITE2
297,psikolog,психолог,İSİMLER,A1,UNITE2
298,resepsiyonist,"администратор, секретарь (на ресепшене)",İSİMLER,A1,UNITE2
299,sabah,утро,İSİMLER,A1,UNITE2
300,sakin,"спокойный, тихий",İSİMLER,A1,UNITE2
301,sayı,"число, цифра",İSİMLER,A1,UNITE2
302,sehpa,журнальный столик,İSİMLER,A1,UNITE2
303,sekreter,секретарь,İSİMLER,A1,UNITE2
304,semt,"район, квартал",İSİMLER,A1,UNITE2
305,sessiz,"тихий, молчаливый",İSİMLER,A1,UNITE2
306,sıcak,"горячий, теплый",İSİMLER,A1,UNITE2
307,sıfat,прилагательное,İSİMLER,A1,UNITE2
308,sinirli,"нервный, раздражительный",İSİMLER,A1,UNITE2
309,sosyal,"социальный, общительный",İSİMLER,A1,UNITE2
310,soyadı,фамилия,İSİMLER,A1,UNITE2
311,şehir,город,İSİMLER,A1,UNITE2
312,şimdi,сейчас,İSİMLER,A1,UNITE2
313,şişman,"толстый, полный",İSİMLER,A1,UNITE2
314,tabak,тарелка,İSİMLER,A1,UNITE2
315,tarih,"дата, история",İSİMLER,A1,UNITE2
316,tatil,"отпуск, праздник, каникулы",İSİMLER,A1,UNITE2
317,tehlikeli,опасный,İSİMLER,A1,UNITE2
318,tembel,ленивый,İSİMLER,A1,UNITE2
319,tezgâhtar,продавец,İSİMLER,A1,UNITE2
320,tuzlu,соленый,İSİMLER,A1,UNITE2
321,ucuz,дешевый,İSİMLER,A1,UNITE2
322,uzak,"далекий, удаленный",İSİMLER,A1,UNITE2
323,üst,"верх, верхний",İSİMLER,A1,UNITE2
324,var,"есть, имеется",İSİMLER,A1,UNITE2
325,yakın,"близкий, рядом",İSİMLER,A1,UNITE2
326,yastık,подушка,İSİMLER,A1,UNITE2
327,yaş,"возраст, лет, мокрый",İSİMLER,A1,UNITE2
328,yaşlı,"старый, пожилой",İSİMLER,A1,UNITE2
329,yavaş,медленный,İSİMLER,A1,UNITE2
330,yazı tahtası,классная доска,İSİMLER,A1,UNITE2
331,yer,"место, пространство",İSİMLER,A1,UNITE2
332,yıl,год,İSİMLER,A1,UNITE2
333,yiyecek,"еда, продукты",İSİMLER,A1,UNITE2
334,yoğun,"густой, плотный, занятой",İSİMLER,A1,UNITE2
335,yok,"нет, отсутствует",İSİMLER,A1,UNITE2
336,yorgun,усталый,İSİMLER,A1,UNITE2
337,zamir,местоимение,İSİMLER,A1,UNITE2
338,zayıf,"слабый, худой",İSİMLER,A1,UNITE2
339,zengin,богатый,İSİMLER,A1,UNITE2
340,aramak,"искать, звонить",FİİLLER,A1,UNITE2
341,açık büfe,"свободный доступ, шведский стол",İSİMLER,A1,UNITE3
342,anne,мама,İSİMLER,A1,UNITE3
343,aynı,"тот же самый, одинаковый",İSİMLER,A1,UNITE3
344,bale,балет,İSİMLER,A1,UNITE3
345,bavul,"чемодан, багаж",İSİMLER,A1,UNITE3
346,beraber,"вместе, совместно",İSİMLER,A1,UNITE3
347,biletçi,"билетер, кассир",İSİMLER,A1,UNITE3
348,bilgisayar oyunu,компьютерная игра,İSİMLER,A1,UNITE3
349,borç,долг,İSİMLER,A1,UNITE3
350,boş zaman,свободное время,İSİMLER,A1,UNITE3
351,büfe,"буфет, стойка, киоск",İSİMLER,A1,UNITE3
352,cevap,ответ,İSİMLER,A1,UNITE3
353,dans,танец,İSİMLER,A1,UNITE3
354,değişik,"разный, другой, различный",İSİMLER,A1,UNITE3
355,dışarı,"наружу, снаружи, вовне",İSİMLER,A1,UNITE3
356,dizi,"сериал, ряд, последовательность",İSİMLER,A1,UNITE3
357,ekonomi,экономика,İSİMLER,A1,UNITE3
358,erken,рано,İSİMLER,A1,UNITE3
359,eski,"старый, бывший, прежний, древний",İSİMLER,A1,UNITE3
360,eş,"супруг, супруга, пара, ровня",İSİMLER,A1,UNITE3
361,ev hanımı,домохозяйка,İSİMLER,A1,UNITE3
362,fabrika,"фабрика, завод",İSİMLER,A1,UNITE3
363,farklı,"различный, другой, отличающийся",İSİMLER,A1,UNITE3
364,fikir,"идея, мысль, мнение",İSİMLER,A1,UNITE3
53,film,фильм,İSİMLER,A1,UNITE3
365,futbol,футбол,İSİMLER,A1,UNITE3
366,futbol maçı,футбольный матч,İSİMLER,A1,UNITE3
367,geç,поздно,İSİMLER,A1,UNITE3
368,gezi,"экскурсия, поездка, путешествие",İSİMLER,A1,UNITE3
369,gitar,гитара,İSİMLER,A1,UNITE3
370,gösteri,"шоу, представление, демонстрация",İSİMLER,A1,UNITE3
371,hafta içi,будний день,İSİMLER,A1,UNITE3
372,hava,"погода, воздух",İSİMLER,A1,UNITE3
373,hayat,жизнь,İSİMLER,A1,UNITE3
374,hazır,"готовый, подготовленный",İSİMLER,A1,UNITE3
375,hediye,подарок,İSİMLER,A1,UNITE3
376,heyecanlı,"взволнованный, возбужденный, волнующий, захватывающий",İSİMLER,A1,UNITE3
377,hiçbir zaman,никогда,İSİMLER,A1,UNITE3
378,hukuk,"право, юриспруденция, закон",İSİMLER,A1,UNITE3
379,içeri,"внутрь, внутрь, вовнутрь",İSİMLER,A1,UNITE3
380,iş yeri,рабочее место,İSİMLER,A1,UNITE3
381,işadamı,бизнесмен,İSİMLER,A1,UNITE3
382,işçi,рабочий,İSİMLER,A1,UNITE3
383,kampus,кампус,İSİMLER,A1,UNITE3
384,kanepe,диван,İSİMLER,A1,UNITE3
385,kebap,кебаб,İSİMLER,A1,UNITE3
386,kızgın,"злой, сердитый, разгневанный",İSİMLER,A1,UNITE3
387,konser,концерт,İSİMLER,A1,UNITE3
388,kulüp,клуб,İSİMLER,A1,UNITE3
389,litre,литр,İSİMLER,A1,UNITE3
390,maç,"матч, игра",İSİMLER,A1,UNITE3
391,memur,"служащий, чиновник, клерк",İSİMLER,A1,UNITE3
392,mp3 çalar,mp3-плеер,İSİMLER,A1,UNITE3
393,müsait,"свободный, доступный, имеющийся в наличии",İSİMLER,A1,UNITE3
394,müşteri,"клиент, покупатель, заказчик",İSİMLER,A1,UNITE3
395,nefes,"дыхание, вздох",İSİMLER,A1,UNITE3
396,normal,"нормальный, обычный, нормальный",İSİMLER,A1,UNITE3
397,opera,опера,İSİMLER,A1,UNITE3
398,öğlen,полдень,İSİMLER,A1,UNITE3
399,öğrenci işleri,отдел по работе со студентами,İSİMLER,A1,UNITE3
400,pijama,пижама,İSİMLER,A1,UNITE3
401,restoran,ресторан,İSİMLER,A1,UNITE3
402,sabahları,по утрам,İSİMLER,A1,UNITE3
403,sağlıklı,"здоровый, полезный",İSİMLER,A1,UNITE3
404,sefer,"рейс, попытка, раз",İSİMLER,A1,UNITE3
405,sergi,"выставка, экспозиция",İSİMLER,A1,UNITE3
406,site,"жилой комплекс, сайт, местность",İSİMLER,A1,UNITE3
407,şarkı,песня,İSİMLER,A1,UNITE3
408,şiir,"стихотворение, поэзия",İSİMLER,A1,UNITE3
409,terlik,тапочки,İSİMLER,A1,UNITE3
410,tiyatro,театр,İSİMLER,A1,UNITE3
411,tur,"тур, поездка, экскурсия",İSİMLER,A1,UNITE3
412,tür,"вид, тип, сорт",İSİMLER,A1,UNITE3
413,uygun,"подходящий, удобный",İSİMLER,A1,UNITE3
414,vapur,паром,İSİMLER,A1,UNITE3
415,yalan,"ложь, неправда",İSİMLER,A1,UNITE3
416,yanlış,"неправильный, ошибочный",İSİMLER,A1,UNITE3
417,yemekhane,"столовая, зал для приема пищи",İSİMLER,A1,UNITE3
418,yeni,"новый, молодой",İSİMLER,A1,UNITE3
419,yolcu,"пассажир, путешественник",İSİMLER,A1,UNITE3
420,yorum,"комментарий, отзыв, толкование",İSİMLER,A1,UNITE3
421,yurt,"общежитие, родина",İSİMLER,A1,UNITE3
422,zaman,время,İSİMLER,A1,UNITE3
423,açmak,"открывать, включать, зажигать",FİİLLER,A1,UNITE3
424,anlamak,понимать,FİİLLER,A1,UNITE3
425,bakmak,"смотреть, ухаживать, проверять",FİİLLER,A1,UNITE3
426,banyo yapmak,принимать ванну,FİİLLER,A1,UNITE3
427,başlamak,начинать,FİİLLER,A1,UNITE3
428,bayılmak,"падать в обморок, обожать",FİİLLER,A1,UNITE3
429,beslenmek,"питаться, кормиться",FİİLLER,A1,UNITE3
430,bilmek,знать,FİİLLER,A1,UNITE3
431,binmek,"садиться, садиться (на транспорт), взбираться",FİİLLER,A1,UNITE3
432,biriktirmek,"собирать, накапливать, коллекционировать",FİİLLER,A1,UNITE3
433,bitmek,"заканчиваться, кончаться",FİİLLER,A1,UNITE3
434,buluşmak,"встречаться, свидание",FİİLLER,A1,UNITE3
435,çalışmak,"работать, стараться, играть (на инструменте)",FİİLLER,A1,UNITE3
436,çıkmak,"выходить, появляться, подниматься, сходить",FİİLLER,A1,UNITE3
437,demek,"говорить, означать",FİİLLER,A1,UNITE3
438,dinlemek,слушать,FİİLLER,A1,UNITE3
439,dinlenmek,отдыхать,FİİLLER,A1,UNITE3
440,dolaşmak,"гулять, бродить, вращаться",FİİLLER,A1,UNITE3
441,dönmek,"возвращаться, поворачивать",FİİLLER,A1,UNITE3
442,durmak,"стоять, останавливаться",FİİLLER,A1,UNITE3
443,duş almak,принимать душ,FİİLLER,A1,UNITE3
444,fotoğraf çekmek,фотографировать,FİİLLER,A1,UNITE3
445,geçmek,"проходить, проезжать, сдавать (экзамен)",FİİLLER,A1,UNITE3
446,gezmek,"путешествовать, гулять, осматривать",FİİLLER,A1,UNITE3
447,girmek,"входить, поступать",FİİLLER,A1,UNITE3
448,gitmek,"идти, ехать",FİİLLER,A1,UNITE3
449,hazırlamak,"готовить, подготавливать",FİİLLER,A1,UNITE3
450,hazırlanmak,"готовиться, собираться",FİİLLER,A1,UNITE3
451,hoşlanmak,"нравиться, любить",FİİLLER,A1,UNITE3
452,internete girmek,"выходить в интернет, заходить в интернет",FİİLLER,A1,UNITE3
453,izlemek,"смотреть, наблюдать, следить",FİİLLER,A1,UNITE3
454,kahvaltı etmek,завтракать,FİİLLER,A1,UNITE3
455,kalkmak,"вставать, подниматься",FİİLLER,A1,UNITE3
456,kalmak,"оставаться, останавливаться",FİİLLER,A1,UNITE3
457,kapatmak,"закрывать, выключать",FİİLLER,A1,UNITE3
458,kontrol etmek,"проверять, контролировать",FİİLLER,A1,UNITE3
459,konuşmak,"говорить, разговаривать",FİİLLER,A1,UNITE3
460,korkmak,"бояться, пугаться",FİİLLER,A1,UNITE3
461,koşmak,бегать,FİİLLER,A1,UNITE3
462,koymak,"ставить, класть",FİİLLER,A1,UNITE3
463,kullanmak,"использовать, применять, пользоваться",FİİLLER,A1,UNITE3
464,nefret etmek,ненавидеть,FİİLLER,A1,UNITE3
465,okumak,"читать, учиться (в учебном заведении)",FİİLLER,A1,UNITE3
466,oturmak,"сидеть, жить (где-либо)",FİİLLER,A1,UNITE3
467,oynamak,играть,FİİLLER,A1,UNITE3
468,öğrenmek,"узнавать, учить, изучать",FİİLLER,A1,UNITE3
469,özlemek,"скучать, тосковать",FİİLLER,A1,UNITE3
470,para çekmek,"снимать деньги (с карты, счета)",FİİLLER,A1,UNITE3
471,pişirmek,"готовить (еду), печь, варить",FİİLLER,A1,UNITE3
472,sanmak,"думать, полагать",FİİLLER,A1,UNITE3
473,sevmek,любить,FİİLLER,A1,UNITE3
474,sıkılmak,"скучать, уставать (от безделья), надоедать",FİİLLER,A1,UNITE3
475,sohbet etmek,"беседовать, болтать",FİİLLER,A1,UNITE3
476,sormak,спрашивать,FİİLLER,A1,UNITE3
477,söylemek,"говорить, рассказывать",FİİLLER,A1,UNITE3
478,spor yapmak,заниматься спортом,FİİLLER,A1,UNITE3
479,stres atmak,"снимать стресс, разряжаться",FİİLLER,A1,UNITE3
480,tanımak,"знать, узнавать, признавать",FİİLLER,A1,UNITE3
481,tanışmak,знакомиться,FİİLLER,A1,UNITE3
482,tekrar etmek,повторять,FİİLLER,A1,UNITE3
483,temizlemek,"чистить, убирать",FİİLLER,A1,UNITE3
484,tırmanmak,"карабкаться, взбираться",FİİLLER,A1,UNITE3
485,uyumak,спать,FİİLLER,A1,UNITE3
486,uzanmak,"ложиться, протягиваться, тянуться",FİİLLER,A1,UNITE3
487,varmak,"прибывать, достигать",FİİLLER,A1,UNITE3
488,vermek,давать,FİİLLER,A1,UNITE3
489,yapmak,"делать, строить",FİİLLER,A1,UNITE3
490,yardım etmek,помогать,FİİLLER,A1,UNITE3
491,yardım istemek,просить о помощи,FİİLLER,A1,UNITE3
492,yaşamak,жить,FİİLLER,A1,UNITE3
493,yatmak,"ложиться спать, лежать",FİİLLER,A1,UNITE3
494,yazmak,писать,FİİLLER,A1,UNITE3
167,yemek,есть,FİİLLER,A1,UNITE3
495,yorulmak,уставать,FİİLLER,A1,UNITE3
496,yürümek,"ходить, гулять",FİİLLER,A1,UNITE3
497,yüzmek,плавать,FİİLLER,A1,UNITE3
498,bol bol,"много, в большом количестве, вдоволь",KALIP İFADELER,A1,UNITE3
499,inşallah,"если Бог даст, дай Бог, надеюсь",KALIP İFADELER,A1,UNITE3
500,abla,сестра (старшая),İSİMLER,A1,UNITE4
501,ağabey,брат (старший),İSİMLER,A1,UNITE4
502,ağız,рот,İSİMLER,A1,UNITE4
503,aile,семья,İSİMLER,A1,UNITE4
504,amca,дядя (по отцу),İSİMLER,A1,UNITE4
505,anadil,"родной язык, материнский язык",İSİMLER,A1,UNITE4
202,anahtar,ключ,İSİMLER,A1,UNITE4
506,anaokulu,детский сад,İSİMLER,A1,UNITE4
507,anneanne,бабушка (по матери),İSİMLER,A1,UNITE4
508,babaanne,бабушка (по отцу),İSİMLER,A1,UNITE4
509,boyun,шея,İSİMLER,A1,UNITE4
510,burun,нос,İSİMLER,A1,UNITE4
511,dayı,дядя (по матери),İSİMLER,A1,UNITE4
512,dede,дедушка,İSİMLER,A1,UNITE4
513,diş,зуб,İSİMLER,A1,UNITE4
514,erkek kardeş,брат (младший),İSİMLER,A1,UNITE4
515,hala,тётя (по отцу),İSİMLER,A1,UNITE4
516,havuz,"бассейн, пруд",İSİMLER,A1,UNITE4
517,ilkokul,начальная школа,İSİMLER,A1,UNITE4
518,karı,"жена, баба",İSİMLER,A1,UNITE4
519,kız kardeş,сестра (младшая),İSİMLER,A1,UNITE4
520,koca,"муж, супруг",İSİMLER,A1,UNITE4
521,kol,"рука (от плеча до кисти), рукав",İSİMLER,A1,UNITE4
522,lise,"лицей, средняя школа (старшие классы)",İSİMLER,A1,UNITE4
523,manto,пальто,İSİMLER,A1,UNITE4
524,mektup,"письмо, послание",İSİMLER,A1,UNITE4
525,omuz,плечо,İSİMLER,A1,UNITE4
526,ortaokul,средняя школа (младшие классы),İSİMLER,A1,UNITE4
527,satranç,шахматы,İSİMLER,A1,UNITE4
528,şirket,"компания, фирма, общество",İSİMLER,A1,UNITE4
529,teneffüs,"перемена, перерыв, отдых",İSİMLER,A1,UNITE4
530,teyze,тётя (по матери),İSİMLER,A1,UNITE4
531,üniversite,университет,İSİMLER,A1,UNITE4
532,ütü,утюг,İSİMLER,A1,UNITE4
533,yabancı dil,иностранный язык,İSİMLER,A1,UNITE4
534,yaramaz,"непослушный, озорной, шаловливый",İSİMLER,A1,UNITE4
535,zevkli,"приятный, интересный, доставляющий удовольствие",İSİMLER,A1,UNITE4
536,almak,"брать, брать, принимать, покупать",FİİLLER,A1,UNITE4
537,dans etmek,танцевать,FİİLLER,A1,UNITE4
538,çalmak,"играть (на инструменте), красть, звонить (в колокол)",FİİLLER,A1,UNITE4
539,hissetmek,"чувствовать, ощущать",FİİLLER,A1,UNITE4
494,yazmak,"писать, записывать",FİİLLER,A1,UNITE4
540,göndermek,"посылать, отправлять",FİİLLER,A1,UNITE4
467,oynamak,играть,FİİLLER,A1,UNITE4
541,öğretmek,"учить, обучать, преподавать",FİİLLER,A1,UNITE4
542,telefon etmek,звонить по телефону,FİİLLER,A1,UNITE4
543,ağustos,август,İSİMLER,A1,UNITE5
544,ajanda,"блокнот, ежедневник, повестка дня",İSİMLER,A1,UNITE5
545,akıl,"ум, разум, рассудок",İSİMLER,A1,UNITE5
546,anma,"память, воспоминание, поминовение",İSİMLER,A1,UNITE5
547,aralık,"декабрь, промежуток, зазор",İSİMLER,A1,UNITE5
548,ateş,"огонь, жар, температура",İSİMLER,A1,UNITE5
549,balayı,медовый месяц,İSİMLER,A1,UNITE5
550,biricik,"единственный, неповторимый",İSİMLER,A1,UNITE5
551,birlikte,"вместе, совместно",İSİMLER,A1,UNITE5
552,birliktelik,"сожительство, совместная жизнь, отношения",İSİMLER,A1,UNITE5
553,boya,"краска, краситель",İSİMLER,A1,UNITE5
554,buçuk,"половина, с половиной",İSİMLER,A1,UNITE5
555,cimri,"скупой, жадный",İSİMLER,A1,UNITE5
556,cuma,пятница,İSİMLER,A1,UNITE5
557,cumartesi,суббота,İSİMLER,A1,UNITE5
558,çarşamba,среда,İSİMLER,A1,UNITE5
559,çeşitli,"разнообразный, различный",İSİMLER,A1,UNITE5
560,çeyrek,"четверть, пятнадцать минут",İSİMLER,A1,UNITE5
561,çorba,"суп, похлебка",İSİMLER,A1,UNITE5
562,çoşku,"энтузиазм, воодушевление, подъем",İSİMLER,A1,UNITE5
563,dakika,минута,İSİMLER,A1,UNITE5
564,dilek,"желание, просьба",İSİMLER,A1,UNITE5
565,dini,религиозный,İSİMLER,A1,UNITE5
566,dişçi,"зубной врач, дантист",İSİMLER,A1,UNITE5
567,dolunay,полная луна,İSİMLER,A1,UNITE5
568,düğüm,"узел, петля",İSİMLER,A1,UNITE5
569,egemenlik,"суверенитет, господство",İSİMLER,A1,UNITE5
570,ekim,октябрь,İSİMLER,A1,UNITE5
571,evlilik,"брак, замужество, женитьба",İSİMLER,A1,UNITE5
572,eylül,сентябрь,İSİMLER,A1,UNITE5
573,galeri,галерея,İSİMLER,A1,UNITE5
574,gelecek,"будущее, следующий",İSİMLER,A1,UNITE5
575,gençlik,"молодость, юность",İSİMLER,A1,UNITE5
576,geveze,"болтливый, разговорчивый",İSİMLER,A1,UNITE5
577,harf,буква,İSİMLER,A1,UNITE5
578,hazırlık,"подготовка, готовка",İSİMLER,A1,UNITE5
579,haziran,июнь,İSİMLER,A1,UNITE5
580,hece,слог,İSİMLER,A1,UNITE5
581,heyecan,"волнение, азарт, возбуждение",İSİMLER,A1,UNITE5
582,ilkbahar,весна,İSİMLER,A1,UNITE5
583,kasım,ноябрь,İSİMLER,A1,UNITE5
584,kaza,"авария, несчастный случай, происшествие",İSİMLER,A1,UNITE5
585,kış,зима,İSİMLER,A1,UNITE5
586,kurum,"учреждение, организация, сажа",İSİMLER,A1,UNITE5
587,kutlama,"празднование, поздравление",İSİMLER,A1,UNITE5
588,kültür,культура,İSİMLER,A1,UNITE5
589,marş,"гимн, марш",İSİMLER,A1,UNITE5
590,mart,март,İSİMLER,A1,UNITE5
591,mavi,"синий, голубой",İSİMLER,A1,UNITE5
592,mayıs,май,İSİMLER,A1,UNITE5
593,mevsim,"время года, сезон",İSİMLER,A1,UNITE5
594,mezuniyet,"окончание (учебного заведения), выпуск",İSİMLER,A1,UNITE5
595,milli,национальный,İSİMLER,A1,UNITE5
596,mola,"перерыв, привал",İSİMLER,A1,UNITE5
597,mor,"фиолетовый, сиреневый",İSİMLER,A1,UNITE5
598,nice,"много, долгий",İSİMLER,A1,UNITE5
599,nikah,"бракосочетание, свадебный обряд",İSİMLER,A1,UNITE5
600,nisan,апрель,İSİMLER,A1,UNITE5
601,odun,дрова,İSİMLER,A1,UNITE5
602,ömür,"жизнь, век, срок жизни",İSİMLER,A1,UNITE5
603,palto,пальто,İSİMLER,A1,UNITE5
604,pazar,"воскресенье, базар",İSİMLER,A1,UNITE5
605,pazartesi,понедельник,İSİMLER,A1,UNITE5
606,perşembe,четверг,İSİMLER,A1,UNITE5
607,program,"программа, план",İSİMLER,A1,UNITE5
608,randevu,"встреча, свидание, прием (у врача)",İSİMLER,A1,UNITE5
609,resmi,"официальный, формальный",İSİMLER,A1,UNITE5
610,rezervasyon,"бронирование, резервирование",İSİMLER,A1,UNITE5
611,salı,вторник,İSİMLER,A1,UNITE5
612,saniye,секунда,İSİMLER,A1,UNITE5
613,sarı,желтый,İSİMLER,A1,UNITE5
614,saygıdeğer,"уважаемый, достопочтенный",İSİMLER,A1,UNITE5
615,sevgili,"любимый, дорогой, возлюбленный",İSİMLER,A1,UNITE5
616,sonbahar,осень,İSİMLER,A1,UNITE5
617,sürpriz,сюрприз,İSİMLER,A1,UNITE5
618,şubat,февраль,İSİMLER,A1,UNITE5
619,temmuz,июль,İSİMLER,A1,UNITE5
620,toplantı,"собрание, встреча, заседание",İSİMLER,A1,UNITE5
621,ulusal,"национальный, народный",İSİMLER,A1,UNITE5
622,vakit,"время, пора",İSİMLER,A1,UNITE5
623,yaz,"лето, письмо",İSİMLER,A1,UNITE5
624,yeşil,зеленый,İSİMLER,A1,UNITE5
625,yılbaşı,новый год,İSİMLER,A1,UNITE5
626,yıldönümü,"годовщина, юбилей",İSİMLER,A1,UNITE5
627,zafer,"победа, триумф",İSİMLER,A1,UNITE5
628,zorluk,"трудность, сложность",İSİMLER,A1,UNITE5
629,asmak,"вешать, подвешивать, повесить",FİİLLER,A1,UNITE5
630,atlamak,"прыгать, перепрыгивать",FİİLLER,A1,UNITE5
631,atmak,"бросать, кидать",FİİLLER,A1,UNITE5
632,beklemek,ждать,FİİLLER,A1,UNITE5
633,benzemek,"быть похожим, напоминать",FİİLLER,A1,UNITE5
634,devam etmek,"продолжать, продолжаться",FİİLLER,A1,UNITE5
635,dilemek,"желать, просить",FİİLLER,A1,UNITE5
636,doğmak,"рождаться, всходить (о солнце)",FİİLLER,A1,UNITE5
637,evlenmek,"жениться, выходить замуж",FİİLLER,A1,UNITE5
638,gecikmek,"опаздывать, задерживаться",FİİLLER,A1,UNITE5
639,heyecanlanmak,"волноваться, возбуждаться",FİİLLER,A1,UNITE5
640,kapanmak,"закрываться, затворяться",FİİLLER,A1,UNITE5
641,karşılamak,"встречать, приветствовать, соответствовать",FİİLLER,A1,UNITE5
642,katılmak,"участвовать, присоединяться, вступать",FİİLLER,A1,UNITE5
643,korumak,"защищать, охранять, беречь",FİİLLER,A1,UNITE5
644,kutlamak,"праздновать, поздравлять",FİİLLER,A1,UNITE5
645,kutlu olmak,"быть благословенным, счастливым",FİİLLER,A1,UNITE5
646,öpmek,целовать,FİİLLER,A1,UNITE5
647,satın almak,"покупать, приобретать",FİİLLER,A1,UNITE5
648,sürmek,"вести (машину), ехать, намазывать",FİİLLER,A1,UNITE5
649,toplamak,"собирать, подбирать, суммировать",FİİLLER,A1,UNITE5
650,vedalaşmak,прощаться,FİİLLER,A1,UNITE5
651,yakmak,"жечь, зажигать, гореть",FİİLLER,A1,UNITE5
652,yaşlanmak,стареть,FİİLLER,A1,UNITE5
653,yenmek,"побеждать, съедать, преодолевать",FİİLLER,A1,UNITE5
654,yıkamak,"мыть, стирать",FİİLLER,A1,UNITE5
655,ziyaret etmek,"посещать, навещать",FİİLLER,A1,UNITE5
656,akıllı,"умный, разумный",İSİMLER,A1,UNITE6
657,akraba,"родственник, родня",İSİMLER,A1,UNITE6
658,alan,"область, поле, площадка",İSİMLER,A1,UNITE6
201,alt,"низ, нижняя часть",İSİMLER,A1,UNITE6
659,arka,"зад, задняя часть, спинка",İSİMLER,A1,UNITE6
660,aşağı,"низ, внизу",İSİMLER,A1,UNITE6
509,boyun,шея,İSİMLER,A1,UNITE6
661,cadde,"проспект, улица (широкая)",İSİMLER,A1,UNITE6
214,cesur,"смелый, храбрый",İSİMLER,A1,UNITE6
662,çene,подбородок,İSİMLER,A1,UNITE6
663,çevre,"окружающая среда, окружение, периметр",İSİMLER,A1,UNITE6
664,çiftçi,фермер,İSİMLER,A1,UNITE6
665,dış,"внешняя сторона, внешность, наружная часть",İSİMLER,A1,UNITE6
43,düğün,свадьба,İSİMLER,A1,UNITE6
666,emekli,"пенсионер, отставной",İSİMLER,A1,UNITE6
667,enişte,"зять, муж сестры",İSİMLER,A1,UNITE6
668,göl,озеро,İSİMLER,A1,UNITE6
669,grip,"грипп, простуда",İSİMLER,A1,UNITE6
670,güler yüzlü,"улыбчивый, приветливый",İSİMLER,A1,UNITE6
671,halsiz,"вялый, бессильный, слабый",İSİMLER,A1,UNITE6
672,i̇ç,"внутренняя часть, внутренность, содержимое",İSİMLER,A1,UNITE6
673,i̇skele,"пристань, пирс, эшафот",İSİMLER,A1,UNITE6
83,kalabalık,"толпа, скопление людей",İSİMLER,A1,UNITE6
674,karşı,"противоположный, встречный, через",İSİMLER,A1,UNITE6
266,kibar,"вежливый, любезный",İSİMLER,A1,UNITE6
675,köprü,мост,İSİMLER,A1,UNITE6
676,köşe,"угол, перекресток",İSİMLER,A1,UNITE6
677,kulak,ухо,İSİMLER,A1,UNITE6
678,kuzen,"двоюродный брат, двоюродная сестра",İSİMLER,A1,UNITE6
98,kütüphane,библиотека,İSİMLER,A1,UNITE6
679,lezzetli,вкусный,İSİMLER,A1,UNITE6
277,mahalle,"квартал, район",İSİMLER,A1,UNITE6
680,manzara,"вид, пейзаж, ландшафт",İSİMLER,A1,UNITE6
681,marka,"марка, бренд, торговая марка",İSİMLER,A1,UNITE6
682,mercimek çorbası,чечевичный суп,İSİMLER,A1,UNITE6
683,meydan,"площадь, поле, арена",İSİMLER,A1,UNITE6
684,nehir,река,İSİMLER,A1,UNITE6
685,orta,"середина, центр, средний",İSİMLER,A1,UNITE6
686,ön,"перед, передняя часть, передний",İSİMLER,A1,UNITE6
687,parmak,палец,İSİMLER,A1,UNITE6
688,patlıcan,баклажан,İSİMLER,A1,UNITE6
689,plan,план,İSİMLER,A1,UNITE6
690,rapor,"отчет, доклад",İSİMLER,A1,UNITE6
691,reçete,"рецепт, предписание",İSİMLER,A1,UNITE6
692,renk,цвет,İSİMLER,A1,UNITE6
693,sağ,"правый, здоровый",İSİMLER,A1,UNITE6
694,salıncak,качели,İSİMLER,A1,UNITE6
695,sol,левый,İSİMLER,A1,UNITE6
149,sözlük,словарь,İSİMLER,A1,UNITE6
696,şeker,"сахар, конфета",İSİMLER,A1,UNITE6
697,şikâyet,"жалоба, претензия",İSİMLER,A1,UNITE6
698,tahmin,"предположение, догадка",İSİMLER,A1,UNITE6
699,tarihi,исторический,İSİMLER,A1,UNITE6
700,ten,"кожа, тело, цвет кожи",İSİMLER,A1,UNITE6
701,terzi,"портной, портниха",İSİMLER,A1,UNITE6
530,teyze,тётя,İSİMLER,A1,UNITE6
323,üst,"верх, верхняя часть",İSİMLER,A1,UNITE6
702,vücut,тело,İSİMLER,A1,UNITE6
534,yaramaz,"непослушный, озорной, шаловливый",İSİMLER,A1,UNITE6
703,yenge,"невестка, жена брата",İSİMLER,A1,UNITE6
704,yukarı,"верх, вверх, наверх",İSİMLER,A1,UNITE6
705,ağrımak,"болеть, испытывать боль",FİİLLER,A1,UNITE6
706,anlaşmak,"договариваться, понимать друг друга",FİİLLER,A1,UNITE6
428,bayılmak,"падать в обморок, обожать",FİİLLER,A1,UNITE6
707,beğenmek,"нравиться, одобрять",FİİLLER,A1,UNITE6
708,danışmak,"спрашивать, советоваться, консультироваться",FİİLLER,A1,UNITE6
709,değiştirmek,"менять, заменять, обменивать",FİİLLER,A1,UNITE6
438,dinlemek,слушать,FİİLLER,A1,UNITE6
446,gezmek,"путешествовать, гулять, осматривать",FİİLLER,A1,UNITE6
175,görüşmek,"встречаться, видеться, обсуждать, беседовать",FİİLLER,A1,UNITE6
539,hissetmek,"чувствовать, ощущать",FİİLLER,A1,UNITE6
710,i̇lgilenmek,"интересоваться, заниматься, ухаживать",FİİLLER,A1,UNITE6
455,kalkmak,"вставать, подниматься, отправляться",FİİLLER,A1,UNITE6
711,kaşınmak,"чесаться, зудеть",FİİLLER,A1,UNITE6
642,katılmak,"участвовать, присоединяться, вступать",FİİLLER,A1,UNITE6
712,kızarmak,"краснеть, румяниться, подрумяниваться",FİİLLER,A1,UNITE6
713,sallanmak,"качаться, болтаться, колебаться",FİİLLER,A1,UNITE6
480,tanımak,"знать, узнавать, признавать",FİİLLER,A1,UNITE6
714,tansiyon ölçtürmek,измерять давление (у врача или на процедуре),FİİLLER,A1,UNITE6
715,tartılmak,взвешиваться,FİİLLER,A1,UNITE6
716,tedavi olmak,"лечиться, проходить лечение",FİİLLER,A1,UNITE6
717,öksürmek,кашлять,FİİLLER,A1,UNITE6
718,ziyarete gelmek,"приходить с визитом, приходить в гости",FİİLLER,A1,UNITE6
719,ada,остров,İSİMLER,A2,UNITE1
656,akıllı,"умный, разумный",İSİMLER,A2,UNITE1
720,altın,"золото, золотой",İSİMLER,A2,UNITE1
721,ana yemek,основное блюдо,İSİMLER,A2,UNITE1
722,apartman,"многоквартирный дом, дом",İSİMLER,A2,UNITE1
723,aptal,"глупый, дурак, глупец",İSİMLER,A2,UNITE1
724,âşık,"влюбленный, влюблённый",İSİMLER,A2,UNITE1
725,aşk,любовь,İSİMLER,A2,UNITE1
726,avuç,"горсть, ладонь",İSİMLER,A2,UNITE1
727,baklava,"пахлава, баклава",İSİMLER,A2,UNITE1
728,beyaz,белый,İSİMLER,A2,UNITE1
729,bez,"ткань, пеленка, салфетка",İSİMLER,A2,UNITE1
730,bıyık,усы,İSİMLER,A2,UNITE1
731,biber,перец,İSİMLER,A2,UNITE1
732,bol,"обильный, просторный, широкий",İSİMLER,A2,UNITE1
733,börek,"бёрек, пирог (слоеный)",İSİMLER,A2,UNITE1
734,bulut,облако,İSİMLER,A2,UNITE1
351,büfe,"буфет, стойка, киоск",İSİMLER,A2,UNITE1
661,cadde,"проспект, улица (широкая)",İSİMLER,A2,UNITE1
735,çikolata,шоколад,İSİMLER,A2,UNITE1
736,çim,"трава, газон",İSİMLER,A2,UNITE1
737,çizgi,"линия, черта, полоса",İSİMLER,A2,UNITE1
738,çöp,"мусор, отходы",İSİMLER,A2,UNITE1
739,dalgalı,"волнистый, волнообразный",İSİMLER,A2,UNITE1
740,damar,"жила, вена, сосуд",İSİMLER,A2,UNITE1
741,demet,"букет, связка, пучок",İSİMLER,A2,UNITE1
742,dengesiz,"неуравновешенный, неустойчивый",İSİMLER,A2,UNITE1
743,dilim,"ломоть, кусок, ломтик",İSİMLER,A2,UNITE1
744,dosdoğru,"прямой, напрямик",İSİMLER,A2,UNITE1
745,dürüst,"честный, правдивый",İSİMLER,A2,UNITE1
746,düşünceli,"задумчивый, внимательный, полный мыслей",İSİMLER,A2,UNITE1
232,düzenli,"аккуратный, организованный, регулярный",İSİMLER,A2,UNITE1
747,ecza dolabı,аптечка,İSİMLER,A2,UNITE1
748,ela,"светло-карий, ореховый",İSİMLER,A2,UNITE1
749,emir,"приказ, команда",İSİMLER,A2,UNITE1
750,enerjik,"энергичный, активный",İSİMLER,A2,UNITE1
751,esprili,"остроумный, шутливый",İSİMLER,A2,UNITE1
752,et,мясо,İSİMLER,A2,UNITE1
753,faydalı,"полезный, благотворный",İSİMLER,A2,UNITE1
754,gece,ночь,İSİMLER,A2,UNITE1
755,gerekli,"необходимый, нужный",İSİMLER,A2,UNITE1
756,gökyüzü,небо,İSİMLER,A2,UNITE1
757,gözlük,очки,İSİMLER,A2,UNITE1
670,güler yüzlü,"улыбчивый, приветливый",İSİMLER,A2,UNITE1
758,güvenilir,"надежный, заслуживающий доверия",İSİMLER,A2,UNITE1
759,harika,"замечательный, великолепный, чудесный",İSİMLER,A2,UNITE1
760,hayvan,животное,İSİMLER,A2,UNITE1
761,huzurlu,"спокойный, умиротворенный",İSİMLER,A2,UNITE1
762,ihtiyaç,"потребность, нужда",İSİMLER,A2,UNITE1
763,ilaç,"лекарство, медикамент",İSİMLER,A2,UNITE1
764,inatçı,"упрямый, настойчивый",İSİMLER,A2,UNITE1
765,istek,"желание, просьба, требование",İSİMLER,A2,UNITE1
766,kadayıf,кадаиф (сладкое блюдо),İSİMLER,A2,UNITE1
767,kadeh,"бокал, рюмка",İSİMLER,A2,UNITE1
768,kap,"емкость, сосуд, чаша",İSİMLER,A2,UNITE1
769,kapıcı,"дворник, консьерж, швейцар",İSİMLER,A2,UNITE1
770,karabiber,черный перец,İSİMLER,A2,UNITE1
771,karınca,муравей,İSİMLER,A2,UNITE1
772,karizmatik,харизматичный,İSİMLER,A2,UNITE1
773,karpuz,арбуз,İSİMLER,A2,UNITE1
774,kâse,"чаша, миска",İSİMLER,A2,UNITE1
775,kekik,"чабрец, тимьян",İSİMLER,A2,UNITE1
776,kemer,"ремень, пояс",İSİMLER,A2,UNITE1
777,kenar,"край, сторона, окраина",İSİMLER,A2,UNITE1
778,kısım,"часть, раздел",İSİMLER,A2,UNITE1
779,kıyma,фарш,İSİMLER,A2,UNITE1
780,kızıl,"рыжий, красноватый, алый",İSİMLER,A2,UNITE1
781,kilogram,килограмм,İSİMLER,A2,UNITE1
782,klinik,"клиника, поликлиника",İSİMLER,A2,UNITE1
783,konu,"тема, предмет, вопрос",İSİMLER,A2,UNITE1
784,korkak,"трусливый, боязливый",İSİMLER,A2,UNITE1
785,köfte,"кюфте, котлета",İSİMLER,A2,UNITE1
786,kurabiye,печенье,İSİMLER,A2,UNITE1
787,kuşbaşı,"кубики (мяса), небольшие кусочки",İSİMLER,A2,UNITE1
788,kutsal,"святой, священный",İSİMLER,A2,UNITE1
789,küp,"куб, кубик",İSİMLER,A2,UNITE1
790,lahmacun,лахмаджун,İSİMLER,A2,UNITE1
791,levha,"пластина, табличка, доска",İSİMLER,A2,UNITE1
679,lezzetli,вкусный,İSİMLER,A2,UNITE1
792,lokum,рахат-лукум,İSİMLER,A2,UNITE1
793,makarna,"макароны, паста",İSİMLER,A2,UNITE1
794,malzeme,"материал, ингредиент",İSİMLER,A2,UNITE1
795,maydanoz,петрушка,İSİMLER,A2,UNITE1
796,menü,меню,İSİMLER,A2,UNITE1
797,meraklı,"любопытный, интересующийся, пытливый",İSİMLER,A2,UNITE1
798,meslek,"профессия, занятие",İSİMLER,A2,UNITE1
799,mesut,"счастливый, довольный",İSİMLER,A2,UNITE1
800,miktar,"количество, мера",İSİMLER,A2,UNITE1
801,mutlaka,"обязательно, непременно, обязательно",İSİMLER,A2,UNITE1
394,müşteri,"клиент, покупатель, заказчик",İSİMLER,A2,UNITE1
802,müze,музей,İSİMLER,A2,UNITE1
803,naz,"каприз, ласка, нежность",İSİMLER,A2,UNITE1
804,neşeli,"веселый, радостный",İSİMLER,A2,UNITE1
805,otopark,"автостоянка, парковка",İSİMLER,A2,UNITE1
806,öneri,"предложение, рекомендация, совет",İSİMLER,A2,UNITE1
688,patlıcan,баклажан,İSİMLER,A2,UNITE1
807,perde,"занавеска, штора, занавес",İSİMLER,A2,UNITE1
808,peynir,сыр,İSİMLER,A2,UNITE1
809,pizza,пицца,İSİMLER,A2,UNITE1
810,porsiyon,порция,İSİMLER,A2,UNITE1
811,profil,"профиль, анкета",İSİMLER,A2,UNITE1
812,prospektüs,"инструкция, листок-вкладыш",İSİMLER,A2,UNITE1
813,rüya,"сон, мечта",İSİMLER,A2,UNITE1
814,rüzgâr,ветер,İSİMLER,A2,UNITE1
815,sabır,терпение,İSİMLER,A2,UNITE1
816,sakal,борода,İSİMLER,A2,UNITE1
817,salata,салат,İSİMLER,A2,UNITE1
818,salyangoz,улитка,İSİMLER,A2,UNITE1
819,saman,солома,İSİMLER,A2,UNITE1
820,saygı,уважение,İSİMLER,A2,UNITE1
821,sevgi,"любовь, привязанность",İSİMLER,A2,UNITE1
822,sevimli,"симпатичный, милый, приятный",İSİMLER,A2,UNITE1
823,sıvı,"жидкость, жидкий",İSİMLER,A2,UNITE1
824,sifon,"сливной бачок, сифон, шифон",İSİMLER,A2,UNITE1
825,sigara,сигарета,İSİMLER,A2,UNITE1
826,sipariş,"заказ, поручение",İSİMLER,A2,UNITE1
406,site,"жилой комплекс, сайт, местность",İSİMLER,A2,UNITE1
827,soğan,лук,İSİMLER,A2,UNITE1
828,soğuk,"холодный, холод",İSİMLER,A2,UNITE1
829,sosyal paylaşım,социальная сеть,İSİMLER,A2,UNITE1
830,su,вода,İSİMLER,A2,UNITE1
831,şarap,вино,İSİMLER,A2,UNITE1
696,şeker,"сахар, конфета",İSİMLER,A2,UNITE1
832,şirin,"милый, симпатичный, очаровательный",İSİMLER,A2,UNITE1
833,şiş,"вертел, шампур, шип",İSİMLER,A2,UNITE1
834,tane,"зерно, штука, единица",İSİMLER,A2,UNITE1
835,tarif,"рецепт, инструкция, описание",İSİMLER,A2,UNITE1
836,tatlı,"сладкий, сладость, десерт",İSİMLER,A2,UNITE1
837,tava,"сковорода, таз",İSİMLER,A2,UNITE1
838,tavsiye,"совет, рекомендация",İSİMLER,A2,UNITE1
839,tecrübe,"опыт, стаж",İSİMLER,A2,UNITE1
840,tek,"один, единственный, одиночный",İSİMLER,A2,UNITE1
700,ten,"кожа, тело, цвет кожи",İSİMLER,A2,UNITE1
841,tramvay,трамвай,İSİMLER,A2,UNITE1
842,tuvalet,"туалет, уборная",İSİMLER,A2,UNITE1
843,tuz,соль,İSİMLER,A2,UNITE1
844,uyarı,"предупреждение, предостережение",İSİMLER,A2,UNITE1
845,veteriner,ветеринар,İSİMLER,A2,UNITE1
846,yağ,"жир, масло",İSİMLER,A2,UNITE1
847,yağmur,дождь,İSİMLER,A2,UNITE1
848,yarar,"польза, выгода",İSİMLER,A2,UNITE1
849,yarışma,"соревнование, конкурс",İSİMLER,A2,UNITE1
850,yaşam,"жизнь, существование",İSİMLER,A2,UNITE1
851,yeterince,"достаточно, в достаточной мере",İSİMLER,A2,UNITE1
852,yorgan,одеяло,İSİMLER,A2,UNITE1
853,yumurta,яйцо,İSİMLER,A2,UNITE1
854,yüksek,"высокий, повышенный",İSİMLER,A2,UNITE1
855,zarar,"вред, ущерб, убыток",İSİMLER,A2,UNITE1
856,acele etmek,"торопиться, спешить",FİİLLER,A2,UNITE1
857,anlatmak,"рассказывать, объяснять",FİİLLER,A2,UNITE1
858,bağlamak,"связывать, привязывать, включать",FİİLLER,A2,UNITE1
859,basmak,"нажимать, давить, печатать",FİİLLER,A2,UNITE1
707,beğenmek,"нравиться, одобрять",FİİLLER,A2,UNITE1
860,bıkmak,"уставать, надоедать",FİİLLER,A2,UNITE1
861,çağırmak,"звать, вызывать, приглашать",FİİLLER,A2,UNITE1
862,çekmek,"тянуть, снимать (деньги), фотографировать",FİİLLER,A2,UNITE1
863,çırpmak,"взбивать, махать, колотить",FİİLLER,A2,UNITE1
864,dizmek,"раскладывать, выстраивать, нанизывать",FİİLLER,A2,UNITE1
865,doğramak,"резать, крошить, шинковать",FİİLLER,A2,UNITE1
866,doldurmak,"наполнять, заполнять",FİİLLER,A2,UNITE1
867,dökmek,"лить, выливать, проливать",FİİLLER,A2,UNITE1
868,duymak,слышать,FİİLLER,A2,UNITE1
869,düşünmek,"думать, размышлять, считать",FİİLLER,A2,UNITE1
870,düzenlemek,"организовывать, устраивать, приводить в порядок",FİİLLER,A2,UNITE1
871,eklemek,"добавлять, присоединять",FİİLLER,A2,UNITE1
872,geç kalmak,опаздывать,FİİLLER,A2,UNITE1
540,göndermek,"посылать, отправлять",FİİLLER,A2,UNITE1
873,hapşırmak,чихать,FİİLLER,A2,UNITE1
874,haşlamak,"варить, бланшировать, ошпаривать",FİİLLER,A2,UNITE1
875,hatırlamak,"вспоминать, помнить",FİİLLER,A2,UNITE1
876,ısmarlamak,"заказывать, угощать",FİİLLER,A2,UNITE1
877,ihmal etmek,"пренебрегать, запускать",FİİLLER,A2,UNITE1
878,ilave etmek,"добавлять, прибавлять",FİİLLER,A2,UNITE1
879,ilerlemek,"продвигаться, идти вперед",FİİLLER,A2,UNITE1
880,isyan etmek,"восставать, бунтовать",FİİLLER,A2,UNITE1
881,işaretlemek,"отмечать, помечать",FİİLLER,A2,UNITE1
882,kavga etmek,"ссориться, драться",FİİLLER,A2,UNITE1
883,kaynatmak,"кипятить, варить",FİİLLER,A2,UNITE1
884,kızartmak,"жарить, поджаривать",FİİLLER,A2,UNITE1
885,kızmak,"сердиться, злиться, нагреваться",FİİLLER,A2,UNITE1
886,kopmak,"рваться, отрываться, обрываться",FİİLLER,A2,UNITE1
887,oluşturmak,"создавать, образовывать, формировать",FİİLLER,A2,UNITE1
888,önermek,"предлагать, рекомендовать",FİİLLER,A2,UNITE1
889,özen göstermek,"проявлять заботу, стараться",FİİLLER,A2,UNITE1
890,park etmek,"парковать(ся), ставить на стоянку",FİİLLER,A2,UNITE1
471,pişirmek,"готовить (еду), печь, варить",FİİLLER,A2,UNITE1
891,rendelemek,тереть на терке,FİİLLER,A2,UNITE1
892,saklamak,"прятать, хранить",FİİLLER,A2,UNITE1
893,sıralamak,"упорядочивать, расставлять по порядку",FİİLLER,A2,UNITE1
894,süslemek,"украшать, наряжать",FİİLLER,A2,UNITE1
895,süzmek,"процеживать, фильтровать",FİİLLER,A2,UNITE1
896,tamamlamak,"завершать, заканчивать",FİİLLER,A2,UNITE1
897,tarif etmek,"описывать, объяснять маршрут",FİİLLER,A2,UNITE1
898,tükenmek,"заканчиваться, иссякать, истощаться",FİİLLER,A2,UNITE1
899,usanmak,"надоедать, уставать",FİİLLER,A2,UNITE1
900,uzatmak,"удлинять, протягивать, затягивать",FİİLLER,A2,UNITE1
901,yağmak,"идти (о дожде, снеге), лить",FİİLLER,A2,UNITE1
902,itmek,"толкать, пихать",FİİLLER,A2,UNITE1
903,merak etmek,"интересоваться, любопытствовать",FİİLLER,A2,UNITE1
904,numaralandırmak,нумеровать,FİİLLER,A2,UNITE1
905,silmek,"стирать, вытирать, удалять",FİİLLER,A2,UNITE1
906,yalan söylemek,"лгать, говорить неправду",FİİLLER,A2,UNITE1
907,yerleştirmek,"размещать, устанавливать, водворять",FİİLLER,A2,UNITE1
178,Afiyet olsun.,Приятного аппетита.,KALIP İFADELER,A2,UNITE1
908,Çok yaşayın.,Живите долго.,KALIP İFADELER,A2,UNITE1
909,Elinize sağlık.,Здоровья вашим рукам.,KALIP İFADELER,A2,UNITE1
910,Hayırlı olsun.,"С добрым началом, с благословением, поздравляю (с приобретением и т.д.).",KALIP İFADELER,A2,UNITE1
911,Kolay gelsin.,"Легкой работы, удачи (в работе).",KALIP İFADELER,A2,UNITE1
912,alaycı,"насмешливый, ироничный",İSİMLER,A2,UNITE2
913,alışkanlık,привычка,İSİMLER,A2,UNITE2
3,alkol,алкоголь,İSİMLER,A2,UNITE2
914,ampul,"лампочка, колба",İSİMLER,A2,UNITE2
915,as,"туз, туз (карта), ас",İSİMLER,A2,UNITE2
204,ay,"луна, месяц",İSİMLER,A2,UNITE2
916,bağımlılık,зависимость,İSİMLER,A2,UNITE2
917,baklagil,бобовые,İSİMLER,A2,UNITE2
918,beslenme,питание,İSİMLER,A2,UNITE2
728,beyaz,белый,İSİMLER,A2,UNITE2
919,bilgin,"ученый, знаток, эрудит",İSİMLER,A2,UNITE2
920,bolca,"обильно, много, в изобилии",İSİMLER,A2,UNITE2
921,bordo,"бордовый, темно-красный",İSİMLER,A2,UNITE2
922,buluş,изобретение,İSİMLER,A2,UNITE2
923,cömert,щедрый,İSİMLER,A2,UNITE2
924,çizgi film,"мультфильм, комикс",İSİMLER,A2,UNITE2
925,demokrasi,демократия,İSİMLER,A2,UNITE2
926,deney,"эксперимент, опыт, проба",İSİMLER,A2,UNITE2
927,derbi,"дерби, принципиальный матч",İSİMLER,A2,UNITE2
928,dük,герцог,İSİMLER,A2,UNITE2
929,düşes,герцогиня,İSİMLER,A2,UNITE2
930,egzersiz,"упражнение, тренировка",İSİMLER,A2,UNITE2
357,ekonomi,"экономика, хозяйство",İSİMLER,A2,UNITE2
666,emekli,"пенсионер, отставной",İSİMLER,A2,UNITE2
931,erişkin,"взрослый, совершеннолетний",İSİMLER,A2,UNITE2
932,esnek,"гибкий, эластичный",İSİMLER,A2,UNITE2
50,fare,мышь,İSİMLER,A2,UNITE2
933,fırsatçı,"оппортунист, ловкач",İSİMLER,A2,UNITE2
934,gazetecilik,"журналистика, репортерская работа",İSİMLER,A2,UNITE2
754,gece,ночь,İSİMLER,A2,UNITE2
247,gündüz,день,İSİMLER,A2,UNITE2
935,hayalci,"мечтатель, фантазер",İSİMLER,A2,UNITE2
936,hırsız,"вор, грабитель",İSİMLER,A2,UNITE2
937,hizmetçi,"слуга, служанка",İSİMLER,A2,UNITE2
938,hükümdar,"правитель, монарх",İSİMLER,A2,UNITE2
939,ışın,"луч, излучение, радиус",İSİMLER,A2,UNITE2
940,idareci,"администратор, руководитель, управляющий",İSİMLER,A2,UNITE2
762,ihtiyaç,"потребность, нужда",İSİMLER,A2,UNITE2
941,iletişim,"общение, связь, коммуникация",İSİMLER,A2,UNITE2
942,ilginç,"интересный, любопытный",İSİMLER,A2,UNITE2
943,ilk,"первый, начальный",İSİMLER,A2,UNITE2
944,iskelet,"скелет, каркас",İSİMLER,A2,UNITE2
945,kahkaha,"смех, хохот",İSİMLER,A2,UNITE2
946,kahraman,герой,İSİMLER,A2,UNITE2
947,kalsiyum,кальций,İSİMLER,A2,UNITE2
948,kanat,"крыло, бок, фланг",İSİMLER,A2,UNITE2
949,kaplumbağa,черепаха,İSİMLER,A2,UNITE2
950,kemik,кость,İSİMLER,A2,UNITE2
264,kırmızı,красный,İSİMLER,A2,UNITE2
951,kolesterol,холестерин,İSİMLER,A2,UNITE2
952,komutan,"командир, командующий",İSİMLER,A2,UNITE2
953,konforlu,"комфортный, удобный",İSİMLER,A2,UNITE2
954,kongre,"конгресс, съезд",İSİMLER,A2,UNITE2
955,koyun,овца,İSİMLER,A2,UNITE2
956,kristal,кристалл,İSİMLER,A2,UNITE2
957,kurnaz,"хитрый, ловкий, пронырливый",İSİMLER,A2,UNITE2
958,kuruyemiş,"орехи, сухофрукты",İSİMLER,A2,UNITE2
588,kültür,культура,İSİMLER,A2,UNITE2
959,lacivert,"темно-синий, индиго",İSİMLER,A2,UNITE2
960,lakap,"прозвище, кличка",İSİMLER,A2,UNITE2
961,lodos,юго-западный ветер,İSİMLER,A2,UNITE2
962,madde,"вещество, материя, пункт",İSİMLER,A2,UNITE2
963,magazin,"журнал (светская хроника), желтая пресса",İSİMLER,A2,UNITE2
103,mağaza,"магазин, лавка",İSİMLER,A2,UNITE2
107,meşgul,занятой,İSİMLER,A2,UNITE2
964,metre,метр,İSİMLER,A2,UNITE2
965,mizaç,"характер, нрав",İSİMLER,A2,UNITE2
966,mucit,изобретатель,İSİMLER,A2,UNITE2
967,muhteşem,"великолепный, потрясающий",İSİMLER,A2,UNITE2
968,müdür,"директор, управляющий, заведующий",İSİMLER,A2,UNITE2
969,müfettiş,"инспектор, ревизор",İSİMLER,A2,UNITE2
802,müze,музей,İSİMLER,A2,UNITE2
970,nargile,"кальян, наргиле",İSİMLER,A2,UNITE2
971,okyanus,океан,İSİMLER,A2,UNITE2
972,ödül,"награда, премия, приз",İSİMLER,A2,UNITE2
973,politika,политика,İSİMLER,A2,UNITE2
974,protein,"белок, протеин",İSİMLER,A2,UNITE2
975,puan,"балл, очко",İSİMLER,A2,UNITE2
976,radyo dalgası,радиоволна,İSİMLER,A2,UNITE2
691,reçete,"рецепт, предписание",İSİMLER,A2,UNITE2
977,romancı,"романист, писатель",İSİMLER,A2,UNITE2
978,rütbe,"звание, чин, ранг",İSİMLER,A2,UNITE2
979,saf,"чистый, наивный",İSİMLER,A2,UNITE2
980,sahil,"побережье, берег",İSİMLER,A2,UNITE2
612,saniye,секунда,İSİMLER,A2,UNITE2
613,sarı,желтый,İSİMLER,A2,UNITE2
981,satış,"продажа, сбыт",İSİMLER,A2,UNITE2
982,sene,год,İSİMLER,A2,UNITE2
983,sıradan,"обычный, заурядный",İSİMLER,A2,UNITE2
984,sinyal,сигнал,İSİMLER,A2,UNITE2
985,siyah,черный,İSİMLER,A2,UNITE2
986,şövalye,рыцарь,İSİMLER,A2,UNITE2
987,takım,"команда, набор, комплект",İSİMLER,A2,UNITE2
988,takma,"искусственный, вставной",İSİMLER,A2,UNITE2
989,tavan,"потолок, верхний предел",İSİMLER,A2,UNITE2
990,tavşan,"кролик, заяц",İSİMLER,A2,UNITE2
991,teleskop,телескоп,İSİMLER,A2,UNITE2
992,telsiz,"радио, рация",İSİMLER,A2,UNITE2
620,toplantı,"собрание, встреча, заседание",İSİMLER,A2,UNITE2
412,tür,"вид, тип, сорт",İSİMLER,A2,UNITE2
993,unvan,"звание, титул",İSİMLER,A2,UNITE2
994,usta,"мастер, умелец",İSİMLER,A2,UNITE2
995,vasıta,"средство, транспортное средство",İSİMLER,A2,UNITE2
996,yazar,"писатель, автор",İSİMLER,A2,UNITE2
997,yolculuk,"путешествие, поездка",İSİMLER,A2,UNITE2
998,affetmek,"прощать, извинять",FİİLLER,A2,UNITE2
999,bastırmak,"подавлять, прижимать, печатать",FİİLLER,A2,UNITE2
1000,icat etmek,"изобретать, выдумывать",FİİLLER,A2,UNITE2
879,ilerlemek,"продвигаться, идти вперед",FİİLLER,A2,UNITE2
1001,incelemek,"изучать, исследовать",FİİLLER,A2,UNITE2
1002,kazanmak,"зарабатывать, выигрывать, получать",FİİLLER,A2,UNITE2
1003,keşfetmek,"открывать, обнаруживать",FİİLLER,A2,UNITE2
1004,mezun olmak,"оканчивать (учебное заведение), выпускаться",FİİLLER,A2,UNITE2
1005,yayımlamak,"публиковать, издавать, выпускать",FİİLLER,A2,UNITE2
1006,ahşap,"деревянный, из дерева",İSİMLER,A2,UNITE3
1007,aniden,"вдруг, внезапно",İSİMLER,A2,UNITE3
1008,asker,"солдат, военный",İSİMLER,A2,UNITE3
1009,Avrupa,Европа,İSİMLER,A2,UNITE3
1010,baharatlı,"пряный, острый",İSİMLER,A2,UNITE3
1011,bal,мед,İSİMLER,A2,UNITE3
1012,bambu,бамбук,İSİMLER,A2,UNITE3
1013,başbakan,премьер-министр,İSİMLER,A2,UNITE3
1014,belediye,"муниципалитет, городское управление",İSİMLER,A2,UNITE3
1015,bölge,"район, область, зона",İSİMLER,A2,UNITE3
1016,bülbül,соловей,İSİMLER,A2,UNITE3
1017,çadır,"палатка, шатер",İSİMLER,A2,UNITE3
1018,çekirdek,"зерно, косточка, семечко",İSİMLER,A2,UNITE3
663,çevre,"окружающая среда, окружение, периметр",İSİMLER,A2,UNITE3
664,çiftçi,фермер,İSİMLER,A2,UNITE3
1019,dağ,гора,İSİMLER,A2,UNITE3
1020,dışkı,"кал, испражнения, экскременты",İSİMLER,A2,UNITE3
356,dizi,"сериал, ряд, последовательность",İSİMLER,A2,UNITE3
40,doğum günü,день рождения,İSİMLER,A2,UNITE3
1021,döner,"дёнер, шаурма",İSİMLER,A2,UNITE3
745,dürüst,"честный, правдивый",İSİMLER,A2,UNITE3
1022,eldiven,перчатка,İSİMLER,A2,UNITE3
360,eş,"супруг, супруга, пара, ровня",İSİMLER,A2,UNITE3
1023,etkinlik,"мероприятие, активность",İSİMLER,A2,UNITE3
1024,ev planı,"план дома, планировка дома",İSİMLER,A2,UNITE3
1025,fal,"гадание, предсказание",İSİMLER,A2,UNITE3
753,faydalı,"полезный, благотворный",İSİMLER,A2,UNITE3
1026,ferah,"прохладный, свежий, просторный",İSİMLER,A2,UNITE3
1027,festival,"фестиваль, праздник",İSİMLER,A2,UNITE3
1028,gelenek,"традиция, обычай",İSİMLER,A2,UNITE3
370,gösteri,"шоу, представление, демонстрация",İSİMLER,A2,UNITE3
1029,güneşli,солнечный,İSİMLER,A2,UNITE3
759,harika,"замечательный, великолепный, чудесный",İSİMLER,A2,UNITE3
250,hastane,больница,İSİMLER,A2,UNITE3
372,hava,"погода, воздух",İSİMLER,A2,UNITE3
65,hayal,"мечта, фантазия",İSİMLER,A2,UNITE3
375,hediye,подарок,İSİMLER,A2,UNITE3
1030,ılık,"теплый, умеренный",İSİMLER,A2,UNITE3
1031,icat,изобретение,İSİMLER,A2,UNITE3
764,inatçı,"упрямый, настойчивый",İSİMLER,A2,UNITE3
1032,izleyici,"зритель, наблюдатель",İSİMLER,A2,UNITE3
1033,jimnastik,гимнастика,İSİMLER,A2,UNITE3
1034,kaban,"пальто, куртка (зимняя)",İSİMLER,A2,UNITE3
1035,kampanya,"кампания, акция",İSİMLER,A2,UNITE3
1036,kar,снег,İSİMLER,A2,UNITE3
1037,katedral,собор,İSİMLER,A2,UNITE3
1038,kazak,"свитер, джемпер",İSİMLER,A2,UNITE3
1039,kıyı,"берег, побережье",İSİMLER,A2,UNITE3
1040,kıymet,"ценность, стоимость",İSİMLER,A2,UNITE3
1041,klozet,унитаз,İSİMLER,A2,UNITE3
1042,mahalli,местный,İSİMLER,A2,UNITE3
1043,makyaj,"макияж, косметика",İSİMLER,A2,UNITE3
1044,merasim,"церемония, обряд",İSİMLER,A2,UNITE3
1045,mercimek,чечевица,İSİMLER,A2,UNITE3
1046,mesai,рабочее время,İSİMLER,A2,UNITE3
1047,metrekare,квадратный метр,İSİMLER,A2,UNITE3
1048,mısır,"кукуруза, Египет",İSİMLER,A2,UNITE3
1049,mimar,архитектор,İSİMLER,A2,UNITE3
1050,mobilya,мебель,İSİMLER,A2,UNITE3
684,nehir,река,İSİMLER,A2,UNITE3
1051,nemli,"влажный, сырой",İSİMLER,A2,UNITE3
1052,oğul,сын,İSİMLER,A2,UNITE3
971,okyanus,океан,İSİMLER,A2,UNITE3
1053,ödeme,"оплата, платеж",İSİMLER,A2,UNITE3
1054,padişah,"султан, падишах",İSİMLER,A2,UNITE3
1055,pamuk,"хлопок, вата",İSİMLER,A2,UNITE3
1056,piramit,пирамида,İSİMLER,A2,UNITE3
1057,plaj,пляж,İSİMLER,A2,UNITE3
1058,robot,робот,İSİMLER,A2,UNITE3
1059,romatizma,ревматизм,İSİMLER,A2,UNITE3
1060,sağanak,"ливень, проливной дождь",İSİMLER,A2,UNITE3
980,sahil,"побережье, берег",İSİMLER,A2,UNITE3
816,sakal,борода,İSİMLER,A2,UNITE3
1061,satılık,"продающийся, на продажу",İSİMLER,A2,UNITE3
820,saygı,уважение,İSİMLER,A2,UNITE3
1062,seçim,"выборы, выбор, отбор",İSİMLER,A2,UNITE3
304,semt,"район, квартал",İSİMLER,A2,UNITE3
1063,serin,"прохладный, свежий",İSİMLER,A2,UNITE3
1064,sınav,экзамен,İSİMLER,A2,UNITE3
1065,sirk,цирк,İSİMLER,A2,UNITE3
1066,sisli,туманный,İSİMLER,A2,UNITE3
1067,soslu,"с соусом, под соусом",İSİMLER,A2,UNITE3
309,sosyal,"социальный, общественный",İSİMLER,A2,UNITE3
1068,sörf,серфинг,İSİMLER,A2,UNITE3
1069,stant,"стенд, павильон",İSİMLER,A2,UNITE3
1070,şelale,водопад,İSİMLER,A2,UNITE3
1071,tapınak,храм,İSİMLER,A2,UNITE3
1072,tarla,"поле, пашня",İSİMLER,A2,UNITE3
1073,taş,"камень, каменный",İSİMLER,A2,UNITE3
1074,torun,"внук, внучка",İSİMLER,A2,UNITE3
411,tur,"тур, поездка, экскурсия",İSİMLER,A2,UNITE3
1075,tuş,"клавиша, кнопка",İSİMLER,A2,UNITE3
1076,vaat,"обещание, обет",İSİMLER,A2,UNITE3
622,vakit,"время, пора",İSİMLER,A2,UNITE3
1077,valiz,"чемодан, саквояж",İSİMLER,A2,UNITE3
1078,vize,виза,İSİMLER,A2,UNITE3
1079,yağmurluk,"дождевик, плащ",İSİMLER,A2,UNITE3
1080,yanardağ,вулкан,İSİMLER,A2,UNITE3
1081,yoğunluk,"плотность, интенсивность",İSİMLER,A2,UNITE3
1082,yosun,"водоросли, мох",İSİMLER,A2,UNITE3
1083,yöresel,"местный, региональный",İSİMLER,A2,UNITE3
421,yurt,"общежитие, родина",İSİMLER,A2,UNITE3
706,anlaşmak,"договариваться, понимать друг друга",FİİLLER,A2,UNITE3
1084,artmak,"увеличиваться, возрастать, расти",FİİLLER,A2,UNITE3
1085,azalmak,"уменьшаться, сокращаться",FİİLLER,A2,UNITE3
1086,balık tutmak,ловить рыбу,FİİLLER,A2,UNITE3
1087,boyamak,"красить, рисовать, раскрашивать",FİİLLER,A2,UNITE3
861,çağırmak,"звать, вызывать, приглашать",FİİLLER,A2,UNITE3
1088,çalıştırmak,"работать, запускать, эксплуатировать",FİİLLER,A2,UNITE3
1089,çizmek,"рисовать, чертить, набрасывать",FİİLLER,A2,UNITE3
1090,dalmak,"нырять, погружаться, углубляться",FİİLLER,A2,UNITE3
709,değiştirmek,"менять, заменять, обменивать",FİİLLER,A2,UNITE3
870,düzenlemek,"организовывать, устраивать, приводить в порядок",FİİLLER,A2,UNITE3
1091,geçirmek,"проводить (время), пропускать, переносить",FİİLLER,A2,UNITE3
445,geçmek,"проходить, проезжать, сдавать (экзамен)",FİİLLER,A2,UNITE3
1092,gerçekleştirmek,"осуществлять, выполнять, реализовывать",FİİLLER,A2,UNITE3
446,gezmek,"путешествовать, гулять, осматривать",FİİLLER,A2,UNITE3
175,görüşmek,"встречаться, видеться, обсуждать, беседовать",FİİLLER,A2,UNITE3
1093,güneşlenmek,"загорать, принимать солнечные ванны",FİİLLER,A2,UNITE3
1094,ikna etmek,"убеждать, уговаривать",FİİLLER,A2,UNITE3
1095,iptal olmak,"отменяться, аннулироваться",FİİLLER,A2,UNITE3
1096,kaçmak,"убегать, спасаться бегством",FİİLLER,A2,UNITE3
1097,karar vermek,"решать, принимать решение",FİİLLER,A2,UNITE3
1098,kartopu oynamak,играть в снежки,FİİLLER,A2,UNITE3
642,katılmak,"участвовать, присоединяться, вступать",FİİLLER,A2,UNITE3
1099,kayak yapmak,кататься на лыжах,FİİLLER,A2,UNITE3
1100,kürek çekmek,"грести, работать веслами",FİİLLER,A2,UNITE3
1101,tahmin etmek,"предполагать, догадываться",FİİLLER,A2,UNITE3
1102,takmak,"надевать, прикреплять, устанавливать",FİİLLER,A2,UNITE3
1103,tıraş olmak,бриться,FİİLLER,A2,UNITE3
898,tükenmek,"заканчиваться, иссякать, истощаться",FİİLLER,A2,UNITE3
1104,ambulans,скорая помощь,İSİMLER,A2,UNITE4
1105,asansör,лифт,İSİMLER,A2,UNITE4
1106,bilmece,загадка,İSİMLER,A2,UNITE4
1107,cankurtaran,"спасатель, спасательный круг, спасательный жилет",İSİMLER,A2,UNITE4
1108,cin,"джинн, дух, черт",İSİMLER,A2,UNITE4
1109,deve,верблюд,İSİMLER,A2,UNITE4
1110,diyar,"страна, край",İSİMLER,A2,UNITE4
1111,efsane,"легенда, миф, сказание",İSİMLER,A2,UNITE4
1112,evliya,"святой, угодник",İSİMLER,A2,UNITE4
237,fakir,"бедный, нищий",İSİMLER,A2,UNITE4
1113,fıkra,"анекдот, статья, пункт",İSİMLER,A2,UNITE4
1114,fırtına,"буря, шторм",İSİMLER,A2,UNITE4
1115,hayran,"поклонник, обожатель, фанат",İSİMLER,A2,UNITE4
1116,inşaat,"стройка, строительство",İSİMLER,A2,UNITE4
382,işçi,рабочий,İSİMLER,A2,UNITE4
1117,itfaiyeci,пожарный,İSİMLER,A2,UNITE4
1118,kasaba,"городок, местечко",İSİMLER,A2,UNITE4
262,kasiyer,кассир,İSİMLER,A2,UNITE4
1119,kaval,"свирель, дудка, флейта",İSİMLER,A2,UNITE4
1120,kıtlık,"голод, нехватка, дефицит",İSİMLER,A2,UNITE4
1121,konfeksiyon,"швейное производство, готовая одежда",İSİMLER,A2,UNITE4
1122,köçek,мальчик-танцовщик (в старину),İSİMLER,A2,UNITE4
1123,macera,"приключение, авантюра",İSİMLER,A2,UNITE4
106,merdiven,лестница,İSİMLER,A2,UNITE4
1124,metrobüs,метробус (скоростной автобус),İSİMLER,A2,UNITE4
1049,mimar,архитектор,İSİMLER,A2,UNITE4
394,müşteri,"клиент, покупатель, заказчик",İSİMLER,A2,UNITE4
1125,nişanlı,"помолвленный, жених, невеста",İSİMLER,A2,UNITE4
1126,ölümsüz,бессмертный,İSİMLER,A2,UNITE4
1127,ölümsüzlük,бессмертие,İSİMLER,A2,UNITE4
1054,padişah,"султан, падишах",İSİMLER,A2,UNITE4
1128,pansiyon,"пансион, гостиница, меблированные комнаты",İSİMLER,A2,UNITE4
1129,santral görevlisi,"оператор станции, диспетчер",İSİMLER,A2,UNITE4
1130,sebze,"овощи, овощ",İSİMLER,A2,UNITE4
1131,sedefkâr,"перламутр, мастер по перламутру",İSİMLER,A2,UNITE4
1132,sihirli,"волшебный, магический, заколдованный",İSİMLER,A2,UNITE4
1133,sürü,"стадо, стая, рой",İSİMLER,A2,UNITE4
1072,tarla,"поле, пашня",İSİMLER,A2,UNITE4
1134,tas,"чаша, таз, камень",İSİMLER,A2,UNITE4
318,tembel,ленивый,İSİMLER,A2,UNITE4
1135,tepe,"холм, вершина, верхушка",İSİMLER,A2,UNITE4
319,tezgâhtar,продавец,İSİMLER,A2,UNITE4
1136,uslu,"послушный, спокойный",İSİMLER,A2,UNITE4
1137,vestiyer,"гардероб, вешалка",İSİMLER,A2,UNITE4
845,veteriner,ветеринар,İSİMLER,A2,UNITE4
534,yaramaz,"непослушный, озорной, шаловливый",İSİMLER,A2,UNITE4
1138,yem,"корм, приманка, наживка",İSİMLER,A2,UNITE4
1139,yönetmen,"режиссер, директор, управляющий",İSİMLER,A2,UNITE4
1140,alay etmek,"насмехаться, издеваться",FİİLLER,A2,UNITE4
1141,anırmak,"реветь (об осле), кричать",FİİLLER,A2,UNITE4
1142,boğulmak,"тонуть, задыхаться",FİİLLER,A2,UNITE4
1143,bozulmak,"ломаться, портиться, срываться",FİİLLER,A2,UNITE4
1144,fethetmek,"завоевывать, покорять",FİİLLER,A2,UNITE4
1145,fışkırmak,"бить ключом, извергаться",FİİLLER,A2,UNITE4
1146,incitmek,"ранить, причинять боль, обижать",FİİLLER,A2,UNITE4
1147,oda tutmak,"бронировать номер, снимать комнату",FİİLLER,A2,UNITE4
1148,şaşırmak,"удивляться, поражаться, путаться",FİİLLER,A2,UNITE4
1149,şımartmak,"баловать, изнеживать, развращать",FİİLLER,A2,UNITE4
1150,yetiştirmek,"выращивать, воспитывать, успевать (делать)",FİİLLER,A2,UNITE4
1151,afiş,"афиша, плакат",İSİMLER,A2,UNITE5
658,alan,"область, поле, площадка",İSİMLER,A2,UNITE5
913,alışkanlık,привычка,İSİMLER,A2,UNITE5
1152,animasyon,"анимация, мультипликация",İSİMLER,A2,UNITE5
1153,aşçı,повар,İSİMLER,A2,UNITE5
1154,atmosfer,"атмосфера, обстановка",İSİMLER,A2,UNITE5
1155,banka kartı,банковская карта,İSİMLER,A2,UNITE5
1156,belgesel,"документальный фильм, документальный",İSİMLER,A2,UNITE5
731,biber,перец,İSİMLER,A2,UNITE5
1157,bilim kurgu,научная фантастика,İSİMLER,A2,UNITE5
1158,bilimsel gerçek,научный факт,İSİMLER,A2,UNITE5
1159,bulmaca,"кроссворд, головоломка",İSİMLER,A2,UNITE5
734,bulut,облако,İSİMLER,A2,UNITE5
1160,cisim,"тело, предмет, объект",İSİMLER,A2,UNITE5
1161,çığ,"лавина, снежный обвал",İSİMLER,A2,UNITE5
1162,çöpçü,"мусорщик, уборщик",İSİMLER,A2,UNITE5
1163,damlacık,"капелька, капля",İSİMLER,A2,UNITE5
1164,dedikodu,"сплетня, слухи",İSİMLER,A2,UNITE5
1165,delikanlı,"юноша, молодец",İSİMLER,A2,UNITE5
429,beslenmek,"питаться, кормиться",İSİMLER,A2,UNITE5
1166,deprem,землетрясение,İSİMLER,A2,UNITE5
1167,dikey,"вертикальный, перпендикулярный",İSİMLER,A2,UNITE5
1168,doğa,"природа, натура",İSİMLER,A2,UNITE5
1169,doğa olayı,природное явление,İSİMLER,A2,UNITE5
227,dolu,"град, полный",İSİMLER,A2,UNITE5
1170,dünya,"мир, земля",İSİMLER,A2,UNITE5
1171,elektrik enerjisi,электрическая энергия,İSİMLER,A2,UNITE5
1172,etraf,"окрестности, окружение, вокруг",İSİMLER,A2,UNITE5
1173,fay,"разлом, трещина, польза",İSİMLER,A2,UNITE5
239,fırın,"печь, пекарня, духовка",İSİMLER,A2,UNITE5
1174,form,"форма, бланк, состояние",İSİMLER,A2,UNITE5
1175,genişlik,"ширина, широта",İSİMLER,A2,UNITE5
1176,gişe memuru,"кассир, билетер",İSİMLER,A2,UNITE5
1177,gökkuşağı,радуга,İSİMLER,A2,UNITE5
756,gökyüzü,небо,İSİMLER,A2,UNITE5
668,göl,озеро,İSİMLER,A2,UNITE5
1178,güneş,солнце,İSİMLER,A2,UNITE5
1179,günlük,"дневник, ежедневный, ежедневник",İSİMLER,A2,UNITE5
1180,hobi,"хобби, увлечение",İSİMLER,A2,UNITE5
1181,hokkabaz,"фокусник, жонглер",İSİMLER,A2,UNITE5
1182,hortum,"шланг, воронка, смерч",İSİMLER,A2,UNITE5
1183,ılıman,умеренный (о климате),İSİMLER,A2,UNITE5
1184,ihtimal,"вероятность, возможность",İSİMLER,A2,UNITE5
1185,iklim,климат,İSİMLER,A2,UNITE5
1186,iskele,"пристань, пирс, эшафот",İSİMLER,A2,UNITE5
1187,karanlık,"темнота, темный",İSİMLER,A2,UNITE5
1188,kırık,"сломанный, перелом, трещина",İSİMLER,A2,UNITE5
267,kilo,"килограмм, вес",İSİMLER,A2,UNITE5
1189,klasik,"классический, классика",İSİMLER,A2,UNITE5
1190,koleksiyon,коллекция,İSİMLER,A2,UNITE5
1191,komedi,комедия,İSİMLER,A2,UNITE5
1192,korku,"страх, боязнь",İSİMLER,A2,UNITE5
1193,köşk,"дворец, вилла, особняк",İSİMLER,A2,UNITE5
1194,kum,песок,İSİMLER,A2,UNITE5
1195,kum fırtınası,песчаная буря,İSİMLER,A2,UNITE5
1196,kurak,"засушливый, сухой",İSİMLER,A2,UNITE5
1197,kuraklık,засуха,İSİMLER,A2,UNITE5
278,manav,"овощной магазин, зеленщик",İSİMLER,A2,UNITE5
680,manzara,"вид, пейзаж, ландшафт",İSİMLER,A2,UNITE5
1198,meteorolojik,метеорологический,İSİMLER,A2,UNITE5
802,müze,музей,İSİMLER,A2,UNITE5
684,nehir,река,İSİMLER,A2,UNITE5
1199,nem,"влажность, сырость",İSİMLER,A2,UNITE5
1200,öğle yemeği,обед,İSİMLER,A2,UNITE5
1201,özet,"резюме, краткое содержание, конспект",İSİMLER,A2,UNITE5
1202,polisiye,"детективный, полицейский",İSİMLER,A2,UNITE5
132,postacı,почтальон,İSİMLER,A2,UNITE5
1203,romantik,романтический,İSİMLER,A2,UNITE5
814,rüzgâr,ветер,İSİMLER,A2,UNITE5
1204,sel,"наводнение, поток",İSİMLER,A2,UNITE5
1063,serin,"прохладный, свежий",İSİMLER,A2,UNITE5
1205,sihirbaz,"волшебник, фокусник",İSİMLER,A2,UNITE5
1206,sopa,"палка, дубинка",İSİMLER,A2,UNITE5
151,şarkıcı,"певец, певица",İSİMLER,A2,UNITE5
1207,tamirci,"ремонтник, механик",İSİMLER,A2,UNITE5
1208,teslim,"сдача, доставка, передача",İSİMLER,A2,UNITE5
1209,toz,пыль,İSİMLER,A2,UNITE5
1210,toz fırtınası,пыльная буря,İSİMLER,A2,UNITE5
1211,tropik yağmur,тропический дождь,İSİMLER,A2,UNITE5
1212,tsunami,цунами,İSİMLER,A2,UNITE5
412,tür,"вид, тип, сорт",İSİMLER,A2,UNITE5
165,vazo,ваза,İSİMLER,A2,UNITE5
1213,volkanik patlama,вулканическое извержение,İSİMLER,A2,UNITE5
847,yağmur,дождь,İSİMLER,A2,UNITE5
1214,yatay,горизонтальный,İSİMLER,A2,UNITE5
1215,yatılı okul,"школа-интернат, пансион",İSİMLER,A2,UNITE5
1216,yazlık kıyafet,летняя одежда,İSİMLER,A2,UNITE5
1217,yer çekimi,"сила тяжести, гравитация",İSİMLER,A2,UNITE5
1218,yer kabuğu,земная кора,İSİMLER,A2,UNITE5
1219,yıldırım,молния,İSİMLER,A2,UNITE5
1083,yöresel,"местный, региональный",İSİMLER,A2,UNITE5
1220,ziyaret,"визит, посещение",İSİMLER,A2,UNITE5
1221,batmak,"тонуть, заходить (о солнце), погружаться",FİİLLER,A2,UNITE5
432,biriktirmek,"собирать, накапливать, коллекционировать",FİİLLER,A2,UNITE5
1222,çarpmak,"ударять, сталкиваться, умножать",FİİLLER,A2,UNITE5
1223,dağıtmak,"раздавать, распределять, рассеивать",FİİLLER,A2,UNITE5
1224,dizilmek,"выстраиваться, становиться в ряд, нанизываться",FİİLLER,A2,UNITE5
1225,donmak,"замерзать, морозить, застывать",FİİLLER,A2,UNITE5
1226,fırçalamak,"чистить щеткой, чистить, отчитывать",FİİLLER,A2,UNITE5
1227,horlamak,храпеть,FİİLLER,A2,UNITE5
1228,imzalamak,"подписывать, расписываться",FİİLLER,A2,UNITE5
1229,iyileşmek,"выздоравливать, поправляться, улучшаться",FİİLLER,A2,UNITE5
1230,karşılaşmak,"встречаться, сталкиваться",FİİLLER,A2,UNITE5
1231,kaynamak,"кипеть, закипать, срастаться",FİİLLER,A2,UNITE5
1232,küsmek,"дуться, обижаться, не разговаривать",FİİLLER,A2,UNITE5
1233,nişanlanmak,"помолвиться, обручиться",FİİLLER,A2,UNITE5
471,pişirmek,"готовить (еду), печь, варить",FİİLLER,A2,UNITE5
713,sallanmak,"качаться, болтаться, колебаться",FİİLLER,A2,UNITE5
1234,söndürmek,"гасить, тушить, выключать",FİİLLER,A2,UNITE5
1235,sürtünmek,"тереться, скользить, конфликтовать",FİİLLER,A2,UNITE5
1148,şaşırmak,"удивляться, поражаться, путаться",FİİLLER,A2,UNITE5
1236,tartmak,"взвешивать, обсуждать",FİİLLER,A2,UNITE5
1237,taşımak,"нести, перевозить, выдерживать",FİİLLER,A2,UNITE5
1238,taşmak,"переливаться через край, изобиловать",FİİLLER,A2,UNITE5
901,yağmak,"идти (о дожде, снеге), лить",FİİLLER,A2,UNITE5
1239,yapışmak,"прилипать, приклеиваться, липнуть",FİİLLER,A2,UNITE5
1240,acele,"спешка, поспешность",İSİMLER,A2,UNITE6
1241,açma,"открывание, слойка",İSİMLER,A2,UNITE6
1242,alkollü,"алкогольный, спиртной",İSİMLER,A2,UNITE6
1243,anlam,"смысл, значение, понимание",İSİMLER,A2,UNITE6
1244,ayaküstü,"на ходу, второпях, в спешке",İSİMLER,A2,UNITE6
1245,ayran,айран,İSİMLER,A2,UNITE6
1246,bagaj,"багаж, багажник",İSİMLER,A2,UNITE6
1247,bakıcı,"сиделка, няня, опекун",İSİMLER,A2,UNITE6
1248,bedesten,"крытый рынок, бедестен",İSİMLER,A2,UNITE6
1249,briç,бридж (карточная игра),İSİMLER,A2,UNITE6
29,çamaşır,белье,İSİMLER,A2,UNITE6
1250,çatal (yiyecek),"вилка, развилка, разветвление",İSİMLER,A2,UNITE6
1251,çıkış,"выход, результат, окончание",İSİMLER,A2,UNITE6
1252,dekoratif,"декоративный, украшательский",İSİMLER,A2,UNITE6
1253,deneyim,"опыт, испытание",İSİMLER,A2,UNITE6
1254,desen,"узор, рисунок, модель",İSİMLER,A2,UNITE6
1255,döviz,"валюта, обмен валюты",İSİMLER,A2,UNITE6
43,düğün,свадьба,İSİMLER,A2,UNITE6
1256,ehliyet,"водительские права, разрешение, диплом",İSİMLER,A2,UNITE6
1257,ekip,"команда, группа, состав",İSİMLER,A2,UNITE6
1258,geleneksel,традиционный,İSİMLER,A2,UNITE6
1259,gözleme,"гёзлеме, лепешка",İSİMLER,A2,UNITE6
1260,gürültü,"шум, гам, грохот",İSİMLER,A2,UNITE6
1261,güverte,палуба,İSİMLER,A2,UNITE6
1262,han,"гостиница, караван-сарай, постоялый двор",İSİMLER,A2,UNITE6
1263,hat,"линия, черта, сообщение",İSİMLER,A2,UNITE6
374,hazır,"готовый, подготовленный",İSİMLER,A2,UNITE6
581,heyecan,"волнение, азарт, возбуждение",İSİMLER,A2,UNITE6
1264,İhtiyaç,"потребность, нужда",İSİMLER,A2,UNITE6
1265,ilan,"объявление, анонс, извещение",İSİMLER,A2,UNITE6
1266,inanç,"вера, доверие, убеждение",İSİMLER,A2,UNITE6
1267,izin,"разрешение, позволение, отпуск",İSİMLER,A2,UNITE6
1268,karar,"решение, приговор, твердость",İSİMLER,A2,UNITE6
1269,katmer,"слой, слоеный, катмер",İSİMLER,A2,UNITE6
1270,kestane,"каштан, каштановый",İSİMLER,A2,UNITE6
1271,kokoreç,кокореч (закуска из бараньих потрохов),İSİMLER,A2,UNITE6
783,konu,"тема, предмет, вопрос",İSİMLER,A2,UNITE6
785,köfte,"кюфте, котлета",İSİMLER,A2,UNITE6
1272,kumpir,кумпир (запеченный картофель с начинкой),İSİMLER,A2,UNITE6
790,lahmacun,лахмаджун,İSİMLER,A2,UNITE6
1273,lazım,"нужный, необходимый, следует",İSİMLER,A2,UNITE6
1274,martı,чайка,İSİMLER,A2,UNITE6
801,mutlaka,"обязательно, непременно, обязательно",İSİMLER,A2,UNITE6
1275,nakit,"наличные, наличные деньги",İSİMLER,A2,UNITE6
1276,öncelik,"приоритет, первоочередность, предпочтение",İSİMLER,A2,UNITE6
806,öneri,"предложение, рекомендация, совет",İSİMLER,A2,UNITE6
1277,pide,пита (лепешка),İSİMLER,A2,UNITE6
1278,poğaça,"булочка, пончик, погача",İSİMLER,A2,UNITE6
1279,rahat,"покой, комфорт, удобство",İSİMLER,A2,UNITE6
1280,rakip,"соперник, конкурент",İSİMLER,A2,UNITE6
1281,refah,"благосостояние, процветание, благополучие",İSİMLER,A2,UNITE6
1282,sanatçı,"художник, артист, деятель искусства",İSİMLER,A2,UNITE6
1283,sandal,"лодка, сандалия",İSİMLER,A2,UNITE6
1284,seyir,"просмотр, наблюдение, зрелище",İSİMLER,A2,UNITE6
1285,sıkışık,"тесный, зажатый, затруднительный",İSİMLER,A2,UNITE6
1286,sınır,"граница, предел, лимит",İSİMLER,A2,UNITE6
1287,simit,симит (кунжутный бублик),İSİMLER,A2,UNITE6
1288,siyasetçi,политик,İSİMLER,A2,UNITE6
1289,sözleşme,"контракт, договор, соглашение",İSİMLER,A2,UNITE6
1290,süre,"срок, продолжительность",İSİMLER,A2,UNITE6
1291,şekerleme,"конфеты, сладости, дремота",İSİMLER,A2,UNITE6
1292,şiddet,"сила, интенсивность, жестокость",İSİMLER,A2,UNITE6
528,şirket,"компания, фирма, общество",İSİMLER,A2,UNITE6
1293,tavla,"нарды, тавла",İSİMLER,A2,UNITE6
838,tavsiye,"совет, рекомендация",İSİMLER,A2,UNITE6
839,tecrübe,"опыт, стаж",İSİMLER,A2,UNITE6
409,terlik,тапочки,İSİMLER,A2,UNITE6
1294,tost,"тост (жареный бутерброд), тост",İSİMLER,A2,UNITE6
1295,ud,уд (музыкальный инструмент),İSİMLER,A2,UNITE6
1296,ünlü,"знаменитый, известный",İSİMLER,A2,UNITE6
1297,vakıf,"фонд, учреждение, вакф",İSİMLER,A2,UNITE6
1298,vatandaş,гражданин,İSİMLER,A2,UNITE6
1299,vezne,касса,İSİMLER,A2,UNITE6
415,yalan,"ложь, неправда",İSİMLER,A2,UNITE6
1300,yaygın,"распространенный, широкий, общепринятый",İSİMLER,A2,UNITE6
334,yoğun,"густой, плотный, занятой",İSİMLER,A2,UNITE6
1301,ara vermek,"делать перерыв, прерываться",FİİLLER,A2,UNITE6
1221,batmak,"тонуть, заходить (о солнце), погружаться",FİİLLER,A2,UNITE6
1302,bilgi vermek,"сообщать информацию, информировать",FİİLLER,A2,UNITE6
1303,bitirmek,"заканчивать, завершать",FİİLLER,A2,UNITE6
1304,borç vermek,"давать в долг, одалживать",FİİLLER,A2,UNITE6
1305,burs vermek,предоставлять стипендию,FİİLLER,A2,UNITE6
1306,çekinmek,"стесняться, колебаться, опасаться",FİİLLER,A2,UNITE6
1307,çözmek,"разрешать, развязывать, решать",FİİLLER,A2,UNITE6
1308,dayanmak,"выдерживать, держаться, опираться",FİİLLER,A2,UNITE6
1309,denemek,"пробовать, испытывать",FİİLLER,A2,UNITE6
1310,destek vermek,"оказывать поддержку, поддерживать",FİİLLER,A2,UNITE6
1311,devam et,"продолжай, продолжай",FİİLLER,A2,UNITE6
1312,dikiş dikmek,шить,FİİLLER,A2,UNITE6
1313,dikkat etmek,"обращать внимание, быть внимательным",FİİLLER,A2,UNITE6
1314,doymak,"наедаться, насыщаться",FİİLLER,A2,UNITE6
1315,farkında olmak,"осознавать, быть в курсе",FİİLLER,A2,UNITE6
638,gecikmek,"опаздывать, задерживаться",FİİLLER,A2,UNITE6
1316,gitar çalmak,играть на гитаре,FİİLLER,A2,UNITE6
1317,giyinmek,"одеваться, надевать одежду",FİİLLER,A2,UNITE6
1318,göz kırpmak,подмигивать,FİİLLER,A2,UNITE6
1319,güvenmek,"доверять, полагаться",FİİLLER,A2,UNITE6
1320,hoş görmek,"снисходительно относиться, прощать",FİİLLER,A2,UNITE6
1321,hüküm vermek,"выносить приговор, судить, решать",FİİLLER,A2,UNITE6
1322,ıslık çalmak,свистеть,FİİLLER,A2,UNITE6
1323,ilgilenmek,"интересоваться, заниматься, ухаживать",FİİLLER,A2,UNITE6
453,izlemek,"смотреть, наблюдать, следить",FİİLLER,A2,UNITE6
1324,kaybolmak,"теряться, пропадать, исчезать",FİİLLER,A2,UNITE6
1325,kaymak,"скользить, кататься (на коньках, лыжах), снимать сливки",FİİLLER,A2,UNITE6
1326,kımıldamak,"шевелиться, двигаться",FİİLLER,A2,UNITE6
1327,közlemek,"жарить на углях, скучать, тосковать",FİİLLER,A2,UNITE6
1328,kredi almak,"получать кредит, брать кредит",FİİLLER,A2,UNITE6
644,kutlamak,"праздновать, поздравлять",FİİLLER,A2,UNITE6
1329,mola vermek,"делать перерыв, останавливаться на отдых",FİİLLER,A2,UNITE6
1330,neden olmak,"быть причиной, вызывать",FİİLLER,A2,UNITE6
1331,para bozdurmak,"разменивать деньги, обменивать валюту",FİİLLER,A2,UNITE6
1332,problem çıkarmak,"создавать проблемы, создавать трудности",FİİLLER,A2,UNITE6
1333,sığmak,"помещаться, влезать, подходить (по размеру)",FİİLLER,A2,UNITE6
1334,sıkıntı çekmek,"испытывать трудности, страдать",FİİLLER,A2,UNITE6
1335,soluklanmak,"переводить дух, отдыхать",FİİLLER,A2,UNITE6
1336,şişirmek,"надувать, раздувать, преувеличивать",FİİLLER,A2,UNITE6
1337,takip etmek,"следовать, преследовать, отслеживать",FİİLLER,A2,UNITE6
900,uzatmak,"удлинять, протягивать, затягивать",FİİLLER,A2,UNITE6
1338,ütülemek,"гладить (утюгом), разглаживать",FİİLLER,A2,UNITE6
650,vedalaşmak,прощаться,FİİLLER,A2,UNITE6
1339,yatıştırmak,"успокаивать, умиротворять, усмирять",FİİLLER,A2,UNITE6
653,yenmek,"побеждать, съедать, преодолевать",FİİLLER,A2,UNITE6
1340,yetişmek,"поспевать, успевать, вырастать",FİİLLER,A2,UNITE6
1341,zannetmek,"думать, полагать, считать",FİİLLER,A2,UNITE6
1342,abone,"подписчик, абонент",İSİMLER,B1,UNITE1
1343,acil,"срочный, неотложный",İSİMLER,B1,UNITE1
1344,adım,"шаг, ступень, мера",İSİMLER,B1,UNITE1
1345,araç,"средство, транспортное средство",İSİMLER,B1,UNITE1
1346,arıza,"неисправность, поломка, помеха",İSİMLER,B1,UNITE1
1347,bedel,"плата, стоимость, возмездие",İSİMLER,B1,UNITE1
1348,bilek,"запястье, кисть руки",İSİMLER,B1,UNITE1
349,borç,долг,İSİMLER,B1,UNITE1
1349,boru,"труба, трубка",İSİMLER,B1,UNITE1
1350,büyüklük,"величина, размер, важность",İSİMLER,B1,UNITE1
1351,büyüleyici,"очаровательный, восхитительный",İSİMLER,B1,UNITE1
1352,civar,"окрестности, район",İSİMLER,B1,UNITE1
738,çöp,"мусор, отходы",İSİMLER,B1,UNITE1
1353,dahil,"включая, в том числе",İSİMLER,B1,UNITE1
1354,davranış,"поведение, поступок",İSİMLER,B1,UNITE1
1253,deneyim,"опыт, испытание",İSİMLER,B1,UNITE1
1355,depozito,"залог, депозит, задаток",İSİMLER,B1,UNITE1
1356,doğalgaz,природный газ,İSİMLER,B1,UNITE1
1357,döşeme,"пол, настил, обивка",İSİMLER,B1,UNITE1
1358,durum,"положение, состояние, ситуация",İSİMLER,B1,UNITE1
1359,eğitim,"образование, обучение, тренировка",İSİMLER,B1,UNITE1
1360,emlak,недвижимость,İSİMLER,B1,UNITE1
1361,endişeli,"беспокойный, тревожный, озабоченный",İSİMLER,B1,UNITE1
1362,etki,"влияние, эффект, воздействие",İSİMLER,B1,UNITE1
571,evlilik,"брак, замужество, женитьба",İSİMLER,B1,UNITE1
1363,fatura,"счет, квитанция",İSİMLER,B1,UNITE1
1364,fiyat,"цена, стоимость",İSİMLER,B1,UNITE1
1365,fonksiyon,"функция, назначение",İSİMLER,B1,UNITE1
1366,garip,"странный, удивительный",İSİMLER,B1,UNITE1
1179,günlük,"дневник, ежедневный, ежедневник",İSİMLER,B1,UNITE1
1367,güvenlik,"безопасность, охрана",İSİMLER,B1,UNITE1
1368,halat,"канат, трос",İSİMLER,B1,UNITE1
1369,ham,"сырой, необработанный, незрелый",İSİMLER,B1,UNITE1
1370,ısıtma,"отопление, обогрев, нагревание",İSİMLER,B1,UNITE1
1371,ıslak,"мокрый, влажный",İSİMLER,B1,UNITE1
1372,içerik,"содержание, содержимое, контент",İSİMLER,B1,UNITE1
762,ihtiyaç,"потребность, нужда",İSİMLER,B1,UNITE1
1265,ilan,"объявление, анонс, извещение",İSİMLER,B1,UNITE1
1373,imdat,"помощь, спасание, сигнал бедствия",İSİMLER,B1,UNITE1
1374,iş bölümü,разделение труда,İSİMLER,B1,UNITE1
1375,işlem,"операция, процесс, сделка",İSİMLER,B1,UNITE1
1376,jandarma,"жандармерия, военная полиция",İSİMLER,B1,UNITE1
1034,kaban,"пальто, куртка (зимняя)",İSİMLER,B1,UNITE1
948,kanat,"крыло, бок, фланг",İSİMLER,B1,UNITE1
1377,kiralık,"сдаваемый в аренду, арендный",İSİMLER,B1,UNITE1
1378,kombi,"комбинированный котел, газовый котел",İSİMLER,B1,UNITE1
1379,konum,"местоположение, позиция, статус",İSİMLER,B1,UNITE1
1380,koza,"кокон, оболочка",İSİMLER,B1,UNITE1
1381,lavabo,"раковина, умывальник, туалет",İSİMLER,B1,UNITE1
1382,lüks,"роскошь, роскошный",İSİMLER,B1,UNITE1
680,manzara,"вид, пейзаж, ландшафт",İSİMLER,B1,UNITE1
1383,masrafsız,"бесплатный, не требующий расходов",İSİMLER,B1,UNITE1
1384,mevki,"должность, положение, ранг",İSİMLER,B1,UNITE1
1385,muhit,"окружение, среда, район",İSİMLER,B1,UNITE1
1386,müstakil,"отдельный, самостоятельный, независимый",İSİMLER,B1,UNITE1
1387,nezih,"опрятный, чистый, приличный",İSİMLER,B1,UNITE1
1053,ödeme,"оплата, платеж",İSİMLER,B1,UNITE1
602,ömür,"жизнь, век, срок жизни",İSİMLER,B1,UNITE1
1388,özellik,"особенность, свойство, характеристика",İSİMLER,B1,UNITE1
1389,pazarlık,"торг, сделка",İSİMLER,B1,UNITE1
1390,pil,"батарейка, аккумулятор",İSİMLER,B1,UNITE1
1391,sahip,"владелец, обладатель, хозяин",İSİMLER,B1,UNITE1
1392,satır,"строка, клинок, шампур",İSİMLER,B1,UNITE1
981,satış,"продажа, сбыт",İSİMLER,B1,UNITE1
1393,sızıntı,"утечка, просачивание",İSİMLER,B1,UNITE1
1394,sigorta,"страховка, предохранитель",İSİMLER,B1,UNITE1
1289,sözleşme,"контракт, договор, соглашение",İSİMLER,B1,UNITE1
1395,şofben,"газовая колонка, водонагреватель",İSİMLER,B1,UNITE1
1396,tarife,"тариф, расписание, рецепт",İSİMLER,B1,UNITE1
1397,taşınma,"переезд, перемещение",İSİMLER,B1,UNITE1
1398,temel,"основа, фундамент, базовый",İSİMLER,B1,UNITE1
1399,tesisatçı,"сантехник, монтажник",İSİMLER,B1,UNITE1
1400,tuhaf,"странный, причудливый",İSİMLER,B1,UNITE1
1401,tüketim,"потребление, расход",İSİMLER,B1,UNITE1
1402,ulaşım,"транспорт, сообщение, доступ",İSİMLER,B1,UNITE1
413,uygun,"подходящий, удобный",İSİMLER,B1,UNITE1
1403,uyum,"гармония, соответствие, адаптация",İSİMLER,B1,UNITE1
1404,vali,"губернатор, правитель",İSİMLER,B1,UNITE1
1405,vana,"клапан, кран, вентиль",İSİMLER,B1,UNITE1
1406,vergi,налог,İSİMLER,B1,UNITE1
1407,yakınlık,"близость, родство",İSİMLER,B1,UNITE1
1408,yapışık,"приклеенный, прилипший, сросшийся",İSİMLER,B1,UNITE1
1409,yuva,"гнездо, нора, дом, очаг",İSİMLER,B1,UNITE1
1410,zam,"повышение (цен, зарплаты), надбавка, время",İSİMLER,B1,UNITE1
856,acele etmek,"торопиться, спешить",FİİLLER,B1,UNITE1
1411,akıtmak,"проливать, течь, литься",FİİLLER,B1,UNITE1
1412,atıştırmak,"перекусывать, есть в перерывах",FİİLLER,B1,UNITE1
1413,ayırmak,"отделять, выделять, резервировать",FİİLLER,B1,UNITE1
859,basmak,"нажимать, давить, печатать",FİİLLER,B1,UNITE1
633,benzemek,"быть похожим, напоминать",FİİLLER,B1,UNITE1
1414,boşaltmak,"опорожнять, разгружать, выгружать",FİİLLER,B1,UNITE1
1143,bozulmak,"ломаться, портиться, срываться",FİİLLER,B1,UNITE1
1415,burkmak,"подворачивать, вывихивать, крутить",FİİLLER,B1,UNITE1
1416,değerlendirmek,"оценивать, рассматривать, использовать",FİİLLER,B1,UNITE1
1417,dikkat çekmek,привлекать внимание,FİİLLER,B1,UNITE1
866,doldurmak,"наполнять, заполнять",FİİLLER,B1,UNITE1
1418,eğmek,"наклонять, гнуть, склонять",FİİLLER,B1,UNITE1
1145,fışkırmak,"бить ключом, извергаться",FİİLLER,B1,UNITE1
1419,harcamak,"тратить, расходовать, проводить (время)",FİİLLER,B1,UNITE1
1420,ısınmak,"нагреваться, согреваться, привязываться (к кому-то)",FİİLLER,B1,UNITE1
1421,ilerletmek,"продвигать, двигать вперед",FİİLLER,B1,UNITE1
1230,karşılaşmak,"встречаться, сталкиваться",FİİLLER,B1,UNITE1
886,kopmak,"рваться, отрываться, обрываться",FİİLLER,B1,UNITE1
1422,kurtulmak,"освобождаться, спасаться, избавляться",FİİLLER,B1,UNITE1
888,önermek,"предлагать, рекомендовать",FİİLLER,B1,UNITE1
1423,patlamak,"взрываться, лопаться",FİİLLER,B1,UNITE1
1333,sığmak,"помещаться, влезать, подходить (по размеру)",FİİLLER,B1,UNITE1
1424,sıkışmak,"застревать, сжиматься, тесниться",FİİLLER,B1,UNITE1
1425,sızdırmak,"просачиваться, пропускать, выдавать секрет",FİİLLER,B1,UNITE1
1234,söndürmek,"гасить, тушить, выключать",FİİLLER,B1,UNITE1
1337,takip etmek,"следовать, преследовать, отслеживать",FİİLLER,B1,UNITE1
1426,tartışmak,"обсуждать, спорить",FİİLLER,B1,UNITE1
1427,telaşlanmak,"суетиться, беспокоиться, волноваться",FİİLLER,B1,UNITE1
1428,tercih etmek,"предпочитать, выбирать",FİİLLER,B1,UNITE1
1429,teslim etmek,"сдавать, передавать, вручать",FİİLLER,B1,UNITE1
1430,tıkanmak,"забиваться, засоряться, задыхаться",FİİLLER,B1,UNITE1
1431,uğraşmak,"заниматься, трудиться, стараться",FİİLLER,B1,UNITE1
1432,yadırgamak,"удивляться, не понимать, казаться странным",FİİLLER,B1,UNITE1
1433,yansıtmak,"отражать, проецировать",FİİLLER,B1,UNITE1
1434,yardımcı olmak,"помогать, оказывать помощь",FİİLLER,B1,UNITE1
1435,yığmak,"складывать, нагромождать, сваливать",FİİLLER,B1,UNITE1
1436,zenginleşmek,"богатеть, обогащаться",FİİLLER,B1,UNITE1
1437,başının etini yemek,"доставать, надоедать (букв. есть мясо с головы)",KALIP İFADELER,B1,UNITE1
1438,kalbini fethetmek,"завоевывать сердце, покорять сердце",KALIP İFADELER,B1,UNITE1
1439,abur cubur,"всякая всячина, вредная еда, бесполезные вещи",İSİMLER,B1,UNITE2
1440,amaç,"цель, намерение",İSİMLER,B1,UNITE2
1441,ambalaj,"упаковка, тара",İSİMLER,B1,UNITE2
1442,amiral,адмирал,İSİMLER,B1,UNITE2
1443,arzu,"желание, страсть",İSİMLER,B1,UNITE2
1444,asgari,"минимальный, наименьший",İSİMLER,B1,UNITE2
1445,aşağılama,"унижение, оскорбление",İSİMLER,B1,UNITE2
1446,aşırı,"чрезмерный, крайний, излишний",İSİMLER,B1,UNITE2
1447,ayrıntı,"подробность, деталь",İSİMLER,B1,UNITE2
1448,azim,"решимость, упорство",İSİMLER,B1,UNITE2
1449,baskı,"давление, печать, тиснение",İSİMLER,B1,UNITE2
1450,başarı,"успех, достижение",İSİMLER,B1,UNITE2
1451,başlık,"заголовок, титул, головной убор",İSİMLER,B1,UNITE2
1452,beklenti,"ожидание, предвкушение",İSİMLER,B1,UNITE2
1453,benzerlik,"сходство, подобие",İSİMLER,B1,UNITE2
918,beslenme,питание,İSİMLER,B1,UNITE2
1454,birey,"индивид, личность",İSİMLER,B1,UNITE2
1455,cazip,"привлекательный, заманчивый",İSİMLER,B1,UNITE2
1456,çalışan,"работник, сотрудник",İSİMLER,B1,UNITE2
1457,danışman,"консультант, советник",İSİMLER,B1,UNITE2
1354,davranış,"поведение, поступок",İSİMLER,B1,UNITE2
1458,değişiklik,"изменение, перемена",İSİMLER,B1,UNITE2
1459,denizaltı,подводная лодка,İSİMLER,B1,UNITE2
1460,departman,"отдел, департамент, кафедра",İSİMLER,B1,UNITE2
1461,destek,"поддержка, опора",İSİMLER,B1,UNITE2
1462,devlet,государство,İSİMLER,B1,UNITE2
1463,dikiş,"шитье, шов",İSİMLER,B1,UNITE2
1464,doğrultu,"направление, линия",İSİMLER,B1,UNITE2
1465,dolgun,"полный, пышный, упитанный",İSİMLER,B1,UNITE2
1466,dönüm noktası,"поворотный пункт, переломный момент",İSİMLER,B1,UNITE2
1467,duruş,"поза, положение, стойка",İSİMLER,B1,UNITE2
1468,düşük,"низкий, слабый, пониженный",İSİMLER,B1,UNITE2
1469,editör,редактор,İSİMLER,B1,UNITE2
1470,eksiklik,"недостаток, нехватка, изъян",İSİMLER,B1,UNITE2
1471,elverişsiz,"неподходящий, неблагоприятный, неудобный",İSİMLER,B1,UNITE2
1472,engel,"препятствие, помеха, барьер",İSİMLER,B1,UNITE2
1473,engelli,"инвалид, лицо с ограниченными возможностями",İSİMLER,B1,UNITE2
932,esnek,"гибкий, эластичный",İSİMLER,B1,UNITE2
1474,etkileyici,"впечатляющий, эффектный, трогательный",İSİMLER,B1,UNITE2
1475,etkin,"активный, действенный, эффективный",İSİMLER,B1,UNITE2
1476,farklılık,"различие, разница",İSİMLER,B1,UNITE2
1477,fırsat,"возможность, шанс",İSİMLER,B1,UNITE2
1478,firma,"фирма, компания",İSİMLER,B1,UNITE2
1479,fiziksel,"физический, телесный",İSİMLER,B1,UNITE2
1480,fizyolojik,физиологический,İSİMLER,B1,UNITE2
1481,geçici,"временный, преходящий",İSİMLER,B1,UNITE2
1258,geleneksel,традиционный,İSİMLER,B1,UNITE2
1482,gıda,"продукты питания, пища",İSİMLER,B1,UNITE2
1483,girişimci,"предприниматель, инициатор",İSİMLER,B1,UNITE2
1484,görev,"задание, должность, функция",İSİMLER,B1,UNITE2
1485,görünüm,"вид, внешний вид, обзор",İSİMLER,B1,UNITE2
1486,görünüş,"внешний вид, вид",İSİMLER,B1,UNITE2
1487,güç,"сила, мощь, энергия",İSİMLER,B1,UNITE2
1179,günlük,"дневник, ежедневный, ежедневник",İSİMLER,B1,UNITE2
63,hastalık,болезнь,İSİMLER,B1,UNITE2
1488,hedef,"цель, мишень, задача",İSİMLER,B1,UNITE2
1489,hizmet,"услуга, служба",İSİMLER,B1,UNITE2
1490,huy,"характер, нрав, привычка",İSİMLER,B1,UNITE2
1491,ikramiye,"премия, бонус, выигрыш",İSİMLER,B1,UNITE2
1492,iştah,аппетит,İSİMLER,B1,UNITE2
1493,itibar,"репутация, престиж, авторитет",İSİMLER,B1,UNITE2
1267,izin,"разрешение, позволение, отпуск",İSİMLER,B1,UNITE2
1494,katkı,"вклад, добавка, контрибуция",İSİMLER,B1,UNITE2
1495,kazanç,"доход, заработок, выигрыш",İSİMLER,B1,UNITE2
1496,kıdemli,"старший по стажу, опытный",İSİMLER,B1,UNITE2
1497,kişilik,"личность, характер, индивидуальность",İSİMLER,B1,UNITE2
1498,konteynır,контейнер,İSİMLER,B1,UNITE2
1499,korkunç,"ужасный, страшный",İSİMLER,B1,UNITE2
1500,liderlik,"лидерство, руководство",İSİMLER,B1,UNITE2
1501,maaş,"зарплата, оклад",İSİMLER,B1,UNITE2
1123,macera,"приключение, авантюра",İSİMLER,B1,UNITE2
1502,mandıracılık,"молочное животноводство, молочное хозяйство",İSİMLER,B1,UNITE2
1503,memnuniyetsiz,недовольный,İSİMLER,B1,UNITE2
1046,mesai,рабочее время,İSİMLER,B1,UNITE2
1504,metabolizma,"метаболизм, обмен веществ",İSİMLER,B1,UNITE2
1505,nakış,"вышивка, узор",İSİMLER,B1,UNITE2
1506,organizasyon,организация,İSİMLER,B1,UNITE2
1507,ortam,"среда, окружение, атмосфера",İSİMLER,B1,UNITE2
972,ödül,"награда, премия, приз",İSİMLER,B1,UNITE2
1508,öğe,"элемент, пункт",İSİMLER,B1,UNITE2
1509,örgüt,"организация, структура",İSİMLER,B1,UNITE2
1388,özellik,"особенность, свойство, характеристика",İSİMLER,B1,UNITE2
1510,özenli,"заботливый, тщательный, внимательный",İSİMLER,B1,UNITE2
1511,özgü,"свойственный, присущий, особый",İSİMLER,B1,UNITE2
1512,paralel,параллельный,İSİMLER,B1,UNITE2
1513,parlak,"яркий, блестящий, выдающийся",İSİMLER,B1,UNITE2
1514,performans,"результативность, производительность, выступление",İSİMLER,B1,UNITE2
1515,planlama,планирование,İSİMLER,B1,UNITE2
1516,püf noktası,"ключевой момент, секрет, хитрость",İSİMLER,B1,UNITE2
1517,rastgele,"случайный, произвольный",İSİMLER,B1,UNITE2
1518,rastlantı,"случай, совпадение",İSİMLER,B1,UNITE2
1519,risk,риск,İSİMLER,B1,UNITE2
1520,saklı,"скрытый, спрятанный",İSİMLER,B1,UNITE2
981,satış,"продажа, сбыт",İSİMLER,B1,UNITE2
1521,saygın,"уважаемый, авторитетный",İSİMLER,B1,UNITE2
1062,seçim,"выборы, выбор, отбор",İSİMLER,B1,UNITE2
1522,sorumlu,"ответственный, отвечающий за что-либо",İSİMLER,B1,UNITE2
1523,sürekli,"непрерывный, постоянный",İSİMLER,B1,UNITE2
1524,şart,"условие, требование",İSİMLER,B1,UNITE2
1525,şikâyetçi,"жалобщик, недовольный",İSİMLER,B1,UNITE2
1526,tanıdık,"знакомый, знакомый",İSİMLER,B1,UNITE2
1527,tanım,"определение, описание",İSİMLER,B1,UNITE2
1528,toptancı,"оптовый торговец, оптовик",İSİMLER,B1,UNITE2
1529,tarz,"стиль, манера, способ",İSİMLER,B1,UNITE2
1530,tehlike,"опасность, риск",İSİMLER,B1,UNITE2
1398,temel,"основа, фундамент, базовый",İSİMLER,B1,UNITE2
1531,tempo,"темп, ритм, скорость",İSİMLER,B1,UNITE2
1532,usul,"метод, способ, порядок",İSİMLER,B1,UNITE2
1533,ücra,"отдаленный, глухой",İSİMLER,B1,UNITE2
1534,ümit,надежда,İSİMLER,B1,UNITE2
1535,verimsiz,"неэффективный, непродуктивный",İSİMLER,B1,UNITE2
846,yağ,"жир, масло",İSİMLER,B1,UNITE2
1536,yaradılış,"природа, натура, характер",İSİMLER,B1,UNITE2
1537,yaşayış,"образ жизни, быт, проживание",İSİMLER,B1,UNITE2
1538,yenik,"побежденный, проигравший",İSİMLER,B1,UNITE2
1539,yenilikçi,"инновационный, новаторский",İSİMLER,B1,UNITE2
1540,yetenek,"способность, талант, умение",İSİMLER,B1,UNITE2
1541,yetişkin,"взрослый, совершеннолетний",İSİMLER,B1,UNITE2
627,zafer,"победа, триумф",İSİMLER,B1,UNITE2
1542,zahmetli,"трудный, хлопотный, обременительный",İSİMLER,B1,UNITE2
628,zorluk,"трудность, сложность",İSİMLER,B1,UNITE2
1543,akıldan geçirmek,"подумать, промелькнуть в мыслях",FİİLLER,B1,UNITE2
1544,aklına getirmek,"вспоминать, приходить на ум, напоминать",FİİLLER,B1,UNITE2
1545,aksamak,"хромать, нарушаться, заходить (о солнце)",FİİLLER,B1,UNITE2
1546,anımsamak,"вспоминать, припоминать",FİİLLER,B1,UNITE2
1084,artmak,"увеличиваться, возрастать, расти",FİİLLER,B1,UNITE2
1547,aşmak,"преодолевать, превышать, переходить",FİİLLER,B1,UNITE2
1548,bahsetmek,"упоминать, рассказывать",FİİLLER,B1,UNITE2
1549,belirlemek,"определять, устанавливать",FİİLLER,B1,UNITE2
1550,bocalamak,"колебаться, метаться, барахтаться",FİİLLER,B1,UNITE2
1551,cesaret etmek,"осмеливаться, решаться, отваживаться",FİİLLER,B1,UNITE2
1416,değerlendirmek,"оценивать, рассматривать, использовать",FİİLLER,B1,UNITE2
1552,depolamak,"хранить, запасать, складировать",FİİLLER,B1,UNITE2
1553,dokunmak,"трогать, касаться, задевать",FİİLLER,B1,UNITE2
1554,dönüşmek,"превращаться, преобразовываться",FİİLLER,B1,UNITE2
1555,eleştirmek,"критиковать, осуждать",FİİLLER,B1,UNITE2
1556,geliştirmek,"развивать, совершенствовать, улучшать",FİİLLER,B1,UNITE2
1557,gerektirmek,"требовать, нуждаться",FİİLLER,B1,UNITE2
1558,görevlendirmek,"назначать, поручать, делегировать",FİİLLER,B1,UNITE2
1559,gütmek,"пасти, гнать, преследовать",FİİLLER,B1,UNITE2
1319,güvenmek,"доверять, полагаться",FİİLLER,B1,UNITE2
1560,ilgi çekmek,"привлекать внимание, интересовать",FİİLLER,B1,UNITE2
1561,imza atmak,"подписывать(ся), ставить подпись",FİİLLER,B1,UNITE2
1001,incelemek,"изучать, исследовать",FİİLLER,B1,UNITE2
1562,izin vermek,"разрешать, позволять",FİİLLER,B1,UNITE2
1563,kaçınmak,"избегать, уклоняться",FİİLLER,B1,UNITE2
1564,kanıtlamak,"доказывать, подтверждать",FİİLLER,B1,UNITE2
1565,kaptırmak,"отдавать, увлекаться, лишаться",FİİLLER,B1,UNITE2
1566,kırılmak,"ломаться, разбиваться, обижаться",FİİLLER,B1,UNITE2
1567,kurmak,"устанавливать, создавать, строить",FİİLLER,B1,UNITE2
1568,kurtarmak,"спасать, освобождать, выручать",FİİLLER,B1,UNITE2
1569,motive etmek,"мотивировать, побуждать, вдохновлять",FİİLLER,B1,UNITE2
1570,paylaşmak,"делиться, разделять, совместно использовать",FİİLLER,B1,UNITE2
1571,rica etmek,"просить, умолять",FİİLLER,B1,UNITE2
1572,sağlamak,"обеспечивать, предоставлять, гарантировать",FİİLLER,B1,UNITE2
1573,saymak,"считать, уважать, признавать",FİİLLER,B1,UNITE2
1574,sıyrılmak,"срываться, соскальзывать, ускользать",FİİLLER,B1,UNITE2
1575,söz tutmak,"держать слово, слушаться, сдерживать обещание",FİİLLER,B1,UNITE2
1576,şikayet etmek,"жаловаться, выражать недовольство",FİİLLER,B1,UNITE2
896,tamamlamak,"завершать, заканчивать",FİİLLER,B1,UNITE2
1577,tanımlamak,"определять, описывать, характеризовать",FİİLLER,B1,UNITE2
1578,tüketmek,"потреблять, расходовать, тратить",FİİLLER,B1,UNITE2
1579,ulaşmak,"достигать, добираться, поступать",FİİLLER,B1,UNITE2
1580,uzaklaşmak,"удаляться, отдаляться",FİİLLER,B1,UNITE2
1581,uzamak,"простираться, удлиняться, продолжаться",FİİLLER,B1,UNITE2
1582,yaratmak,"создавать, творить",FİİLLER,B1,UNITE2
1583,yenilemek,"обновлять, возобновлять, повторять",FİİLLER,B1,UNITE2
1584,yıpratmak,"изнашивать, истощать",FİİLLER,B1,UNITE2
1585,yol açmak,"открывать путь, приводить, вызывать",FİİLLER,B1,UNITE2
1586,yönetmek,"управлять, руководить, вести",FİİLLER,B1,UNITE2
1587,yönlendirmek,"направлять, ориентировать, инструктировать",FİİLLER,B1,UNITE2
1588,yüceltmek,"возвеличивать, прославлять, превозносить",FİİLLER,B1,UNITE2
1589,yükseltmek,"повышать, поднимать, усиливать",FİİLLER,B1,UNITE2
1590,zorlamak,"заставлять, принуждать, напрягать",FİİLLER,B1,UNITE2
1591,zorlaştırmak,"усложнять, затруднять",FİİLLER,B1,UNITE2
1592,adalet,"справедливость, правосудие",İSİMLER,B1,UNITE3
1006,ahşap,"деревянный, из дерева",İSİMLER,B1,UNITE3
1593,akılcı,"рациональный, разумный",İSİMLER,B1,UNITE3
1594,akik,агат,İSİMLER,B1,UNITE3
1595,akuamarin,аквамарин,İSİMLER,B1,UNITE3
1596,ametist,аметист,İSİMLER,B1,UNITE3
1597,antrenman,"тренировка, упражнение",İSİMLER,B1,UNITE3
1598,arkeoloji,археология,İSİMLER,B1,UNITE3
1599,aytaşı,лунный камень,İSİMLER,B1,UNITE3
1600,baca,"дымоход, труба, вентиляционное отверстие",İSİMLER,B1,UNITE3
1601,bağlam,"контекст, связь, структура",İSİMLER,B1,UNITE3
1602,bahane,"повод, предлог, отговорка",İSİMLER,B1,UNITE3
1603,başkan,"председатель, президент, глава",İSİMLER,B1,UNITE3
1604,bereket,"изобилие, плодородие, благодать",İSİMLER,B1,UNITE3
1605,berrak,"прозрачный, чистый, ясный",İSİMLER,B1,UNITE3
1606,biçim,"форма, вид, способ",İSİMLER,B1,UNITE3
1607,bileşim,"состав, соединение, комбинация",İSİMLER,B1,UNITE3
1608,biyokimya,биохимия,İSİMLER,B1,UNITE3
1609,boyut,"размер, измерение, аспект",İSİMLER,B1,UNITE3
1610,böbrek,почка,İSİMLER,B1,UNITE3
1611,cesaret,"смелость, отвага",İSİMLER,B1,UNITE3
1017,çadır,"палатка, шатер",İSİMLER,B1,UNITE3
1612,çukur,"яма, впадина, углубление",İSİMLER,B1,UNITE3
1613,çuvaldız,"цыганская игла, сапожное шило",İSİMLER,B1,UNITE3
1614,çürük,"гнилой, испорченный, кариес",İSİMLER,B1,UNITE3
1615,dal,"ветка, ветвь, отрасль",İSİMLER,B1,UNITE3
1616,dalak,селезенка,İSİMLER,B1,UNITE3
740,damar,"жила, вена, сосуд",İSİMLER,B1,UNITE3
1617,davetli,"приглашенный, гость",İSİMLER,B1,UNITE3
1618,denizci,"моряк, матрос",İSİMLER,B1,UNITE3
1619,dinç,"бодрый, крепкий, здоровый",İSİMLER,B1,UNITE3
1620,diyetisyen,"диетолог, диетврач",İSİMLER,B1,UNITE3
1621,doçent,доцент,İSİMLER,B1,UNITE3
1622,doğurganlık,"плодородие, фертильность",İSİMLER,B1,UNITE3
1623,dönem,"период, срок, эпоха",İSİMLER,B1,UNITE3
43,düğün,свадьба,İSİMLER,B1,UNITE3
1624,düşkün,"нуждающийся, слабый, пристрастившийся",İSİMLER,B1,UNITE3
1625,düzensizlik,"беспорядок, нерегулярность",İSİMLER,B1,UNITE3
1626,empati,"эмпатия, сопереживание",İSİMLER,B1,UNITE3
1627,federasyon,"федерация, союз",İSİMLER,B1,UNITE3
1628,felç,"паралич, инсульт, парез",İSİMLER,B1,UNITE3
1629,gelin,невеста,İSİMLER,B1,UNITE3
1630,gen,ген,İSİMLER,B1,UNITE3
1631,genetik,"генетический, генетика",İSİMLER,B1,UNITE3
1632,gerekçe,"основание, причина, довод",İSİMLER,B1,UNITE3
1633,gergin,"напряженный, натянутый, нервный",İSİMLER,B1,UNITE3
1634,görüş,"мнение, взгляд, встреча",İSİMLER,B1,UNITE3
1635,hamilelik,беременность,İSİMLER,B1,UNITE3
1636,hamur,"тесто, паста",İSİMLER,B1,UNITE3
1637,hatmi,"алтей, хатьма",İSİMLER,B1,UNITE3
1638,hormon,гормон,İSİMLER,B1,UNITE3
1639,hücre,клетка,İSİMLER,B1,UNITE3
1640,ıssız,"безлюдный, пустынный",İSİMLER,B1,UNITE3
1641,ilerleme,"прогресс, продвижение",İSİMLER,B1,UNITE3
942,ilginç,"интересный, любопытный",İSİMLER,B1,UNITE3
1642,iyimserlik,оптимизм,İSİMLER,B1,UNITE3
1643,kalite,качество,İSİMLER,B1,UNITE3
1644,kaplıca,"термальный источник, курорт с горячими источниками",İSİMLER,B1,UNITE3
1645,karaciğer,печень,İSİMLER,B1,UNITE3
1646,karanfil,"гвоздика (цветок), гвоздика (пряность)",İSİMLER,B1,UNITE3
1647,karbonhidrat,углевод,İSİMLER,B1,UNITE3
1648,kas,"мышца, мускул",İSİMLER,B1,UNITE3
1649,keçe,"войлок, фетр",İSİMLER,B1,UNITE3
1650,keyif,"удовольствие, наслаждение, настроение",İSİMLER,B1,UNITE3
778,kısım,"часть, раздел",İSİMLER,B1,UNITE3
1651,kısırlık,"бесплодие, стерильность",İSİMLER,B1,UNITE3
1652,kibir,"гордость, высокомерие",İSİMLER,B1,UNITE3
951,kolesterol,холестерин,İSİMLER,B1,UNITE3
1653,komite,"комитет, комиссия",İSİMLER,B1,UNITE3
1654,konferans,"конференция, лекция",İSİMLER,B1,UNITE3
1655,konsantrasyon,"концентрация, сосредоточенность",İSİMLER,B1,UNITE3
1656,kraliyet,"королевский, королевская власть",İSİMLER,B1,UNITE3
1657,kramp,"судорога, спазм",İSİMLER,B1,UNITE3
956,kristal,кристалл,İSİMLER,B1,UNITE3
1658,kulübe,"хижина, лачуга",İSİMLER,B1,UNITE3
1659,kuşkusuz,"несомненно, безусловно",İSİMLER,B1,UNITE3
1660,kuvars,кварц,İSİMLER,B1,UNITE3
1661,lif,"волокно, клетчатка",İSİMLER,B1,UNITE3
1662,lohusa,"роженица, женщина в послеродовом периоде",İSİMLER,B1,UNITE3
1663,mantık,"логика, здравый смысл",İSİMLER,B1,UNITE3
1664,mecburiyet,"обязательство, необходимость",İSİMLER,B1,UNITE3
1665,metin,"текст, твердый, прочный",İSİMLER,B1,UNITE3
1666,mineral,минерал,İSİMLER,B1,UNITE3
1667,molekül,молекула,İSİMLER,B1,UNITE3
1668,nalın,"деревянные сандалии, подкова",İSİMLER,B1,UNITE3
1669,nazar,"сглаз, дурной глаз",İSİMLER,B1,UNITE3
1670,nüfus,население,İSİMLER,B1,UNITE3
1671,obezite,"ожирение, тучность",İSİMLER,B1,UNITE3
1672,obur,"обжора, прожорливый",İSİMLER,B1,UNITE3
601,odun,дрова,İSİMLER,B1,UNITE3
971,okyanus,океан,İSİMLER,B1,UNITE3
1673,oran,"соотношение, процент, ставка",İSİMLER,B1,UNITE3
1674,ortalama,"средний, в среднем",İSİMLER,B1,UNITE3
1675,oyun,"игра, спектакль, матч",İSİMLER,B1,UNITE3
1676,öğün,"прием пищи, трапеза",İSİMLER,B1,UNITE3
806,öneri,"предложение, рекомендация, совет",İSİMLER,B1,UNITE3
1677,özgün,"оригинальный, уникальный, самобытный",İSİMLER,B1,UNITE3
1678,özgüven,уверенность в себе,İSİMLER,B1,UNITE3
1679,peştamal,"полотенце, набедренная повязка, передник",İSİMLER,B1,UNITE3
1680,pıhtı,"сгусток, тромб",İSİMLER,B1,UNITE3
1681,pişmanlık,"сожаление, раскаяние",İSİMLER,B1,UNITE3
1682,prensip,"принцип, правило",İSİMLER,B1,UNITE3
974,protein,"белок, протеин",İSİMLER,B1,UNITE3
1683,radyasyon,"радиация, излучение",İSİMLER,B1,UNITE3
1684,rakam,"цифра, число",İSİMLER,B1,UNITE3
690,rapor,"отчет, доклад",İSİMLER,B1,UNITE3
691,reçete,"рецепт, предписание",İSİMLER,B1,UNITE3
1685,rehber,"гид, проводник, руководство",İSİMLER,B1,UNITE3
1686,rekor,рекорд,İSİMLER,B1,UNITE3
1687,röportaj,"интервью, репортаж",İSİMLER,B1,UNITE3
1688,sayesinde,"благодаря, благодаря чему",İSİMLER,B1,UNITE3
1689,sezgi,"интуиция, догадка",İSİMLER,B1,UNITE3
1690,sıkıntı,"затруднение, беспокойство, тоска",İSİMLER,B1,UNITE3
144,sıra,"очередь, ряд, порядок",İSİMLER,B1,UNITE3
823,sıvı,"жидкость, жидкий",İSİMLER,B1,UNITE3
1691,soba,"печь, буржуйка",İSİMLER,B1,UNITE3
1692,süreç,процесс,İSİMLER,B1,UNITE3
1693,sürme,"сурьма, подводка (для глаз), мазь",İSİMLER,B1,UNITE3
1694,şaşırtıcı,"удивительный, поразительный",İSİMLER,B1,UNITE3
1695,şefkat,"сострадание, нежность, милосердие",İSİMLER,B1,UNITE3
1696,şifa,"исцеление, лекарство",İSİMLER,B1,UNITE3
697,şikâyet,"жалоба, претензия",İSİMLER,B1,UNITE3
1697,şömine,камин,İSİMLER,B1,UNITE3
1698,tansiyon,"давление, напряжение",İSİMLER,B1,UNITE3
1699,tarçın,корица,İSİMLER,B1,UNITE3
1700,tasarruf,"экономия, сбережения",İSİMLER,B1,UNITE3
838,tavsiye,"совет, рекомендация",İSİMLER,B1,UNITE3
1701,tedavi,"лечение, терапия",İSİMLER,B1,UNITE3
1702,tedbir,"мера предосторожности, предосторожность",İSİMLER,B1,UNITE3
1703,tere,"кресс-салат, клоповник",İSİMLER,B1,UNITE3
1704,tıp,медицина,İSİMLER,B1,UNITE3
1705,tiroit bezleri,щитовидная железа,İSİMLER,B1,UNITE3
1706,toplum,"общество, коллектив",İSİMLER,B1,UNITE3
1707,tutanak,"протокол, запись, акт",İSİMLER,B1,UNITE3
1708,tutsak,"пленник, заключенный",İSİMLER,B1,UNITE3
1709,tüccar,"торговец, купец",İSİMLER,B1,UNITE3
1710,uğraş,"занятие, труд, старание",İSİMLER,B1,UNITE3
1711,uğur,"счастье, удача, талисман",İSİMLER,B1,UNITE3
1712,uzman,"специалист, эксперт",İSİMLER,B1,UNITE3
1713,virüs,вирус,İSİMLER,B1,UNITE3
702,vücut,тело,İSİMLER,B1,UNITE3
1714,yaratıcılık,"творчество, креативность",İSİMLER,B1,UNITE3
850,yaşam,"жизнь, существование",İSİMLER,B1,UNITE3
1715,yaşantı,"жизнь, быт, проживание",İSİMLER,B1,UNITE3
1300,yaygın,"распространенный, широкий, общепринятый",İSİMLER,B1,UNITE3
1716,yayınevi,издательство,İSİMLER,B1,UNITE3
1717,yeşim,нефрит,İSİMLER,B1,UNITE3
1718,zencefil,имбирь,İSİMLER,B1,UNITE3
1719,artırmak,"увеличивать, повышать, усиливать",FİİLLER,B1,UNITE3
1221,batmak,"тонуть, заходить (о солнце), погружаться",FİİLLER,B1,UNITE3
1720,benimsemek,"принимать, усваивать, одобрять",FİİLLER,B1,UNITE3
1721,berraklaştırmak,"прояснять, очищать",FİİLLER,B1,UNITE3
429,beslenmek,"питаться, кормиться",FİİLLER,B1,UNITE3
863,çırpmak,"взбивать, махать, колотить",FİİLLER,B1,UNITE3
1722,etki etmek,"влиять, воздействовать, действовать",FİİLLER,B1,UNITE3
1723,gerçekleşmek,"осуществляться, происходить, сбываться",FİİLLER,B1,UNITE3
1724,görev almak,"принимать на себя обязанности, браться за задачу",FİİLLER,B1,UNITE3
1725,hedeflemek,"ставить цель, нацеливаться, планировать",FİİLLER,B1,UNITE3
1094,ikna etmek,"убеждать, уговаривать",FİİLLER,B1,UNITE3
1726,istifa etmek,"увольняться, подавать в отставку, уходить с должности",FİİLLER,B1,UNITE3
1727,izne çıkmak,"уходить в отпуск, уходить в отгул",FİİLLER,B1,UNITE3
1728,kabullenmek,"принимать, признавать, соглашаться",FİİLLER,B1,UNITE3
642,katılmak,"участвовать, присоединяться, вступать",FİİLLER,B1,UNITE3
1729,katmak,"добавлять, примешивать, включать",FİİLLER,B1,UNITE3
1730,kavuşmak,"воссоединяться, достигать, встречаться",FİİLLER,B1,UNITE3
1003,keşfetmek,"открывать, обнаруживать",FİİLLER,B1,UNITE3
644,kutlamak,"праздновать, поздравлять",FİİLLER,B1,UNITE3
1731,netleşmek,"проясняться, становиться ясным, определяться",FİİLLER,B1,UNITE3
1732,not etmek,"записывать, отмечать, конспектировать",FİİLLER,B1,UNITE3
1733,odaklanmak,"концентрироваться, сосредотачиваться",FİİLLER,B1,UNITE3
1734,ovmak,"тереть, массировать, растирать",FİİLLER,B1,UNITE3
1735,pıhtılaşmak,"свертываться, коагулировать, сгущаться",FİİLLER,B1,UNITE3
892,saklamak,"прятать, хранить",FİİLLER,B1,UNITE3
1736,saklanmak,"прятаться, скрываться",FİİLLER,B1,UNITE3
1737,şifayı kapmak,"заболеть, подхватить болезнь",FİİLLER,B1,UNITE3
1738,tazelemek,"освежать, обновлять, повторять",FİİLLER,B1,UNITE3
1739,uyarlamak,"адаптировать, приспосабливать, переделывать",FİİLLER,B1,UNITE3
1740,yaramak,"приносить пользу, годиться, подходить",FİİLLER,B1,UNITE3
1741,yedeklemek,"резервировать, создавать резервную копию, дублировать",FİİLLER,B1,UNITE3
1742,yitirmek,"терять, утрачивать, лишаться",FİİLLER,B1,UNITE3
1743,yitmek,"теряться, пропадать, исчезать",FİİLLER,B1,UNITE3
1744,yüreklendirmek,"ободрять, поощрять, вдохновлять",FİİLLER,B1,UNITE3
1745,açıklığa kavuşmak,"проясняться, выясняться",KALIP İFADELER,B1,UNITE3
1746,ayakta kalmak,"держаться, выстоять, оставаться на ногах",KALIP İFADELER,B1,UNITE3
1747,can pazarı,"схватка за жизнь, смертельная опасность",KALIP İFADELER,B1,UNITE3
1748,dizini dövmek,"жалететь, сожалеть, бить себя по коленям (от досады)",KALIP İFADELER,B1,UNITE3
1749,enine boyuna,"вдоль и поперек, всесторонне, основательно",KALIP İFADELER,B1,UNITE3
1750,güzellik salonu,салон красоты,KALIP İFADELER,B1,UNITE3
1751,kabuklu yemiş,орехи (в скорлупе),KALIP İFADELER,B1,UNITE3
1752,kafa karışıklığı,"путаница, неразбериха в голове",KALIP İFADELER,B1,UNITE3
1753,katkı maddesi,"пищевая добавка, добавка",KALIP İFADELER,B1,UNITE3
1754,keyfine varmak,"наслаждаться, получать удовольствие",KALIP İFADELER,B1,UNITE3
1755,keyfini çıkarmak,"наслаждаться, получать удовольствие",KALIP İFADELER,B1,UNITE3
1756,masaya yatırmak,"всесторонне обсуждать, детально изучать",KALIP İFADELER,B1,UNITE3
1757,yaşam koçu,"коуч по жизни, лайф-коуч",KALIP İFADELER,B1,UNITE3
1758,algı,"восприятие, осознание",İSİMLER,B1,UNITE4
1759,anadili,"родной язык, материнский язык",İSİMLER,B1,UNITE4
1760,analiz,"анализ, разбор",İSİMLER,B1,UNITE4
1761,ayakta,"стоя, на ногах",İSİMLER,B1,UNITE4
1762,bağlılık,"преданность, верность, зависимость",İSİMLER,B1,UNITE4
1763,belirgin,"отчетливый, явный, заметный",İSİMLER,B1,UNITE4
1764,çağ,"эпоха, век, возраст",İSİMLER,B1,UNITE4
1765,çizelge,"график, диаграмма, таблица",İSİMLER,B1,UNITE4
1766,dağarcık,"запас слов, словарный запас, репертуар",İSİMLER,B1,UNITE4
1767,dağcılık,альпинизм,İSİMLER,B1,UNITE4
1768,denge,"равновесие, баланс, устойчивость",İSİMLER,B1,UNITE4
1769,dolayısıyla,"следовательно, поэтому, в связи с этим",İSİMLER,B1,UNITE4
1770,dönemeç,"поворот, изгиб, переломный момент",İSİMLER,B1,UNITE4
1771,gerçekçi,"реалистичный, реальный",İSİMLER,B1,UNITE4
1772,hâkim,"судья, судья, господствующий",İSİMLER,B1,UNITE4
1773,harita,карта,İSİMLER,B1,UNITE4
1774,işe yarar,"полезный, годный",İSİMLER,B1,UNITE4
1375,işlem,"операция, процесс, сделка",İSİMLER,B1,UNITE4
1775,işlev,"функция, действие, роль",İSİMLER,B1,UNITE4
1776,jest,"жест, знак внимания",İSİMLER,B1,UNITE4
1268,karar,"решение, приговор, твердость",İSİMLER,B1,UNITE4
1495,kazanç,"доход, заработок, выигрыш",İSİMLER,B1,UNITE4
1777,koordinasyon,"координация, согласованность",İSİMLER,B1,UNITE4
1778,mekanizma,механизм,İSİMLER,B1,UNITE4
1779,mesafe,"расстояние, дистанция",İSİMLER,B1,UNITE4
1780,mimik,"мимика, выражение лица",İSİMLER,B1,UNITE4
1781,monte,"собранный, смонтированный, установленный",İSİMLER,B1,UNITE4
1782,mümkün,возможный,İSİMLER,B1,UNITE4
1783,ölçüm,"измерение, замер",İSİMLER,B1,UNITE4
1784,ölçüt,"критерий, стандарт, мерило",İSİMLER,B1,UNITE4
1785,platform,"платформа, помост",İSİMLER,B1,UNITE4
1786,potansiyel,"потенциал, потенциальный, возможность",İSİMLER,B1,UNITE4
1787,siyaset,политика,İSİMLER,B1,UNITE4
1788,somut,"конкретный, осязаемый",İSİMLER,B1,UNITE4
1789,soyut,абстрактный,İSİMLER,B1,UNITE4
1790,strateji,"стратегия, план",İSİMLER,B1,UNITE4
1791,süngerli,"губчатый, пористый",İSİMLER,B1,UNITE4
1792,tablo,"картина, таблица, состояние",İSİMLER,B1,UNITE4
1793,tekerleme,"скороговорка, считалка, стишок",İSİMLER,B1,UNITE4
1794,telaffuz,произношение,İSİMLER,B1,UNITE4
1795,ustalık,"мастерство, искусство",İSİMLER,B1,UNITE4
1796,uyumlu,"гармоничный, совместимый",İSİMLER,B1,UNITE4
1797,uzay,"космос, пространство",İSİMLER,B1,UNITE4
1798,üretken,"производительный, продуктивный, плодовитый",İSİMLER,B1,UNITE4
1799,varlık,"существо, богатство, актив",İSİMLER,B1,UNITE4
1800,veri,"данные, информация",İSİMLER,B1,UNITE4
1801,verimli,"производительный, плодородный, эффективный",İSİMLER,B1,UNITE4
1802,yaklaşım,"подход, приближение",İSİMLER,B1,UNITE4
1803,yokuş,"подъем, склон, спуск",İSİMLER,B1,UNITE4
1804,yorucu,"утомительный, изнурительный",İSİMLER,B1,UNITE4
1805,zekâ,"интеллект, ум, разум",İSİMLER,B1,UNITE4
1806,zihin,"ум, разум, сознание",İSİMLER,B1,UNITE4
1807,ağırlık vermek,"придавать значение, придавать вес",FİİLLER,B1,UNITE4
1808,algılamak,"воспринимать, ощущать, понимать",FİİLLER,B1,UNITE4
1809,ayrılmak,"расставаться, отделяться, уезжать",FİİLLER,B1,UNITE4
1810,dikiş tutturmak,"зашивать, накладывать швы",FİİLLER,B1,UNITE4
1811,hatır sormak,"спрашивать о здоровье, интересоваться делами",FİİLLER,B1,UNITE4
1812,istekte bulunmak,"делать запрос, подавать заявление",FİİLLER,B1,UNITE4
1813,kaynaklanmak,"происходить, вытекать, возникать",FİİLLER,B1,UNITE4
1326,kımıldamak,"шевелиться, двигаться",FİİLLER,B1,UNITE4
1814,köreltmek,"притуплять, ослаблять, затуплять",FİİLLER,B1,UNITE4
1815,mâl olmak,"обходиться (в какую-то сумму), стоить",FİİLLER,B1,UNITE4
1816,mantık yürütmek,рассуждать логически,FİİLLER,B1,UNITE4
1817,meydana gelmek,"происходить, возникать, образовываться",FİİLLER,B1,UNITE4
1818,saptamak,"определять, устанавливать, фиксировать",FİİLLER,B1,UNITE4
1819,sönmek,"гаснуть, угасать, затухать",FİİLLER,B1,UNITE4
1820,tespit etmek,"устанавливать, определять, фиксировать",FİİLLER,B1,UNITE4
1821,yer almak,"размещаться, находиться, участвовать",FİİLLER,B1,UNITE4
1822,yorumlamak,"интерпретировать, толковать",FİİLLER,B1,UNITE4
1823,alameti farika,"отличительная черта, характерная особенность",KALIP İFADELER,B1,UNITE4
1824,bakış açısı,"угол зрения, точка зрения, перспектива",KALIP İFADELER,B1,UNITE4
1825,beden dili,язык тела,KALIP İFADELER,B1,UNITE4
1826,ilgi alanı,"сфера интересов, область интересов",KALIP İFADELER,B1,UNITE4
1827,anonim,"анонимный, неизвестный",İSİMLER,B1,UNITE5
1828,çekirge,"саранча, кузнечик",İSİMLER,B1,UNITE5
1829,detoks,"детокс, очищение",İSİMLER,B1,UNITE5
1266,inanç,"вера, доверие, убеждение",İSİMLER,B1,UNITE5
1830,karamsarlık,"пессимизм, мрачный взгляд",İSİMLER,B1,UNITE5
1118,kasaba,"городок, местечко",İSİMLER,B1,UNITE5
788,kutsal,"святой, священный",İSİMLER,B1,UNITE5
1274,martı,чайка,İSİMLER,B1,UNITE5
1831,meteliksiz,"без гроша, бедный, нищий",İSİMLER,B1,UNITE5
1832,piyango,лотерея,İSİMLER,B1,UNITE5
1833,slogan,"лозунг, слоган",İSİMLER,B1,UNITE5
1834,şerit,"полоса, лента, повязка",İSİMLER,B1,UNITE5
1835,talihsiz,"несчастливый, неудачливый",İSİMLER,B1,UNITE5
1836,tebessüm,"улыбка, улыбка",İSİMLER,B1,UNITE5
1837,tekne,"лодка, судно, чан",İSİMLER,B1,UNITE5
1838,teori,теория,İSİMLER,B1,UNITE5
1839,tesadüf,"случайность, совпадение",İSİMLER,B1,UNITE5
1840,toksin,"токсин, ядовитое вещество",İSİMLER,B1,UNITE5
1841,tura,"тур, поездка, оборот",İSİMLER,B1,UNITE5
1842,yonca,"клевер, трилистник",İSİMLER,B1,UNITE5
1843,arınmak,"очищаться, избавляться, оправдываться",FİİLLER,B1,UNITE5
1844,çıldırtmak,"сводить с ума, доводить до безумия",FİİLLER,B1,UNITE5
1845,hâlsiz kalmak,"оставаться бессильным, оставаться без сил",FİİLLER,B1,UNITE5
1846,hayal kurmak,"мечтать, фантазировать",FİİLLER,B1,UNITE5
1847,olgunlaşmak,"созревать, взрослеть",FİİLLER,B1,UNITE5
1848,öfkelenmek,"сердиться, гневаться",FİİLLER,B1,UNITE5
1849,batıl inanç,"суеверие, предрассудок",KALIP İFADELER,B1,UNITE5
1850,can atmak,"жаждать, очень хотеть",KALIP İFADELER,B1,UNITE5
1851,gözden çıkarmak,"отказываться, списывать со счетов, приносить в жертву",KALIP İFADELER,B1,UNITE5
1852,iç hesaplaşma,"внутренняя борьба, самоанализ, разбор полетов",KALIP İFADELER,B1,UNITE5
1853,içini çekmek,"вздыхать, глубоко дышать",KALIP İFADELER,B1,UNITE5
1854,konsantre olmak,"концентрироваться, сосредотачиваться",KALIP İFADELER,B1,UNITE5
1855,tadını çıkarmak,"наслаждаться, получать удовольствие",KALIP İFADELER,B1,UNITE5
1856,vicdan meselesi,"вопрос совести, дело совести",KALIP İFADELER,B1,UNITE5
1857,ağırlama,"прием, угощение, гостеприимство",İSİMLER,B1,UNITE6
1858,ahretlik,"названный родственник (друг, сестра и т.д.), духовный родственник",İSİMLER,B1,UNITE6
1859,anayasa,"конституция, основной закон",İSİMLER,B1,UNITE6
1860,aşama,"этап, стадия, ступень",İSİMLER,B1,UNITE6
1861,atılgan,"смелый, решительный, энергичный",İSİMLER,B1,UNITE6
1862,bağımsız,"независимый, самостоятельный",İSİMLER,B1,UNITE6
1863,bazlama,"лепешка (тонкая), бозлама",İSİMLER,B1,UNITE6
1864,birim,"единица, подразделение, блок",İSİMLER,B1,UNITE6
1865,birleşim,"соединение, объединение, сочетание",İSİMLER,B1,UNITE6
1866,bürokratik,бюрократический,İSİMLER,B1,UNITE6
1867,cıvıl cıvıl,"оживленный, шумный, красочный",İSİMLER,B1,UNITE6
1868,çarpıcı,"броский, яркий, поразительный",İSİMLER,B1,UNITE6
1869,çıkar,"интерес, выгода, польза",İSİMLER,B1,UNITE6
1870,ekonomik,"экономический, экономный",İSİMLER,B1,UNITE6
1871,felaket,"катастрофа, бедствие",İSİMLER,B1,UNITE6
1028,gelenek,"традиция, обычай",İSİMLER,B1,UNITE6
1872,gölet,"пруд, озерцо",İSİMLER,B1,UNITE6
1873,görenek,"обычай, традиция, привычка",İSİMLER,B1,UNITE6
244,güçlü,"сильный, мощный",İSİMLER,B1,UNITE6
1874,harem,"гарем, женская половина дома",İSİMLER,B1,UNITE6
1875,humma,"лихорадка, жар, ажиотаж",İSİMLER,B1,UNITE6
1876,huzur,"покой, мир, спокойствие",İSİMLER,B1,UNITE6
1877,ibadet,"богослужение, поклонение, молитва",İSİMLER,B1,UNITE6
1878,içtenlik,"искренность, душевность",İSİMLER,B1,UNITE6
1879,ifade,"выражение, фраза, высказывание",İSİMLER,B1,UNITE6
1880,ilgi,"интерес, внимание, связь",İSİMLER,B1,UNITE6
1881,işteş,"взаимный, совместный, обоюдный",İSİMLER,B1,UNITE6
1882,karşılıklı,"взаимный, обоюдный",İSİMLER,B1,UNITE6
1883,kayıtsız,"равнодушный, безразличный",İSİMLER,B1,UNITE6
1884,kin,"ненависть, злоба",İSİMLER,B1,UNITE6
1885,kişisel,"личный, персональный",İSİMLER,B1,UNITE6
270,komik,"смешной, комичный",İSİMLER,B1,UNITE6
586,kurum,"учреждение, организация, сажа",İSİMLER,B1,UNITE6
1886,kül,"пепел, зола",İSİMLER,B1,UNITE6
962,madde,"вещество, материя, пункт",İSİMLER,B1,UNITE6
1887,mangal,"мангал, гриль, жаровня",İSİMLER,B1,UNITE6
1888,muhtaç,"нуждающийся, зависимый",İSİMLER,B1,UNITE6
1889,müessese,"учреждение, институт, заведение",İSİMLER,B1,UNITE6
1890,nadiren,"редко, изредка",İSİMLER,B1,UNITE6
1891,nefret,"ненависть, отвращение",İSİMLER,B1,UNITE6
1892,nimet,"благо, благодать, дар",İSİMLER,B1,UNITE6
1893,öğretim,"обучение, преподавание, образование",İSİMLER,B1,UNITE6
1894,ölçülü,"умеренный, сдержанный, размеренный",İSİMLER,B1,UNITE6
1895,önlem,"мера, предосторожность",İSİMLER,B1,UNITE6
1896,özne,"субъект, подлежащее",İSİMLER,B1,UNITE6
1897,platonik,платонический,İSİMLER,B1,UNITE6
1898,posa,"жмых, отходы, гуща",İSİMLER,B1,UNITE6
1899,sakar,"неловкий, неуклюжий",İSİMLER,B1,UNITE6
300,sakin,"спокойный, тихий, житель",İSİMLER,B1,UNITE6
1900,samimiyet,"искренность, откровенность",İSİMLER,B1,UNITE6
1901,sanık,"обвиняемый, подсудимый",İSİMLER,B1,UNITE6
820,saygı,уважение,İSİMLER,B1,UNITE6
1902,selamlık,"мужская половина дома, помещение для приема гостей",İSİMLER,B1,UNITE6
1903,seminer,семинар,İSİMLER,B1,UNITE6
1904,sevecenlik,"доброта, ласковость, нежность",İSİMLER,B1,UNITE6
1905,sırdaş,"доверенное лицо, наперсник",İSİMLER,B1,UNITE6
1906,sistem,система,İSİMLER,B1,UNITE6
1907,sohbet,"беседа, болтовня, разговор",İSİMLER,B1,UNITE6
1908,soy,"род, происхождение, племя",İSİMLER,B1,UNITE6
1909,sülale,"семья, род, династия",İSİMLER,B1,UNITE6
1910,tandır,"тандыр (печь), очаг",İSİMLER,B1,UNITE6
1911,unsur,"элемент, компонент",İSİMLER,B1,UNITE6
1912,üstünlük,"превосходство, преобладание, преимущество",İSİMLER,B1,UNITE6
1913,vefa,"верность, преданность, благодарность",İSİMLER,B1,UNITE6
1078,vize,виза,İSİMLER,B1,UNITE6
1914,yargıç,"судья, судья",İSİMLER,B1,UNITE6
1915,yetkili,"уполномоченный, компетентный, ответственный",İSİMLER,B1,UNITE6
1916,zahmet,"труд, хлопоты, усилие",İSİMLER,B1,UNITE6
1306,çekinmek,"стесняться, колебаться, опасаться",FİİLLER,B1,UNITE6
1917,dinmek,"стихать, утихать, прекращаться",FİİLLER,B1,UNITE6
1918,esirgemek,"жалеть, скупиться, отказывать",FİİLLER,B1,UNITE6
445,geçmek,"проходить, проезжать, сдавать (экзамен)",FİİLLER,B1,UNITE6
1146,incitmek,"ранить, причинять боль, обижать",FİİLLER,B1,UNITE6
1919,inkâr etmek,"отрицать, отказываться, отвергать",FİİLLER,B1,UNITE6
1920,katlanmak,"выдерживать, терпеть, складывать",FİİLLER,B1,UNITE6
1921,kaytarmak,"увиливать, отлынивать, сачковать",FİİLLER,B1,UNITE6
1922,kötüleşmek,"ухудшаться, портиться, становиться хуже",FİİLLER,B1,UNITE6
1232,küsmek,"дуться, обижаться, не разговаривать",FİİLLER,B1,UNITE6
1923,rahatlamak,"расслабляться, успокаиваться, облегчаться",FİİLLER,B1,UNITE6
1924,sarsılmak,"сотрясаться, колебаться, потрясаться",FİİLLER,B1,UNITE6
1925,sinirlenmek,"сердиться, злиться, раздражаться",FİİLLER,B1,UNITE6
1926,yoğunlaşmak,"концентрироваться, сгущаться, усиливаться",FİİLLER,B1,UNITE6
1927,adet yerini bulmak,"вступать в силу (о привычке, традиции), исполняться (о традиции)",KALIP İFADELER,B1,UNITE6
1928,alçak gönüllü,"скромный, смиренный",KALIP İFADELER,B1,UNITE6
1929,alım gücü,покупательная способность,KALIP İFADELER,B1,UNITE6
1930,ayakta durmak,"стоять, выдерживать",KALIP İFADELER,B1,UNITE6
1931,aynı çatı altında (yaşamak),"жить под одной крышей, жить вместе",KALIP İFADELER,B1,UNITE6
1932,bir çuval inciri berbat etmek,"испортить всё дело, разрушить всё",KALIP İFADELER,B1,UNITE6
1933,çevre kirliliği,загрязнение окружающей среды,KALIP İFADELER,B1,UNITE6
1934,üstünlük kurmak,"устанавливать превосходство, доминировать",KALIP İFADELER,B1,UNITE6
1935,dert yanmak,"жаловаться, сетовать",KALIP İFADELER,B1,UNITE6
1936,eli boş gitmek,"прийти с пустыми руками, уйти ни с чем",KALIP İFADELER,B1,UNITE6
1937,fazla gelmek,"быть чрезмерным, быть слишком большим, превосходить",KALIP İFADELER,B1,UNITE6
1938,hoş karşılamak,"доброжелательно встречать, одобрять",KALIP İFADELER,B1,UNITE6
1939,hoşbeş etmek,"болтать о пустяках, обмениваться любезностями",KALIP İFADELER,B1,UNITE6
1940,içini boşaltmak,"изливать душу, выговариваться, выплескивать эмоции",KALIP İFADELER,B1,UNITE6
1941,kara günler,"тяжелые времена, черные дни",KALIP İFADELER,B1,UNITE6
1942,kârlı çıkmak,"извлекать выгоду, оставаться в выигрыше",KALIP İFADELER,B1,UNITE6
1943,kendini dışarı atmak,"выбрасывать себя на улицу, выставить себя (в плохом смысле)",KALIP İFADELER,B1,UNITE6
1944,ikiyüzlü,"двуличный, лицемерный",KALIP İFADELER,B1,UNITE6
1945,kuşak çatışması,конфликт поколений,KALIP İFADELER,B1,UNITE6
1946,miadı dolmak,"истекать срок годности, заканчиваться срок",KALIP İFADELER,B1,UNITE6
1947,peşinde koşmak,"бегать за кем-либо, преследовать (цель)",KALIP İFADELER,B1,UNITE6
1948,romantik takılmak,"заниматься романтикой, флиртовать, строить из себя романтика",KALIP İFADELER,B1,UNITE6
1949,sıkı fıkı olmak,"быть близкими друзьями, быть неразлучными",KALIP İFADELER,B1,UNITE6
1950,uygun görmek,"считать подходящим, одобрять",KALIP İFADELER,B1,UNITE6
1951,vaaz vermek,"читать проповедь, нравоучать",KALIP İFADELER,B1,UNITE6
1952,vali kebabı,кебаб по-губернаторски,KALIP İFADELER,B1,UNITE6
1953,yakından tanımak,"близко знать, хорошо знать",KALIP İFADELER,B1,UNITE6
1954,yemek faslı,"этап еды, застолье",KALIP İFADELER,B1,UNITE6
1821,yer almak,"размещаться, находиться, участвовать",KALIP İFADELER,B1,UNITE6
1585,yol açmak,"открывать путь, приводить, вызывать",KALIP İFADELER,B1,UNITE6
1955,yüreği hop etmek,"сердце замирает, сердце колотится",KALIP İFADELER,B1,UNITE6
1956,buhar,пар,İSİMLER,B2,UNITE1
1957,buruşuk,"складка, морщина",İSİMLER,B2,UNITE1
1958,çarmıh,распятие,İSİMLER,B2,UNITE1
1959,çekyat,"раскладывающийся диван, софа",İSİMLER,B2,UNITE1
1028,gelenek,традиция,İSİMLER,B2,UNITE1
1960,gelir düzeyi,уровень дохода,İSİMLER,B2,UNITE1
1961,gözlem,наблюдение,İSİMLER,B2,UNITE1
1962,hac,хадж,İSİMLER,B2,UNITE1
1963,hacı,паломник,İSİMLER,B2,UNITE1
1964,heves,"энтузиазм, рвение, азарт",İSİMLER,B2,UNITE1
1965,ikon,икона,İSİMLER,B2,UNITE1
1966,izlenim,впечатление,İSİMLER,B2,UNITE1
1967,karavan,"фургон, автодом, караван",İSİMLER,B2,UNITE1
1968,kısıtlı,ограниченный,İSİMLER,B2,UNITE1
1969,konukseverlik,гостеприимство,İSİMLER,B2,UNITE1
1970,mütevazı,скромный,İSİMLER,B2,UNITE1
1971,okey,окей,İSİMLER,B2,UNITE1
1972,palet,"поддон, палитра",İSİMLER,B2,UNITE1
1973,sanal,виртуальный,İSİMLER,B2,UNITE1
1974,sektör,"сектор, отрасль",İSİMLER,B2,UNITE1
1696,şifa,"исцеление, целебное средство",İSİMLER,B2,UNITE1
1975,şnorkel,"трубка (для подводного плавания), сноркель",İSİMLER,B2,UNITE1
1293,tavla,нарды (игра),İSİMLER,B2,UNITE1
1976,tedirgin,"тревожный, беспокойный",İSİMLER,B2,UNITE1
1977,tırabzan,"перила, поручень",İSİMLER,B2,UNITE1
1978,turizm elçisi,посол по туризму,İSİMLER,B2,UNITE1
1979,yarımada,полуостров,İSİMLER,B2,UNITE1
1980,bağlanmak,"привязываться, прикрепляться, влюбляться",FİİLLER,B2,UNITE1
1981,bronzlaşmak,загорать,FİİLLER,B2,UNITE1
1982,elemek,"просеивать, фильтровать, отбирать",FİİLLER,B2,UNITE1
1146,incitmek,"ранить, обижать",FİİLLER,B2,UNITE1
1983,keselemek,"заправлять постель, стелить, взбивать (подушку)",FİİLLER,B2,UNITE1
1566,kırılmak,"ломаться, обижаться",FİİLLER,B2,UNITE1
1984,oyalamak,"задерживать, отвлекать",FİİLLER,B2,UNITE1
1985,pazarlamak,"продавать, сбывать, продвигать",FİİLLER,B2,UNITE1
1986,alarm,"сигнализация, тревога",İSİMLER,B2,UNITE2
1987,askerî,военный,İSİMLER,B2,UNITE2
1988,astronot,"космонавт, астронавт",İSİMLER,B2,UNITE2
1989,atari,"игровой автомат, аркадный автомат, Атари (бренд)",İSİMLER,B2,UNITE2
916,bağımlılık,зависимость,İSİMLER,B2,UNITE2
1990,basın,пресса,İSİMLER,B2,UNITE2
1156,belgesel,"документальный (фильм), документалистика",İSİMLER,B2,UNITE2
1991,boynuz,рог,İSİMLER,B2,UNITE2
1992,canavar,"чудовище, монстр",İSİMLER,B2,UNITE2
1993,cihaz,"устройство, прибор",İSİMLER,B2,UNITE2
1352,civar,"окрестность, район",İSİMLER,B2,UNITE2
1994,çıktı,"выход, распечатка, результат",İSİMLER,B2,UNITE2
1995,dokunmatik,"сенсорный, касательный",İSİMLER,B2,UNITE2
1996,esas,"основа, основной",İSİMLER,B2,UNITE2
1475,etkin,"активный, действенный, эффективный",İSİMLER,B2,UNITE2
1997,etnografya,этнография,İSİMLER,B2,UNITE2
1998,fayton,фаэтон,İSİMLER,B2,UNITE2
1999,fevkalâde,"исключительный, чрезвычайный",İSİMLER,B2,UNITE2
2000,folklorik,фольклорный,İSİMLER,B2,UNITE2
2001,gar,вокзал,İSİMLER,B2,UNITE2
2002,gezegen,планета,İSİMLER,B2,UNITE2
2003,harikulâde,"исключительный, изумительный, восхитительный",İSİMLER,B2,UNITE2
2004,ileti,сообщение,İSİMLER,B2,UNITE2
2005,kabin,"кабина, будка",İSİMLER,B2,UNITE2
2006,kapasite,"емкость, мощность",İSİMLER,B2,UNITE2
2007,kısa yol,"ярлык, горячая клавиша",İSİMLER,B2,UNITE2
1190,koleksiyon,коллекция,İSİMLER,B2,UNITE2
2008,kullanıcı,пользователь,İSİMLER,B2,UNITE2
2009,kurşun,"свинец, пуля",İSİMLER,B2,UNITE2
2010,maden,"рудник, шахта, металл",İSİMLER,B2,UNITE2
2011,masum,невинный,İSİMLER,B2,UNITE2
1046,mesai,"рабочее время, сверхурочные",İSİMLER,B2,UNITE2
2012,misket,"стеклянный шарик, марбл",İSİMLER,B2,UNITE2
966,mucit,изобретатель,İSİMLER,B2,UNITE2
2013,mülâkat,собеседование,İSİMLER,B2,UNITE2
1510,özenli,"тщательный, старательный, внимательный",İSİMLER,B2,UNITE2
2014,porselen,фарфор,İSİMLER,B2,UNITE2
2015,şeffaf,прозрачный,İSİMLER,B2,UNITE2
2016,şifre,"пароль, код",İSİMLER,B2,UNITE2
2017,takipçi,"последователь, подписчик",İSİMLER,B2,UNITE2
1976,tedirgin,"тревожный, беспокойный",İSİMLER,B2,UNITE2
2018,telgraf,телеграф,İSİMLER,B2,UNITE2
992,telsiz,"рация, беспроводной, радио",İSİMLER,B2,UNITE2
1075,tuş,"клавиша, кнопка",İSİMLER,B2,UNITE2
2019,tutucu,"консервативный, сдержанный",İSİMLER,B2,UNITE2
1797,uzay,"космос, пространство",İSİMLER,B2,UNITE2
1800,veri,данные,İSİMLER,B2,UNITE2
2020,yakıt,топливо,İSİMLER,B2,UNITE2
2021,yazıcı,принтер,İSİMLER,B2,UNITE2
2022,anmak,"упоминать, вспоминать",FİİLLER,B2,UNITE2
2023,cızırdamak,"трещать, шипеть",FİİLLER,B2,UNITE2
2024,savunmak,"защищать, отстаивать",FİİLLER,B2,UNITE2
2025,sergilemek,"выставлять, демонстрировать",FİİLLER,B2,UNITE2
2026,tıklamak,"щёлкать, нажимать",FİİLLER,B2,UNITE2
1587,yönlendirmek,"направлять, ориентировать",FİİLLER,B2,UNITE2
2027,ayak uydurmak,"идти в ногу, успевать (за чем-либо)",KALIP İFADELER,B2,UNITE2
2028,bağımlı olmak,быть зависимым,KALIP İFADELER,B2,UNITE2
2029,başa çıkmak,"справляться, совладать",KALIP İFADELER,B2,UNITE2
2030,dili tutulmak,"онеметь, язык отнялся",KALIP İFADELER,B2,UNITE2
2031,geride bırakmak,"оставлять позади, превосходить",KALIP İFADELER,B2,UNITE2
2032,geride kalmak,"отставать, оставаться позади",KALIP İFADELER,B2,UNITE2
2033,hızına yetişememek,не поспевать за темпом,KALIP İFADELER,B2,UNITE2
2034,temelini atmak,"закладывать фундамент, основывать",KALIP İFADELER,B2,UNITE2
2035,atılganlık,"предприимчивость, смелость",İSİMLER,B2,UNITE3
2036,azimli,"решительный, целеустремлённый",İSİMLER,B2,UNITE3
2037,barışçıl,"миролюбивый, мирный",İSİMLER,B2,UNITE3
2038,bedensel,"телесный, физический",İSİMLER,B2,UNITE3
2039,bulanık,"мутный, нечёткий, расплывчатый",İSİMLER,B2,UNITE3
2040,çatışma,"конфликт, столкновение",İSİMLER,B2,UNITE3
2041,dengeleyici,"балансирующий, уравновешивающий, стабилизирующий",İSİMLER,B2,UNITE3
2042,düşünsel,"умственный, мыслительный",İSİMLER,B2,UNITE3
2043,edepli,"воспитанный, благовоспитанный",İSİMLER,B2,UNITE3
2044,eğilim,"тенденция, склонность",İSİMLER,B2,UNITE3
1361,endişeli,"обеспокоенный, тревожный",İSİMLER,B2,UNITE3
2045,esinti,"лёгкий ветерок, дуновение",İSİMLER,B2,UNITE3
2046,fon,"фон, фонд",İSİMLER,B2,UNITE3
2047,güdülenme,мотивация,İSİMLER,B2,UNITE3
2048,haz,"удовольствие, наслаждение",İSİMLER,B2,UNITE3
2049,hile,"обман, трюк, жульничество",İSİMLER,B2,UNITE3
2050,ima,намёк,İSİMLER,B2,UNITE3
1492,iştah,аппетит,İSİMLER,B2,UNITE3
2051,karamsar,пессимистичный,İSİMLER,B2,UNITE3
2052,kararlılık,"решительность, твёрдость",İSİMLER,B2,UNITE3
1120,kıtlık,"нехватка, дефицит",İSİMLER,B2,UNITE3
2053,kifayetsiz,"недостаточный, неспособный",İSİMLER,B2,UNITE3
2054,matem,"траур, скорбь",İSİMLER,B2,UNITE3
2055,misra,строка (стиха),İSİMLER,B2,UNITE3
965,mizaç,"нрав, характер, темперамент",İSİMLER,B2,UNITE3
2056,mutasavvıf,"суфий, мистик",İSİMLER,B2,UNITE3
1508,öğe,"элемент, компонент",İSİMLER,B2,UNITE3
2057,ruhsal,"духовный, психический",İSİMLER,B2,UNITE3
2058,seyrek,"редкий, разреженный",İSİMLER,B2,UNITE3
1976,tedirgin,"тревожный, беспокойный",İSİMLER,B2,UNITE3
2059,tepki,"реакция, отклик",İSİMLER,B2,UNITE3
2060,tutku,страсть,İSİMLER,B2,UNITE3
2061,ufuk,"горизонт, кругозор",İSİMLER,B2,UNITE3
2062,yargı,"суждение, приговор",İSİMLER,B2,UNITE3
2063,yiğit,"храбрый, смелый",İSİMLER,B2,UNITE3
2064,zarif,изящный,İSİMLER,B2,UNITE3
2065,ertelemek,"откладывать, отсрочивать",FİİLLER,B2,UNITE3
2066,kandırmak,обманывать,FİİLLER,B2,UNITE3
2067,kapsamak,"охватывать, включать, содержать",FİİLLER,B2,UNITE3
1733,odaklanmak,"концентрироваться, фокусироваться",FİİLLER,B2,UNITE3
2068,özümsemek,"усваивать, впитывать",FİİLLER,B2,UNITE3
2069,saldırganlaşmak,становиться агрессивным,FİİLLER,B2,UNITE3
1818,saptamak,"определять, устанавливать, выявлять",FİİLLER,B2,UNITE3
2070,şımarmak,"баловаться, избаловаться",FİİLLER,B2,UNITE3
1339,yatıştırmak,"успокаивать, смягчать",FİİLLER,B2,UNITE3
1742,yitirmek,терять,FİİLLER,B2,UNITE3
2071,duygusal zekâ,эмоциональный интеллект,KALIP İFADELER,B2,UNITE3
2072,hayal kırıklığı,разочарование,KALIP İFADELER,B2,UNITE3
2073,kalıtsal özellik,"наследственная черта, наследственный признак",KALIP İFADELER,B2,UNITE3
2074,kılık kıyafet,"одежда, внешний вид",KALIP İFADELER,B2,UNITE3
2075,sindirim sistemi,пищеварительная система,KALIP İFADELER,B2,UNITE3
2076,sinirsel bozukluk,нервное расстройство,KALIP İFADELER,B2,UNITE3
2077,akım,"течение, поток",İSİMLER,B2,UNITE4
916,bağımlılık,зависимость,İSİMLER,B2,UNITE4
2078,bilinçli,"сознательный, осознанный",İSİMLER,B2,UNITE4
1764,çağ,"эпоха, век, период",İSİMLER,B2,UNITE4
1254,desen,"узор, рисунок, модель",İSİMLER,B2,UNITE4
1258,geleneksel,традиционный,İSİMLER,B2,UNITE4
2079,hazırcevap,"находчивый, остроумный, готовый к ответу",İSİMLER,B2,UNITE4
2080,moda,мода,İSİMLER,B2,UNITE4
2081,örgü,"вязка, плетение, структура",İSİMLER,B2,UNITE4
1682,prensip,принцип,İSİMLER,B2,UNITE4
2082,puantiye,"пюпитр, пуантиль",İSİMLER,B2,UNITE4
1974,sektör,"сектор, отрасль",İSİMLER,B2,UNITE4
2083,stil,стиль,İSİMLER,B2,UNITE4
2084,şık,"элегантный, стильный",İSİMLER,B2,UNITE4
2085,takıntı,"одержимость, навязчивая идея",İSİMLER,B2,UNITE4
1529,tarz,"стиль, манера",İSİMLER,B2,UNITE4
2086,tasarım,"дизайн, проект",İSİMLER,B2,UNITE4
2087,tasarımcı,"дизайнер, проектировщик",İSİMLER,B2,UNITE4
2088,tayyör,костюм (женский),İSİMLER,B2,UNITE4
2089,tulum,"комбинезон, скафандр",İSİMLER,B2,UNITE4
2090,vatka,"прокладка (для плеча), ватин",İSİMLER,B2,UNITE4
2091,fısıldamak,шептать,FİİLLER,B2,UNITE4
2092,küreselleşmek,глобализироваться,FİİLLER,B2,UNITE4
1333,sığmak,"помещаться, влезать",FİİLLER,B2,UNITE4
2093,takılmak,"зацепиться, зависнуть, придираться",FİİLLER,B2,UNITE4
2094,tasarılamak,"проектироваться, быть спроектированным",FİİLLER,B2,UNITE4
2095,tasarruf etmek,"экономить, сберегать",FİİLLER,B2,UNITE4
1433,yansıtmak,"отражать, проецировать",FİİLLER,B2,UNITE4
1926,yoğunlaşmak,"концентрироваться, сгущаться",FİİLLER,B2,UNITE4
2096,yönelmek,"направляться, ориентироваться",FİİLLER,B2,UNITE4
2097,damgasını vurmak,"наложить отпечаток, оставить след",KALIP İFADELER,B2,UNITE4
2098,ele almak,"рассматривать, браться за что-либо",KALIP İFADELER,B2,UNITE4
2099,gündemde kalmak,оставаться в повестке дня,KALIP İFADELER,B2,UNITE4
2100,imaj oluşturmak,создавать имидж,KALIP İFADELER,B2,UNITE4
2101,nüfuz etmek,проникать,KALIP İFADELER,B2,UNITE4
2102,öncelik vermek,"отдавать приоритет, уделять первоочередное внимание",KALIP İFADELER,B2,UNITE4
2103,risk almak,рисковать,KALIP İFADELER,B2,UNITE4
2104,sahip çıkmak,"защищать, признавать своим, брать под опеку",KALIP İFADELER,B2,UNITE4
2105,yok satmak,"расходиться (о товаре), быть нарасхват",KALIP İFADELER,B2,UNITE4
2106,akustik,акустика,İSİMLER,B2,UNITE5
2107,aristokrat,аристократ,İSİMLER,B2,UNITE5
2108,asıl,"основа, подлинник, сущность",İSİMLER,B2,UNITE5
2109,atasözü,пословица,İSİMLER,B2,UNITE5
2110,bitkin,"изнурённый, уставший",İSİMLER,B2,UNITE5
2111,cenaze,"похороны, погребение",İSİMLER,B2,UNITE5
2112,çile,"страдание, испытание, тягота",İSİMLER,B2,UNITE5
2113,destan,эпос,İSİMLER,B2,UNITE5
2114,dev,"гигант, великан",İSİMLER,B2,UNITE5
2115,fener,"фонарь, маяк",İSİMLER,B2,UNITE5
2116,hafıza,память,İSİMLER,B2,UNITE5
2117,heykel,"статуя, скульптура",İSİMLER,B2,UNITE5
2118,kaya,"скала, камень",İSİMLER,B2,UNITE5
2119,kurban,"жертва, жертвоприношение",İSİMLER,B2,UNITE5
960,lakap,прозвище,İSİMLER,B2,UNITE5
2120,mermer,мрамор,İSİMLER,B2,UNITE5
2121,peri bacası,"каменный столб (в Каппадокии), дымоход феи",İSİMLER,B2,UNITE5
1056,piramit,пирамида,İSİMLER,B2,UNITE5
2122,rivayet,"рассказ, предание, слух",İSİMLER,B2,UNITE5
2123,sivri,"острый, заострённый",İSİMLER,B2,UNITE5
2124,soylu,"благородный, знатный",İSİMLER,B2,UNITE5
2125,söylenti,"слух, молва",İSİMLER,B2,UNITE5
2126,şantiye,стройплощадка,İSİMLER,B2,UNITE5
2016,şifre,"пароль, код",İSİMLER,B2,UNITE5
1071,tapınak,храм,İSİMLER,B2,UNITE5
627,zafer,победа,İSİMLER,B2,UNITE5
2127,zalim,"тиран, жестокий",İSİMLER,B2,UNITE5
1410,zam,"надбавка, повышение (цены, зарплаты)",İSİMLER,B2,UNITE5
2128,barındırmak,"вмещать, содержать, приютить",FİİLLER,B2,UNITE5
2129,çığlık atmak,"кричать, вопить",FİİLLER,B2,UNITE5
2130,fokurdamak,"булькать, кипеть",FİİLLER,B2,UNITE5
1564,kanıtlamak,доказывать,FİİLLER,B2,UNITE5
648,sürmek,"вести (машину), продолжать, намазывать",FİİLLER,B2,UNITE5
2131,teklif etmek,предлагать,FİİLLER,B2,UNITE5
1428,tercih etmek,предпочитать,FİİLLER,B2,UNITE5
1742,yitirmek,терять,FİİLLER,B2,UNITE5
2132,anıt mezar,"мавзолей, гробница-памятник",KALIP İFADELER,B2,UNITE5
2133,canına tak etmek,"надоесть до смерти, достать",KALIP İFADELER,B2,UNITE5
2134,gönlü ferman dinlememek,"не слушаться доводов рассудка, сердцу не прикажешь",KALIP İFADELER,B2,UNITE5
2135,gönlünü hoş tutmak,"угождать, ублажать",KALIP İFADELER,B2,UNITE5
2136,göz kamaştırmak,"ослеплять, поражать",KALIP İFADELER,B2,UNITE5
2137,katkı sağlamak,"вносить вклад, способствовать",KALIP İFADELER,B2,UNITE5
2138,anatomi,анатомия,İSİMLER,B2,UNITE6
2139,aykırılık,"противоречие, несоответствие",İSİMLER,B2,UNITE6
2140,azar,"брань, выговор",İSİMLER,B2,UNITE6
1448,azim,"решительность, целеустремлённость",İSİMLER,B2,UNITE6
1449,baskı,"давление, гнёт, печать",İSİMLER,B2,UNITE6
2141,bellek,память,İSİMLER,B2,UNITE6
2142,boğa,бык,İSİMLER,B2,UNITE6
2111,cenaze,"похороны, погребение",İSİMLER,B2,UNITE6
2143,cinayet,убийство,İSİMLER,B2,UNITE6
2144,çapak,"сон (в глазах), закись",İSİMLER,B2,UNITE6
1828,çekirge,"саранча, кузнечик",İSİMLER,B2,UNITE6
2145,denizat,морской конёк,İSİMLER,B2,UNITE6
2146,doruk,"пик, вершина",İSİMLER,B2,UNITE6
931,erişkin,взрослый,İSİMLER,B2,UNITE6
2147,eskimo,эскимос,İSİMLER,B2,UNITE6
2148,fevkalade,"исключительный, чрезвычайный",İSİMLER,B2,UNITE6
2149,gayret,"усердие, старание",İSİMLER,B2,UNITE6
1632,gerekçe,"основание, причина, мотив",İSİMLER,B2,UNITE6
2150,gösterge,"показатель, индикатор",İSİMLER,B2,UNITE6
2151,gülünç,"смешной, нелепый",İSİMLER,B2,UNITE6
2152,harikulade,"исключительный, изумительный, восхитительный",İSİMLER,B2,UNITE6
2153,haysiyet,достоинство,İSİMLER,B2,UNITE6
1638,hormon,гормон,İSİMLER,B2,UNITE6
2154,hörmü,слон,İSİMLER,B2,UNITE6
1493,itibar,"репутация, престиж, уважение",İSİMLER,B2,UNITE6
2155,kaptan,капитан,İSİMLER,B2,UNITE6
2156,karagöz,"кукольный театр (персонаж), тип",İSİMLER,B2,UNITE6
2157,kesik,"разрез, порез",İSİMLER,B2,UNITE6
2158,kırkayak,сороконожка,İSİMLER,B2,UNITE6
2159,kiler,"кладовая, чулан",İSİMLER,B2,UNITE6
2160,kova,ведро,İSİMLER,B2,UNITE6
2161,köftehor,"болван, дурак",İSİMLER,B2,UNITE6
2162,leğen,"таз, тазик",İSİMLER,B2,UNITE6
2163,mat,"матовый, тусклый, шах (мат)",İSİMLER,B2,UNITE6
2164,matador,матадор,İSİMLER,B2,UNITE6
2165,muhterem,"уважаемый, досточтимый",İSİMLER,B2,UNITE6
2166,mücadele,борьба,İSİMLER,B2,UNITE6
2167,mühür,печать,İSİMLER,B2,UNITE6
2168,okkalı,"значительный, увесистый, крепкий",İSİMLER,B2,UNITE6
2169,olasılık,вероятность,İSİMLER,B2,UNITE6
2170,omurilik,спинной мозг,İSİMLER,B2,UNITE6
2171,onur,честь,İSİMLER,B2,UNITE6
2172,öbür,"другой, иной",İSİMLER,B2,UNITE6
2173,pergel,циркуль,İSİMLER,B2,UNITE6
1898,posa,"осадок, отходы, жмых",İSİMLER,B2,UNITE6
2174,pürüzsüz,"гладкий, беспрепятственный",İSİMLER,B2,UNITE6
2175,saydam,"прозрачный, ясный",İSİMLER,B2,UNITE6
2176,sivrisinek,комар,İSİMLER,B2,UNITE6
2177,şakak,висок,İSİMLER,B2,UNITE6
2178,teşhis,"диагноз, опознание",İSİMLER,B2,UNITE6
1532,usul,"способ, метод, тихо",İSİMLER,B2,UNITE6
2179,yel,ветер,İSİMLER,B2,UNITE6
2180,zar,"мембрана, покрытие",İSİMLER,B2,UNITE6
2181,aldatmak,"обманывать, изменять",FİİLLER,B2,UNITE6
1808,algılamak,"воспринимать, осознавать",FİİLLER,B2,UNITE6
1547,aşmak,"преодолевать, превышать",FİİLLER,B2,UNITE6
2182,ayıklamak,"очищать, отбирать",FİİLLER,B2,UNITE6
2183,azarlamak,"бранить, ругать",FİİLLER,B2,UNITE6
2184,çatmak,"нахмуриться, ссутулиться",FİİLLER,B2,UNITE6
2185,daldırmak,"окунать, погружать",FİİLLER,B2,UNITE6
2186,pekiştirmek,"укреплять, усиливать",FİİLLER,B2,UNITE6
2187,sahiplenmek,"присваивать, брать под опеку",FİİLLER,B2,UNITE6
472,sanmak,"думать, полагать",FİİLLER,B2,UNITE6
2188,sıvazlamak,"гладить, поглаживать",FİİLLER,B2,UNITE6
2189,şaşmak,"удивляться, изумляться",FİİLLER,B2,UNITE6
2190,takdir etmek,"ценить, признавать",FİİLLER,B2,UNITE6
715,tartılmak,взвешиваться,FİİLLER,B2,UNITE6
2191,tutuklamak,"арестовывать, задерживать",FİİLLER,B2,UNITE6
2192,ummak,надеяться,FİİLLER,B2,UNITE6
899,usanmak,"уставать, надоедать",FİİLLER,B2,UNITE6
2193,yakınmak,жаловаться,FİİLLER,B2,UNITE6
2194,yanılmak,ошибаться,FİİLLER,B2,UNITE6
2195,yaralamak,ранить,FİİLLER,B2,UNITE6
2196,ağzına layık,"достойный быть съеденным, очень вкусный",KALIP İFADELER,B2,UNITE6
2197,başına devlet kuşu konmak,на его голову счастье свалилось,KALIP İFADELER,B2,UNITE6
2198,berabere kalmak,"остаться вничью, закончиться ничьей",KALIP İFADELER,B2,UNITE6
2199,büyümüş de küçülmüş,"маленький, да удаленький, не по годам развит",KALIP İFADELER,B2,UNITE6
2200,Cehennem ol!,"Иди к чёрту!, Чтоб тебе пусто было!",KALIP İFADELER,B2,UNITE6
2201,dillere destan,"стать легендой, быть у всех на устах",KALIP İFADELER,B2,UNITE6
2202,eser kalmamak,не остаться и следа,KALIP İFADELER,B2,UNITE6
2203,evlat edinmek,"усыновлять, удочерять",KALIP İFADELER,B2,UNITE6
2204,iş güç sahibi,"имеющий работу и дела, деловой человек",KALIP İFADELER,B2,UNITE6
2205,kafasına esmek,взбрести в голову,KALIP İFADELER,B2,UNITE6
2206,maymun olmak,"быть похожим на обезьяну, дурачиться",KALIP İFADELER,B2,UNITE6
2207,ruh ikizi,родственная душа,KALIP İFADELER,B2,UNITE6
2208,Safa geldin!,Добро пожаловать!,KALIP İFADELER,B2,UNITE6
2209,taçsız kral,"бесподобный король (о спортсмене, артисте)",KALIP İFADELER,B2,UNITE6
2210,Uğurlar olsun!,"Счастливого пути!, Удачи!",KALIP İFADELER,B2,UNITE6
2211,üstesinden gelmek,"справляться, преодолевать",KALIP İFADELER,B2,UNITE6
2212,Yolun açık olsun!,Счастливого пути!,KALIP İFADELER,B2,UNITE6
2077,akım,"течение, поток",İSİMLER,C1,UNITE1
1986,alarm,"сигнализация, тревога",İSİMLER,C1,UNITE1
1860,aşama,"этап, ступень, фаза",İSİMLER,C1,UNITE1
2213,ateş saati,"огненные часы, часы с огнём",İSİMLER,C1,UNITE1
1861,atılgan,"смелый, предприимчивый",İSİMLER,C1,UNITE1
2214,ay yılı,лунный год,İSİMLER,C1,UNITE1
1447,ayrıntı,"деталь, подробность",İSİMLER,C1,UNITE1
2215,barınma,"жильё, кров, укрытие",İSİMLER,C1,UNITE1
1452,beklenti,ожидание,İSİMLER,C1,UNITE1
2216,cıva,ртуть,İSİMLER,C1,UNITE1
2217,çanak,"чаша, миска, блюдо",İSİMLER,C1,UNITE1
2218,çelimsiz,"хилый, тщедушный",İSİMLER,C1,UNITE1
2219,devre,"период, цикл, электрическая цепь",İSİMLER,C1,UNITE1
2220,düzenek,"механизм, устройство, система",İSİMLER,C1,UNITE1
1628,felç,"паралич, парез",İSİMLER,C1,UNITE1
2221,göç,"миграция, переселение, перелёт",İSİMLER,C1,UNITE1
2222,güneş saati,солнечные часы,İSİMLER,C1,UNITE1
2223,güneş yılı,солнечный год,İSİMLER,C1,UNITE1
2224,hasat,"урожай, жатва",İSİMLER,C1,UNITE1
1964,heves,"энтузиазм, рвение, азарт",İSİMLER,C1,UNITE1
2225,hicrî,хиджры (лунный календарь),İSİMLER,C1,UNITE1
2226,hürmetli,"уважаемый, почтенный",İSİMLER,C1,UNITE1
2227,ibre,"стрелка (прибора), игла",İSİMLER,C1,UNITE1
2228,ipucu,"ключ, подсказка",İSİMLER,C1,UNITE1
2229,isyankâr,"бунтующий, мятежный",İSİMLER,C1,UNITE1
2230,işitme engelli,"слабослышащий, глухой",İSİMLER,C1,UNITE1
2231,kadran,"циферблат, шкала",İSİMLER,C1,UNITE1
2232,kum saati,песочные часы,İSİMLER,C1,UNITE1
2233,makul,"разумный, здравый",İSİMLER,C1,UNITE1
1663,mantık,логика,İSİMLER,C1,UNITE1
2234,mehtap,"лунный свет, сияние луны",İSİMLER,C1,UNITE1
2235,mekanik,механический,İSİMLER,C1,UNITE1
1778,mekanizma,механизм,İSİMLER,C1,UNITE1
2120,mermer,мрамор,İSİMLER,C1,UNITE1
2236,metal,металл,İSİMLER,C1,UNITE1
2237,mil,"миля, ось, шпиндель",İSİMLER,C1,UNITE1
2238,milâdî,"григорианский, от Рождества Христова",İSİMLER,C1,UNITE1
2239,periyot,период,İSİMLER,C1,UNITE1
2240,piyanist,пианист,İSİMLER,C1,UNITE1
2241,pusula,"компас, буссоль",İSİMLER,C1,UNITE1
2242,rutin,"рутина, обыденность, распорядок",İSİMLER,C1,UNITE1
2243,sağır,глухой,İSİMLER,C1,UNITE1
2175,saydam,"прозрачный, ясный",İSİMLER,C1,UNITE1
1205,sihirbaz,"волшебник, фокусник",İSİMLER,C1,UNITE1
2244,sponsor,спонсор,İSİMLER,C1,UNITE1
2245,su saati,"водяные часы, клепсидра",İSİMLER,C1,UNITE1
2177,şakak,висок,İSİMLER,C1,UNITE1
2246,teorik,теоретический,İSİMLER,C1,UNITE1
2247,tüyo,"подсказка, намёк",İSİMLER,C1,UNITE1
2248,uygarlık,цивилизация,İSİMLER,C1,UNITE1
2249,yöre,"местность, регион, край",İSİMLER,C1,UNITE1
2250,buğulanmak,запотевать,FİİLLER,C1,UNITE1
2251,çırpınmak,"биться, трепыхаться",FİİLLER,C1,UNITE1
2252,doğrulmak,"выпрямляться, подтверждаться",FİİLLER,C1,UNITE1
870,düzenlemek,"организовывать, упорядочивать",FİİLLER,C1,UNITE1
2253,eritmek,"плавить, растворять",FİİLLER,C1,UNITE1
2254,iletmek,"передавать, сообщать",FİİLLER,C1,UNITE1
2255,ilişkilendirmek,"связывать, ассоциировать",FİİLLER,C1,UNITE1
2256,istifade etmek,"использовать, извлекать пользу",FİİLLER,C1,UNITE1
2257,kaygılanmak,"беспокоиться, тревожиться",FİİLLER,C1,UNITE1
2258,olanaklı kılmak,"делать возможным, обеспечивать возможность",FİİLLER,C1,UNITE1
2259,sözleşmek,"договариваться, заключать договор",FİİLLER,C1,UNITE1
2260,takışmak,"ссориться, браниться",FİİLLER,C1,UNITE1
2261,tasarlamak,"проектировать, задумывать",FİİLLER,C1,UNITE1
1238,taşmak,"переливаться через край, переполняться",FİİLLER,C1,UNITE1
2262,ulumak,выть,FİİLLER,C1,UNITE1
2263,yaygınlaşmak,"распространяться, становиться распространённым",FİİLLER,C1,UNITE1
2264,zehirlenmek,"отравляться, травиться",FİİLLER,C1,UNITE1
2265,zonklamak,"пульсировать, ныть",FİİLLER,C1,UNITE1
2266,başını kaşıyacak zamanı olmamak,не иметь времени почесать голову (быть очень занятым),KALIP İFADELER,C1,UNITE1
2267,bir şeyi lehine çevirmek,"обратить что-либо в свою пользу, использовать себе на благо",KALIP İFADELER,C1,UNITE1
2268,bir şeyin temelini atmak,закладывать основу чего-либо,KALIP İFADELER,C1,UNITE1
2269,birisini ekmek,"бросить кого-либо, прекратить отношения",KALIP İFADELER,C1,UNITE1
2270,çekip gitmek,"уйти, удалиться",KALIP İFADELER,C1,UNITE1
2271,ilgi duymak,"интересоваться, испытывать интерес",KALIP İFADELER,C1,UNITE1
2272,ilham vermek,вдохновлять,KALIP İFADELER,C1,UNITE1
2273,kalbi küt küt atmak,"сердце колотится, стучит",KALIP İFADELER,C1,UNITE1
2274,merak uyandırmak,"вызывать любопытство, интерес",KALIP İFADELER,C1,UNITE1
2275,para canlısı,"корыстный, жаждущий денег",KALIP İFADELER,C1,UNITE1
2276,renk katmak,"вносить разнообразие, оживлять",KALIP İFADELER,C1,UNITE1
2277,sinirleri gerilmek,"нервы натянуты, раздражаться",KALIP İFADELER,C1,UNITE1
2278,ümidini kaybetmek,терять надежду,KALIP İFADELER,C1,UNITE1
2279,yapış yapış olmak,"липкий, потный",KALIP İFADELER,C1,UNITE1
2280,zaman almak,"требовать времени, отнимать время",KALIP İFADELER,C1,UNITE1
2281,zaman harcamak,тратить время,KALIP İFADELER,C1,UNITE1
2282,zaman kaybetmek,терять время,KALIP İFADELER,C1,UNITE1
2283,zaman öldürmek,убивать время,KALIP İFADELER,C1,UNITE1
2284,alt tarafı,"всего лишь, просто",İSİMLER,C1,UNITE2
1597,antrenman,тренировка,İSİMLER,C1,UNITE2
2285,antropolog,антрополог,İSİMLER,C1,UNITE2
2286,ayet,стих (в Коране),İSİMLER,C1,UNITE2
1762,bağlılık,"верность, преданность, зависимость",İSİMLER,C1,UNITE2
2287,belirti,"признак, симптом, показатель",İSİMLER,C1,UNITE2
919,bilgin,"учёный, знаток, эрудит",İSİMLER,C1,UNITE2
2288,bilhassa,особенно,İSİMLER,C1,UNITE2
2289,bilinçaltı,подсознание,İSİMLER,C1,UNITE2
2290,cefa,"страдание, мука",İSİMLER,C1,UNITE2
1993,cihaz,"устройство, прибор",İSİMLER,C1,UNITE2
2291,çekingen,"застенчивый, робкий",İSİMLER,C1,UNITE2
2292,derviş,дервиш,İSİMLER,C1,UNITE2
2293,dizgin,поводья,İSİMLER,C1,UNITE2
2294,dörtnala,галопом,İSİMLER,C1,UNITE2
2295,edep,"приличие, благопристойность, скромность",İSİMLER,C1,UNITE2
2296,emniyet kemeri,ремень безопасности,İSİMLER,C1,UNITE2
2297,eser,"произведение, след, признак",İSİMLER,C1,UNITE2
2298,faz,"фаза, стадия, избыток",İSİMLER,C1,UNITE2
2299,gazel,газель (поэтическая форма),İSİMLER,C1,UNITE2
2300,gerdanlık,ожерелье,İSİMLER,C1,UNITE2
2301,gözbebeği,"зрачок, зеница ока",İSİMLER,C1,UNITE2
2302,güvercin,голубь,İSİMLER,C1,UNITE2
2303,hakiki,"подлинный, истинный",İSİMLER,C1,UNITE2
2152,harikulade,"исключительный, изумительный, восхитительный",İSİMLER,C1,UNITE2
2304,hasılı,"в итоге, в конечном счете",İSİMLER,C1,UNITE2
1638,hormon,гормон,İSİMLER,C1,UNITE2
2305,ıstırap,"страдание, мука",İSİMLER,C1,UNITE2
1878,içtenlik,искренность,İSİMLER,C1,UNITE2
2306,ilham,вдохновение,İSİMLER,C1,UNITE2
2307,imkân,возможность,İSİMLER,C1,UNITE2
2308,irtibat,"связь, соединение",İSİMLER,C1,UNITE2
2309,ispat,доказательство,İSİMLER,C1,UNITE2
1966,izlenim,впечатление,İSİMLER,C1,UNITE2
2310,kalender,"беспечный, непритязательный, странствующий дервиш",İSİMLER,C1,UNITE2
2311,kanaat,"мнение, убеждение, удовлетворённость",İSİMLER,C1,UNITE2
2312,karışım,"смесь, соединение",İSİMLER,C1,UNITE2
2313,katot,катод,İSİMLER,C1,UNITE2
2314,kaynak,"источник, ресурс, сварка",İSİMLER,C1,UNITE2
2315,kıvılcım,искра,İSİMLER,C1,UNITE2
1040,kıymet,"ценность, стоимость",İSİMLER,C1,UNITE2
2316,kimya,химия,İSİMLER,C1,UNITE2
1657,kramp,"судорога, спазм",İSİMLER,C1,UNITE2
2317,kusursuz,"безупречный, совершенный",İSİMLER,C1,UNITE2
2318,kuşkucu,"скептик, сомневающийся",İSİMLER,C1,UNITE2
2319,kuyruklu yıldız,комета,İSİMLER,C1,UNITE2
2320,lisan,язык,İSİMLER,C1,UNITE2
2321,lunapark,"луна-парк, парк аттракционов",İSİMLER,C1,UNITE2
2322,maharet,"мастерство, умение",İSİMLER,C1,UNITE2
2323,makam,"должность, пост, место, лад (в музыке)",İSİMLER,C1,UNITE2
2324,maksat,"цель, намерение",İSİMLER,C1,UNITE2
2325,mânâ,"смысл, значение",İSİMLER,C1,UNITE2
2326,manevî,"духовный, моральный",İSİMLER,C1,UNITE2
2327,mecnun,"безумно влюблённый, одержимый",İSİMLER,C1,UNITE2
2328,mektep,"школа (устар.), учебное заведение",İSİMLER,C1,UNITE2
1667,molekül,молекула,İSİMLER,C1,UNITE2
2329,muhatap,"собеседник, адресат",İSİMLER,C1,UNITE2
2330,mülakat,собеседование,İSİMLER,C1,UNITE2
2331,müsaade,"разрешение, позволение",İSİMLER,C1,UNITE2
2332,nahoş,неприятный,İSİMLER,C1,UNITE2
2333,nasip,"удел, жребий, судьба",İSİMLER,C1,UNITE2
2334,nazik,"вежливый, нежный",İSİMLER,C1,UNITE2
2335,ne denli,насколько,İSİMLER,C1,UNITE2
2336,niyaz,"мольба, поклон",İSİMLER,C1,UNITE2
2337,nörotik,"невротичный, невротик",İSİMLER,C1,UNITE2
2338,övgü,"похвала, восхваление",İSİMLER,C1,UNITE2
2339,öz,"сущность, основа, сок",İSİMLER,C1,UNITE2
2340,pisi,"кошка (разг., детск.)",İSİMLER,C1,UNITE2
2207,ruh ikizi,родственная душа,İSİMLER,C1,UNITE2
2341,salınım,"колебание, качание",İSİMLER,C1,UNITE2
2342,samanyolu,Млечный Путь,İSİMLER,C1,UNITE2
2343,sanki,"как будто, словно",İSİMLER,C1,UNITE2
2344,saplantı,"навязчивая идея, одержимость",İSİMLER,C1,UNITE2
2345,seyran,"прогулка, гуляние",İSİMLER,C1,UNITE2
2346,sır,"тайна, секрет",İSİMLER,C1,UNITE2
2347,sırça,"стекло, хрусталь",İSİMLER,C1,UNITE2
2348,sine,"грудь, колени, лоно",İSİMLER,C1,UNITE2
2349,sitem,"упрек, обида",İSİMLER,C1,UNITE2
2350,sükûnet,"спокойствие, тишина",İSİMLER,C1,UNITE2
2351,tabir,"выражение, оборот речи",İSİMLER,C1,UNITE2
2352,takdir,"признание, оценка, судьба",İSİMLER,C1,UNITE2
2353,takıntılı,"одержимый, навязчивый",İSİMLER,C1,UNITE2
2354,tasavvuf,суфизм,İSİMLER,C1,UNITE2
2355,tavır,"манера, поведение, позиция",İSİMLER,C1,UNITE2
2356,tedavül,"обращение, хождение, оборот",İSİMLER,C1,UNITE2
2357,tekke,"текке, дервишеская обитель",İSİMLER,C1,UNITE2
2059,tepki,"реакция, отклик",İSİMLER,C1,UNITE2
2358,teslimiyet,"покорность, сдача",İSİMLER,C1,UNITE2
2359,tez,"диссертация, тезис",İSİMLER,C1,UNITE2
2060,tutku,страсть,İSİMLER,C1,UNITE2
2360,tüberküloz,"туберкулёз, чахотка",İSİMLER,C1,UNITE2
2361,ultraviyole,ультрафиолет,İSİMLER,C1,UNITE2
1403,uyum,"гармония, адаптация, соответствие",İSİMLER,C1,UNITE2
1913,vefa,"верность, преданность",İSİMLER,C1,UNITE2
2362,vicdan azabı,угрызения совести,İSİMLER,C1,UNITE2
2063,yiğit,"храбрый, смелый",İSİMLER,C1,UNITE2
2363,zemin,"основание, почва, грунт, этаж",İSİMLER,C1,UNITE2
2364,zikir,"зикр, поминание (Бога)",İSİMLER,C1,UNITE2
2365,ziyade,"избыток, множество",İSİMLER,C1,UNITE2
2366,adamak,посвящать,FİİLLER,C1,UNITE2
2367,aksetmek,"отражаться, доноситься",FİİLLER,C1,UNITE2
1552,depolamak,"хранить, накапливать",FİİLLER,C1,UNITE2
2368,deşmek,"ковырять, расковыривать, ворошить",FİİLLER,C1,UNITE2
2369,fırlatmak,"бросать, швырять",FİİLLER,C1,UNITE2
2091,fısıldamak,шептать,FİİLLER,C1,UNITE2
2370,harmanlamak,"смешивать, комбинировать",FİİLLER,C1,UNITE2
2371,iddia etmek,"утверждать, заявлять",FİİLLER,C1,UNITE2
880,isyan etmek,"восставать, бунтовать",FİİLLER,C1,UNITE2
2372,işlemek,"обрабатывать, функционировать, взимать",FİİLLER,C1,UNITE2
1564,kanıtlamak,доказывать,FİİLLER,C1,UNITE2
2373,kasılmak,"напрягаться, сводить (о мышце)",FİİLLER,C1,UNITE2
1920,katlanmak,"терпеть, складывать",FİİLLER,C1,UNITE2
2374,oymak,"вырезать, выдалбливать",FİİLLER,C1,UNITE2
2375,övmek,хвалить,FİİLLER,C1,UNITE2
2376,püskürtmek,"разбрызгивать, распылять",FİİLLER,C1,UNITE2
2377,salgılamak,выделять (секрет),FİİLLER,C1,UNITE2
2378,seyre dalmak,"засматриваться, погружаться в созерцание",FİİLLER,C1,UNITE2
2379,sınıflandırmak,классифицировать,FİİLLER,C1,UNITE2
2380,sürüklemek,"тащить, волочить",FİİLLER,C1,UNITE2
2381,süzülmek,"скользить, парить",FİİLLER,C1,UNITE2
2382,tatmin etmek,удовлетворять,FİİLLER,C1,UNITE2
1428,tercih etmek,предпочитать,FİİLLER,C1,UNITE2
2192,ummak,надеяться,FİİLLER,C1,UNITE2
2383,yakarmak,"молить, умолять",FİİLLER,C1,UNITE2
2384,aşk olsun,Вот это да! (восхищение или упрёк),KALIP İFADELER,C1,UNITE2
2385,değmeyin keyfime,Не мешайте моему удовольствию!,KALIP İFADELER,C1,UNITE2
2386,dilinden düşürmemek,"не сходить с языка, постоянно говорить о чём-либо",KALIP İFADELER,C1,UNITE2
2387,dillerde dolaşmak,"ходить по рукам (о слухах), быть у всех на устах",KALIP İFADELER,C1,UNITE2
2388,kafayı yemek,сойти с ума,KALIP İFADELER,C1,UNITE2
2389,lanet olsun,будь проклят,KALIP İFADELER,C1,UNITE2
2390,payını almak,"получить свою долю, получить по заслугам",KALIP İFADELER,C1,UNITE2
2034,temelini atmak,"закладывать фундамент, основывать",KALIP İFADELER,C1,UNITE2
1300,yaygın,"распространённый, распространённый",İSİMLER,C1,UNITE3
2391,hâkimiyet,"господство, власть",İSİMLER,C1,UNITE3
2392,iman,вера,İSİMLER,C1,UNITE3
1888,muhtaç,нуждающийся,İSİMLER,C1,UNITE3
2393,köken,"происхождение, корень",İSİMLER,C1,UNITE3
420,yorum,"толкование, интерпретация, комментарий",İSİMLER,C1,UNITE3
2394,kesin,"точный, определённый, окончательный",İSİMLER,C1,UNITE3
2395,zarf,"конверт, оболочка, наречие (грам.)",İSİMLER,C1,UNITE3
1531,tempo,"темп, ритм",İSİMLER,C1,UNITE3
1120,kıtlık,"нехватка, дефицит, голод",İSİMLER,C1,UNITE3
1651,kısırlık,"бесплодие, стерильность",İSİMLER,C1,UNITE3
2396,geçersiz,"недействительный, негодный",İSİMLER,C1,UNITE3
2397,gelişigüzel,"случайный, небрежный, как попало",İSİMLER,C1,UNITE3
2398,hayırsever,благотворитель,İSİMLER,C1,UNITE3
2399,nalbant,кузнец,İSİMLER,C1,UNITE3
1871,felaket,"катастрофа, бедствие",İSİMLER,C1,UNITE3
2400,aşırı doz,передозировка,İSİMLER,C1,UNITE3
2401,çeyiz,приданое,İSİMLER,C1,UNITE3
2402,bayındırlık,благоустройство,İSİMLER,C1,UNITE3
2403,malvarlığı,"имущество, состояние",İSİMLER,C1,UNITE3
2404,huzurevi,дом престарелых,İSİMLER,C1,UNITE3
2405,uğraşı,"занятие, дело, хобби",İSİMLER,C1,UNITE3
2406,kabartma,"рельеф, выпуклость",İSİMLER,C1,UNITE3
2407,pul,"марка (почтовая), чешуйка",İSİMLER,C1,UNITE3
2180,zar,"оболочка, мембрана, риск",İSİMLER,C1,UNITE3
1882,karşılıklı,взаимный,İSİMLER,C1,UNITE3
2408,enteresan,интересный,İSİMLER,C1,UNITE3
2409,karşılık olarak,"в ответ на, в качестве ответа",İSİMLER,C1,UNITE3
2410,sunmak,"предлагать, представлять",İSİMLER,C1,UNITE3
2411,kebe,мешковина,İSİMLER,C1,UNITE3
2412,değişken,"переменный, переменная",İSİMLER,C1,UNITE3
2413,seçkin,"избранный, элитный, выдающийся",İSİMLER,C1,UNITE3
2414,tabut,гроб,İSİMLER,C1,UNITE3
2415,desteklemek,поддерживать,FİİLLER,C1,UNITE3
474,sıkılmak,"скучать, сжиматься",FİİLLER,C1,UNITE3
2416,özetlemek,"обобщать, резюмировать",FİİLLER,C1,UNITE3
2255,ilişkilendirmek,"связывать, ассоциировать",FİİLLER,C1,UNITE3
2417,itiraz etmek,"возражать, протестовать",FİİLLER,C1,UNITE3
2418,ayırt etmek,"различать, отличать",FİİLLER,C1,UNITE3
2419,çek bozdurmak,обналичивать чек,FİİLLER,C1,UNITE3
2192,ummak,надеяться,FİİLLER,C1,UNITE3
1920,katlanmak,"терпеть, складывать",FİİLLER,C1,UNITE3
2193,yakınmak,жаловаться,FİİLLER,C1,UNITE3
2420,suratını asmak,"делать кислую мину, хмуриться",KALIP İFADELER,C1,UNITE3
1334,sıkıntı çekmek,"испытывать трудности, страдать",KALIP İFADELER,C1,UNITE3
2421,ileri geri konuşmak,"говорить вздор, сплетничать",KALIP İFADELER,C1,UNITE3
2422,geri çevirmek,"отказывать, отвергать",KALIP İFADELER,C1,UNITE3
2423,ele geçmek,"попадать в руки, захватывать",KALIP İFADELER,C1,UNITE3
2424,yaşayıp gitmek,"влачить существование, доживать",KALIP İFADELER,C1,UNITE3
2425,iş işten geçmek,"поезд ушёл, момент упущен",KALIP İFADELER,C1,UNITE3
2426,şeref vermek,оказывать честь,KALIP İFADELER,C1,UNITE3
2427,aman dilemek,"умолять о пощаде, просить прощения",KALIP İFADELER,C1,UNITE3
2428,ümidi kaybolmak,терять надежду,KALIP İFADELER,C1,UNITE3
2429,kılık değiştirmek,"переодеваться, менять облик",KALIP İFADELER,C1,UNITE3
2430,işleri yolunda olmak,"дела идут хорошо, дела в порядке",KALIP İFADELER,C1,UNITE3
2431,hale düşmek,"попасть в беду, оказаться в трудном положении",KALIP İFADELER,C1,UNITE3
2432,onaylamak,"одобрять, санкционировать",KALIP İFADELER,C1,UNITE3
2433,uzak durmak,держаться подальше,KALIP İFADELER,C1,UNITE3
2434,başını dinlemek,"отдохнуть, побыть в покое",KALIP İFADELER,C1,UNITE3
2435,adım atmak,"делать шаг, начинать действовать",KALIP İFADELER,C1,UNITE3
2436,küçük düşünmek,"думать мелко, иметь низкие устремления",KALIP İFADELER,C1,UNITE3
2437,peşini bırakmamak,"не оставлять в покое, преследовать",KALIP İFADELER,C1,UNITE3
2438,süzülüp gitmek,"уплывать, ускользать",KALIP İFADELER,C1,UNITE3
2439,gözünü yükseklere dikmek,"задирать нос, замахиваться на большее",KALIP İFADELER,C1,UNITE3
2440,hamle yapmak,"делать ход, предпринимать шаг",KALIP İFADELER,C1,UNITE3
2441,algılama,восприятие,İSİMLER,C1,UNITE4
2442,analitik,аналитический,İSİMLER,C1,UNITE4
2443,arşın,аршин,İSİMLER,C1,UNITE4
2444,arzuhal,"прошение, заявление",İSİMLER,C1,UNITE4
2445,arzuhalci,"писец, составитель прошений",İSİMLER,C1,UNITE4
2446,aşırı makyaj,"сильный макияж, чрезмерный макияж",İSİMLER,C1,UNITE4
2447,atanma,назначение,İSİMLER,C1,UNITE4
726,avuç,"ладонь, горсть",İSİMLER,C1,UNITE4
2448,biçare,"беспомощный, несчастный",İSİMLER,C1,UNITE4
2078,bilinçli,"сознательный, осознанный",İSİMLER,C1,UNITE4
2449,bizzat,"лично, собственной персоной",İSİMLER,C1,UNITE4
2450,cihan,"мир, вселенная",İSİMLER,C1,UNITE4
2451,çırak,"ученик, подмастерье",İSİMLER,C1,UNITE4
2452,dart,"дартс (игра), дротик",İSİMLER,C1,UNITE4
2453,dava,"дело, иск, тяжба",İSİMLER,C1,UNITE4
2454,esna,"покупатель, клиент",İSİMLER,C1,UNITE4
2455,frekans,частота,İSİMLER,C1,UNITE4
2456,hasır,"циновка, плетёнка",İSİMLER,C1,UNITE4
2457,hekim,врач,İSİMLER,C1,UNITE4
2458,heybetli,"величественный, грозный",İSİMLER,C1,UNITE4
2459,hızlı okuma,скорочтение,İSİMLER,C1,UNITE4
2460,istifade,"польза, использование",İSİMLER,C1,UNITE4
2461,ıstırab,"страдание, мука",İSİMLER,C1,UNITE4
2462,imaj,"образ, имидж",İSİMLER,C1,UNITE4
2463,iskemle,стул,İSİMLER,C1,UNITE4
2464,izin tezkeresi,"удостоверение, пропуск",İSİMLER,C1,UNITE4
2465,kadı,судья (религиозный),İSİMLER,C1,UNITE4
2466,kama,"кинжал, клинок",İSİMLER,C1,UNITE4
2467,kamış,"тростник, трость, трубка",İSİMLER,C1,UNITE4
2468,küllîye,"комплекс (архитектурный), университетский городок",İSİMLER,C1,UNITE4
2323,makam,"должность, пост, место, лад (в музыке)",İSİMLER,C1,UNITE4
2233,makul,"разумный, здравый",İSİMLER,C1,UNITE4
2469,maruzat,"заявление, просьба, доклад",İSİMLER,C1,UNITE4
798,meslek,"профессия, специальность",İSİMLER,C1,UNITE4
2470,motivasyon,мотивация,İSİMLER,C1,UNITE4
2330,mülakat,собеседование,İSİMLER,C1,UNITE4
1506,organizasyon,организация,İSİMLER,C1,UNITE4
1685,rehber,"гид, проводник, руководство",İSİMLER,C1,UNITE4
978,rütbe,"звание, ранг, чин",İSİMLER,C1,UNITE4
1392,satır,"строка, строчка, лезвие (ножа)",İSİMLER,C1,UNITE4
1974,sektör,"сектор, отрасль",İSİMLER,C1,UNITE4
2471,staj,стажировка,İSİMLER,C1,UNITE4
2472,sütun,"столбец, колонка, опора",İSİMLER,C1,UNITE4
2473,tabure,табурет,İSİMLER,C1,UNITE4
2474,tazminat,"компенсация, возмещение",İSİMLER,C1,UNITE4
2475,uçuk kıyafet,"эксцентричная одежда, вычурная одежда",İSİMLER,C1,UNITE4
993,unvan,"звание, титул",İSİMLER,C1,UNITE4
2476,üstat,"мастер, учитель",İSİMLER,C1,UNITE4
2477,vizyon,"видение, перспектива",İSİMLER,C1,UNITE4
2478,yasal süreç,"судебный процесс, судопроизводство",İSİMLER,C1,UNITE4
2479,zulüm,"угнетение, жестокость",İSİMLER,C1,UNITE4
2480,artış göstermek,"показывать рост, увеличиваться",FİİLLER,C1,UNITE4
2481,arz etmek,"представлять, предлагать",FİİLLER,C1,UNITE4
1720,benimsemek,"принимать, усваивать",FİİLLER,C1,UNITE4
2482,çare aramak,"искать выход, искать средство",FİİLLER,C1,UNITE4
2483,kanaat getirmek,"приходить к заключению, убеждаться",FİİLLER,C1,UNITE4
2484,ölçüp biçmek,"взвешивать, обдумывать",FİİLLER,C1,UNITE4
1431,uğraşmak,"заниматься, возиться",FİİLLER,C1,UNITE4
2485,delik deşik etmek,изрешетить,KALIP İFADELER,C1,UNITE4
2486,derdine çare olmak,"быть лекарством от его/её беды, решать чью-то проблему",KALIP İFADELER,C1,UNITE4
2487,emri başı üstüne,"приказ — закон, с готовностью выполнить приказ",KALIP İFADELER,C1,UNITE4
2488,ipler koptu,связи прервались,KALIP İFADELER,C1,UNITE4
2489,danıştay,государственный совет,İSİMLER,C1,UNITE5
2249,yöre,"местность, регион, край",İSİMLER,C1,UNITE5
2490,bakteri,бактерия,İSİMLER,C1,UNITE5
2491,olgu,"явление, случай, факт",İSİMLER,C1,UNITE5
2492,mantar,"гриб, плесень",İSİMLER,C1,UNITE5
2081,örgü,"вязка, плетение, структура",İSİMLER,C1,UNITE5
2493,denetlenme,"проверка, контроль",İSİMLER,C1,UNITE5
2494,kısıtlanma,ограничение,İSİMLER,C1,UNITE5
2289,bilinçaltı,подсознание,İSİMLER,C1,UNITE5
2495,propaganda,пропаганда,İSİMLER,C1,UNITE5
2496,ideoloji,идеология,İSİMLER,C1,UNITE5
2497,şahsiyet,"личность, персона",İSİMLER,C1,UNITE5
1973,sanal,виртуальный,İSİMLER,C1,UNITE5
1297,vakıf,"фонд, вакф",İSİMLER,C1,UNITE5
2498,versiyon,версия,İSİMLER,C1,UNITE5
2499,gala,"гала-представление, торжественный вечер",İSİMLER,C1,UNITE5
1070,şelale,водопад,İSİMLER,C1,UNITE5
2500,trajikomik,"трагикомичный, трагикомический",İSİMLER,C1,UNITE5
2501,orijinal,"оригинальный, подлинный",İSİMLER,C1,UNITE5
2502,bobin,"катушка, бобина",İSİMLER,C1,UNITE5
2503,mülkiyet,"собственность, владение",İSİMLER,C1,UNITE5
2504,başrol,главная роль,İSİMLER,C1,UNITE5
1366,garip,"странный, удивительный",İSİMLER,C1,UNITE5
2505,tapu,"свидетельство о собственности, титул",İSİMLER,C1,UNITE5
2506,hariç,"кроме, исключая",İSİMLER,C1,UNITE5
2507,kritik,"критический, решающий",İSİMLER,C1,UNITE5
2508,müthiş,"ужасный, потрясающий",İSİMLER,C1,UNITE5
2509,soytarılık,"шутовство, клоунада",İSİMLER,C1,UNITE5
2510,smokin,смокинг,İSİMLER,C1,UNITE5
2511,rezil,"позорный, скандальный",İSİMLER,C1,UNITE5
2512,mecbur,"вынужденный, обязанный",İSİMLER,C1,UNITE5
2513,gladyatör,гладиатор,İSİMLER,C1,UNITE5
2514,uğruna,"ради, во имя",İSİMLER,C1,UNITE5
2515,doküman,документ,İSİMLER,C1,UNITE5
2220,düzenek,"механизм, устройство, система",İSİMLER,C1,UNITE5
2516,tribün,трибуна,İSİMLER,C1,UNITE5
1601,bağlam,"контекст, связь, баглама (муз. инструмент)",İSİMLER,C1,UNITE5
2517,uzantı,"расширение, придаток, продолжение",İSİMLER,C1,UNITE5
2060,tutku,страсть,İSİMLER,C1,UNITE5
2518,restore edilmek,"реставрироваться, восстанавливаться",FİİLLER,C1,UNITE5
2519,sınırlı tutmak,"ограничивать, держать в пределах",FİİLLER,C1,UNITE5
1554,dönüşmek,"превращаться, преобразовываться",FİİLLER,C1,UNITE5
2520,kılavuzluk etmek,"руководствовать, вести",FİİLLER,C1,UNITE5
2521,yöneltmek,направлять,FİİLLER,C1,UNITE5
2522,yansımak,отражаться,FİİLLER,C1,UNITE5
1847,olgunlaşmak,"созревать, взрослеть",FİİLLER,C1,UNITE5
2523,tutturmak,"настаивать, закреплять",FİİLLER,C1,UNITE5
2524,canı gönülden,"от всей души, искренне",KALIP İFADELER,C1,UNITE5
2525,göz önüne serilmek,"быть выставленным напоказ, быть раскрытым",KALIP İFADELER,C1,UNITE5
2526,çığır açmak,"проложить новый путь, совершить прорыв",KALIP İFADELER,C1,UNITE5
2527,iki laf etmek,"переброситься парой слов, поболтать",KALIP İFADELER,C1,UNITE5
2528,gün ışığına çıkarmak,"вывести на свет, раскрыть",KALIP İFADELER,C1,UNITE5
2529,ilham almak,черпать вдохновение,KALIP İFADELER,C1,UNITE5
2530,peşine düşmek,"пуститься в погоню, увлечься чем-либо",KALIP İFADELER,C1,UNITE5
2531,bir şeyde hakkı olmak,иметь право на что-либо,KALIP İFADELER,C1,UNITE5
2532,sönük kalmak,"оставаться в тени, быть блёклым",KALIP İFADELER,C1,UNITE5
2533,kanun çıkarmak,"издать закон, принять закон",KALIP İFADELER,C1,UNITE5
2534,işe girişmek,приниматься за дело,KALIP İFADELER,C1,UNITE5
2535,tevazu,"скромность, смирение",İSİMLER,C1,UNITE6
2536,ihtiras,"страсть, амбиция",İSİMLER,C1,UNITE6
2537,muhakeme,"суждение, рассудок, судопроизводство",İSİMLER,C1,UNITE6
2538,bilinç,сознание,İSİMLER,C1,UNITE6
2539,fazilet,"добродетель, достоинство",İSİMLER,C1,UNITE6
2540,hikmet,"мудрость, смысл",İSİMLER,C1,UNITE6
2541,şuur,сознание,İSİMLER,C1,UNITE6
2542,nahış,"узор, орнамент",İSİMLER,C1,UNITE6
2543,işitsel,"слуховой, аудиальный",İSİMLER,C1,UNITE6
2544,görsel,"визуальный, зрительный",İSİMLER,C1,UNITE6
1673,oran,"соотношение, пропорция, процент",İSİMLER,C1,UNITE6
2545,duyu,"чувство, ощущение",İSİMLER,C1,UNITE6
2546,reaksiyon,реакция,İSİMLER,C1,UNITE6
2547,yazılım,"программное обеспечение, софт",İSİMLER,C1,UNITE6
2548,küreselleşme,глобализация,İSİMLER,C1,UNITE6
2549,faktör,фактор,İSİMLER,C1,UNITE6
2550,kalifiye,квалифицированный,İSİMLER,C1,UNITE6
2551,bileşke,"равнодействующая, результирующая",İSİMLER,C1,UNITE6
2552,entelektüel,"интеллектуальный, интеллектуал",İSİMLER,C1,UNITE6
2553,uygar,цивилизованный,İSİMLER,C1,UNITE6
2554,yetkinlik,"компетентность, мастерство",İSİMLER,C1,UNITE6
2555,ütopik,утопический,İSİMLER,C1,UNITE6
1843,arınmak,очищаться,FİİLLER,C1,UNITE6
2556,irtibatlandırmak,"связывать, соединять",FİİLLER,C1,UNITE6
2557,yapılandırmak,"структурировать, организовывать",FİİLLER,C1,UNITE6
2535,tevazu,"скромность, смирение",İSİMLER,C1,UNITE7
2536,ihtiras,"страсть, амбиция",İSİMLER,C1,UNITE7
2537,muhakeme,"суждение, рассудок, судопроизводство",İSİMLER,C1,UNITE7
2538,bilinç,сознание,İSİMLER,C1,UNITE7
2539,fazilet,"добродетель, достоинство",İSİMLER,C1,UNITE7
2540,hikmet,"мудрость, смысл",İSİMLER,C1,UNITE7
2541,şuur,сознание,İSİMLER,C1,UNITE7
2542,nahış,"узор, орнамент",İSİMLER,C1,UNITE7
2543,işitsel,"слуховой, аудиальный",İSİMLER,C1,UNITE7
2544,görsel,"визуальный, зрительный",İSİMLER,C1,UNITE7
1673,oran,"соотношение, пропорция, процент",İSİMLER,C1,UNITE7
2545,duyu,"чувство, ощущение",İSİMLER,C1,UNITE7
2546,reaksiyon,реакция,İSİMLER,C1,UNITE7
2547,yazılım,"программное обеспечение, софт",İSİMLER,C1,UNITE7
2548,küreselleşme,глобализация,İSİMLER,C1,UNITE7
2549,faktör,фактор,İSİMLER,C1,UNITE7
2550,kalifiye,квалифицированный,İSİMLER,C1,UNITE7
2551,bileşke,"равнодействующая, результирующая",İSİMLER,C1,UNITE7
2552,entelektüel,"интеллектуальный, интеллектуал",İSİMLER,C1,UNITE7
2553,uygar,цивилизованный,İSİMLER,C1,UNITE7
2554,yetkinlik,"компетентность, мастерство",İSİMLER,C1,UNITE7
2555,ütopik,утопический,İSİMLER,C1,UNITE7
1843,arınmak,очищаться,FİİLLER,C1,UNITE7
2556,irtibatlandırmak,"связывать, соединять",FİİLLER,C1,UNITE7
2557,yapılandırmak,"структурировать, организовывать",FİİLLER,C1,UNITE7
2491,olgu,"явление, случай, факт",İSİMLER,C1,UNITE8
2558,telkin,"внушение, суггестия",İSİMLER,C1,UNITE8
2559,çerçeve,"рамка, структура",İSİMLER,C1,UNITE8
1606,biçim,"форма, вид",İSİMLER,C1,UNITE8
1541,yetişkin,взрослый,İSİMLER,C1,UNITE8
2560,ergenlik,"подростковый возраст, половое созревание",İSİMLER,C1,UNITE8
2561,teşvik,"поощрение, стимулирование",İSİMLER,C1,UNITE8
2562,yatkın,"склонный, предрасположенный",İSİMLER,C1,UNITE8
2563,yayın,"публикация, передача, вещание",İSİMLER,C1,UNITE8
2044,eğilim,"тенденция, склонность",İSİMLER,C1,UNITE8
2564,nezairet,"попечительство, надзор",İSİMLER,C1,UNITE8
2565,ıslahevi,"исправительное учреждение, исправительный дом",İSİMLER,C1,UNITE8
2566,palmiye,пальма,İSİMLER,C1,UNITE8
2567,fert,"индивид, личность",İSİMLER,C1,UNITE8
2568,mağdur,"пострадавший, жертва",İSİMLER,C1,UNITE8
2569,telafi,"компенсация, возмещение",İSİMLER,C1,UNITE8
2570,hükümran,"суверенный, правящий",İSİMLER,C1,UNITE8
2571,uyuşmazlık,"конфликт, разногласие",İSİMLER,C1,UNITE8
2572,sistematik,систематический,İSİMLER,C1,UNITE8
2124,soylu,"благородный, знатный",İSİMLER,C1,UNITE8
2573,uzlaşımsal,"конвенциональный, договорной, общепринятый",İSİMLER,C1,UNITE8
2574,ferdi,"индивидуальный, личный",İSİMLER,C1,UNITE8
2575,itidal,"умеренность, уравновешенность",İSİMLER,C1,UNITE8
2576,asli,"основной, первостепенный",İSİMLER,C1,UNITE8
2536,ihtiras,"страсть, амбиция",İSİMLER,C1,UNITE8
2577,akit,"договор, контракт",İSİMLER,C1,UNITE8
2578,kamu,"общественность, публичный сектор",İSİMLER,C1,UNITE8
2579,otorite,"власть, авторитет",İSİMLER,C1,UNITE8
2297,eser,"произведение, след, признак",İSİMLER,C1,UNITE8
2580,müebbet,"пожизненный (приговор, заключение)",İSİMLER,C1,UNITE8
2581,işkence,пытка,İSİMLER,C1,UNITE8
2582,sera,"теплица, парник",İSİMLER,C1,UNITE8
2583,minyatür,миниатюра,İSİMLER,C1,UNITE8
2584,moloz,"щебень, строительный мусор",İSİMLER,C1,UNITE8
2585,poster,"плакат, постер",İSİMLER,C1,UNITE8
2586,lağım,"канализация, сточная канава",İSİMLER,C1,UNITE8
2587,hibe,"грант, пожертвование",İSİMLER,C1,UNITE8
2588,çatışmak,"сталкиваться, конфликтовать",FİİLLER,C1,UNITE8
2589,zikretmek,"упоминать, поминать",FİİLLER,C1,UNITE8
2590,volta atmak,"ходить взад-вперед, расхаживать",FİİLLER,C1,UNITE8
2591,yolunu bulmak,находить свой путь,FİİLLER,C1,UNITE8
1550,bocalamak,"метаться, колебаться",FİİLLER,C1,UNITE8
2592,önemsemek,"придавать значение, заботиться",FİİLLER,C1,UNITE8
2593,öngörmek,"предвидеть, предусматривать",FİİLLER,C1,UNITE8
2594,örgütlenmek,организовываться,FİİLLER,C1,UNITE8
2595,temin etmek,"обеспечивать, добывать",FİİLLER,C1,UNITE8
2374,oymak,"вырезать, выдалбливать",FİİLLER,C1,UNITE8
2596,kavramak,"схватывать, понимать",FİİLLER,C1,UNITE8
2597,edinmek,приобретать,FİİLLER,C1,UNITE8
2067,kapsamak,"охватывать, включать",FİİLLER,C1,UNITE8
1106,bilmece,загадка,İSİMLER,C1,UNITE9
2598,cemiyet,"общество, ассоциация",İSİMLER,C1,UNITE9
2113,destan,эпос,İSİMLER,C1,UNITE9
2599,ehemmiyet,важность,İSİMLER,C1,UNITE9
2600,enflasyon,инфляция,İSİMLER,C1,UNITE9
2601,espri,"шутка, остроумие",İSİMLER,C1,UNITE9
2602,fay hattı,линия разлома,İSİMLER,C1,UNITE9
1113,fıkra,"анекдот, статья (закона), пункт",İSİMLER,C1,UNITE9
2603,güreşçi,борец,İSİMLER,C1,UNITE9
2604,hiciv,"сатира, высмеивание",İSİMLER,C1,UNITE9
2605,hikmetli,мудрый,İSİMLER,C1,UNITE9
2606,ırk,"раса, порода",İSİMLER,C1,UNITE9
2607,istatistik,статистика,İSİMLER,C1,UNITE9
2608,karikatür,карикатура,İSİMLER,C1,UNITE9
2609,kelepir,"выгодная покупка, дешёвка",İSİMLER,C1,UNITE9
2610,koz,"козырь, преимущество",İSİMLER,C1,UNITE9
2322,maharet,"мастерство, умение",İSİMLER,C1,UNITE9
2611,mahsul,"урожай, продукт",İSİMLER,C1,UNITE9
2612,mahsus,"специальный, особый, нарочный",İSİMLER,C1,UNITE9
2324,maksat,"цель, намерение",İSİMLER,C1,UNITE9
2613,mazeret,"оправдание, предлог",İSİMLER,C1,UNITE9
2614,meddah,"рассказчик, медиах",İSİMLER,C1,UNITE9
965,mizaç,"нрав, характер, темперамент",İSİMLER,C1,UNITE9
2615,mizah,юмор,İSİMLER,C1,UNITE9
2616,moruk,"старик, старец",İSİMLER,C1,UNITE9
2617,muhalif,"оппозиционный, противник",İSİMLER,C1,UNITE9
2618,mübalağa,преувеличение,İSİMLER,C1,UNITE9
2619,mülk,"собственность, владение",İSİMLER,C1,UNITE9
2620,müsamere,"спектакль, представление (школьное)",İSİMLER,C1,UNITE9
2621,nezaket,"вежливость, любезность",İSİMLER,C1,UNITE9
2622,nükte,"острота, тонкое замечание",İSİMLER,C1,UNITE9
2623,orta oyunu,театр Орта оюну (традиционный),İSİMLER,C1,UNITE9
2624,öksüz,"сирота (по отцу), полусирота",İSİMLER,C1,UNITE9
2625,palyaço,клоун,İSİMLER,C1,UNITE9
2626,pota,"горшок (спортивный), тигель",İSİMLER,C1,UNITE9
2627,sadaka,милостыня,İSİMLER,C1,UNITE9
2628,şive,"акцент, диалект, манера речи",İSİMLER,C1,UNITE9
1529,tarz,"стиль, манера",İSİMLER,C1,UNITE9
2629,taşlama,"сатира, высмеивание",İSİMLER,C1,UNITE9
2630,teferruat,"подробности, детали",İSİMLER,C1,UNITE9
1793,tekerleme,"скороговорка, считалка",İSİMLER,C1,UNITE9
2631,tereddüt,"колебание, нерешительность",İSİMLER,C1,UNITE9
2632,tesir,"влияние, воздействие",İSİMLER,C1,UNITE9
2060,tutku,страсть,İSİMLER,C1,UNITE9
1911,unsur,"элемент, компонент",İSİMLER,C1,UNITE9
993,unvan,"звание, титул",İSİMLER,C1,UNITE9
2633,vasıf,"качество, свойство",İSİMLER,C1,UNITE9
2634,vatoz,скат (рыба),İSİMLER,C1,UNITE9
2635,yergi,"критика, сатира",İSİMLER,C1,UNITE9
2636,yetim,сирота,İSİMLER,C1,UNITE9
2064,zarif,"изящный, утончённый",İSİMLER,C1,UNITE9
2637,zümre,"группа, сословие, класс",İSİMLER,C1,UNITE9
2418,ayırt etmek,"различать, отличать",FİİLLER,C1,UNITE9
2638,dile getirmek,"выражать, высказывать",FİİLLER,C1,UNITE9
2639,hedef almak,"ставить целью, нацеливаться",FİİLLER,C1,UNITE9
2640,içerlemek,"обижаться, таить обиду",FİİLLER,C1,UNITE9
2417,itiraz etmek,"возражать, протестовать",FİİLLER,C1,UNITE9
2067,kapsamak,"охватывать, включать",FİİLLER,C1,UNITE9
2641,mahkûm etmek,"осуждать, приговаривать",FİİLLER,C1,UNITE9
2642,meşhur etmek,"прославлять, делать знаменитым",FİİLLER,C1,UNITE9
2643,sevk etmek,"отправлять, направлять",FİİLLER,C1,UNITE9
2644,bıyık altından gülmek,"усмехаться в усы, посмеиваться исподтишка",KALIP İFADELER,C1,UNITE9
2645,dilinden düşmemek,"не сходить с языка, постоянно говорить о чём-либо",KALIP İFADELER,C1,UNITE9
2646,göze batmak,бросаться в глаза,KALIP İFADELER,C1,UNITE9
2647,gözlerinin içi gülmek,глаза сияют от счастья,KALIP İFADELER,C1,UNITE9
2648,gülmekten kırılmak,надорвать животики от смеха,KALIP İFADELER,C1,UNITE9
2649,gündem oluşturmak,"создавать повестку дня, становиться темой обсуждения",KALIP İFADELER,C1,UNITE9
2650,iş çevirmek,"заниматься делами, вертеться",KALIP İFADELER,C1,UNITE9
2651,lafın altından kalkmak,"справляться с разговором, парировать",KALIP İFADELER,C1,UNITE9
2652,şaka kaldırmak,выдерживать шутку,KALIP İFADELER,C1,UNITE9
2653,şakası olmamak,"не шутить, быть нешуточным",KALIP İFADELER,C1,UNITE9
2654,şakaya vurmak,сводить к шутке,KALIP İFADELER,C1,UNITE9
2655,yüze gülmek,"улыбаться в лицо, быть лицемерно приветливым",KALIP İFADELER,C1,UNITE9
2656,mal,"имущество, товар",İSİMLER,C1,UNITE10
1489,hizmet,услуга,İSİMLER,C1,UNITE10
1364,fiyat,цена,İSİMLER,C1,UNITE10
2657,tüketici,потребитель,İSİMLER,C1,UNITE10
2658,gelir,доход,İSİMLER,C1,UNITE10
2659,harcama,"расход, затраты",İSİMLER,C1,UNITE10
2660,talep,спрос,İSİMLER,C1,UNITE10
2661,ithal,импорт,İSİMLER,C1,UNITE10
2662,sanayileşme,индустриализация,İSİMLER,C1,UNITE10
2663,istikrar,стабильность,İSİMLER,C1,UNITE10
2600,enflasyon,инфляция,İSİMLER,C1,UNITE10
1799,varlık,"актив, имущество, существо",İSİMLER,C1,UNITE10
237,fakir,"бедный, бедняк",İSİMLER,C1,UNITE10
2664,aktif,активный,İSİMLER,C1,UNITE10
2665,aksaklık,"неисправность, сбой",İSİMLER,C1,UNITE10
1475,etkin,"активный, действенный, эффективный",İSİMLER,C1,UNITE10
2666,sorumsuz,безответственный,İSİMLER,C1,UNITE10
2667,limit,"лимит, предел",İSİMLER,C1,UNITE10
2668,kategori,категория,İSİMLER,C1,UNITE10
1455,cazip,привлекательный,İSİMLER,C1,UNITE10
1964,heves,"энтузиазм, рвение, азарт",İSİMLER,C1,UNITE10
2669,hatır,"память, внимание, уважение",İSİMLER,C1,UNITE10
2670,maruz kalmak,подвергаться,FİİLLER,C1,UNITE10
2671,hüküm sürmek,"царствовать, преобладать",FİİLLER,C1,UNITE10
2672,adlandırmak,называть,FİİLLER,C1,UNITE10
2673,görebilmek,"иметь возможность видеть, суметь увидеть",FİİLLER,C1,UNITE10
2067,kapsamak,"охватывать, включать",FİİLLER,C1,UNITE10
2674,üşenmek,лениться,FİİLLER,C1,UNITE10
2675,aşina,знакомый,İSİMLER,C1,UNITE11
2676,atık,"отходы, отбросы",İSİMLER,C1,UNITE11
1154,atmosfer,атмосфера,İSİMLER,C1,UNITE11
2215,barınma,"жильё, кров, укрытие",İSİMLER,C1,UNITE11
2677,basık,"приземистый, низкий",İSİMLER,C1,UNITE11
2678,bilimkurgu,научная фантастика,İSİMLER,C1,UNITE11
1956,buhar,пар,İSİMLER,C1,UNITE11
2679,buzul,ледник,İSİMLER,C1,UNITE11
2680,çap,"диаметр, масштаб",İSİMLER,C1,UNITE11
2681,çölleşme,опустынивание,İSİMLER,C1,UNITE11
2682,doku,"ткань, текстура, структура",İSİMLER,C1,UNITE11
2683,dürtü,"импульс, позыв",İSİMLER,C1,UNITE11
2684,egemen,суверенный,İSİMLER,C1,UNITE11
1257,ekip,"команда, экипаж",İSİMLER,C1,UNITE11
2685,eksantrik,"эксцентричный, эксцентрик",İSİMLER,C1,UNITE11
2686,ekvator,экватор,İSİMLER,C1,UNITE11
2687,elipsoid,эллипсоид,İSİMLER,C1,UNITE11
2688,fosil,"окаменелость, ископаемое",İSİMLER,C1,UNITE11
2221,göç,"миграция, переселение, перелёт",İSİMLER,C1,UNITE11
2689,hammadde,сырьё,İSİMLER,C1,UNITE11
2606,ırk,"раса, порода",İSİMLER,C1,UNITE11
1185,iklim,климат,İSİMLER,C1,UNITE11
2690,ilke,принцип,İSİMLER,C1,UNITE11
2691,inanış,"верование, убеждение",İSİMLER,C1,UNITE11
2228,ipucu,"ключ, подсказка",İSİMLER,C1,UNITE11
2692,kalkınma,развитие,İSİMLER,C1,UNITE11
2693,kardiyovasküler,сердечно-сосудистый,İSİMLER,C1,UNITE11
2694,kasırga,"ураган, смерч, торнадо",İSİMLER,C1,UNITE11
778,kısım,"часть, раздел",İSİMLER,C1,UNITE11
2695,kıyas,"сравнение, аналогия",İSİMLER,C1,UNITE11
2696,kireç,известь,İSİMLER,C1,UNITE11
2697,klostrofobi,клаустрофобия,İSİMLER,C1,UNITE11
1041,klozet,унитаз,İSİMLER,C1,UNITE11
2698,kozmonot,космонавт,İSİMLER,C1,UNITE11
1197,kuraklık,засуха,İSİMLER,C1,UNITE11
2699,kutup,полюс,İSİMLER,C1,UNITE11
2700,küre,"шар, сфера",İSİMLER,C1,UNITE11
2701,küremsi,"сферический, шарообразный",İSİMLER,C1,UNITE11
2702,maceraperest,авантюрист,İSİMLER,C1,UNITE11
2703,milat,"летоисчисление, начало",İSİMLER,C1,UNITE11
2704,mürettebat,"экипаж, команда",İSİMLER,C1,UNITE11
971,okyanus,океан,İSİMLER,C1,UNITE11
2705,oluşum,"образование, формирование",İSİMLER,C1,UNITE11
1674,ortalama,"среднее значение, средний",İSİMLER,C1,UNITE11
2706,radyatör,радиатор,İSİMLER,C1,UNITE11
2707,rant,"рента, доход",İSİMLER,C1,UNITE11
2708,ritüel,ритуал,İSİMLER,C1,UNITE11
2709,sağ salim,целым и невредимым,İSİMLER,C1,UNITE11
2710,sapma,отклонение,İSİMLER,C1,UNITE11
1204,sel,"наводнение, поток",İSİMLER,C1,UNITE11
2582,sera,"теплица, парник",İSİMLER,C1,UNITE11
2711,simülasyon,"симуляция, моделирование",İSİMLER,C1,UNITE11
2712,solunum,дыхание,İSİMLER,C1,UNITE11
2713,sürdürülebilirlik,"устойчивость, устойчивое развитие",İSİMLER,C1,UNITE11
2714,tahrip,разрушение,İSİMLER,C1,UNITE11
2715,taşkın,"наводнение, паводок",İSİMLER,C1,UNITE11
2716,tehdit,угроза,İSİMLER,C1,UNITE11
2717,tesisat,"установка, оборудование",İSİMLER,C1,UNITE11
2718,tespit,"определение, обнаружение, фиксация",İSİMLER,C1,UNITE11
2719,tetikle-,"спусковой механизм, запускать",İSİMLER,C1,UNITE11
2720,tolerans,"терпимость, допуск",İSİMLER,C1,UNITE11
2721,topografik,топографический,İSİMLER,C1,UNITE11
2722,uydu,спутник,İSİMLER,C1,UNITE11
1403,uyum,"гармония, адаптация, соответствие",İSİMLER,C1,UNITE11
2723,vantilatör,вентилятор,İSİMLER,C1,UNITE11
2020,yakıt,топливо,İSİMLER,C1,UNITE11
2724,yarıçap,радиус,İSİMLER,C1,UNITE11
2725,yerçekimi,"гравитация, сила тяжести",İSİMLER,C1,UNITE11
2726,yerküre,земной шар,İSİMLER,C1,UNITE11
2727,zirve,"пик, вершина, апогей",İSİMLER,C1,UNITE11
2728,bilinçlendirmek,"повышать осведомлённость, просвещать",FİİLLER,C1,UNITE11
2729,karşı karşıya kalmak,сталкиваться,FİİLLER,C1,UNITE11
1818,saptamak,"определять, устанавливать, выявлять",FİİLLER,C1,UNITE11
2730,yığılmak,"накапливаться, громоздиться",FİİLLER,C1,UNITE11
2731,zedelemek,"повреждать, ущемлять",FİİLLER,C1,UNITE11
2732,nesil,поколение,İSİMLER,C1,UNITE12
2733,zamane,"нынешнее время, эпоха",İSİMLER,C1,UNITE12
2734,mecra,"среда, канал, медиа",İSİMLER,C1,UNITE12
1868,çarpıcı,"яркий, поразительный",İSİMLER,C1,UNITE12
2735,girişimcilik,предпринимательство,İSİMLER,C1,UNITE12
2736,zira,"ибо, поскольку, так как",İSİMLER,C1,UNITE12
2737,kuşak,"пояс, поколение",İSİMLER,C1,UNITE12
2738,vefasız,"неверный, неблагодарный",İSİMLER,C1,UNITE12
1602,bahane,"предлог, отговорка",İSİMLER,C1,UNITE12
1491,ikramiye,"премия, бонус",İSİMLER,C1,UNITE12
2739,küresel,глобальный,İSİMLER,C1,UNITE12
2740,denetim,"контроль, надзор, аудит",İSİMLER,C1,UNITE12
2741,serüven,"приключение, авантюра",İSİMLER,C1,UNITE12
2742,karmaşa,"хаос, путаница",İSİMLER,C1,UNITE12
2743,kapkaç,"грабёж, уличное ограбление",İSİMLER,C1,UNITE12
2744,arbede,"потасовка, драка",İSİMLER,C1,UNITE12
2745,terör,террор,İSİMLER,C1,UNITE12
2746,manşet,"заголовок (газетный), манжет",İSİMLER,C1,UNITE12
2747,kitle,"масса, толпа",İSİMLER,C1,UNITE12
2748,hidrellez,Хыдырлез (праздник весны),İSİMLER,C1,UNITE12
2749,darmadağın,"в полном беспорядке, вразброс",İSİMLER,C1,UNITE12
2750,işlek,"оживлённый, часто используемый",İSİMLER,C1,UNITE12
1151,afiş,"плакат, афиша",İSİMLER,C1,UNITE12
2751,alıntı,"цитата, заимствование",İSİMLER,C1,UNITE12
1992,canavar,"чудовище, монстр",İSİMLER,C1,UNITE12
2752,nadir,редкий,İSİMLER,C1,UNITE12
2753,keramet,"чудо, чудесное деяние",İSİMLER,C1,UNITE12
2754,gündem,"повестка дня, актуальные вопросы",İSİMLER,C1,UNITE12
2755,şöhret,"слава, известность",İSİMLER,C1,UNITE12
916,bağımlılık,зависимость,İSİMLER,C1,UNITE12
2756,çevrimiçi,"онлайн, в сети, подключённый к сети",İSİMLER,C1,UNITE12
2757,bulgu,"находка, открытие, вывод",İSİMLER,C1,UNITE12
2758,erişim,"доступ, доступность",İSİMLER,C1,UNITE12
2759,ilkel,"первобытный, примитивный",İSİMLER,C1,UNITE12
2760,ozan,"поэт, бард",İSİMLER,C1,UNITE12
2113,destan,эпос,İSİMLER,C1,UNITE12
2761,yerel,"местный, локальный",İSİMLER,C1,UNITE12
2762,taklit,"подражание, имитация",İSİMLER,C1,UNITE12
2763,eleştirmen,критик,İSİMLER,C1,UNITE12
2764,kıt,"скудный, ограниченный",İSİMLER,C1,UNITE12
2765,gurbet,"чужая сторона, эмиграция",İSİMLER,C1,UNITE12
2766,mürüvvet,"радость, благополучие (детей)",İSİMLER,C1,UNITE12
2767,dahil etmek,включать,FİİLLER,C1,UNITE12
2768,yatkın olmak,быть склонным,FİİLLER,C1,UNITE12
2769,kıyaslamak,сравнивать,FİİLLER,C1,UNITE12
2770,uydurmak,"придумывать, подгонять",FİİLLER,C1,UNITE12
2024,savunmak,"защищать, отстаивать",FİİLLER,C1,UNITE12
2771,kamuoyu oluşturmak,формировать общественное мнение,FİİLLER,C1,UNITE12
2772,çullanmak,набрасываться,FİİLLER,C1,UNITE12
2256,istifade etmek,"использовать, извлекать пользу",FİİLLER,C1,UNITE12
2773,yeltenmek,"попытаться, покуситься",FİİLLER,C1,UNITE12
2774,linç etmek,"линчевать, травить",FİİLLER,C1,UNITE12
2775,feryat etmek,"вопить, кричать",FİİLLER,C1,UNITE12
2776,çarpıtmak,искажать,FİİLLER,C1,UNITE12
2777,aktarmak,"передавать, пересаживать",FİİLLER,C1,UNITE12
1808,algılamak,"воспринимать, осознавать",FİİLLER,C1,UNITE12
2778,tembihlemek,"напоминать, предупреждать",FİİLLER,C1,UNITE12
2779,sivrilmek,"выделяться, заостряться",FİİLLER,C1,UNITE12
2780,taramak,"прочёсывать, сканировать",FİİLLER,C1,UNITE12
2781,kısıtlamak,ограничивать,FİİLLER,C1,UNITE12
2670,maruz kalmak,подвергаться,FİİLLER,C1,UNITE12
2256,istifade etmek,"использовать, извлекать пользу",FİİLLER,C1,UNITE12
2782,ihraç etmek,"экспортировать, вывозить",FİİLLER,C1,UNITE12
2783,sitem etmek,"упрекать, обижаться",FİİLLER,C1,UNITE12
2784,gözler önüne sermek,выставлять напоказ,KALIP İFADELER,C1,UNITE12
2785,basmakalıp,"шаблонный, избитый",KALIP İFADELER,C1,UNITE12
2098,ele almak,"рассматривать, браться за что-либо",KALIP İFADELER,C1,UNITE12
2786,evde kalmak,"остаться незамужней (о женщине), засидеться в девках",KALIP İFADELER,C1,UNITE12
2709,sağ salim,целым и невредимым,KALIP İFADELER,C1,UNITE12
2787,olmayacak duaya amin demek,"поддакивать несбыточным надеждам, поддерживать нереальные планы",KALIP İFADELER,C1,UNITE12
2788,doğmamış çocuğa don biçmek,"считать цыплят по осени, строить преждевременные планы",KALIP İFADELER,C1,UNITE12
2789,kaynanası sevmek,полюбить тёщу (о чём-то невероятном),KALIP İFADELER,C1,UNITE12
2790,sihirli kutu,волшебный ящик (обычно о телевизоре),KALIP İFADELER,C1,UNITE12
2791,aptal kutusu,ящик для дураков (о телевизоре),KALIP İFADELER,C1,UNITE12
2792,pes doğrusu,"Вот это да!, Ну и дела!",KALIP İFADELER,C1,UNITE12
2793,çarşaf çarşaf,"лист за листом, много (о тексте)",KALIP İFADELER,C1,UNITE12
2794,ekmek yemek,"зарабатывать на хлеб, жить (чем-либо)",KALIP İFADELER,C1,UNITE12
2795,pabucunu dama atmak,"выбросить его/её тапочки на крышу (бросить, избавиться от кого-либо)",KALIP İFADELER,C1,UNITE12