id,Слово,Перевод,Тип,Курс,Урок
7,arkadaş,"друг, приятель, товарищ",İSİMLER,A1,UNITE1
5,anneler günü,день матери,İSİMLER,A1,UNITE1
2796,Afrika,Африка,İSİMLER,A1,UNITE1
543,ağustos,август,İSİMLER,A1,UNITE1
198,akşam,вечер,İSİMLER,A1,UNITE1
2797,aktör,актёр,İSİMLER,A1,UNITE1
3,alkol,алкоголь,İSİMLER,A1,UNITE1
2798,Alman,"немец, немецкий",İSİMLER,A1,UNITE1
4,Almanya,Германия,İSİMLER,A1,UNITE1
2799,Amerika,Америка,İSİMLER,A1,UNITE1
6,araba,"машина, автомобиль",İSİMLER,A1,UNITE1
547,aralık,декабрь,İSİMLER,A1,UNITE1
2800,Arap,"араб, арабский",İSİMLER,A1,UNITE1
2801,Arnavut,"албанец, албанский",İSİMLER,A1,UNITE1
2802,Arnavutluk,Албания,İSİMLER,A1,UNITE1
2803,Asya,Азия,İSİMLER,A1,UNITE1
1009,Avrupa,Европа,İSİMLER,A1,UNITE1
8,avukat,адвокат,İSİMLER,A1,UNITE1
2804,Avustralya,Австралия,İSİMLER,A1,UNITE1
9,Avusturya,Австрия,İSİMLER,A1,UNITE1
10,az,"мало, немного",İSİMLER,A1,UNITE1
11,baba,"отец, папа",İSİMLER,A1,UNITE1
12,bahçe,сад,İSİMLER,A1,UNITE1
13,balık,рыба,İSİMLER,A1,UNITE1
2805,balkon,балкон,İSİMLER,A1,UNITE1
14,banka,банк,İSİMLER,A1,UNITE1
2806,banyo,"ванна, ванная комната",İSİMLER,A1,UNITE1
15,bardak,стакан,İSİMLER,A1,UNITE1
16,bay,господин,İSİMLER,A1,UNITE1
17,bayan,госпожа,İSİMLER,A1,UNITE1
18,bayram,праздник,İSİMLER,A1,UNITE1
19,bebek,"малыш, ребенок",İSİMLER,A1,UNITE1
20,bey,господин,İSİMLER,A1,UNITE1
728,beyaz,белый,İSİMLER,A1,UNITE1
21,bilet,билет,İSİMLER,A1,UNITE1
22,bilgisayar,компьютер,İSİMLER,A1,UNITE1
23,bulaşık,посуда,İSİMLER,A1,UNITE1
24,büro,"офис, бюро",İSİMLER,A1,UNITE1
25,büyük,большой,İSİMLER,A1,UNITE1
26,cami,мечеть,İSİMLER,A1,UNITE1
27,cetvel,линейка,İSİMLER,A1,UNITE1
352,cevap,ответ,İSİMLER,A1,UNITE1
28,ceviz,орех,İSİMLER,A1,UNITE1
556,cuma,пятница,İSİMLER,A1,UNITE1
557,cumartesi,суббота,İSİMLER,A1,UNITE1
2807,çalışma odası,кабинет,İSİMLER,A1,UNITE1
29,çamaşır,бельё,İSİMLER,A1,UNITE1
2808,çamaşır odası,прачечная,İSİMLER,A1,UNITE1
30,çanta,сумка,İSİMLER,A1,UNITE1
558,çarşamba,среда,İSİMLER,A1,UNITE1
31,çarşı,"базар, рынок",İSİMLER,A1,UNITE1
34,Çin,Китай,İSİMLER,A1,UNITE1
2809,Çinli,"китаец, китайский",İSİMLER,A1,UNITE1
33,çiçek,цветок,İSİMLER,A1,UNITE1
35,çocuk,ребёнок,İSİMLER,A1,UNITE1
2810,çocuk odası,детская комната,İSİMLER,A1,UNITE1
36,çok,много,İSİMLER,A1,UNITE1
37,defter,тетрадь,İSİMLER,A1,UNITE1
38,deniz,море,İSİMLER,A1,UNITE1
39,ders,урок,İSİMLER,A1,UNITE1
41,doktor,"врач, доктор",İSİMLER,A1,UNITE1
42,dolap,шкаф,İSİMLER,A1,UNITE1
40,doğum günü,день рождения,İSİMLER,A1,UNITE1
43,düğün,свадьба,İSİMLER,A1,UNITE1
44,eczane,аптека,İSİMLER,A1,UNITE1
570,ekim,октябрь,İSİMLER,A1,UNITE1
45,ekmek,хлеб,İSİMLER,A1,UNITE1
46,elbise,платье,İSİMLER,A1,UNITE1
47,elma,яблоко,İSİMLER,A1,UNITE1
48,erkek,мужчина,İSİMLER,A1,UNITE1
49,ev,дом,İSİMLER,A1,UNITE1
572,eylül,сентябрь,İSİMLER,A1,UNITE1
50,fare,мышь,İSİMLER,A1,UNITE1
51,fındık,фундук,İSİMLER,A1,UNITE1
53,film,фильм,İSİMLER,A1,UNITE1
52,fırça,"щётка, кисть",İSİMLER,A1,UNITE1
2811,fincan,чашка,İSİMLER,A1,UNITE1
54,Fransa,Франция,İSİMLER,A1,UNITE1
55,futbolcu,футболист,İSİMLER,A1,UNITE1
2812,garaj,гараж,İSİMLER,A1,UNITE1
56,garson,официант,İSİMLER,A1,UNITE1
57,göz,глаз,İSİMLER,A1,UNITE1
2813,gri,серый,İSİMLER,A1,UNITE1
58,gül,роза,İSİMLER,A1,UNITE1
2814,Güney Amerika,Южная Америка,İSİMLER,A1,UNITE1
59,güzel,"красивый, красавица",İSİMLER,A1,UNITE1
60,hâl,состояние,İSİMLER,A1,UNITE1
61,halı,ковёр,İSİMLER,A1,UNITE1
62,hanım,госпожа,İSİMLER,A1,UNITE1
63,hastalık,болезнь,İSİMLER,A1,UNITE1
64,havuç,морковь,İSİMLER,A1,UNITE1
65,hayal,мечта,İSİMLER,A1,UNITE1
579,haziran,июнь,İSİMLER,A1,UNITE1
66,hemşire,медсестра,İSİMLER,A1,UNITE1
67,hiç,"нисколько, совсем",İSİMLER,A1,UNITE1
70,ideal,"идеал, идеальный",İSİMLER,A1,UNITE1
582,ilkbahar,весна,İSİMLER,A1,UNITE1
71,inek,корова,İSİMLER,A1,UNITE1
73,insan,человек,İSİMLER,A1,UNITE1
2815,İngiliz,"англичанин, английский",İSİMLER,A1,UNITE1
72,İngiltere,Англия,İSİMLER,A1,UNITE1
2816,İran,Иран,İSİMLER,A1,UNITE1
2817,İranlı,"иранец, иранский",İSİMLER,A1,UNITE1
74,İspanya,Испания,İSİMLER,A1,UNITE1
2818,İspanyol,"испанец, испанский",İSİMLER,A1,UNITE1
75,iş,"работа, дело",İSİMLER,A1,UNITE1
76,İtalya,Италия,İSİMLER,A1,UNITE1
77,Japonya,Япония,İSİMLER,A1,UNITE1
78,jeton,жетон,İSİMLER,A1,UNITE1
79,jilet,бритва,İSİMLER,A1,UNITE1
80,kadın,женщина,İSİMLER,A1,UNITE1
81,kafe,кафе,İSİMLER,A1,UNITE1
82,kahve,кофе,İSİMLER,A1,UNITE1
2819,kahverengi,коричневый,İSİMLER,A1,UNITE1
83,kalabalık,толпа,İSİMLER,A1,UNITE1
84,kalem,"ручка, карандаш",İSİMLER,A1,UNITE1
85,kalp,сердце,İSİMLER,A1,UNITE1
86,kapı,дверь,İSİMLER,A1,UNITE1
583,kasım,ноябрь,İSİMLER,A1,UNITE1
87,kedi,кошка,İSİMLER,A1,UNITE1
264,kırmızı,красный,İSİMLER,A1,UNITE1
585,kış,зима,İSİMLER,A1,UNITE1
88,kız,девушка,İSİMLER,A1,UNITE1
89,kira,арендная плата,İSİMLER,A1,UNITE1
90,kişi,"человек, лицо, персона",İSİMLER,A1,UNITE1
91,kitap,книга,İSİMLER,A1,UNITE1
92,koltuk,кресло,İSİMLER,A1,UNITE1
93,Kore,Корея,İSİMLER,A1,UNITE1
2820,Koreli,"кореец, корейский",İSİMLER,A1,UNITE1
94,köpek,собака,İSİMLER,A1,UNITE1
95,köy,деревня,İSİMLER,A1,UNITE1
2821,kulaklık,наушники,İSİMLER,A1,UNITE1
96,kuş,птица,İSİMLER,A1,UNITE1
97,kutu,коробка,İSİMLER,A1,UNITE1
98,kütüphane,библиотека,İSİMLER,A1,UNITE1
2822,Kuzey Amerika,Северная Америка,İSİMLER,A1,UNITE1
959,lacivert,"тёмно-синий, синий",İSİMLER,A1,UNITE1
99,lale,тюльпан,İSİMLER,A1,UNITE1
100,limon,лимон,İSİMLER,A1,UNITE1
101,lokanta,ресторан,İSİMLER,A1,UNITE1
102,lütfen,пожалуйста,İSİMLER,A1,UNITE1
103,mağaza,магазин,İSİMLER,A1,UNITE1
104,makas,ножницы,İSİMLER,A1,UNITE1
2823,Malezya,Малайзия,İSİMLER,A1,UNITE1
2824,Malezyalı,"малазиец, малазийский",İSİMLER,A1,UNITE1
590,mart,март,İSİMLER,A1,UNITE1
105,masa,стол,İSİMLER,A1,UNITE1
591,mavi,синий,İSİMLER,A1,UNITE1
592,mayıs,май,İSİMLER,A1,UNITE1
106,merdiven,лестница,İSİMLER,A1,UNITE1
107,meşgul,занятый,İSİMLER,A1,UNITE1
108,metro,метро,İSİMLER,A1,UNITE1
2825,Mısır,Египет,İSİMLER,A1,UNITE1
2826,Mısırlı,"египтянин, египетский",İSİMLER,A1,UNITE1
109,millet,народ,İSİMLER,A1,UNITE1
110,misal,пример,İSİMLER,A1,UNITE1
280,mutfak,кухня,İSİMLER,A1,UNITE1
111,mühendis,инженер,İSİMLER,A1,UNITE1
112,nar,гранат,İSİMLER,A1,UNITE1
600,nisan,апрель,İSİMLER,A1,UNITE1
114,numara,номер,İSİMLER,A1,UNITE1
286,ocak,январь,İSİMLER,A1,UNITE1
115,oda,комната,İSİMLER,A1,UNITE1
116,orman,лес,İSİMLER,A1,UNITE1
117,otel,"гостиница, отель",İSİMLER,A1,UNITE1
118,otobüs,автобус,İSİMLER,A1,UNITE1
2827,Pakistan,Пакистан,İSİMLER,A1,UNITE1
2828,Pakistanlı,"пакистанец, пакистанский",İSİMLER,A1,UNITE1
122,paket,пакет,İSİMLER,A1,UNITE1
125,park,парк,İSİMLER,A1,UNITE1
126,patates,картофель,İSİMLER,A1,UNITE1
604,pazar,"воскресенье, базар, рынок",İSİMLER,A1,UNITE1
605,pazartesi,понедельник,İSİMLER,A1,UNITE1
127,pencere,окно,İSİMLER,A1,UNITE1
606,perşembe,четверг,İSİMLER,A1,UNITE1
128,petrol,нефть,İSİMLER,A1,UNITE1
129,piyano,пианино,İSİMLER,A1,UNITE1
130,polis,"полиция, полицейский",İSİMLER,A1,UNITE1
131,portakal,апельсин,İSİMLER,A1,UNITE1
132,postacı,почтальон,İSİMLER,A1,UNITE1
2829,profesör,профессор,İSİMLER,A1,UNITE1
133,radyo,радио,İSİMLER,A1,UNITE1
134,resim,"рисунок, картина",İSİMLER,A1,UNITE1
135,rol,роль,İSİMLER,A1,UNITE1
136,roman,роман,İSİMLER,A1,UNITE1
2830,Rus,"русский, русский",İSİMLER,A1,UNITE1
137,Rusya,Россия,İSİMLER,A1,UNITE1
138,saat,"час, часы",İSİMLER,A1,UNITE1
299,sabah,утро,İSİMLER,A1,UNITE1
139,saç,волосы,İSİMLER,A1,UNITE1
611,salı,вторник,İSİMLER,A1,UNITE1
140,salon,"гостиная, зал",İSİMLER,A1,UNITE1
2831,sandalyec,стул,İSİMLER,A1,UNITE1
613,sarı,жёлтый,İSİMLER,A1,UNITE1
2832,sebep,причина,İSİMLER,A1,UNITE1
142,sembol,символ,İSİMLER,A1,UNITE1
2833,seyahat etmek,путешествие,İSİMLER,A1,UNITE1
144,sıra,"очередь, ряд",İSİMLER,A1,UNITE1
145,silgi,ластик,İSİMLER,A1,UNITE1
985,siyah,чёрный,İSİMLER,A1,UNITE1
146,sokak,улица,İSİMLER,A1,UNITE1
2834,Somali,Сомали,İSİMLER,A1,UNITE1
616,sonbahar,осень,İSİMLER,A1,UNITE1
147,soru,вопрос,İSİMLER,A1,UNITE1
148,sorun,проблема,İSİMLER,A1,UNITE1
149,sözlük,словарь,İSİMLER,A1,UNITE1
150,Suriye,Сирия,İSİMLER,A1,UNITE1
151,şarkıcı,"певец, певица",İSİMLER,A1,UNITE1
152,şemsiye,зонт,İSİMLER,A1,UNITE1
153,şişe,бутылка,İSİMLER,A1,UNITE1
618,şubat,февраль,İSİMLER,A1,UNITE1
154,tahta,доска,İSİMLER,A1,UNITE1
155,tavuk,курица,İSİMLER,A1,UNITE1
156,telefon,телефон,İSİMLER,A1,UNITE1
157,temiz,чистый,İSİMLER,A1,UNITE1
619,temmuz,июль,İSİMLER,A1,UNITE1
158,top,мяч,İSİMLER,A1,UNITE1
159,turist,турист,İSİMLER,A1,UNITE1
2835,turuncu,оранжевый,İSİMLER,A1,UNITE1
2836,Türk,"турок, турецкий",İSİMLER,A1,UNITE1
160,Türkiye,Турция,İSİMLER,A1,UNITE1
161,uçak,самолёт,İSİMLER,A1,UNITE1
162,uçurtma,воздушный змей,İSİMLER,A1,UNITE1
2837,üç,три,İSİMLER,A1,UNITE1
163,üzüm,виноград,İSİMLER,A1,UNITE1
164,vagon,вагон,İSİMLER,A1,UNITE1
166,yabancı,"иностранец, чужой",İSİMLER,A1,UNITE1
2838,yatak odası,спальня,İSİMLER,A1,UNITE1
623,yaz,лето,İSİMLER,A1,UNITE1
623,yaz,лето,İSİMLER,A1,UNITE1
167,yemek,еда,İSİMLER,A1,UNITE1
418,yeni,новый,İSİMLER,A1,UNITE1
624,yeşil,зелёный,İSİMLER,A1,UNITE1
332,yıl,год,İSİMLER,A1,UNITE1
169,yıldız,звезда,İSİMLER,A1,UNITE1
2839,Yunan,"грек, греческий",İSİMLER,A1,UNITE1
2840,Yunanistan,Греция,İSİMLER,A1,UNITE1
170,yüzük,кольцо,İSİMLER,A1,UNITE1
171,zeytin,"оливка, маслина",İSİMLER,A1,UNITE1
172,zürafa,жираф,İSİMLER,A1,UNITE1
423,açmak,открывать,FİİLLER,A1,UNITE1
425,bakmak,"смотреть, глядеть",FİİLLER,A1,UNITE1
2841,cevap vermek,отвечать,FİİLLER,A1,UNITE1
438,dinlemek,слушать,FİİLLER,A1,UNITE1
174,gelmek,"приходить, приезжать",FİİLLER,A1,UNITE1
175,görüşmek,"встречаться, видеться, беседовать",FİİLLER,A1,UNITE1
457,kapatmak,закрывать,FİİLLER,A1,UNITE1
465,okumak,читать,FİİLLER,A1,UNITE1
176,olmak,"быть, становиться",FİİLLER,A1,UNITE1
2842,soru olmak,"отсутствовать, не быть",FİİLLER,A1,UNITE1
2842,soru olmak,"отсутствовать, не быть",FİİLLER,A1,UNITE1
896,tamamlamak,"завершать, завершить",FİİLLER,A1,UNITE1
482,tekrar etmek,повторять,FİİLLER,A1,UNITE1
494,yazmak,писать,FİİLLER,A1,UNITE1
177,Affedersiniz.,Извините.,KALIP İFADELER,A1,UNITE1
178,Afiyet olsun.,Приятного аппетита.,KALIP İFADELER,A1,UNITE1
179,Bol şanslar.,"Большой, обильный удачи.",KALIP İFADELER,A1,UNITE1
180,Çok yaşa.,"Будь здоров, живи долго.",KALIP İFADELER,A1,UNITE1
181,Geçmiş olsun.,"Выздоравливай(те), поправляйся(тесь).",KALIP İFADELER,A1,UNITE1
2843,Görüşürüz.,Увидимся.,KALIP İFADELER,A1,UNITE1
2844,Görüşmek üzere.,До встречи.,KALIP İFADELER,A1,UNITE1
183,Güle güle.,До свидания.,KALIP İFADELER,A1,UNITE1
184,Günaydın.,Доброе утро.,KALIP İFADELER,A1,UNITE1
185,Hoş bulduk.,Рады взаимно.,KALIP İFADELER,A1,UNITE1
186,Hoş geldin.,Добро пожаловать.,KALIP İFADELER,A1,UNITE1
187,Hoşça kal.,"До свидания, счастливо оставаться.",KALIP İFADELER,A1,UNITE1
188,Lütfen.,Пожалуйста.,KALIP İFADELER,A1,UNITE1
189,Merhaba.,"Здравствуйте, привет.",KALIP İFADELER,A1,UNITE1
190,Özür dilerim.,"Прошу прощения, извините.",KALIP İFADELER,A1,UNITE1
191,Rica ederim.,"Пожалуйста, не стоит благодарности.",KALIP İFADELER,A1,UNITE1
192,Tamam.,"Хорошо, ладно, окей.",KALIP İFADELER,A1,UNITE1
193,Tebrikler.,"Поздравляю, поздравления.",KALIP İFADELER,A1,UNITE1
194,Üzgünüm.,"Мне жаль, я сожалею.",KALIP İFADELER,A1,UNITE1
195,aç,голодный,İSİMLER,A1,UNITE2
196,açık,открытый,İSİMLER,A1,UNITE2
197,adres,адрес,İSİMLER,A1,UNITE2
198,akşam,вечер,İSİMLER,A1,UNITE2
199,alışveriş,"шопинг, покупки",İSİMLER,A1,UNITE2
200,alışveriş merkezi,торговый центр,İSİMLER,A1,UNITE2
201,alt,"низ, нижний",İSİMLER,A1,UNITE2
202,anahtar,ключ,İSİMLER,A1,UNITE2
203,artı,плюс,İSİMLER,A1,UNITE2
1153,aşçı,повар,İSİMLER,A1,UNITE2
8,avukat,адвокат,İSİMLER,A1,UNITE2
204,ay,"месяц, луна",İSİMLER,A1,UNITE2
14,banka,банк,İSİMLER,A1,UNITE2
206,bekâr,холостяк,İSİMLER,A1,UNITE2
21,bilet,билет,İSİMLER,A1,UNITE2
207,bina,здание,İSİMLER,A1,UNITE2
208,birçok,многие,İSİMLER,A1,UNITE2
209,boş,пустой,İSİMLER,A1,UNITE2
2845,bozuk,сломанный,İSİMLER,A1,UNITE2
2846,bölüm,"отдел, часть",İSİMLER,A1,UNITE2
211,bugün,сегодня,İSİMLER,A1,UNITE2
212,burada,здесь,İSİMLER,A1,UNITE2
213,bütün,"весь, целый",İSİMLER,A1,UNITE2
25,büyük,большой,İSİMLER,A1,UNITE2
214,cesur,смелый,İSİMLER,A1,UNITE2
215,ciddi,серьёзный,İSİMLER,A1,UNITE2
216,çalışkan,трудолюбивый,İSİMLER,A1,UNITE2
217,çarpı,"умножение, крестик",İSİMLER,A1,UNITE2
218,çirkin,"некрасивый, уродливый",İSİMLER,A1,UNITE2
219,çöp kutusu,мусорное ведро,İSİMLER,A1,UNITE2
220,çünkü,потому что,İSİMLER,A1,UNITE2
221,dağınık,беспорядочный,İSİMLER,A1,UNITE2
222,dar,узкий,İSİMLER,A1,UNITE2
223,dergi,журнал,İSİMLER,A1,UNITE2
224,dikkatli,внимательный,İSİMLER,A1,UNITE2
225,dikkatsiz,невнимательный,İSİMLER,A1,UNITE2
2847,doğru,правильный,İSİMLER,A1,UNITE2
226,doğum tarihi,дата рождения,İSİMLER,A1,UNITE2
41,doktor,"врач, доктор",İSİMLER,A1,UNITE2
227,dolu,полный,İSİMLER,A1,UNITE2
228,domates,помидор,İSİMLER,A1,UNITE2
229,dosya,файл,İSİMLER,A1,UNITE2
230,durak,остановка,İSİMLER,A1,UNITE2
231,duvar,стена,İSİMLER,A1,UNITE2
232,düzenli,аккуратный,İSİMLER,A1,UNITE2
233,eczacı,фармацевт,İSİMLER,A1,UNITE2
234,eğlenceli,"весёлый, занимательный",İSİMLER,A1,UNITE2
359,eski,старый,İSİMLER,A1,UNITE2
2848,eşya,вещь,İSİMLER,A1,UNITE2
236,evli,"женатый, замужем",İSİMLER,A1,UNITE2
237,fakir,бедный,İSİMLER,A1,UNITE2
238,fark,разница,İSİMLER,A1,UNITE2
239,fırın,печь,İSİMLER,A1,UNITE2
1174,form,"форма, бланк",İSİMLER,A1,UNITE2
240,gazete,газета,İSİMLER,A1,UNITE2
241,genç,молодой,İSİMLER,A1,UNITE2
243,geniş,широкий,İSİMLER,A1,UNITE2
244,güçlü,сильный,İSİMLER,A1,UNITE2
245,güçsüz,слабый,İSİMLER,A1,UNITE2
246,gün,день,İSİMLER,A1,UNITE2
247,gündüz,день,İSİMLER,A1,UNITE2
2849,güvenli,безопасный,İSİMLER,A1,UNITE2
248,hafta sonu,выходные,İSİMLER,A1,UNITE2
249,hasta,больной,İSİMLER,A1,UNITE2
250,hastane,больница,İSİMLER,A1,UNITE2
66,hemşire,медсестра,İSİMLER,A1,UNITE2
252,her zaman,всегда,İSİMLER,A1,UNITE2
253,hızlı,быстрый,İSİMLER,A1,UNITE2
2850,hostes,стюардесса,İSİMLER,A1,UNITE2
254,içecek,напиток,İSİMLER,A1,UNITE2
255,istasyon,станция,İSİMLER,A1,UNITE2
1117,itfaiyeci,пожарный,İSİMLER,A1,UNITE2
257,kaç,сколько,İSİMLER,A1,UNITE2
258,kaçıncı,который (по порядку),İSİMLER,A1,UNITE2
259,kantin,"столовая, буфет",İSİMLER,A1,UNITE2
260,kapalı,закрытый,İSİMLER,A1,UNITE2
2851,kardeş,"брат, сестра",İSİMLER,A1,UNITE2
261,kasap,мясник,İSİMLER,A1,UNITE2
262,kasiyer,кассир,İSİMLER,A1,UNITE2
264,kırmızı,красный,İSİMLER,A1,UNITE2
2852,kısa,короткий,İSİMLER,A1,UNITE2
265,kıskanç,завистливый,İSİMLER,A1,UNITE2
266,kibar,вежливый,İSİMLER,A1,UNITE2
267,kilo,"килограмм, вес",İSİMLER,A1,UNITE2
2853,kirli,грязный,İSİMLER,A1,UNITE2
268,kitaplık,"книжный шкаф, библиотека",İSİMLER,A1,UNITE2
269,kolay,лёгкий,İSİMLER,A1,UNITE2
270,komik,смешной,İSİMLER,A1,UNITE2
271,konuşkan,разговорчивый,İSİMLER,A1,UNITE2
272,koridor,коридор,İSİMLER,A1,UNITE2
273,kötü,плохой,İSİMLER,A1,UNITE2
274,kuaför,парикмахер,İSİMLER,A1,UNITE2
275,kuyumcu,ювелир,İSİMLER,A1,UNITE2
2854,küçük,маленький,İSİMLER,A1,UNITE2
276,lamba,лампа,İSİMLER,A1,UNITE2
2855,lig,лига,İSİMLER,A1,UNITE2
2856,liste,список,İSİMLER,A1,UNITE2
277,mahalle,квартал,İSİMLER,A1,UNITE2
278,manav,"зеленщик, овощной магазин",İSİMLER,A1,UNITE2
279,market,"магазин, рынок",İSİMLER,A1,UNITE2
280,mutfak,кухня,İSİMLER,A1,UNITE2
281,mutlu,счастливый,İSİMLER,A1,UNITE2
282,mutsuz,несчастный,İSİMLER,A1,UNITE2
283,nerede,где,İSİMLER,A1,UNITE2
284,nesne,"объект, предмет",İSİMLER,A1,UNITE2
285,niçin,почему,İSİMLER,A1,UNITE2
287,ofis,офис,İSİMLER,A1,UNITE2
2857,olimpiyat,олимпиада,İSİMLER,A1,UNITE2
288,orada,там,İSİMLER,A1,UNITE2
289,öğleden sonra,после полудня,İSİMLER,A1,UNITE2
120,öğretmen,учитель,İSİMLER,A1,UNITE2
290,önemli,важный,İSİMLER,A1,UNITE2
291,önemsiz,неважный,İSİMLER,A1,UNITE2
292,pahalı,дорогой,İSİMLER,A1,UNITE2
293,pastane,кондитерская,İSİMLER,A1,UNITE2
294,pembe,розовый,İSİMLER,A1,UNITE2
130,polis,"полиция, полицейский",İSİMLER,A1,UNITE2
295,postane,почта,İSİMLER,A1,UNITE2
2858,sağlam,"прочный, здоровый",İSİMLER,A1,UNITE2
302,sehpa,журнальный столик,İSİMLER,A1,UNITE2
303,sekreter,секретарь,İSİMLER,A1,UNITE2
304,semt,район,İSİMLER,A1,UNITE2
305,sessiz,тихий,İSİMLER,A1,UNITE2
306,sıcak,"горячий, тёплый",İSİMLER,A1,UNITE2
307,sıfat,прилагательное,İSİMLER,A1,UNITE2
308,sinirli,сердитый,İSİMLER,A1,UNITE2
828,soğuk,холодный,İSİMLER,A1,UNITE2
146,sokak,улица,İSİMLER,A1,UNITE2
309,sosyal,"общественный, социальный",İSİMLER,A1,UNITE2
311,şehir,город,İSİMLER,A1,UNITE2
312,şimdi,сейчас,İSİMLER,A1,UNITE2
2859,şimdilik,"пока, на данный момент",İSİMLER,A1,UNITE2
313,şişman,толстый,İSİMLER,A1,UNITE2
314,tabak,тарелка,İSİMLER,A1,UNITE2
1207,tamirci,ремонтник,İSİMLER,A1,UNITE2
315,tarih,"история, дата",İSİMLER,A1,UNITE2
316,tatil,"отпуск, каникулы",İSİMLER,A1,UNITE2
317,tehlikeli,опасный,İSİMLER,A1,UNITE2
318,tembel,ленивый,İSİMLER,A1,UNITE2
157,temiz,чистый,İSİMLER,A1,UNITE2
2860,temizlik görevlisi,уборщик,İSİMLER,A1,UNITE2
2861,tezgahtar,продавец,İSİMLER,A1,UNITE2
320,tuzlu,солёный,İSİMLER,A1,UNITE2
321,ucuz,дешёвый,İSİMLER,A1,UNITE2
322,uzak,далёкий,İSİMLER,A1,UNITE2
2862,uzun,"длинный, высокий (о человеке)",İSİMLER,A1,UNITE2
323,üst,верх,İSİMLER,A1,UNITE2
324,var,есть,İSİMLER,A1,UNITE2
845,veteriner,ветеринар,İSİMLER,A1,UNITE2
325,yakın,близкий,İSİMLER,A1,UNITE2
416,yanlış,неправильный,İSİMLER,A1,UNITE2
849,yarışma,соревнование,İSİMLER,A1,UNITE2
326,yastık,подушка,İSİMLER,A1,UNITE2
327,yaş,"возраст, мокрый",İSİMLER,A1,UNITE2
328,yaşlı,старый,İSİMLER,A1,UNITE2
329,yavaş,медленный,İSİMLER,A1,UNITE2
330,yazı tahtası,классная доска,İSİMLER,A1,UNITE2
418,yeni,новый,İSİMLER,A1,UNITE2
331,yer,место,İSİMLER,A1,UNITE2
332,yıl,год,İSİMLER,A1,UNITE2
333,yiyecek,"еда, пища",İSİMLER,A1,UNITE2
334,yoğun,"интенсивный, густой",İSİMLER,A1,UNITE2
335,yok,нет,İSİMLER,A1,UNITE2
336,yorgun,уставший,İSİMLER,A1,UNITE2
1804,yorucu,утомительный,İSİMLER,A1,UNITE2
2863,yumuşak,мягкий,İSİMLER,A1,UNITE2
337,zamir,местоимение,İSİMLER,A1,UNITE2
338,zayıf,"слабый, худой",İSİMLER,A1,UNITE2
339,zengin,богатый,İSİMLER,A1,UNITE2
2864,zor,"трудный, сложный",İSİMLER,A1,UNITE2
340,aramak,"звонить, искать",FİİLLER,A1,UNITE2
342,anne,мать,İSİMLER,A1,UNITE3
343,aynı,такой же,İSİMLER,A1,UNITE3
344,bale,балет,İSİMLER,A1,UNITE3
345,bavul,чемодан,İSİMLER,A1,UNITE3
346,beraber,вместе,İSİMLER,A1,UNITE3
2865,bilete,в билет,İSİMLER,A1,UNITE3
348,bilgisayar oyunu,компьютерная игра,İSİMLER,A1,UNITE3
349,borç,долг,İSİMLER,A1,UNITE3
350,boş zaman,свободное время,İSİMLER,A1,UNITE3
351,büfe,буфет,İSİMLER,A1,UNITE3
353,dans,танец,İSİMLER,A1,UNITE3
354,değişik,разный,İSİMLER,A1,UNITE3
355,dışarı,"наружу, снаружи",İSİMLER,A1,UNITE3
356,dizi,сериал,İSİMLER,A1,UNITE3
357,ekonomi,экономика,İSİMLER,A1,UNITE3
358,erken,рано,İSİMLER,A1,UNITE3
359,eski,старый,İSİMLER,A1,UNITE3
360,eş,"супруг, супруга",İSİMLER,A1,UNITE3
361,ev hanımı,домохозяйка,İSİMLER,A1,UNITE3
362,fabrika,фабрика,İSİMLER,A1,UNITE3
363,farklı,разный,İSİMLER,A1,UNITE3
364,fikir,идея,İSİMLER,A1,UNITE3
53,film,фильм,İSİMLER,A1,UNITE3
365,futbol,футбол,İSİMLER,A1,UNITE3
366,futbol maçı,футбольный матч,İSİMLER,A1,UNITE3
367,geç,поздно,İSİMLER,A1,UNITE3
368,gezi,"экскурсия, поездка",İSİMLER,A1,UNITE3
369,gitar,гитара,İSİMLER,A1,UNITE3
370,gösteri,шоу,İSİMLER,A1,UNITE3
371,hafta içi,будни,İSİMLER,A1,UNITE3
372,hava,погода,İSİMLER,A1,UNITE3
373,hayat,жизнь,İSİMLER,A1,UNITE3
374,hazır,готовый,İSİMLER,A1,UNITE3
375,hediye,подарок,İSİMLER,A1,UNITE3
2866,her gün/hafta/yaz,каждый день/неделю/лето,İSİMLER,A1,UNITE3
376,heyecanlı,взволнованный,İSİMLER,A1,UNITE3
377,hiçbir zaman,никогда,İSİMLER,A1,UNITE3
378,hukuk,право,İSİMLER,A1,UNITE3
379,içeri,"внутрь, внутри",İSİMLER,A1,UNITE3
380,iş yeri,рабочее место,İSİMLER,A1,UNITE3
2867,iş adamı,бизнесмен,İSİMLER,A1,UNITE3
382,işçi,рабочий,İSİMLER,A1,UNITE3
2868,kampüs,кампус,İSİMLER,A1,UNITE3
2869,kaneple,с диваном,İSİMLER,A1,UNITE3
385,kebap,кебаб,İSİMLER,A1,UNITE3
386,kızgın,"сердитый, разгневанный",İSİMLER,A1,UNITE3
387,konser,концерт,İSİMLER,A1,UNITE3
274,kuaför,парикмахер,İSİMLER,A1,UNITE3
388,kulüp,клуб,İSİMLER,A1,UNITE3
389,litre,литр,İSİMLER,A1,UNITE3
390,maç,матч,İSİMLER,A1,UNITE3
103,mağaza,магазин,İSİMLER,A1,UNITE3
2870,manikür,маникюр,İSİMLER,A1,UNITE3
279,market,"магазин, рынок",İSİMLER,A1,UNITE3
393,müsait,"свободный, доступный",İSİMLER,A1,UNITE3
394,müşteri,клиент,İSİMLER,A1,UNITE3
802,müze,музей,İSİMLER,A1,UNITE3
396,normal,нормальный,İSİMLER,A1,UNITE3
397,opera,опера,İSİMLER,A1,UNITE3
398,öğlen,полдень,İSİMLER,A1,UNITE3
399,öğrenci işleri,отдел по работе со студентами,İSİMLER,A1,UNITE3
400,pijama,пижама,İSİMLER,A1,UNITE3
401,restoran,ресторан,İSİMLER,A1,UNITE3
298,resepsiyonist,администратор,İSİMLER,A1,UNITE3
610,rezervasyon,бронирование,İSİMLER,A1,UNITE3
1687,röportaj,интервью,İSİMLER,A1,UNITE3
403,sağlıklı,здоровый,İSİMLER,A1,UNITE3
2871,seans,сеанс,İSİMLER,A1,UNITE3
405,sergi,выставка,İSİMLER,A1,UNITE3
2872,sinema,кино,İSİMLER,A1,UNITE3
406,site,"сайт, жилой комплекс",İSİMLER,A1,UNITE3
407,şarkı,песня,İSİMLER,A1,UNITE3
312,şimdi,сейчас,İSİMLER,A1,UNITE3
408,şiir,стихотворение,İSİMLER,A1,UNITE3
409,terlik,тапочки,İSİMLER,A1,UNITE3
410,tiyatro,театр,İSİMLER,A1,UNITE3
411,tur,тур,İSİMLER,A1,UNITE3
412,tür,"вид, тип",İSİMLER,A1,UNITE3
413,uygun,подходящий,İSİMLER,A1,UNITE3
414,vapur,паром,İSİMLER,A1,UNITE3
415,yalan,ложь,İSİMLER,A1,UNITE3
416,yanlış,неправильный,İSİMLER,A1,UNITE3
2873,yarın,завтра,İSİMLER,A1,UNITE3
996,yazar,писатель,İSİMLER,A1,UNITE3
417,yemekhane,столовая,İSİMLER,A1,UNITE3
418,yeni,новый,İSİMLER,A1,UNITE3
419,yolcu,пассажир,İSİMLER,A1,UNITE3
420,yorum,комментарий,İSİMLER,A1,UNITE3
421,yurt,общежитие,İSİMLER,A1,UNITE3
422,zaman,время,İSİMLER,A1,UNITE3
423,açmak,открывать,FİİLLER,A1,UNITE3
424,anlamak,понимать,FİİLLER,A1,UNITE3
425,bakmak,"смотреть, глядеть",FİİLLER,A1,UNITE3
426,banyo yapmak,принимать ванну,FİİLLER,A1,UNITE3
427,başlamak,"начинать, начинаться",FİİLLER,A1,UNITE3
428,bayılmak,"терять сознание, обожать",FİİLLER,A1,UNITE3
429,beslenmek,"питаться, кормиться",FİİLLER,A1,UNITE3
430,bilmek,знать,FİİLLER,A1,UNITE3
431,binmek,"садиться, садиться (на транспорт)",FİİLLER,A1,UNITE3
432,biriktirmek,"копить, собирать",FİİLLER,A1,UNITE3
433,bitmek,"заканчиваться, кончаться",FİİLLER,A1,UNITE3
434,buluşmak,встречаться,FİİLLER,A1,UNITE3
435,çalışmak,"работать, учиться",FİİLLER,A1,UNITE3
436,çıkmak,"выходить, уходить, подниматься",FİİLLER,A1,UNITE3
437,demek,"говорить, сказать",FİİLLER,A1,UNITE3
2874,ders çalışmak,заниматься (уроками),FİİLLER,A1,UNITE3
438,dinlemek,слушать,FİİLLER,A1,UNITE3
439,dinlenmek,отдыхать,FİİLLER,A1,UNITE3
440,dolaşmak,"гулять, бродить",FİİLLER,A1,UNITE3
441,dönmek,"возвращаться, поворачивать",FİİLLER,A1,UNITE3
442,durmak,"стоять, останавливаться",FİİLLER,A1,UNITE3
443,duş almak,принимать душ,FİİLLER,A1,UNITE3
444,fotoğraf çekmek,фотографировать,FİİLLER,A1,UNITE3
445,geçmek,"проходить, проезжать, сдавать (экзамен)",FİİLLER,A1,UNITE3
446,gezmek,"путешествовать, гулять",FİİLLER,A1,UNITE3
447,girmek,"входить, поступать",FİİLLER,A1,UNITE3
448,gitmek,"идти, ехать",FİİLLER,A1,UNITE3
449,hazırlamak,"готовить (что-л.), подготавливать",FİİLLER,A1,UNITE3
450,hazırlanmak,"готовиться (к чему-л.), собираться",FİİLLER,A1,UNITE3
451,hoşlanmak,"любить, нравиться",FİİLLER,A1,UNITE3
452,internete girmek,"выходить в интернет, заходить в интернет",FİİLLER,A1,UNITE3
453,izlemek,"смотреть (ТВ, фильм)",FİİLLER,A1,UNITE3
454,kahvaltı etmek,завтракать,FİİLLER,A1,UNITE3
455,kalkmak,"вставать, подниматься",FİİLLER,A1,UNITE3
456,kalmak,"оставаться, останавливаться (где-л.)",FİİLLER,A1,UNITE3
457,kapatmak,закрывать,FİİLLER,A1,UNITE3
458,kontrol etmek,"проверять, контролировать",FİİLLER,A1,UNITE3
459,konuşmak,"говорить, разговаривать",FİİLLER,A1,UNITE3
460,korkmak,бояться,FİİLLER,A1,UNITE3
461,koşmak,бежать,FİİLLER,A1,UNITE3
462,koymak,"класть, ставить",FİİLLER,A1,UNITE3
463,kullanmak,"использовать, пользоваться",FİİLLER,A1,UNITE3
464,nefret etmek,ненавидеть,FİİLLER,A1,UNITE3
465,okumak,читать,FİİLLER,A1,UNITE3
466,oturmak,"сидеть, садиться",FİİLLER,A1,UNITE3
467,oynamak,играть,FİİLLER,A1,UNITE3
468,öğrenmek,"узнавать, учить (что-л.)",FİİLLER,A1,UNITE3
469,özlemek,скучать (по ком-л./чему-л.),FİİLLER,A1,UNITE3
470,para çekmek,снимать деньги (с карты),FİİLLER,A1,UNITE3
471,pişirmek,"готовить (еду), варить",FİİLLER,A1,UNITE3
2875,saç kestirmek,стричься (о волосах),FİİLLER,A1,UNITE3
472,sanmak,"думать, полагать",FİİLLER,A1,UNITE3
473,sevmek,любить,FİİLLER,A1,UNITE3
474,sıkılmak,"скучать (испытывать скуку), утомляться",FİİLLER,A1,UNITE3
498,bol bol,"Много, в изобилии, обильно.",KALIP İFADELER,A1,UNITE3
499,inşallah,"Если на то будет воля Аллаха, дай бог, надеюсь.",KALIP İFADELER,A1,UNITE3
500,abla,старшая сестра,İSİMLER,A1,UNITE4
501,ağabey,старший брат,İSİMLER,A1,UNITE4
502,ağız,рот,İSİMLER,A1,UNITE4
503,aile,семья,İSİMLER,A1,UNITE4
504,amca,дядя,İSİMLER,A1,UNITE4
505,anadil,родной язык,İSİMLER,A1,UNITE4
202,anahtar,ключ,İSİMLER,A1,UNITE4
506,anaokulu,детский сад,İSİMLER,A1,UNITE4
507,anneanne,бабушка (по материнской линии),İSİMLER,A1,UNITE4
2876,Arapça,арабский язык,İSİMLER,A1,UNITE4
2801,Arnavut,"албанец, албанский",İSİMLER,A1,UNITE4
2877,Arnavutça,албанский язык,İSİMLER,A1,UNITE4
508,babaanne,бабушка (по отцовской линии),İSİMLER,A1,UNITE4
509,boyun,шея,İSİMLER,A1,UNITE4
510,burun,нос,İSİMLER,A1,UNITE4
2878,çift,пара,İSİMLER,A1,UNITE4
511,dayı,дядя (брат матери),İSİMLER,A1,UNITE4
512,dede,дедушка,İSİMLER,A1,UNITE4
513,diş,зуб,İSİMLER,A1,UNITE4
234,eğlenceli,"весёлый, занимательный",İSİMLER,A1,UNITE4
2879,enfes,"восхитительный, изумительный",İSİMLER,A1,UNITE4
514,erkek kardeş,брат,İSİMLER,A1,UNITE4
2880,e-posta,электронная почта,İSİMLER,A1,UNITE4
364,fikir,идея,İSİMLER,A1,UNITE4
515,hala,тётя (сестра отца),İSİMLER,A1,UNITE4
516,havuz,бассейн,İSİMLER,A1,UNITE4
1180,hobi,хобби,İSİMLER,A1,UNITE4
517,ilkokul,начальная школа,İSİMLER,A1,UNITE4
2881,İngilizce,английский язык,İSİMLER,A1,UNITE4
518,karı,жена,İSİMLER,A1,UNITE4
2882,Kazakça,казахский язык,İSİMLER,A1,UNITE4
2883,Kazakistan,Казахстан,İSİMLER,A1,UNITE4
519,kız kardeş,сестра,İSİMLER,A1,UNITE4
520,koca,муж,İSİMLER,A1,UNITE4
521,kol,рука,İSİMLER,A1,UNITE4
522,lise,средняя школа,İSİMLER,A1,UNITE4
523,manto,пальто,İSİMLER,A1,UNITE4
524,mektup,письмо,İSİMLER,A1,UNITE4
2826,Mısırlı,"египтянин, египетский",İSİMLER,A1,UNITE4
525,omuz,плечо,İSİMLER,A1,UNITE4
526,ortaokul,средняя школа (5-8 классы),İSİMLER,A1,UNITE4
811,profil,профиль,İSİMLER,A1,UNITE4
2830,Rus,"русский, русский",İSİMLER,A1,UNITE4
2884,Rusça,русский язык,İSİMLER,A1,UNITE4
527,satranç,шахматы,İSİMLER,A1,UNITE4
2885,sosyal medya,социальные сети,İSİMLER,A1,UNITE4
528,şirket,компания,İSİMLER,A1,UNITE4
529,teneffüs,перерыв,İSİMLER,A1,UNITE4
530,teyze,тётя (сестра матери),İSİMLER,A1,UNITE4
531,üniversite,университет,İSİMLER,A1,UNITE4
532,ütü,утюг,İSİMLER,A1,UNITE4
533,yabancı dil,иностранный язык,İSİMLER,A1,UNITE4
534,yaramaz,"озорной, непослушный",İSİMLER,A1,UNITE4
421,yurt,общежитие,İSİMLER,A1,UNITE4
535,zevkli,"приятный, доставляющий удовольствие",İSİMLER,A1,UNITE4
536,almak,"брать, покупать",FİİLLER,A1,UNITE4
857,anlatmak,"рассказывать, объяснять",FİİLLER,A1,UNITE4
537,dans etmek,танцевать,FİİLLER,A1,UNITE4
538,çalmak,"звонить (в звонок), играть (на инструменте), красть",FİİLLER,A1,UNITE4
539,hissetmek,чувствовать,FİİLLER,A1,UNITE4
494,yazmak,писать,FİİLLER,A1,UNITE4
2886,golf oynamak,играть в гольф,FİİLLER,A1,UNITE4
540,göndermek,"отправлять, посылать",FİİLLER,A1,UNITE4
467,oynamak,играть,FİİLLER,A1,UNITE4
541,öğretmek,"учить, обучать",FİİLLER,A1,UNITE4
456,kalmak,"оставаться, останавливаться (где-л.)",FİİLLER,A1,UNITE4
2887,plan yapmak,"строить планы, планировать",FİİLLER,A1,UNITE4
2888,pratik yapmak,"практиковаться, тренироваться",FİİLLER,A1,UNITE4
2889,selam söylemek,передавать привет,FİİLLER,A1,UNITE4
542,telefon etmek,звонить (по телефону),FİİLLER,A1,UNITE4
543,ağustos,август,İSİMLER,A1,UNITE5
544,ajanda,"ежедневник, планировщик",İSİMLER,A1,UNITE5
545,akıl,"ум, разум",İSİMLER,A1,UNITE5
546,anma,"память, воспоминание",İSİMLER,A1,UNITE5
547,aralık,декабрь,İSİMLER,A1,UNITE5
548,ateş,огонь,İSİMLER,A1,UNITE5
727,baklava,пахлава,İSİMLER,A1,UNITE5
549,balayı,медовый месяц,İSİMLER,A1,UNITE5
18,bayram,праздник,İSİMLER,A1,UNITE5
2890,bayramlık,"праздничный, нарядный",İSİMLER,A1,UNITE5
1604,bereket,изобилие,İSİMLER,A1,UNITE5
550,biricik,единственный,İSİMLER,A1,UNITE5
551,birlikte,вместе,İSİMLER,A1,UNITE5
552,birliktelik,"вместе, совместность",İSİMLER,A1,UNITE5
553,boya,краска,İSİMLER,A1,UNITE5
2845,bozuk,сломанный,İSİMLER,A1,UNITE5
554,buçuk,половина (часа),İSİMLER,A1,UNITE5
2891,buket,букет,İSİMLER,A1,UNITE5
555,cimri,скупой,İSİMLER,A1,UNITE5
2892,coşku,энтузиазм,İSİMLER,A1,UNITE5
556,cuma,пятница,İSİMLER,A1,UNITE5
557,cumartesi,суббота,İSİMLER,A1,UNITE5
558,çarşamba,среда,İSİMLER,A1,UNITE5
559,çeşitli,различный,İSİMLER,A1,UNITE5
560,çeyrek,четверть,İSİMLER,A1,UNITE5
561,çorba,суп,İSİMLER,A1,UNITE5
563,dakika,минута,İSİMLER,A1,UNITE5
564,dilek,желание,İSİMLER,A1,UNITE5
565,dini,религиозный,İSİMLER,A1,UNITE5
566,dişçi,зубной врач,İSİMLER,A1,UNITE5
567,dolunay,полнолуние,İSİMLER,A1,UNITE5
43,düğün,свадьба,İSİMLER,A1,UNITE5
569,egemenlik,суверенитет,İSİMLER,A1,UNITE5
570,ekim,октябрь,İSİMLER,A1,UNITE5
571,evlilik,брак,İSİMLER,A1,UNITE5
572,eylül,сентябрь,İSİMLER,A1,UNITE5
573,galeri,галерея,İSİMLER,A1,UNITE5
574,gelecek,будущее,İSİMLER,A1,UNITE5
575,gençlik,молодость,İSİMLER,A1,UNITE5
576,geveze,болтливый,İSİMLER,A1,UNITE5
370,gösteri,шоу,İSİMLER,A1,UNITE5
2893,harçlık,карманные деньги,İSİMLER,A1,UNITE5
577,harf,буква,İSİMLER,A1,UNITE5
2894,hayvanat bahçesi,зоопарк,İSİMLER,A1,UNITE5
578,hazırlık,подготовка,İSİMLER,A1,UNITE5
579,haziran,июнь,İSİMLER,A1,UNITE5
580,hece,слог,İSİMLER,A1,UNITE5
581,heyecan,"волнение, азарт",İSİMLER,A1,UNITE5
942,ilginç,интересный,İSİMLER,A1,UNITE5
582,ilkbahar,весна,İSİMLER,A1,UNITE5
583,kasım,ноябрь,İSİMLER,A1,UNITE5
584,kaza,"несчастный случай, авария",İSİMLER,A1,UNITE5
585,kış,зима,İSİMLER,A1,UNITE5
586,kurum,учреждение,İSİMLER,A1,UNITE5
587,kutlama,празднование,İSİMLER,A1,UNITE5
588,kültür,культура,İSİMLER,A1,UNITE5
589,marş,"гимн, марш",İSİMLER,A1,UNITE5
590,mart,март,İSİMLER,A1,UNITE5
591,mavi,синий,İSİMLER,A1,UNITE5
592,mayıs,май,İSİMLER,A1,UNITE5
593,mevsim,"время года, сезон",İSİMLER,A1,UNITE5
594,mezuniyet,"выпуск, окончание",İSİMLER,A1,UNITE5
595,milli,национальный,İSİMLER,A1,UNITE5
596,mola,перерыв,İSİMLER,A1,UNITE5
597,mor,фиолетовый,İSİMLER,A1,UNITE5
598,nice,многие (лета и т.д.),İSİMLER,A1,UNITE5
599,nikah,"бракосочетание, брак",İSİMLER,A1,UNITE5
2895,nikah memuru,сотрудник ЗАГСа,İSİMLER,A1,UNITE5
600,nisan,апрель,İSİMLER,A1,UNITE5
601,odun,дрова,İSİMLER,A1,UNITE5
602,ömür,жизнь,İSİMLER,A1,UNITE5
2896,özel,"частный, особый",İSİMLER,A1,UNITE5
603,palto,пальто,İSİMLER,A1,UNITE5
604,pazar,"воскресенье, базар, рынок",İSİMLER,A1,UNITE5
605,pazartesi,понедельник,İSİMLER,A1,UNITE5
606,perşembe,четверг,İSİMLER,A1,UNITE5
607,program,программа,İSİMLER,A1,UNITE5
608,randevu,"встреча, свидание",İSİMLER,A1,UNITE5
609,resmi,официальный,İSİMLER,A1,UNITE5
610,rezervasyon,бронирование,İSİMLER,A1,UNITE5
611,salı,вторник,İSİMLER,A1,UNITE5
612,saniye,секунда,İSİMLER,A1,UNITE5
613,sarı,жёлтый,İSİMLER,A1,UNITE5
614,saygıdeğer,уважаемый,İSİMLER,A1,UNITE5
615,sevgili,"любимый, дорогой",İSİMLER,A1,UNITE5
616,sonbahar,осень,İSİMLER,A1,UNITE5
2897,son kullanma tarihi,срок годности,İSİMLER,A1,UNITE5
617,sürpriz,сюрприз,İSİMLER,A1,UNITE5
618,şubat,февраль,İSİMLER,A1,UNITE5
619,temmuz,июль,İSİMLER,A1,UNITE5
620,toplantı,"собрание, встреча",İSİMLER,A1,UNITE5
621,ulusal,национальный,İSİMLER,A1,UNITE5
2898,ücret,"плата, взнос",İSİMLER,A1,UNITE5
622,vakit,время,İSİMLER,A1,UNITE5
623,yaz,лето,İSİMLER,A1,UNITE5
624,yeşil,зелёный,İSİMLER,A1,UNITE5
625,yılbaşı,Новый год,İSİMLER,A1,UNITE5
2899,yıl dönümü,годовщина,İSİMLER,A1,UNITE5
170,yüzük,кольцо,İSİMLER,A1,UNITE5
627,zafer,победа,İSİMLER,A1,UNITE5
628,zorluk,трудность,İSİMLER,A1,UNITE5
424,anlamak,понимать,FİİLLER,A1,UNITE5
629,asmak,"вешать, развешивать",FİİLLER,A1,UNITE5
630,atlamak,прыгать,FİİLLER,A1,UNITE5
631,atmak,"бросать, кидать",FİİLLER,A1,UNITE5
632,beklemek,ждать,FİİLLER,A1,UNITE5
633,benzemek,"быть похожим, походить",FİİLLER,A1,UNITE5
1143,bozulmak,"ломаться, портиться",FİİLLER,A1,UNITE5
2900,davet etmek,приглашать,FİİLLER,A1,UNITE5
709,değiştirmek,"менять, изменять",FİİLLER,A1,UNITE5
634,devam etmek,продолжать,FİİLLER,A1,UNITE5
635,dilemek,желать,FİİLLER,A1,UNITE5
636,doğmak,рождаться,FİİLLER,A1,UNITE5
2901,eğlenmek,"веселиться, развлекаться",FİİLLER,A1,UNITE5
2902,el öpmek,целовать руку (в знак уважения),FİİLLER,A1,UNITE5
637,evlenmek,"жениться, выходить замуж",FİİLLER,A1,UNITE5
638,gecikmek,"опаздывать, задерживаться",FİİLLER,A1,UNITE5
2903,gösteri yapmak,выступать (с представлением),FİİLLER,A1,UNITE5
2904,götürmek,"относить, отвозить",FİİLLER,A1,UNITE5
2905,ikram etmek,угощать,FİİLLER,A1,UNITE5
639,heyecanlanmak,"волноваться, возбуждаться",FİİLLER,A1,UNITE5
640,kapanmak,закрываться (самостоятельно),FİİLLER,A1,UNITE5
641,karşılamak,"встречать, приветствовать",FİİLLER,A1,UNITE5
642,katılmak,"принимать участие, присоединяться",FİİLLER,A1,UNITE5
1730,kavuşmak,"воссоединяться, встречаться",FİİLLER,A1,UNITE5
1099,kayak yapmak,кататься на лыжах,FİİLLER,A1,UNITE5
2906,kolonya dökmek,поливать одеколоном (по обычаю),FİİLLER,A1,UNITE5
643,korumak,"защищать, охранять",FİİLLER,A1,UNITE5
644,kutlamak,праздновать,FİİLLER,A1,UNITE5
646,öpmek,целовать,FİİLLER,A1,UNITE5
2907,para toplamak,собирать деньги,FİİLLER,A1,UNITE5
2908,pişman olmak,"сожалеть, раскаиваться",FİİLLER,A1,UNITE5
2888,pratik yapmak,"практиковаться, тренироваться",FİİLLER,A1,UNITE5
647,satın almak,покупать,FİİLLER,A1,UNITE5
2909,sofra hazırlamak,накрывать на стол,FİİLLER,A1,UNITE5
2910,sosyal olmak,"быть общительным, коммуницировать",FİİLLER,A1,UNITE5
648,sürmek,"везти (машину), мазать (хлеб), длиться",FİİLLER,A1,UNITE5
2911,tadı damağında kalmak,"оставлять приятное послевкусие, запоминаться (о вкусе)",FİİLLER,A1,UNITE5
2261,tasarlamak,"проектировать, создавать дизайн",FİİLLER,A1,UNITE5
649,toplamak,"собирать, подбирать",FİİLLER,A1,UNITE5
2912,uğur getirmek,приносить удачу,FİİLLER,A1,UNITE5
2913,üflemek,дуть,FİİLLER,A1,UNITE5
650,vedalaşmak,прощаться,FİİLLER,A1,UNITE5
651,yakmak,"жечь, зажигать",FİİLLER,A1,UNITE5
652,yaşlanmak,стареть,FİİLLER,A1,UNITE5
653,yenmek,"побеждать, съедать",FİİLLER,A1,UNITE5
2914,yer ayırtmak,бронировать место,FİİLLER,A1,UNITE5
654,yıkamak,мыть,FİİLLER,A1,UNITE5
2915,zaman geçirmek,проводить время,FİİLLER,A1,UNITE5
655,ziyaret etmek,"навещать, посещать",FİİLLER,A1,UNITE5
2916,ağrı kesici,обезболивающее,İSİMLER,A1,UNITE6
2917,akciğer,лёгкое,İSİMLER,A1,UNITE6
656,akıllı,умный,İSİMLER,A1,UNITE6
657,akraba,родственник,İSİMLER,A1,UNITE6
658,alan,"область, площадь",İSİMLER,A1,UNITE6
2918,alın,лоб,İSİMLER,A1,UNITE6
201,alt,"низ, нижний",İSİMLER,A1,UNITE6
659,arka,"зад, спина",İSİMLER,A1,UNITE6
660,aşağı,"низ, вниз",İSİMLER,A1,UNITE6
2919,ateş düşürücü,жаропонижающее,İSİMLER,A1,UNITE6
2287,belirti,симптом,İSİMLER,A1,UNITE6
509,boyun,шея,İSİMLER,A1,UNITE6
510,burun,нос,İSİMLER,A1,UNITE6
661,cadde,"проспект, улица",İSİMLER,A1,UNITE6
214,cesur,смелый,İSİMLER,A1,UNITE6
215,ciddi,серьёзный,İSİMLER,A1,UNITE6
555,cimri,скупой,İSİMLER,A1,UNITE6
923,cömert,щедрый,İSİMLER,A1,UNITE6
662,çene,подбородок,İSİMLER,A1,UNITE6
663,çevre,окружающая среда,İSİMLER,A1,UNITE6
664,çiftçi,фермер,İSİMLER,A1,UNITE6
223,dergi,журнал,İSİMLER,A1,UNITE6
665,dış,"внешний, наружный",İSİMLER,A1,UNITE6
2920,eksik,недостающий,İSİMLER,A1,UNITE6
666,emekli,пенсионер,İSİMLER,A1,UNITE6
667,enişte,"зять, деверь, шурин",İSİMLER,A1,UNITE6
361,ev hanımı,домохозяйка,İSİMLER,A1,UNITE6
668,göl,озеро,İSİMLER,A1,UNITE6
669,grip,грипп,İSİMLER,A1,UNITE6
670,güler yüzlü,"улыбчивый, приветливый",İSİMLER,A1,UNITE6
1260,gürültü,шум,İSİMLER,A1,UNITE6
671,halsiz,"вялый, слабый",İSİMLER,A1,UNITE6
2117,heykel,статуя,İSİMLER,A1,UNITE6
2921,iç,внутренний,İSİMLER,A1,UNITE6
1186,iskele,"пристань, пирс",İSİMLER,A1,UNITE6
2922,karın,живот,İSİMLER,A1,UNITE6
674,karşı,"против, напротив",İSİMLER,A1,UNITE6
2923,kaş,бровь,İSİMLER,A1,UNITE6
1188,kırık,"сломанный, перелом",İSİMLER,A1,UNITE6
88,kız,девушка,İSİMLER,A1,UNITE6
266,kibar,вежливый,İSİMLER,A1,UNITE6
2924,klarnet,кларнет,İSİMLER,A1,UNITE6
675,köprü,мост,İSİMLER,A1,UNITE6
676,köşe,угол,İSİMLER,A1,UNITE6
677,kulak,ухо,İSİMLER,A1,UNITE6
678,kuzen,"двоюродный брат, кузен",İSİMLER,A1,UNITE6
98,kütüphane,библиотека,İSİMLER,A1,UNITE6
679,lezzetli,вкусный,İSİMLER,A1,UNITE6
277,mahalle,квартал,İSİMLER,A1,UNITE6
680,manzara,"вид, пейзаж",İSİMLER,A1,UNITE6
681,marka,"марка, бренд",İSİMLER,A1,UNITE6
2925,mericmek çorbası,чечевичный суп,İSİMLER,A1,UNITE6
683,meydan,площадь,İSİMLER,A1,UNITE6
1782,mümkün,возможный,İSİMLER,A1,UNITE6
684,nehir,река,İSİMLER,A1,UNITE6
804,neşeli,"весёлый, радостный",İSİMLER,A1,UNITE6
1052,oğul,сын,İSİMLER,A1,UNITE6
525,omuz,плечо,İSİMLER,A1,UNITE6
685,orta,"середина, средний",İSİMLER,A1,UNITE6
2926,otantik,аутентичный,İSİMLER,A1,UNITE6
686,ön,"перед, передний",İSİMLER,A1,UNITE6
687,parmak,палец,İSİMLER,A1,UNITE6
688,patlıcan,баклажан,İSİMLER,A1,UNITE6
689,plan,план,İSİMLER,A1,UNITE6
690,rapor,отчёт,İSİMLER,A1,UNITE6
691,reçete,рецепт,İSİMLER,A1,UNITE6
692,renk,цвет,İSİMLER,A1,UNITE6
693,sağ,"правый, правый",İSİMLER,A1,UNITE6
300,sakin,спокойный,İSİMLER,A1,UNITE6
694,salıncak,качели,İSİMLER,A1,UNITE6
1130,sebze,овощ,İSİMLER,A1,UNITE6
308,sinirli,"сердитый, нервный",İSİMLER,A1,UNITE6
2927,soğuk algınlığı,простуда,İSİMLER,A1,UNITE6
695,sol,"левый, левый",İSİMLER,A1,UNITE6
149,sözlük,словарь,İSİMLER,A1,UNITE6
696,şeker,"сахар, конфета",İSİMLER,A1,UNITE6
697,şikâyet,жалоба,İSİMLER,A1,UNITE6
2928,şurup,сироп,İSİMLER,A1,UNITE6
698,tahmin,предположение,İSİMLER,A1,UNITE6
2929,tarihî,исторический,İSİMLER,A1,UNITE6
700,ten,кожа,İSİMLER,A1,UNITE6
701,terzi,портной,İSİMLER,A1,UNITE6
323,üst,верх,İSİMLER,A1,UNITE6
702,vücut,тело,İSİMLER,A1,UNITE6
2930,yaklaşık,примерно,İSİMLER,A1,UNITE6
2931,yanak,щека,İSİMLER,A1,UNITE6
534,yaramaz,"озорной, непослушный",İSİMLER,A1,UNITE6
703,yenge,"жена брата, невестка",İSİMLER,A1,UNITE6
704,yukarı,"верх, вверх",İSİMLER,A1,UNITE6
2932,yüksek lisans,"магистратура, магистерская степень",İSİMLER,A1,UNITE6
2933,yüz,лицо,İSİMLER,A1,UNITE6
705,ağrımak,болеть (испытывать боль),FİİLLER,A1,UNITE6
706,anlaşmak,"договариваться, сходиться во мнениях",FİİLLER,A1,UNITE6
428,bayılmak,"терять сознание, обожать",FİİLLER,A1,UNITE6
707,beğenmek,"нравиться, одобрять",FİİLLER,A1,UNITE6
708,danışmak,"спрашивать совета, консультироваться",FİİLLER,A1,UNITE6
709,değiştirmek,"менять, изменять",FİİLLER,A1,UNITE6
175,görüşmek,"встречаться, видеться, беседовать",FİİLLER,A1,UNITE6
539,hissetmek,чувствовать,FİİLLER,A1,UNITE6
2934,iğne olmak,"делать укол, прививаться",FİİLLER,A1,UNITE6
1323,ilgilenmek,"интересоваться, заниматься (кем-л./чем-л.)",FİİLLER,A1,UNITE6
2935,inanmak,верить,FİİLLER,A1,UNITE6
711,kaşınmak,чесаться (испытывать зуд),FİİLLER,A1,UNITE6
642,katılmak,"принимать участие, присоединяться",FİİLLER,A1,UNITE6
712,kızarmak,"краснеть, зарумяниваться",FİİLLER,A1,UNITE6
2936,midesi bulanmak,тошнить,FİİLLER,A1,UNITE6
713,sallanmak,"качаться, болтаться",FİİLLER,A1,UNITE6
2937,tahlil yaptırmak,сдавать анализы,FİİLLER,A1,UNITE6
480,tanımak,знать (быть знакомым),FİİLLER,A1,UNITE6
714,tansiyon ölçtürmek,измерять давление,FİİLLER,A1,UNITE6
715,tartılmak,взвешиваться,FİİLLER,A1,UNITE6
716,tedavi olmak,"лечиться, проходить лечение",FİİLLER,A1,UNITE6
717,öksürmek,кашлять,FİİLLER,A1,UNITE6
2938,vakit geçirmek,проводить время,FİİLLER,A1,UNITE6
719,ada,остров,İSİMLER,A2,UNITE1
656,akıllı,"умный, разумный",İSİMLER,A2,UNITE1
720,altın,золото,İSİMLER,A2,UNITE1
721,ana yemek,основное блюдо,İSİMLER,A2,UNITE1
722,apartman,многоквартирный дом,İSİMLER,A2,UNITE1
723,aptal,глупый,İSİMLER,A2,UNITE1
724,âşık,влюблённый,İSİMLER,A2,UNITE1
725,aşk,любовь,İSİMLER,A2,UNITE1
726,avuç,"ладонь, горсть",İSİMLER,A2,UNITE1
727,baklava,пахлава,İSİMLER,A2,UNITE1
728,beyaz,белый,İSİMLER,A2,UNITE1
729,bez,"ткань, пелёнка",İSİMLER,A2,UNITE1
25,büyük,большой,İSİMLER,A2,UNITE1
731,biber,перец,İSİMLER,A2,UNITE1
732,bol,"обильный, просторный",İSİMLER,A2,UNITE1
733,börek,"бёрек, пирог",İSİMLER,A2,UNITE1
734,bulut,облако,İSİMLER,A2,UNITE1
351,büfe,буфет,İSİMLER,A2,UNITE1
661,cadde,"проспект, улица",İSİMLER,A2,UNITE1
735,çikolata,шоколад,İSİMLER,A2,UNITE1
736,çim,"газон, трава",İSİMLER,A2,UNITE1
737,çizgi,линия,İSİMLER,A2,UNITE1
738,çöp,мусор,İSİMLER,A2,UNITE1
739,dalgalı,волнистый,İSİMLER,A2,UNITE1
740,damar,"жила, сосуд",İSİMLER,A2,UNITE1
741,demet,"пучок, букет",İSİMLER,A2,UNITE1
742,dengesiz,"неуравновешенный, нестабильный",İSİMLER,A2,UNITE1
743,dilim,"ломтик, кусок",İSİMLER,A2,UNITE1
744,dosdoğru,"прямой, напрямик",İSİMLER,A2,UNITE1
745,dürüst,честный,İSİMLER,A2,UNITE1
746,düşünceli,"задумчивый, внимательный",İSİMLER,A2,UNITE1
232,düzenli,"аккуратный, упорядоченный",İSİMLER,A2,UNITE1
747,ecza dolabı,"аптечка, шкафчик для лекарств",İSİMLER,A2,UNITE1
748,ela,"светло-карий, янтарный",İSİMLER,A2,UNITE1
749,emir,"приказ, команда",İSİMLER,A2,UNITE1
750,enerjik,энергичный,İSİMLER,A2,UNITE1
751,esprili,остроумный,İSİMLER,A2,UNITE1
752,et,мясо,İSİMLER,A2,UNITE1
753,faydalı,полезный,İSİMLER,A2,UNITE1
754,gece,ночь,İSİMLER,A2,UNITE1
755,gerekli,необходимый,İSİMLER,A2,UNITE1
756,gökyüzü,небо,İSİMLER,A2,UNITE1
757,gözlük,очки,İSİMLER,A2,UNITE1
2939,güleryüzlü,"улыбчивый, приветливый",İSİMLER,A2,UNITE1
758,güvenilir,надёжный,İSİMLER,A2,UNITE1
759,harika,"замечательный, великолепный",İSİMLER,A2,UNITE1
760,hayvan,животное,İSİMLER,A2,UNITE1
761,huzurlu,"спокойный, умиротворённый",İSİMLER,A2,UNITE1
762,ihtiyaç,потребность,İSİMLER,A2,UNITE1
763,ilaç,лекарство,İSİMLER,A2,UNITE1
764,inatçı,упрямый,İSİMLER,A2,UNITE1
765,istek,"желание, запрос",İSİMLER,A2,UNITE1
766,kadayıf,"кадаиф, вермишелевидное тесто",İSİMLER,A2,UNITE1
767,kadeh,"бокал, рюмка",İSİMLER,A2,UNITE1
768,kap,"ёмкость, сосуд",İSİMLER,A2,UNITE1
769,kapıcı,"швейцар, консьерж",İSİMLER,A2,UNITE1
770,karabiber,чёрный перец,İSİMLER,A2,UNITE1
771,karınca,муравей,İSİMLER,A2,UNITE1
772,karizmatik,харизматичный,İSİMLER,A2,UNITE1
773,karpuz,арбуз,İSİMLER,A2,UNITE1
774,kâse,"чаша, пиала",İSİMLER,A2,UNITE1
775,kekik,чабрец,İSİMLER,A2,UNITE1
776,kemer,"ремень, пояс",İSİMLER,A2,UNITE1
777,kenar,"край, сторона",İSİMLER,A2,UNITE1
778,kısım,часть,İSİMLER,A2,UNITE1
779,kıyma,фарш,İSİMLER,A2,UNITE1
780,kızıl,"рыжий, алый",İSİMLER,A2,UNITE1
781,kilogram,килограмм,İSİMLER,A2,UNITE1
782,klinik,клиника,İSİMLER,A2,UNITE1
783,konu,"тема, предмет",İSİMLER,A2,UNITE1
784,korkak,трусливый,İSİMLER,A2,UNITE1
785,köfte,"котлета, фрикаделька",İSİMLER,A2,UNITE1
786,kurabiye,печенье,İSİMLER,A2,UNITE1
787,kuşbaşı,кубики мяса,İSİMLER,A2,UNITE1
788,kutsal,"святой, священный",İSİMLER,A2,UNITE1
789,küp,куб,İSİMLER,A2,UNITE1
790,lahmacun,лахмаджун,İSİMLER,A2,UNITE1
791,levha,"табличка, пластина",İSİMLER,A2,UNITE1
679,lezzetli,вкусный,İSİMLER,A2,UNITE1
792,lokum,рахат-лукум,İSİMLER,A2,UNITE1
793,makarna,макароны,İSİMLER,A2,UNITE1
794,malzeme,"материал, ингредиент",İSİMLER,A2,UNITE1
795,maydanoz,петрушка,İSİMLER,A2,UNITE1
796,menü,меню,İSİMLER,A2,UNITE1
797,meraklı,"любопытный, интересующийся",İSİMLER,A2,UNITE1
798,meslek,профессия,İSİMLER,A2,UNITE1
799,mesut,счастливый,İSİMLER,A2,UNITE1
800,miktar,количество,İSİMLER,A2,UNITE1
801,mutlaka,"обязательно, непременно",İSİMLER,A2,UNITE1
394,müşteri,"клиент, покупатель",İSİMLER,A2,UNITE1
802,müze,музей,İSİMLER,A2,UNITE1
803,naz,"каприз, нежность",İSİMLER,A2,UNITE1
804,neşeli,"весёлый, радостный",İSİMLER,A2,UNITE1
805,otopark,автостоянка,İSİMLER,A2,UNITE1
806,öneri,предложение,İSİMLER,A2,UNITE1
688,patlıcan,баклажан,İSİMLER,A2,UNITE1
807,perde,"занавеска, штора",İSİMLER,A2,UNITE1
808,peynir,сыр,İSİMLER,A2,UNITE1
809,pizza,пицца,İSİMLER,A2,UNITE1
810,porsiyon,порция,İSİMLER,A2,UNITE1
811,profil,профиль,İSİMLER,A2,UNITE1
812,prospektüs,"инструкция (к лекарству), проспект",İSİMLER,A2,UNITE1
813,rüya,"сон, мечта",İSİMLER,A2,UNITE1
814,rüzgâr,ветер,İSİMLER,A2,UNITE1
815,sabır,терпение,İSİMLER,A2,UNITE1
816,sakal,борода,İSİMLER,A2,UNITE1
817,salata,салат,İSİMLER,A2,UNITE1
818,salyangoz,улитка,İSİMLER,A2,UNITE1
819,saman,солома,İSİMLER,A2,UNITE1
820,saygı,уважение,İSİMLER,A2,UNITE1
821,sevgi,любовь,İSİMLER,A2,UNITE1
822,sevimli,"милый, симпатичный",İSİMLER,A2,UNITE1
2940,sivi,жидкий,İSİMLER,A2,UNITE1
824,sifon,"сифон, бачок",İSİMLER,A2,UNITE1
825,sigara,сигарета,İSİMLER,A2,UNITE1
826,sipariş,заказ,İSİMLER,A2,UNITE1
406,site,"жилой комплекс, сайт",İSİMLER,A2,UNITE1
827,soğan,лук,İSİMLER,A2,UNITE1
828,soğuk,холодный,İSİMLER,A2,UNITE1
829,sosyal paylaşım,социальная сеть,İSİMLER,A2,UNITE1
830,su,вода,İSİMLER,A2,UNITE1
831,şarap,вино,İSİMLER,A2,UNITE1
696,şeker,"сахар, конфета",İSİMLER,A2,UNITE1
832,şirin,"милый, симпатичный",İSİMLER,A2,UNITE1
833,şiş,"вертел, шампур",İSİMLER,A2,UNITE1
834,tane,"штука, зерно",İSİMLER,A2,UNITE1
835,tarif,"рецепт, описание",İSİMLER,A2,UNITE1
836,tatlı,"сладкий, десерт",İSİMLER,A2,UNITE1
837,tava,сковорода,İSİMLER,A2,UNITE1
838,tavsiye,"рекомендация, совет",İSİMLER,A2,UNITE1
839,tecrübe,опыт,İSİMLER,A2,UNITE1
840,tek,"один, единственный",İSİMLER,A2,UNITE1
700,ten,кожа,İSİMLER,A2,UNITE1
841,tramvay,трамвай,İSİMLER,A2,UNITE1
842,tuvalet,туалет,İSİMLER,A2,UNITE1
843,tuz,соль,İSİMLER,A2,UNITE1
844,uyarı,предупреждение,İSİMLER,A2,UNITE1
845,veteriner,ветеринар,İSİMLER,A2,UNITE1
846,yağ,"масло, жир",İSİMLER,A2,UNITE1
847,yağmur,дождь,İSİMLER,A2,UNITE1
848,yarar,"польза, выгода",İSİMLER,A2,UNITE1
849,yarışma,соревнование,İSİMLER,A2,UNITE1
850,yaşam,жизнь,İSİMLER,A2,UNITE1
851,yeterince,достаточно,İSİMLER,A2,UNITE1
852,yorgan,одеяло,İSİMLER,A2,UNITE1
853,yumurta,яйцо,İSİMLER,A2,UNITE1
2941,yüksek zarar,высокий ущерб,İSİMLER,A2,UNITE1
856,acele etmek,"торопиться, спешить",FİİLLER,A2,UNITE1
857,anlatmak,"рассказывать, объяснять",FİİLLER,A2,UNITE1
858,bağlamak,"связывать, привязывать",FİİLLER,A2,UNITE1
859,basmak,"нажимать, давить, печатать",FİİLLER,A2,UNITE1
707,beğenmek,"нравиться, одобрять",FİİLLER,A2,UNITE1
429,beslenmek,"питаться, кормиться",FİİLLER,A2,UNITE1
860,bıkmak,"уставать (от чего-л.), надоедать",FİİLLER,A2,UNITE1
2942,bölmek,"делить, разделять",FİİLLER,A2,UNITE1
861,çağırmak,"звать, вызывать",FİİLLER,A2,UNITE1
862,çekmek,"тянуть, снимать (деньги), фотографировать",FİİLLER,A2,UNITE1
863,çırpmak,"взбивать, мешать (яйца)",FİİLLER,A2,UNITE1
864,dizmek,"расставлять в ряд, нанизывать",FİİLLER,A2,UNITE1
865,doğramak,"резать, крошить",FİİLLER,A2,UNITE1
866,doldurmak,"наполнять, заполнять",FİİLLER,A2,UNITE1
867,dökmek,"лить, выливать",FİİLLER,A2,UNITE1
868,duymak,слышать,FİİLLER,A2,UNITE1
869,düşünmek,"думать, размышлять",FİİLLER,A2,UNITE1
870,düzenlemek,"организовывать, упорядочивать",FİİLLER,A2,UNITE1
871,eklemek,"добавлять, присоединять",FİİLLER,A2,UNITE1
872,geç kalmak,опаздывать,FİİLLER,A2,UNITE1
2943,getirmek,"приносить, приводить",FİİLLER,A2,UNITE1
540,göndermek,"отправлять, посылать",FİİLLER,A2,UNITE1
873,hapşırmak,чихать,FİİLLER,A2,UNITE1
874,haşlamak,"ошпаривать, бланшировать",FİİLLER,A2,UNITE1
875,hatırlamak,вспоминать,FİİLLER,A2,UNITE1
876,ısmarlamak,"заказывать (еду, напитки)",FİİLLER,A2,UNITE1
877,ihmal etmek,"пренебрегать, не уделять внимание",FİİLLER,A2,UNITE1
878,ilave etmek,"добавлять, прибавлять",FİİLLER,A2,UNITE1
879,ilerlemek,"продвигаться вперед, прогрессировать",FİİLLER,A2,UNITE1
880,isyan etmek,"протестовать, возмущаться",FİİLLER,A2,UNITE1
881,işaretlemek,"отмечать, помечать",FİİLLER,A2,UNITE1
902,itmek,толкать,FİİLLER,A2,UNITE1
2944,karıştırmak,"мешать, вмешиваться",FİİLLER,A2,UNITE1
882,kavga etmek,"ссориться, драться",FİİLLER,A2,UNITE1
883,kaynatmak,кипятить,FİİLLER,A2,UNITE1
2945,kesmek,"резать, отрезать",FİİLLER,A2,UNITE1
884,kızartmak,жарить (во фритюре),FİİLLER,A2,UNITE1
885,kızmak,"злиться, сердиться",FİİLLER,A2,UNITE1
886,kopmak,"обрываться, отрываться",FİİLLER,A2,UNITE1
462,koymak,"класть, ставить",FİİLLER,A2,UNITE1
903,merak etmek,"интересоваться, любопытствовать",FİİLLER,A2,UNITE1
904,numaralandırmak,нумеровать,FİİLLER,A2,UNITE1
887,oluşturmak,"создавать, образовывать",FİİLLER,A2,UNITE1
888,önermek,"предлагать, рекомендовать",FİİLLER,A2,UNITE1
889,özen göstermek,"проявлять заботу, стараться",FİİLLER,A2,UNITE1
890,park etmek,парковать(ся),FİİLLER,A2,UNITE1
471,pişirmek,"готовить (еду), варить",FİİLLER,A2,UNITE1
891,rendelemek,тереть на терке,FİİLLER,A2,UNITE1
892,saklamak,"хранить, прятать",FİİLLER,A2,UNITE1
893,sıralamak,"расставлять по порядку, выстраивать",FİİLLER,A2,UNITE1
905,silmek,"вытирать, стирать (надпись)",FİİLLER,A2,UNITE1
2946,sipariş vermek,"заказывать (в ресторане, магазине)",FİİLLER,A2,UNITE1
895,süzmek,"процеживать, фильтровать",FİİLLER,A2,UNITE1
896,tamamlamak,"завершать, завершить",FİİLLER,A2,UNITE1
897,tarif etmek,"описывать, объяснять рецепт",FİİLLER,A2,UNITE1
898,tükenmek,"заканчиваться, иссякать",FİİLLER,A2,UNITE1
1578,tüketmek,"потреблять, использовать",FİİLLER,A2,UNITE1
899,usanmak,"надоедать, уставать (от чего-л.)",FİİLLER,A2,UNITE1
900,uzatmak,"продлевать, протягивать",FİİLLER,A2,UNITE1
901,yağmak,"идти (о дожде, снеге)",FİİLLER,A2,UNITE1
906,yalan söylemek,"лгать, говорить неправду",FİİLLER,A2,UNITE1
907,yerleştirmek,"размещать, устанавливать",FİİLLER,A2,UNITE1
2947,zaman ayırmak,выделять время,FİİLLER,A2,UNITE1
655,ziyaret etmek,"навещать, посещать",FİİLLER,A2,UNITE1
178,Afiyet olsun.,Приятного аппетита.,KALIP İFADELER,A2,UNITE1
908,Çok yaşayın.,"Да здравствуйте, живите долго.",KALIP İFADELER,A2,UNITE1
909,Elinize sağlık.,"Здоровья вашим рукам, спасибо за труды, отличная работа.",KALIP İFADELER,A2,UNITE1
910,Hayırlı olsun.,"С лёгким, добрым паром, пусть принесёт счастье, добро пожаловать.",KALIP İFADELER,A2,UNITE1
911,Kolay gelsin.,"Бывай(те), удачи, лёгкой работы.",KALIP İFADELER,A2,UNITE1
2948,aksiyon,"экшен, боевик",İSİMLER,A2,UNITE2
1152,animasyon,"анимация, мультфильм",İSİMLER,A2,UNITE2
915,as,туз,İSİMLER,A2,UNITE2
2504,başrol,главная роль,İSİMLER,A2,UNITE2
1156,belgesel,документальный фильм,İSİMLER,A2,UNITE2
918,beslenme,питание,İSİMLER,A2,UNITE2
728,beyaz,белый,İSİMLER,A2,UNITE2
919,bilgin,"учёный, эрудит",İSİMLER,A2,UNITE2
920,bolca,"обильно, в изобилии",İSİMLER,A2,UNITE2
921,bordo,бордовый,İSİMLER,A2,UNITE2
922,buluş,изобретение,İSİMLER,A2,UNITE2
923,cömert,щедрый,İSİMLER,A2,UNITE2
2949,çavdar,рожь,İSİMLER,A2,UNITE2
2950,çiğ,сырой,İSİMLER,A2,UNITE2
924,çizgi film,мультфильм,İSİMLER,A2,UNITE2
925,demokrasi,демократия,İSİMLER,A2,UNITE2
926,deney,"эксперимент, опыт",İSİMLER,A2,UNITE2
927,derbi,"дерби, принципиальный матч",İSİMLER,A2,UNITE2
2951,dram,драма,İSİMLER,A2,UNITE2
930,egzersiz,упражнение,İSİMLER,A2,UNITE2
357,ekonomi,"экономия, хозяйство",İSİMLER,A2,UNITE2
666,emekli,пенсионер,İSİMLER,A2,UNITE2
932,esnek,гибкий,İSİMLER,A2,UNITE2
50,fare,мышь,İSİMLER,A2,UNITE2
933,fırsatçı,оппортунист,İSİMLER,A2,UNITE2
934,gazetecilik,журналистика,İSİMLER,A2,UNITE2
754,gece,ночь,İSİMLER,A2,UNITE2
2952,gerilim,"напряжение, триллер",İSİMLER,A2,UNITE2
247,gündüz,день,İSİMLER,A2,UNITE2
935,hayalci,"мечтатель, фантазёр",İSİMLER,A2,UNITE2
936,hırsız,вор,İSİMLER,A2,UNITE2
937,hizmetçi,служанка,İSİMLER,A2,UNITE2
938,hükümdar,правитель,İSİMLER,A2,UNITE2
940,idareci,"администратор, управляющий",İSİMLER,A2,UNITE2
762,ihtiyaç,потребность,İSİMLER,A2,UNITE2
941,iletişim,"общение, связь",İSİMLER,A2,UNITE2
942,ilginç,интересный,İSİMLER,A2,UNITE2
943,ilk,первый,İSİMLER,A2,UNITE2
945,kahkaha,"смех, хохот",İSİMLER,A2,UNITE2
946,kahraman,герой,İSİMLER,A2,UNITE2
947,kalsiyum,кальций,İSİMLER,A2,UNITE2
1035,kampanya,"кампания, акция",İSİMLER,A2,UNITE2
948,kanat,крыло,İSİMLER,A2,UNITE2
949,kaplumbağa,черепаха,İSİMLER,A2,UNITE2
950,kemik,кость,İSİMLER,A2,UNITE2
2953,kepek,перхоть,İSİMLER,A2,UNITE2
264,kırmızı,красный,İSİMLER,A2,UNITE2
951,kolesterol,холестерин,İSİMLER,A2,UNITE2
952,komutan,командир,İSİMLER,A2,UNITE2
953,konforlu,"удобный, комфортный",İSİMLER,A2,UNITE2
954,kongre,"конгресс, съезд",İSİMLER,A2,UNITE2
955,koyun,овца,İSİMLER,A2,UNITE2
956,kristal,кристалл,İSİMLER,A2,UNITE2
957,kurnaz,"хитрый, изворотливый",İSİMLER,A2,UNITE2
958,kuruyemiş,орехи (сушёные),İSİMLER,A2,UNITE2
588,kültür,культура,İSİMLER,A2,UNITE2
959,lacivert,"тёмно-синий, синий",İSİMLER,A2,UNITE2
963,magazin,"журнал, светская хроника",İSİMLER,A2,UNITE2
103,mağaza,магазин,İSİMLER,A2,UNITE2
2954,meşhur,"известный, знаменитый",İSİMLER,A2,UNITE2
107,meşgul,занятый,İSİMLER,A2,UNITE2
964,metre,метр,İSİMLER,A2,UNITE2
1666,mineral,минерал,İSİMLER,A2,UNITE2
965,mizaç,"характер, нрав",İSİMLER,A2,UNITE2
966,mucit,изобретатель,İSİMLER,A2,UNITE2
967,muhteşem,"великолепный, потрясающий",İSİMLER,A2,UNITE2
968,müdür,"директор, заведующий",İSİMLER,A2,UNITE2
971,okyanus,океан,İSİMLER,A2,UNITE2
972,ödül,"награда, премия",İSİMLER,A2,UNITE2
2955,pano,"доска, стенд",İSİMLER,A2,UNITE2
973,politika,политика,İSİMLER,A2,UNITE2
810,porsiyon,порция,İSİMLER,A2,UNITE2
974,protein,белок,İSİMLER,A2,UNITE2
975,puan,"балл, очко",İSİMLER,A2,UNITE2
976,radyo dalgası,радиоволна,İSİMLER,A2,UNITE2
691,reçete,рецепт (медицинский),İSİMLER,A2,UNITE2
977,romancı,"романист, писатель",İSİMLER,A2,UNITE2
1203,romantik,"романтичный, романтический",İSİMLER,A2,UNITE2
981,satış,продажа,İSİMLER,A2,UNITE2
982,sene,год,İSİMLER,A2,UNITE2
983,sıradan,"обычный, заурядный",İSİMLER,A2,UNITE2
984,sinyal,сигнал,İSİMLER,A2,UNITE2
985,siyah,чёрный,İSİMLER,A2,UNITE2
987,takım,команда,İSİMLER,A2,UNITE2
988,takma,"искусственный, накладной",İSİMLER,A2,UNITE2
989,tavan,потолок,İSİMLER,A2,UNITE2
990,tavşan,кролик,İSİMLER,A2,UNITE2
991,teleskop,телескоп,İSİMLER,A2,UNITE2
620,toplantı,"собрание, встреча",İSİMLER,A2,UNITE2
412,tür,"вид, тип",İSİMLER,A2,UNITE2
2956,ünvan,"звание, титул",İSİMLER,A2,UNITE2
994,usta,"мастер, умелец",İSİMLER,A2,UNITE2
995,vasıta,"средство, транспорт",İSİMLER,A2,UNITE2
996,yazar,писатель,İSİMLER,A2,UNITE2
997,yolculuk,путешествие,İSİMLER,A2,UNITE2
1083,yöresel,"местный, региональный",İSİMLER,A2,UNITE2
1718,zencefil,имбирь,İSİMLER,A2,UNITE2
2435,adım atmak,"делать шаг, ступать",FİİLLER,A2,UNITE2
998,affetmek,прощать,FİİLLER,A2,UNITE2
2957,atanmak,быть назначенным,FİİLLER,A2,UNITE2
999,bastırmak,"подавлять, прижимать",FİİLLER,A2,UNITE2
2958,başvurmak,"обращаться (с заявлением), подавать заявку",FİİLLER,A2,UNITE2
636,doğmak,рождаться,FİİLLER,A2,UNITE2
2959,düşürmek,"ронять, сбивать",FİİLLER,A2,UNITE2
2960,gönüllü olmak,"быть добровольцем, вызваться",FİİLLER,A2,UNITE2
879,ilerlemek,"продвигаться вперед, прогрессировать",FİİLLER,A2,UNITE2
1001,incelemek,"изучать, исследовать",FİİLLER,A2,UNITE2
642,katılmak,"принимать участие, присоединяться",FİİLLER,A2,UNITE2
1002,kazanmak,"выигрывать, зарабатывать",FİİLLER,A2,UNITE2
1003,keşfetmek,"открывать, обнаруживать",FİİLLER,A2,UNITE2
1004,mezun olmak,оканчивать (учебное заведение),FİİLLER,A2,UNITE2
1578,tüketmek,"потреблять, использовать",FİİLLER,A2,UNITE2
2961,ünlü olmak,становиться знаменитым,FİİLLER,A2,UNITE2
2962,vazgeçmek,"отказываться (от чего-л.), бросать (привычку)",FİİLLER,A2,UNITE2
2963,yerleşmek,"поселяться, устраиваться",FİİLLER,A2,UNITE2
1005,yayımlamak,"публиковать, выпускать",FİİLLER,A2,UNITE2
1006,ahşap,"деревянный, древесина",İSİMLER,A2,UNITE3
1007,aniden,"вдруг, внезапно",İSİMLER,A2,UNITE3
1008,asker,солдат,İSİMLER,A2,UNITE3
1009,Avrupa,Европа,İSİMLER,A2,UNITE3
1010,baharatlı,"острый, пряный",İSİMLER,A2,UNITE3
1011,bal,мёд,İSİMLER,A2,UNITE3
1012,bambu,бамбук,İSİMLER,A2,UNITE3
1013,başbakan,премьер-министр,İSİMLER,A2,UNITE3
1014,belediye,"муниципалитет, городское управление",İSİMLER,A2,UNITE3
1015,bölge,"регион, область",İSİMLER,A2,UNITE3
1016,bülbül,соловей,İSİMLER,A2,UNITE3
1017,çadır,палатка,İSİMLER,A2,UNITE3
1018,çekirdek,"сердцевина, семечко",İSİMLER,A2,UNITE3
663,çevre,окружающая среда,İSİMLER,A2,UNITE3
664,çiftçi,фермер,İSİMLER,A2,UNITE3
1019,dağ,гора,İSİMLER,A2,UNITE3
1020,dışkı,"фекалии, экскременты",İSİMLER,A2,UNITE3
356,dizi,"сериал, ряд",İSİMLER,A2,UNITE3
40,doğum günü,день рождения,İSİMLER,A2,UNITE3
1021,döner,дёнер-кебаб,İSİMLER,A2,UNITE3
745,dürüst,честный,İSİMLER,A2,UNITE3
1022,eldiven,перчатка,İSİMLER,A2,UNITE3
360,eş,"супруг, супруга",İSİMLER,A2,UNITE3
1023,etkinlik,"мероприятие, активность",İSİMLER,A2,UNITE3
1024,ev planı,план дома,İSİMLER,A2,UNITE3
1025,fal,"гадание, предсказание",İSİMLER,A2,UNITE3
753,faydalı,полезный,İSİMLER,A2,UNITE3
1026,ferah,"свежий, просторный",İSİMLER,A2,UNITE3
1027,festival,фестиваль,İSİMLER,A2,UNITE3
1028,gelenek,традиция,İSİMLER,A2,UNITE3
370,gösteri,"шоу, представление",İSİMLER,A2,UNITE3
1029,güneşli,солнечный,İSİMLER,A2,UNITE3
759,harika,"замечательный, великолепный",İSİMLER,A2,UNITE3
250,hastane,больница,İSİMLER,A2,UNITE3
372,hava,"воздух, погода",İSİMLER,A2,UNITE3
65,hayal,"мечта, фантазия",İSİMLER,A2,UNITE3
375,hediye,подарок,İSİMLER,A2,UNITE3
2964,ilık,тёплый,İSİMLER,A2,UNITE3
1031,icat,изобретение,İSİMLER,A2,UNITE3
764,inatçı,упрямый,İSİMLER,A2,UNITE3
1032,izleyici,зритель,İSİMLER,A2,UNITE3
1033,jimnastik,гимнастика,İSİMLER,A2,UNITE3
1034,kaban,"пальто, куртка",İSİMLER,A2,UNITE3
1035,kampanya,"кампания, акция",İSİMLER,A2,UNITE3
1036,kar,снег,İSİMLER,A2,UNITE3
1037,katedral,собор,İSİMLER,A2,UNITE3
1038,kazak,"свитер, джемпер",İSİMLER,A2,UNITE3
1039,kıyı,"берег, побережье",İSİMLER,A2,UNITE3
1040,kıymet,"ценность, важность",İSİMLER,A2,UNITE3
1041,klozet,унитаз,İSİMLER,A2,UNITE3
1042,mahalli,местный,İSİMLER,A2,UNITE3
1043,makyaj,макияж,İSİMLER,A2,UNITE3
1044,merasim,церемония,İSİMLER,A2,UNITE3
1045,mercimek,чечевица,İSİMLER,A2,UNITE3
1046,mesai,рабочее время,İSİMLER,A2,UNITE3
1047,metrekare,квадратный метр,İSİMLER,A2,UNITE3
1048,mısır,кукуруза,İSİMLER,A2,UNITE3
1049,mimar,архитектор,İSİMLER,A2,UNITE3
1050,mobilya,мебель,İSİMLER,A2,UNITE3
684,nehir,река,İSİMLER,A2,UNITE3
1051,nemli,влажный,İSİMLER,A2,UNITE3
1052,oğul,сын,İSİMLER,A2,UNITE3
971,okyanus,океан,İSİMLER,A2,UNITE3
1053,ödeme,"платёж, оплата",İSİMLER,A2,UNITE3
1054,padişah,"султан, падишах",İSİMLER,A2,UNITE3
1055,pamuk,хлопок,İSİMLER,A2,UNITE3
1056,piramit,пирамида,İSİMLER,A2,UNITE3
1057,plaj,пляж,İSİMLER,A2,UNITE3
1058,robot,робот,İSİMLER,A2,UNITE3
1059,romatizma,ревматизм,İSİMLER,A2,UNITE3
1060,sağanak,ливень,İSİMLER,A2,UNITE3
980,sahil,"побережье, берег",İSİMLER,A2,UNITE3
816,sakal,борода,İSİMLER,A2,UNITE3
1061,satılık,"продающийся, в продаже",İSİMLER,A2,UNITE3
820,saygı,уважение,İSİMLER,A2,UNITE3
1062,seçim,выборы,İSİMLER,A2,UNITE3
304,semt,район,İSİMLER,A2,UNITE3
1063,serin,прохладный,İSİMLER,A2,UNITE3
1064,sınav,экзамен,İSİMLER,A2,UNITE3
1065,sirk,цирк,İSİMLER,A2,UNITE3
1066,sisli,туманный,İSİMLER,A2,UNITE3
1067,soslu,с соусом,İSİMLER,A2,UNITE3
309,sosyal,"социальный, общественный",İSİMLER,A2,UNITE3
1068,sörf,сёрфинг,İSİMLER,A2,UNITE3
1069,stant,"стенд, палатка",İSİMLER,A2,UNITE3
1070,şelale,водопад,İSİMLER,A2,UNITE3
1071,tapınak,храм,İSİMLER,A2,UNITE3
1072,tarla,поле,İSİMLER,A2,UNITE3
1073,taş,камень,İSİMLER,A2,UNITE3
1074,torun,"внук, внучка",İSİMLER,A2,UNITE3
411,tur,"тур, экскурсия",İSİMLER,A2,UNITE3
1075,tuş,клавиша,İSİMLER,A2,UNITE3
1076,vaat,обещание,İSİMLER,A2,UNITE3
622,vakit,время,İSİMLER,A2,UNITE3
1077,valiz,чемодан,İSİMLER,A2,UNITE3
1078,vize,виза,İSİMLER,A2,UNITE3
1079,yağmurluk,"дождевик, плащ",İSİMLER,A2,UNITE3
1080,yanardağ,вулкан,İSİMLER,A2,UNITE3
1081,yoğunluk,"плотность, интенсивность",İSİMLER,A2,UNITE3
1082,yosun,"водоросли, мох",İSİMLER,A2,UNITE3
1083,yöresel,"местный, региональный",İSİMLER,A2,UNITE3
421,yurt,"общежитие, родина",İSİMLER,A2,UNITE3
706,anlaşmak,"договариваться, сходиться во мнениях",FİİLLER,A2,UNITE3
1084,artmak,"увеличиваться, возрастать",FİİLLER,A2,UNITE3
1085,azalmak,"уменьшаться, сокращаться",FİİLLER,A2,UNITE3
1086,balık tutmak,ловить рыбу,FİİLLER,A2,UNITE3
1087,boyamak,"красить, рисовать",FİİLLER,A2,UNITE3
861,çağırmak,"звать, вызывать",FİİLLER,A2,UNITE3
1088,çalıştırmak,"запускать, управлять (машиной)",FİİLLER,A2,UNITE3
1089,çizmek,"рисовать, чертить",FİİLLER,A2,UNITE3
1090,dalmak,"нырять, погружаться",FİİLLER,A2,UNITE3
709,değiştirmek,"менять, изменять",FİİLLER,A2,UNITE3
870,düzenlemek,"организовывать, упорядочивать",FİİLLER,A2,UNITE3
1091,geçirmek,"проводить (время), переносить (болезнь)",FİİLLER,A2,UNITE3
445,geçmek,"проходить, проезжать, сдавать (экзамен)",FİİLLER,A2,UNITE3
1092,gerçekleştirmek,"осуществлять, выполнять",FİİLLER,A2,UNITE3
446,gezmek,"путешествовать, гулять",FİİLLER,A2,UNITE3
175,görüşmek,"встречаться, видеться, беседовать",FİİLLER,A2,UNITE3
1093,güneşlenmek,загорать,FİİLLER,A2,UNITE3
1094,ikna etmek,убеждать,FİİLLER,A2,UNITE3
1095,iptal olmak,отменяться,FİİLLER,A2,UNITE3
1096,kaçmak,"убегать, избегать",FİİLLER,A2,UNITE3
1097,karar vermek,решать (принимать решение),FİİLLER,A2,UNITE3
1098,kartopu oynamak,играть в снежки,FİİLLER,A2,UNITE3
642,katılmak,"принимать участие, присоединяться",FİİLLER,A2,UNITE3
1099,kayak yapmak,кататься на лыжах,FİİLLER,A2,UNITE3
1100,kürek çekmek,грести,FİİLLER,A2,UNITE3
1101,tahmin etmek,"предполагать, угадывать",FİİLLER,A2,UNITE3
1102,takmak,"надевать, прикреплять",FİİLLER,A2,UNITE3
2965,traş olmak,бриться,FİİLLER,A2,UNITE3
898,tükenmek,"заканчиваться, иссякать",FİİLLER,A2,UNITE3
1104,ambulans,скорая помощь,İSİMLER,A2,UNITE4
1105,asansör,лифт,İSİMLER,A2,UNITE4
1106,bilmece,загадка,İSİMLER,A2,UNITE4
1107,cankurtaran,"спасатель, спасательный круг",İSİMLER,A2,UNITE4
1108,cin,джинн,İSİMLER,A2,UNITE4
1109,deve,верблюд,İSİMLER,A2,UNITE4
1110,diyar,"край, страна",İSİMLER,A2,UNITE4
1111,efsane,легенда,İSİMLER,A2,UNITE4
1112,evliya,святой,İSİMLER,A2,UNITE4
237,fakir,бедный,İSİMLER,A2,UNITE4
2966,fikra,анекдот,İSİMLER,A2,UNITE4
1114,fırtına,"шторм, буря",İSİMLER,A2,UNITE4
1115,hayran,"поклонник, фанат",İSİMLER,A2,UNITE4
1116,inşaat,строительство,İSİMLER,A2,UNITE4
382,işçi,рабочий,İSİMLER,A2,UNITE4
1117,itfaiyeci,пожарный,İSİMLER,A2,UNITE4
1118,kasaba,"городок, местечко",İSİMLER,A2,UNITE4
262,kasiyer,кассир,İSİMLER,A2,UNITE4
1119,kaval,свирель,İSİMLER,A2,UNITE4
1120,kıtlık,"голод, нехватка",İSİMLER,A2,UNITE4
1121,konfeksiyon,"швейное производство, готовая одежда",İSİMLER,A2,UNITE4
1122,köçek,мальчик-танцор,İSİMLER,A2,UNITE4
1123,macera,приключение,İSİMLER,A2,UNITE4
106,merdiven,лестница,İSİMLER,A2,UNITE4
1124,metrobüs,метробус,İSİMLER,A2,UNITE4
1049,mimar,архитектор,İSİMLER,A2,UNITE4
394,müşteri,"клиент, покупатель",İSİMLER,A2,UNITE4
1125,nişanlı,"жених, невеста (помолвленный/ая)",İSİMLER,A2,UNITE4
1126,ölümsüz,бессмертный,İSİMLER,A2,UNITE4
1127,ölümsüzlük,бессмертие,İSİMLER,A2,UNITE4
1054,padişah,"султан, падишах",İSİMLER,A2,UNITE4
1128,pansiyon,"пансион, гостиница",İSİMLER,A2,UNITE4
1129,santral görevlisi,оператор центральной станции,İSİMLER,A2,UNITE4
1130,sebze,овощ,İSİMLER,A2,UNITE4
1131,sedefkâr,"перламутр, мастер по перламутру",İSİMLER,A2,UNITE4
1132,sihirli,волшебный,İSİMLER,A2,UNITE4
1133,sürü,стадо,İSİMLER,A2,UNITE4
1072,tarla,поле,İSİMLER,A2,UNITE4
1134,tas,"чаша, сосуд",İSİMLER,A2,UNITE4
318,tembel,ленивый,İSİMLER,A2,UNITE4
1135,tepe,"холм, вершина",İSİMLER,A2,UNITE4
319,tezgâhtar,продавец,İSİMLER,A2,UNITE4
1136,uslu,послушный,İSİMLER,A2,UNITE4
1137,vestiyer,гардероб,İSİMLER,A2,UNITE4
845,veteriner,ветеринар,İSİMLER,A2,UNITE4
534,yaramaz,"озорной, непослушный",İSİMLER,A2,UNITE4
1138,yem,"корм, приманка",İSİMLER,A2,UNITE4
1139,yönetmen,режиссёр,İSİMLER,A2,UNITE4
1140,alay etmek,"насмехаться, издеваться",FİİLLER,A2,UNITE4
1141,anırmak,реветь (об осле),FİİLLER,A2,UNITE4
1142,boğulmak,"тонуть, задыхаться",FİİLLER,A2,UNITE4
1143,bozulmak,"ломаться, портиться",FİİLLER,A2,UNITE4
1144,fethetmek,"завоевывать, покорять",FİİLLER,A2,UNITE4
1145,fışkırmak,"бить ключом, фонтанировать",FİİLLER,A2,UNITE4
1146,incitmek,"ранить, обижать",FİİLLER,A2,UNITE4
1147,oda tutmak,снимать номер (в отеле),FİİLLER,A2,UNITE4
1148,şaşırmak,"удивляться, изумляться",FİİLLER,A2,UNITE4
1149,şımartmak,баловать,FİİLLER,A2,UNITE4
1150,yetiştirmek,"выращивать, успевать (куда-л.)",FİİLLER,A2,UNITE4
1151,afiş,"афиша, плакат",İSİMLER,A2,UNITE5
658,alan,"площадь, область",İSİMLER,A2,UNITE5
913,alışkanlık,привычка,İSİMLER,A2,UNITE5
1152,animasyon,"анимация, мультфильм",İSİMLER,A2,UNITE5
1153,aşçı,повар,İSİMLER,A2,UNITE5
1154,atmosfer,атмосфера,İSİMLER,A2,UNITE5
1155,banka kartı,банковская карта,İSİMLER,A2,UNITE5
1156,belgesel,документальный фильм,İSİMLER,A2,UNITE5
731,biber,перец,İSİMLER,A2,UNITE5
2678,bilimkurgu,научная фантастика,İSİMLER,A2,UNITE5
1158,bilimsel gerçek,научный факт,İSİMLER,A2,UNITE5
1159,bulmaca,"головоломка, кроссворд",İSİMLER,A2,UNITE5
734,bulut,облако,İSİMLER,A2,UNITE5
1160,cisim,"тело, объект",İSİMLER,A2,UNITE5
2950,çiğ,сырой,İSİMLER,A2,UNITE5
1162,çöpçü,мусорщик,İSİMLER,A2,UNITE5
1163,damlacık,капелька,İSİMLER,A2,UNITE5
1164,dedikodu,сплетня,İSİMLER,A2,UNITE5
1165,delikanlı,"молодой человек, парень",İSİMLER,A2,UNITE5
429,beslenmek,питаться,İSİMLER,A2,UNITE5
1166,deprem,землетрясение,İSİMLER,A2,UNITE5
1167,dikey,вертикальный,İSİMLER,A2,UNITE5
1168,doğa,природа,İSİMLER,A2,UNITE5
1169,doğa olayı,природное явление,İSİMLER,A2,UNITE5
227,dolu,град,İSİMLER,A2,UNITE5
1170,dünya,"мир, земля",İSİMLER,A2,UNITE5
1171,elektrik enerjisi,электрическая энергия,İSİMLER,A2,UNITE5
1172,etraf,"окрестности, окружение",İSİMLER,A2,UNITE5
1173,fay,"разлом, геологический разрыв",İSİMLER,A2,UNITE5
239,fırın,печь,İSİMLER,A2,UNITE5
1174,form,"форма, бланк",İSİMLER,A2,UNITE5
1175,genişlik,ширина,İSİMLER,A2,UNITE5
1176,gişe memuru,"кассир (в кино, театре)",İSİMLER,A2,UNITE5
1177,gökkuşağı,радуга,İSİMLER,A2,UNITE5
756,gökyüzü,небо,İSİMLER,A2,UNITE5
668,göl,озеро,İSİMLER,A2,UNITE5
1178,güneş,солнце,İSİMLER,A2,UNITE5
1179,günlük,"дневник, ежедневник",İSİMLER,A2,UNITE5
1180,hobi,хобби,İSİMLER,A2,UNITE5
1181,hokkabaz,"фокусник, жонглёр",İSİMLER,A2,UNITE5
1182,hortum,"шланг, торнадо",İSİMLER,A2,UNITE5
2967,ilman,"мягкий (о климате), умеренный",İSİMLER,A2,UNITE5
1184,ihtimal,вероятность,İSİMLER,A2,UNITE5
1185,iklim,климат,İSİMLER,A2,UNITE5
1186,iskele,"пристань, пирс, эшафот",İSİMLER,A2,UNITE5
1187,karanlık,темнота,İSİMLER,A2,UNITE5
1188,kırık,"сломанный, перелом",İSİMLER,A2,UNITE5
267,kilo,килограмм,İSİMLER,A2,UNITE5
1189,klasik,"классический, классика",İSİMLER,A2,UNITE5
1190,koleksiyon,коллекция,İSİMLER,A2,UNITE5
1191,komedi,комедия,İSİMLER,A2,UNITE5
1192,korku,страх,İSİMLER,A2,UNITE5
1193,köşk,"особняк, беседка",İSİMLER,A2,UNITE5
1194,kum,песок,İSİMLER,A2,UNITE5
1195,kum fırtınası,песчаная буря,İSİMLER,A2,UNITE5
1196,kurak,засушливый,İSİMLER,A2,UNITE5
1197,kuraklık,засуха,İSİMLER,A2,UNITE5
278,manav,"зеленщик, овощной магазин",İSİMLER,A2,UNITE5
680,manzara,"вид, пейзаж",İSİMLER,A2,UNITE5
1198,meteorolojik,метеорологический,İSİMLER,A2,UNITE5
802,müze,музей,İSİMLER,A2,UNITE5
684,nehir,река,İSİMLER,A2,UNITE5
1199,nem,влажность,İSİMLER,A2,UNITE5
1200,öğle yemeği,обед,İSİMLER,A2,UNITE5
1201,özet,"резюме, краткое изложение",İSİMLER,A2,UNITE5
1202,polisiye,"детективный, полицейский (о жанре)",İSİMLER,A2,UNITE5
132,postacı,почтальон,İSİMLER,A2,UNITE5
1203,romantik,"романтичный, романтический",İSİMLER,A2,UNITE5
814,rüzgâr,ветер,İSİMLER,A2,UNITE5
1204,sel,наводнение,İSİMLER,A2,UNITE5
1063,serin,прохладный,İSİMLER,A2,UNITE5
1205,sihirbaz,"волшебник, фокусник",İSİMLER,A2,UNITE5
1206,sopa,"палка, дубинка",İSİMLER,A2,UNITE5
151,şarkıcı,"певец, певица",İSİMLER,A2,UNITE5
1207,tamirci,"ремонтник, механик",İSİMLER,A2,UNITE5
1208,teslim,"доставка, сдача",İSİMLER,A2,UNITE5
1209,toz,пыль,İSİMLER,A2,UNITE5
1210,toz fırtınası,пыльная буря,İSİMLER,A2,UNITE5
1211,tropik yağmur,тропический дождь,İSİMLER,A2,UNITE5
1212,tsunami,цунами,İSİMLER,A2,UNITE5
412,tür,"вид, тип",İSİMLER,A2,UNITE5
165,vazo,ваза,İSİMLER,A2,UNITE5
1213,volkanik patlama,вулканическое извержение,İSİMLER,A2,UNITE5
847,yağmur,дождь,İSİMLER,A2,UNITE5
1214,yatay,горизонтальный,İSİMLER,A2,UNITE5
1215,yatılı okul,школа-интернат,İSİMLER,A2,UNITE5
1216,yazlık kıyafet,летняя одежда,İSİMLER,A2,UNITE5
1217,yer çekimi,"сила тяжести, гравитация",İSİMLER,A2,UNITE5
1218,yer kabuğu,земная кора,İSİMLER,A2,UNITE5
1219,yıldırım,молния,İSİMLER,A2,UNITE5
1083,yöresel,"местный, региональный",İSİMLER,A2,UNITE5
1220,ziyaret,"визит, посещение",İSİMLER,A2,UNITE5
1221,batmak,"тонуть, садиться на мель",FİİLLER,A2,UNITE5
432,biriktirmek,"копить, собирать",FİİLLER,A2,UNITE5
1222,çarpmak,"ударять, сталкиваться",FİİLLER,A2,UNITE5
1223,dağıtmak,"раздавать, распределять",FİİLLER,A2,UNITE5
1224,dizilmek,"выстраиваться в ряд, быть выстроенным",FİİLLER,A2,UNITE5
1225,donmak,"замерзать, застывать",FİİLLER,A2,UNITE5
1226,fırçalamak,чистить (щеткой),FİİLLER,A2,UNITE5
1227,horlamak,храпеть,FİİLLER,A2,UNITE5
1228,imzalamak,подписывать(ся),FİİLLER,A2,UNITE5
1229,iyileşmek,"выздоравливать, поправляться",FİİLLER,A2,UNITE5
1230,karşılaşmak,"сталкиваться, встречаться (с кем-л.)",FİİLLER,A2,UNITE5
1231,kaynamak,"кипеть, закипать",FİİLLER,A2,UNITE5
1232,küsmek,"дуться, обижаться",FİİLLER,A2,UNITE5
1233,nişanlanmak,"помолвиться, обручиться",FİİLLER,A2,UNITE5
471,pişirmek,"готовить (еду), варить",FİİLLER,A2,UNITE5
713,sallanmak,"качаться, болтаться",FİİLLER,A2,UNITE5
1234,söndürmek,"тушить, гасить",FİİLLER,A2,UNITE5
1235,sürtünmek,тереться,FİİLLER,A2,UNITE5
1148,şaşırmak,"удивляться, изумляться",FİİLLER,A2,UNITE5
1236,tartmak,взвешивать,FİİLLER,A2,UNITE5
1237,taşımak,"нести, переносить",FİİLLER,A2,UNITE5
901,yağmak,"идти (о дожде, снеге)",FİİLLER,A2,UNITE5
1239,yapışmak,"прилипать, приклеиваться",FİİLLER,A2,UNITE5
1240,acele,"спешка, срочность",İSİMLER,A2,UNITE6
1241,açma,"булочка (типа круассана), открывание",İSİMLER,A2,UNITE6
1242,alkollü,алкогольный,İSİMLER,A2,UNITE6
1243,anlam,"значение, смысл",İSİMLER,A2,UNITE6
1244,ayaküstü,"на ходу, быстро",İSİMLER,A2,UNITE6
1245,ayran,айран,İSİMLER,A2,UNITE6
1246,bagaj,багаж,İSİMLER,A2,UNITE6
1247,bakıcı,"няня, сиделка",İSİMLER,A2,UNITE6
29,çamaşır,бельё,İSİMLER,A2,UNITE6
1250,çatal (yiyecek),вилка (в еде),İSİMLER,A2,UNITE6
1251,çıkış,"выход, вылет",İSİMLER,A2,UNITE6
1252,dekoratif,декоративный,İSİMLER,A2,UNITE6
1253,deneyim,"опыт, эксперимент",İSİMLER,A2,UNITE6
1254,desen,"узор, рисунок",İSİMLER,A2,UNITE6
1255,döviz,валюта,İSİMLER,A2,UNITE6
43,düğün,свадьба,İSİMLER,A2,UNITE6
1256,ehliyet,"водительские права, разрешение",İSİMLER,A2,UNITE6
1257,ekip,команда,İSİMLER,A2,UNITE6
1258,geleneksel,традиционный,İSİMLER,A2,UNITE6
1259,gözleme,гёзлеме (лепёшка),İSİMLER,A2,UNITE6
1260,gürültü,шум,İSİMLER,A2,UNITE6
1261,güverte,палуба,İSİMLER,A2,UNITE6
1262,han,"постоялый двор, ха",İSİMLER,A2,UNITE6
1263,hat,линия,İSİMLER,A2,UNITE6
374,hazır,"готовый, подготовленный",İSİMLER,A2,UNITE6
581,heyecan,"волнение, азарт",İSİMLER,A2,UNITE6
762,ihtiyaç,"потребность, нужда",İSİMLER,A2,UNITE6
1265,ilan,объявление,İSİMLER,A2,UNITE6
1266,inanç,вера,İSİMLER,A2,UNITE6
1267,izin,разрешение,İSİMLER,A2,UNITE6
1268,karar,решение,İSİMLER,A2,UNITE6
1269,katmer,катмер (слоёная лепёшка),İSİMLER,A2,UNITE6
1270,kestane,каштан,İSİMLER,A2,UNITE6
1271,kokoreç,кокореч (субпродукты),İSİMLER,A2,UNITE6
783,konu,"тема, предмет",İSİMLER,A2,UNITE6
785,köfte,"котлета, фрикаделька",İSİMLER,A2,UNITE6
1272,kumpir,кумпир (печёный картофель с начинкой),İSİMLER,A2,UNITE6
790,lahmacun,лахмаджун,İSİMLER,A2,UNITE6
1273,lazım,"нужный, необходимый",İSİMLER,A2,UNITE6
590,mart,март,İSİMLER,A2,UNITE6
801,mutlaka,"обязательно, непременно",İSİMLER,A2,UNITE6
1275,nakit,наличные деньги,İSİMLER,A2,UNITE6
1276,öncelik,приоритет,İSİMLER,A2,UNITE6
806,öneri,"предложение, совет",İSİMLER,A2,UNITE6
1277,pide,пита (лепёшка),İSİMLER,A2,UNITE6
1278,poğaça,погача (булочка),İSİMLER,A2,UNITE6
1279,rahat,"удобный, спокойный",İSİMLER,A2,UNITE6
1280,rakip,соперник,İSİMLER,A2,UNITE6
1281,refah,"благосостояние, благополучие",İSİMLER,A2,UNITE6
1282,sanatçı,"артист, художник",İSİMLER,A2,UNITE6
1283,sandal,лодка,İSİMLER,A2,UNITE6
1284,seyir,"просмотр, наблюдение",İSİMLER,A2,UNITE6
1285,sıkışık,"переполненный, тесный",İSİMLER,A2,UNITE6
1286,sınır,граница,İSİMLER,A2,UNITE6
1287,simit,симит (бублик),İSİMLER,A2,UNITE6
1288,siyasetçi,политик,İSİMLER,A2,UNITE6
1289,sözleşme,"контракт, соглашение",İSİMLER,A2,UNITE6
1290,süre,"срок, продолжительность",İSİMLER,A2,UNITE6
1291,şekerleme,конфета,İSİMLER,A2,UNITE6
1292,şiddet,"жестокость, интенсивность",İSİMLER,A2,UNITE6
528,şirket,компания,İSİMLER,A2,UNITE6
1293,tavla,нарды,İSİMLER,A2,UNITE6
838,tavsiye,"рекомендация, совет",İSİMLER,A2,UNITE6
839,tecrübe,опыт,İSİMLER,A2,UNITE6
409,terlik,тапочки,İSİMLER,A2,UNITE6
1294,tost,тост (сэндвич),İSİMLER,A2,UNITE6
1295,ud,уд (музыкальный инструмент),İSİMLER,A2,UNITE6
1296,ünlü,знаменитый,İSİMLER,A2,UNITE6
1297,vakıf,"фонд, учреждение",İSİMLER,A2,UNITE6
1298,vatandaş,гражданин,İSİMLER,A2,UNITE6
1299,vezne,касса,İSİMLER,A2,UNITE6
415,yalan,ложь,İSİMLER,A2,UNITE6
1300,yaygın,"распространённый, широкий",İSİMLER,A2,UNITE6
334,yoğun,"интенсивный, плотный",İSİMLER,A2,UNITE6
1301,ara vermek,"делать перерыв, прерываться",FİİLLER,A2,UNITE6
1221,batmak,"тонуть, садиться на мель",FİİLLER,A2,UNITE6
1302,bilgi vermek,"сообщать информацию, информировать",FİİLLER,A2,UNITE6
1303,bitirmek,заканчивать (что-л.),FİİLLER,A2,UNITE6
1304,borç vermek,одалживать деньги (в долг),FİİLLER,A2,UNITE6
1305,burs vermek,давать стипендию,FİİLLER,A2,UNITE6
1306,çekinmek,"стесняться, колебаться",FİİLLER,A2,UNITE6
1307,çözmek,"решать (задачу), развязывать",FİİLLER,A2,UNITE6
1308,dayanmak,"выдерживать, терпеть",FİİLLER,A2,UNITE6
1309,denemek,"пробовать, пытаться",FİİLLER,A2,UNITE6
1310,destek vermek,"поддерживать, оказывать поддержку",FİİLLER,A2,UNITE6
634,devam etmek,продолжать,FİİLLER,A2,UNITE6
1312,dikiş dikmek,шить,FİİLLER,A2,UNITE6
1313,dikkat etmek,"обращать внимание, быть внимательным",FİİLLER,A2,UNITE6
1314,doymak,"наедаться, насыщаться",FİİLLER,A2,UNITE6
1315,farkında olmak,"осознавать, отдавать себе отчет",FİİLLER,A2,UNITE6
638,gecikmek,"опаздывать, задерживаться",FİİLLER,A2,UNITE6
1316,gitar çalmak,играть на гитаре,FİİLLER,A2,UNITE6
1317,giyinmek,одеваться,FİİLLER,A2,UNITE6
1318,göz kırpmak,подмигивать,FİİLLER,A2,UNITE6
1319,güvenmek,доверять,FİİLLER,A2,UNITE6
1320,hoş görmek,"извинять, прощать",FİİLLER,A2,UNITE6
1321,hüküm vermek,выносить приговор,FİİLLER,A2,UNITE6
1322,ıslık çalmak,свистеть,FİİLLER,A2,UNITE6
1323,ilgilenmek,"интересоваться, заниматься (кем-л./чем-л.)",FİİLLER,A2,UNITE6
453,izlemek,"смотреть (ТВ, фильм)",FİİLLER,A2,UNITE6
1324,kaybolmak,"теряться, пропадать",FİİLLER,A2,UNITE6
1325,kaymak,"скользить, кататься (на коньках)",FİİLLER,A2,UNITE6
1326,kımıldamak,"шевелиться, двигаться",FİİLLER,A2,UNITE6
1327,közlemek,жарить на углях,FİİLLER,A2,UNITE6
1328,kredi almak,брать кредит,FİİLLER,A2,UNITE6
644,kutlamak,праздновать,FİİLLER,A2,UNITE6
1329,mola vermek,делать перерыв,FİİLLER,A2,UNITE6
1330,neden olmak,"быть причиной, вызывать",FİİLLER,A2,UNITE6
1331,para bozdurmak,разменивать деньги,FİİLLER,A2,UNITE6
1332,problem çıkarmak,создавать проблемы,FİİLLER,A2,UNITE6
1333,sığmak,"помещаться, влезать",FİİLLER,A2,UNITE6
1334,sıkıntı çekmek,"испытывать трудности, страдать",FİİLLER,A2,UNITE6
1335,soluklanmak,"переводить дух, отдыхать",FİİLLER,A2,UNITE6
1336,şişirmek,"надувать, раздувать",FİİLLER,A2,UNITE6
1337,takip etmek,"следовать за, отслеживать",FİİLLER,A2,UNITE6
900,uzatmak,"продлевать, протягивать",FİİLLER,A2,UNITE6
1338,ütülemek,гладить (белье),FİİLLER,A2,UNITE6
650,vedalaşmak,прощаться,FİİLLER,A2,UNITE6
1339,yatıştırmak,"успокаивать, усмирять",FİİLLER,A2,UNITE6
653,yenmek,"побеждать, съедать",FİİLLER,A2,UNITE6
1340,yetişmek,"успевать (куда-л.), догонять",FİİLLER,A2,UNITE6
1341,zannetmek,"думать, полагать",FİİLLER,A2,UNITE6
1342,abone,подписчик,İSİMLER,B1,UNITE1
1343,acil,"срочный, неотложный",İSİMLER,B1,UNITE1
1347,bedel,"плата, стоимость",İSİMLER,B1,UNITE1
349,borç,долг,İSİMLER,B1,UNITE1
1349,boru,труба,İSİMLER,B1,UNITE1
1352,civar,"окрестность, около",İSİMLER,B1,UNITE1
738,çöp,мусор,İSİMLER,B1,UNITE1
1253,deneyim,опыт,İSİMLER,B1,UNITE1
1355,depozito,"депозит, залог",İSİMLER,B1,UNITE1
2968,doğal gaz,природный газ,İSİMLER,B1,UNITE1
1357,döşeme,"обшивка, настил, пол",İSİMLER,B1,UNITE1
1358,durum,"состояние, ситуация",İSİMLER,B1,UNITE1
1360,emlak,недвижимость,İSİMLER,B1,UNITE1
1362,etki,"влияние, эффект",İSİMLER,B1,UNITE1
1363,fatura,счёт (к оплате),İSİMLER,B1,UNITE1
1368,halat,"канат, трос",İSİMLER,B1,UNITE1
1370,ısıtma,"отопление, обогрев",İSİMLER,B1,UNITE1
762,ihtiyaç,"потребность, нужда",İSİMLER,B1,UNITE1
1373,imdat,"помощь, спасание",İSİMLER,B1,UNITE1
1374,iş bölümü,разделение труда,İSİMLER,B1,UNITE1
1375,işlem,"операция, процесс",İSİMLER,B1,UNITE1
1376,jandarma,жандармерия,İSİMLER,B1,UNITE1
1377,kiralık,"арендуемый, сдаваемый",İSİMLER,B1,UNITE1
1378,kombi,котёл (отопительный),İSİMLER,B1,UNITE1
1379,konum,"местоположение, позиция",İSİMLER,B1,UNITE1
1383,masrafsız,"бесплатный, без затрат",İSİMLER,B1,UNITE1
1384,mevki,"положение, статус",İSİMLER,B1,UNITE1
1385,muhit,"окружение, среда",İSİMLER,B1,UNITE1
1386,müstakil,"отдельный, самостоятельный",İSİMLER,B1,UNITE1
1387,nezih,"опрятный, чистый",İSİMLER,B1,UNITE1
1053,ödeme,"платёж, оплата",İSİMLER,B1,UNITE1
602,ömür,"жизнь, век",İSİMLER,B1,UNITE1
1389,pazarlık,торг,İSİMLER,B1,UNITE1
1391,sahip,"владелец, хозяин",İSİMLER,B1,UNITE1
981,satış,продажа,İSİMLER,B1,UNITE1
1393,sızıntı,утечка,İSİMLER,B1,UNITE1
1394,sigorta,страхование,İSİMLER,B1,UNITE1
1395,şofben,водонагреватель,İSİMLER,B1,UNITE1
1396,tarife,"тариф, расписание",İSİMLER,B1,UNITE1
1399,tesisatçı,"сантехник, монтажник",İSİMLER,B1,UNITE1
1401,tüketim,потребление,İSİMLER,B1,UNITE1
1403,uyum,"гармония, совместимость",İSİMLER,B1,UNITE1
1405,vana,"кран, вентиль",İSİMLER,B1,UNITE1
1406,vergi,налог,İSİMLER,B1,UNITE1
1411,akıtmak,"проливать, течь (о жидкости)",FİİLLER,B1,UNITE1
1412,atıştırmak,перекусывать,FİİLLER,B1,UNITE1
1413,ayırmak,"отделять, выделять",FİİLLER,B1,UNITE1
633,benzemek,"быть похожим, походить",FİİLLER,B1,UNITE1
1414,boşaltmak,"опорожнять, опустошать",FİİLLER,B1,UNITE1
1143,bozulmak,"ломаться, портиться",FİİLLER,B1,UNITE1
1416,değerlendirmek,"оценивать, ценить",FİİLLER,B1,UNITE1
866,doldurmak,"наполнять, заполнять",FİİLLER,B1,UNITE1
1145,fışkırmak,"бить ключом, фонтанировать",FİİLLER,B1,UNITE1
1420,ısınmak,"нагреваться, согреваться",FİİLLER,B1,UNITE1
1421,ilerletmek,"продвигать, развивать",FİİLLER,B1,UNITE1
886,kopmak,"обрываться, отрываться",FİİLLER,B1,UNITE1
1422,kurtulmak,"избавляться, спасаться",FİİLLER,B1,UNITE1
1333,sığmak,"помещаться, влезать",FİİLLER,B1,UNITE1
1424,sıkışmak,"застревать, сжиматься",FİİLLER,B1,UNITE1
1425,sızdırmak,"протекать, пропускать",FİİLLER,B1,UNITE1
1234,söndürmek,"тушить, гасить",FİİLLER,B1,UNITE1
1427,telaşlanmak,"суетиться, волноваться",FİİLLER,B1,UNITE1
1430,tıkanmak,"засоряться, закупориваться",FİİLLER,B1,UNITE1
1433,yansıtmak,отражать,FİİLLER,B1,UNITE1
1435,yığmak,"нагромождать, складывать в кучу",FİİLLER,B1,UNITE1
1436,zenginleşmek,"богатеть, обогащаться",FİİLLER,B1,UNITE1
1440,amaç,цель,İSİMLER,B1,UNITE2
1441,ambalaj,упаковка,İSİMLER,B1,UNITE2
1444,asgari,минимальный,İSİMLER,B1,UNITE2
1447,ayrıntı,деталь,İSİMLER,B1,UNITE2
1448,azim,"решимость, упорство",İSİMLER,B1,UNITE2
1450,başarı,успех,İSİMLER,B1,UNITE2
1451,başlık,"заголовок, титул",İSİMLER,B1,UNITE2
1452,beklenti,ожидание,İSİMLER,B1,UNITE2
1453,benzerlik,сходство,İSİMLER,B1,UNITE2
1454,birey,"индивид, личность",İSİMLER,B1,UNITE2
1455,cazip,привлекательный,İSİMLER,B1,UNITE2
1456,çalışan,"работник, сотрудник",İSİMLER,B1,UNITE2
2969,çevirmenlik,переводческая деятельность,İSİMLER,B1,UNITE2
1457,danışman,консультант,İSİMLER,B1,UNITE2
1354,davranış,поведение,İSİMLER,B1,UNITE2
2970,data,данные,İSİMLER,B1,UNITE2
1458,değişiklik,изменение,İSİMLER,B1,UNITE2
1463,dikiş,"шитьё, шов",İSİMLER,B1,UNITE2
1465,dolgun,"полный, пышный",İSİMLER,B1,UNITE2
1466,dönüm noktası,поворотный пункт,İSİMLER,B1,UNITE2
1467,duruş,"поза, стойка",İSİMLER,B1,UNITE2
1468,düşük,низкий,İSİMLER,B1,UNITE2
1472,engel,препятствие,İSİMLER,B1,UNITE2
1473,engelli,"инвалид, человек с ограниченными возможностями",İSİMLER,B1,UNITE2
932,esnek,гибкий,İSİMLER,B1,UNITE2
1474,etkileyici,впечатляющий,İSİMLER,B1,UNITE2
1477,fırsat,"возможность, шанс",İSİMLER,B1,UNITE2
1478,firma,фирма,İSİMLER,B1,UNITE2
1480,fizyolojik,физиологический,İSİMLER,B1,UNITE2
1481,geçici,временный,İSİMLER,B1,UNITE2
1482,gıda,продукты питания,İSİMLER,B1,UNITE2
2971,girişim,"инициатива, предприятие",İSİMLER,B1,UNITE2
1483,girişimci,предприниматель,İSİMLER,B1,UNITE2
1484,görev,"должность, обязанность",İSİMLER,B1,UNITE2
1486,görünüş,внешний вид,İSİMLER,B1,UNITE2
1487,güç,"сила, мощь",İSİMLER,B1,UNITE2
1489,hizmet,услуга,İSİMLER,B1,UNITE2
1372,içerik,содержание,İSİMLER,B1,UNITE2
1491,ikramiye,премия,İSİMLER,B1,UNITE2
1495,kazanç,"доход, заработок",İSİMLER,B1,UNITE2
2972,konteyner,контейнер,İSİMLER,B1,UNITE2
1499,korkunç,ужасный,İSİMLER,B1,UNITE2
2973,korkutucu,пугающий,İSİMLER,B1,UNITE2
2974,koşul,условие,İSİMLER,B1,UNITE2
1123,macera,приключение,İSİMLER,B1,UNITE2
1503,memnuniyetsiz,неудовлетворённость,İSİMLER,B1,UNITE2
1046,mesai,"сверхурочная работа, рабочее время",İSİMLER,B1,UNITE2
1508,öğe,элемент,İSİMLER,B1,UNITE2
1388,özellik,"особенность, свойство",İSİMLER,B1,UNITE2
1511,özgü,"характерный, свойственный",İSİMLER,B1,UNITE2
1513,parlak,"яркий, блестящий",İSİMLER,B1,UNITE2
1514,performans,"производительность, результат",İSİMLER,B1,UNITE2
1516,püf noktası,"ключевой момент, секрет",İSİMLER,B1,UNITE2
1517,rastgele,случайный,İSİMLER,B1,UNITE2
1518,rastlantı,случайность,İSİMLER,B1,UNITE2
1519,risk,риск,İSİMLER,B1,UNITE2
2975,sağlık sigortası,медицинская страховка,İSİMLER,B1,UNITE2
981,satış,продажа,İSİMLER,B1,UNITE2
1521,saygın,"уважаемый, респектабельный",İSİMLER,B1,UNITE2
1522,sorumlu,ответственный,İSİMLER,B1,UNITE2
1524,şart,условие,İSİMLER,B1,UNITE2
2976,su kanalı,водный канал,İSİMLER,B1,UNITE2
1527,tanım,"определение, описание",İSİMLER,B1,UNITE2
1529,tarz,стиль,İSİMLER,B1,UNITE2
1530,tehlike,опасность,İSİMLER,B1,UNITE2
2977,toplayıcı,"сборщик, коллектор",İSİMLER,B1,UNITE2
1532,usul,"метод, способ",İSİMLER,B1,UNITE2
1533,ücra,отдалённый,İSİMLER,B1,UNITE2
2978,yapay zeka,искусственный интеллект,İSİMLER,B1,UNITE2
1536,yaradılış,"натура, характер",İSİMLER,B1,UNITE2
1537,yaşayış,образ жизни,İSİMLER,B1,UNITE2
2979,yazılımcı,программист,İSİMLER,B1,UNITE2
1539,yenilikçi,инновационный,İSİMLER,B1,UNITE2
1540,yetenek,способность,İSİMLER,B1,UNITE2
627,zafer,победа,İSİMLER,B1,UNITE2
1542,zahmetli,"трудоёмкий, хлопотный",İSİMLER,B1,UNITE2
628,zorluk,трудность,İSİMLER,B1,UNITE2
1545,aksamak,хромать,FİİLLER,B1,UNITE2
1547,aşmak,"преодолевать, превышать",FİİLLER,B1,UNITE2
1548,bahsetmek,"упоминать, рассказывать о",FİİLLER,B1,UNITE2
1549,belirlemek,"определять, устанавливать",FİİLLER,B1,UNITE2
1550,bocalamak,"колебаться, метаться",FİİLLER,B1,UNITE2
1551,cesaret etmek,"осмеливаться, решаться",FİİLLER,B1,UNITE2
1416,değerlendirmek,"оценивать, ценить",FİİLLER,B1,UNITE2
1555,eleştirmek,критиковать,FİİLLER,B1,UNITE2
1556,geliştirmek,"развивать, совершенствовать",FİİLLER,B1,UNITE2
1557,gerektirmek,"требовать, нуждаться",FİİLLER,B1,UNITE2
1559,gütmek,"пасти, гнать",FİİLLER,B1,UNITE2
1319,güvenmek,доверять,FİİLLER,B1,UNITE2
1560,ilgi çekmek,привлекать внимание,FİİLLER,B1,UNITE2
1561,imza atmak,подписывать(ся),FİİLLER,B1,UNITE2
1001,incelemek,"изучать, исследовать",FİİLLER,B1,UNITE2
1567,kurmak,"устанавливать, создавать",FİİLLER,B1,UNITE2
1568,kurtarmak,спасать,FİİLLER,B1,UNITE2
1569,motive etmek,"мотивировать, воодушевлять",FİİLLER,B1,UNITE2
1570,paylaşmak,делиться,FİİLLER,B1,UNITE2
1575,söz tutmak,слушаться (совета),FİİLLER,B1,UNITE2
2980,şans vermek,дать шанс,FİİLLER,B1,UNITE2
1576,şikayet etmek,жаловаться,FİİLLER,B1,UNITE2
1577,tanımlamak,"определять, характеризовать",FİİLLER,B1,UNITE2
1578,tüketmek,"потреблять, использовать",FİİLLER,B1,UNITE2
1579,ulaşmak,"достигать, добираться",FİİLLER,B1,UNITE2
1580,uzaklaşmak,"удаляться, отдаляться",FİİLLER,B1,UNITE2
1582,yaratmak,"создавать, творить",FİİLLER,B1,UNITE2
1583,yenilemek,"обновлять, возобновлять",FİİLLER,B1,UNITE2
2981,yetinmek,"довольствоваться, ограничиваться",FİİLLER,B1,UNITE2
1586,yönetmek,"управлять, руководить",FİİLLER,B1,UNITE2
2982,sıfırdan başlamak,начинать с нуля,KALIP İFADELER,B1,UNITE2
2983,sıfırdan var etmek,"создать, сотворить из ничего, с нуля",KALIP İFADELER,B1,UNITE2
2917,akciğer,лёгкое,İSİMLER,B1,UNITE3
2984,akupunktur,"иглоукалывание, акупунктура",İSİMLER,B1,UNITE3
2985,alerji,аллергия,İSİMLER,B1,UNITE3
2986,antibiyotik,антибиотик,İSİMLER,B1,UNITE3
2987,araştırma,исследование,İSİMLER,B1,UNITE3
2988,bağımlı,зависимый,İSİMLER,B1,UNITE3
2989,bağırsak,кишечник,İSİMLER,B1,UNITE3
2990,bağırsak solucanı,кишечный червь,İSİMLER,B1,UNITE3
2490,bakteri,бактерия,İSİMLER,B1,UNITE3
2991,belirli,определённый,İSİMLER,B1,UNITE3
2992,besin,питательное вещество,İSİMLER,B1,UNITE3
2993,beyin,мозг,İSİMLER,B1,UNITE3
2538,bilinç,сознание,İSİMLER,B1,UNITE3
1609,boyut,"размер, измерение",İSİMLER,B1,UNITE3
1610,böbrek,почка,İSİMLER,B1,UNITE3
2994,bulantı,тошнота,İSİMLER,B1,UNITE3
2995,bulaşıcı,заразный,İSİMLER,B1,UNITE3
2996,burun akıntısı,насморк,İSİMLER,B1,UNITE3
2997,can,"душа, жизнь",İSİMLER,B1,UNITE3
1614,çürük,"гнилой, кариес",İSİMLER,B1,UNITE3
1616,dalak,селезёнка,İSİMLER,B1,UNITE3
740,damar,"сосуд, вена",İSİMLER,B1,UNITE3
2998,dezenfektan,дезинфицирующее средство,İSİMLER,B1,UNITE3
2999,döküntü,сыпь,İSİMLER,B1,UNITE3
2683,dürtü,"побуждение, импульс",İSİMLER,B1,UNITE3
3000,eklem,сустав,İSİMLER,B1,UNITE3
1628,felç,паралич,İSİMLER,B1,UNITE3
3001,gerginlik,напряжение,İSİMLER,B1,UNITE3
1482,gıda,продукты питания,İSİMLER,B1,UNITE3
3002,havale (ateşli hastalık),"жар, лихорадка",İSİMLER,B1,UNITE3
3003,iç organ,внутренний орган,İSİMLER,B1,UNITE3
3004,iğne,игла,İSİMLER,B1,UNITE3
3005,iltihap,воспаление,İSİMLER,B1,UNITE3
3006,ishal,диарея,İSİMLER,B1,UNITE3
1492,iştah,аппетит,İSİMLER,B1,UNITE3
3007,kan akışı,кровоток,İSİMLER,B1,UNITE3
3008,kan dolaşımı,кровообращение,İSİMLER,B1,UNITE3
1645,karaciğer,печень,İSİMLER,B1,UNITE3
1647,karbonhidrat,углевод,İSİMLER,B1,UNITE3
3009,kas sistemi,мышечная система,İSİMLER,B1,UNITE3
3010,kaygı,"беспокойство, тревога",İSİMLER,B1,UNITE3
3011,kızamık,корь,İSİMLER,B1,UNITE3
3012,koltuk değneği,костыль,İSİMLER,B1,UNITE3
3013,kronik hastalık,хроническое заболевание,İSİMLER,B1,UNITE3
3014,kusma,рвота,İSİMLER,B1,UNITE3
3015,menenjit,менингит,İSİMLER,B1,UNITE3
1504,metabolizma,"метаболизм, обмен веществ",İSİMLER,B1,UNITE3
3016,mide,желудок,İSİMLER,B1,UNITE3
3017,migren,мигрень,İSİMLER,B1,UNITE3
3018,mikrop,микроб,İSİMLER,B1,UNITE3
3019,mikroskop,микроскоп,İSİMLER,B1,UNITE3
3020,nezle,простуда,İSİMLER,B1,UNITE3
1671,obezite,ожирение,İSİMLER,B1,UNITE3
3021,obsesif,"навязчивый, обсессивный",İSİMLER,B1,UNITE3
3022,otistik,аутичный,İSİMLER,B1,UNITE3
1676,öğün,приём пищи,İSİMLER,B1,UNITE3
3023,parazit,паразит,İSİMLER,B1,UNITE3
3024,pastörize,пастеризованный,İSİMLER,B1,UNITE3
3025,psikolojik,психологический,İSİMLER,B1,UNITE3
3026,rahatsızlık,"недомогание, дискомфорт",İSİMLER,B1,UNITE3
2057,ruhsal,"душевный, психический",İSİMLER,B1,UNITE3
3027,sakatlık,"инвалидность, увечье",İSİMLER,B1,UNITE3
3028,salgın,эпидемия,İSİMLER,B1,UNITE3
2344,saplantı,навязчивая идея,İSİMLER,B1,UNITE3
3029,semptom,симптом,İSİMLER,B1,UNITE3
2346,sır,"секрет, тайна",İSİMLER,B1,UNITE3
3030,simetrik,симметричный,İSİMLER,B1,UNITE3
2712,solunum,дыхание,İSİMLER,B1,UNITE3
3031,sürükleyici,"захватывающий, увлекательный",İSİMLER,B1,UNITE3
2541,şuur,сознание,İSİMLER,B1,UNITE3
1692,süreç,процесс,İSİMLER,B1,UNITE3
2353,takıntılı,одержимый,İSİMLER,B1,UNITE3
1840,toksin,токсин,İSİMLER,B1,UNITE3
3032,üniforma,униформа,İSİMLER,B1,UNITE3
1713,virüs,вирус,İSİMLER,B1,UNITE3
3033,yara,рана,İSİMLER,B1,UNITE3
850,yaşam,жизнь,İSİMLER,B1,UNITE3
3034,yoga,йога,İSİMLER,B1,UNITE3
3035,acımak,"болеть (испытывать боль - о части тела), жалеть",FİİLLER,B1,UNITE3
3036,akmak,"течь, литься",FİİLLER,B1,UNITE3
1548,bahsetmek,"упоминать, рассказывать о",FİİLLER,B1,UNITE3
429,beslenmek,"питаться, кормиться",FİİLLER,B1,UNITE3
432,biriktirmek,"копить, собирать",FİİLLER,B1,UNITE3
3037,bozmak,"ломать, портить",FİİLLER,B1,UNITE3
3038,bulaşmak,"пачкать, прилипать (о грязи)",FİİLLER,B1,UNITE3
1415,burkmak,"вывихнуть, растянуть",FİİLLER,B1,UNITE3
3039,çoğalmak,"увеличиваться, размножаться",FİİLLER,B1,UNITE3
441,dönmek,"возвращаться, поворачивать",FİİLLER,B1,UNITE3
1563,kaçınmak,избегать,FİİLLER,B1,UNITE3
712,kızarmak,"краснеть, зарумяниваться",FİİLLER,B1,UNITE3
1422,kurtulmak,"избавляться, спасаться",FİİLLER,B1,UNITE3
3040,kusmak,"рвать, блевать",FİİLLER,B1,UNITE3
3041,ölçmek,измерять,FİİLLER,B1,UNITE3
3042,şişmek,"раздуваться, опухать",FİİLLER,B1,UNITE3
3043,temas kurmak,устанавливать контакт,FİİLLER,B1,UNITE3
3044,terlemek,потеть,FİİLLER,B1,UNITE3
3045,titremek,"дрожать, трястись",FİİLLER,B1,UNITE3
1578,tüketmek,"потреблять, использовать",FİİLLER,B1,UNITE3
1580,uzaklaşmak,"удаляться, отдаляться",FİİLLER,B1,UNITE3
3046,yaralanmak,"получать травму, раниться",FİİLLER,B1,UNITE3
3047,yayılmak,"распространяться, расходиться",FİİLLER,B1,UNITE3
3048,hastalık hastası,"ипохондрик, мнимый больной",KALIP İFADELER,B1,UNITE3
1753,katkı maddesi,"пищевая, вкусовая добавка, добавка",KALIP İFADELER,B1,UNITE3
1737,şifayı kapmak,"подхватить болезнь, заболеть",KALIP İFADELER,B1,UNITE3
1757,yaşam koçu,"лайф-коуч, коуч по жизни, тренер по жизни",KALIP İFADELER,B1,UNITE3
3049,akıcı,"беглый, плавный",İSİMLER,B1,UNITE4
3050,akran,"ровесник, сверстник",İSİMLER,B1,UNITE4
3051,aksan,акцент,İSİMLER,B1,UNITE4
3052,alaylı,"самоучка, насмешливый",İSİMLER,B1,UNITE4
3053,alt yazı,субтитры,İSİMLER,B1,UNITE4
2987,araştırma,исследование,İSİMLER,B1,UNITE4
1443,arzu,"желание, стремление",İSİMLER,B1,UNITE4
3054,avantaj,преимущество,İSİMLER,B1,UNITE4
3055,ayaküstü yemek,еда на ходу,İSİMLER,B1,UNITE4
3056,bağlantı,"связь, соединение",İSİMLER,B1,UNITE4
1449,baskı,"давление, печать",İSİMLER,B1,UNITE4
3057,başlangıç,начало,İSİMLER,B1,UNITE4
3058,beceri alanları,области навыков,İSİMLER,B1,UNITE4
1014,belediye,"муниципалитет, городское управление",İSİMLER,B1,UNITE4
3059,berber,парикмахер,İSİMLER,B1,UNITE4
1606,biçim,"форма, вид",İSİMLER,B1,UNITE4
3060,bilgi,"информация, знание",İSİMLER,B1,UNITE4
2078,bilinçli,сознательный,İSİMLER,B1,UNITE4
1609,boyut,"размер, измерение",İSİMLER,B1,UNITE4
3061,camcılık,стекольное дело,İSİMLER,B1,UNITE4
3062,çare,"средство, лекарство",İSİMLER,B1,UNITE4
3063,çıraklık,ученичество,İSİMLER,B1,UNITE4
3064,çiftçilik,"земледелие, фермерство",İSİMLER,B1,UNITE4
737,çizgi,линия,İSİMLER,B1,UNITE4
3065,dama,шашки,İSİMLER,B1,UNITE4
1354,davranış,поведение,İSİMLER,B1,UNITE4
1768,denge,"баланс, равновесие",İSİMLER,B1,UNITE4
3066,destekçi,"сторонник, болельщик",İSİMLER,B1,UNITE4
3067,detay,деталь,İSİMLER,B1,UNITE4
3068,dezavantaj,недостаток,İSİMLER,B1,UNITE4
3069,disiplin,дисциплина,İSİMLER,B1,UNITE4
3070,diz,колено,İSİMLER,B1,UNITE4
1468,düşük,низкий,İSİMLER,B1,UNITE4
3071,emlakçılık,"риэлторство, деятельность по недвижимости",İSİMLER,B1,UNITE4
3072,esneklik,гибкость,İSİMLER,B1,UNITE4
1362,etki,"влияние, эффект",İSİMLER,B1,UNITE4
3073,eyalet,штат (административный),İSİMLER,B1,UNITE4
1028,gelenek,традиция,İSİMLER,B1,UNITE4
3074,gemicilik,"судоходство, мореплавание",İSİMLER,B1,UNITE4
3075,görsel malzeme,визуальные материалы,İSİMLER,B1,UNITE4
3076,grafik tasarım,графический дизайн,İSİMLER,B1,UNITE4
3077,gurur,гордость,İSİMLER,B1,UNITE4
2116,hafıza,память,İSİMLER,B1,UNITE4
3078,hakem,"судья, арбитр",İSİMLER,B1,UNITE4
578,hazırlık,подготовка,İSİMLER,B1,UNITE4
3079,içsel,"внутренний, внутренне присущий",İSİMLER,B1,UNITE4
1491,ikramiye,"премия, вознаграждение",İSİMLER,B1,UNITE4
941,iletişim,"общение, связь",İSİMLER,B1,UNITE4
3080,ilişki,"отношение, связь",İSİMLER,B1,UNITE4
3081,ilişkin,"относящийся, связанный",İSİMLER,B1,UNITE4
1775,işlev,функция,İSİMLER,B1,UNITE4
2228,ipucu,"ключ, подсказка",İSİMLER,B1,UNITE4
1776,jest,жест,İSİMLER,B1,UNITE4
3082,jüri,жюри,İSİMLER,B1,UNITE4
1643,kalite,качество,İSİMLER,B1,UNITE4
3083,kavram,понятие,İSİMLER,B1,UNITE4
2314,kaynak,"источник, ресурс",İSİMLER,B1,UNITE4
3084,kinestetik,кинестетический,İSİMLER,B1,UNITE4
3085,konsept,"концепция, понятие",İSİMLER,B1,UNITE4
1777,koordinasyon,координация,İSİMLER,B1,UNITE4
3086,kriter,критерий,İSİMLER,B1,UNITE4
586,kurum,"учреждение, институт",İSİMLER,B1,UNITE4
962,madde,"вещество, пункт",İSİMLER,B1,UNITE4
3087,makale,статья,İSİMLER,B1,UNITE4
3088,marangoz,плотник,İSİMLER,B1,UNITE4
1778,mekanizma,механизм,İSİMLER,B1,UNITE4
3089,mektepli,выпускник учебного заведения,İSİMLER,B1,UNITE4
3090,melodi,мелодия,İSİMLER,B1,UNITE4
3091,memleket,родина,İSİMLER,B1,UNITE4
1780,mimik,мимика,İSİMLER,B1,UNITE4
3092,muhasebecilik,бухгалтерское дело,İSİMLER,B1,UNITE4
3093,nesnel,объективный,İSİMLER,B1,UNITE4
3094,nitelik,"качество, свойство",İSİMLER,B1,UNITE4
3095,objektif,"объективный, беспристрастный",İSİMLER,B1,UNITE4
3096,öge,элемент,İSİMLER,B1,UNITE4
1784,ölçüt,критерий,İSİMLER,B1,UNITE4
602,ömür,"жизнь, век",İSİMLER,B1,UNITE4
3097,özgür,свободный,İSİMLER,B1,UNITE4
3098,proje,проект,İSİMLER,B1,UNITE4
3099,ritim,ритм,İSİMLER,B1,UNITE4
3100,ritmik,ритмичный,İSİMLER,B1,UNITE4
1974,sektör,отрасль,İSİMLER,B1,UNITE4
3101,sivilce,"прыщ, угорь",İSİMLER,B1,UNITE4
1787,siyaset,политика,İSİMLER,B1,UNITE4
3102,slayt,слайд,İSİMLER,B1,UNITE4
1789,soyut,абстрактный,İSİMLER,B1,UNITE4
3103,spor dalı,вид спорта,İSİMLER,B1,UNITE4
3104,suçlu,"виновный, преступник",İSİMLER,B1,UNITE4
3105,şekil,"форма, фигура",İSİMLER,B1,UNITE4
3106,şüpheli,подозреваемый,İSİMLER,B1,UNITE4
3107,tablet,"планшет, таблетка",İSİMLER,B1,UNITE4
3108,tasarruflu,экономный,İSİMLER,B1,UNITE4
3109,tören,церемония,İSİMLER,B1,UNITE4
1795,ustalık,мастерство,İSİMLER,B1,UNITE4
413,uygun,подходящий,İSİMLER,B1,UNITE4
1796,uyumlu,"гармоничный, совместимый",İSİMLER,B1,UNITE4
1797,uzay,"космос, пространство",İSİMLER,B1,UNITE4
3110,üretkan,продуктивный,İSİMLER,B1,UNITE4
3111,yapboz,пазл,İSİMLER,B1,UNITE4
3112,yaşıt,ровесник,İSİMLER,B1,UNITE4
3113,yatılı,"интернат, пансион",İSİMLER,B1,UNITE4
2563,yayın,"вещание, публикация",İSİMLER,B1,UNITE4
3114,yoksul,бедный,İSİMLER,B1,UNITE4
3115,yoksulluk,бедность,İSİMLER,B1,UNITE4
3116,yönetici,"руководитель, менеджер",İSİMLER,B1,UNITE4
3117,yöntem,метод,İSİMLER,B1,UNITE4
2932,yüksek lisans,"магистратура, магистерская степень",İSİMLER,B1,UNITE4
1805,zekâ,"интеллект, ум",İSİMLER,B1,UNITE4
1806,zihin,"ум, рассудок",İSİMLER,B1,UNITE4
3118,af çıkmak,объявлять амнистию,FİİLLER,B1,UNITE4
3119,aksatmak,"нарушать, сбивать (с ритма)",FİİLLER,B1,UNITE4
3120,analiz etmek,анализировать,FİİLLER,B1,UNITE4
3121,beste yapmak,сочинять музыку,FİİLLER,B1,UNITE4
3122,burs almak,получать стипендию,FİİLLER,B1,UNITE4
3123,çocuk büyütmek,растить детей,FİİLLER,B1,UNITE4
708,danışmak,"спрашивать совета, консультироваться",FİİLLER,B1,UNITE4
2415,desteklemek,поддерживать,FİİLLER,B1,UNITE4
3124,güçlendirmek,"усиливать, укреплять",FİİLLER,B1,UNITE4
3125,hafızaya kaydetmek,"запоминать, сохранять в памяти",FİİLLER,B1,UNITE4
3126,hedefe ulaşmak,достигать цели,FİİLLER,B1,UNITE4
3127,kaydetmek,"записывать, сохранять",FİİLLER,B1,UNITE4
1003,keşfetmek,"открывать, обнаруживать",FİİLLER,B1,UNITE4
3128,ödül vermek,"давать награду, вознаграждать",FİİLLER,B1,UNITE4
2416,özetlemek,"суммировать, резюмировать",FİİLLER,B1,UNITE4
3129,özgür düşünmek,"свободно мыслить, мыслить независимо",FİİLLER,B1,UNITE4
3130,ritim tutmak,отбивать ритм,FİİLLER,B1,UNITE4
1424,sıkışmak,"застревать, сжиматься",FİİLLER,B1,UNITE4
3131,sonuç vermek,"давать результат, приводить к результату",FİİLLER,B1,UNITE4
3132,uygulamak,"применять, осуществлять",FİİLLER,B1,UNITE4
1822,yorumlamak,"интерпретировать, истолковывать",FİİLLER,B1,UNITE4
1341,zannetmek,"думать, полагать",FİİLLER,B1,UNITE4
3133,zorlanmak,"испытывать трудности, затрудняться",FİİLLER,B1,UNITE4
3134,boşluğa düşmek,"провалиться в пустоту, попасть в вакуум",KALIP İFADELER,B1,UNITE4
3135,dil dökmek,"лить воду, говорить красноречиво, уговаривать",KALIP İFADELER,B1,UNITE4
3136,eşlik etmek,"сопровождать, аккомпанировать",KALIP İFADELER,B1,UNITE4
1811,hatır sormak,"справляться о здоровье, интересоваться делами",KALIP İFADELER,B1,UNITE4
3137,kulak tıkamak,"затыкать уши, не слушать",KALIP İFADELER,B1,UNITE4
3138,meydan okumak,"бросать вызов, вызывать",KALIP İFADELER,B1,UNITE4
3129,özgür düşünmek,"мыслить свободно, свободно думать",KALIP İFADELER,B1,UNITE4
3139,açlık,голод,İSİMLER,B1,UNITE5
3140,akademik,академический,İSİMLER,B1,UNITE5
3141,alışveriş sitesi,"сайт покупок, интернет-магазин",İSİMLER,B1,UNITE5
3142,asma kilit,висячий замок,İSİMLER,B1,UNITE5
3143,ayakkabı topuğu,каблук (обуви),İSİMLER,B1,UNITE5
3144,çeşme,фонтан,İSİMLER,B1,UNITE5
3145,çaput,тряпка,İSİMLER,B1,UNITE5
3146,dağınıklık,"беспорядок, неряшливость",İSİMLER,B1,UNITE5
1829,detoks,детокс,İSİMLER,B1,UNITE5
3147,dilek ağacı,дерево желаний,İSİMLER,B1,UNITE5
3148,ebeveyn,родитель,İSİMLER,B1,UNITE5
3149,eğitmen,"инструктор, тренер",İSİMLER,B1,UNITE5
1626,empati,"эмпатия, сопереживание",İSİMLER,B1,UNITE5
3150,eşarp,шарф,İSİMLER,B1,UNITE5
3151,hayır,"добро, благотворительность",İSİMLER,B1,UNITE5
3152,kargo,"груз, доставка",İSİMLER,B1,UNITE5
3153,keşke,"если бы, как жаль",İSİMLER,B1,UNITE5
1188,kırık,"сломанный, разбитый",İSİMLER,B1,UNITE5
3087,makale,статья,İSİMLER,B1,UNITE5
602,ömür,"жизнь, век",İSİMLER,B1,UNITE5
1681,pişmanlık,сожаление,İSİMLER,B1,UNITE5
3154,reklam,реклама,İSİMLER,B1,UNITE5
815,sabır,терпение,İSİMLER,B1,UNITE5
980,sahil,побережье,İSİMLER,B1,UNITE5
2666,sorumsuz,безответственный,İSİMLER,B1,UNITE5
3155,şer,"зло, вред",İSİMLER,B1,UNITE5
1837,tekne,лодка,İSİMLER,B1,UNITE5
1840,toksin,токсин,İSİMLER,B1,UNITE5
3156,umutsuz,безнадёжный,İSİMLER,B1,UNITE5
3157,ürün,"продукт, изделие",İSİMLER,B1,UNITE5
3158,yazlık,"летний, дачный",İSİMLER,B1,UNITE5
420,yorum,"комментарий, толкование",İSİMLER,B1,UNITE5
3159,araştırma yapmak,проводить исследование,FİİLLER,B1,UNITE5
861,çağırmak,"звать, вызывать",FİİLLER,B1,UNITE5
3160,dilek tutmak,загадывать желание,FİİLLER,B1,UNITE5
1917,dinmek,"стихать, утихать",FİİLLER,B1,UNITE5
3161,iade etmek,"возвращать (деньги, товар)",FİİLLER,B1,UNITE5
2137,katkı sağlamak,"вносить вклад, способствовать",FİİLLER,B1,UNITE5
3162,ödünç vermek,одалживать (что-л.),FİİLLER,B1,UNITE5
3163,öfkelendirmek,"злить, разозлить",FİİLLER,B1,UNITE5
2908,pişman olmak,"сожалеть, раскаиваться",FİİLLER,B1,UNITE5
3164,sona ermek,"заканчиваться, завершаться",FİİLLER,B1,UNITE5
3165,şikâyet etmek,жаловаться,FİİLLER,B1,UNITE5
3166,şişmanlamak,"толстеть, полнеть",FİİLLER,B1,UNITE5
3167,talep etmek,"требовать, запрашивать",FİİLLER,B1,UNITE5
1434,yardımcı olmak,"помогать, оказывать помощь",FİİLLER,B1,UNITE5
3168,çocuk kalmak,оставаться ребёнком,KALIP İFADELER,B1,UNITE4
3169,dünya turuna çıkmak,"отправиться в кругосветное путешествие, в кругосветку",KALIP İFADELER,B1,UNITE4
3170,iç çekmek,"вздыхать, тяжело вздыхать",KALIP İFADELER,B1,UNITE4
1852,iç hesaplaşma,"внутренний разбор полётов, самоанализ",KALIP İFADELER,B1,UNITE4
2273,kalbi küt küt atmak,"сердце колотится, стучит ""тук-тук""",KALIP İFADELER,B1,UNITE4
1854,konsantre olmak,"концентрироваться, сосредотачиваться",KALIP İFADELER,B1,UNITE4
3171,ömür boyu,"пожизненно, на всю жизнь, всю жизнь",KALIP İFADELER,B1,UNITE4
3172,son model,последняя модель,KALIP İFADELER,B1,UNITE4
1855,tadını çıkarmak,"наслаждаться вкусом, получать удовольствие",KALIP İFADELER,B1,UNITE4
3173,vicdan muhasebesi,"самоанализ совести, угрызения совести",KALIP İFADELER,B1,UNITE4
3174,yasal işlem başlatmak,"возбуждать, инициировать судебное дело, начинать судебный процесс",KALIP İFADELER,B1,UNITE4
3175,barış,мир,İSİMLER,B1,UNITE6
1825,beden dili,язык тела,İSİMLER,B1,UNITE6
2891,buket,букет,İSİMLER,B1,UNITE6
3176,canlılık,"жизнеспособность, живость",İSİMLER,B1,UNITE6
3177,dindarlık,"набожность, религиозность",İSİMLER,B1,UNITE6
567,dolunay,полнолуние,İSİMLER,B1,UNITE6
1023,etkinlik,"мероприятие, активность",İSİMLER,B1,UNITE6
1027,festival,фестиваль,İSİMLER,B1,UNITE6
3178,göçebe,кочевник,İSİMLER,B1,UNITE6
3179,göz teması,зрительный контакт,İSİMLER,B1,UNITE6
3180,hayat tarzı,образ жизни,İSİMLER,B1,UNITE6
1646,karanfil,"гвоздика (цветок), гвоздика (пряность)",İSİMLER,B1,UNITE6
3181,karmaşık,"сложный, запутанный",İSİMLER,B1,UNITE6
3182,karnaval,карнавал,İSİMLER,B1,UNITE6
3183,keçi,коза,İSİMLER,B1,UNITE6
3184,kolonya,одеколон,İSİMLER,B1,UNITE6
3185,krizantem,хризантема,İSİMLER,B1,UNITE6
3186,kumaş,ткань,İSİMLER,B1,UNITE6
3187,maske,маска,İSİMLER,B1,UNITE6
3188,masumiyet,невинность,İSİMLER,B1,UNITE6
3189,oğlak,"козерог, козлёнок",İSİMLER,B1,UNITE6
2171,onur,"честь, достоинство",İSİMLER,B1,UNITE6
3190,organik,органический,İSİMLER,B1,UNITE6
3191,ot,трава,İSİMLER,B1,UNITE6
3192,portakal çiçeği,цветок апельсина,İSİMLER,B1,UNITE6
3193,reklamcılık,рекламная деятельность,İSİMLER,B1,UNITE6
3194,rengarenk,"разноцветный, пёстрый",İSİMLER,B1,UNITE6
3195,sakinlik,спокойствие,İSİMLER,B1,UNITE6
3196,sosyal sınıf,социальный класс,İSİMLER,B1,UNITE6
1291,şekerleme,"кондитерские изделия, леденцы",İSİMLER,B1,UNITE6
3197,tarım,сельское хозяйство,İSİMLER,B1,UNITE6
3198,temsilci,представитель,İSİMLER,B1,UNITE6
3199,veba,чума,İSİMLER,B1,UNITE6
3200,yapma,"искусственный, сделанный",İSİMLER,B1,UNITE6
3201,yayla,плато,İSİMLER,B1,UNITE6
3202,yoruk,кочевник (в значении юрук),İSİMLER,B1,UNITE6
3203,yün,шерсть,İSİMLER,B1,UNITE6
3204,zafer işareti,знак победы (жест V),İSİMLER,B1,UNITE6
3205,dolmak,"наполняться, заливаться",FİİLLER,B1,UNITE6
3206,göç etmek,"мигрировать, переселяться",FİİLLER,B1,UNITE6
3207,kendine güvenmek,быть уверенным в себе,FİİLLER,B1,UNITE6
3208,otlamak,пастись,FİİLLER,B1,UNITE6
3209,otlatmak,пасти (скот),FİİLLER,B1,UNITE6
1572,sağlamak,"обеспечивать, снабжать",FİİLLER,B1,UNITE6
3210,sürdürmek,"продолжать, поддерживать",FİİLLER,B1,UNITE6
3211,tazminat ödemek,выплачивать компенсацию,FİİLLER,B1,UNITE6
3212,temas etmek,"контактировать, соприкасаться",FİİLLER,B1,UNITE6
3213,bir araya getirmek,"собирать вместе, сводить вместе, объединять",KALIP İFADELER,B1,UNITE6
1932,bir çuval inciri berbat etmek,"испортить всё дело, ""сесть в лужу""",KALIP İFADELER,B1,UNITE6
3214,gitmeye değer,"сто́ящий посещения, того чтобы поехать",KALIP İFADELER,B1,UNITE6
3215,geçimini sağlamak,"обеспечивать, зарабатывать на жизнь",KALIP İFADELER,B1,UNITE6
3216,göz atmak,"бросать взгляд, взглянуть, просмотреть",KALIP İFADELER,B1,UNITE6
3217,hayatında yer almak,"присутствовать в жизни, занимать место в жизни",KALIP İFADELER,B1,UNITE6
3218,her bütçeye uygun,"на любой бюджет, для любого бюджета",KALIP İFADELER,B1,UNITE6
3219,misafir ağırlama,приём гостей,KALIP İFADELER,B1,UNITE6
3220,siz siz olun,"вы уж будьте, вы только, берегитесь",KALIP İFADELER,B1,UNITE6
3221,sokakları kaplamak,заполнять улицы,KALIP İFADELER,B1,UNITE6
3222,aseton,ацетон,İSİMLER,B2,UNITE1
1956,buhar,пар,İSİMLER,B2,UNITE1
1957,buruşuk,сморщенный,İSİMLER,B2,UNITE1
1958,çarmıh,"распятие, крест",İSİMLER,B2,UNITE1
1959,çekyat,"раскладушка, диван-кровать",İSİMLER,B2,UNITE1
1768,denge,"равновесие, баланс",İSİMLER,B2,UNITE1
3223,geçim,"средства к существованию, пропитание",İSİMLER,B2,UNITE1
3224,gezgin,путешественник,İSİMLER,B2,UNITE1
3225,gondol,гондола,İSİMLER,B2,UNITE1
1962,hac,хадж,İSİMLER,B2,UNITE1
1963,hacı,паломник,İSİMLER,B2,UNITE1
1964,heves,"энтузиазм, интерес",İSİMLER,B2,UNITE1
1877,ibadet,"молитва, богослужение",İSİMLER,B2,UNITE1
3226,ibadethane,"молитвенный дом, храм",İSİMLER,B2,UNITE1
3227,içten,"искренний, от всего сердца",İSİMLER,B2,UNITE1
1878,içtenlik,искренность,İSİMLER,B2,UNITE1
1965,ikon,икона,İSİMLER,B2,UNITE1
1644,kaplıca,"термальный источник, курорт",İSİMLER,B2,UNITE1
3228,kırışık,морщина,İSİMLER,B2,UNITE1
1968,kısıtlı,ограниченный,İSİMLER,B2,UNITE1
3229,konaklama,"проживание, размещение",İSİMLER,B2,UNITE1
1969,konukseverlik,гостеприимство,İSİMLER,B2,UNITE1
788,kutsal,"святой, священный",İSİMLER,B2,UNITE1
3230,manastır,монастырь,İSİMLER,B2,UNITE1
3231,misafirperver,гостеприимный,İSİMLER,B2,UNITE1
1970,mütevazı,скромный,İSİMLER,B2,UNITE1
3232,patlak,"спущенный, лопнувший",İSİMLER,B2,UNITE1
3233,rahibe,монахиня,İSİMLER,B2,UNITE1
3234,sezon,сезон,İSİMLER,B2,UNITE1
3235,şifalı,"целебный, лечебный",İSİMLER,B2,UNITE1
1975,şnorkel,трубка для подводного плавания,İSİMLER,B2,UNITE1
3236,trabzan,"перила, поручни",İSİMLER,B2,UNITE1
1978,turizm elçisi,посол по туризму,İSİMLER,B2,UNITE1
3237,vitrin,витрина,İSİMLER,B2,UNITE1
3238,yamaç,склон,İSİMLER,B2,UNITE1
1979,yarımada,полуостров,İSİMLER,B2,UNITE1
3201,yayla,"плато, высокогорное пастбище",İSİMLER,B2,UNITE1
1980,bağlanmak,"привязываться, соединяться",FİİLLER,B2,UNITE1
3239,hayran kalmak,"восхищаться, быть в восторге",FİİLLER,B2,UNITE1
3240,ısırmak,кусать,FİİLLER,B2,UNITE1
3241,keselenmek,мыться мочалкой,FİİLLER,B2,UNITE1
3209,otlatmak,пасти (скот),FİİLLER,B2,UNITE1
3242,oyalanmak,"медлить, заниматься ерундой",FİİLLER,B2,UNITE1
2375,övmek,"хвалить, восхвалять",FİİLLER,B2,UNITE1
1985,pazarlamak,"продавать, заниматься маркетингом",FİİLLER,B2,UNITE1
3243,sakatlanmak,"получать увечье, травмироваться",FİİLLER,B2,UNITE1
3244,süslenmek,"наряжаться, украшать себя",FİİLLER,B2,UNITE1
2264,zehirlenmek,"травиться, отравляться",FİİLLER,B2,UNITE1
3245,arkadaş canlısı,дружелюбный,KALIP İFADELER,B2,UNITE1
3246,abaküs,счёты,İSİMLER,B2,UNITE2
3247,ana ekran,"главный экран, домашний экран",İSİMLER,B2,UNITE2
3248,batarya,"батарея, аккумулятор",İSİMLER,B2,UNITE2
922,buluş,изобретение,İSİMLER,B2,UNITE2
3249,çözünürlük,разрешение (экрана),İSİMLER,B2,UNITE2
3250,debriyaj,сцепление,İSİMLER,B2,UNITE2
1768,denge,"равновесие, баланс",İSİMLER,B2,UNITE2
3251,dikiz aynası,зеркало заднего вида,İSİMLER,B2,UNITE2
3252,direksiyon,руль,İSİMLER,B2,UNITE2
1995,dokunmatik,сенсорный,İSİMLER,B2,UNITE2
3253,donanım,"оборудование, аппаратное обеспечение",İSİMLER,B2,UNITE2
3254,düğme,"кнопка, пуговица",İSİMLER,B2,UNITE2
3255,ekran,экран,İSİMLER,B2,UNITE2
2758,erişim,"доступ, соединение",İSİMLER,B2,UNITE2
3256,fren,тормоз,İSİMLER,B2,UNITE2
3257,gaz,"газ, топливо",İSİMLER,B2,UNITE2
1263,hat,"линия, связь",İSİMLER,B2,UNITE2
2005,kabin,"салон, кабина",İSİMLER,B2,UNITE2
3152,kargo,"груз, доставка",İSİMLER,B2,UNITE2
3258,kılıp,"корпус, оболочка",İSİMLER,B2,UNITE2
2008,kullanıcı,пользователь,İSİMLER,B2,UNITE2
3259,model,модель,İSİMLER,B2,UNITE2
966,mucit,изобретатель,İSİMLER,B2,UNITE2
3260,otonom,автономный,İSİMLER,B2,UNITE2
3261,patent,патент,İSİMLER,B2,UNITE2
3262,pedal,педаль,İSİMLER,B2,UNITE2
2014,porselen,фарфор,İSİMLER,B2,UNITE2
3263,silecek,дворник (стеклоочиститель),İSİMLER,B2,UNITE2
3264,sim kart,SIM-карта,İSİMLER,B2,UNITE2
3265,sosyal ağ,социальная сеть,İSİMLER,B2,UNITE2
3266,şarj,зарядка,İSİMLER,B2,UNITE2
3267,titreşim,вибрация,İSİMLER,B2,UNITE2
3268,ton,тон,İSİMLER,B2,UNITE2
3269,uygulama,приложение,İSİMLER,B2,UNITE2
3270,varlıklı,"состоятельный, богатый",İSİMLER,B2,UNITE2
3271,vazgeçilmez,незаменимый,İSİMLER,B2,UNITE2
3272,vites,"передача (скорость), коробка передач",İSİMLER,B2,UNITE2
2547,yazılım,"программное обеспечение, софт",İSİMLER,B2,UNITE2
862,çekmek,"тянуть, снимать (деньги), фотографировать",FİİLLER,B2,UNITE2
1917,dinmek,"стихать, утихать",FİİLLER,B2,UNITE2
3273,indirmek,"скачивать, опускать",FİİLLER,B2,UNITE2
3274,kaydırmak,"сдвигать, прокручивать",FİİLLER,B2,UNITE2
1333,sığmak,"помещаться, влезать",FİİLLER,B2,UNITE2
3275,yüklemek,"загружать, нагружать",FİİLLER,B2,UNITE2
3276,arama kurtarma,поисково-спасательный,KALIP İFADELER,B2,UNITE2
2030,dili tutulmak,"язык заплетается, отнимается",KALIP İFADELER,B2,UNITE2
3277,kurşun geçirmez,пуленепробиваемый,KALIP İFADELER,B2,UNITE2
3278,meşgule almak / atmak,"поставить на ожидание, перевести в ожидание",KALIP İFADELER,B2,UNITE2
3279,suyunu çekmek,"влага, вода испаряется, выкипает",KALIP İFADELER,B2,UNITE2
2978,yapay zeka,искусственный интеллект,KALIP İFADELER,B2,UNITE2
3280,akort,"строй (музыкальный), настройка",İSİMLER,B2,UNITE3
1827,anonim,анонимный,İSİMLER,B2,UNITE3
3281,aşık,влюблённый,İSİMLER,B2,UNITE3
917,baklagil,бобовые,İSİMLER,B2,UNITE3
3282,bel,"талия, поясница",İSİMLER,B2,UNITE3
3283,besteci,композитор,İSİMLER,B2,UNITE3
3284,boncuk,бусинка,İSİMLER,B2,UNITE3
3285,çalgı,музыкальный инструмент,İSİMLER,B2,UNITE3
3286,çelik,сталь,İSİMLER,B2,UNITE3
3287,dantel,кружево,İSİMLER,B2,UNITE3
1254,desen,"узор, рисунок",İSİMLER,B2,UNITE3
3288,devrim,революция,İSİMLER,B2,UNITE3
3289,etik,"этика, этичный",İSİMLER,B2,UNITE3
3290,evrensel,"всеобщий, универсальный",İSİMLER,B2,UNITE3
2221,göç,"миграция, переселение",İSİMLER,B2,UNITE3
3291,gösterişli,"эффектный, показной",İSİMLER,B2,UNITE3
2765,gurbet,"чужая страна, чужбина",İSİMLER,B2,UNITE3
3292,hasret,"тоска, ностальгия",İSİMLER,B2,UNITE3
1965,ikon,икона,İSİMLER,B2,UNITE3
776,kemer,"ремень, пояс",İSİMLER,B2,UNITE3
3293,kesim,"разрез, сечение, покрой",İSİMLER,B2,UNITE3
3085,konsept,концепция,İSİMLER,B2,UNITE3
3294,korse,корсет,İSİMLER,B2,UNITE3
3295,kot,джинсы (ткань),İSİMLER,B2,UNITE3
958,kuruyemiş,орехи (сушёные),İSİMLER,B2,UNITE3
2737,kuşak,"поколение, пояс",İSİMLER,B2,UNITE3
3296,kürk,мех,İSİMLER,B2,UNITE3
2323,makam,"должность, пост, лад (музыкальный)",İSİMLER,B2,UNITE3
2080,moda,мода,İSİMLER,B2,UNITE3
3297,oruç,пост,İSİMLER,B2,UNITE3
2760,ozan,"поэт-певец, бард",İSİMLER,B2,UNITE3
3298,parça,"часть, произведение",İSİMLER,B2,UNITE3
3299,sıla,"родной край, возвращение домой",İSİMLER,B2,UNITE3
3198,temsilci,представитель,İSİMLER,B2,UNITE3
3300,tohum,семя,İSİMLER,B2,UNITE3
3157,ürün,"продукт, изделие",İSİMLER,B2,UNITE3
3301,yapıt,произведение,İSİMLER,B2,UNITE3
3302,yiğitlik,"мужество, доблесть",İSİMLER,B2,UNITE3
3303,yokluk,"отсутствие, нехватка",İSİMLER,B2,UNITE3
1083,yöresel,"местный, региональный",İSİMLER,B2,UNITE3
3304,zevk,"удовольствие, вкус",İSİMLER,B2,UNITE3
3305,etkilemek,"влиять, воздействовать",FİİLLER,B2,UNITE3
3306,hakim olmak,"владеть, преобладать",FİİLLER,B2,UNITE3
3307,öne çıkmak,"выделяться, выступать вперед",FİİLLER,B2,UNITE3
3210,sürdürmek,"продолжать, поддерживать",FİİLLER,B2,UNITE3
3132,uygulamak,"применять, осуществлять",FİİLLER,B2,UNITE3
3308,yanıltmak,"вводить в заблуждение, обманывать",FİİLLER,B2,UNITE3
1822,yorumlamak,"интерпретировать, истолковывать",FİİLLER,B2,UNITE3
2027,ayak uydurmak,"успевать, поспевать, адаптироваться",KALIP İFADELER,B2,UNITE3
3309,raf ömrü,"срок годности, хранения",KALIP İFADELER,B2,UNITE3
3310,tek tip,"одинаковый, одного типа, унифицированный",KALIP İFADELER,B2,UNITE3
3311,bürokrasi,бюрократия,İSİMLER,B2,UNITE4
3312,delil,доказательство,İSİMLER,B2,UNITE4
3313,dergâh,"обитель, монастырь (дервишей)",İSİMLER,B2,UNITE4
3314,dolandırıcılık,мошенничество,İSİMLER,B2,UNITE4
3315,emsalsiz,"не имеющий себе равных, беспрецедентный",İSİMLER,B2,UNITE4
2758,erişim,"доступ, соединение",İSİMLER,B2,UNITE4
3316,göçmenlik,"иммиграция, эмиграция",İSİMLER,B2,UNITE4
3317,kalpazanlık,фальшивомонетничество,İSİMLER,B2,UNITE4
3318,kapkaçıcılık,грабёж срывом,İSİMLER,B2,UNITE4
3319,kazara,"случайно, нечаянно",İSİMLER,B2,UNITE4
3320,kısas,"возмездие, талион",İSİMLER,B2,UNITE4
3321,korsan,"пират, нелегальный",İSİMLER,B2,UNITE4
3322,kundakçılık,"поджог, пиромания",İSİMLER,B2,UNITE4
3323,muamma,загадка,İSİMLER,B2,UNITE4
2166,mücadele,"борьба, сражение",İSİMLER,B2,UNITE4
2580,müebbet,пожизненный (приговор),İSİMLER,B2,UNITE4
3324,rekortmen,рекордсмен,İSİMLER,B2,UNITE4
3325,sabıka,судимость,İSİMLER,B2,UNITE4
3326,sayılı,"ограниченный, нумерованный",İSİMLER,B2,UNITE4
3327,siber,"кибер, компьютерный",İSİMLER,B2,UNITE4
3328,soygunculuk,"грабительство, разбой",İSİMLER,B2,UNITE4
3329,söyleşi,"беседа, интервью",İSİMLER,B2,UNITE4
3330,şantajcı,шантажист,İSİMLER,B2,UNITE4
3331,tanık,свидетель,İSİMLER,B2,UNITE4
2474,tazminat,компенсация,İSİMLER,B2,UNITE4
3332,yankesicilik,карманная кража,İSİMLER,B2,UNITE4
3333,yolsuzluk,"коррупция, злоупотребление",İSİMLER,B2,UNITE4
3334,yüklü,"загруженный, нагруженный",İSİMLER,B2,UNITE4
3335,ziynet,"украшение, драгоценность",İSİMLER,B2,UNITE4
3336,engellemek,"препятствовать, блокировать",FİİLLER,B2,UNITE4
3337,hapis yatmak,отбывать тюремный срок,FİİLLER,B2,UNITE4
3338,ilgi görmek,пользоваться вниманием,FİİLLER,B2,UNITE4
3339,ispatlamak,доказывать,FİİLLER,B2,UNITE4
1564,kanıtlamak,доказывать,FİİLLER,B2,UNITE4
3340,kapak olmak,"быть обложкой (для чего-л.), закрывать",FİİLLER,B2,UNITE4
3341,mahkum etmek,"осуждать, признавать виновным",FİİLLER,B2,UNITE4
3342,sorgulamak,"допрашивать, расспрашивать",FİİLLER,B2,UNITE4
3343,soruşturmak,расследовать,FİİLLER,B2,UNITE4
2191,tutuklamak,"арестовывать, задерживать",FİİLLER,B2,UNITE4
1431,uğraşmak,"заниматься (чем-л.), пытаться",FİİLLER,B2,UNITE4
3344,utandırmak,"смущать, ставить в неловкое положение",FİİLLER,B2,UNITE4
3345,yargılamak,"судить, осуждать",FİİLLER,B2,UNITE4
1583,yenilemek,"обновлять, возобновлять",FİİLLER,B2,UNITE4
2106,akustik,акустический,İSİMLER,B2,UNITE5
2107,aristokrat,аристократ,İSİMLER,B2,UNITE5
2108,asıl,"основа, оригинал, суть",İSİMLER,B2,UNITE5
2109,atasözü,пословица,İSİMLER,B2,UNITE5
2110,bitkin,"изнурённый, уставший",İSİMLER,B2,UNITE5
2111,cenaze,похороны,İSİMLER,B2,UNITE5
2112,çile,"страдание, испытание",İSİMLER,B2,UNITE5
2113,destan,"эпос, сказание",İSİMLER,B2,UNITE5
2114,dev,гигант,İSİMLER,B2,UNITE5
2115,fener,"фонарь, маяк",İSİMLER,B2,UNITE5
2116,hafıza,память,İSİMLER,B2,UNITE5
2117,heykel,"статуя, скульптура",İSİMLER,B2,UNITE5
2118,kaya,скала,İSİMLER,B2,UNITE5
2119,kurban,"жертва, жертвоприношение",İSİMLER,B2,UNITE5
960,lakap,прозвище,İSİMLER,B2,UNITE5
2120,mermer,мрамор,İSİMLER,B2,UNITE5
2121,peri bacası,"каминная скала, ""дымоход феи""",İSİMLER,B2,UNITE5
1056,piramit,пирамида,İSİMLER,B2,UNITE5
2122,rivayet,"предание, слух",İSİMLER,B2,UNITE5
2123,sivri,острый,İSİMLER,B2,UNITE5
2124,soylu,благородный,İSİMLER,B2,UNITE5
2125,söylenti,"слух, молва",İSİMLER,B2,UNITE5
2126,şantiye,стройплощадка,İSİMLER,B2,UNITE5
2016,şifre,"шифр, пароль",İSİMLER,B2,UNITE5
1071,tapınak,храм,İSİMLER,B2,UNITE5
627,zafer,победа,İSİMLER,B2,UNITE5
2127,zalim,"тиран, жестокий",İSİMLER,B2,UNITE5
1410,zam,"надбавка, повышение (цены)",İSİMLER,B2,UNITE5
2128,barındırmak,"содержать, вмещать",FİİLLER,B2,UNITE5
2129,çığlık atmak,"кричать, вопить",FİİLLER,B2,UNITE5
2130,fokurdamak,"булькать, кипеть (тихо)",FİİLLER,B2,UNITE5
1564,kanıtlamak,доказывать,FİİLLER,B2,UNITE5
648,sürmek,"везти (машину), мазать (хлеб), длиться",FİİLLER,B2,UNITE5
2131,teklif etmek,предлагать,FİİLLER,B2,UNITE5
1428,tercih etmek,предпочитать,FİİLLER,B2,UNITE5
1742,yitirmek,"терять, утрачивать",FİİLLER,B2,UNITE5
2132,anıt mezar,"мемориальная гробница, усыпальница-памятник",KALIP İFADELER,B2,UNITE5
2133,canına tak etmek,"терпение лопнуло, надоело до смерти",KALIP İFADELER,B2,UNITE5
2134,gönlü ferman dinlememek,"сердце не слушает приказов, душа не лежит",KALIP İFADELER,B2,UNITE5
2135,gönlünü hoş tutmak,"ублажать своё сердце, развлекать себя, не печалиться",KALIP İFADELER,B2,UNITE5
2136,göz kamaştırmak,"ослеплять, поражать",KALIP İFADELER,B2,UNITE5
2137,katkı sağlamak,"вносить вклад, способствовать",KALIP İFADELER,B2,UNITE5
3346,asit,кислота,İSİMLER,B2,UNITE6
1988,astronot,астронавт,İSİMLER,B2,UNITE6
3347,ata,"предок, праотец",İSİMLER,B2,UNITE6
3348,banknot,банкнота,İSİMLER,B2,UNITE6
3349,barkod,штрих-код,İSİMLER,B2,UNITE6
1453,benzerlik,"сходство, подобие",İSİMLER,B2,UNITE6
3350,derinlik,глубина,İSİMLER,B2,UNITE6
3351,dirençli,"стойкий, устойчивый",İSİMLER,B2,UNITE6
3352,DNA,ДНК,İSİMLER,B2,UNITE6
1630,gen,ген,İSİMLER,B2,UNITE6
1631,genetik,генетический,İSİMLER,B2,UNITE6
2002,gezegen,планета,İSİMLER,B2,UNITE6
3353,gözlemevi,обсерватория,İSİMLER,B2,UNITE6
3354,güneş panelleri,солнечные панели,İSİMLER,B2,UNITE6
3355,hakimiyet,"господство, преобладание",İSİMLER,B2,UNITE6
2689,hammadde,сырьё,İSİMLER,B2,UNITE6
3356,hidrojen,водород,İSİMLER,B2,UNITE6
3357,idrar,моча,İSİMLER,B2,UNITE6
3358,işitme cihazı,слуховой аппарат,İSİMLER,B2,UNITE6
3359,kalıtsal,наследственный,İSİMLER,B2,UNITE6
947,kalsiyum,кальций,İSİMLER,B2,UNITE6
3360,karga,ворона,İSİMLER,B2,UNITE6
3361,kinci,"мстительный, злопамятный",İSİMLER,B2,UNITE6
2698,kozmonot,космонавт,İSİMLER,B2,UNITE6
3362,laboratuvar,лаборатория,İSİMLER,B2,UNITE6
2010,maden,"рудник, полезное ископаемое",İSİMLER,B2,UNITE6
3363,madeni para,монета,İSİMLER,B2,UNITE6
3364,mahcup,"смущённый, застенчивый",İSİMLER,B2,UNITE6
3365,motorlu taşıt,"автомобиль, моторизованное транспортное средство",İSİMLER,B2,UNITE6
3366,MÖ (millatan önce),до нашей эры (до Р.Х.),İSİMLER,B2,UNITE6
3367,MS (millatan sonra),нашей эры (от Р.Х.),İSİMLER,B2,UNITE6
3368,oksijen,кислород,İSİMLER,B2,UNITE6
1513,parlak,"яркий, блестящий",İSİMLER,B2,UNITE6
3369,pastel boya,пастель,İSİMLER,B2,UNITE6
128,petrol,нефть,İSİMLER,B2,UNITE6
2175,saydam,прозрачный,İSİMLER,B2,UNITE6
3370,soya,соя,İSİMLER,B2,UNITE6
3371,şempanze,шимпанзе,İSİMLER,B2,UNITE6
3235,şifalı,"целебный, лечебный",İSİMLER,B2,UNITE6
2016,şifre,"шифр, пароль",İSİMLER,B2,UNITE6
3372,tahıl ürünleri,зерновые продукты,İSİMLER,B2,UNITE6
2178,teşhis,диагноз,İSİMLER,B2,UNITE6
3373,tır,грузовик,İSİMLER,B2,UNITE6
3374,topluluk,"сообщество, группа",İSİMLER,B2,UNITE6
1797,uzay,"космос, пространство",İSİMLER,B2,UNITE6
3375,uzay istasyonu,космическая станция,İSİMLER,B2,UNITE6
2020,yakıt,топливо,İSİMLER,B2,UNITE6
3376,yenilenebilir,возобновляемый,İSİMLER,B2,UNITE6
1217,yer çekimi,"сила тяжести, гравитация",İSİMLER,B2,UNITE6
1801,verimli,"плодородный, продуктивный",İSİMLER,B2,UNITE6
859,basmak,"нажимать, давить, печатать",FİİLLER,B2,UNITE6
3377,elde etmek,"получать, достигать",FİİLLER,B2,UNITE6
3378,emmek,"сосать, впитывать",FİİLLER,B2,UNITE6
3379,geri dönüştürmek,перерабатывать (вторично),FİİLLER,B2,UNITE6
3380,ileri sürmek,"выдвигать (гипотезу, теорию)",FİİLLER,B2,UNITE6
3381,ilgisini çekmek,"привлекать интерес, интересовать",FİİLLER,B2,UNITE6
1817,meydana gelmek,"происходить, случаться",FİİLLER,B2,UNITE6
3382,ortadan kaldırmak,"устранять, ликвидировать",FİİLLER,B2,UNITE6
3383,ortaya çıkarmak,"выявлять, обнаруживать",FİİLLER,B2,UNITE6
2024,savunmak,"защищать, отстаивать",FİİLLER,B2,UNITE6
2261,tasarlamak,"проектировать, создавать дизайн",FİİLLER,B2,UNITE6
2095,tasarruf etmek,"экономить, сберегать",FİİLLER,B2,UNITE6
1820,tespit etmek,"определять, устанавливать",FİİLLER,B2,UNITE6
2263,yaygınlaşmak,"распространяться, становиться распространенным",FİİLLER,B2,UNITE6
1585,yol açmak,"вызывать, приводить к",FİİLLER,B2,UNITE6
3384,ilerleme kaydetmek,"делать успехи, прогрессировать",KALIP İFADELER,B2,UNITE6
3385,tek eşli,моногамный,KALIP İFADELER,B2,UNITE6
3386,yan etki,побочный эффект,KALIP İFADELER,B2,UNITE6
3387,akrep,"скорпион, стрелка (часов)",İSİMLER,C1,UNITE1
3388,alakadar,"имеющий отношение, связанный",İSİMLER,C1,UNITE1
2224,hasat,урожай,İSİMLER,C1,UNITE1
3389,hicri,"лунный, хиджры",İSİMLER,C1,UNITE1
2230,işitme engelli,"слабослышащий, человек с нарушением слуха",İSİMLER,C1,UNITE1
3390,kâhinlik,"прорицание, гадание",İSİMLER,C1,UNITE1
3391,miladi,"григорианский, милади",İSİMLER,C1,UNITE1
2239,periyot,период,İSİMLER,C1,UNITE1
2241,pusula,"компас, буссоль",İSİMLER,C1,UNITE1
3392,ruh,душа,İSİMLER,C1,UNITE1
2243,sağır,глухой,İSİMLER,C1,UNITE1
3393,sarkaç,маятник,İSİMLER,C1,UNITE1
1839,tesadüf,совпадение,İSİMLER,C1,UNITE1
3268,ton,тон,İSİMLER,C1,UNITE1
2248,uygarlık,цивилизация,İSİMLER,C1,UNITE1
3394,yelkovan,минутная стрелка,İSİMLER,C1,UNITE1
3395,zemberek,"пружина (механизма), завод",İSİMLER,C1,UNITE1
2366,adamak,посвящать,FİİLLER,C1,UNITE1
1808,algılamak,"воспринимать, осознавать",FİİLLER,C1,UNITE1
3396,ayılmak,"приходить в себя, трезветь",FİİLLER,C1,UNITE1
2588,çatışmak,"сталкиваться, конфликтовать",FİİLLER,C1,UNITE1
2251,çırpınmak,"биться, трепыхаться",FİİLLER,C1,UNITE1
3397,halletmek,"решать (проблему), устранять",FİİLLER,C1,UNITE1
2255,ilişkilendirmek,"связывать, ассоциировать",FİİLLER,C1,UNITE1
3398,silkinmek,"встряхиваться, отряхиваться",FİİLLER,C1,UNITE1
3399,şıpırdamak,"плескаться, чавкать",FİİLLER,C1,UNITE1
2262,ulumak,выть,FİİLLER,C1,UNITE1
2264,zehirlenmek,"травиться, отравляться",FİİLLER,C1,UNITE1
3400,atıp tutmak,"болтать, хвастаться, очернять",KALIP İFADELER,C1,UNITE1
3401,dikkat dağıtıcı,отвлекающий внимание,KALIP İFADELER,C1,UNITE1
3402,dilinin ucuna gelmek,вертеться на кончике языка,KALIP İFADELER,C1,UNITE1
3403,gözleri fal taşı gibi açılmak,"глаза становятся как блюдца, глаза широко раскрываются",KALIP İFADELER,C1,UNITE1
3404,merak sarmak,"заболеть, увлечься любопытством",KALIP İFADELER,C1,UNITE1
3405,patlak vermek,"вспыхнуть, разразиться",KALIP İFADELER,C1,UNITE1
3406,vız gelmek,"до лампочки, всё равно",KALIP İFADELER,C1,UNITE1
2947,zaman ayırmak,"выделять время, уделять время",KALIP İFADELER,C1,UNITE1
3407,acıma,"жалость, сострадание",İSİMLER,C1,UNITE2
2285,antropolog,антрополог,İSİMLER,C1,UNITE2
2289,bilinçaltı,подсознание,İSİMLER,C1,UNITE2
3408,cariye,"наложница, рабыня",İSİMLER,C1,UNITE2
3409,dopamin,дофамин,İSİMLER,C1,UNITE2
3410,endorfin,эндорфин,İSİMLER,C1,UNITE2
2298,faz,фаза,İSİMLER,C1,UNITE2
3411,feniletilamin,фенилэтиламин,İSİMLER,C1,UNITE2
3412,feromon,феромон,İSİMLER,C1,UNITE2
3413,firavun,фараон,İSİMLER,C1,UNITE2
3292,hasret,"тоска, ностальгия",İSİMLER,C1,UNITE2
1638,hormon,гормон,İSİMLER,C1,UNITE2
3414,inci,жемчуг,İSİMLER,C1,UNITE2
2607,istatistik,статистика,İSİMLER,C1,UNITE2
2309,ispat,доказательство,İSİMLER,C1,UNITE2
1966,izlenim,впечатление,İSİMLER,C1,UNITE2
3415,kâinat,вселенная,İSİMLER,C1,UNITE2
2315,kıvılcım,искра,İSİMLER,C1,UNITE2
3416,köle,раб,İSİMLER,C1,UNITE2
2318,kuşkucu,скептик,İSİMLER,C1,UNITE2
3417,kuyu,"колодец, яма",İSİMLER,C1,UNITE2
3087,makale,статья,İSİMLER,C1,UNITE2
3418,mücevher,"драгоценность, драгоценный камень",İSİMLER,C1,UNITE2
3419,norepinefrin,"норэпинефрин, норадреналин",İSİMLER,C1,UNITE2
2337,nörotik,невротик,İSİMLER,C1,UNITE2
3420,okunaklı,"разборчивый, удобочитаемый",İSİMLER,C1,UNITE2
3421,oksitosin,окситоцин,İSİMLER,C1,UNITE2
3422,perişan,"расстроенный, в беспорядке",İSİMLER,C1,UNITE2
3423,razı,"довольный, согласный",İSİMLER,C1,UNITE2
2341,salınım,"колебание, вибрация",İSİMLER,C1,UNITE2
2350,sükûnet,"спокойствие, умиротворение",İSİMLER,C1,UNITE2
3424,takat,"сила, выносливость",İSİMLER,C1,UNITE2
3425,yurtseverlik,патриотизм,İSİMLER,C1,UNITE2
3426,zavallı,"бедный, несчастный",İSİMLER,C1,UNITE2
3427,çaktırmak,"подавать знак, показывать виду",FİİLLER,C1,UNITE2
2251,çırpınmak,"биться, трепыхаться",FİİLLER,C1,UNITE2
3428,dindirmek,"успокаивать, утолять (боль, жажду)",FİİLLER,C1,UNITE2
1730,kavuşmak,"воссоединяться, встречаться",FİİLLER,C1,UNITE2
3429,salgılanmak,"выделяться (о секреции, гормонах)",FİİLLER,C1,UNITE2
3430,umursamak,"обращать внимание, беспокоиться (о ком-л.)",FİİLLER,C1,UNITE2
3431,ayaküstü görüşmek,"поговорить на ходу, встретиться на бегу",KALIP İFADELER,C1,UNITE2
3432,dünya ile bağını koparmak,"порвать связь с миром, оторваться от мира",KALIP İFADELER,C1,UNITE2
3433,dilden dile dolaşmak,"переходить из уст в уста, передаваться",KALIP İFADELER,C1,UNITE2
3434,gönlünü çalmak,"поразить, покорить сердце",KALIP İFADELER,C1,UNITE2
3435,göz ucuyla bakmak,"смотреть краем глаза, искоса",KALIP İFADELER,C1,UNITE2
3436,küçük düşürmek,"унижать, принижать",KALIP İFADELER,C1,UNITE2
2389,lanet olsun,"будь проклято, чёрт побери",KALIP İFADELER,C1,UNITE2
3437,meraktan çatlamak,"сгорать, трещать от любопытства",KALIP İFADELER,C1,UNITE2
3438,musallat olmak,"приставать, одолевать",KALIP İFADELER,C1,UNITE2
3439,takati kalmamak,"сил не осталось, не было больше сил",KALIP İFADELER,C1,UNITE2
3440,teselli bulmak,находить утешение,KALIP İFADELER,C1,UNITE2
3441,yol almak,"продвигаться, преодолевать путь",KALIP İFADELER,C1,UNITE2
3442,arzuhâl,"прошение, заявление",İSİMLER,C1,UNITE3
3443,celse,заседание,İSİMLER,C1,UNITE3
3312,delil,доказательство,İSİMLER,C1,UNITE3
3444,duruşma,судебное заседание,İSİMLER,C1,UNITE3
3445,formel,формальный,İSİMLER,C1,UNITE3
3446,ısırık,укус,İSİMLER,C1,UNITE3
2463,iskemle,"табурет, стул",İSİMLER,C1,UNITE3
2467,kamış,тростник,İSİMLER,C1,UNITE3
2323,makam,"должность, пост, лад (музыкальный)",İSİMLER,C1,UNITE3
2233,makul,"разумный, справедливый",İSİMLER,C1,UNITE3
2469,maruzat,"заявление, представление",İSİMLER,C1,UNITE3
1384,mevki,"положение, статус",İSİMLER,C1,UNITE3
3447,müşahede,наблюдение,İSİMLER,C1,UNITE3
3448,nafaka,"алименты, содержание",İSİMLER,C1,UNITE3
3449,san,"приставка ""сан"", звание",İSİMLER,C1,UNITE3
3450,savcı,прокурор,İSİMLER,C1,UNITE3
3451,şahitlik,свидетельские показания,İSİMLER,C1,UNITE3
3331,tanık,свидетель,İSİMLER,C1,UNITE3
2355,tavır,"манера, поведение, отношение",İSİMLER,C1,UNITE3
3452,telif,"авторское право, гонорар",İSİMLER,C1,UNITE3
3453,tetkik,"изучение, исследование",İSİMLER,C1,UNITE3
3454,tezkere,"удостоверение, справка",İSİMLER,C1,UNITE3
3455,titr,"титул, звание",İSİMLER,C1,UNITE3
993,unvan,"звание, титул",İSİMLER,C1,UNITE3
2477,vizyon,"видение, перспектива",İSİMLER,C1,UNITE3
3456,yasal,законный,İSİMLER,C1,UNITE3
1915,yetkili,"уполномоченный, должностное лицо",İSİMLER,C1,UNITE3
3457,zanlı,подозреваемый,İSİMLER,C1,UNITE3
1308,dayanmak,"выдерживать, терпеть",FİİLLER,C1,UNITE3
3458,dondurmak,замораживать,FİİLLER,C1,UNITE3
3459,kaynak olmak,"быть источником, служить основой",FİİLLER,C1,UNITE3
3040,kusmak,"рвать, блевать",FİİLLER,C1,UNITE3
3460,somutlaşmak,"материализоваться, принимать конкретную форму",FİİLLER,C1,UNITE3
3461,şekillenmek,"формироваться, принимать форму",FİİLLER,C1,UNITE3
1820,tespit etmek,"определять, устанавливать",FİİLLER,C1,UNITE3
2674,üşenmek,"лениться, не хотеть (делать)",FİİLLER,C1,UNITE3
3345,yargılamak,"судить, осуждать",FİİLLER,C1,UNITE3
3462,bir şeyden yana olmak,быть за что-либо,KALIP İFADELER,C1,UNITE3
3463,ipler kopmak,"связи, отношения рвутся",KALIP İFADELER,C1,UNITE3
3464,itip çekmek,"толкать и тянуть, проталкивать",KALIP İFADELER,C1,UNITE3
3465,suç işlemek,совершать преступление,KALIP İFADELER,C1,UNITE3
3466,zehir olmak,"надоедать, бесить, опостылеть",KALIP İFADELER,C1,UNITE3
3467,arazi,"земельный участок, местность",İSİMLER,C1,UNITE4
1602,bahane,"предлог, отговорка",İSİMLER,C1,UNITE4
3468,baraka,"лачуга, барак",İSİMLER,C1,UNITE4
3469,cezbedici,"привлекательный, соблазнительный",İSİMLER,C1,UNITE4
3470,çek,чек,İSİMLER,C1,UNITE4
1255,döviz,валюта,İSİMLER,C1,UNITE4
3471,emek,"труд, работа",İSİMLER,C1,UNITE4
3472,EFT,электронный перевод средств,İSİMLER,C1,UNITE4
3473,faiz,"процент, интерес",İSİMLER,C1,UNITE4
3474,fuzuli,"бесполезный, излишний",İSİMLER,C1,UNITE4
3475,gayrimenkul,недвижимость,İSİMLER,C1,UNITE4
3476,haciz,арест имущества,İSİMLER,C1,UNITE4
3477,hapishane,тюрьма,İSİMLER,C1,UNITE4
3478,havale,"денежный перевод, перевод",İSİMLER,C1,UNITE4
3479,ipotek,ипотека,İSİMLER,C1,UNITE4
3480,israf,"расточительство, потери",İSİMLER,C1,UNITE4
3481,kâr,прибыль,İSİMLER,C1,UNITE4
1967,karavan,"дом на колёсах, автодом",İSİMLER,C1,UNITE4
1968,kısıtlı,ограниченный,İSİMLER,C1,UNITE4
2319,kuyruklu yıldız,комета,İSİMLER,C1,UNITE4
1382,lüks,роскошь,İSİMLER,C1,UNITE4
2656,mal,"имущество, товар",İSİMLER,C1,UNITE4
3482,mal varlığı,"состояние, имущество",İSİMLER,C1,UNITE4
3483,pazarlık payı,запас на торг,İSİMLER,C1,UNITE4
3484,pinti,"скупой, скряга",İSİMLER,C1,UNITE4
3485,piyasa,рынок,İSİMLER,C1,UNITE4
3486,rota,маршрут,İSİMLER,C1,UNITE4
3487,savurgan,расточительный,İSİMLER,C1,UNITE4
1974,sektör,"отрасль, сектор",İSİMLER,C1,UNITE4
3488,sermaye,капитал,İSİMLER,C1,UNITE4
1691,soba,печь,İSİMLER,C1,UNITE4
2505,tapu,свидетельство о собственности,İSİMLER,C1,UNITE4
1700,tasarruf,"сбережения, экономия",İSİMLER,C1,UNITE4
2060,tutku,страсть,İSİMLER,C1,UNITE4
3489,tutumlu,экономный,İSİMLER,C1,UNITE4
3490,vade,"срок, срок платежа",İSİMLER,C1,UNITE4
3491,vadeli hesap,"срочный вклад, счёт",İSİMLER,C1,UNITE4
3492,yatırım,"инвестиция, вложение",İSİMLER,C1,UNITE4
3493,çoğaltmak,"умножать, размножать",FİİLLER,C1,UNITE4
3494,heveslendirmek,"воодушевлять, побуждать",FİİLLER,C1,UNITE4
3495,iflas etmek,"обанкротиться, разориться",FİİLLER,C1,UNITE4
3496,tereddüt etmek,"колебаться, сомневаться",FİİLLER,C1,UNITE4
2557,yapılandırmak,"структурировать, организовывать",FİİLLER,C1,UNITE4
3497,alt üst olmak,"перевернуться вверх дном, быть вверх дном",KALIP İFADELER,C1,UNITE4
3498,bir eli yağda bir eli balda olmak,"жить припеваючи, в полном достатке",KALIP İFADELER,C1,UNITE4
3499,boşa harcamak,"тратить впустую, растрачивать",KALIP İFADELER,C1,UNITE4
3500,büyük ikramiye kazanmak,"выиграть джекпот, крупный выигрыш",KALIP İFADELER,C1,UNITE4
3501,cep yakmak,"бить по карману, быть дорогим",KALIP İFADELER,C1,UNITE4
2201,dillere destan,"ставший легендой, легендарный",KALIP İFADELER,C1,UNITE4
2387,dillerde dolaşmak,быть у всех на устах,KALIP İFADELER,C1,UNITE4
3502,gününü gün etmek,"жить в своё удовольствие, гулять",KALIP İFADELER,C1,UNITE4
3503,hatırı sayılır,"значительный, внушительный, уважаемый",KALIP İFADELER,C1,UNITE4
3504,iç geçirmek,"вздыхать, издавать вздох",KALIP İFADELER,C1,UNITE4
3505,iştahını kabartmak,"возбуждать аппетит, вызывать желание",KALIP İFADELER,C1,UNITE4
3506,kenara ayırmak,"откладывать в сторону, откладывать",KALIP İFADELER,C1,UNITE4
3507,kendini vermek,"отдаваться, погружаться",KALIP İFADELER,C1,UNITE4
3508,kulak vermek,"прислушиваться, внимать",KALIP İFADELER,C1,UNITE4
3509,temelini oluşturmak,"составлять основу, закладывать фундамент",KALIP İFADELER,C1,UNITE4
3510,uçan kuşa borcu olmak,"быть должным каждой летающей птице, быть по уши в долгах",KALIP İFADELER,C1,UNITE4
3511,umut vermek,вселять надежду,KALIP İFADELER,C1,UNITE4
3174,yasal işlem başlatmak,"возбуждать, инициировать судебное дело, начинать судебный процесс",KALIP İFADELER,C1,UNITE4
3512,yüklü miktar,"крупная, значительная сумма, куча денег",KALIP İFADELER,C1,UNITE4
3513,zenginliğine zenginlik katmak,приумножать богатство,KALIP İFADELER,C1,UNITE4
3514,zorda kalmak,"оказаться в затруднительном положении, в трудной ситуации",KALIP İFADELER,C1,UNITE4
3515,altyazı,субтитры,İSİMLER,C1,UNITE5
3516,başyapıt,шедевр,İSİMLER,C1,UNITE5
3517,çekim,"съёмка, притяжение",İSİMLER,C1,UNITE5
3518,dublaj,"озвучивание, дубляж",İSİMLER,C1,UNITE5
3519,efekt,эффект,İSİMLER,C1,UNITE5
3520,görüntü,"изображение, картинка",İSİMLER,C1,UNITE5
3521,gösterim,"показ, демонстрация",İSİMLER,C1,UNITE5
3522,montaj,"монтаж, сборка",İSİMLER,C1,UNITE5
1511,özgü,"характерный, свойственный",İSİMLER,C1,UNITE5
807,perde,"занавес, экран",İSİMLER,C1,UNITE5
3523,sahne,сцена,İSİMLER,C1,UNITE5
3524,set,"площадка, съёмочная площадка",İSİMLER,C1,UNITE5
3525,sınıflandırma,классификация,İSİMLER,C1,UNITE5
3526,subliminal,"подпороговый, сублиминальный",İSİMLER,C1,UNITE5
3527,uzun metraj,полнометражный (фильм),İSİMLER,C1,UNITE5
3528,yüzey,поверхность,İSİMLER,C1,UNITE5
3529,akson,аксон,İSİMLER,C1,UNITE6
3530,anestezik,"обезболивающее, анестетик",İSİMLER,C1,UNITE6
3531,anemi (kansızlık),"анемия, малокровие",İSİMLER,C1,UNITE6
3532,antidepresan,антидепрессант,İSİMLER,C1,UNITE6
3533,antropoloji,антропология,İSİMLER,C1,UNITE6
3534,arpa,ячмень,İSİMLER,C1,UNITE6
3535,ataç,скрепка,İSİMLER,C1,UNITE6
2757,bulgu,"находка, результат исследования",İSİMLER,C1,UNITE6
2949,çavdar,рожь,İSİMLER,C1,UNITE6
3536,çölyak,целиакия,İSİMLER,C1,UNITE6
3537,dendrit,дендрит,İSİMLER,C1,UNITE6
3538,egzama,экзема,İSİMLER,C1,UNITE6
3539,frontal lop,лобная доля,İSİMLER,C1,UNITE6
3540,glüten,глютен,İSİMLER,C1,UNITE6
3541,hiperforin,гиперицин,İSİMLER,C1,UNITE6
3006,ishal,диарея,İSİMLER,C1,UNITE6
3542,izole,изолированный,İSİMLER,C1,UNITE6
775,kekik,чабрец,İSİMLER,C1,UNITE6
3543,kimyon,"зира, кумин",İSİMLER,C1,UNITE6
3544,kolonoskopi,колоноскопия,İSİMLER,C1,UNITE6
3545,limbik sistem,лимбическая система,İSİMLER,C1,UNITE6
3546,lop,доля,İSİMLER,C1,UNITE6
3547,medeniyet,цивилизация,İSİMLER,C1,UNITE6
3548,neokorteks,неокортекс,İSİMLER,C1,UNITE6
3549,nöron,нейрон,İSİMLER,C1,UNITE6
3550,nükleer santral,атомная электростанция,İSİMLER,C1,UNITE6
3551,oksipital lop,затылочная доля,İSİMLER,C1,UNITE6
3260,otonom,автономный,İSİMLER,C1,UNITE6
3552,parietal lop,теменная доля,İSİMLER,C1,UNITE6
3553,sarı kantaron,зверобой,İSİMLER,C1,UNITE6
3554,sedatif,"седативное, успокоительное",İSİMLER,C1,UNITE6
3555,serebellum (beyincik),мозжечок,İSİMLER,C1,UNITE6
3556,söz dizim,синтаксис,İSİMLER,C1,UNITE6
2355,tavır,"манера, поведение, отношение",İSİMLER,C1,UNITE6
3557,temporal lop,височная доля,İSİMLER,C1,UNITE6
3558,tutum,"отношение, поведение",İSİMLER,C1,UNITE6
3559,uyarıcı,стимулятор,İSİMLER,C1,UNITE6
3560,yatıştırıcı,успокоительное,İSİMLER,C1,UNITE6
3561,yulaf,овёс,İSİMLER,C1,UNITE6
3562,dayandırmak,"основывать, обосновывать",FİİLLER,C1,UNITE6
3563,işlenmek,"обрабатываться (о материале), совершаться (о преступлении)",FİİLLER,C1,UNITE6
2670,maruz kalmak,подвергаться (воздействию),FİİLLER,C1,UNITE6
1818,saptamak,"определять, устанавливать",FİİLLER,C1,UNITE6
3564,soyutlanmak,"изолироваться, абстрагироваться",FİİLLER,C1,UNITE6
3565,türetmek,"производить, образовывать (слово)",FİİLLER,C1,UNITE6