193	N	N	madrid
524	N	N	barcelona
891	N	N	psoe
1122	N	N	pp
1358	N	N	perspectivo
1539	N	N	cataluña
1649	N	N	eta
1665	N	N	gonzález
1786	N	N	sevilla
1798	N	N	franco
1821	N	N	ii
1868	N	N	carlos
1891	N	N	juan
1902	N	N	madrid
1907	N	N	valencia
1961	N	N	maría
2103	N	N	felipe gonzález
2379	N	N	pedro
2400	N	N	efe
2412	N	N	antonio
2461	N	N	otan
2482	N	N	andalucía
2485	N	N	xix
2488	N	N	banesto
2535	N	N	aznar
2565	N	N	ciu
2648	N	N	clinton
2737	N	N	iu
2741	N	N	efe
2784	N	N	luis
2789	N	N	pri
2810	N	N	josé
2869	N	N	bilbao
2871	N	N	iii
2967	N	N	felipe
2979	N	N	galicia
3004	N	N	pnv
3013	N	N	zaragoza
3042	N	N	xx
3101	N	N	ugt
3235	N	N	xviii
3239	N	N	ue
3367	N	N	granada
3407	N	N	ap
3423	N	N	abc
3484	N	N	córdoba
3488	N	N	francisco
3501	N	N	corrida
3502	A	A	provisional
3503	N	N	detenido
3504	N	N	hallazgo
3505	N	N	movilización
3506	C	P	en relación a
3508	N	N	desafío
3509	N	N	prisionero
3510	N	N	choque
3511	N	N	puto
3512	N	N	pelea
3513	N	N	mercancía
3514	N	N	teresa
3515	V	V	inducir
3516	N	N	docena
3518	A	A	anónimo
3519	N	N	vientre
3520	V	V	llover
3521	A	A	peculiar
3522	N	N	ascenso
3524	N	N	irregularidad
3526	N	N	gira
3528	V	V	interrogar
3530	A	A	criminal
3531	N	N	divisa
3532	A	A	cerebral
3534	V	V	reflexionar
3535	A	A	pacífico
3536	N	N	finanza
3537	C	C	excepto
3539	N	N	agenda
3541	N	N	nieto
3542	A	A	experimental
3544	V	V	anular
3545	N	N	fachada
3546	N	N	foro
3547	V	V	atrapar
3548	A	A	equivalente
3549	A	A	atento
3550	N	N	mierda
3552	N	N	alza
3553	A	A	celular
3554	N	N	distinción
3555	N	N	invitación
3556	D	R	simultáneamente
3557	N	N	era
3558	N	N	tentación
3559	N	N	reproducción
3561	N	N	vendedor
3562	A	A	desesperado
3563	A	A	verbal
3564	N	N	burguesía
3565	A	A	operativo
3566	N	N	sucesión
3567	V	V	averiguar
3568	V	V	suprimir
3569	A	A	silencioso
3570	A	A	confuso
3571	N	N	acta
3572	N	N	florida
3573	N	N	pesca
3574	N	N	gobernante
3575	V	V	velar
3576	A	A	eventual
3577	N	N	bruselas
3578	A	A	vano
3579	N	N	hielo
3580	A	A	crónico
3582	N	N	monarquía
3583	V	V	ahogar
3584	N	N	hierba
3585	D	R	sumamente
3586	V	V	enriquecer
3587	V	V	alargar
3588	A	A	pálido
3589	N	N	genio
3590	N	N	indicio
3591	N	N	agujero
3592	N	N	dimisión
3593	D	R	inicialmente
3594	A	A	transparente
3595	N	N	saco
3596	N	N	bebé
3597	N	N	ucd
3598	N	N	hectárea
3601	N	N	montón
3602	A	A	fotográfico
3603	N	N	restricción
3604	N	N	culto
3605	A	A	gallego
3606	N	N	criatura
3607	A	A	mutuo
3609	V	V	joder
3610	A	A	variable
3613	N	N	ambición
3614	N	N	eeuu
3615	N	N	irene
3616	N	N	castro
3617	N	N	león
3618	N	N	sustitución
3619	N	N	certeza
3620	N	N	fraude
3621	N	N	variante
3622	N	N	queja
3623	N	N	potencial
3625	A	A	vertical
3626	V	V	aliviar
3627	A	A	hondo
3628	A	A	oral
3629	N	N	mario
3630	A	A	suelto
3631	N	N	incertidumbre
3632	N	N	vapor
3635	N	N	propaganda
3636	N	N	significación
3637	V	V	deslizar
3638	N	N	demonio
3639	N	N	proposición
3640	A	A	dinámico
3641	N	N	vínculo
3642	N	N	afecto
3643	N	N	majestad
3644	N	N	celo
3647	N	N	densidad
3648	V	V	preceder
3649	N	N	mediados
3650	V	V	consagrar
3651	F	I	eh
3652	V	V	planear
3653	N	N	retiro
3654	A	A	discreto
3655	N	N	comedor
3656	N	N	convento
3657	A	A	mensual
3658	N	N	electricidad
3659	N	N	berlín
3660	N	N	carmen
3661	N	N	hueco
3662	N	N	trampa
3663	A	A	valenciano
3664	N	N	terapia
3665	N	N	carbón
3666	N	N	toque
3667	N	N	david
3668	N	N	variable
3669	A	A	televisivo
3670	V	V	rogar
3671	N	N	llamado
3672	N	N	perjuicio
3673	N	N	aplauso
3674	V	V	ilustrar
3675	N	N	cuero
3676	N	N	celda
3677	N	N	administrador
3678	N	N	guerrillero
3679	N	N	complejidad
3680	V	V	respaldar
3681	N	N	revés
3682	N	N	tve
3683	N	N	cintura
3685	N	N	cosecha
3686	N	N	azar
3687	N	N	dinámica
3688	N	N	pase
3689	N	N	eliminación
3690	N	N	rango
3692	N	N	parado
3694	A	A	alternativo
3695	D	R	básicamente
3696	A	A	voluntario
3697	N	N	retirado
3698	N	N	estatua
3699	N	N	vídeo
3700	N	N	foco
3701	N	N	comicios
3702	C	P	en torno al
3703	V	V	desatar
3705	C	C	bien que
3706	N	N	especialidad
3707	N	N	seguidor
3708	N	N	diego
3711	N	N	pañuelo
3712	D	R	de vez en cuando
3713	N	N	simpatía
3715	V	V	portar
3716	A	A	insuficiente
3717	A	A	depresivo
3718	V	V	oscilar
3719	A	A	psíquico
3720	D	R	tal y como
3721	A	A	gráfico
3722	A	A	invisible
3723	V	V	divertir
3725	N	N	aliento
3726	N	N	ficción
3727	N	N	deficiencia
3728	A	A	abstracto
3729	D	R	públicamente
3730	N	N	partícula
3731	N	N	cobertura
3732	N	N	víspera
3733	V	V	asentar
3734	N	N	pico
3735	N	N	analista
3736	N	N	adn
3737	A	A	impresionante
3738	A	A	irregular
3739	C	C	a saber
3740	N	N	molécula
3742	A	A	bruto
3743	N	N	manuel
3745	N	N	valladolid
3746	A	A	automático
3747	N	N	criado
3748	V	V	alegar
3749	N	N	seguimiento
3750	V	V	adornar
3751	A	A	gratuito
3752	A	A	inmóvil
3753	N	N	supuesto
3754	A	A	gigantesco
3755	N	N	pablo
3757	N	N	paraguay
3758	V	V	constatar
3759	V	V	coordinar
3760	N	N	pozo
3761	N	N	rector
3762	N	N	sobrino
3763	V	V	suministrar
3764	A	A	amoroso
3765	A	A	capitalista
3766	N	N	confederación
3767	V	V	adjudicar
3768	V	V	juntar
3769	N	N	aldea
3770	N	N	oxígeno
3771	A	A	digital
3772	N	N	xvi
3773	V	V	procesar
3774	N	N	india
3775	N	N	sesenta
3776	N	N	intimidad
3777	N	N	costa rica
3778	A	A	mediterráneo
3779	N	N	trimestre
3780	N	N	seminario
3781	N	N	pujol
3782	A	A	cálido
3783	N	N	reivindicación
3784	V	V	verificar
3785	V	V	poblar
3786	N	N	denominación
3788	N	N	generalitat
3789	D	R	frecuentemente
3790	N	N	porción
3792	N	N	árbitro
3793	N	N	trago
3794	N	N	oración
3795	N	N	acumulación
3796	N	N	máscara
3797	N	N	pesadilla
3799	N	N	san sebastián
3800	N	N	alcaldía
3801	N	N	grecia
3804	A	A	quieto
3805	N	N	perfección
3806	V	V	calmar
3807	N	N	marta
3808	N	N	admiración
3809	N	N	alfonso
3810	N	N	desorden
3811	A	A	expresivo
3812	V	V	alegrar
3814	A	A	consecutivo
3815	D	R	concretamente
3816	N	N	suicidio
3817	N	N	indicador
3818	N	N	capitalismo
3819	N	N	paraíso
3820	N	N	persecución
3821	N	N	monto
3822	N	N	bala
3823	N	N	pronóstico
3824	V	V	equivaler
3825	A	A	culpable
3826	N	N	navidad
3827	N	N	coincidencia
3828	N	N	contratación
3831	A	A	guapo
3832	N	N	repercusión
3833	N	N	inscripción
3834	N	N	costado
3836	V	V	evocar
3837	N	N	rito
3838	N	N	operador
3839	A	A	lateral
3840	A	A	docente
3841	N	N	alberto
3842	A	A	cruel
3843	V	V	evolucionar
3844	V	V	sujetar
3845	A	A	ausente
3846	N	N	censo
3847	N	N	lanzamiento
3848	N	N	delantero
3849	N	N	tortura
3850	N	N	discípulo
3852	N	N	xvii
3853	A	A	espléndido
3854	V	V	replicar
3855	D	R	estrictamente
3856	V	V	sancionar
3857	N	N	matemático
3858	N	N	africa
3859	N	N	holanda
3860	A	A	proveniente
3863	N	N	gobernación
3864	A	A	petrolero
3867	A	A	parecido
3868	V	V	impresionar
3869	N	N	aborto
3870	V	V	persistir
3871	A	A	maduro
3872	N	N	parto
3873	N	N	supervivencia
3874	V	V	tornar
3876	N	N	mineral
3877	N	N	barro
3878	N	N	reino unido
3880	N	N	asturias
3881	A	A	amargo
3883	N	N	palma
3886	A	A	tonto
3887	N	N	empate
3888	N	N	brigada
3889	N	N	alarma
3890	V	V	desmentir
3891	N	N	formato
3892	N	N	pariente
3893	N	N	bicicleta
3894	N	N	adversario
3896	A	A	metropolitano
3897	N	N	cocción
3898	N	M	catorce
3899	N	N	santander
3900	N	N	trama
3901	N	N	manteca
3902	A	A	mayoritario
3903	A	A	espontáneo
3904	N	N	empeño
3905	N	N	suiza
3906	N	N	cotización
3907	N	N	bailarín
3908	N	N	ferrocarril
3909	N	N	proximidad
3910	V	V	heredar
3911	N	N	fundador
3912	V	V	chocar
3913	N	N	cansancio
3914	N	N	instinto
3915	A	A	interminable
3916	V	V	sustentar
3917	A	A	palestino
3918	A	A	insólito
3919	N	M	trece
3920	V	V	dañar
3921	N	N	suárez
3922	V	V	especificar
3925	N	N	incapacidad
3926	N	N	sudor
3927	N	N	comarca
3929	N	N	elena
3930	N	N	inmigrante
3931	N	N	entendimiento
3934	N	N	dispositivo
3936	N	N	heredero
3937	N	N	virginia
3938	N	N	armonía
3940	N	N	marcos
3942	N	N	radiación
3943	N	N	fortaleza
3946	N	N	pauta
3947	N	N	rock
3948	N	N	permanencia
3949	V	V	sacrificar
3950	N	N	subvención
3951	A	A	potencial
3952	N	N	sello
3953	V	V	trascender
3954	V	V	remontar
3955	A	A	lindo
3956	D	R	de todos modos
3958	A	A	sistemático
3959	A	A	humilde
3960	N	N	indicación
3962	N	N	transcurso
3963	V	V	agravar
3964	N	N	joya
3965	V	V	manipular
3966	V	V	reanudar
3968	N	N	correspondencia
3969	A	A	recto
3970	V	V	articular
3972	A	A	contradictorio
3974	N	N	fomento
3975	N	N	fármaco
3977	N	N	almacén
3979	N	N	acero
3980	N	N	amanecer
3981	V	V	esforzar
3983	N	N	raúl
3984	N	N	catedrático
3985	N	N	enlace
3986	V	V	morder
3988	V	V	retornar
3989	N	N	billón
3990	A	A	superficial
3991	N	N	castilla
3992	N	N	órbita
3993	V	V	asombrar
3994	V	V	incidir
3995	N	N	egipto
3996	N	N	mozo
3997	N	N	cúpula
3998	A	A	ilustre
4000	D	R	despacio
4001	V	V	impartir
4002	N	N	nacionalismo
4003	N	N	monstruo
4004	A	A	rígido
4005	N	N	complicación
4006	A	A	cargado
4007	N	N	riego
4008	V	V	sobrepasar
4009	N	N	banco de españa
4010	N	N	antigüedad
4011	N	N	aislamiento
4012	N	N	redactor
4013	N	N	inspiración
4014	N	N	campamento
4015	V	V	acertar
4017	V	V	tolerar
4018	N	N	venganza
4019	N	N	interacción
4020	A	A	tributario
4021	A	A	presupuestario
4022	V	V	flotar
4023	N	N	cazador
4024	V	V	retrasar
4025	V	V	refugiar
4026	V	V	retroceder
4027	N	N	nostalgia
4028	A	A	marcado
4029	C	C	de ahí que
4030	N	N	mono
4031	N	N	sabiduría
4032	N	N	atracción
4033	N	N	rescate
4034	N	N	ente
4035	V	V	educar
4036	N	N	jugada
4037	V	V	sobrar
4038	N	N	hembra
4039	A	A	dependiente
4040	A	A	centroamericano
4041	N	N	lazo
4042	V	V	mojar
4043	N	N	ladrón
4044	N	N	prenda
4045	N	N	ramón
4046	A	A	tierno
4047	N	N	productividad
4048	N	N	innovación
4049	V	V	bloquear
4050	N	N	aproximación
4051	V	V	abundar
4052	N	N	futbolista
4053	N	N	ladrillo
4054	V	V	asentir
4055	N	N	max
4056	N	N	marcador
4057	N	N	lámina
4058	N	N	unión soviética
4059	N	N	bloqueo
4061	N	N	expedición
4062	N	N	antena
4063	D	R	propiamente
4064	A	A	horizontal
4066	V	V	movilizar
4067	N	N	sábana
4068	N	N	votante
4069	V	V	murmurar
4070	A	A	sutil
4071	N	N	grabación
4072	C	C	a la vez que
4074	D	R	sencillamente
4075	V	V	apoderar
4077	N	N	enmienda
4078	N	N	prd
4079	A	A	realista
4082	D	R	difícilmente
4083	D	R	por consiguiente
4084	N	N	narrador
4085	N	N	agricultor
4086	N	N	inauguración
4087	N	N	asilo
4088	V	V	interponer
4089	N	N	captura
4091	N	N	portero
4092	V	V	burlar
4093	N	N	motivación
4094	N	N	navarra
4095	A	A	blando
4096	V	V	albergar
4097	N	N	pretexto
4099	V	V	plantar
4100	N	N	asombro
4101	N	N	precedente
4102	N	N	revelación
4103	A	A	dominicano
4104	N	N	alusión
4106	N	N	rehén
4108	V	V	sumergir
4109	N	N	restauración
4110	A	A	ridículo
4111	A	A	fantástico
4112	N	N	repetición
4113	V	V	reponer
4114	C	P	gracias al
4115	N	N	isabel
4116	N	N	grabado
4117	A	A	andino
4118	N	N	bronce
4120	A	A	privilegiado
4121	N	N	pescador
4122	N	N	expulsión
4123	N	N	atleta
4124	N	N	lecho
4125	A	A	espeso
4126	N	N	malestar
4127	V	V	concurrir
4128	N	N	cercanía
4129	A	A	incómodo
4130	N	N	economista
4131	N	N	recorte
4132	V	V	disfrazar
4133	A	A	polémico
4134	N	N	interlocutor
4135	N	N	capilla
4137	D	R	supuestamente
4138	N	N	iv
4139	N	N	diámetro
4140	N	N	ternura
4141	N	N	insecto
4142	N	N	ayudante
4144	A	A	reservado
4145	N	N	obtención
4146	N	N	sendero
4148	N	N	muslo
4149	N	N	ganado
4150	N	N	cuenca
4152	N	N	ciudadanía
4153	A	A	defensivo
4154	N	N	canarias
4156	N	N	san juan
4157	N	N	indiferencia
4158	N	N	obsesión
4159	N	N	fabricante
4161	N	N	jerarquía
4162	N	N	metáfora
4163	N	N	financiamiento
4165	N	N	cajón
4166	N	N	puño
4168	D	R	parcialmente
4169	N	N	helicóptero
4170	N	N	quito
4171	A	A	medieval
4172	A	A	horrible
4173	N	N	viena
4174	A	A	salvaje
4175	V	V	preservar
4177	A	A	naval
4178	N	N	injusticia
4179	A	A	súbito
4180	A	A	molesto
4181	N	N	pino
4182	N	N	cirugía
4183	A	A	potente
4184	N	N	chocolate
4186	A	A	térmico
4188	N	N	algodón
4189	N	N	demostración
4191	D	R	obviamente
4192	V	V	volcar
4193	A	A	denso
4194	V	V	alentar
4195	N	N	articulación
4196	N	N	bono
4197	N	N	libra
4198	N	N	monseñor
4199	N	N	adhesión
4200	N	N	seda
4201	D	R	inclusive
4203	N	N	sucesor
4204	A	A	eficiente
4205	V	V	tranquilizar
4206	N	N	cee
4207	N	N	desesperación
4208	V	V	convivir
4209	N	N	vegetación
4210	N	N	túnel
4212	N	N	barcelona
4213	N	N	segmento
4214	N	N	rehabilitación
4215	N	N	salamanca
4216	V	V	almacenar
4217	N	N	jaime
4220	N	N	cádiz
4221	N	N	sed
4222	N	N	ironía
4224	N	N	corrección
4225	V	V	complicar
4226	N	N	configuración
4227	N	N	california
4228	N	N	procurador
4229	N	N	manipulación
4230	N	N	niebla
4231	N	N	toledo
4232	V	V	reportar
4233	N	N	implantación
4234	A	A	marítimo
4236	V	V	encarnar
4237	N	N	afp
4238	N	N	sargento
4239	A	A	hispano
4240	N	N	factura
4241	N	N	ilustración
4242	A	A	neto
4243	V	V	ensayar
4244	N	N	brillo
4245	N	N	modernización
4246	N	N	frustración
4247	A	A	sumo
4248	N	N	llanto
4249	V	V	verter
4250	N	N	roldán
4251	N	N	saludo
4252	A	A	lamentable
4253	N	N	estrato
4254	V	V	arder
4255	V	V	emerger
4256	V	V	fundir
4257	D	R	últimamente
4258	N	N	liderazgo
4259	N	N	málaga
4260	N	N	excusa
4261	N	N	diputación
4262	N	N	sumario
4263	N	M	séptimo
4264	A	A	indirecto
4266	V	V	precipitar
4267	N	N	requerimiento
4268	N	N	rafael
4269	N	N	protocolo
4270	V	V	brotar
4271	N	N	caos
4272	N	N	cocaína
4273	N	N	molestia
4274	N	N	bordo
4275	N	N	aragón
4276	D	R	fuertemente
4277	N	N	precaución
4278	N	N	vicio
4279	N	N	madurez
4280	V	V	potenciar
4281	N	N	optimismo
4282	A	A	distante
4283	N	N	acercamiento
4284	A	A	preventivo
4285	N	N	conducción
4286	A	A	cívico
4287	V	V	arrebatar
4289	V	V	decretar
4290	N	N	ratón
4291	N	N	ignorancia
4292	D	R	enfrente
4293	A	A	tenso
4294	N	N	disputa
4296	N	N	índole
4297	N	N	marqués
4298	V	V	conmover
4299	N	N	uña
4300	N	N	vinculación
4301	V	V	presenciar
4302	V	V	rozar
4303	N	N	desequilibrio
4304	N	N	recipiente
4305	N	N	ofensiva
4306	N	N	vencedor
4307	V	V	rematar
4308	A	A	supuesto
4309	A	A	sereno
4310	N	N	galo
4311	V	V	quebrar
4312	D	R	altamente
4313	N	N	monarca
4314	N	N	acusado
4316	N	N	arreglo
4317	N	N	mención
4319	N	N	dictador
4320	N	N	referéndum
4321	V	V	desencadenar
4323	V	V	complementar
4324	V	V	implantar
4325	N	N	duelo
4326	V	V	fingir
4327	N	N	ingeniería
4328	V	V	devorar
4329	D	R	puede que
4330	A	A	vasto
4331	D	R	políticamente
4332	A	A	demócrata
4333	V	V	destrozar
4334	N	N	espectro
4335	A	A	respiratorio
4336	A	A	clandestino
4337	V	V	privar
4338	A	A	imaginario
4339	N	N	fidelidad
4340	N	N	acierto
4341	N	N	campana
4343	N	N	promotor
4344	N	N	eduardo
4345	V	V	dificultar
4346	N	N	mortalidad
4347	C	P	además del
4348	N	N	abundancia
4349	V	V	infectar
4350	N	N	vih
4351	N	N	ingenio
4352	V	V	desbordar
4353	N	N	roberto
4354	N	N	servidor
4355	D	R	ampliamente
4356	N	N	cobre
4357	D	R	puramente
4358	N	N	polo
4359	N	N	especulación
4361	N	N	caña
4362	N	N	cerámica
4363	A	A	islámico
4364	N	N	telecomunicación
4365	N	N	compatriota
4366	N	N	arzobispo
4367	N	N	repertorio
4368	V	V	revolver
4369	N	N	lástima
4370	N	N	monopolio
4371	V	V	evidenciar
4373	N	N	cenizo
4374	F	I	vaya
4375	V	V	desembocar
4376	A	A	ibérico
4377	N	N	andrés
4378	V	V	sumir
4380	N	N	flota
4381	N	N	lobo
4382	N	N	aspirante
4383	A	A	nicaragüense
4384	N	N	legislatura
4385	A	A	coherente
4386	N	N	reconstrucción
4387	N	N	hongo
4388	N	N	magia
4389	N	N	gamo
4390	N	N	maquinaria
4391	A	A	boliviano
4392	A	A	alcohólico
4393	V	V	debilitar
4394	N	N	aroma
4395	N	N	amparo
4396	N	N	despedido
4397	N	N	ubicación
4399	N	N	clarín
4400	N	N	garcía
4401	V	V	aplastar
4402	N	N	apartamento
4403	N	N	ee uu
4404	N	N	bota
4405	V	V	enfriar
4407	A	A	móvil
4408	N	N	rentabilidad
4409	N	N	video
4410	A	A	destinado
4411	A	A	subjetivo
4412	V	V	felicitar
4413	N	N	alivio
4414	N	N	narración
4415	N	N	setenta
4416	N	N	banquero
4417	N	N	jurisdicción
4418	N	N	átomo
4419	N	N	calificación
4420	N	N	eficiencia
4421	A	A	subterráneo
4422	N	N	justificación
4423	N	N	maravilla
4424	N	N	desprecio
4425	A	A	favorito
4426	N	N	centroamérica
4428	N	N	bolívar
4429	N	N	discriminación
4430	N	N	carcajada
4431	V	V	navegar
4432	V	V	criar
4433	N	N	mediterráneo
4434	N	N	laura
4435	N	N	precipitación
4437	A	A	alimentario
4438	N	N	problemática
4439	N	N	paco
4440	A	A	inquieto
4441	V	V	insinuar
4442	N	N	pimienta
4443	N	N	confesión
4444	N	N	pastor
4445	A	A	explícito
4446	A	A	forestal
4447	N	N	énfasis
4448	N	N	altar
4449	C	P	debido al
4450	N	N	baloncesto
4451	N	N	dictamen
4452	A	A	sustancial
4453	N	N	gasolina
4454	A	A	sentimental
4455	V	V	prescindir
4456	A	A	erótico
4457	N	N	australia
4459	N	N	penumbra
4460	V	V	premiar
4461	V	V	asaltar
4462	N	N	gremio
4463	N	N	ortega
4464	N	N	trascendencia
4465	N	N	alicia
4466	N	N	charla
4467	N	N	hb
4468	N	N	intervalo
4469	C	P	a pesar del
4470	V	V	conferir
4471	A	A	tropical
4472	N	N	parámetro
4473	N	N	rebelión
4474	A	A	mudo
4475	C	P	conforme a
4477	V	V	explorar
4478	V	V	arrepentirse
4479	V	V	prevalecer
4480	N	N	catástrofe
4481	V	V	predominar
4482	V	V	recortar
4483	A	A	brusco
4484	N	N	exploración
4485	D	R	independientemente
4486	N	N	manga
4488	N	N	consolidación
4490	A	A	matemático
4493	N	N	carbono
4494	V	V	moler
4495	N	N	deportista
4497	N	N	desconfianza
4498	A	A	frágil
4499	A	A	guerrillero
4501	N	N	pedido
4502	N	N	burgos
4503	C	P	de cara a
4504	A	A	separado
4506	C	P	en base a
4507	N	N	importe
4509	N	N	saldo
4510	N	N	confrontación
4511	N	N	sugerencia
4512	N	N	moncloa
4513	N	N	encanto
4514	V	V	traicionar
4515	N	N	gigante
4516	A	A	ambicioso
4517	N	N	timbre
4520	A	A	marxista
4521	V	V	torear
4522	N	N	seña
4523	N	N	conveniencia
4524	N	N	tambor
4525	N	N	euskadi
4526	C	P	acerca del
4527	A	A	exagerado
4528	A	A	asociado
4529	N	N	trigo
4530	N	N	rastro
4531	A	A	indudable
4532	V	V	reposar
4533	N	N	normalidad
4534	N	N	macho
4535	N	N	infante
4536	N	N	bacteria
4538	A	A	fatal
4539	N	N	inseguridad
4540	N	N	realismo
4541	N	N	elector
4542	V	V	puntualizar
4543	N	N	tumor
4544	A	A	conceptual
4545	N	N	laguna
4546	V	V	apelar
4547	A	A	prestigioso
4548	N	N	extradición
4549	N	N	patología
4550	V	V	arriesgar
4551	V	V	complacer
4552	N	N	cañón
4554	N	N	tolerancia
4555	N	N	lata
4558	N	N	abrazo
4559	N	N	designación
4560	D	R	excesivamente
4561	A	A	quirúrgico
4562	V	V	demorar
4563	V	V	colar
4564	V	V	cancelar
4565	N	N	reclamo
4566	V	V	recobrar
4568	D	R	afortunadamente
4569	N	N	león
4570	N	N	bosnia
4571	N	N	escasez
4572	N	N	bestia
4573	V	V	eludir
4574	A	A	determinante
4576	V	V	derribar
4577	A	A	franco
4579	N	N	ficha
4580	N	N	volante
4581	N	N	inés
4582	D	R	continuamente
4583	A	A	aceptable
4584	N	N	catálogo
4585	D	R	libremente
4586	A	A	progresista
4587	N	N	autopista
4589	A	A	satisfactorio
4590	N	N	manta
4591	D	R	esencialmente
4592	N	N	escritorio
4594	N	N	diligencia
4595	N	N	boletín
4596	N	N	jorge
4597	A	A	pasivo
4598	V	V	emocionar
4600	A	A	barroco
4602	N	N	rodríguez
4603	N	N	inocencia
4604	A	A	materno
4606	V	V	bautizar
4607	N	N	mariana
4608	V	V	intuir
4609	A	A	sandinista
4610	A	A	solemne
4612	D	R	tradicionalmente
4613	N	N	delirio
4614	N	N	reagan
4616	V	V	conllevar
4617	V	V	adherir
4618	N	N	suministro
4619	N	N	matanza
4620	A	A	suizo
4621	N	N	globo
4622	N	N	certamen
4623	A	A	competente
4624	A	A	harto
4625	A	A	óptimo
4627	V	V	respectar
4628	N	N	amnistía
4630	N	N	eva
4631	V	V	internar
4632	A	A	afectado
4633	N	N	compuesto
4634	V	V	activar
4635	N	N	salvación
4636	A	A	burgués
4637	N	N	creatividad
4638	D	R	post merídiem
4639	N	N	firmeza
4640	N	N	cooperativa
4642	V	V	ofender
4643	N	N	caudillo
4644	N	N	gráfico
4645	N	N	fax
4646	N	N	pabellón
4647	N	N	pulso
4648	A	A	sabio
4649	N	N	cerro
4650	V	V	alojar
4651	N	N	credibilidad
4652	N	N	océano
4654	V	V	gestionar
4655	A	A	inconsciente
4657	N	N	cueva
4658	A	A	inverso
4659	V	V	alternar
4660	C	P	cosa de
4661	V	V	sentenciar
4663	N	N	constancia
4664	N	N	balanza
4665	D	R	seriamente
4666	A	A	sospechoso
4667	N	N	iberia
4668	N	N	oyente
4669	N	N	ira
4670	V	V	rebajar
4671	N	N	monasterio
4673	V	V	meditar
4674	N	N	fracción
4675	N	N	organizador
4676	A	A	rebelde
4677	V	V	transferir
4678	N	N	pinochet
4679	N	N	adopción
4680	N	N	asia
4681	N	N	serpiente
4682	N	N	vera
4683	N	N	implicación
4684	A	A	socioeconómico
4685	A	A	estúpido
4686	V	V	soplar
4687	N	N	estimación
4688	N	N	ochenta
4689	V	V	distraer
4690	N	N	embarcación
4691	N	N	portada
4692	D	R	lógicamente
4693	N	N	encargo
4694	N	N	ana
4696	N	N	validez
4697	V	V	copiar
4698	A	A	atlántico
4699	D	R	suavemente
4700	N	N	divorcio
4701	N	N	hormona
4702	V	V	insertar
4703	A	A	holandés
4704	N	N	bélgica
4705	A	A	inédito
4706	N	N	tribuna
4708	V	V	apresurar
4709	N	N	vena
4710	V	V	ingerir
4711	N	N	ordenamiento
4712	A	A	arquitectónico
4713	D	R	diariamente
4714	V	V	posar
4715	A	A	tibio
4716	A	A	musulmán
4717	N	N	jinete
4718	N	N	prado
4719	N	N	reposo
4720	N	N	cauce
4722	A	A	reconocido
4723	N	N	imposibilidad
4724	N	N	ramo
4725	N	N	tigre
4726	N	N	milán
4727	N	N	querella
4728	N	N	jefatura
4729	N	N	desfile
4731	A	A	borracho
4732	A	A	propicio
4733	A	A	atómico
4734	A	A	consistente
4735	N	N	raya
4736	N	N	vaticano
4737	D	R	específicamente
4738	N	N	santo domingo
4739	V	V	tumbar
4740	N	N	pib
4741	V	V	asimilar
4742	N	N	grandeza
4743	V	V	comparecer
4744	N	N	semestre
4745	N	N	subasta
4746	A	A	bilateral
4747	V	V	amparar
4748	N	N	suecia
4749	A	A	continental
4750	N	N	vocero
4751	N	N	pánico
4752	A	A	interesado
4754	V	V	encoger
4755	N	N	tomás
4756	N	N	engaño
4757	N	N	tribu
4758	A	A	preparado
4760	A	A	fronterizo
4761	N	N	brujo
4763	V	V	despojar
4764	N	N	cubierta
4765	N	N	computadora
4766	N	N	tour
4767	N	N	compensación
4768	V	V	postular
4771	N	N	traición
4772	D	R	considerablemente
4773	A	A	sanguíneo
4774	A	A	bravo
4775	V	V	escurrir
4776	N	N	parroquia
4777	A	A	vulgar
4778	V	V	despreciar
4780	N	N	catalunya
4781	N	N	fujimori
4782	V	V	exceder
4783	N	N	comprador
4784	N	N	modernidad
4785	N	N	rutina
4786	A	A	brutal
4787	N	N	yema
4788	N	N	reportero
4789	A	A	tardío
4790	N	N	casa blanca
4791	N	N	subsecretario
4792	N	N	urbanización
4793	N	N	fusil
4794	N	N	envío
4795	N	N	gabriel
4796	N	N	dureza
4797	N	N	negativa
4799	A	A	nulo
4800	N	N	perejil
4801	N	N	protagonismo
4802	A	A	narrativo
4803	N	N	módulo
4804	A	A	notorio
4805	A	A	transitorio
4806	N	N	ecuación
4807	A	A	helado
4808	V	V	encarar
4809	D	R	al fin y al cabo
4810	V	V	reprimir
4811	N	N	terremoto
4812	V	V	deteriorar
4813	N	N	cucharadita
4815	V	V	exportar
4816	A	A	contundente
4817	N	N	oriente
4818	N	N	molde
4819	N	N	cuadra
4820	N	N	complicidad
4821	V	V	retomar
4822	N	N	faena
4823	A	A	nuboso
4824	V	V	dimitir
4825	A	A	inminente
4826	V	V	vaciar
4827	V	V	posibilitar
4828	N	N	polonia
4829	N	N	colocación
4830	V	V	traspasar
4831	A	A	minero
4832	N	N	bando
4834	N	N	comunismo
4835	N	N	corteza
4836	N	N	cuesta
4837	V	V	enmarcar
4838	N	N	complemento
4839	V	V	fundamentar
4840	A	A	demográfico
4841	V	V	aislar
4843	V	V	estructurar
4846	V	V	reafirmar
4847	N	N	umbral
4848	N	N	lienzo
4849	A	A	unitario
4850	N	N	mm
4851	N	N	falla
4852	N	N	escudo
4853	N	N	latinoamérica
4854	V	V	restablecer
4855	V	V	desvelar
4856	A	A	desagradable
4857	N	N	inclinación
4858	A	A	feroz
4859	V	V	entusiasmar
4860	N	M	veinticinco
4862	N	N	portal
4864	N	N	legalidad
4865	N	N	capricho
4866	N	N	almirante
4867	N	N	exhibición
4868	N	N	gafo
4869	N	N	chicago
4870	N	N	serenidad
4871	A	A	consiguiente
4873	N	N	televisor
4874	N	N	picasso
4875	V	V	entretener
4876	N	N	golfo
4877	N	N	consigna
4879	V	V	tejer
4880	N	N	aguja
4882	A	A	exquisito
4883	A	A	radiofónico
4884	N	N	jerusalén
4885	A	A	pictórico
4886	N	N	indemnización
4887	V	V	excitar
4888	N	N	mosca
4890	N	N	furia
4891	N	N	tregua
4893	N	N	cemento
4896	N	N	trayecto
4897	N	N	ginebra
4898	C	P	rumbo a
4899	V	V	intercambiar
4900	V	V	incurrir
4901	N	N	estampa
4902	V	V	acontecer
4903	N	N	melodía
4904	C	C	mal que
4905	V	V	estrechar
4906	A	A	furioso
4907	N	N	cruce
4908	N	N	luisa
4909	N	N	cuñado
4910	N	N	procedencia
4911	N	N	murcia
4912	V	V	cursar
4913	N	N	atlántico
4914	A	A	susceptible
4915	N	N	mentalidad
4916	V	V	acreditar
4917	N	N	inversor
4918	C	C	de forma que
4919	N	N	concertación
4920	N	N	razonamiento
4921	N	N	compás
4922	N	N	adolescencia
4924	A	A	repleto
4925	D	R	he
4926	V	V	disculpar
4929	V	V	recaer
4930	A	A	prudente
4931	A	A	indiferente
4933	A	A	mítico
4934	N	M	doscientos
4935	N	N	cheque
4936	V	V	diferir
4937	N	N	ballet
4938	C	P	con respecto al
4939	A	A	innumerable
4940	N	N	vacuna
4941	A	A	pertinente
4942	N	N	entierro
4943	N	N	marx
4945	A	A	ingenuo
4946	N	N	enrique
4947	N	N	desigualdad
4948	V	V	cazar
4949	N	N	decoración
4950	N	N	mendoza
4951	N	N	aprovechamiento
4952	N	N	oscar
4953	A	A	lírico
4954	N	N	javier
4955	N	N	áfrica
4956	V	V	irritar
4957	N	N	palomo
4958	V	V	empatar
4959	V	V	decorar
4960	R	Q	sendos
4961	N	N	intuición
4962	V	V	diluir
4963	D	R	nada menos que
4964	N	N	formulación
4966	N	N	freno
4967	V	V	dialogar
4968	N	N	atardecer
4969	N	N	hitler
4971	V	V	inundar
4972	N	N	cartón
4973	V	V	teñir
4974	V	V	aburrir
4975	N	N	bondad
4976	N	N	josé maría aznar
4977	A	A	acompañado
4978	N	N	moción
4979	N	N	los angeles
4981	N	N	auditorio
4982	A	A	afectivo
4983	V	V	aferrar
4984	N	N	certificado
4985	N	N	rata
4986	V	V	ostentar
4987	N	N	muelle
4988	A	A	imperial
4989	V	V	encomendar
4991	N	N	porvenir
4992	N	N	seriedad
4993	N	N	colón
4994	N	N	diana
4995	A	A	magnético
4996	N	N	recaudación
4997	N	N	centavo
4999	A	A	mediado
5000	N	N	rebelde
5001	N	N	culo
5002	N	N	víctor
5003	D	R	cuidadosamente
5004	N	N	armamento
5005	V	V	frustrar
5006	N	N	circo
5007	A	A	sombrío
5008	N	N	cabecera
5009	V	V	filmar
5010	N	N	pepe
5011	A	A	vago
5012	A	A	trasero
5014	N	N	centenario
5015	C	P	cara a
5016	D	R	abiertamente
5017	N	N	juguete
5018	N	N	la paz
5019	N	N	auxilio
5020	V	V	liderar
5021	N	N	nudo
5022	N	N	hollywood
5023	N	N	trapo
5024	N	N	interrogante
5025	A	A	innecesario
5026	V	V	reinar
5027	N	N	metodología
5028	A	A	detenido
5029	A	A	concentrado
5030	N	N	batería
5031	N	N	gregorio
5032	N	N	dc
5033	N	N	cólera
5035	A	A	fisiológico
5036	N	N	vertiente
5037	N	N	irán
5038	V	V	congelar
5039	A	A	semanal
5040	N	N	auge
5041	N	N	camarada
5042	N	N	sirviente
5043	N	N	don juan
5044	V	V	perfilar
5045	N	N	localización
5046	N	N	mármol
5047	N	N	mantequilla
5048	N	N	tenor
5049	A	A	ministerial
5050	N	N	corbata
5051	A	A	implacable
5052	V	V	abonar
5053	N	N	mitin
5054	N	N	aviación
5055	A	A	audiovisual
5057	N	N	popularidad
5058	N	N	liberalismo
5059	N	N	moto
5060	N	N	esplendor
5061	N	N	apetito
5062	N	N	insulto
5063	N	N	acera
5064	N	N	insistencia
5065	N	N	lema
5066	A	A	mercantil
5067	N	N	fauna
5068	N	N	crío
5069	N	N	cadera
5070	N	N	recta
5071	V	V	descargar
5072	N	N	interesado
5073	V	V	plasmar
5074	N	N	elevación
5075	V	V	actualizar
5076	N	N	oviedo
5077	A	A	sonriente
5078	N	N	enzima
5079	V	V	enfatizar
5080	A	A	detallado
5081	N	N	invención
5082	V	V	adorar
5083	V	V	avalar
5084	N	N	prudencia
5085	A	A	asiático
5086	A	A	rotundo
5087	A	A	valiente
5088	N	N	reestructuración
5089	N	N	convergencia
5090	N	N	chiapas
5091	N	N	cineasta
5092	N	N	culpable
5094	N	N	consorcio
5095	N	N	ordenación
5096	N	N	frasco
5097	N	M	sesenta
5098	N	N	refuerzo
5099	N	N	insomnio
5100	N	N	conspiración
5101	N	N	terminal
5102	A	A	solidario
5103	C	P	referente a
5105	A	A	bélico
5106	V	V	reventar
5107	N	N	sondeo
5108	N	N	capacitación
5109	N	N	lana
5110	V	V	coronar
5111	N	N	competitividad
5113	N	N	kg
5114	N	N	comercialización
5115	N	N	menem
5116	N	N	extinción
5117	N	N	austria
5118	N	N	táctico
5119	A	A	marginal
5120	A	A	guatemalteco
5121	N	N	jazz
5122	A	A	aproximado
5123	V	V	duplicar
5124	N	N	plomo
5125	N	N	reparación
5126	N	N	inmigración
5127	A	A	estupendo
5128	A	A	monumental
5130	N	N	unanimidad
5131	N	N	impotencia
5132	N	N	catalina
5133	N	N	eliminatoria
5134	N	N	abismo
5135	D	R	conjuntamente
5136	N	N	goya
5137	N	N	artefacto
5138	N	N	discrepancia
5139	A	A	dotado
5140	N	N	muralla
5141	V	V	sobresalir
5142	A	A	aplicable
5143	N	N	dotación
5144	N	N	docente
5145	A	A	étnico
5146	A	A	incierto
5147	N	N	disgusto
5148	N	N	elogio
5149	N	N	constructor
5150	N	N	calcio
5151	V	V	largar
5152	N	N	fray
5153	N	N	torno
5154	V	V	reformar
5155	N	N	temblor
5156	N	N	laberinto
5157	D	R	económicamente
5159	V	V	liquidar
5160	V	V	sintetizar
5161	A	A	heroico
5162	N	N	procesión
5163	N	N	comodidad
5164	V	V	obrar
5165	V	V	rebasar
5166	N	N	imposición
5167	N	N	conversión
5168	A	A	agropecuario
5169	N	N	alerta
5170	V	V	despejar
5172	A	A	periférico
5173	N	N	cese
5174	N	N	homicidio
5175	A	A	geométrico
5176	N	N	residente
5177	A	A	previsible
5178	V	V	simular
5179	A	A	simultáneo
5180	N	N	olla
5181	A	A	autoritario
5183	N	N	amplitud
5184	A	A	sordo
5185	N	N	moro
5186	N	N	chorro
5187	A	A	uruguayo
5188	D	R	progresivamente
5189	N	N	ritual
5190	V	V	descuidar
5191	N	N	fatiga
5193	A	A	estudiantil
5194	N	N	subsidio
5195	N	N	coherencia
5196	N	N	manual
5197	N	N	guante
5198	N	N	integridad
5199	A	A	primordial
5200	A	A	costoso
5201	N	N	rencor
5202	N	M	dieciocho
5203	N	N	coyuntura
5204	N	N	martínez
5205	N	N	renacimiento
5207	V	V	reaparecer
5208	D	R	correctamente
5209	N	N	plantel
5210	A	A	admirable
5211	N	N	pce
5212	N	N	windows
5213	N	N	retención
5214	N	N	perón
5215	N	N	bus
5216	A	A	insoportable
5217	N	N	franja
5218	N	N	comparecencia
5219	V	V	discurrir
5220	V	V	igualar
5221	V	V	seducir
5222	N	N	sabio
5223	N	N	dedicación
5224	V	V	delimitar
5225	V	V	lesionar
5226	D	R	paralelamente
5227	N	N	lapso
5228	N	N	novelista
5229	N	N	clausura
5230	C	P	con relación a
5231	N	N	bandeja
5232	N	N	trono
5233	N	N	inversionista
5234	N	N	fidel castro
5235	N	N	electrón
5236	N	N	prostituto
5237	N	N	supresión
5238	A	A	humanitario
5239	N	N	congresista
5240	V	V	estremecer
5241	V	V	intensificar
5242	N	N	pacífico
5243	N	N	plenitud
5244	D	R	curiosamente
5245	V	V	percatar
5247	N	N	caridad
5249	N	N	parcela
5250	A	A	flexible
5251	N	N	san francisco
5253	A	A	flojo
5254	N	N	ladero
5255	N	N	juan
5256	N	N	tinta
5257	N	N	litoral
5258	N	N	chiste
5259	V	V	perfeccionar
5260	V	V	humillar
5261	A	A	prioritario
5262	V	V	extinguir
5263	V	V	erguir
5264	N	N	caudal
5265	A	A	egipcio
5266	A	A	óptico
5267	V	V	detallar
5268	N	N	yugoslavia
5269	N	M	noveno
5270	V	V	recrear
5271	V	V	recalcar
5272	N	N	anterioridad
5273	N	N	armada
5274	N	N	julia
5276	N	N	exactitud
5277	N	N	fmi
5278	N	N	fraga
5279	A	A	celeste
5280	N	N	marinero
5281	N	N	triángulo
5283	V	V	recitar
5284	N	N	cirujano
5285	N	N	tercer mundo
5286	N	N	lópez
5287	V	V	transitar
5288	N	N	bulto
5289	N	N	chimenea
5290	V	V	instar
5291	A	A	originario
5292	N	N	secta
5293	N	N	inmueble
5294	N	N	bolívar
5295	V	V	repasar
5296	N	N	iluminación
5297	V	V	suicidarse
5298	V	V	restaurar
5299	N	N	yacimiento
5300	A	A	canario
5301	V	V	reprochar
5302	N	N	relevo
5303	D	R	adecuadamente
5305	A	A	rentable
5306	V	V	enfocar
5307	N	N	colina
5309	V	V	torturar
5310	N	N	transacción
5311	N	N	rtve
5312	N	N	whisky
5313	A	A	flaco
5314	V	V	rondar
5315	V	V	derrumbar
5317	C	P	en dirección a
5318	A	A	hábil
5319	N	N	carolina
5321	V	V	sudar
5322	N	N	elegancia
5323	N	N	barril
5324	A	A	miserable
5325	N	N	apreciación
5326	N	N	pérez
5327	N	N	iva
5329	N	N	legitimidad
5330	V	V	aplazar
5331	N	N	efectividad
5332	N	N	inclusión
5333	N	N	utopía
5334	N	N	semejanza
5335	N	N	donación
5336	A	A	sofisticado
5337	A	A	criollo
5338	N	N	festejo
5340	V	V	invocar
5341	N	N	juan pablo ii
5342	A	A	irónico
5343	N	N	inestabilidad
5344	N	N	realizador
5345	N	N	melancolía
5346	A	A	intacto
5347	N	N	ptas
5348	N	N	tanque
5349	V	V	pudrir
5351	N	N	piedad
5352	N	N	pamplona
5353	N	N	disponibilidad
5354	N	N	prólogo
5355	A	A	conflictivo
5358	A	A	alimenticio
5359	N	N	absorción
5360	V	V	apurar
5361	N	N	conformidad
5362	A	A	puntual
5363	N	N	anfitrión
5364	N	N	abstracción
5365	V	V	planificar
5367	A	A	hospitalario
5368	N	N	disolución
5369	A	A	ansioso
5370	A	A	perpetuo
5371	V	V	regar
5372	N	N	oveja
5374	N	N	silueta
5375	N	N	bodega
5376	N	N	ricardo
5377	N	N	millar
5378	N	N	superioridad
5379	N	N	decadencia
5380	A	A	idóneo
5381	V	V	impregnar
5382	A	A	ofensivo
5383	D	R	cuanto antes
5384	N	N	semifinal
5386	A	A	virtual
5388	N	N	cláusula
5389	N	N	vestuario
5390	N	N	tertulio
5391	N	N	pc
5392	N	N	paja
5393	A	A	disperso
5394	N	N	ocio
5396	N	N	samper
5398	N	N	retórico
5399	N	N	lealtad
5400	N	N	carpeto
5401	A	A	gótico
5402	N	N	extremidad
5403	N	N	flexibilidad
5404	N	M	octavo
5405	V	V	consolar
5406	V	V	indignar
5407	A	A	indiscutible
5408	N	N	contracción
5409	N	N	penetración
5410	A	A	genial
5411	V	V	resucitar
5412	N	N	despliegue
5413	N	N	remate
5414	A	A	honesto
5415	V	V	consignar
5416	N	N	guerrero
5417	N	N	cima
5418	N	N	asentamiento
5419	N	N	cobro
5420	A	A	culto
5421	A	A	ecuatoriano
5422	N	N	franquismo
5423	N	N	priista
5424	N	N	micrófono
5425	N	N	nuca
5426	N	N	peregrino
5427	N	N	biología
5428	N	N	huésped
5429	V	V	insultar
5430	V	V	atentar
5431	A	A	ilícito
5432	V	V	industrializar
5433	A	A	natal
5434	N	N	pureza
5435	N	N	vinagre
5436	V	V	derramar
5437	N	N	procesamiento
5438	N	N	contribuyente
5439	V	V	arrodillar
5440	N	N	alquiler
5441	A	A	serbio
5442	D	R	notablemente
5443	A	A	arqueológico
5444	N	N	nobleza
5445	V	V	enlazar
5447	A	A	panameño
5448	V	V	revestir
5449	V	V	contradecir
5450	V	V	rellenar
5451	N	N	susto
5452	N	N	multinacional
5453	A	A	cardíaco
5454	N	N	freud
5455	N	N	intermediario
5456	A	A	exento
5457	N	N	mercedes
5458	N	N	pertenencia
5459	N	N	milenio
5460	V	V	abstener
5461	N	N	zanahorio
5462	A	A	apasionado
5463	N	N	huida
5464	N	N	usa
5465	N	N	lentitud
5467	N	N	patrono
5468	N	N	directorio
5469	N	N	mama
5470	V	V	avergonzar
5471	N	N	levantamiento
5472	N	N	leña
5473	N	N	demócrata
5474	V	V	rallar
5475	N	N	textura
5476	N	N	irak
5477	N	N	descarga
5478	A	A	adverso
5479	N	N	antepasado
5480	A	A	centrado
5481	V	V	arruinar
5482	N	N	misil
5483	A	A	amistoso
5484	N	N	membrana
5485	V	V	subsistir
5486	N	N	lío
5487	A	A	implícito
5488	A	A	acorde
5489	V	V	desnudar
5491	D	R	cuando menos
5492	N	N	jordi pujol
5493	D	R	automáticamente
5494	N	N	habla
5495	N	N	lomo
5496	A	A	torpe
5497	N	N	cali
5498	N	N	narcotraficante
5499	V	V	salpicar
5500	N	N	apelación
5501	N	N	colesterol
5502	A	A	inquietante
5503	A	A	evolutivo
5504	N	N	juan carlos
5505	N	N	riñón
5506	V	V	arribar
5507	N	N	paradoja
5508	A	A	pesquero
5509	A	A	salvadoreño
5510	N	N	bill clinton
5511	N	N	etiqueta
5512	A	A	empírico
5513	N	N	goma
5514	V	V	clausurar
5515	D	R	debidamente
5516	N	M	dieciséis
5517	A	A	preocupante
5518	N	N	guadalajara
5519	N	N	pilar
5520	D	R	desgraciadamente
5521	A	A	despejado
5522	N	N	delincuencia
5523	N	N	insuficiencia
5524	N	N	ponencia
5525	N	N	trofeo
5526	N	N	vivencia
5527	N	N	panel
5528	N	N	sexualidad
5529	N	N	fernández
5530	N	N	quehacer
5531	N	N	vómito
5532	V	V	instruir
5534	A	A	acusado
5535	N	N	matrícula
5536	N	N	despido
5537	N	N	arroyo
5538	N	N	flecha
5539	V	V	erigir
5541	N	N	mary
5542	A	A	recomendable
5543	N	N	indignación
5544	V	V	fusilar
5545	A	A	preferible
5546	V	V	abatir
5547	D	R	físicamente
5548	A	A	penitenciario
5549	N	N	garzón
5550	N	N	gorbachov
5552	A	A	repentino
5553	N	N	custodio
5554	N	N	entraña
5555	A	A	sentado
5556	A	A	mineral
5557	V	V	encarcelar
5558	V	V	desvanecer
5559	N	N	tontería
5560	N	N	párpado
5561	N	N	ademán
5562	N	N	anomalía
5563	N	N	conejo
5564	N	N	medianoche
5565	V	V	amanecer
5566	N	N	inundación
5567	N	N	clara
5568	N	N	mario conde
5570	N	N	velázquez
5571	N	N	nuez
5572	A	A	callejero
5573	A	A	grato
5575	N	N	vejez
5576	V	V	inquietar
5577	V	V	confeccionar
5578	N	N	psicólogo
5579	N	M	veinticuatro
5580	N	N	ida
5581	N	N	crucero
5582	N	N	telescopio
5583	N	N	carnaval
5584	V	V	fascinar
5585	N	N	estatura
5586	V	V	progresar
5587	N	N	veneno
5588	V	V	consumar
5589	N	N	movilidad
5590	A	A	precario
5591	N	N	lisboa
5592	N	N	escultor
5593	N	N	álbum
5594	A	A	considerado
5595	V	V	consentir
5596	D	R	anualmente
5597	N	M	ii
5598	A	A	patriótico
5599	N	N	adorno
5600	N	N	los
5602	D	R	formalmente
5604	V	V	fluir
5605	N	N	clavo
5607	N	N	medellín
5608	N	N	pirámide
5609	A	A	apto
5610	N	N	escalón
5611	N	N	cereal
5612	V	V	expandir
5613	V	V	hinchar
5614	V	V	unificar
5615	N	N	ecosistema
5616	A	A	indefinido
5617	N	N	predominio
5618	N	N	relleno
5619	N	N	ceja
5620	N	N	cátedra
5621	V	V	agredir
5622	N	N	asco
5623	A	A	acertado
5624	N	N	lente
5625	A	A	precedente
5626	N	N	rosario
5627	V	V	improvisar
5628	N	N	jaula
5629	V	V	vislumbrar
5630	V	V	acarrear
5631	N	N	rodaje
5632	A	A	fugaz
5633	N	N	coraje
5634	V	V	estrellar
5635	A	A	resultante
5636	A	A	diminuto
5637	N	N	ganadería
5638	A	A	protector
5640	N	N	puñado
5641	N	N	césar
5642	V	V	enredar
5643	V	V	alarmar
5644	N	N	filial
5645	A	A	patente
5646	N	N	atlanta
5647	N	N	república dominicana
5648	V	V	florecer
5649	D	R	permanentemente
5652	N	N	extremadura
5653	A	A	siniestro
5654	A	A	eclesiástico
5655	A	A	triple
5656	V	V	perturbar
5657	N	N	controversia
5658	V	V	barrer
5660	N	N	retroceso
5661	A	A	lineal
5662	N	N	exclusión
5663	D	R	extremadamente
5664	N	N	consuelo
5665	N	N	desempeño
5666	A	A	genérico
5667	N	N	porqué
5668	A	A	iberoamericano
5669	N	N	poblador
5670	D	R	expresamente
5671	N	N	trance
5672	V	V	descomponer
5673	D	R	bruscamente
5674	N	N	bote
5675	N	N	quiebra
5676	V	V	diagnosticar
5677	V	V	desfilar
5678	V	V	envejecer
5679	N	N	carajo
5680	N	N	cuna
5681	N	N	devoción
5682	N	N	facción
5683	A	A	asombroso
5684	A	A	compacto
5685	N	N	correlación
5686	V	V	contagiar
5687	N	N	pilar
5688	V	V	irrumpir
5689	N	N	mejoramiento
5690	A	A	sangriento
5691	V	V	espantar
5692	N	N	acompañante
5693	V	V	susurrar
5696	N	N	gitano
5697	N	N	licor
5699	N	N	cortés
5700	N	N	atribución
5701	D	R	antaño
5702	A	A	casado
5704	A	A	peninsular
5706	V	V	indagar
5708	N	N	managua
5709	A	A	atmosférico
5710	N	N	pipa
5711	V	V	encubrir
5712	N	N	prosa
5713	V	V	frotar
5714	N	N	sánchez
5715	V	V	alertar
5716	N	N	contienda
5717	N	N	alfonso guerra
5718	N	N	biblia
5719	N	N	artesano
5720	N	N	itinerario
5721	N	N	oso
5722	A	A	querido
5723	N	N	favorito
5725	N	N	descendiente
5726	A	A	puertorriqueño
5727	V	V	desafiar
5728	N	N	sirena
5729	N	N	cromosoma
5730	N	N	patrulla
5732	N	N	tributo
5733	N	N	llamamiento
5735	N	N	natalia
5736	A	A	autorizado
5739	A	A	comprometido
5740	A	A	glorioso
5741	V	V	topar
5742	N	N	violín
5743	V	V	oscurecer
5744	D	R	radicalmente
5745	A	A	expreso
5746	N	N	setiembre
5747	A	A	ambiguo
5748	N	N	oliva
5750	N	N	suegro
5751	N	N	operativo
5752	A	A	enérgico
5753	A	A	electo
5754	A	A	burocrático
5755	N	N	hazaña
5756	A	A	molecular
5757	V	V	recaudar
5758	N	N	etarra
5759	N	N	zedillo
5760	N	N	epidemia
5761	N	N	tallo
5762	N	N	proveedor
5763	N	N	xv
5764	N	N	máxima
5765	N	N	migración
5766	N	N	réplica
5767	V	V	adentrarse
5768	A	A	graso
5769	N	N	sinfonía
5770	A	A	complutense
5771	N	N	mérida
5773	N	N	merced
5774	V	V	arrasar
5775	V	V	habilitar
5776	N	N	cochabamba
5777	N	N	generosidad
5778	V	V	frecuentar
5780	N	N	carlos
5781	N	N	asignatura
5782	N	N	embargo
5783	N	N	cráneo
5784	N	N	julián
5785	N	N	diversión
5786	N	N	rotación
5787	N	N	bastón
5789	N	N	relevancia
5791	N	N	pro
5792	V	V	pescar
5793	N	N	pimiento
5794	N	N	hegemonía
5795	N	N	ce
5796	A	A	deseable
5798	V	V	comercializar
5799	N	N	yeltsin
5800	A	A	farmacéutico
5801	A	A	arbitrario
5802	A	A	sociológico
5803	D	R	de antemano
5804	N	N	interrogatorio
5805	N	N	patrocinio
5806	N	N	la coruña
5807	N	N	tope
5808	N	N	atenas
5809	N	N	recital
5810	N	N	equipamiento
5811	N	N	cronista
5812	N	N	municipalidad
5813	D	R	inevitablemente
5814	N	N	feto
5815	N	N	mafia
5816	N	N	patada
5817	N	N	manto
5818	N	N	rebaja
5819	D	R	legalmente
5820	V	V	rectificar
5821	N	N	premisa
5822	N	N	veterano
5823	N	N	inyección
5824	N	N	venecia
5825	N	N	burla
5826	N	N	condicionamiento
5827	N	N	cordón
5830	N	N	pupilo
5831	A	A	climático
5832	D	R	indudablemente
5833	N	N	contorno
5834	A	A	resistente
5835	V	V	fotografiar
5836	A	A	hostil
5837	D	R	meramente
5839	A	A	exigente
5840	N	N	solana
5841	A	A	análogo
5843	N	N	hemisferio
5844	N	N	vi
5845	N	N	pianista
5846	V	V	suplicar
5847	C	C	conforme
5848	V	V	culpar
5849	V	V	empapar
5850	N	N	decenio
5851	N	N	noroeste
5852	N	N	sociología
5853	V	V	prosperar
5854	V	V	capacitar
5855	A	A	inolvidable
5856	N	N	negación
5857	N	N	geometría
5858	N	N	astro
5859	N	N	interrupción
5860	A	A	exótico
5861	V	V	amarrar
5862	N	N	lavado
5863	N	N	resonancia
5864	N	N	suspiro
5865	V	V	enumerar
5866	A	A	colorado
5868	V	V	divisar
5869	N	N	naturalidad
5870	N	N	bombardeo
5871	A	A	compatible
5872	N	N	tango
5873	A	A	encantado
5874	N	N	san josé
5875	N	N	espina
5876	N	N	son
5877	N	N	reja
5879	V	V	concertar
5880	N	N	test
5881	A	A	usual
5882	N	N	mutación
5884	N	N	trujillo
5885	N	N	profesorado
5886	N	N	curación
5887	A	A	delicioso
5889	N	N	fidel
5890	N	N	irlanda
5891	V	V	despachar
5892	N	N	ignacio
5894	N	N	chofer
5895	N	N	distrito federal
5896	N	N	criminal
5897	V	V	charlar
5898	A	A	gracioso
5899	A	A	afortunado
5900	A	A	soberano
5901	V	V	coser
5902	N	N	gómez
5903	N	N	psicosis
5904	N	N	vocal
5905	N	N	desacuerdo
5906	N	N	extracción
5908	N	N	espía
5909	A	A	legendario
5910	N	N	peón
5911	V	V	enloquecer
5912	N	N	aviraneta
5913	V	V	predecir
5914	A	A	cómico
5915	N	N	óptico
5916	N	N	serbio
5917	N	N	latín
5919	N	N	atributo
5920	A	A	óseo
5921	N	N	degradación
5922	V	V	exaltar
5923	A	A	acelerado
5924	A	A	cruzado
5925	C	P	respecto del
5927	N	N	nobel
5929	A	A	diferencial
5930	V	V	apetecer
5931	N	N	contrabando
5932	N	N	ordenanza
5933	N	N	eternidad
5934	D	R	lamentablemente
5935	V	V	desechar
5936	N	N	ciclista
5937	N	N	gestor
5938	A	A	intensivo
5939	A	A	psiquiátrico
5940	A	A	despierto
5941	A	A	subversivo
5942	N	N	colmo
5943	A	A	encendido
5945	N	N	montevideo
5946	A	A	ardiente
5947	N	N	claustro
5948	N	N	mariposa
5951	N	N	locutor
5952	N	N	reconciliación
5953	N	N	navegación
5954	N	N	sofía
5955	N	N	fianza
5956	N	N	ganadero
5957	N	N	gil
5958	N	N	argelia
5959	N	N	impunidad
5961	A	A	proporcional
5962	D	R	nomás
5963	N	N	euforia
5964	N	N	esqueleto
5965	N	N	rubro
5966	N	N	supervisión
5967	A	A	analítico
5968	N	N	electorado
5969	N	N	intoxicación
5970	N	N	verbo
5971	N	N	consistencia
5972	N	N	vizcaya
5973	V	V	revivir
5974	N	N	cuantía
5976	N	N	mejoría
5977	N	N	poblado
5978	A	A	parado
5979	N	N	comuna
5980	N	N	escolta
5981	A	A	rítmico
5982	V	V	pulsar
5983	N	N	confirmación
5984	N	N	medición
5985	N	N	boe
5986	A	A	comparable
5987	V	V	emanar
5988	N	N	manuscrito
5989	N	N	psiquiatra
5990	A	A	penoso
5992	A	A	informal
5993	V	V	trepar
5994	N	N	desviación
5995	V	V	nutrir
5996	N	N	plantación
5997	N	N	rienda
5998	V	V	canalizar
5999	N	N	clic
6000	N	N	fijación
6001	A	A	novedoso
6002	V	V	vacilar
6003	V	V	abusar
6004	A	A	formidable
6005	V	V	notificar
6006	N	N	contemplación
6007	N	N	carlota
6008	N	N	haití
6009	N	N	euro
6010	A	A	reiterado
6011	V	V	accionar
6012	A	A	digestivo
6013	V	V	debutar
6014	N	N	destinatario
6015	A	A	perverso
6016	N	N	cordero
6017	N	N	incógnita
6019	N	N	latitud
6020	N	N	segunda guerra
6021	N	N	tenerife
6022	N	N	conquistador
6023	D	R	de todas maneras
6024	N	N	sor
6025	N	N	arcilla
6026	V	V	acosar
6027	N	N	beatriz
6029	N	N	caricia
6030	N	N	butaca
6031	A	A	minoritario
6032	V	V	engendrar
6034	A	A	inmobiliario
6035	N	N	newton
6036	N	N	higiene
6037	N	N	nene
6038	A	A	inexistente
6039	N	N	alicante
6040	N	N	agresividad
6041	N	N	rollo
6042	N	N	descuento
6043	N	N	cortesía
6044	A	A	organizado
6045	N	N	orina
6046	V	V	enunciar
6047	N	N	mansión
6048	N	N	esmalte
6049	N	N	lola
6050	N	N	ambigüedad
6051	N	N	palestino
6052	N	N	cristianismo
6053	V	V	destituir
6055	D	R	sucesivamente
6056	N	N	cervantes
6057	V	V	forjar
6058	N	N	aristóteles
6059	N	N	xxi
6060	V	V	acometer
6061	A	A	llamativo
6062	N	N	diferenciación
6063	N	N	patronal
6064	N	N	sucursal
6066	A	A	explosivo
6067	N	N	paradigma
6069	V	V	resbalar
6070	N	N	cota
6072	N	N	enigma
6073	N	N	guardián
6075	N	N	conducto
6076	N	N	turquía
6077	N	N	niñez
6078	N	N	presentador
6079	A	A	inadecuado
6080	N	N	cohete
6081	N	N	grabador
6082	N	N	molino
6083	V	V	adecuar
6084	N	N	coca
6085	N	N	reelección
6086	N	N	difunto
6087	N	N	manía
6088	A	A	celebrado
6089	N	N	cia
6090	N	N	golf
6091	N	N	bahía
6092	A	A	opositor
6093	N	N	explosivo
6094	N	N	velo
6096	A	A	potable
6097	N	N	federico
6099	N	N	brote
6100	A	A	melancólico
6102	F	I	ja
6103	V	V	parir
6104	V	V	escupir
6105	N	N	burocracia
6106	N	N	brisa
6107	A	A	contado
6108	N	M	dos mil
6109	N	N	filo
6110	N	N	urbanismo
6111	A	A	incomprensible
6112	N	N	faceta
6114	A	A	unánime
6115	A	A	bursátil
6116	N	N	camioneta
6117	A	A	espantoso
6118	V	V	festejar
6119	N	N	iniciación
6120	A	A	costero
6121	N	N	milímetro
6122	N	N	adelanto
6123	N	N	zarzuela
6124	V	V	esclarecer
6125	N	N	llanura
6126	A	A	episcopal
6127	N	N	pasto
6128	N	N	funeral
6129	N	N	arteria
6130	V	V	datar
6131	A	A	respetuoso
6132	N	N	glándula
6133	N	N	edificación
6134	N	N	salinas
6135	A	A	sinfónico
6136	N	N	ansia
6137	A	A	místico
6138	N	N	provisión
6139	N	N	incentivo
6140	V	V	sellar
6141	N	N	marte
6142	N	N	volcán
6143	N	N	afectado
6144	N	N	liquidación
6145	N	N	casino
6146	A	A	didáctico
6147	D	R	literalmente
6148	N	N	generalidad
6149	D	R	paulatinamente
6150	V	V	tentar
6151	N	N	objeción
6152	N	N	vietnam
6153	N	N	cordillera
6154	N	N	franco
6155	V	V	estacionar
6156	A	A	pedagógico
6157	A	A	canadiense
6158	N	M	diecisiete
6159	V	V	retratar
6160	N	N	rancho
6161	A	A	adjunto
6162	A	A	instrumental
6163	A	A	persistente
6164	N	N	abanico
6165	N	N	perla
6166	N	N	bata
6167	N	N	recelo
6168	N	N	marxismo
6169	V	V	edificar
6170	N	N	objetividad
6171	N	N	truco
6173	V	V	enojar
6175	N	N	anguita
6176	V	V	asar
6177	N	N	desconcierto
6178	N	N	dolores
6179	N	N	falsedad
6180	V	V	inhibir
6181	N	N	cometido
6182	N	N	licitación
6183	N	N	meditación
6184	N	N	baleares
6185	V	V	divulgar
6187	V	V	elogiar
6188	N	N	alejandro
6189	N	N	abono
6190	N	N	agonía
6191	V	V	equilibrar
6192	N	N	tópico
6193	N	N	desecho
6194	N	N	especialización
6195	A	A	embarazado
6196	A	A	deficiente
6197	A	A	cuantitativo
6198	A	A	templado
6199	N	N	ídolo
6200	V	V	espiar
6201	N	N	enfermería
6202	A	A	millonario
6203	V	V	yacer
6204	A	A	equilibrado
6205	N	N	pastel
6206	N	N	recuento
6207	N	N	competidor
6208	A	A	paraguayo
6209	N	N	hemorragia
6210	V	V	fiar
6211	V	V	distanciar
6212	A	A	preliminar
6213	N	N	antropología
6214	D	R	así pues
6215	A	A	rosado
6216	N	N	bellas artes
6217	N	N	diseñador
6218	N	N	encierro
6219	A	A	franquista
6220	A	A	visto
6221	N	N	tiniebla
6222	V	V	relajar
6223	N	N	enano
6224	N	N	navajo
6225	N	N	abastecimiento
6226	N	N	cristina
6227	A	A	cualitativo
6228	N	N	arbusto
6229	N	N	aptitud
6230	N	N	semanario
6231	N	N	devolución
6232	V	V	sobrevenir
6233	N	N	enunciado
6234	V	V	predicar
6235	V	V	implementar
6237	V	V	enfadar
6238	N	N	gibraltar
6239	N	N	imprenta
6240	D	R	gravemente
6241	N	N	asignación
6242	N	N	captación
6243	N	N	sarajevo
6244	V	V	chupar
6246	N	N	mulo
6247	N	N	minero
6249	A	A	soltero
6250	V	V	peinar
6253	N	N	crueldad
6254	D	R	francamente
6255	N	N	alcoba
6256	N	N	ovación
6257	N	N	incumplimiento
6258	A	A	delictivo
6259	A	A	temeroso
6260	N	N	milla
6261	N	N	sufragio
6262	A	A	belga
6263	N	N	patente
6264	N	N	estudioso
6265	D	R	históricamente
6266	V	V	repercutir
6267	N	N	cerco
6268	V	V	concernir
6271	N	N	nutrición
6272	A	A	consecuente
6273	N	N	guerrero
6274	N	N	flores
6275	V	V	inyectar
6276	N	N	amargura
6277	A	A	retirado
6278	N	N	peste
6279	A	A	bonaerense
6280	V	V	patrocinar
6281	A	A	azulgrana
6282	V	V	atener
6283	N	N	estallido
6284	A	A	silvestre
6285	N	N	santuario
6286	V	V	emigrar
6287	N	N	cancillería
6289	A	A	incipiente
6290	D	R	voluntariamente
6291	N	N	manolo
6292	N	N	excitación
6293	A	A	residente
6294	N	N	hostilidad
6295	N	N	adjudicación
6296	N	N	afección
6297	N	N	mateo
6298	A	A	carente
6299	N	N	discoteca
6300	N	N	óxido
6301	N	N	nido
6303	V	V	atormentar
6304	N	N	caloría
6305	N	N	computador
6306	N	N	provecho
6307	A	A	minucioso
6308	N	N	boleto
6309	N	N	serra
6310	N	N	cautela
6311	N	N	superación
6313	N	N	gimnasia
6315	N	N	paño
6316	N	N	diestro
6318	N	N	paisano
6319	A	A	forzado
6320	V	V	incendiar
6321	N	N	reproche
6322	N	N	asunción
6324	A	A	lujoso
6325	N	N	rosario
6326	V	V	agradar
6327	N	N	humillación
6328	N	N	arresto
6329	A	A	trascendente
6330	V	V	envenenar
6331	A	A	auxiliar
6332	N	N	aminoácido
6333	N	N	fraile
6334	N	N	san martín
6335	V	V	alumbrar
6336	N	N	afiliado
6337	D	R	adónde
6338	N	N	agradecimiento
6339	V	V	entonar
6340	A	A	bendito
6341	N	N	anhelo
6342	N	N	sinceridad
6343	N	N	disculpa
6344	N	N	laurel
6346	A	A	aragonés
6347	A	A	vulnerable
6348	V	V	arbitrar
6349	N	N	connotación
6350	N	N	esclavitud
6351	N	N	siembra
6352	N	N	toreo
6353	A	A	delantero
6354	V	V	resignar
6355	N	N	estrés
6356	A	A	estéril
6357	V	V	presentir
6358	N	N	lanza
6359	N	N	leonor
6360	N	N	vibración
6361	A	A	normativo
6362	N	N	discreción
6363	N	N	condado
6364	N	N	provocación
6365	D	R	súbitamente
6366	N	N	secuela
6367	A	A	refinado
6368	N	N	musulmán
6369	N	N	hidrógeno
6370	A	A	estático
6371	N	N	marta
6372	D	R	intensamente
6373	N	N	postulado
6374	N	N	sodio
6375	V	V	tostar
6376	N	N	procuraduría
6379	A	A	efímero
6380	N	N	pekín
6381	N	N	mercosur
6382	N	N	mago
6384	V	V	idear
6385	D	R	a medias
6386	V	V	materializar
6387	N	N	beneficiario
6388	N	N	tokio
6389	V	V	esgrimir
6390	N	N	arranque
6391	N	N	cuerno
6392	N	N	cónsul
6393	N	M	décimo
6394	D	R	socialmente
6395	N	N	germen
6396	A	A	manual
6397	N	N	espuma
6398	A	A	cordial
6399	N	N	acogido
6400	N	N	aluminio
6401	A	A	influyente
6402	V	V	instaurar
6403	N	N	jubilado
6404	N	N	inventario
6405	A	A	incompleto
6406	D	R	preferentemente
6407	N	N	prolongación
6408	N	N	payaso
6409	A	A	ligado
6410	N	N	intestino
6411	D	R	sustancialmente
6413	A	A	drástico
6414	A	A	acuático
6415	N	N	represalia
6416	A	A	beneficioso
6417	N	N	bachillerato
6418	N	N	recluso
6419	A	A	ortodoxo
6420	N	N	vértigo
6421	V	V	contrarrestar
6422	A	A	sintético
6424	V	V	entablar
6425	N	N	erosión
6426	N	N	estocada
6427	N	N	gestación
6428	N	N	colectividad
6429	A	A	feminista
6430	N	N	valla
6431	N	N	canela
6432	N	N	inserción
6433	V	V	adscribir
6434	N	N	alfredo
6435	A	A	gradual
6436	N	N	cómplice
6437	V	V	responsabilizar
6438	N	N	cónyuge
6439	V	V	superponer
6440	N	N	lote
6441	N	N	marea
6442	V	V	corroborar
6443	N	N	trazo
6444	N	N	sencillez
6445	N	N	mostrador
6446	A	A	dado
6447	N	N	mártir
6449	A	A	inexplicable
6450	V	V	especular
6451	V	V	ultimar
6452	N	N	diarrea
6454	V	V	simbolizar
6455	A	A	fascinante
6456	V	V	aducir
6457	A	A	latente
6458	N	N	show
6460	N	N	cecilia
6462	A	A	honrado
6464	N	N	galaxia
6465	A	A	escénico
6466	V	V	resonar
6467	N	N	plancha
6468	V	V	tramitar
6469	A	A	minúsculo
6471	A	A	patológico
6472	D	R	ni que
6473	N	N	almendra
6474	V	V	esbozar
6475	A	A	erróneo
6476	A	A	precoz
6477	N	N	filtro
6478	N	N	tira
6479	N	N	tirón
6481	N	N	dinamarca
6482	N	N	santa cruz
6484	N	N	industrialización
6485	V	V	simplificar
6486	A	A	derivado
6487	V	V	congregar
6488	A	A	frontal
6489	N	N	ford
6490	N	N	alcoholismo
6491	A	A	impecable
6493	N	N	senda
6494	A	A	nazi
6495	A	A	barcelonés
6496	A	A	matrimonial
6497	N	N	abertura
6498	A	A	entusiasta
6499	N	N	trazado
6500	N	N	teclo
6501	A	A	taurino
6502	N	N	callejón
6503	N	N	murmullo
6504	V	V	delatar
6505	N	N	dispersión
6506	N	N	recesión
6507	N	N	mozart
6508	V	V	donar
6509	A	A	departamental
6510	N	N	incursión
6511	A	A	táctico
6513	D	R	entretanto
6514	N	N	proliferación
6515	A	A	patético
6516	V	V	desenvolver
6517	A	A	afín
6518	V	V	postergar
6519	N	N	traspaso
6520	V	V	torcer
6521	N	N	mallorca
6522	N	N	infarto
6523	A	A	respetable
6524	A	A	cuidadoso
6525	D	R	presuntamente
6526	V	V	cotizar
6527	N	N	ruedo
6528	N	N	reuter
6529	N	N	pensador
6530	A	A	pintado
6531	N	N	set
6532	V	V	acotar
6533	N	N	saneamiento
6534	V	V	aflojar
6535	C	P	con base en
6536	N	N	procesado
6538	A	A	partidista
6539	N	N	sótano
6540	A	A	leal
6541	N	N	vigo
6542	V	V	arrugar
6543	N	N	ana
6544	N	N	secreción
6545	N	M	trescientos
6546	N	N	calibre
6547	A	A	negociador
6548	N	N	consejería
6549	N	N	peculiaridad
6550	N	N	cabildo
6551	A	A	irracional
6553	V	V	endurecer
6554	N	N	maceta
6555	N	N	encaje
6556	N	N	talón
6557	C	P	pese al
6558	N	N	maradona
6559	D	R	largamente
6561	N	N	tacto
6562	V	V	declinar
6563	N	N	revólver
6564	A	A	comprensible
6565	N	N	sociólogo
6566	D	R	estrechamente
6567	N	N	paraje
6568	A	A	ferroviario
6569	N	N	comisionado
6570	N	N	psc
6571	V	V	abogar
6572	N	N	cohesión
6573	N	N	cabra
6574	N	N	consecución
6575	N	N	comunidad europea
6576	N	N	recibo
6577	A	A	bosnio
6578	N	M	quinientos
6579	A	A	viviente
6580	N	N	almohada
6581	N	N	huerto
6582	A	A	hondureño
6583	N	N	vitalidad
6584	A	A	prematuro
6585	N	N	coeficiente
6586	N	N	rebeldía
6587	N	N	maternidad
6588	A	A	extra
6590	N	N	distribuidor
6591	N	N	yucatán
6592	N	N	fuero
6593	N	N	software
6594	N	N	deformación
6595	V	V	ejercitar
6596	N	N	fósforo
6597	N	N	araña
6598	A	A	convincente
6599	A	A	regulador
6601	A	A	insignificante
6602	V	V	urgir
6603	D	R	levemente
6604	V	V	expedir
6605	N	N	cesid
6606	V	V	interferir
6607	A	A	aconsejable
6608	N	N	agitación
6610	A	A	estadunidense
6611	A	A	rojizo
6612	A	A	gigante
6613	N	N	compasión
6614	N	N	europa press
6615	A	A	difuso
6616	A	A	maligno
6617	N	N	fosa
6618	A	A	represivo
6619	N	N	prostitución
6620	N	N	mueca
6621	N	N	plaga
6622	V	V	acrecentar
6623	D	R	mutuamente
6624	N	N	arancel
6625	V	V	deformar
6626	N	N	equivalente
6627	N	N	luis
6628	N	N	prosperidad
6629	A	A	arterial
6630	N	N	pugna
6631	N	N	compadre
6632	D	R	de lo más
6633	N	N	liberalización
6634	N	N	disfraz
6635	V	V	arrestar
6636	N	N	racionalidad
6637	V	V	mudar
6638	N	N	nalga
6639	N	N	bolero
6640	N	N	tomo
6641	N	N	recompensa
6642	N	N	xiii
6643	N	N	texas
6644	A	A	grotesco
6645	V	V	disipar
6646	N	N	sospechoso
6648	V	V	colmar
6649	N	N	resplandor
6650	N	N	hoyo
6651	N	N	fiera
6652	D	R	enteramente
6654	D	R	ante merídiem
6655	A	A	migratorio
6656	N	N	metabolismo
6657	V	V	recostar
6658	N	N	galleta
6659	N	N	artillería
6660	A	A	urbanístico
6662	N	N	testamento
6663	V	V	antojarse
6664	A	A	inmerso
6665	N	N	cruz roja
6666	N	N	convencimiento
6667	V	V	voltear
6670	A	A	justificado
6671	N	N	kant
6672	N	N	ariel
6673	A	A	trascendental
6674	A	A	accesible
6675	D	R	enormemente
6676	A	A	surrealista
6677	D	R	indirectamente
6678	N	N	particularidad
6680	A	A	hispánico
6681	V	V	azotar
6682	V	V	obsesionar
6683	N	N	infracción
6684	A	A	armónico
6685	N	N	rigidez
6686	N	N	huracán
6687	N	N	flora
6688	N	N	cáscara
6689	V	V	agachar
6690	N	N	pleito
6691	A	A	emotivo
6692	N	N	cruzado
6693	V	V	cosechar
6694	A	A	renacentista
6695	N	N	nutriente
6696	A	A	acostumbrado
6697	N	N	hoguera
6698	N	N	saliva
6699	N	N	tejado
6700	N	N	sustituto
6701	A	A	retórico
6702	N	N	cal
6703	N	N	coño
6704	N	N	joaquín
6705	N	N	concha
6706	A	A	contiguo
6707	V	V	vomitar
6708	A	A	audaz
6709	N	N	cicatriz
6710	N	N	admisión
6711	N	N	embrión
6712	A	A	sensorial
6713	A	A	ascendente
6714	N	N	anotación
6715	V	V	oprimir
6716	D	R	paradójicamente
6717	N	N	dinamismo
6719	N	N	cartagena
6720	N	N	anexo
6722	A	A	turbio
6723	A	A	sevillano
6724	A	A	cualificado
6725	D	R	gratis
6726	A	A	civilizado
6727	N	N	américas
6728	V	V	sepultar
6729	N	N	reo
6730	N	N	secuestrador
6731	V	V	bordear
6732	N	N	siesta
6733	A	A	soberbio
6734	N	N	tripulación
6735	N	N	intendente
6736	N	N	alambre
6738	N	N	mira
6739	N	N	gallego
6740	N	N	profeta
6741	N	N	fallecimiento
6742	A	A	organizativo
6743	N	N	reclamación
6744	N	N	palinuro
6745	A	A	perjudicial
6746	N	N	viabilidad
6747	N	N	muleto
6748	N	N	anticuerpo
6749	N	N	vereda
6750	N	N	banquete
6751	N	N	flamenco
6752	N	N	borges
6753	N	N	vestíbulo
6754	A	A	dialéctico
6755	A	A	distinguido
6756	N	N	holandés
6757	A	A	intestinal
6758	A	A	casual
6759	A	A	cognitivo
6760	N	N	reinado
6762	N	N	matriz
6763	A	A	amarillento
6764	A	A	veloz
6765	A	A	sudamericano
6766	N	N	venus
6767	A	A	antiterrorista
6769	V	V	palpar
6770	A	A	lúcido
6771	V	V	espolvorear
6772	N	N	excedente
6773	N	N	tablero
6774	V	V	perpetrar
6775	A	A	desconcertado
6776	A	A	pésimo
6777	N	N	romero
6778	A	A	cúbico
6779	A	A	veterano
6780	V	V	entrever
6781	N	N	fortalecimiento
6782	N	N	las
6784	N	N	travesía
6785	V	V	maltratar
6786	N	N	hortaliza
6787	N	N	res
6788	N	N	juana
6789	V	V	propugnar
6790	N	N	talante
6791	N	N	blanca
6792	N	N	anselmo
6793	N	N	cacique
6794	N	N	costilla
6795	V	V	desembarcar
6796	A	A	impaciente
6798	N	N	portador
6799	N	N	folleto
6800	V	V	decepcionar
6801	N	N	atletismo
6802	N	N	cigarro
6803	V	V	angustiar
6804	N	N	opositor
6805	N	N	lateral
6807	D	R	atentamente
6808	N	N	bush
6809	N	N	fascismo
6810	N	N	nuevo herald
6811	A	A	duradero
6812	V	V	acatar
6813	V	V	relegar
6814	N	N	cubo
6815	N	N	telegrama
6816	V	V	defraudar
6818	N	N	taberna
6819	A	A	genuino
6820	V	V	desplomar
6821	V	V	incitar
6822	N	N	apuro
6825	N	N	originalidad
6826	N	N	artesanía
6827	N	N	boxeo
6828	N	N	virrey
6829	A	A	alarmante
6830	A	A	decorativo
6831	A	A	factible
6832	N	N	ulises
6834	D	R	activamente
6835	A	A	neutro
6836	N	N	abeja
6837	A	A	bárbaro
6838	N	N	vanidad
6839	N	N	conformación
6840	N	N	pedro
6841	A	A	capitalino
6842	N	N	dominación
6843	N	N	demora
6844	A	A	áspero
6845	N	N	olga
6846	N	N	cds
6847	A	A	causal
6848	A	A	monárquico
6849	N	N	gonzalo
6850	V	V	propagar
6851	N	N	precepto
6852	N	N	remodelación
6853	A	A	hidráulico
6854	A	A	constituyente
6855	N	N	vii
6856	N	N	verdugo
6857	A	A	incompatible
6858	N	N	estafa
6859	N	N	veracruz
6860	A	A	emergente
6861	V	V	prescribir
6862	N	N	romance
6863	N	N	apóstol
6864	N	N	opresión
6865	V	V	esparcir
6866	C	C	siempre y cuando
6867	N	N	nicaragüense
6868	N	N	reconversión
6869	A	A	ritual
6870	N	N	imitación
6871	N	N	suavidad
6872	A	A	atroz
6873	N	N	almacenamiento
6874	N	N	margarita
6875	N	N	jurista
6876	A	A	inherente
6878	N	N	batallón
6879	A	A	desgraciado
6880	N	N	pronunciamiento
6881	N	N	contraloría
6882	N	N	inercia
6883	N	N	destreza
6884	A	A	vertebral
6885	N	N	lucía
6886	A	A	obsesivo
6887	N	N	canon
6888	A	A	encontrado
6889	V	V	desalojar
6890	N	N	cera
6891	N	N	pinar
6893	V	V	sustraer
6894	V	V	estabilizar
6895	N	N	detective
6896	N	N	hábitat
6897	N	N	vara
6898	A	A	férreo
6899	A	A	argelino
6900	N	N	adjetivo
6901	N	N	gustavo
6902	V	V	formalizar
6903	A	A	vigoroso
6904	N	N	descomposición
6905	A	A	paterno
6906	N	N	descontento
6907	N	N	zorro
6908	N	N	hong kong
6909	V	V	bendecir
6910	A	A	homosexual
6911	A	A	festivo
6912	N	N	abstención
6913	N	N	antecesor
6914	V	V	envidiar
6915	V	V	afeitar
6916	N	N	sandra
6917	N	N	unificación
6918	N	N	intriga
6919	V	V	pillar
6920	N	N	velado
6921	A	A	castrense
6922	N	N	honestidad
6923	N	N	impresor
6924	A	A	infeccioso
6925	N	N	exaltación
6926	A	A	exhaustivo
6927	A	A	geológico
6928	N	N	decorado
6929	V	V	contactar
6930	V	V	neutralizar
6931	A	A	artesanal
6932	A	A	marroquí
6933	A	A	interamericano
6934	N	N	san pedro
6935	N	N	gusano
6936	N	N	normalización
6937	N	N	delicia
6938	V	V	fugar
6939	A	A	escandaloso
6940	N	N	lucidez
6941	A	A	temático
6942	N	N	menester
6943	V	V	afianzar
6944	N	N	ebro
6945	N	N	folio
6946	N	N	segovia
6947	V	V	cifrar
6948	N	N	influjo
6949	V	V	aseverar
6950	N	N	lázaro
6951	N	N	ambulancia
6952	A	A	callado
6953	N	N	óleo
6954	N	N	escalada
6955	A	A	cariñoso
6956	N	N	inmediación
6957	N	N	dividendo
6958	N	N	perturbación
6959	A	A	ubicado
6960	A	A	arriesgado
6961	N	N	teología
6962	N	N	canasta
6963	V	V	descolgar
6964	N	N	auditoría
6965	N	N	luxemburgo
6967	A	A	paradójico
6968	V	V	recubrir
6969	N	N	flauta
6970	N	N	temperamento
6971	A	A	incesante
6972	A	A	anormal
6973	N	N	entretenimiento
6974	N	N	paloma
6975	N	N	navío
6976	N	N	reuter
6977	N	N	alba
6978	N	N	corral
6979	V	V	aventurar
6980	A	A	ágil
6981	N	N	clientela
6982	N	N	envergadura
6983	N	N	lucas
6984	N	N	burro
6985	V	V	imputar
6986	N	N	combatiente
6987	N	N	borrador
6988	N	N	evita
6989	A	A	porteño
6990	N	N	águila
6991	V	V	conjugar
6992	N	N	grieta
6993	N	N	botín
6994	N	N	temática
6995	N	N	apunte
6996	A	A	elaborado
6997	N	N	náusea
6998	N	N	estimulación
6999	N	N	agregado
7000	D	R	brevemente
7001	N	N	voluntario
7002	A	A	fascista
7004	A	A	terminal
7006	V	V	minimizar
7007	N	N	ecología
7008	A	A	enigmático
7009	N	N	exiliado
7010	A	A	ocasional
7011	N	N	new york
7012	N	N	santa maría
7013	A	A	tenue
7014	N	N	bóveda
7015	N	N	leonardo
7016	C	P	con tal de
7017	N	N	vocablo
7018	V	V	enfermar
7019	N	N	impaciencia
7020	V	V	entreabrir
7021	N	N	suplemento
7022	N	N	masacre
7023	N	N	galardón
7024	N	N	diamante
7025	A	A	cósmico
7026	N	N	cimiento
7027	N	N	telenovela
7028	A	A	pintoresco
7030	V	V	atenuar
7031	V	V	bromear
7032	V	V	promocionar
7033	N	N	bendición
7034	N	N	microorganismo
7035	N	N	líbano
7036	A	A	reformista
7037	N	N	béisbol
7038	V	V	conciliar
7039	N	N	contingente
7040	V	V	detestar
7041	N	N	emilio
7042	N	N	sonda
7043	D	R	viceversa
7044	N	N	poste
7045	N	N	ribera
7046	N	N	bajada
7047	N	N	divinidad
7048	N	N	adolfo suárez
7049	D	R	íntimamente
7050	V	V	perdurar
7051	A	A	cambiante
7052	A	A	íntegro
7053	V	V	desconfiar
7055	N	N	sobresalto
7056	V	V	afilar
7057	N	N	sobra
7058	A	A	semántico
7059	A	A	hispanoamericano
7060	V	V	alinear
7061	N	N	hito
7062	A	A	sectorial
7063	N	N	caravana
7064	N	N	oleado
7065	N	N	antibiótico
7066	A	A	reglamentario
7067	N	N	resentimiento
7068	A	A	comunal
7069	V	V	certificar
7070	N	N	narrativa
7071	N	N	descuido
7072	D	R	extraordinariamente
7073	A	A	lunar
7074	A	A	iraní
7075	V	V	reseñar
7076	N	N	doncella
7077	V	V	evacuar
7078	N	N	comunidad de madrid
7079	N	N	guarnición
7080	N	N	blusa
7081	N	N	acreedor
7082	N	N	diplomacia
7083	N	N	militancia
7084	N	N	claudio
7085	N	N	moisés
7086	N	N	diabetes
7087	N	N	concurrencia
7088	A	A	sobresaliente
7089	V	V	descifrar
7090	V	V	sobresaltar
7091	N	N	escepticismo
7092	A	A	ocupado
7093	A	A	asturiano
7094	N	N	colono
7095	N	N	relajación
7096	V	V	denotar
7097	N	N	torpeza
7098	A	A	triunfal
7099	N	N	desconocimiento
7100	A	A	fabuloso
7101	N	N	emigración
7102	N	N	eguren
7103	V	V	honrar
7104	V	V	inspeccionar
7105	N	N	relámpago
7107	A	A	socialdemócrata
7108	N	N	cantabria
7109	N	N	cabaña
7111	A	A	descalzo
7112	V	V	modernizar
7113	N	N	milicia
7114	N	N	vitoria
7115	V	V	privatizar
7116	V	V	fechar
7117	N	N	nitrógeno
7118	V	V	atropellar
7119	V	V	aflorar
7120	A	A	flamante
7121	N	N	alcohólico
7122	N	N	cortejo
7123	N	N	prodigio
7124	V	V	evadir
7125	N	N	verificación
7126	N	N	patronato
7127	N	N	directriz
7128	N	N	arquero
7129	V	V	madurar
7130	V	V	alabar
7132	A	A	entrañable
7133	V	V	dorar
7134	N	N	baúl
7136	N	N	escopeta
7137	V	V	sucumbir
7138	N	N	devaluación
7140	A	A	comunicativo
7141	N	N	frialdad
7142	N	N	adecuación
7143	N	N	vagón
7144	N	N	acoso
7146	N	N	subdirector
7147	A	A	animado
7148	N	N	cavidad
7149	A	A	nocivo
7150	N	N	jesuita
7151	N	N	soberano
7152	V	V	equipar
7153	D	R	mayoritariamente
7154	N	N	ingestión
7155	N	N	mendigo
7156	A	A	astronómico
7157	A	A	procesal
7158	N	N	larra
7159	N	N	elefante
7160	A	A	cantábrico
7161	A	A	iraquí
7162	N	N	experimentación
7163	V	V	dispersar
7164	V	V	contraponer
7165	N	N	gozo
7166	V	V	degradar
7167	N	N	decano
7168	A	A	aduanero
7169	N	N	posguerra
7170	N	N	retablo
7171	N	N	gerardo
7172	N	N	mrta
7173	N	N	nerviosismo
7174	N	N	alberto
7175	N	N	médula
7176	V	V	atrasar
7177	N	N	palmero
7178	N	N	colchón
7179	N	N	bicho
7181	C	C	visto que
7182	N	N	goce
7183	N	N	xii
7184	N	N	místico
7185	N	N	abdomen
7186	V	V	entrañar
7187	N	N	chispa
7188	N	N	marina
7189	N	N	caracol
7190	N	N	actualización
7191	V	V	omitir
7192	N	N	caballería
7193	N	N	irritación
7194	V	V	agudizar
7195	N	N	cesión
7196	N	N	einstein
7197	N	N	condenado
7198	N	N	confección
7199	N	N	espionaje
7200	N	N	debut
7201	V	V	supervisar
7202	N	N	lucrecia
7203	N	N	archipiélago
7204	A	A	sabroso
7205	V	V	revertir
7206	N	N	escape
7207	N	N	evangelio
7208	N	N	matilde
7209	D	R	sistemáticamente
7210	N	N	casta
7211	N	N	seta
7212	N	N	mensajero
7213	N	N	adrián
7214	N	N	hungría
7215	V	V	latir
7216	A	A	navarro
7217	V	V	promulgar
7218	V	V	contentar
7219	N	N	expectación
7220	D	R	sinceramente
7221	N	N	reglamentación
7222	A	A	abdominal
7223	N	N	contagio
7224	D	R	significativamente
7225	A	A	numérico
7227	N	N	pliegue
7228	N	N	vera
7229	N	N	bruno
7230	N	N	pizarro
7231	N	N	vértice
7232	N	N	rabo
7233	N	N	bonn
7234	V	V	descalificar
7235	N	N	evasión
7236	D	R	firmemente
7237	N	N	mayordomo
7238	A	A	fértil
7239	V	V	subordinar
7240	N	N	comunión
7241	N	N	destitución
7242	N	N	trío
7243	D	R	violentamente
7244	V	V	untar
7245	N	N	alineación
7246	D	R	adonde
7248	A	A	nutricional
7251	N	N	submarino
7252	A	A	recíproco
7253	N	N	regularidad
7254	A	A	establecido
7255	N	N	granja
7256	N	N	ocupante
7257	N	N	renfe
7258	V	V	fichar
7260	V	V	manchar
7261	N	N	johnny
7262	A	A	comparativo
7263	A	A	mediocre
7264	N	N	humildad
7265	N	N	concejo
7266	A	A	viral
7267	N	N	herri
7268	N	N	criollo
7269	N	N	barbaridad
7270	A	A	textil
7271	V	V	esfumar
7272	N	N	factoría
7273	A	A	renal
7274	V	V	contabilizar
7275	N	N	sara
7276	N	N	linfocito
7277	N	N	almería
7278	N	N	aceleración
7279	N	N	obesidad
7280	N	N	nicolás
7281	N	N	delicadeza
7282	N	N	rodaja
7283	N	N	alucinación
7284	N	N	falange
7285	N	N	multiplicación
7286	C	C	por mucho que
7287	A	A	arduo
7288	V	V	estropear
7289	V	V	rociar
7290	N	N	arruga
7291	N	N	luto
7292	A	A	ganadero
7294	N	N	lancha
7295	V	V	bordar
7296	N	N	brecha
7297	N	N	inhibición
7298	A	A	caprichoso
7299	N	N	enamorado
7302	D	R	anteayer
7303	V	V	desgarrar
7304	V	V	transcribir
7305	N	N	olivo
7306	N	N	obediencia
7307	N	N	mamífero
7308	N	N	oriente
7309	A	A	flamenco
7310	N	N	aval
7311	N	N	ludo
7312	N	N	miss
7313	N	N	chaval
7314	N	N	prescripción
7315	A	A	decente
7316	V	V	erradicar
7317	N	N	enclave
7318	N	N	carter
7319	N	N	sebastián
7320	N	N	casita
7321	N	N	chantaje
7322	N	N	sorteo
7323	N	N	guipúzcoa
7324	V	V	pronosticar
7325	N	N	paréntesis
7326	N	N	dilema
7327	A	A	racial
7328	D	R	fijamente
7329	N	N	eugenio
7330	V	V	paliar
7331	N	N	pelotón
7332	N	N	exclusiva
7333	N	N	ocurrencia
7334	N	N	consentimiento
7335	N	N	moderación
7336	N	N	preparativo
7337	A	A	expuesto
7338	N	N	tonto
7339	N	N	rebote
7340	A	A	san
7341	N	N	indias
7342	N	N	orador
7343	N	N	altitud
7344	N	N	sureste
7345	N	N	barroco
7346	N	N	banquillo
7347	V	V	englobar
7348	V	V	aparentar
7349	A	A	prodigioso
7350	V	V	razonar
7351	N	N	desgaste
7352	N	N	emigrante
7353	N	N	letrado
7354	V	V	rebelar
7355	A	A	imprevisible
7356	N	N	buey
7357	N	N	rotura
7360	A	A	liviano
7361	N	N	traidor
7362	N	N	sigla
7363	N	N	norteamérica
7364	N	N	ingesta
7365	N	N	penalti
7366	N	N	ezln
7368	D	R	repentinamente
7369	A	A	perplejo
7370	N	N	desarme
7371	A	A	estimulante
7372	V	V	barajar
7373	N	N	cafetería
7374	N	N	fumador
7375	V	V	conmemorar
7376	N	N	cc oo
7377	A	A	forzoso
7378	N	N	argumentación
7379	A	A	pulmonar
7380	N	N	élite
7381	N	N	comitiva
7382	N	N	enriquecimiento
7383	N	N	austeridad
7384	N	N	certificación
7385	D	R	positivamente
7386	N	N	parásito
7387	A	A	radial
7388	N	N	cupo
7389	V	V	anhelar
7390	A	A	memorable
7391	A	A	inadvertido
7392	N	N	hipertensión
7393	A	A	metodológico
7395	N	N	clemente
7396	N	N	reliquia
7397	N	N	tiranía
7398	N	N	apéndice
7399	V	V	clamar
7400	N	N	periferia
7401	A	A	inaugural
7402	N	N	stalin
7403	V	V	censurar
7404	A	A	inequívoco
7406	V	V	deslumbrar
7407	N	N	rodrigo
7408	N	N	guionista
7409	A	A	hormonal
7410	N	N	ráfaga
7411	N	N	agotamiento
7412	A	A	vial
7414	D	R	cual
7415	N	N	napoleón
7416	A	A	unilateral
7417	A	A	deprimido
7418	V	V	perfumar
7419	N	N	hit
7420	N	N	mosaico
7421	A	A	hepático
7422	V	V	descontar
7423	A	A	postal
7424	N	N	peña
7425	N	N	jesucristo
7426	N	N	resignación
7427	A	A	dichoso
7428	N	N	calzada
7429	V	V	aterrar
7430	N	N	descentralización
7431	N	N	geógrafo
7434	N	N	racing
7435	V	V	sortear
7436	N	N	legua
7437	A	A	fúnebre
7438	N	N	tranvía
7439	N	N	césped
7440	N	N	espesor
7441	N	N	romanticismo
7442	N	N	parálisis
7443	A	A	meteorológico
7445	N	N	fervor
7449	A	A	imprevisto
7450	A	A	nutritivo
7451	V	V	incumplir
7452	N	N	noruega
7453	N	N	comentarista
7454	N	N	epr
7455	N	N	disparate
7456	N	N	legión
7457	N	N	calderón
7458	V	V	resentirse
7460	A	A	encantador
7461	A	A	radiante
7462	N	N	nápoles
7463	N	N	muchedumbre
7464	N	N	lotería
7465	N	M	setenta
7466	D	R	periódicamente
7467	D	R	técnicamente
7468	N	N	educador
7469	N	N	tele
7470	A	A	floral
7471	N	N	retribución
7472	N	N	oaxaca
7473	A	A	fetal
7474	N	N	tripa
7475	A	A	pensativo
7476	N	N	prototipo
7477	N	N	trueno
7478	N	N	contabilidad
7479	N	N	tarragona
7480	N	N	antología
7482	N	N	partitura
7483	A	A	estelar
7484	N	N	veredicto
7485	N	N	regresión
7486	A	A	restrictivo
7487	V	V	cercar
7488	N	N	viii
7489	N	N	boston
7490	V	V	perecer
7492	N	N	porcelana
7493	N	N	tele
7494	N	N	jonrón
7495	A	A	pragmático
7496	N	N	violeta
7497	V	V	abastecer
7498	N	N	traficante
7499	N	N	comprobación
7500	N	N	hincapié
7501	N	N	hormiga
7502	N	N	similitud
7503	A	A	puto
7504	N	N	caserío
7506	N	N	santa fe
7507	N	N	germán
7508	A	A	inestable
7509	V	V	recluir
7510	N	N	carabinero
7511	N	N	castilla y león
7512	N	N	ccoo
7513	V	V	estipular
7514	V	V	apresar
7515	V	V	ceñir
7516	V	V	escandalizar
7517	N	N	ventanal
7518	N	N	detección
7519	N	N	remuneración
7520	A	A	recurrente
7521	D	R	de por sí
7522	V	V	calar
7523	N	N	munición
7524	N	N	pesimismo
7525	N	N	espiral
7526	N	N	díaz
7527	N	N	roce
7529	A	A	románico
7530	N	N	antón
7532	N	N	tinte
7533	V	V	orinar
7534	A	A	inseparable
7535	N	N	seducción
7536	N	N	infantería
7537	V	V	gemir
7538	N	N	pionero
7539	V	V	pinchar
7540	N	N	notario
7541	N	N	contestación
7542	A	A	apasionante
7543	N	N	dinastía
7544	N	N	reactivación
7546	N	N	huerta
7547	N	N	melilla
7548	A	A	maya
7549	N	N	maldición
7550	N	N	tentativa
7551	V	V	encuadrar
7553	N	N	cúmulo
7554	N	N	matador
7555	N	N	uefa
7556	V	V	secundar
7557	N	N	cilindro
7558	N	N	homosexual
7559	N	N	andrea
7560	V	V	suplir
7561	N	N	ermita
7562	A	A	sobrio
7563	N	N	libertador
7564	N	N	arca
7565	A	A	opaco
7566	A	A	meridional
7568	N	N	viceministro
7569	N	N	envejecimiento
7570	N	N	platón
7572	V	V	desistir
7573	A	A	desaparecido
7574	N	N	caretas
7575	N	N	atraso
7576	A	A	delirante
7577	N	N	vigilante
7578	N	N	teta
7579	N	N	domínguez
7580	N	N	barrionuevo
7581	D	R	duramente
7582	A	A	impositivo
7583	N	N	paradero
7584	A	A	adquisitivo
7585	N	N	bibliografía
7586	A	A	conforme
7587	A	A	predominante
7588	D	R	tranquilamente
7589	N	N	berta
7590	N	N	escrúpulo
7591	V	V	asesorar
7592	N	N	núñez
7593	N	N	pirata
7594	N	N	mg
7595	N	N	progresión
7596	A	A	imaginativo
7597	N	N	admirador
7599	N	N	mesita
7600	A	A	asistencial
7601	N	N	antena
7603	N	N	coloquio
7604	N	N	mango
7605	N	N	racha
7606	N	N	ezequiel
7607	A	A	ocurrido
7608	A	A	cronológico
7609	N	N	garra
7610	N	N	balazo
7611	A	A	incondicional
7612	N	N	observatorio
7613	D	R	teóricamente
7614	N	N	analogía
7615	V	V	acortar
7616	A	A	agradecido
7617	N	N	ridículo
7618	V	V	silbar
7619	A	A	azucarero
7620	N	N	digestión
7621	A	A	corporativo
7622	N	N	bienvenida
7623	A	A	nítido
7624	N	N	cometa
7625	N	N	belloch
7626	N	N	servidumbre
7628	N	N	espanto
7629	N	N	envase
7630	N	N	siniestro
7633	N	N	renglón
7634	N	N	dialéctico
7635	C	C	luego que
7636	V	V	dilatar
7637	N	N	estupidez
7638	A	A	caribeño
7639	D	R	próximamente
7640	A	A	nasal
7641	N	N	pluralidad
7642	N	N	aburrimiento
7643	N	N	arsenal
7644	N	N	oligarquía
7645	N	N	estupor
7646	N	N	metrópoli
7648	V	V	deambular
7649	N	N	pudor
7650	N	N	tortuga
7652	V	V	destapar
7653	V	V	deparar
7654	N	N	anteproyecto
7655	N	N	puebla
7656	D	R	decididamente
7657	N	N	surgimiento
7658	V	V	amontonar
7659	D	R	apenas si
7660	N	N	conjunción
7662	A	A	piadoso
7663	N	N	neurona
7664	N	N	terciopelo
7665	N	N	williams
7666	N	N	cd
7667	N	N	trasplante
7668	N	N	padrino
7669	V	V	custodiar
7670	N	N	recreación
7671	N	N	sien
7672	N	N	endeudamiento
7673	A	A	hereditario
7674	D	R	gradualmente
7675	N	N	confidencia
7676	N	N	derivado
7677	A	A	patrimonial
7678	A	A	tajante
7679	A	A	nominal
7680	N	N	jardinero
7681	N	N	wilson
7682	V	V	aparcar
7683	A	A	vertiginoso
7684	N	N	intolerancia
7685	V	V	imperar
7687	N	N	escombro
7688	N	N	escucha
7689	A	A	tembloroso
7690	N	N	atraco
7691	A	A	conyugal
7692	N	N	prórroga
7694	N	N	aguardiente
7695	N	N	terminación
7696	N	N	frijol
7697	N	N	escaparate
7698	C	P	con vistas a
7699	N	N	protector
7700	N	N	democratización
7701	N	N	contrapartida
7702	N	N	estefanía
7703	N	N	mitterrand
7704	N	N	bbv
7705	N	N	solista
7706	N	N	teclado
7708	N	N	río de janeiro
7710	N	N	edil
7711	A	A	certero
7712	A	A	fecundo
7713	A	A	rutinario
7714	N	N	alga
7715	N	N	predio
7716	V	V	legitimar
7717	N	M	ochenta
7718	N	N	cuenca
7719	N	N	individualidad
7720	N	N	ramírez
7721	D	R	eventualmente
7722	N	N	san
7723	A	A	dorsal
7724	N	N	zamora
7726	N	N	ataúd
7727	N	N	astrónomo
7728	N	N	el escorial
7729	A	A	metabólico
7730	A	A	inusitado
7731	N	N	resurrección
7732	N	N	lamento
7733	N	N	fabio
7734	N	N	globalización
7735	N	N	quemadura
7736	V	V	normalizar
7738	V	V	confrontar
7739	A	A	idiota
7740	N	N	batasuna
7741	N	N	ernesto zedillo
7742	N	N	roble
7743	A	A	robusto
7744	N	N	asfalto
7745	N	N	sindicalismo
7746	N	N	potestad
7747	N	N	ofrenda
7748	A	A	impreciso
7749	V	V	extraviar
7750	N	N	tonalidad
7751	N	N	vigilia
7752	N	N	facturación
7754	N	N	convulsión
7755	V	V	absolver
7756	N	N	cruyff
7757	A	A	residual
7758	N	N	revuelta
7759	A	A	rústico
7760	A	A	metafísico
7761	N	N	bucaram
7762	N	N	culpabilidad
7763	A	A	inaceptable
7765	N	N	lupe
7766	N	N	implante
7767	V	V	renacer
7768	N	N	pluralismo
7769	N	N	tutela
7770	N	N	che
7772	N	N	querido
7773	N	N	maletín
7774	D	R	originalmente
7775	N	N	anorexia
7776	N	N	emilia
7777	V	V	vibrar
7778	N	N	túnica
7779	V	V	derretir
7780	N	N	activista
7781	D	R	negativamente
7782	N	N	cuervo
7783	A	A	paulatino
7784	A	A	fallido
7785	A	A	azteca
7786	N	N	fascinación
7787	N	N	maldad
7788	N	N	dominicano
7789	N	N	júpiter
7790	N	N	grada
7791	A	A	tenaz
7792	N	N	tijera
7794	A	A	montañoso
7795	N	N	perito
7796	N	N	silvia
7797	A	A	inseguro
7798	N	M	diez mil
7799	N	N	proyectil
7800	A	A	milagroso
7801	N	N	cuchara
7802	V	V	plegar
7804	A	A	sobrenatural
7805	V	V	perpetuar
7806	N	N	torrente
7807	V	V	rascar
7808	A	A	improbable
7809	N	N	gijón
7810	N	N	pancarta
7811	A	A	confidencial
7812	A	A	multimedia
7813	V	V	desterrar
7814	V	V	codificar
7815	N	N	regimiento
7816	N	N	coma
7817	N	N	barón
7818	N	N	minería
7819	N	N	exponente
7820	V	V	estribar
7821	N	N	dote
7822	A	A	sensual
7823	N	N	reverencia
7824	V	V	enfurecer
7825	A	A	cardiaco
7826	N	N	combustión
7827	V	V	derrocar
7828	N	N	lenin
7829	N	N	marketing
7830	A	A	bíblico
7831	N	N	predicción
7832	A	A	ocular
7833	N	N	granada
7834	N	N	refresco
7835	N	N	chófer
7837	N	N	cuestionario
7838	N	N	estacionamiento
7839	N	N	dolencia
7840	V	V	fatigar
7841	A	A	ancestral
7842	V	V	esquivar
7843	N	N	caricatura
7844	N	N	calzado
7845	N	N	josé maría
7846	N	N	ingenuidad
7847	N	N	afinidad
7848	N	N	guarda
7849	N	N	arafat
7850	N	N	infinidad
7851	C	P	con arreglo a
7852	V	V	balancear
7853	N	N	orificio
7854	V	V	engordar
7855	N	N	pliego
7856	A	A	monótono
7857	A	A	ajustado
7858	N	N	desvío
7860	N	N	dirigencia
7861	A	A	problemático
7862	N	N	betis
7863	N	N	agresor
7864	N	N	detrimento
7865	A	A	sensato
7866	N	N	infusión
7868	N	N	imperialismo
7869	N	N	espejismo
7870	N	N	hernández
7871	V	V	catalogar
7872	D	R	comúnmente
7873	N	N	extrañeza
7875	N	N	ascensión
7876	A	A	intolerable
7877	N	N	generalización
7878	N	N	hilera
7879	N	N	gramático
7880	V	V	abrigar
7881	C	C	toda vez que
7882	N	N	monólogo
7883	A	A	cómplice
7884	V	V	agobiar
7885	N	N	subversión
7886	N	N	agustín
7887	N	N	linterna
7888	N	N	bacon
7889	A	A	controvertido
7890	A	A	elocuente
7892	A	A	temible
7894	V	V	desmontar
7895	A	A	angustioso
7896	N	N	celta
7897	N	N	embalse
7898	A	A	magno
7899	N	N	ciervo
7900	V	V	aniquilar
7901	N	N	empuje
7902	N	N	estancamiento
7903	N	N	casilla
7904	A	A	irlandés
7905	N	N	radiodifusión
7906	A	A	necesitado
7907	V	V	desesperar
7908	A	A	indebido
7909	N	N	parecido
7910	N	N	dúo
7911	N	N	violeta
7912	V	V	inmovilizar
7913	V	V	sofocar
7914	N	N	perfeccionamiento
7915	A	A	autóctono
7916	A	A	vocal
7917	V	V	asemejar
7918	N	N	evocación
7919	V	V	saldar
7920	N	N	naufragio
7921	V	V	excusar
7922	N	N	solidez
7923	N	N	colector
7924	N	N	ofrecimiento
7925	N	N	erc
7926	N	N	reparo
7928	A	A	elástico
7929	N	N	mate
7930	N	N	hidrocarburo
7931	N	N	sustrato
7932	N	N	gringo
7933	N	N	prójimo
7934	N	N	matorral
7935	A	A	marginado
7936	A	A	ambulante
7937	A	A	anglosajón
7938	A	A	ilimitado
7939	A	A	irreal
7940	C	P	para con
7941	A	A	manso
7942	N	N	cuarteto
7944	A	A	histérico
7945	N	N	timidez
7946	N	N	mandíbula
7947	N	N	albacete
7948	N	N	ud
7949	N	N	antonio
7951	N	N	simón
7952	V	V	cegar
7953	N	N	u
7955	N	N	alcalá
7956	V	V	acechar
7957	A	A	neutral
7958	N	N	vaivén
7960	A	A	suicida
7961	N	N	carrillo
7962	N	N	deducción
7963	N	N	egoísmo
7964	A	A	magistral
7965	N	N	asesoramiento
7966	A	A	distraído
7967	N	N	vidal
7968	N	N	rebaño
7969	N	N	lorenzo
7970	N	N	mariano
7971	D	R	por ende
7972	A	A	constitutivo
7973	N	N	culminación
7974	N	N	anteojo
7975	N	N	salvador
7976	A	A	paramilitar
7977	N	N	persistencia
7978	N	N	puntuación
7979	N	N	cápsula
7980	N	N	súbdito
7981	N	N	libreto
7982	A	A	apreciable
7983	A	A	indefenso
7984	N	N	xiv
7985	N	N	glucosa
7986	V	V	lidiar
7987	N	N	alba
7988	N	N	pulgar
7989	V	V	arrimar
7990	N	N	faro
7992	N	N	vecindad
7994	N	N	medina
7995	N	N	tuberculosis
7996	V	V	legalizar
7997	N	N	concilio
7998	N	N	cabida
7999	N	N	escuadra
8000	N	N	divergencia
8001	N	N	claudia
8002	V	V	documentar
8003	D	R	seguidamente
8004	A	A	desordenado
8005	N	N	distorsión
8006	N	N	subsistencia
8007	N	N	trauma
8008	N	N	aclaración
8009	N	N	guillermo
8010	N	N	carlitos
8011	A	A	sublime
8012	V	V	entorpecer
8013	A	A	interino
8015	N	N	neutralidad
8016	N	N	valparaíso
8017	N	N	fábula
8018	V	V	acoplar
8019	A	A	ingenioso
8020	C	P	merced a
8021	V	V	obstaculizar
8022	A	A	benéfico
8023	N	N	rivalidad
8025	V	V	maldecir
8026	N	N	providencia
8027	A	A	morado
8028	C	P	en relación al
8029	N	N	regina
8030	N	N	artificio
8031	A	A	inmortal
8032	A	A	escueto
8033	A	A	calórico
8034	N	N	liceo
8035	A	A	cortés
8036	N	N	surrealismo
8037	N	N	comensal
8038	A	A	instantáneo
8039	N	N	pizca
8040	V	V	estancar
8041	N	N	jarra
8042	N	N	renault
8043	V	V	cuajar
8044	A	A	totalitario
8045	A	A	burlón
8046	N	N	calefacción
8047	N	N	reputación
8048	N	N	clero
8049	A	A	formativo
8050	N	N	mediador
8051	N	N	serrano
8052	N	N	rana
8053	N	N	simpatizante
8054	N	N	darwin
8055	N	N	sustento
8056	N	N	san miguel
8057	N	N	barca
8058	N	N	mercader
8059	N	N	alexander
8060	A	A	aplicado
8061	A	A	caluroso
8062	N	N	destello
8063	N	N	coordenada
8064	N	N	pelé
8065	N	N	quemador
8066	N	N	calificativo
8067	V	V	saborear
8068	N	N	amparo
8070	A	A	nefasto
8071	V	V	cooperar
8072	A	A	nutrido
8073	A	A	borroso
8074	N	N	puertorriqueño
8075	N	N	morelos
8076	N	M	tres mil
8077	N	N	estabilización
8078	V	V	recabar
8079	N	N	seat
8080	N	N	fichaje
8081	A	A	resuelto
8082	N	N	futbol
8083	N	N	huelva
8084	A	A	llano
8085	N	N	escalofrío
8087	V	V	distorsionar
8088	N	N	barajas
8089	A	A	involuntario
8090	A	A	continuado
8091	A	A	inconfundible
8092	N	N	dulzura
8093	N	N	ración
8094	N	N	descubierto
8095	V	V	apropiar
8097	D	R	regularmente
8098	N	N	útero
8100	A	A	gremial
8101	N	N	mural
8102	V	V	platicar
8104	N	N	borracho
8105	N	N	consulado
8106	D	R	empero
8107	N	N	hegel
8108	N	N	pablo
8109	A	A	hipotecario
8110	N	N	divulgación
8111	N	N	torta
8112	N	N	pólvora
8113	D	R	temporalmente
8114	N	N	haz
8115	A	A	impotente
8116	N	N	galileo
8117	N	N	tripulante
8118	A	A	especulativo
8119	N	N	malvinas
8120	N	N	coral
8121	A	A	ilustrado
8122	V	V	liar
8123	A	A	imparable
8124	N	N	kid
8125	N	N	móvil
8126	V	V	pecar
8127	N	N	éxtasis
8128	N	N	omisión
8129	A	A	irresponsable
8130	V	V	remediar
8132	A	A	laborista
8133	V	V	abrumar
8134	A	A	disciplinario
8135	N	N	resorte
8136	N	N	guayaquil
8137	A	A	apacible
8138	N	N	rfa
8139	N	N	endesa
8140	A	A	intrínseco
8141	V	V	visualizar
8143	N	N	chirac
8144	N	N	sandinista
8145	N	N	lavinia
8146	N	N	interferencia
8147	N	N	potencialidad
8148	A	A	traumático
8149	V	V	acaparar
8150	V	V	reactivar
8151	N	N	emplazamiento
8152	N	N	marginación
8153	A	A	inmune
8154	N	N	canario
8155	V	V	persuadir
8156	V	V	corromper
8157	N	N	disturbio
8158	N	N	asesoría
8159	V	V	incautarse
8160	A	A	desmesurado
8161	N	N	pene
8162	N	N	anticipación
8163	V	V	enrojecer
8164	N	N	indulto
8166	N	N	fichero
8167	D	R	mentalmente
8169	N	N	potasio
8170	V	V	bombardear
8171	N	N	triple
8172	V	V	diversificar
8173	N	N	hincha
8174	N	N	pincel
8175	N	N	magdalena
8176	D	R	consecuentemente
8177	N	N	improvisación
8178	N	N	recolección
8179	N	N	flexión
8181	N	N	vestigio
8182	N	N	lejanía
8183	N	N	inmunidad
8184	V	V	escalar
8185	N	N	oea
8186	N	N	eslabón
8187	N	N	psicoanálisis
8188	C	P	de acuerdo al
8189	V	V	auspiciar
8190	N	N	colapso
8191	A	A	subdesarrollado
8192	N	N	farsa
8193	D	R	tela de
8194	N	N	la paz
8195	N	N	inflamación
8196	A	A	secular
8197	N	N	fanático
8198	N	N	surco
8199	V	V	aquejar
8200	N	N	ion
8201	N	N	san isidro
8202	A	A	emblemático
8203	A	A	monstruoso
8204	N	N	insulina
8205	N	N	caramelo
8206	N	N	praga
8207	N	N	arbitraje
8208	N	N	sindicalista
8209	N	N	maastricht
8210	N	N	morales
8211	N	N	recogida
8212	N	N	pantano
8213	A	A	endógeno
8214	V	V	inquirir
8215	N	N	herrera
8216	A	A	descriptivo
8217	V	V	afinar
8218	C	C	y eso que
8221	N	N	pesquisa
8222	V	V	tachar
8223	A	A	futbolístico
8224	N	N	gerencia
8225	N	M	cinco mil
8226	N	N	alarde
8227	N	N	nueva españa
8228	N	N	acompañamiento
8229	D	R	sensiblemente
8231	V	V	arremeter
8232	N	N	audacia
8234	V	V	cristalizar
8235	V	V	añorar
8236	A	A	hambriento
8237	N	N	cuadrilla
8238	N	N	tramitación
8240	A	A	innegable
8241	N	N	maestría
8244	N	N	racismo
8245	N	N	anatomía
8246	V	V	cagar
8248	N	N	coco
8250	A	A	organizador
8251	A	A	esporádico
8253	N	N	gratitud
8254	N	N	chaleco
8255	A	A	polar
8256	N	N	maduración
8257	V	V	suavizar
8258	A	A	resignado
8259	V	V	desestimar
8260	N	N	equidad
8261	N	N	colonización
8262	N	N	susana
8264	N	N	charco
8265	V	V	inferir
8266	N	N	veracidad
8267	N	N	anemia
8268	A	A	biliar
8269	N	N	quijote
8270	N	N	novillo
8271	N	N	amalia
8272	N	N	juramento
8273	N	N	nexo
8274	V	V	graduar
8275	N	N	masaje
8276	A	A	contable
8277	N	N	válvula
8278	N	N	exportador
8279	V	V	acuñar
8280	N	N	pinchazo
8281	N	N	amsterdam
8282	N	N	distensión
8283	N	N	helado
8284	N	N	informador
8285	N	N	telefónica
8286	N	N	inquisición
8287	A	A	revelador
8288	A	A	recio
8289	V	V	habituar
8290	A	A	imponente
8291	N	N	chiquillo
8292	N	N	arturo
8293	N	N	empujón
8294	N	N	lanzador
8295	N	N	terminología
8296	N	N	acepción
8297	N	N	referente
8298	N	N	puré
8299	N	N	perplejidad
8300	A	A	liberado
8302	N	N	cáceres
8303	N	N	kilogramo
8304	A	A	ineludible
8305	A	A	foráneo
8306	N	M	cien mil
8307	N	N	rafa
8308	A	A	arancelario
8309	N	N	mahler
8310	V	V	confluir
8311	N	N	trompeta
8312	N	N	autenticidad
8314	N	N	latido
8315	N	N	libreta
8316	N	N	pezón
8317	N	N	cachorro
8318	V	V	colorear
8319	N	N	parrilla
8320	N	N	ix
8321	N	N	ardor
8322	N	N	traba
8323	A	A	transversal
8324	A	A	cobarde
8325	N	N	filipinas
8326	N	N	mitología
8327	N	N	cacao
8328	A	A	prometedor
8330	A	A	comprensivo
8331	N	N	estatus
8332	N	N	mulato
8333	N	N	peripecia
8334	A	A	enamorado
8335	A	A	abrumador
8336	V	V	anclar
8337	N	N	costura
8338	N	N	diócesis
8339	N	N	berlusconi
8340	D	R	eminentemente
8341	A	A	utópico
8342	N	N	margarita
8343	N	N	interrelación
8344	N	N	monitor
8345	A	A	próspero
8347	N	N	alejandra
8348	N	N	islam
8349	A	A	acústico
8350	N	N	asimilación
8351	N	N	la unión
8352	N	N	la rioja
8353	A	A	referente
8354	N	N	fósil
8355	N	N	porte
8356	N	N	contención
8358	N	N	telefonía
8359	V	V	achacar
8360	A	A	ignorante
8361	A	A	higiénico
8362	A	A	yugoslavo
8363	A	A	discutible
8364	V	V	botar
8365	N	N	zapatilla
8366	N	N	san antonio
8367	N	N	autodeterminación
8368	V	V	lastimar
8369	A	A	madridista
8370	N	N	tenista
8373	V	V	aunar
8374	N	N	historieta
8375	N	N	sa
8376	N	N	estrógeno
8377	N	N	abstinencia
8378	N	N	exageración
8379	N	N	conservatorio
8380	N	N	úlcera
8381	A	A	atónito
8382	N	N	afganistán
8383	N	N	valentía
8384	A	A	panamericano
8385	V	V	interceptar
8386	N	N	meseta
8387	A	A	coincidente
8388	N	N	vasija
8389	A	A	australiano
8390	N	N	siria
8391	N	N	balneario
8392	N	N	revancha
8393	N	N	angel
8394	N	N	argel
8395	A	A	desfavorable
8396	N	N	john
8397	V	V	enrollar
8398	V	V	augurar
8399	N	N	elenco
8400	A	A	portuario
8401	N	N	alejamiento
8402	A	A	caótico
8403	N	N	clan
8404	N	N	patrona
8405	V	V	ansiar
8406	N	N	ceguera
8407	N	N	deudor
8408	A	A	articular
8409	N	N	san salvador
8410	N	N	choza
8411	N	N	poderío
8412	N	N	décima
8413	N	N	honra
8414	D	R	deprisa
8415	N	N	terrateniente
8416	N	N	el niño
8418	N	N	magistratura
8419	V	V	amasar
8420	N	N	aurora
8421	A	A	genital
8422	N	N	certidumbre
8424	N	N	tiburón
8425	N	N	soberbio
8426	N	N	gráfica
8427	N	N	despegue
8428	N	N	levadura
8429	V	V	primar
8430	N	N	presunción
8431	V	V	hurgar
8432	N	N	ara
8433	N	N	fifa
8434	N	N	ceoe
8435	N	N	microsoft
8436	D	R	espontáneamente
8437	V	V	abortar
8438	A	A	reflexivo
8439	N	N	excavación
8440	V	V	gestar
8441	A	A	destructivo
8442	A	A	ulterior
8443	A	A	intermitente
8444	N	N	sumisión
8445	N	N	consultor
8446	N	N	félix
8447	A	A	congénito
8448	N	N	escenografía
8449	N	N	astronomía
8450	N	N	proletariado
8451	N	N	nubosidad
8453	D	R	explícitamente
8454	N	N	barriga
8455	A	A	escéptico
8456	V	V	atajar
8458	N	N	emblema
8461	A	A	saliente
8462	N	N	retina
8463	A	A	comestible
8464	V	V	chillar
8465	V	V	abocar
8466	N	N	moctezuma
8467	N	N	flanco
8468	N	N	visto
8469	N	N	píldora
8470	N	N	falsificación
8471	N	N	conocedor
8472	A	A	placentero
8474	N	N	boxeador
8475	N	N	molina
8476	N	N	pasividad
8477	N	N	nuevo mundo
8478	N	N	sostén
8479	N	N	apropiación
8480	N	N	mercurio
8481	A	A	experimentado
8482	N	N	disidente
8483	N	N	icono
8484	N	N	duhalde
8485	V	V	devenir
8486	N	N	letrero
8487	V	V	retorcer
8488	V	V	circunscribir
8489	N	N	contador
8490	A	A	coyuntural
8491	A	A	medioambiental
8492	N	N	dalí
8493	A	A	inverosímil
8494	A	A	selecto
8495	A	A	invernal
8496	N	N	pera
8497	N	N	reticencia
8498	N	N	azotea
8499	N	N	felicitación
8500	N	N	avalancha
8501	A	A	interpersonal
8502	N	N	noventa
8503	N	N	josé luis
8504	N	N	ofensa
8505	V	V	marear
8506	V	V	machacar
8507	N	N	rubén
8508	A	A	radiactivo
8510	V	V	labrar
8511	N	N	fertilizante
8512	V	V	recomponer
8513	N	N	tirano
8514	A	A	parejo
8515	V	V	perforar
8516	N	N	luis roldán
8517	A	A	frenético
8519	N	N	loma
8520	N	N	desembarco
8521	N	N	filete
8522	N	N	recado
8524	N	N	casilda
8525	V	V	vulnerar
8526	A	A	ecologista
8527	N	N	fsln
8528	V	V	competer
8529	N	N	dicha
8530	V	V	vagar
8531	N	N	desperdicio
8532	N	N	calumnia
8533	N	N	sorbo
8534	N	N	fbi
8535	N	N	pontífice
8536	N	N	susurro
8537	N	N	bronca
8538	N	N	oriente medio
8539	N	N	borrachera
8540	N	N	chapo
8541	A	A	exportador
8542	N	N	las palmas
8543	N	N	hermandad
8544	N	N	concesionario
8545	N	N	alvarez
8546	A	A	existencial
8547	N	N	parentesco
8548	N	N	clamor
8549	N	N	agravio
8550	N	N	iberoamérica
8551	N	N	tempestad
8553	N	N	crepúsculo
8554	V	V	infiltrar
8555	A	A	neurológico
8556	N	N	neurosis
8557	V	V	emplazar
8558	N	N	trinchera
8560	N	N	ternero
8561	N	N	traza
8563	N	N	gerona
8566	A	A	cuantioso
8567	N	N	cascada
8568	V	V	acaecer
8569	V	V	crispar
8570	A	A	dietético
8571	C	P	de cara al
8572	A	A	renovador
8573	N	N	sergio
8574	A	A	oficialista
8575	V	V	rememorar
8576	V	V	ahondar
8577	N	N	cabellera
8578	N	N	tapiz
8579	N	N	precursor
8580	N	N	medicación
8581	N	N	titularidad
8582	N	N	varsovia
8583	A	A	cabal
8584	N	N	sílaba
8585	D	R	ocasionalmente
8586	N	N	desnutrición
8587	N	N	veintena
8588	D	R	usualmente
8589	A	A	apresurado
8590	V	V	abolir
8591	N	N	emperatriz
8592	N	N	giovanni
8593	N	N	nata
8594	V	V	deportar
8595	N	N	manantial
8596	N	N	adán
8597	A	A	educado
8598	N	N	designio
8599	N	N	coñac
8600	N	N	reorganización
8601	V	V	institucionalizar
8602	A	A	patrio
8603	V	V	confinar
8604	V	V	fragmentar
8605	N	N	irpf
8606	N	N	distracción
8607	N	N	pepe
8609	N	N	aprendiz
8612	N	N	peldaño
8613	N	N	luminosidad
8614	V	V	enderezar
8615	N	N	peregrinación
8616	V	V	empuñar
8617	V	V	desarmar
8618	N	N	lucro
8619	N	N	cóctel
8621	N	N	belgrado
8622	N	N	florencia
8623	N	N	la iglesia
8624	N	N	aristocracia
8625	N	N	dogma
8626	V	V	cobijar
8627	N	N	conserva
8628	A	A	absorto
8629	N	N	michael
8630	N	N	gaza
8631	N	N	solemnidad
8632	V	V	adueñarse
8633	A	A	espinoso
8634	N	N	cerradura
8635	N	N	remordimiento
8636	A	A	sociocultural
8637	A	A	venenoso
8638	N	N	jorge
8639	N	N	extracto
8640	N	N	pacificación
8641	N	N	cédula
8642	A	A	dispar
8643	N	N	dragón
8644	V	V	oficiar
8645	N	N	amortización
8646	N	N	robert
8647	A	A	improvisado
8648	V	V	asfixiar
8649	N	N	insumo
8650	N	N	millonario
8651	A	A	infernal
8652	A	A	rocoso
8653	N	N	piña
8654	A	A	imperioso
8655	V	V	cabalgar
8656	N	N	misionero
8657	N	N	azufre
8658	A	A	febril
8660	V	V	exhortar
8661	D	R	vagamente
8662	N	N	miró
8663	N	N	ratificación
8664	N	N	reactor
8665	N	N	barranco
8666	D	R	íntegramente
8667	V	V	rehusar
8668	N	N	instructor
8669	N	N	amado
8670	N	N	marihuana
8671	A	A	macroeconómico
8672	N	N	inventor
8673	A	A	insular
8674	A	A	hueco
8675	N	N	desdén
8676	N	N	declive
8677	N	N	busto
8678	A	A	curricular
8679	N	N	portón
8680	N	N	prado
8681	V	V	enjuiciar
8682	N	N	ron
8683	A	A	penúltimo
8684	N	N	pavo
8686	V	V	rastrear
8687	N	N	sucre
8688	A	A	desprovisto
8689	N	N	soprano
8690	N	N	esteban
8691	N	N	rogelio
8692	A	A	grandioso
8693	N	N	sinónimo
8694	N	N	despojo
8695	V	V	venerar
8696	N	N	ametrallador
8697	N	N	fragilidad
8698	N	N	hacendado
8699	N	N	conciliación
8700	N	N	oms
8701	N	N	cabrón
8702	N	N	limosna
8703	N	N	liquidez
8704	N	N	plática
8705	V	V	mecer
8706	N	N	rodolfo
8707	N	N	reporte
8708	A	A	neurótico
8709	V	V	enmascarar
8710	N	N	animación
8711	N	M	veintidós
8712	N	N	nacho
8713	N	N	grosor
8714	N	N	bacalao
8715	V	V	incentivar
8716	N	N	mobiliario
8718	N	N	caracterización
8719	N	N	sancho
8720	N	N	dramaturgo
8721	V	V	masticar
8722	V	V	relucir
8723	N	N	miraflores
8724	A	A	amenazante
8725	N	N	cosmos
8726	N	N	patricia
8727	N	N	elite
8728	A	A	alineado
8729	N	N	perdiz
8730	N	N	génesis
8732	A	A	portador
8733	A	A	anatómico
8734	V	V	escoltar
8735	V	V	ilusionar
8736	V	V	refrescar
8737	V	V	subvencionar
8738	A	A	interpretativo
8739	A	A	indiscriminado
8740	V	V	humedecer
8741	N	N	atropello
8742	N	N	frei
8743	N	N	estela
8744	N	N	venado
8745	N	N	glóbulo
8746	A	A	perceptible
8747	N	N	privación
8748	D	R	felizmente
8749	A	A	coronario
8750	N	N	vicepresidencia
8751	N	N	propagación
8752	D	R	escasamente
8753	C	P	de regreso a
8754	N	N	polígono
8755	N	N	silbido
8756	N	N	mnr
8757	V	V	arraigar
8759	N	N	astucia
8760	N	N	litigio
8761	V	V	ladrar
8762	N	N	mar del plata
8763	V	V	rasgar
8764	N	N	paladar
8765	N	N	rivera
8766	N	N	taco
8767	N	N	cabecilla
8768	N	N	expropiación
8769	N	N	estirpe
8771	N	N	gemido
8772	N	N	palanca
8773	V	V	laborar
8774	V	V	horrorizar
8775	N	N	vacilación
8776	N	N	consultorio
8777	V	V	solventar
8778	V	V	telefonear
8779	N	N	el cairo
8780	V	V	desorientar
8781	V	V	doblegar
8783	N	N	conmoción
8784	N	N	ímpetu
8785	N	N	indagación
8786	N	N	deriva
8787	D	R	hoy por hoy
8789	N	N	terapeuta
8790	N	N	antropólogo
8791	N	N	catolicismo
8793	N	N	llaga
8795	A	A	atrevido
8796	V	V	presuponer
8797	N	N	coreografía
8798	A	A	penetrante
8799	V	V	intercalar
8800	V	V	trasmitir
8801	N	N	mantel
8802	V	V	contrariar
8803	N	N	melena
8804	N	N	perdedor
8805	A	A	astuto
8806	A	A	plateado
8807	V	V	calzar
8808	N	N	pradera
8809	C	P	de espaldas a
8810	V	V	desconcertar
8811	N	N	cresta
8812	V	V	aglutinar
8813	A	A	planetario
8814	N	N	cacería
8815	N	N	ipc
8816	A	A	hegemónico
8817	A	A	sugestivo
8818	A	A	ordenado
8820	N	N	psiquiatría
8821	A	A	poblacional
8822	N	N	jiménez
8824	N	N	aquiles
8825	N	N	shakespeare
8826	N	N	artífice
8827	N	N	orgasmo
8828	N	N	pirineos
8829	N	N	urbe
8830	V	V	arropar
8831	N	N	estamento
8832	N	N	mucosa
8833	V	V	proliferar
8834	A	A	registrada
8835	N	N	veto
8836	V	V	desolar
8837	N	N	laureano
8838	N	N	listado
8839	N	N	carlos menem
8840	N	N	barbarie
8841	N	N	cono
8842	V	V	condensar
8843	A	A	generador
8844	N	N	uruguayo
8845	N	N	josé antonio
8846	A	A	centrista
8847	N	N	chubasco
8848	A	A	preparatorio
8849	V	V	lamer
8850	N	N	farol
8852	N	N	amedo
8853	V	V	emborrachar
8854	A	A	precipitado
8855	N	N	xi
8856	N	N	oscilación
8857	N	N	olfato
8858	A	A	preferente
8859	N	N	goleador
8860	V	V	patear
8861	N	N	antígeno
8862	N	N	bayona
8863	N	N	vélez
8864	N	N	filesa
8865	N	N	merienda
8866	A	A	aromático
8867	N	N	amelia
8868	A	A	inspirado
8869	V	V	surtir
8870	N	N	estrago
8871	N	N	calcetín
8873	V	V	confiscar
8874	N	N	arias
8875	N	N	patriotismo
8876	A	A	auditivo
8878	N	N	malla
8880	N	N	bancada
8881	A	A	accidental
8882	N	N	progenitor
8883	A	A	deseoso
8884	V	V	desmoronar
8885	V	V	atañer
8886	N	N	opep
8887	N	N	kohl
8888	A	A	confiado
8889	N	N	carreta
8890	V	V	acorralar
8891	A	A	ávido
8892	V	V	objetar
8893	N	N	incompatibilidad
8894	N	N	viga
8895	N	N	nazi
8896	N	N	maría
8897	N	N	concreción
8898	N	N	alonso
8899	N	N	gorro
8900	N	N	sardina
8901	V	V	desmayar
8902	V	V	desgastar
8903	N	N	desencanto
8904	N	N	agilidad
8906	N	N	tita
8907	N	N	julio anguita
8908	A	A	protestante
8909	D	R	convenientemente
8910	N	N	especificidad
8911	V	V	fastidiar
8912	N	N	cantina
8913	V	V	aterrorizar
8914	N	M	diecinueve
8915	A	A	austero
8916	N	N	enciclopedia
8917	V	V	individualizar
8918	A	A	incorrecto
8919	V	V	armonizar
8920	V	V	sobreponer
8921	V	V	empañar
8922	N	N	anonimato
8923	A	A	inmunológico
8924	N	N	raquel
8925	V	V	danzar
8926	N	N	yerba
8927	N	N	torres
8928	N	N	paternidad
8929	N	N	pop
8930	N	N	desaparecido
8931	A	A	carnal
8932	D	R	inútilmente
8933	A	A	despreciable
8934	V	V	enganchar
8935	N	N	smith
8936	V	V	avecinar
8937	A	A	vistoso
8938	A	A	verdoso
8939	N	N	víscera
8940	N	N	arqueólogo
8941	V	V	coexistir
8942	N	N	portería
8943	A	A	gastronómico
8944	A	A	revuelto
8945	V	V	atinar
8946	A	A	somático
8947	A	A	culinario
8948	N	N	diversificación
8949	N	N	caminata
8950	N	N	escalinata
8951	N	N	rodeo
8952	A	A	ficticio
8953	A	A	instintivo
8954	V	V	encauzar
8955	D	R	a fin de cuentas
8956	A	A	fluvial
8957	N	N	estruendo
8959	N	N	substancia
8960	N	N	yeso
8961	V	V	vendar
8962	N	N	preámbulo
8963	A	A	foral
8964	N	N	don quijote
8965	N	N	kremlin
8966	N	N	carmela
8967	N	N	sastre
8968	N	N	antojo
8969	N	N	beethoven
8970	N	N	orégano
8971	N	N	sapo
8972	N	N	entramado
8973	N	N	antorcha
8974	N	N	esther
8975	A	A	cambiario
8976	N	N	reajuste
8977	A	A	independentista
8978	A	A	inerte
8979	D	R	infinitamente
8980	A	A	hotelero
8981	N	N	hundimiento
8982	N	N	asaltante
8983	V	V	derogar
8984	N	N	carril
8985	N	N	onofre
8986	A	A	dilatado
8987	N	N	habana
8988	N	N	arqueología
8989	N	N	jamaica
8990	N	N	cinematografía
8991	N	N	recreo
8992	N	N	nitidez
8993	N	N	altavoz
8994	N	N	adición
8995	N	N	paliza
8996	N	N	gemelo
8997	V	V	ensanchar
8998	V	V	silenciar
8999	A	A	presentado
9000	A	A	teológico
9001	N	N	olimpia
9002	V	V	digerir
9003	A	A	vecinal
9004	N	N	congelación
9005	N	N	constelación
9006	V	V	repudiar
9007	N	N	insurrección
9008	N	N	farc
9009	N	N	bruma
9010	A	A	predilecto
9011	N	N	lavabo
9012	N	N	petra
9013	N	N	júbilo
9014	N	N	miranda
9015	N	N	tegucigalpa
9016	N	N	crianza
9017	N	N	irrupción
9018	N	N	farmacéutico
9019	A	A	abrupto
9020	N	N	adicción
9022	N	N	gastronomía
9023	N	N	inferioridad
9024	A	A	multitudinario
9025	A	A	insistente
9026	V	V	restituir
9027	N	N	circunferencia
9028	N	N	burgués
9029	N	N	unamuno
9030	N	N	quinceno
9031	N	N	shock
9032	N	N	saturno
9033	N	N	distanciamiento
9034	V	V	revocar
9035	N	N	equivocación
9036	N	N	faja
9037	A	A	naciente
9038	A	A	airado
9039	V	V	delegar
9041	N	N	evacuación
9043	N	N	nasa
9044	A	A	pardo
9045	A	A	irresistible
9046	N	N	arrebato
9047	D	R	de una vez por todas
9049	V	V	embargar
9050	A	A	roto
9051	V	V	musitar
9052	N	N	anochecer
9053	V	V	releer
9054	A	A	acreditado
9055	A	A	agrio
9056	N	N	conmemoración
9057	A	A	victorioso
9058	N	N	burbuja
9059	V	V	comandar
9060	V	V	reglamentar
9061	A	A	sintomático
9062	V	V	trabar
9063	V	V	obsequiar
9064	N	N	mata
9065	V	V	empobrecer
9066	N	N	ini
9067	N	N	ballena
9068	N	N	sara
9069	N	N	dna
9070	A	A	vascular
9071	V	V	turbar
9072	N	N	socialización
9073	V	V	modelar
9074	N	N	vaina
9075	N	N	mosquito
9076	V	V	distar
9077	N	N	rosita
9078	N	N	champiñón
9079	N	N	soborno
9080	A	A	seductor
9081	N	N	agrado
9082	A	A	cardiovascular
9083	V	V	deponer
9084	N	N	san cristóbal
9085	N	N	suplente
9086	D	R	individualmente
9087	A	A	jurisdiccional
9088	N	N	brasa
9089	N	N	suite
9090	N	N	anunciante
9091	A	A	cerámico
9092	N	N	rené
9093	V	V	afiliar
9094	N	N	coleccionista
9095	N	N	sepulcro
9096	N	N	manuel fraga
9097	A	A	plenario
9098	A	A	relleno
9099	A	A	funerario
9100	A	A	reaccionario
9101	A	A	inagotable
9102	N	N	asociado
9103	A	A	dominical
9104	N	N	repsol
9105	N	N	sollozo
9106	A	A	indeseable
9107	V	V	reelegir
9108	A	A	repugnante
9109	V	V	desdeñar
9110	N	N	encrucijada
9111	N	N	investidura
9112	N	N	singularidad
9113	N	N	yate
9114	N	N	depuración
9115	N	N	descartes
9117	N	N	yegua
9118	V	V	tambalear
9119	A	A	patronal
9120	N	N	santos
9121	V	V	propinar
9122	A	A	incansable
9123	N	N	colorido
9124	V	V	resurgir
9125	N	N	bombilla
9126	N	N	jaén
9127	N	N	vistazo
9128	V	V	adelgazar
9129	N	N	accesorio
9130	N	N	manufactura
9131	N	N	olp
9132	N	N	patty
9133	V	V	hincar
9134	A	A	pionero
9136	V	V	ponderar
9137	N	N	historial
9138	N	N	contingencia
9139	V	V	acallar
9140	A	A	consultivo
9141	V	V	decantar
9142	A	A	fiable
9143	N	N	gonzalito
9144	N	N	patriota
9145	N	N	camilla
9146	V	V	cuadrar
9147	N	N	kennedy
9148	N	N	tórax
9149	A	A	explicativo
9150	N	N	munich
9151	N	N	encarnación
9153	N	N	boliviano
9155	A	A	soleado
9156	V	V	jalar
9157	D	R	cuán
9158	V	V	falsificar
9159	N	N	tacón
9160	N	N	manicomio
9161	A	A	eminente
9162	A	A	apretado
9163	A	A	imbécil
9164	N	N	heracles
9165	N	N	finlandia
9166	N	N	ceuta
9167	A	A	extravagante
9168	V	V	fraguar
9169	V	V	exceptuar
9170	V	V	profesar
9171	A	A	navideño
9172	A	A	crediticio
9173	N	N	derrumbe
9174	N	N	elegido
9175	N	N	san luis
9176	N	N	vicente
9177	N	N	pgr
9178	N	N	teólogo
9179	N	N	etnia
9180	A	A	descomunal
9181	N	N	mercadería
9182	N	N	carpa
9183	N	N	puñal
9184	N	N	burócrata
9186	A	A	galo
9187	A	A	impensable
9188	A	A	folklórico
9189	V	V	equiparar
9190	N	N	machete
9191	N	N	rectángulo
9192	N	N	notificación
9193	N	N	respiro
9194	N	N	sosiego
9195	V	V	reabrir
9196	N	N	trópico
9197	A	A	portátil
9198	N	N	frescura
9199	V	V	aprehender
9200	N	N	fermentación
9201	V	V	instituir
9202	N	N	casona
9203	N	N	alias
9204	N	N	pito
9205	N	N	platillo
9206	V	V	clarificar
9209	V	V	batear
9210	V	V	decaer
9211	N	N	festividad
9212	D	R	discretamente
9213	A	A	gaseoso
9214	N	N	asma
9215	N	N	cargamento
9216	V	V	denegar
9217	N	N	robot
9218	V	V	personalizar
9219	N	N	nacionalización
9221	A	A	ininterrumpido
9225	N	N	drenaje
9226	A	A	bienvenido
9227	N	N	pestaña
9228	A	A	vergonzoso
9229	V	V	encaramar
9230	N	N	demandante
9231	N	N	cinismo
9232	A	A	jerárquico
9233	V	V	rehacer
9234	N	N	felipe ii
9235	N	N	astillero
9236	N	N	montesinos
9237	A	A	lícito
9238	N	N	clérigo
9239	A	A	cínico
9240	N	N	liebre
9241	N	N	implementación
9242	N	N	fotocopia
9243	V	V	desparramar
9244	V	V	impactar
9245	A	A	angosto
9247	N	N	octavio
9248	N	N	ovario
9249	N	N	furor
9250	N	N	superviviente
9251	V	V	intrigar
9252	A	A	expansivo
9253	N	N	párroco
9254	N	N	esquí
9255	N	N	lord
9256	A	A	venidero
9257	N	N	invasor
9259	A	A	educacional
9260	A	A	maternal
9261	N	N	rampa
9262	N	N	cacerola
9263	N	N	adela
9264	N	N	paul
9265	D	R	moralmente
9266	N	N	estructuración
9267	N	N	injuria
9268	N	N	cántaro
9269	N	N	paulina
9270	N	N	acabado
9271	N	N	lorca
9272	A	A	excluyente
9273	N	N	escote
9274	V	V	ensangrentar
9275	D	R	deliberadamente
9276	A	A	confortable
9277	A	A	germano
9278	N	N	san lorenzo
9279	N	N	pasada
9280	A	A	innato
9281	N	N	cofradía
9282	N	N	marisco
9283	N	N	roque
9285	A	A	tenebroso
9286	N	N	radicalismo
9287	N	N	josé
9288	N	N	pentágono
9289	N	N	gobernabilidad
9290	D	R	netamente
9291	N	N	paralelismo
9292	D	R	eficazmente
9293	N	N	tormento
9294	N	N	ronald reagan
9296	N	N	docencia
9297	N	N	consciencia
9298	A	A	hermético
9299	N	N	hacha
9300	N	N	trinidad
9301	N	N	mezquita
9302	V	V	reclutar
9303	N	N	deliberación
9304	V	V	desbaratar
9305	V	V	trocear
9307	A	A	inusual
9308	N	N	descalificación
9309	A	A	parroquial
9310	N	N	de la rosa
9311	A	A	arcaico
9312	V	V	irradiar
9313	A	A	obsceno
9314	N	N	calentamiento
9315	N	N	suroeste
9317	N	N	la junta
9318	V	V	desvirtuar
9319	V	V	fusionar
9320	N	N	melodrama
9321	N	N	bulgaria
9322	N	N	sintomatología
9323	A	A	cabrón
9324	A	A	roso
9325	N	N	averiguación
9326	N	N	contratiempo
9327	V	V	osar
9328	N	N	volkswagen
9329	N	N	pardo
9330	N	N	cleopatra
9331	A	A	gástrico
9332	N	N	lustro
9333	V	V	impugnar
9334	N	N	van
9335	N	N	sudamérica
9336	A	A	medicinal
9337	N	N	transeúnte
9338	N	N	trecho
9339	A	A	recreativo
9340	N	N	misiva
9341	N	N	invernadero
9342	A	A	macabro
9343	N	N	aro
9344	N	N	transcripción
9345	N	N	desolación
9346	D	R	favorablemente
9347	N	N	socorro
9348	N	N	disfrute
9349	N	N	san pablo
9350	N	N	vecindario
9351	N	N	camacho
9352	N	N	filmación
9353	N	N	alarido
9354	D	R	de cuando en cuando
9355	N	N	copla
9356	N	N	humanismo
9357	N	N	espontaneidad
9358	A	A	desastroso
9359	N	N	doctorado
9360	N	N	capitalización
9361	A	A	abultado
9362	N	N	utensilio
9363	N	N	adolfo
9364	N	N	ps
9365	N	N	soria
9366	V	V	incrustar
9367	A	A	psicótico
9368	A	A	honorable
9369	N	N	pinta
9370	N	N	regeneración
9371	N	N	conspirador
9372	N	N	wall street
9373	A	A	antropológico
9374	N	N	creyente
9375	A	A	cutáneo
9376	N	N	ligamento
9377	N	N	indonesia
9378	N	N	rectificación
9379	N	N	boom
9380	A	A	policiaco
9381	N	N	bagdad
9382	A	A	volcánico
9383	N	N	aeronave
9384	N	N	seleccionador
9385	A	A	recogido
9386	N	N	simbolismo
9387	A	A	sumiso
9388	A	A	majestuoso
9389	N	N	mercurio
9390	N	N	suizo
9391	N	N	tubería
9392	V	V	rehogar
9393	N	N	dionisio
9394	A	A	gobernante
9395	A	A	cristalino
9396	D	R	potencialmente
9397	N	N	yerno
9398	A	A	deslumbrante
9399	N	N	arbitrariedad
9400	A	A	inoportuno
9401	N	N	fatalidad
9402	N	N	ensueño
9403	N	N	atuendo
9404	V	V	minar
9405	N	N	semblante
9406	N	N	largometraje
9407	N	N	recopilación
9408	N	N	vicisitud
9409	N	N	refrán
9410	V	V	reencontrar
9411	N	N	anulación
9412	N	N	carmelo
9413	V	V	familiarizar
9414	N	N	prelado
9415	V	V	aprestar
9416	V	V	sollozar
9417	N	N	diploma
9418	N	N	titulación
9419	N	N	sazón
9420	N	N	procesador
9421	N	N	raquel
9422	A	A	tosco
9423	N	N	tabú
9424	N	N	maratón
9425	N	N	avatar
9426	A	A	huérfano
9427	N	N	conglomerado
9428	A	A	quebrado
9429	N	N	soga
9430	N	N	ponente
9431	N	N	corea
9432	N	N	magisterio
9433	V	V	recopilar
9434	N	N	cartucho
9435	N	N	manzanares
9436	N	N	los
9437	A	A	circulatorio
9438	A	A	desproporcionado
9439	D	R	repetidamente
9440	N	N	llano
9441	N	N	byron
9442	N	N	negligencia
9443	N	N	reencuentro
9444	N	N	champán
9446	N	N	auxiliar
9447	A	A	fósil
9448	N	N	don juan carlos
9449	A	A	racista
9450	N	N	chivo
9451	A	A	veraniego
9452	V	V	dictaminar
9453	A	A	laborioso
9454	D	R	a priori
9455	V	V	pugnar
9456	N	N	bofetada
9457	N	N	ateneo
9458	N	N	guitarrista
9459	N	N	houston
9460	N	N	quietud
9461	N	N	mermelada
9462	N	N	antebrazo
9463	N	N	suero
9464	A	A	catastrófico
9465	V	V	nacionalizar
9466	N	N	óvulo
9467	N	N	ligereza
9468	A	A	pretendido
9469	A	A	inhumano
9470	V	V	replantear
9471	N	N	caseta
9472	A	A	cautivo
9474	N	N	argentaria
9475	A	A	textual
9476	A	A	fructífero
9477	A	A	imperceptible
9478	A	A	rector
9479	N	N	fisura
9480	N	N	anarquía
9481	A	A	multinacional
9482	N	N	metamorfosis
9483	A	A	inflacionario
9484	N	N	eugenia
9485	A	A	aristocrático
9486	V	V	concordar
9487	A	A	insospechado
9488	N	N	audición
9489	V	V	encadenar
9490	N	N	espinaca
9491	A	A	oceánico
9492	N	N	imán
9493	N	N	astronauta
9494	A	A	laico
9496	A	A	vicioso
9497	A	A	verosímil
9498	D	R	forzosamente
9499	A	A	circundante
9500	N	N	camello
9501	A	A	trivial
9502	N	N	reemplazo
9503	N	N	reojo
9504	V	V	desmantelar
9505	V	V	relevar
9506	N	N	acapulco
9507	N	N	chisme
9508	N	N	marquesa
9509	N	N	neumático
9510	N	N	superintendencia
9511	N	N	ernesto
9512	D	R	ilegalmente
9513	N	N	peaje
9514	N	N	legalización
9515	C	C	a no ser que
9516	N	N	exclamación
9517	N	N	preservación
9518	N	N	nino
9519	N	N	anís
9520	N	N	loro
9521	A	A	evangélico
9522	V	V	atemorizar
9523	N	N	restablecimiento
9524	A	A	abusivo
9525	V	V	archivar
9526	N	N	concordia
9527	V	V	halagar
9528	V	V	infundir
9529	N	N	emi
9530	N	N	erotismo
9531	N	N	padecimiento
9532	A	A	desmedido
9533	A	A	indicado
9534	N	N	andes
9535	N	N	exención
9536	N	N	celia
9538	N	N	marbella
9539	N	N	sexenio
9540	V	V	estorbar
9541	N	N	pellejo
9542	N	N	aventurero
9543	N	N	antesala
9544	N	N	sudáfrica
9546	A	A	programático
9547	A	A	engañoso
9548	V	V	pregonar
9549	N	N	afluencia
9550	N	N	fisco
9551	N	N	pasa
9552	N	N	furgoneta
9553	V	V	zanjar
9554	N	N	escollo
9555	A	A	dañino
9557	N	N	guatemalteco
9558	N	N	plusvalía
9559	D	R	sic
9560	N	N	acorde
9561	N	N	gutiérrez
9562	V	V	remojar
9563	N	N	fusilamiento
9564	A	A	flotante
9565	N	N	acueducto
9566	N	N	pormenor
9567	N	N	quevedo
9568	V	V	cuantificar
9569	A	A	submarino
9570	N	N	kuwait
9571	A	A	matinal
9572	A	A	perpendicular
9573	N	N	bernabéu
9574	N	N	plasma