id,word_id,example,translate
1,1,"Hello, how are you today?","Привет, как ты сегодня?"
2,2,Hi! It's nice to see you.,Привет! Рад тебя видеть.
3,3,Goodbye! Have a great day!,До свидания! Хорошего дня!
4,4,Bye! See you tomorrow!,Пока! Увидимся завтра!
5,5,"Can you help me, please?","Можешь помочь мне, пожалуйста?"
6,6,Thank you for your help!,Спасибо за твою помощь!
7,7,Thanks for the ride!,Спасибо за поездку!
8,8,"Yes, I agree with you.","Да, я согласен с тобой."
9,9,There is no milk in the fridge.,В холодильнике нет молока.
10,10,I am sorry for being late.,Извините за опоздание.
11,11,"Excuse me, can you help me?","Извините, вы можете мне помочь?"
12,12,What is your name?,Как вас зовут?
13,13,My phone number is on the table.,Мой номер телефона на столе.
14,14,The answer is zero.,Ответ ноль.
15,15,I have one apple.,У меня есть одно яблоко.
16,16,She has two dogs.,У неё есть две собаки.
17,17,There are three chairs in the room.,В комнате три стула.
18,18,I see four birds in the tree.,Я вижу четыре птицы на дереве.
19,19,He bought five books yesterday.,Он купил пять книг вчера.
20,20,I need six eggs for the recipe.,Мне нужно шесть яиц для рецепта.
21,21,We will meet at seven o'clock.,Мы встретимся в семь часов.
22,22,She is eight years old.,Ей восемь лет.
23,23,There are nine students in the class.,В классе девять учеников.
24,24,I can count to ten.,Я могу считать до десяти.
25,25,Today is a sunny day.,Сегодня солнечный день.
26,26,I work five days a week.,Я работаю пять дней в неделю.
27,27,Monday is the first day of the week.,Понедельник - первый день недели.
28,28,Tuesday comes after Monday.,Вторник идет после понедельника.
29,29,I have a meeting on Wednesday.,У меня встреча в среду.
30,30,Thursday is my favorite day of the week.,Четверг - мой любимый день недели.
31,31,We go out for dinner on Friday.,Мы выходим поужинать в пятницу.
32,32,Saturday is perfect for relaxing at home.,Суббота идеально подходит для отдыха дома.
33,33,I visit my family every Sunday.,Я навещаю свою семью каждое воскресенье.
34,34,My country is beautiful and full of history.,Моя страна красивая и полна истории.
35,35,England has many famous landmarks.,В Англии много известных достопримечательностей.
36,36,The USA is a large and diverse country.,США - большая и разнообразная страна.
37,37,Spain is known for its delicious food.,Испания известна своей вкусной едой.
38,38,France is famous for its art and culture.,Франция известна своим искусством и культурой.
39,39,Germany has a rich history and many castles.,В Германии богатая история и много замков.
40,40,Italy is home to many beautiful cities.,Италия - родина многих красивых городов.
41,41,Russia is the largest country in the world.,Россия - самая большая страна в мире.
42,42,China has a long and fascinating history.,У Китая долгая и увлекательная история.
43,43,Japan is known for its technology and traditions.,Япония известна своей технологией и традициями.
44,44,Brazil is famous for its carnival and football.,Бразилия известна своим карнавальным шествием и футболом.
45,45,Mexico has beautiful beaches and rich culture.,В Мексике красивые пляжи и богатая культура.
46,46,Turkey is a bridge between Europe and Asia.,Турция - это мост между Европой и Азией.
47,47,I want to be happy every day.,Я хочу быть счастливым каждый день.
48,48,I like to read books in my free time.,Мне нравится читать книги в свободное время.
49,49,You are my best friend.,Ты мой лучший друг.
50,50,He likes to play football.,Он любит играть в футбол.
51,51,She is a great teacher.,Она отличный учитель.
52,52,It is a sunny day.,Сегодня солнечный день.
53,53,I like apples and oranges.,Мне нравятся яблоки и апельсины.
54,54,I come from Russia.,Я из России.
55,55,What is your name?,Как тебя зовут?
56,56,Where is the nearest bus stop?,Где ближайшая автобусная остановка?
57,57,How do you feel today?,Как ты себя чувствуешь сегодня?
58,58,I drink cappuccino every morning.,Я пью капучино каждое утро.
59,59,He loves coffee with milk.,Он любит кофе с молоком.
60,60,She prefers green tea.,Она предпочитает зелёный чай.
61,61,I need a glass of water.,Мне нужен стакан воды.
62,62,We stayed at a nice hotel.,Мы остановились в хорошем отеле.
63,63,The table is made of wood.,Стол сделан из дерева.
64,64,We are going to the park.,Мы идём в парк.
65,65,They play basketball every weekend.,Они играют в баскетбол каждые выходные.
66,66,What is your nationality?,Какова твоя национальность?
67,67,He is British and lives in London.,Он британец и живёт в Лондоне.
68,68,She is American and speaks English.,Она американка и говорит по-английски.
69,69,I love Spanish food and music.,Мне нравится испанская еда и музыка.
70,70,She speaks French very well.,Она хорошо говорит по-французски.
71,71,He is learning German at school.,Он учит немецкий в школе.
72,72,They enjoy Italian pizza and pasta.,Им нравится итальянская пицца и паста.
73,73,I am studying Russian this year.,Я изучаю русский в этом году.
74,74,She likes Chinese tea and dumplings.,Ей нравится китайский чай и пельмени.
75,75,He watches Japanese movies every weekend.,Он смотрит японские фильмы каждые выходные.
76,76,We are planning a holiday in July.,Мы планируем отпуск в июле.
77,77,The tourist took many photos in the city.,Турист сделал много фотографий в городе.
78,78,Moscow is a big city in Russia.,Москва — большой город в России.
79,79,The bus arrives at five o'clock.,Автобус приходит в пять часов.
80,80,My phone is charging on the table.,Мой телефон заряжается на столе.
81,81,"What is your phone number, please?","Какой у вас номер телефона, пожалуйста?"
82,82,There are eleven students in the classroom.,В классе одиннадцать учеников.
83,83,I have twelve apples in my bag.,У меня в сумке двенадцать яблок.
84,84,Thirteen is my lucky number.,Тринадцать — это мое счастливое число.
85,85,She has twenty books on her shelf.,У нее на полке двадцать книг.
86,86,He is thirty years old this year.,Ему в этом году тридцать лет.
87,87,There are forty students in the school.,В школе сорок учеников.
88,88,I need fifty dollars for the tickets.,Мне нужно пятьдесят долларов за билеты.
89,89,I have a hundred dollars in my wallet.,У меня сто долларов в кошельке.
90,90,Can you ask me a question about the lesson?,Можешь задать мне вопрос о уроке?
91,91,I need to find the answer to this problem.,Мне нужно найти ответ на эту задачу.
92,92,Who is your favorite teacher at school?,Кто твой любимый учитель в школе?
93,93,Why do you like this book so much?,Почему тебе так нравится эта книга?
94,94,When do we have our next class?,Когда у нас следующий урок?
95,95,This is our classroom for English lessons.,Это наш класс для уроков английского.
96,96,Their bags are on the table.,Их сумки на столе.
97,97,My pen is blue and very nice.,Моя ручка синяя и очень хорошая.
98,98,Is this your book or mine?,Это твоя книга или моя?
99,99,His pencil is on the desk.,Его карандаш на столе.
100,100,Her bag is red and big.,Её сумка красная и большая.
101,101,The dog is in its house now.,Собака сейчас в своём доме.
102,102,The classroom is very bright and clean.,Класс очень яркий и чистый.
103,103,My teacher gives us a lot of homework.,Мой учитель даёт нам много домашнего задания.
104,104,The student is reading a book in class.,Студент читает книгу на уроке.
105,105,I need a pen to write this down.,"Мне нужна ручка, чтобы это записать."
106,106,Can I borrow your pencil for a moment?,Могу я одолжить твой карандаш на минуту?
107,107,This book is very interesting to read.,Эта книга очень интересна для чтения.
108,108,She carries her bag to school every day.,Она носит свою сумку в школу каждый день.
109,109,I sit on the chair in the kitchen.,Я сижу на стуле на кухне.
110,110,Please close the door when you leave.,"Пожалуйста, закрой дверь, когда уходишь."
111,111,She opened the window to let in fresh air.,"Она открыла окно, чтобы впустить свежий воздух."
112,112,The teacher wrote on the board with a marker.,Учитель написал на доске маркером.
113,113,I am learning the English alphabet at school.,Я учу английский алфавит в школе.
114,114,I wrote a letter to my friend yesterday.,Я написал письмо своему другу вчера.
115,115,I lost my key and cannot enter the house.,Я потерял ключ и не могу войти в дом.
116,116,He found his wallet on the table.,Он нашел свой бумажник на столе.
117,117,"It is raining, so I need my umbrella.","Идет дождь, поэтому мне нужен мой зонт."
118,118,She bought a new watch for her birthday.,Она купила новые часы на свой день рождения.
119,119,I have a ticket for the concert tonight.,У меня есть билет на концерт сегодня вечером.
120,120,He used a map to find the restaurant.,"Он использовал карту, чтобы найти ресторан."
121,121,I need my passport for the trip abroad.,Мне нужен мой паспорт для поездки за границу.
122,122,She took a photo with her camera in the park.,Она сделала фото своим фотоаппаратом в парке.
123,123,He works on his laptop every day.,Он работает на своем ноутбуке каждый день.
124,124,I forgot my phone charger at home.,Я забыл зарядку для телефона дома.
125,125,I wear glasses to see better.,"Я ношу очки, чтобы лучше видеть."
126,126,He wore a hat to protect himself from the sun.,"Он носил шляпу, чтобы защититься от солнца."
127,127,I bought a souvenir from my trip to Paris.,Я купил сувенир из своей поездки в Париж.
128,128,She sent me a postcard from her vacation.,Она прислала мне открытку из своего отпуска.
129,129,I bought a gift for my friend.,Я купил подарок для моего друга.
130,130,This is my favorite book.,Это моя любимая книга.
131,131,That car is very fast.,Тот автомобиль очень быстрый.
132,132,These shoes are comfortable.,Эти туфли удобные.
133,133,Those apples look fresh.,Те яблоки выглядят свежими.
134,134,I want a cup of tea.,Я хочу чашку чая.
135,135,She has an orange in her bag.,У неё в сумке есть апельсин.
136,136,The cat is sleeping on the sofa.,Кошка спит на диване.
137,137,The word 'cat' is singular.,Слово 'кот' в единственном числе.
138,138,The word 'cats' is plural.,Слово 'коты' в множественном числе.
139,139,What is that thing over there?,Что это за вещь вон там?
140,140,The price of the book is low.,Цена книги низкая.
141,141,This dress is very cheap.,Это платье очень дешёвое.
142,142,That watch is too expensive for me.,Тот часы слишком дорогие для меня.
143,143,How much does this shirt cost?,Сколько стоит эта рубашка?
144,144,I usually have lunch at noon.,Я обычно обедаю в полдень.
145,145,I made a sandwich for breakfast.,Я приготовил сэндвич на завтрак.
146,146,She ordered a salad with dressing.,Она заказала салат с соусом.
147,147,He drinks orange juice every morning.,Он пьёт апельсиновый сок каждое утро.
148,148,I want to buy a new phone.,Я хочу купить новый телефон.
149,149,I want to sell my old bike.,Я хочу продать свой старый велосипед.
150,150,I have a cat and a dog.,У меня есть кошка и собака.
151,151,I need a glass of water.,Мне нужен стакан воды.
152,152,I want to go to the park.,Я хочу пойти в парк.
153,153,Please open the window.,"Пожалуйста, открой окно."
154,154,Can you close the door?,Ты можешь закрыть дверь?
155,155,Look at the beautiful flowers.,Посмотри на красивые цветы.
156,156,"Listen to the music, it's nice.","Послушай музыку, она хорошая."
157,157,I like to read books in the evening.,Мне нравится читать книги вечером.
158,158,Please write your name here.,"Пожалуйста, напиши свое имя здесь."
159,159,I can speak a little English.,Я могу немного говорить по-английски.
160,160,My family is very important to me.,Моя семья очень важна для меня.
161,161,My mother is a teacher.,Моя мама учитель.
162,162,My father works in an office.,Мой папа работает в офисе.
163,163,Mum makes delicious food.,Мама готовит вкусную еду.
164,164,Dad plays football with me.,Папа играет со мной в футбол.
165,165,A parent loves their children.,Родитель любит своих детей.
166,166,My brother is very funny.,Мой брат очень смешной.
167,167,My sister likes to dance.,Моя сестра любит танцевать.
168,168,My son is five years old.,Моему сыну пять лет.
169,169,My daughter loves to play outside.,Моя дочь любит играть на улице.
170,170,This child is very happy today.,Этот ребёнок сегодня очень счастлив.
171,171,The children are playing in the park.,Дети играют в парке.
172,172,Her husband is a doctor in our town.,Её муж — врач в нашем городе.
173,173,My wife cooks dinner every evening.,Моя жена готовит ужин каждый вечер.
174,174,My grandfather tells great stories.,Мой дедушка рассказывает отличные истории.
175,175,Her grandmother makes the best cookies.,Её бабушка делает самые вкусные печенья.
176,176,My uncle works in a big company.,Мой дядя работает в большой компании.
177,177,My aunt loves to travel around the world.,Моя тётя любит путешествовать по миру.
178,178,My cousin is coming to visit us.,Мой двоюродный брат/сестра приедет к нам в гости.
179,179,He is my best friend from school.,Он мой лучший друг со школы.
180,180,Her boyfriend is very funny and kind.,Её парень очень смешной и добрый.
181,181,My girlfriend likes to read books.,Моя девушка любит читать книги.
182,182,She is a kind person and helps everyone.,Она добрый человек и помогает всем.
183,183,These people are my neighbors.,Эти люди — мои соседи.
184,184,That man is a famous artist.,Тот мужчина — известный художник.
185,185,The woman is wearing a red dress.,Женщина в красном платье.
186,186,The boy is playing with a ball.,Мальчик играет с мячом.
187,187,The girl has a beautiful smile.,У девочки красивая улыбка.
188,188,My car is parked in front of the house.,Моя машина припаркована перед домом.
189,189,My favorite colour is blue.,Мой любимый цвет синий.
190,190,She has a red dress.,У неё есть красное платье.
191,191,The sky is blue today.,Сегодня небо голубое.
192,192,The grass is green in spring.,Трава зелёная весной.
193,193,I like yellow flowers.,Мне нравятся жёлтые цветы.
194,194,He wears a black hat.,Он носит чёрную шляпу.
195,195,The snow is white and soft.,Снег белый и мягкий.
196,196,I have a brown dog.,У меня есть коричневый пес.
197,197,Her hair is grey now.,Её волосы теперь серые.
198,198,They painted the wall orange.,Они покрасили стену в оранжевый цвет.
199,199,She likes pink shoes.,Ей нравятся розовые туфли.
200,200,That is a big house.,Это большой дом.
201,201,I have a small cat.,У меня есть маленькая кошка.
202,202,He bought a new car.,Он купил новую машину.
203,203,This book is very old.,Эта книга очень старая.
204,204,She is a good friend.,Она хорошая подруга.
205,205,This movie is bad.,Этот фильм плохой.
206,206,They have a nice garden.,У них красивый сад.
207,207,The sunset is beautiful today.,Закат сегодня красивый.
208,208,He runs very fast.,Он бегает очень быстро.
209,209,The car is very slow today.,Машина сегодня очень медленная.
210,210,This cake is perfect for the party.,Этот торт идеален для вечеринки.
211,211,I usually eat breakfast at eight o'clock.,Я обычно завтракаю в восемь часов.
212,212,We have dinner together every Sunday.,Мы ужинаем вместе каждое воскресенье.
213,213,Lunch is my favorite meal of the day.,Обед — это мой любимый приём пищи в день.
214,214,I love Italian food very much.,Я очень люблю итальянскую еду.
215,215,Can I have a drink of water?,Можно мне выпить воды?
216,216,I need some bread for the sandwich.,Мне нужен хлеб для сэндвича.
217,217,Please put some butter on my bread.,"Пожалуйста, положите немного масла на мой хлеб."
218,218,I like cheese on my pizza.,Мне нравится сыр на пицце.
219,219,I want an egg for breakfast.,Я хочу яйцо на завтрак.
220,220,She drinks milk every morning.,Она пьёт молоко каждое утро.
221,221,I add sugar to my tea.,Я добавляю сахар в свой чай.
222,222,They sell fresh fruit at the market.,На рынке продают свежие фрукты.
223,223,I eat an apple every day.,Я ем яблоко каждый день.
224,224,He likes to eat a banana after lunch.,Ему нравится есть банан после обеда.
225,225,Carrots are my favorite vegetable.,Морковь — мой любимый овощ.
226,226,I put tomato in my salad.,Я кладу помидор в свой салат.
227,227,We have mashed potato for dinner.,У нас картофельное пюре на ужин.
228,228,I cook rice for lunch today.,Я готовлю рис на обед сегодня.
229,229,I like to eat pasta for dinner.,Мне нравится есть пасту на ужин.
230,230,He doesn't eat meat on Fridays.,Он не ест мясо по пятницам.
231,231,We will cook chicken for lunch.,Мы приготовим курицу на обед.
232,232,She loves to eat fish and rice.,Она любит есть рыбу и рис.
233,233,I eat breakfast at eight o'clock.,Я завтракаю в восемь часов.
234,234,They like to play soccer after school.,Им нравится играть в футбол после школы.
235,235,I love chocolate ice cream very much.,Я очень люблю шоколадное мороженое.
236,236,He hates waiting in long lines.,Он ненавидит ждать в длинных очередях.
237,237,They live in a small house by the sea.,Они живут в маленьком доме у моря.
238,238,She works in a big office downtown.,Она работает в большом офисе в центре города.
239,239,I study English every day after school.,Я учу английский каждый день после школы.
240,240,We go to the park on weekends.,Мы ходим в парк по выходным.
241,241,Please come to my birthday party.,"Пожалуйста, приходи на мой день рождения."
242,242,I get up early every morning.,Я встаю рано каждое утро.
243,243,I usually go to bed at ten o'clock.,Я обычно ложусь спать в десять часов.
244,244,We start the meeting at nine o'clock.,Мы начинаем встречу в девять часов.
245,245,I finish my homework before dinner.,Я заканчиваю домашнее задание перед ужином.
246,246,Our flight leaves at three in the afternoon.,Наш рейс вылетает в три часа дня.
247,247,The plane is landing at the airport now.,Самолёт сейчас приземляется в аэропорту.
248,248,I will meet you at the airport tomorrow.,Я встречу тебя в аэропорту завтра.
249,249,I want to travel to France this summer.,Я хочу путешествовать во Францию этим летом.
250,250,I usually eat breakfast at 8 AM.,Я обычно завтракаю в 8 утра.
251,251,She always drinks coffee in the morning.,Она всегда пьет кофе утром.
252,252,I never go to bed late on weekdays.,Я никогда не ложусь спать поздно в будние дни.
253,253,We sometimes watch movies on weekends.,Мы иногда смотрим фильмы по выходным.
254,254,He often plays football after school.,Он часто играет в футбол после школы.
255,255,I have a new job in a big company.,У меня новая работа в большой компании.
256,256,My office is on the third floor.,Мой офис на третьем этаже.
257,257,The hospital is near my house.,Больница рядом с моим домом.
258,258,The school is closed for the summer holidays.,Школа закрыта на летние каникулы.
259,259,She studies at a university in Moscow.,Она учится в университете в Москве.
260,260,I will go to the shop to buy milk.,"Я пойду в магазин, чтобы купить молоко."
261,261,We had dinner at a nice restaurant last night.,Мы ужинали в хорошем ресторане прошлой ночью.
262,262,The doctor helps people when they are sick.,"Врач помогает людям, когда они больны."
263,263,The nurse takes care of the patients in the hospital.,Медсестра заботится о пациентах в больнице.
264,264,The waiter brought our food very quickly.,Официант принес нашу еду очень быстро.
265,265,The chef makes delicious meals at the restaurant.,Шеф-повар готовит вкусные блюда в ресторане.
266,266,The driver took us to the airport on time.,Водитель вовремя отвез нас в аэропорт.
267,267,The pilot flew the plane safely to the destination.,Пилот безопасно приземлил самолет в пункте назначения.
268,268,The engineer designs new machines for the factory.,Инженер разрабатывает новые машины для фабрики.
269,269,My sister is a lawyer in our city.,Моя сестра юрист в нашем городе.
270,270,He wants to be an actor one day.,Он хочет стать актёром однажды.
271,271,She is a famous singer in Russia.,Она известная певица в России.
272,272,The journalist wrote a new article today.,Журналист написал новую статью сегодня.
273,273,Our manager is very helpful and kind.,Наш менеджер очень полезный и добрый.
274,274,The receptionist answered the phone quickly.,Администратор быстро ответил на телефон.
275,275,I like to drink coffee in the morning.,Мне нравится пить кофе утром.
276,276,We have a meeting this afternoon at two.,У нас встреча сегодня днем в два.
277,277,I watch TV in the evening after dinner.,Я смотрю телевизор вечером после ужина.
278,278,The stars shine bright at night.,Звёзды ярко светят ночью.
279,279,What time is the meeting today?,Во сколько встреча сегодня?
280,280,I will wait for one hour at the café.,Я буду ждать один час в кафе.
281,281,"Please wait a minute, I will be right back.","Пожалуйста, подожди минуту, я скоро вернусь."
282,282,The meeting starts at three o'clock.,Встреча начинается в три часа ровно.
283,283,This is a typical day for me.,Это типичный день для меня.
284,284,She is very busy with her work today.,Она очень занята своей работой сегодня.
285,285,I feel tired after a long day.,Я чувствую себя усталым после долгого дня.
286,286,He is happy because it is sunny.,"Он счастлив, потому что солнечно."
287,287,She feels sad when it rains.,"Она чувствует себя грустной, когда идет дождь."
288,288,I am hungry after the long walk.,Я голодный после долгой прогулки.
289,289,I am very thirsty after the walk.,Мне очень хочется пить после прогулки.
290,290,She wakes up early every day.,Она встаёт рано каждый день.
291,291,He always comes home late from work.,Он всегда приходит домой поздно с работы.
292,292,I drink coffee every day in the morning.,Я пью кофе каждый день утром.
293,293,I like to read books at night.,Мне нравится читать книги ночью.
294,294,They go jogging in the morning.,Они бегают по утрам.
295,295,We relax on the weekend with friends.,Мы отдыхаем на выходных с друзьями.
296,296,She likes to paint in her free time.,Ей нравится рисовать в своём свободном времени.
297,297,My hobby is gardening and growing flowers.,Моё хобби — садоводство и выращивание цветов.
298,298,He plays sport every Saturday with his friends.,Он занимается спортом каждую субботу с друзьями.
299,299,We watch football games on TV.,Мы смотрим футбольные матчи по телевизору.
300,300,She plays tennis every weekend.,Она играет в теннис каждые выходные.
301,301,Swimming is fun in the summer.,Плавание — это весело летом.
302,302,I enjoy running in the park.,Мне нравится бегать в парке.
303,303,He listens to music while studying.,Он слушает музыку во время учёбы.
304,304,They watched a new film last night.,Они смотрели новый фильм прошлой ночью.
305,305,We go to the cinema every month.,Мы ходим в кинотеатр каждый месяц.
306,306,I love watching comedy films on weekends.,Мне нравится смотреть комедийные фильмы на выходных.
307,307,This drama film is very interesting.,Этот драматический фильм очень интересный.
308,308,He enjoys watching action films with friends.,Ему нравится смотреть боевики с друзьями.
309,309,I watched a horror film last night.,Я посмотрел фильм ужасов прошлой ночью.
310,310,She loves reading science fiction books.,Она любит читать книги научной фантастики.
311,311,Children like to play in the park.,Дети любят играть в парке.
312,312,I cook dinner for my family every day.,Я готовлю ужин для своей семьи каждый день.
313,313,They dance together at the party.,Они танцуют вместе на вечеринке.
314,314,He likes to sing in the shower.,Ему нравится петь в душе.
315,315,I will meet my friend tomorrow.,Я встречу своего друга завтра.
316,316,We will visit our grandparents this weekend.,Мы посетим наших бабушку и дедушку в эти выходные.
317,317,I will stay at home today.,Я останусь дома сегодня.
318,318,"After work, I like to relax with a book.",После работы я люблю расслабляться с книгой.
319,319,I walk to school every day.,Я хожу в школу каждый день.
320,320,She can drive a car very well.,Она хорошо водит машину.
321,321,He likes to ride his bike in the park.,Ему нравится ездить на велосипеде в парке.
322,322,There are twelve months in a year.,В году двенадцать месяцев.
323,323,January is the first month of the year.,Январь - первый месяц года.
324,324,February is a short month.,Февраль - короткий месяц.
325,325,March comes after February.,Март идет после февраля.
326,326,April is known for its rain.,Апрель известен своим дождем.
327,327,May is a beautiful month for flowers.,Май - прекрасный месяц для цветов.
328,328,June is the start of summer.,Июнь - начало лета.
329,329,My birthday is in July.,Мой день рождения в июле.
330,330,We go on vacation in August.,Мы уезжаем в отпуск в августе.
331,331,School starts in September.,Школа начинается в сентябре.
332,332,Halloween is in October.,Хэллоуин в октябре.
333,333,Thanksgiving is in November.,День благодарения в ноябре.
334,334,Christmas is in December.,Рождество в декабре.
335,335,What is today's date?,Какое сегодня число?
336,336,Today is a sunny day.,Сегодня солнечный день.
337,337,I will call you tomorrow.,Я позвоню тебе завтра.
338,338,Yesterday was very cold.,Вчера было очень холодно.
339,339,I can speak English well.,Я могу хорошо говорить по-английски.
340,340,Please park the car here.,"Пожалуйста, припаркуй машину здесь."
341,341,I swim in the pool every day.,Я плаваю в бассейне каждый день.
342,342,They ski in the mountains.,Они катаются на лыжах в горах.
343,343,I like to draw pictures.,Мне нравится рисовать картинки.
344,344,She wants to paint the wall.,Она хочет покрасить стену.
345,345,We take photos at the park.,Мы фотографируемся в парке.
346,346,I use my phone to call.,"Я использую телефон, чтобы позвонить."
347,347,Can you help me with this?,Ты можешь помочь мне с этим?
348,348,Please wait for me here.,"Пожалуйста, подожди меня здесь."
349,349,I sit on the chair every day.,Я сижу на стуле каждый день.
350,350,She stands near the window.,Она стоит у окна.
351,351,They run in the park every morning.,Они бегают в парке каждое утро.
352,352,The kids jump on the trampoline.,Дети прыгают на батуте.
353,353,My favorite activity is painting.,Моё любимое занятие — рисование.
354,354,I practice yoga every Sunday.,Я занимаюсь йогой каждое воскресенье.
355,355,He goes to the gym after work.,Он ходит в спортзал после работы.
356,356,I ride my bike to school.,Я еду на велосипеде в школу.
357,357,She uses her computer to study.,Она использует свой компьютер для учёбы.
358,358,I often browse the internet at home.,Я часто сижу в интернете дома.
359,359,We play a game every Friday night.,Мы играем в игру каждую пятницу вечером.
360,360,I enjoy cooking new recipes.,Мне нравится готовить новые рецепты.
361,361,This recipe is very easy to follow.,Этот рецепт очень лёгкий в приготовлении.
362,362,The kitchen is clean and organized.,Кухня чистая и организованная.
363,363,I like cooking on weekends.,Мне нравится готовить по выходным.
364,364,She loves dancing at parties.,Она обожает танцевать на вечеринках.
365,365,He hates cleaning his room.,Он ненавидит убирать свою комнату.
366,366,I am good at math and science.,Я способный к математике и наукам.
367,367,This exercise is difficult for me.,Это упражнение трудное для меня.
368,368,The test was easy to complete.,Тест был лёгким для выполнения.
369,369,The game was really fun to play.,Игра была действительно весёлой.
370,370,This book is very interesting to read.,Эта книга очень интересная для чтения.
371,371,The movie was boring and too long.,Фильм был скучным и слишком длинным.
372,372,We are planning a trip to the mountains.,Мы планируем поездку в горы.
373,373,The train leaves at eight o'clock.,Поезд уходит в восемь часов.
374,374,I will meet you at the train station.,Я встречу тебя на вокзале.
375,375,I need a taxi to the airport now.,Мне нужно такси в аэропорт сейчас.
376,376,The car park is full today.,Парковка сегодня полная.
377,377,I packed my suitcase for the trip.,Я собрал чемодан для поездки.
378,378,We waited at passport control for an hour.,Мы ждали на паспортном контроле час.
379,379,Our flight leaves from gate number five.,Наш рейс вылетает с выхода на посадку номер пять.
380,380,There is a delay for our flight to London.,Есть задержка для нашего рейса в Лондон.
381,381,I need new clothes for the summer.,Мне нужна новая одежда на лето.
382,382,He wears a blue T-shirt every day.,Он носит синюю футболку каждый день.
383,383,She bought a new shirt for work.,Она купила новую рубашку для работы.
384,384,These trousers are too big for me.,Эти брюки слишком большие для меня.
385,385,I like wearing jeans on the weekend.,Мне нравится носить джинсы в выходные.
386,386,She wore a beautiful skirt to the party.,Она надела красивую юбку на вечеринку.
387,387,This dress is perfect for the wedding.,Это платье идеально для свадьбы.
388,388,He bought a warm coat for winter.,Он купил тёплое пальто на зиму.
389,389,I wear my jacket when it is cold.,"Я ношу свою куртку, когда холодно."
390,390,She bought new shoes for the party.,Она купила новые туфли для вечеринки.
391,391,He wears his boots in the winter.,Он носит свои ботинки зимой.
392,392,I need to wash my socks today.,Мне нужно постирать свои носки сегодня.
393,393,I like to wear comfortable clothes.,Мне нравится носить удобную одежду.
394,394,Please put on your coat before going out.,"Пожалуйста, наденьте свое пальто перед выходом."
395,395,You can take off your shoes here.,Ты можешь снять свои туфли здесь.
396,396,"I am busy now, can I call you later?","Я занят сейчас, могу позвонить тебе позже?"
397,397,I am studying English at the moment.,Я учу английский в данный момент.
398,398,I will wait for you at the bus stop.,Я буду ждать тебя на автобусной остановке.
399,399,Look at the beautiful flowers in the garden.,Посмотри на красивые цветы в саду.
400,400,They like to talk about their plans.,Им нравится разговаривать о своих планах.
401,401,I will call you tomorrow morning.,Я позвоню тебе завтра утром.
402,402,Please send me the details by email.,"Пожалуйста, отправь мне детали по электронной почте."
403,403,I received a message from my friend.,Я получил сообщение от моего друга.
404,404,This room is very cozy and warm.,Эта комната очень уютная и теплая.
405,405,The view from the window is amazing.,Вид из окна потрясающий.
406,406,We booked a hotel room for two nights.,Мы забронировали номер в отеле на две ночи.
407,407,The bathroom is next to the bedroom.,Ванная находится рядом со спальней.
408,408,I sleep on a comfortable bed every night.,Я сплю на удобной кровати каждую ночь.
409,409,I sleep with a soft pillow every night.,Я сплю с мягкой подушкой каждую ночь.
410,410,"Can you pass me the towel, please?","Можешь передать мне полотенце, пожалуйста?"
411,411,I take a shower every morning before work.,Я принимаю душ каждое утро перед работой.
412,412,The wifi is very slow in this hotel.,Вайфай в этом отеле очень медленный.
413,413,I lost my key card for the room.,Я потерял ключ-карту от номера.
414,414,The reception is open 24 hours a day.,Ресепшен открыт 24 часа в сутки.
415,415,There is a cat on the roof.,На крыше есть кошка.
416,416,There are many books on the shelf.,На полке есть много книг.
417,417,I have some apples in my bag.,У меня есть несколько яблок в сумке.
418,418,Do you have any questions for me?,У тебя есть какие-либо вопросы ко мне?
419,419,The keys are in my pocket.,Ключи в моем кармане.
420,420,The book is on the table.,Книга на столе.
421,421,The cat is hiding under the bed.,Кошка прячется под кроватью.
422,422,The bank is next to the supermarket.,Банк находится рядом с супермаркетом.
423,423,The park is between the school and the library.,Парк находится между школой и библиотекой.
424,424,The dog is behind the fence.,Собака за забором.
425,425,The car is parked in front of the house.,Машина припаркована перед домом.
426,426,I will meet you at the cafe.,Я встречу тебя у кафе.
427,427,She was happy to see her friend.,Она была счастлива увидеть свою подругу.
428,428,They were excited about the trip.,Они были взволнованы поездкой.
429,429,I watched a movie last night.,Я смотрел фильм прошлой ночью.
430,430,We visited our friends last week.,Мы навестили наших друзей на прошлой неделе.
431,431,Where were you yesterday?,Где ты был вчера?
432,432,I am going home now.,Я сейчас иду домой.
433,433,She invited me to her party.,Она пригласила меня на свою вечеринку.
434,434,They are going to a concert tonight.,Они идут на концерт сегодня вечером.
435,435,Life is beautiful and full of surprises.,Жизнь прекрасна и полна сюрпризов.
436,436,He started a new life in another city.,Он начал новую жизнь в другом городе.
437,437,I want to move to a bigger house.,Я хочу переехать в больший дом.
438,438,We will arrive at noon.,Мы прибудем в полдень.
439,439,I need to decide what to wear.,"Мне нужно решить, что надеть."
440,440,I will clean my room today.,Я уберу свою комнату сегодня.
441,441,I need to wash my hands before dinner.,Мне нужно помыть руки перед ужином.
442,442,I will get the tickets tomorrow.,Я получу билеты завтра.
443,443,What do you want to eat?,Что ты хочешь поесть?
444,444,I want to see that movie.,Я хочу увидеть этот фильм.
445,445,Can you make a cake for me?,Можешь сделать торт для меня?
446,446,Please take this book with you.,"Пожалуйста, возьми эту книгу с собой."
447,447,Can you give me your phone number?,Можешь дать мне свой номер телефона?
448,448,I need to find my keys.,Мне нужно найти свои ключи.
449,449,I think this movie is interesting.,"Я думаю, что этот фильм интересный."
450,450,I know the answer to your question.,Я знаю ответ на твой вопрос.
451,451,She will say hello to you tomorrow.,Она скажет тебе привет завтра.
452,452,"Can you tell me your name, please?","Можешь рассказать мне своё имя, пожалуйста?"
453,453,I will leave the house at eight o'clock.,Я уйду из дома в восемь часов.
454,454,I feel happy today because it's sunny.,"Я чувствую себя счастливым сегодня, потому что солнечно."
455,455,I usually sleep for eight hours each night.,Я обычно сплю восемь часов каждую ночь.
456,456,I need to pay for my coffee now.,Мне нужно заплатить за мой кофе сейчас.
457,457,I don't want to lose my keys again.,Я не хочу снова потерять свои ключи.
458,458,They hope to win the game this weekend.,Они надеются выиграть игру в эти выходные.
459,459,How was your day at work today?,Как прошёл твой день на работе сегодня?
460,460,I met a stranger at the park yesterday.,Я встретил незнакомца в парке вчера.
461,461,The passenger is waiting for the train.,Пассажир ждёт поезд.
462,462,The ticket inspector checks everyone's tickets.,Контролёр проверяет билеты у всех.
463,463,Please take a seat and relax for a while.,"Пожалуйста, присаживайтесь и отдыхайте немного."
464,464,The train will arrive at platform three.,Поезд прибудет на платформу три.
465,465,I miss my friends when they are away.,"Я скучаю по своим друзьям, когда они далеко."
466,466,I need to catch the bus before it leaves.,"Мне нужно успеть на автобус, прежде чем он уедет."
467,467,You need to change trains at the next station.,Вам нужно пересесть на следующий поезд на следующей станции.
468,468,I will ask the teacher for help.,Я спрошу учителя о помощи.
469,469,I understand what you mean.,"Я понимаю, что ты имеешь в виду."
470,470,Please remember to call me later.,"Пожалуйста, помни, чтобы позвонить мне позже."
471,471,I always forget my keys at home.,Я всегда забываю свои ключи дома.
472,472,Can you bring me a glass of water?,Можешь принести мне стакан воды?
473,473,"Put the book on the table, please.","Положи книгу на стол, пожалуйста."
474,474,Turn left at the traffic light.,Поверни налево на светофоре.
475,475,Stop talking and listen to me.,Перестань говорить и послушай меня.
476,476,We will begin the meeting at ten o'clock.,Мы начнем встречу в десять часов.
477,477,He wants to become a doctor one day.,Он хочет стать врачом однажды.
478,478,I will keep your secret safe.,Я сохраню твой секрет в безопасности.
479,479,Let me help you with that.,Позволь мне помочь тебе с этим.
480,480,What does this word mean in English?,Что значит это слово на английском?
481,481,Can you show me your new phone?,Можешь показать мне свой новый телефон?
482,482,I can hear the music from my room.,Я слышу музыку из своей комнаты.
483,483,I want to learn English this year.,Я хочу учить английский в этом году.
484,484,She will teach us how to cook.,"Она научит нас, как готовить."
485,485,Be careful not to break the glass.,"Будь осторожен, чтобы не сломать стакан."
486,486,You can choose any dessert you like.,"Ты можешь выбрать любой десерт, который тебе нравится."
487,487,Children grow quickly in the summer.,Дети быстро растут летом.
488,488,Be careful not to fall on the ice.,"Будь осторожен, чтобы не упасть на льду."
489,489,I hold my friend's hand.,Я держу руку своего друга.
490,490,She cuts the paper with scissors.,Она режет бумагу ножницами.
491,491,He hits the ball with a bat.,Он ударяет мяч битой.
492,492,I hurt my knee while playing.,"Я причинил боль своему колену, играя."
493,493,A regular verb ends with -ed in the past.,Правильный глагол заканчивается на -ed в прошедшем времени.
494,494,An irregular verb does not follow the rules.,Неправильный глагол не следует правилам.
495,495,My occupation is teaching English.,Моя профессия - преподавание английского.
496,496,The artist painted a beautiful landscape.,Художник нарисовал красивый пейзаж.
497,497,The builder works on new houses.,Строитель работает над новыми домами.
498,498,I visit the dentist twice a year.,Я посещаю стоматолога дважды в год.
499,499,The farmer grows vegetables and fruits.,Фермер выращивает овощи и фрукты.
500,500,The firefighter saved a cat from a tree.,Пожарный спас кота с дерева.
501,501,The flight attendant serves drinks on the plane.,Бортпроводник подает напитки на самолете.
502,502,I go to the hairdresser every month.,Я хожу к парикмахеру каждый месяц.
503,503,The mechanic repairs cars at the garage.,Механик ремонтирует машины в гараже.
504,504,The musician plays the guitar very well.,Музыкант очень хорошо играет на гитаре.
505,505,The photographer took amazing pictures.,Фотограф сделал потрясающие фотографии.
506,506,The plumber fixed the leaking pipe.,Сантехник починил протекающую трубу.
507,507,The police officer helps people in trouble.,Полицейский помогает людям в беде.
508,508,The politician spoke about new laws.,Политик говорил о новых законах.
509,509,The scientist works in a big laboratory.,Учёный работает в большой лаборатории.
510,510,The soldier protects our country every day.,Солдат защищает нашу страну каждый день.
511,511,The vet takes care of sick animals.,Ветеринар заботится о больных животных.
512,512,The writer finished his new book last month.,Писатель закончил свою новую книгу в прошлом месяце.
513,513,My father is retired and enjoys gardening.,Мой отец на пенсии и любит заниматься садоводством.
514,514,She is unemployed and looking for a job.,Она безработная и ищет работу.
515,515,He is self-employed and works from home.,Он самозанятый и работает из дома.
516,516,I have a full-time job at a bank.,У меня работа на полный рабочий день в банке.
517,517,She works part-time at a coffee shop.,Она работает неполный рабочий день в кафе.
518,518,His salary is enough to support his family.,"Его зарплата достаточно, чтобы содержать семью."
519,519,I want to earn more money this year.,Я хочу зарабатывать больше денег в этом году.
520,520,You should apply for that job online.,Тебе стоит подавать заявление на эту работу онлайн.
521,521,I have an interview for a new job tomorrow.,У меня собеседование на новую работу завтра.
522,522,My colleague helps me with my projects.,Мой коллега помогает мне с проектами.
523,523,My boss is very supportive of our team.,Мой начальник очень поддерживает нашу команду.
524,524,The customer asked for a refund yesterday.,Клиент попросил о возврате вчера.
525,525,The soldier wears a uniform every day.,Солдат носит форму каждый день.
526,526,I start my shift at 9 AM every day.,Я начинаю свою смену в 9 утра каждый день.
527,527,He worked overtime to finish the project.,"Он работал сверхурочно, чтобы закончить проект."
528,528,The meeting will start at 3 PM sharp.,Встреча начнётся ровно в 3 часа дня.
529,529,I sent you an email yesterday.,Я отправил тебе электронную почту вчера.
530,530,Please print the document for the meeting.,"Пожалуйста, распечатай документ для встречи."
531,531,The printer is out of paper again.,Принтер снова без бумаги.
532,532,I forgot my password for the account.,Я забыл свой пароль для аккаунта.
533,533,Her appearance is very elegant and stylish.,Её внешность очень элегантная и стильная.
534,534,He is very tall compared to his friends.,Он очень высокий по сравнению с друзьями.
535,535,My brother is short but very strong.,"Мой брат низкий, но очень сильный."
536,536,She has a slim figure and loves to dance.,"У неё стройная фигура, и она любит танцевать."
537,537,He is overweight and wants to lose weight.,Он полный и хочет похудеть.
538,538,The cat is thin and always hungry.,Кошка худенькая и всегда голодная.
539,539,She is of medium height and looks friendly.,Она среднего роста и выглядит дружелюбно.
540,540,She has beautiful long hair that shines.,"У неё красивые длинные волосы, которые блестят."
541,541,He decided to cut his hair short.,Он решил подстричь волосы коротко.
542,542,Her straight hair looks very smooth.,Её прямые волосы выглядят очень гладко.
543,543,He loves his curly hair and never straightens it.,Он любит свои кудрявые волосы и никогда их не выпрямляет.
544,544,He has a thick beard that makes him look older.,"У него густая борода, которая делает его старше."
545,545,His moustache is very stylish and well-groomed.,Его усы очень стильные и ухоженные.
546,546,She is a pretty girl with a kind smile.,Она симпатичная девушка с доброй улыбкой.
547,547,He is a handsome man with a charming personality.,Он красивый мужчина с очаровательной личностью.
548,548,She is good-looking and has many friends.,Она привлекательная и у неё много друзей.
549,549,Her personality is very warm and welcoming.,Её характер очень тёплый и гостеприимный.
550,550,He is friendly to everyone he meets.,"Он дружелюбен ко всем, кого встречает."
551,551,She is kind to animals and people.,Она добра к животным и людям.
552,552,That movie was really funny and entertaining.,Этот фильм был действительно смешным и развлекательным.
553,553,My sister is shy in large groups.,Моя сестра застенчива в больших группах.
554,554,He is a quiet person who loves to read.,"Он тихий человек, который любит читать."
555,555,My friend is very talkative during lunch.,Мой друг очень разговорчив во время обеда.
556,556,Sometimes I feel lazy on weekends.,Иногда я чувствую себя ленивым по выходным.
557,557,She is a hard-working student who studies a lot.,"Она трудолюбивая студентка, которая много учится."
558,558,He is clever and solves problems quickly.,Он умный и быстро решает проблемы.
559,559,It was a stupid mistake to forget my keys.,Это была глупая ошибка — забыть ключи.
560,560,My uncle is very generous with his money.,Мой дядя очень щедрый с деньгами.
561,561,Being selfish can hurt your friendships.,Быть эгоистичным может навредить вашим дружбам.
562,562,She is always honest about her feelings.,Она всегда честна о своих чувствах.
563,563,It's polite to say thank you after a gift.,Вежливо сказать спасибо после подарка.
564,564,It is rude to interrupt someone while they are speaking.,"Грубо перебивать кого-то, пока он говорит."
565,565,He is ambitious and wants to be a doctor.,Он амбициозный и хочет стать врачом.
566,566,She is confident in her abilities and skills.,Она уверена в своих способностях и навыках.
567,567,I feel nervous before giving a presentation.,Я чувствую себя нервным перед выступлением.
568,568,He always stays calm in difficult situations.,Он всегда остаётся спокойным в трудных ситуациях.
569,569,What is your age?,Какой у тебя возраст?
570,570,She is very young and full of energy.,Она очень молодая и полна энергии.
571,571,He is a middle-aged man with a kind heart.,Он мужчина средних лет с добрым сердцем.
572,572,They live in a big house near the park.,Они живут в большом доме рядом с парком.
573,573,I found a nice flat in the city center.,Я нашел хорошую квартиру в центре города.
574,574,Her apartment has a beautiful view of the river.,Ее квартира имеет красивый вид на реку.
575,575,The kitchen is on the first floor of the building.,Кухня находится на первом этаже здания.
576,576,The lift is out of order today.,Лифт сегодня не работает.
577,577,Please be careful on the stairs.,"Пожалуйста, будьте осторожны на лестнице."
578,578,They have a lovely garden behind their house.,У них есть прекрасный сад за домом.
579,579,She likes to sit on the balcony in the evening.,Ей нравится сидеть на балконе вечером.
580,580,He parks his car in the garage every night.,Он ставит свою машину в гараж каждую ночь.
581,581,The living room is very cozy and warm.,Гостиная очень уютная и теплая.
582,582,My bedroom is painted blue and white.,Моя спальня окрашена в синий и белый цвет.
583,583,We eat dinner in the dining room every night.,Мы ужинаем в столовой каждую ночь.
584,584,The hall is decorated with beautiful paintings.,Прихожая украшена красивыми картинами.
585,585,The sofa in the living room is very comfortable.,Диван в гостиной очень удобный.
586,586,He likes to read in his favorite armchair.,Ему нравится читать в своем любимом кресле.
587,587,There are many books on the shelf.,На полке много книг.
588,588,The dishes are in the cupboard in the kitchen.,Посуда в шкафу на кухне.
589,589,I keep my clothes in the wardrobe.,Я храню свою одежду в шкафу для одежды.
590,590,She looked at herself in the mirror.,Она посмотрела на себя в зеркало.
591,591,"Can you turn on the lamp, please?","Можешь включить лампу, пожалуйста?"
592,592,The carpet in the living room is new.,Ковёр в гостиной новый.
593,593,The curtain is blue and white.,Штора синяя и белая.
594,594,I bought some milk for the fridge.,Я купил молоко для холодильника.
595,595,The oven is preheated to 180 degrees.,Духовка разогрета до 180 градусов.
596,596,Please wash your hands in the sink.,"Пожалуйста, помой руки в раковине."
597,597,I loaded the dishes into the dishwasher.,Я загрузил посуду в посудомоечную машину.
598,598,The washing machine is very noisy today.,Стиральная машина сегодня очень шумная.
599,599,My neighbour has a beautiful garden.,У моего соседа красивый сад.
600,600,The rent for this apartment is high.,Аренда этой квартиры высокая.
601,601,The landlord is coming to fix the heating.,Арендодатель придёт починить отопление.
602,602,We need to buy new furniture for the house.,Нам нужно купить новую мебель для дома.
603,603,This chair is very comfortable to sit in.,Этот стул очень удобный для сидения.
604,604,The living room is spacious and bright.,Гостиная просторная и светлая.
605,605,The children are very noisy today.,Дети сегодня очень шумные.
606,606,The central park is close to my home.,Центральный парк близко к моему дому.
607,607,I live in a suburb of the city.,Я живу в пригороде города.
608,608,She grew up in a small village.,Она выросла в маленькой деревне.
609,609,I love walking in the countryside on weekends.,Мне нравится гулять по сельской местности по выходным.
610,610,We often go out for dinner on Fridays.,Мы часто выходим поужинать по пятницам.
611,611,Sometimes I prefer to stay in and read a book.,Иногда я предпочитаю оставаться дома и читать книгу.
612,612,Let's hang out at the park after school.,Давай тусоваться в парке после школы.
613,613,I like to chat with my friends online.,Мне нравится болтать с друзьями в интернете.
614,614,She always texts me when she arrives.,"Она всегда пишет мне сообщение, когда приезжает."
615,615,He will post the pictures from the trip tomorrow.,Он опубликует фотографии с поездки завтра.
616,616,You should follow that artist on social media.,Тебе стоит подписаться на этого художника в социальных сетях.
617,617,I want to download a new song for my playlist.,Я хочу скачать новую песню в свой плейлист.
618,618,We can stream the movie tonight if you want.,"Мы можем посмотреть фильм онлайн сегодня вечером, если хочешь."
619,619,The art exhibition opens next week in the gallery.,Выставка искусства открывается на следующей неделе в галерее.
620,620,I visited the museum with my family last Sunday.,Я посетил музей с семьей в прошлое воскресенье.
621,621,They are going to the theatre to see a play.,"Они идут в театр, чтобы посмотреть спектакль."
622,622,He joined a club for people who love hiking.,"Он вступил в клуб для людей, которые любят походы."
623,623,Let's meet at the pub after work for a drink.,Давай встретимся в пабе после работы выпить.
624,624,She often works at the café near her house.,Она часто работает в кафе рядом с домом.
625,625,We spent the whole day at the beach last summer.,Мы провели целый день на пляже прошлым летом.
626,626,They love climbing mountains during the summer.,Им нравится лазить по горам летом.
627,627,The lake is beautiful in the early morning light.,Озеро красиво в утреннем свете.
628,628,We walked through the forest and saw many animals.,Мы гуляли по лесу и видели много животных.
629,629,I will invite you to my birthday party.,Я приглашу тебя на свой день рождения.
630,630,You can join us for dinner tonight.,Ты можешь присоединиться к нам на ужин сегодня вечером.
631,631,I prefer tea over coffee in the morning.,Я предпочитаю чай кофе утром.
632,632,I enjoy reading books in my free time.,Мне нравится читать книги в свободное время.
633,633,I recommend this restaurant for dinner.,Я рекомендую этот ресторан на ужин.
634,634,Please cancel my appointment for tomorrow.,"Пожалуйста, отмените мою встречу на завтра."
635,635,There is a long queue at the bus stop.,У автобусной остановки длинная очередь.
636,636,I like shopping online for clothes.,Мне нравится покупать одежду онлайн.
637,637,I often work offline when I travel.,"Я часто работаю офлайн, когда путешествую."
638,638,Many people use social media every day.,Многие люди используют соцсети каждый день.
639,639,I updated my profile on the website.,Я обновил свой профиль на сайте.
640,640,Choose a username that is easy to remember.,"Выберите имя пользователя, которое легко запомнить."
641,641,The weather is nice today for a picnic.,Погода сегодня хорошая для пикника.
642,642,It is sunny and warm outside today.,Сегодня солнечно и тепло на улице.
643,643,"It looks cloudy, so it might rain later.","Сейчас облачно, так что может пойти дождь позже."
644,644,"It is a rainy day, so bring an umbrella.","Сегодня дождливый день, так что возьмите зонт."
645,645,The snowy landscape looks beautiful in winter.,Снежный пейзаж выглядит красиво зимой.
646,646,"It's very windy today, hold onto your hat.","Сегодня очень ветрено, держитесь за шляпу."
647,647,"The road is foggy, drive carefully.","Дорога туманная, ведите машину осторожно."
648,648,It gets really hot in the summer here.,Здесь летом становится очень жарко.
649,649,The soup is warm and delicious.,Суп тёплый и вкусный.
650,650,The evening breeze is cool and refreshing.,Вечерний ветерок прохладный и освежающий.
651,651,It is too cold to go outside today.,"Сегодня слишком холодно, чтобы выходить на улицу."
652,652,The storm last night was very loud.,Шторм прошлой ночью был очень громким.
653,653,I love listening to the rain on the roof.,Мне нравится слушать дождь на крыше.
654,654,The snow is falling softly in the park.,Снег мягко падает в парке.
655,655,The temperature today is very high.,Температура сегодня очень высокая.
656,656,It is five degrees above zero today.,Сегодня пять градусов выше нуля.
657,657,Spring is my favorite season of the year.,Весна - моё любимое время года.
658,658,"In spring, flowers begin to bloom.",Весной цветы начинают цвести.
659,659,"Summer is hot, and we go to the beach.","Лето жаркое, и мы ездим на пляж."
660,660,The leaves change color in autumn.,Листья меняют цвет осенью.
661,661,"Winter is cold, and I like to ski.","Зима холодная, и мне нравится кататься на лыжах."
662,662,The weather forecast says it will rain tomorrow.,"Прогноз погоды говорит, что завтра будет дождь."
663,663,I wear sunglasses when it's sunny outside.,"Я ношу солнцезащитные очки, когда на улице солнечно."
664,664,She wrapped a scarf around her neck.,Она обмотала шарф вокруг шеи.
665,665,I need my gloves because it is cold.,"Мне нужны перчатки, потому что холодно."
666,666,He put on a jumper because it was chilly.,"Он надел джемпер, потому что было прохладно."
667,667,He wore a suit to the wedding.,Он надел костюм на свадьбу.
668,668,He chose a red tie for the meeting.,Он выбрал красный галстук для встречи.
669,669,I bought new trainers for running.,Я купил новые кроссовки для бега.
670,670,She wears sandals in the summer.,Она носит сандалии летом.
671,671,He bought her beautiful jewellery for her birthday.,Он купил ей красивые украшения на день рождения.
672,672,This necklace is very expensive.,Это ожерелье очень дорогое.
673,673,I lost one of my earrings yesterday.,Я потерял одну из своих серёг вчера.
674,674,He gave her a ring as a gift.,Он подарил ей кольцо в подарок.
675,675,Fashion changes every year.,Мода меняется каждый год.
676,676,What size do you wear in shoes?,Какой размер вы носите в обуви?
677,677,These jeans fit me perfectly.,Эти джинсы сидят на мне идеально.
678,678,I want to try on this dress.,Я хочу примерить это платье.
679,679,I have an appointment at the dentist tomorrow.,У меня запись к стоматологу завтра.
680,680,I check my calendar every day.,Я проверяю свой календарь каждый день.
681,681,She writes in her diary every night.,Она пишет в своём ежедневнике каждую ночь.
682,682,What is your plan for the weekend?,Какой у тебя план на выходные?
683,683,We have an arrangement to meet at noon.,У нас есть договорённость встретиться в полдень.
684,684,I accept your invitation to the party.,Я принимаю твоё приглашение на вечеринку.
685,685,She decided to refuse the job offer.,Она решила отказаться от предложения о работе.
686,686,Can you suggest a good restaurant?,Можешь предложить хороший ресторан?
687,687,I agree with your opinion on this matter.,Я согласен с твоим мнением по этому вопросу.
688,688,They often disagree about politics.,Они часто не соглашаются по поводу политики.
689,689,Maybe we can go to the park later.,"Может быть, мы можем пойти в парк позже."
690,690,She will probably come to the party tonight.,"Вероятно, она придёт на вечеринку сегодня вечером."
691,691,I will definitely finish my homework today.,Я определённо закончу своё домашнее задание сегодня.
692,692,I will call you soon to discuss it.,"Я позвоню тебе скоро, чтобы обсудить это."
693,693,Let's meet later at the café.,Давай встретимся позже в кафе.
694,694,We are watching a movie tonight at home.,Мы смотрим фильм сегодня вечером дома.
695,695,I will visit my friends this weekend.,Я навещу своих друзей в эти выходные.
696,696,I have a meeting next week at work.,У меня встреча на следующей неделе на работе.
697,697,"I will be there in an hour, don't worry.","Я буду там через час, не переживай."
698,698,"Please come here at once, it's important.","Пожалуйста, подойди сюда сразу, это важно."
699,699,She always arrives on time for her classes.,Она всегда приходит вовремя на свои занятия.
700,700,We got to the station in time for the train.,"Мы прибыли на станцию вовремя, чтобы успеть на поезд."
701,701,You need to hurry or you will be late.,"Тебе нужно спешить, иначе ты опоздаешь."
702,702,I checked my schedule for the week.,Я проверил своё расписание на неделю.
703,703,The timetable for the classes is online.,Расписание занятий доступно онлайн.
704,704,The deadline for the project is next Friday.,Срок сдачи проекта — в следующую пятницу.
705,705,I read a fascinating story in the magazine.,Я прочитал увлекательную историю в журнале.
706,706,He wrote a biography about a famous artist.,Он написал биографию о знаменитом художнике.
707,707,My childhood was full of happy memories.,Моё детство было полным счастливых воспоминаний.
708,708,Being a teenager can be both fun and challenging.,"Быть подростком может быть и весело, и сложно."
709,709,She is now an adult and lives alone.,Теперь она взрослая и живёт одна.
710,710,He was born in a small town.,Он родился в маленьком городе.
711,711,Children grow up so fast these days.,Дети сейчас так быстро растут.
712,712,I will graduate from university next year.,Я закончу университет в следующем году.
713,713,They plan to get married next summer.,Они планируют жениться следующим летом.
714,714,Many couples get divorced after a few years.,Многие пары разводятся после нескольких лет.
715,715,He wants to retire at the age of sixty.,Он хочет уйти на пенсию в шестьдесят лет.
716,716,Some plants die without enough water.,Некоторые растения умирают без достаточной воды.
717,717,We will move house next month.,Мы переедем в следующий месяц.
718,718,She decided to change jobs for a better salary.,Она решила сменить работу ради лучшей зарплаты.
719,719,That actor is very famous around the world.,Этот актёр очень знаменит во всём мире.
720,720,He is a successful businessman in our city.,Он успешный бизнесмен в нашем городе.
721,721,I feel very lucky to have good friends.,"Мне очень везёт, что у меня хорошие друзья."
722,722,She was unlucky and missed the bus again.,"Ей не повезло, и она снова опоздала на автобус."
723,723,The concert was a big event in our town.,Концерт был большим событием в нашем городе.
724,724,I have a nice memory of our trip together.,У меня есть приятное воспоминание о нашей поездке вместе.
725,725,I visited my grandmother a week ago.,Я навещал бабушку неделю назад.
726,726,"We went to the park, and then we had lunch.","Мы пошли в парк, а затем пообедали."
727,727,We watched a movie after that dinner.,Мы посмотрели фильм после этого ужина.
728,728,"Suddenly, it started to rain heavily.",Вдруг пошёл сильный дождь.
729,729,I finally finished my homework yesterday.,Я наконец закончил своё домашнее задание вчера.
730,730,"In the end, we decided to go home early.",В итоге мы решили поехать домой пораньше.
731,731,I once visited Paris in the summer.,Однажды я посетил Париж летом.
732,732,She called me twice last night.,Она звонила мне дважды прошлой ночью.
733,733,I have seen that movie several times.,Я видел этот фильм несколько раз.
734,734,Public transport is very useful in the city.,Общественный транспорт очень полезен в городе.
735,735,The underground is fast and convenient for travel.,Метро быстрое и удобное для поездок.
736,736,The tram arrives every ten minutes here.,Трамвай приходит каждые десять минут здесь.
737,737,We took a ferry to the island last weekend.,Мы поехали на пароме на остров в прошлые выходные.
738,738,The coach leaves at 8 AM every day.,Междугородний автобус отправляется в 8 утра каждый день.
739,739,He rides his motorbike to work every day.,Он ездит на своём мотоцикле на работу каждый день.
740,740,My sister bought a new scooter last week.,Моя сестра купила новый скутер на прошлой неделе.
741,741,The lorry delivered goods to the store today.,Грузовик доставил товары в магазин сегодня.
742,742,They use a van for their delivery service.,Они используют фургон для своей службы доставки.
743,743,Traffic is heavy during rush hour in the city.,Движение тяжёлое в часы пик в городе.
744,744,We were stuck in a traffic jam for an hour.,Мы застряли в пробке на час.
745,745,"The traffic lights turned green, so we went.","Светофор загорелся зелёным, и мы поехали."
746,746,Take the second exit at the roundabout.,На кольцевой развязке возьмите второй выход.
747,747,The motorway is the fastest way to travel.,Автомагистраль — это самый быстрый способ путешествовать.
748,748,I need to buy petrol for my car.,Мне нужно купить бензин для моей машины.
749,749,We need to stop at the petrol station.,Нам нужно остановиться на заправке.
750,750,There is no parking near my house.,Недалеко от моего дома нет парковки.
751,751,You should check your speed while driving.,Тебе следует проверить свою скорость во время вождения.
752,752,My journey to work takes about thirty minutes.,Моя поездка на работу занимает около тридцати минут.
753,753,I commute to the city every day by train.,Я езжу на работу в город каждый день на поезде.
754,754,I will get on the bus at the next stop.,Я сяду в автобус на следующей остановке.
755,755,Please get off the bus at the next stop.,"Пожалуйста, выходите из автобуса на следующей остановке."
756,756,I will get in the car after you.,Я сяду в машину после тебя.
757,757,You need to get out of the car now.,Тебе нужно выйти из машины сейчас.
758,758,Can you pick up the kids from school?,Можешь забрать детей из школы?
759,759,I will drop you off at your house.,Я высажу тебя у твоего дома.
760,760,You need to turn left at the traffic light.,Тебе нужно повернуть налево на светофоре.
761,761,Turn right at the next intersection.,Поверни направо на следующем перекрестке.
762,762,Go straight on for two blocks.,Иди прямо два квартала.
763,763,The bank is opposite the supermarket.,Банк находится напротив супермаркета.
764,764,There is a cafe on the corner of the street.,На углу улицы есть кафе.
765,765,Can you give me directions to the station?,Можешь дать мне указания к станции?
766,766,I feel lost in this big city.,Я чувствую себя потерявшимся в этом большом городе.
767,767,I would like a piece of chocolate cake.,Я бы хотел кусок шоколадного торта.
768,768,Can you buy a bottle of water?,Можешь купить бутылку воды?
769,769,"I would like a cup of coffee, please.","Я хотел бы чашку кофе, пожалуйста."
770,770,Can you give me a glass of water?,Можешь дать мне стакан воды?
771,771,I need a kilo of potatoes for the soup.,Мне нужен килограмм картофеля для супа.
772,772,She bought a packet of biscuits for the party.,Она купила пачку печенья для вечеринки.
773,773,He opened a can of soda during the movie.,Он открыл банку газировки во время фильма.
774,774,I don't have much time to finish my work.,"У меня нет много времени, чтобы закончить свою работу."
775,775,There are many books on the shelf.,На полке много книг.
776,776,We have a lot of fun at the beach.,Мы очень весело проводим время на пляже.
777,777,I have a few friends in this city.,У меня есть несколько друзей в этом городе.
778,778,Can you give me a little help with this?,Можешь немного помочь мне с этим?
779,779,I have enough money to buy the ticket.,"У меня достаточно денег, чтобы купить билет."
780,780,She eats too much chocolate every day.,Она ест слишком много шоколада каждый день.
781,781,The menu has many delicious options today.,В меню сегодня много вкусных блюд.
782,782,I ordered a starter before the main course.,Я заказал закуску перед основным блюдом.
783,783,The main course was chicken with vegetables.,Основное блюдо было курицей с овощами.
784,784,We shared a dessert after dinner.,Мы поделились десертом после ужина.
785,785,"Can I have the bill, please?","Можно мне счёт, пожалуйста?"
786,786,Don't forget to leave a tip for the waiter.,Не забудь оставить чаевые официанту.
787,787,I want to place an order for delivery.,Я хочу сделать заказ на доставку.
788,788,My brother is a vegetarian and doesn't eat meat.,Мой брат вегетарианец и не ест мясо.
789,789,She is a vegan and loves plant-based meals.,Она веган и любит растительную пищу.
790,790,He is allergic to nuts and cannot eat them.,Он аллергик на орехи и не может их есть.
791,791,This cake is so delicious and everyone loves it.,"Этот торт такой вкусный, и всем он нравится."
792,792,"I like my food spicy, with lots of chili.","Мне нравится, когда еда острая, с большим количеством перца."
793,793,The dessert was too sweet for my taste.,Десерт был слишком сладким для моего вкуса.
794,794,The lemonade is sour but very refreshing.,"Лимонад кислый, но очень освежающий."
795,795,Some people find dark chocolate too bitter.,Некоторые люди считают темный шоколад слишком горьким.
796,796,The soup is too salty; add some water.,Суп слишком солёный; добавь немного воды.
797,797,I prefer fresh vegetables from the market.,Я предпочитаю свежие овощи с рынка.
798,798,We bought frozen pizza for dinner tonight.,Мы купили замороженную пиццу на ужин сегодня вечером.
799,799,I will boil the eggs for breakfast.,Я сварю яйца на завтрак.
800,800,I like to fry potatoes until they are golden.,Мне нравится жарить картошку до золотистого цвета.
801,801,We will bake a cake for her birthday.,Мы испечем торт на её день рождения.
802,802,They will grill the chicken for the barbecue.,Они будут жарить курицу на гриле для барбекю.
803,803,We will roast vegetables with olive oil.,Мы запечем овощи с оливковым маслом.
804,804,You should taste this sauce; it's amazing.,Ты должен попробовать этот соус; он удивительный.
805,805,I am excited about the future and new adventures.,Я взволнован будущим и новыми приключениями.
806,806,I hope to travel to Europe next year.,Я надеюсь поехать в Европу в следующем году.
807,807,They expect good weather for the picnic.,Они ожидают хорошую погоду для пикника.
808,808,I promise to help you with your homework.,Я обещаю помочь тебе с домашним заданием.
809,809,I want to offer you some help.,Я хочу предложить тебе помощь.
810,810,Can you predict the weather for tomorrow?,Ты можешь предсказать погоду на завтра?
811,811,I will go to the store later.,Я пойду в магазин позже.
812,812,I am going to visit my friend this weekend.,Я собираюсь навестить своего друга в эти выходные.
813,813,She might join us for dinner tonight.,Она может быть присоединится к нам на ужин сегодня вечером.
814,814,His ambition is to become a doctor.,Его амбиция - стать врачом.
815,815,I had a strange dream last night.,У меня был странный сон прошлой ночью.
816,816,My goal is to learn English well.,Моя цель - хорошо выучить английский.
817,817,This is a great opportunity to learn.,Это отличная возможность учиться.
818,818,She made a quick decision to leave.,Она приняла быстрое решение уйти.
819,819,You have a choice between two options.,У тебя есть выбор между двумя вариантами.
820,820,There is a risk of rain today.,Сегодня есть риск дождя.
821,821,Her success makes me very proud.,Её успех делает меня очень гордым.
822,822,His failure taught him a valuable lesson.,Его неудача научила его важному уроку.
823,823,I want to improve my English skills.,Я хочу улучшить свои навыки английского.
824,824,I need to save money for a vacation.,Мне нужно копить деньги на отпуск.
825,825,I like to spend time with my family.,Мне нравится проводить время с семьёй.
826,826,Don't waste your time on unimportant things.,Не трать своё время на неважные вещи.
827,827,I can't afford to buy a new car.,Я не могу позволить себе купить новую машину.
828,828,Can I borrow your pen for a moment?,Могу я взять твою ручку на минуту?
829,829,Can you lend me your book for a week?,Можешь дать мне свою книгу на неделю?
830,830,I owe you ten dollars for lunch.,Я должен тебе десять долларов за обед.
831,831,We need to create a budget for our trip.,Нам нужно составить бюджет для нашей поездки.
832,832,She works for a big technology company.,Она работает в большой технологической компании.
833,833,He wants to start his own business next year.,Он хочет начать свой собственный бизнес в следующем году.
834,834,This product is very popular among young people.,Этот продукт очень популярен среди молодежи.
835,835,The restaurant offers excellent customer service.,Ресторан предлагает отличное обслуживание клиентов.
836,836,The market is full of fresh fruits and vegetables.,Рынок полон свежих фруктов и овощей.
837,837,I saw an advert for a new phone on TV.,Я видел рекламу нового телефона по телевизору.
838,838,Coca-Cola is a well-known brand worldwide.,Кока-Кола — это известный бренд по всему миру.
839,839,The quality of this cloth is very high.,Качество этой ткани очень высокое.
840,840,There is a 20% discount on all shoes today.,Сегодня на все обувь скидка 20%.
841,841,The store has a big sale this weekend.,В магазине большая распродажа в эти выходные.
842,842,I bought a dress from an online shop yesterday.,Вчера я купила платье в интернет-магазине.
843,843,The delivery will arrive in two days.,Доставка прибудет через два дня.
844,844,You can return the item if you don't like it.,"Вы можете вернуть товар, если он вам не понравится."
845,845,Please keep the receipt for your purchase.,"Пожалуйста, сохраните чек за вашу покупку."
846,846,I prefer to pay in cash rather than by card.,"Я предпочитаю платить наличными, а не картой."
847,847,I used my credit card to buy the tickets.,"Я использовал свою кредитную карту, чтобы купить билеты."
848,848,This shirt costs too much for me.,Эта рубашка стоит для меня слишком дорого.
849,849,They will charge you for the extra service.,Они возьмут с вас плату за дополнительную услугу.
850,850,She likes to complain about the weather.,Ей нравится жаловаться на погоду.
851,851,I need to replace my old phone soon.,Мне нужно скоро заменить свой старый телефон.
852,852,"Can you repair my bicycle, please?","Можешь починить мой велосипед, пожалуйста?"
853,853,The chair is broken and cannot be used.,Стул сломан и не может быть использован.
854,854,This book is available at the library.,Эта книга доступна в библиотеке.
855,855,The concert tickets are sold out now.,Билеты на концерт сейчас распроданы.
856,856,These shoes are in stock at the store.,Эти туфли в наличии в магазине.
857,857,The item is out of stock right now.,Товар сейчас нет в наличии.
858,858,I bought this dress at the department store.,Я купила это платье в универмаге.
859,859,Please go to the checkout to pay.,"Пожалуйста, идите на кассу, чтобы оплатить."
860,860,She filled her shopping basket with fruits.,Она наполнила свою корзину фруктами.
861,861,Have you ever been to Paris before?,Ты когда-либо был в Париже?
862,862,I have already finished my homework.,Я уже закончил свою домашнюю работу.
863,863,Is he here yet or not?,Он уже здесь или нет?
864,864,I just saw her at the café.,Я только что видел её в кафе.
865,865,I recently started learning English.,Я недавно начал учить английский.
866,866,I have lived here since 2010.,Я живу здесь с 2010 года.
867,867,I have been waiting for an hour.,Я жду в течение часа.
868,868,She has a lot of experience in teaching.,У неё много опыта в преподавании.
869,869,Have you ever been to Paris?,Ты когда-нибудь был в Париже?
870,870,I have been to Italy three times.,Я бывал в Италии три раза.
871,871,She has gone to the store for some milk.,Она уехала в магазин за молоком.
872,872,I want to try that new restaurant tonight.,Я хочу попробовать тот новый ресторан сегодня вечером.
873,873,"Sometimes we fail, but we learn from it.","Иногда мы терпим неудачу, но мы учимся на этом."
874,874,"If you work hard, you will succeed.","Если ты будешь усердно работать, ты преуспеешь."
875,875,You can achieve your goals with dedication.,Ты можешь достигать своих целей с преданностью.
876,876,We will discover new places during our trip.,Мы откроем новые места во время нашей поездки.
877,877,He wants to invent a new type of battery.,Он хочет изобрести новый тип батареи.
878,878,Let’s explore the city this weekend.,Давай исследуем город в эти выходные.
879,879,"Every summer, we go on an adventure together.",Каждое лето мы отправляемся в приключение вместе.
880,880,Learning a new language is a big challenge.,Изучение нового языка — это большой вызов.
881,881,Cooking is a useful skill to have.,Готовка — это полезный навык.
882,882,Regular practice helps improve your English.,Регулярная практика помогает улучшить твой английский.
883,883,She has made a lot of progress this year.,Она достигла большого прогресса в этом году.
884,884,He speaks fluent English and Spanish.,Он свободно владеет английским и испанским.
885,885,This class is for beginners only.,Этот класс только для начинающих.
886,886,I am at an intermediate level in French.,Я на среднем уровне во французском.
887,887,She is taking an advanced course in mathematics.,Она проходит продвинутый курс по математике.
888,888,A native speaker can help you with pronunciation.,Носитель языка может помочь тебе с произношением.
889,889,She has a lovely British accent.,У неё прекрасный британский акцент.
890,890,His pronunciation of English words is very clear.,Его произношение английских слов очень чёткое.
891,891,I want to improve my English vocabulary.,Я хочу улучшить свой английский словарный запас.
892,892,Good grammar is important for writing well.,Хорошая грамматика важна для хорошего письма.
893,893,I have a habit of reading before bed.,У меня есть привычка читать перед сном.
894,894,My morning routine includes coffee and exercise.,Мой утренний распорядок включает кофе и упражнения.
895,895,She leads a healthy lifestyle with regular workouts.,Она ведёт здоровый образ жизни с регулярными тренировками.
896,896,Finding a good work-life balance is essential for happiness.,Нахождение хорошего баланса работы и жизни необходимо для счастья.
897,897,Too much stress can affect your health.,Слишком большой стресс может повлиять на ваше здоровье.
898,898,I learn to cope with stress through meditation.,Я учусь справляться со стрессом с помощью медитации.
899,899,She can manage her time effectively at work.,Она умеет эффективно управлять своим временем на работе.
900,900,It's best to avoid junk food for better health.,Лучше избегать фастфуда для лучшего здоровья.
901,901,We need to reduce waste in our daily lives.,Нам нужно сокращать отходы в нашей повседневной жизни.
902,902,They want to increase their savings this year.,Они хотят увеличить свои сбережения в этом году.
903,903,Your success may depend on your efforts.,Ваш успех может зависеть от ваших усилий.
904,904,This book belongs to my sister.,Эта книга принадлежит моей сестре.
905,905,I used to play the piano when I was a child.,"Я раньше играл на пианино, когда был ребёнком."
906,906,It takes time to get used to a new city.,"Нужно время, чтобы привыкнуть к новому городу."
907,907,"Nowadays, many people work from home.",В наши дни многие люди работают из дома.
908,908,"These days, I prefer to read e-books.",В последнее время я предпочитаю читать электронные книги.
909,909,"On average, people sleep about eight hours a night.","В среднем, люди спят около восьми часов за ночь."
910,910,You should drink at least two liters of water daily.,Вам следует пить по крайней мере два литра воды в день.
911,911,"In general, I prefer tea over coffee.","В целом, я предпочитаю чай кофе."
912,912,"I enjoy outdoor activities, for instance, hiking and cycling.","Мне нравятся активные виды отдыха, например, походы и велоспорт."
913,913,I like fruits such as apples and bananas.,"Мне нравятся фрукты, такие как яблоки и бананы."
914,914,"He likes to read, whereas she prefers watching movies.","Он любит читать, тогда как она предпочитает смотреть фильмы."
915,915,"Although it was raining, we went for a walk.","Хотя шел дождь, мы пошли на прогулку."
916,916,"I wanted to go out; however, it was too cold.",Я хотел выйти; однако было слишком холодно.
917,917,"She studied hard; therefore, she passed the exam.","Она усердно училась, поэтому сдала экзамен."
918,918,"I was cooking dinner; meanwhile, the kids were playing.","Я готовил ужин, тем временем дети играли."
919,919,A commuter travels to work every day by train.,"Человек, ездящий на работу, каждый день добирается на поезде."
920,920,Remote work has become more common in recent years.,Удалённая работа стала более распространённой в последние годы.
921,921,My workload has increased this month due to new projects.,Моя нагрузка увеличилась в этом месяце из-за новых проектов.
922,922,Burnout can affect anyone who works too hard.,"Выгорание может затронуть любого, кто работает слишком усердно."
923,923,Practicing mindfulness can help reduce stress levels.,Практика осознанности может помочь снизить уровень стресса.
924,924,Regular exercise is important for good health.,Регулярные упражнения важны для хорошего здоровья.
925,925,A balanced diet includes a variety of foods.,Сбалансированный рацион включает в себя разнообразные продукты.
926,926,Children should limit their screen time to two hours a day.,Детям следует ограничить время у экрана до двух часов в день.
927,927,Eating too much junk food can harm your health.,Чрезмерное употребление вредной еды может навредить вашему здоровью.
928,928,We ordered takeaway for dinner last night.,Мы заказали еду на вынос на ужин вчера вечером.
929,929,I love eating homemade pasta on weekends.,Я люблю есть домашнюю пасту по выходным.
930,930,She avoids eating processed foods for health reasons.,Она избегает есть обработанные продукты по соображениям здоровья.
931,931,He saved a lot of money for his vacation.,Он накопил много денег на свой отпуск.
932,932,I found a coin on the street yesterday.,Вчера я нашёл монету на улице.
933,933,He gave me a twenty-dollar note for the ticket.,Он дал мне двадцатидолларовую купюру за билет.
934,934,The local currency is very strong right now.,Местная валюта сейчас очень сильная.
935,935,The exchange rate changes every day at the bank.,Курс валют меняется каждый день в банке.
936,936,She opened a new bank account last week.,На прошлой неделе она открыла новый банковский счёт.
937,937,My savings are enough for a small car.,Моих сбережений достаточно для покупки небольшой машины.
938,938,He took a loan to buy a new house.,"Он взял кредит, чтобы купить новый дом."
939,939,They are paying off their mortgage slowly.,Они медленно погашают свою ипотеку.
940,940,The interest on my savings account is very low.,Процент на моём сберегательном счёте очень низкий.
941,941,She is trying to pay off her debt this year.,Она пытается погасить свой долг в этом году.
942,942,I need to file my tax return by April.,Мне нужно подать налоговую декларацию до апреля.
943,943,His income increased after getting a new job.,Его доход увеличился после получения новой работы.
944,944,We need to reduce our monthly expenses.,Нам нужно сократить наши ежемесячные расходы.
945,945,They plan to invest in a new business next year.,Они планируют инвестировать в новый бизнес в следующем году.
946,946,I want to save up for a trip to Europe.,Я хочу копить на поездку в Европу.
947,947,We should cut down on our eating out this month.,Нам следует сократить количество походов в рестораны в этом месяце.
948,948,She decided to splash out on a fancy dinner.,Она решила потратиться на шикарный ужин.
949,949,This painting may be worth a lot of money.,Эта картина может стоить много денег.
950,950,I found a great bargain at the local market.,Я нашёл выгодную покупку на местном рынке.
951,951,This restaurant offers good value for money.,Этот ресторан предлагает хорошее соотношение цена-качество.
952,952,I received a full refund for my faulty phone.,Я получил полный возврат денег за мой неисправный телефон.
953,953,It's important to have health insurance for emergencies.,Важно иметь медицинскую страховку на случай чрезвычайной ситуации.
954,954,He had to pay a fine for parking illegally.,Он должен был заплатить штраф за незаконную парковку.
955,955,She comes from a wealthy family in the city.,Она из богатой семьи в городе.
956,956,Many poor families struggle to make ends meet.,Многие бедные семьи пытаются свести концы с концами.
957,957,"After the trip, I was completely broke.",После поездки я был совершенно без денег.
958,958,My neighbor is very stingy with his money.,Мой сосед очень скупой на свои деньги.
959,959,The cost of living has increased in recent years.,Стоимость жизни возросла в последние годы.
960,960,The minimum wage is not enough to live on.,Минимальная зарплата недостаточна для жизни.
961,961,They have a close relationship despite the distance.,"У них близкие отношения, несмотря на расстояние."
962,962,My partner and I enjoy traveling together.,Мой партнёр и я любим путешествовать вместе.
963,963,I met my old classmate at the reunion.,Я встретил своего старого одноклассника на встрече.
964,964,My flatmate always keeps the kitchen clean.,Мой сосед по квартире всегда поддерживает кухню в чистоте.
965,965,I have an acquaintance who works in finance.,"У меня есть знакомый, который работает в финансах."
966,966,I really get on with my new colleagues.,Я действительно ладю с моими новыми коллегами.
967,967,They often fall out over small things.,Они часто ссорятся из-за мелочей.
968,968,"After the argument, they decided to make up.",После ссоры они решили помириться.
969,969,They decided to break up after three years together.,Они решили расстаться после трёх лет вместе.
970,970,Let's get together this weekend for dinner.,Давай соберёмся в эти выходные на ужин.
971,971,I want to keep in touch after moving away.,Я хочу поддерживать связь после переезда.
972,972,I don't want to lose touch with my old friends.,Я не хочу терять связь со старыми друзьями.
973,973,You can always rely on me for help.,Ты всегда можешь полагаться на меня в помощи.
974,974,I trust her to keep my secret safe.,Я доверяю ей хранить мой секрет.
975,975,Friends should support each other in tough times.,Друзья должны поддерживать друг друга в трудные времена.
976,976,They often argue about small things.,Они часто спорят по мелочам.
977,977,He needs to apologise for being rude.,Ему нужно извиниться за грубость.
978,978,Can you forgive me for my mistake?,Можешь ли ты простить меня за мою ошибку?
979,979,It's important to respect other people's opinions.,Важно уважать мнения других людей.
980,980,She felt jealous when he talked to another girl.,"Она почувствовала ревность, когда он разговаривал с другой девушкой."
981,981,A loyal friend will always stand by you.,Верный друг всегда будет рядом с тобой.
982,982,He is a reliable person who keeps his promises.,"Он надёжный человек, который сдерживает свои обещания."
983,983,She is very sensitive to criticism.,Она очень чувствительна к критике.
984,984,He is an easy-going person who makes friends easily.,"Он лёгкий в общении человек, который легко находит друзей."
985,985,She has an outgoing personality and loves to meet new people.,"У неё общительный характер, и она любит знакомиться с новыми людьми."
986,986,"He can be moody, changing his mood quickly.","Он может быть капризным, быстро меняя своё настроение."
987,987,My dog is stubborn and never listens to commands.,Моя собака упрямая и никогда не слушается команд.
988,988,She is my close friend and I trust her completely.,"Она мой близкий друг, и я доверяю ей полностью."
989,989,My best friend always makes me laugh.,Мой лучший друг всегда заставляет меня смеяться.
990,990,"We have a lot in common, like music and movies.","У нас много общего, например, музыка и фильмы."
991,991,"They have a lot in common, which is why they are close.","У них много общего, поэтому они близки."
992,992,The crime rate in this city has increased this year.,Уровень преступности в этом городе увеличился в этом году.
993,993,The criminal was caught by the police last night.,Преступник был пойман полицией прошлой ночью.
994,994,The thief stole my wallet from my bag.,Вор украл мой кошелек из моей сумки.
995,995,The robber ran away with the money from the bank.,Грабитель сбежал с деньгами из банка.
996,996,A burglar broke into our house last weekend.,Домушник ворвался в наш дом в прошлые выходные.
997,997,The shoplifter was caught stealing clothes from the store.,Магазинный вор был пойман за кражей одежды из магазина.
998,998,The mugger attacked her in the dark alley.,Уличный грабитель напал на нее в темном переулке.
999,999,The vandal damaged the public park last night.,Вандал повредил общественный парк прошлой ночью.
1000,1000,The hacker stole personal information from many users.,Хакер украл личную информацию у многих пользователей.
1001,1001,The company was accused of committing fraud.,Компанию обвинили в мошенничестве.
1002,1002,The theft of the bicycle was reported to the police.,Кража велосипеда была сообщена в полицию.
1003,1003,The robbery at the bank happened in the morning.,Ограбление в банке произошло утром.
1004,1004,Burglary is a serious crime that affects many people.,"Кража со взломом — это серьезное преступление, которое затрагивает многих людей."
1005,1005,The murder case was solved after many investigations.,Дело об убийстве было раскрыто после многих расследований.
1006,1006,He was charged with assault after the fight.,Его обвинили в нападении после драки.
1007,1007,The kidnapping of the child shocked the entire community.,Похищение ребенка шокировало всю общину.
1008,1008,Do not steal from others; it is wrong.,Не кради у других; это неправильно.
1009,1009,They plan to rob the bank tomorrow.,Они планируют ограбить банк завтра.
1010,1010,Thieves tried to burgle the house last night.,Воры пытались взломать дом прошлой ночью.
1011,1011,The police will arrest the suspect soon.,Полиция скоро арестует подозреваемого.
1012,1012,She decided to accuse him of theft.,Она решила обвинить его в краже.
1013,1013,The judge will sentence him next week.,Судья приговорит его на следующей неделе.
1014,1014,They will punish her for breaking the rules.,Они накажут её за нарушение правил.
1015,1015,He spent five years in prison for robbery.,Он провёл пять лет в тюрьме за ограбление.
1016,1016,The prisoner asked for medical help.,Заключённый попросил о медицинской помощи.
1017,1017,She went to the police station to report the crime.,"Она пошла в полицейский участок, чтобы заявить о преступлении."
1018,1018,The witness saw everything that happened.,"Свидетель видел всё, что произошло."
1019,1019,The victim was found in the abandoned building.,Жертва была найдена в заброшенном здании.
1020,1020,The detective found new evidence in the case.,Детектив нашёл новые улики в деле.
1021,1021,The trial will start next month in court.,Процесс начнётся в следующем месяце в суде.
1022,1022,He felt guilty for what he had done.,"Он чувствовал себя виновным за то, что сделал."
1023,1023,She proved she was innocent of the charges.,"Она доказала, что она невиновна в обвинениях."
1024,1024,It is illegal to drive without a license.,Это незаконно - водить без прав.
1025,1025,They need a legal document to proceed.,Им нужен законный документ для продолжения.
1026,1026,The money is safe in the bank.,Деньги в банке в безопасности.
1027,1027,Walking alone at night can be dangerous.,Прогулка в одиночку ночью может быть опасной.
1028,1028,You should report a crime immediately.,Вам следует заявить о преступлении немедленно.
1029,1029,Good health is important for a happy life.,Хорошее здоровье важно для счастливой жизни.
1030,1030,She took a day off because of her illness.,Она взяла выходной из-за своей болезни.
1031,1031,Diabetes is a common disease around the world.,Диабет — это распространённое заболевание по всему миру.
1032,1032,A cough is a common symptom of a cold.,Кашель — это распространённый симптом простуды.
1033,1033,He felt pain in his back after lifting heavy boxes.,Он почувствовал боль в спине после подъёма тяжёлых коробок.
1034,1034,I have a dull ache in my shoulder.,У меня ноющая боль в плече.
1035,1035,She took medicine for her headache.,Она приняла лекарство от головной боли.
1036,1036,A toothache can be very painful.,Зубная боль может быть очень болезненной.
1037,1037,He stayed home due to a stomachache.,Он остался дома из-за боли в животе.
1038,1038,Gargling salt water helps a sore throat.,Полоскание солёной водой помогает при боли в горле.
1039,1039,His cough got worse during the night.,Его кашель ухудшился ночью.
1040,1040,I caught the flu and felt very tired.,Я подхватил грипп и чувствовал себя очень уставшим.
1041,1041,She has a fever and needs to rest.,"У неё жар, и ей нужно отдохнуть."
1042,1042,He suffered a leg injury while playing soccer.,"Он получил травму ноги, играя в футбол."
1043,1043,The doctor treated the wound on his arm.,Доктор обработал рану на его руке.
1044,1044,He has a broken bone in his wrist.,У него перелом кости в запястье.
1045,1045,The doctor wrote a prescription for my medicine.,Доктор выписал рецепт на моё лекарство.
1046,1046,She takes her medicine every morning.,Она принимает своё лекарство каждое утро.
1047,1047,He swallowed the pill with a glass of water.,Он проглотил таблетку с стаканом воды.
1048,1048,The nurse gave him an injection in his arm.,Медсестра сделала ему укол в руку.
1049,1049,The operation was successful and I feel better now.,"Операция прошла успешно, и я сейчас чувствую себя лучше."
1050,1050,My GP recommended a new treatment for my allergies.,Мой терапевт порекомендовал новое лечение для моих аллергий.
1051,1051,You should see a specialist for that kind of problem.,Тебе следует обратиться к специалисту по этой проблеме.
1052,1052,I need to go to the pharmacy to buy some medicine.,"Мне нужно сходить в аптеку, чтобы купить лекарства."
1053,1053,"In an emergency, call the ambulance immediately.",В экстренном случае немедленно вызывайте скорую помощь.
1054,1054,The ambulance arrived quickly after the accident.,Скорая помощь быстро приехала после аварии.
1055,1055,The treatment for this condition can take several weeks.,Лечение этого состояния может занять несколько недель.
1056,1056,It took me a month to recover from the flu.,"Мне потребовался месяц, чтобы выздороветь от гриппа."
1057,1057,It takes time for a wound to heal properly.,"Ране нужно время, чтобы зажить правильно."
1058,1058,"If you cut yourself, the wound might bleed a lot.","Если ты порежешься, рана может сильно кровоточить."
1059,1059,Make sure to swallow your medicine with water.,"Убедись, что ты глотаешь свои лекарства с водой."
1060,1060,It's important to breathe deeply when you are stressed.,"Важно дышать глубоко, когда ты испытываешь стресс."
1061,1061,"I am allergic to peanuts, so I avoid them.","У меня аллергия на арахис, поэтому я избегаю его."
1062,1062,I go jogging every morning to keep fit.,"Я бегаю каждое утро, чтобы поддерживать форму."
1063,1063,"A balanced diet includes fruits, vegetables, and proteins.","Сбалансированное питание включает фрукты, овощи и белки."
1064,1064,We should protect the environment for future generations.,Мы должны защищать окружающую среду для будущих поколений.
1065,1065,Pollution is a major problem in big cities.,Загрязнение является серьезной проблемой в больших городах.
1066,1066,Climate change affects weather patterns around the world.,Изменение климата влияет на погодные условия по всему миру.
1067,1067,Global warming is causing ice caps to melt.,Глобальное потепление вызывает таяние ледников.
1068,1068,We should recycle plastic to reduce waste.,"Мы должны перерабатывать пластик, чтобы сократить количество отходов."
1069,1069,We should reuse plastic bags to help the environment.,"Мы должны повторно использовать пластиковые пакеты, чтобы помочь окружающей среде."
1070,1070,Please take out the rubbish before dinner.,"Пожалуйста, вынеси мусор перед ужином."
1071,1071,Do not litter in the park; keep it clean.,Не мусори в парке; держи его чистым.
1072,1072,This bottle is made of recycled plastic.,Эта бутылка сделана из переработанного пластика.
1073,1073,The packaging of this product is very attractive.,Упаковка этого продукта очень привлекательная.
1074,1074,Solar energy is a renewable source of power.,Солнечная энергия является возобновляемым источником энергии.
1075,1075,We installed solar power panels on our roof.,Мы установили солнечные панели на крыше.
1076,1076,Wind power is becoming more popular every year.,Энергия ветра становится все более популярной каждый год.
1077,1077,Many countries are trying to reduce fossil fuel use.,Многие страны пытаются сократить использование ископаемого топлива.
1078,1078,The factory is working to lower its emissions.,"Фабрика работает над тем, чтобы снизить свои выбросы."
1079,1079,We need to reduce our carbon footprint for a better planet.,Нам нужно сократить наш углеродный след для лучшей планеты.
1080,1080,Many endangered species are protected by law.,Многие вымирающие виды охраняются законом.
1081,1081,Dinosaurs are an example of an extinct species.,Динозавры являются примером вымершего вида.
1082,1082,The wildlife in this area is very diverse.,Дикая природа в этой области очень разнообразна.
1083,1083,The forest is a natural habitat for many animals.,Лес является естественной средой обитания для многих животных.
1084,1084,Deforestation is a serious problem for our planet.,Вырубка лесов является серьезной проблемой для нашей планеты.
1085,1085,The region faced a severe drought last summer.,Регион столкнулся с тяжелой засухой прошлым летом.
1086,1086,The flood caused a lot of damage to the town.,Наводнение нанесло много ущерба городу.
1087,1087,"During the heatwave, we stayed indoors to stay cool.","Во время волны жары мы оставались дома, чтобы не перегреться."
1088,1088,We need sustainable solutions for our future.,Нам нужны устойчивые решения для нашего будущего.
1089,1089,I prefer eco-friendly products for my home.,Я предпочитаю экологичные продукты для своего дома.
1090,1090,She buys organic vegetables from the local market.,Она покупает органические овощи на местном рынке.
1091,1091,Public transport is very convenient in this city.,Общественный транспорт очень удобен в этом городе.
1092,1092,I like to cycle in the park every weekend.,Мне нравится ездить на велосипеде в парке каждую неделю.
1093,1093,We should plant more trees in our neighborhood.,Нам следует сажать больше деревьев в нашем районе.
1094,1094,We must protect our environment for future generations.,Мы должны защищать нашу окружающую среду для будущих поколений.
1095,1095,Pollution can destroy many natural habitats.,Загрязнение может разрушать многие природные места обитания.
1096,1096,They want to raise awareness about climate change.,Они хотят повышать осведомлённость о климатических изменениях.
1097,1097,Education is the key to a better future.,Образование — это ключ к лучшему будущему.
1098,1098,Math is my favorite subject at school.,Математика — мой любимый предмет в школе.
1099,1099,Today's lesson is about the importance of recycling.,Сегодняшний урок посвящён важности переработки.
1100,1100,The professor gave an interesting lecture on history.,Профессор прочитал интересную лекцию по истории.
1101,1101,I am taking an online course in digital marketing.,Я прохожу онлайн-курс по цифровому маркетингу.
1102,1102,I studied hard for my final exam this week.,Я усердно готовился к своему финальному экзамену на этой неделе.
1103,1103,We have a math test every Friday.,У нас есть тест по математике каждую пятницу.
1104,1104,She received a high mark for her project.,Она получила высокую оценку за свой проект.
1105,1105,He is in the seventh grade this year.,В этом году он в седьмом классе.
1106,1106,I need to finish my homework before dinner.,Мне нужно закончить домашнее задание перед ужином.
1107,1107,The teacher gave us a new assignment for next week.,Учитель дал нам новое задание на следующую неделю.
1108,1108,I wrote an essay about my favorite book.,Я написал эссе о своей любимой книге.
1109,1109,She conducted research on climate change effects.,Она проводила исследование о влиянии изменения климата.
1110,1110,I need to do some revision before the exam.,Мне нужно повторить материал перед экзаменом.
1111,1111,The new term starts in September this year.,Новый семестр начинается в сентябре этого года.
1112,1112,My daughter goes to a primary school nearby.,Моя дочь ходит в начальную школу рядом.
1113,1113,He finished secondary school last year.,Он закончил среднюю школу в прошлом году.
1114,1114,I plan to go to college after high school.,Я планирую поступить в колледж после средней школы.
1115,1115,The campus is very beautiful in the spring.,Кампус очень красив весной.
1116,1116,She hired a tutor to help with math.,"Она наняла преподавателя, чтобы помочь с математикой."
1117,1117,The headteacher announced the new school rules.,Директор школы объявил новые правила.
1118,1118,I hope to pass all my exams this year.,Я надеюсь сдать все свои экзамены в этом году.
1119,1119,I will revise my notes tonight for the test.,Я повторю свои заметки сегодня вечером перед тестом.
1120,1120,You need to memorise these vocabulary words.,Тебе нужно запомнить эти слова.
1121,1121,It's hard to concentrate in a noisy place.,Трудно концентрироваться в шумном месте.
1122,1122,It's wrong to cheat during the exam.,Неправильно списывать во время экзамена.
1123,1123,He decided to drop out of college last semester.,Он решил бросить учёбу в колледже в прошлом семестре.
1124,1124,You should enrol in the course before the deadline.,Тебе нужно записаться на курс до крайнего срока.
1125,1125,She worked hard to qualify for the scholarship.,"Она усердно работала, чтобы получить стипендию."
1126,1126,The teacher is strict but fair with the students.,"Учитель строгий, но справедливый с учениками."
1127,1127,The art class is optional for all students.,Класс искусства необязательный для всех учеников.
1128,1128,Math is a compulsory subject in our school.,Математика является обязательным предметом в нашей школе.
1129,1129,She published an academic paper on climate change.,Она опубликовала академическую статью о изменении климата.
1130,1130,The media reported on the event all week.,СМИ сообщали о событии всю неделю.
1131,1131,I read the newspaper every morning with my coffee.,Я читаю газету каждое утро с кофе.
1132,1132,He bought a magazine about travel and adventure.,Он купил журнал о путешествиях и приключениях.
1133,1133,The headline caught my attention immediately.,Заголовок сразу привлёк моё внимание.
1134,1134,She wrote an article about healthy eating habits.,Она написала статью о здоровых привычках питания.
1135,1135,The reporter asked questions during the press conference.,Репортёр задавал вопросы во время пресс-конференции.
1136,1136,The editor made changes to the final draft of the book.,Редактор внес изменения в окончательный вариант книги.
1137,1137,The broadcast of the concert starts at eight o'clock.,Трансляция концерта начинается в восемь часов.
1138,1138,I prefer watching documentaries on that channel.,Я предпочитаю смотреть документальные фильмы на этом канале.
1139,1139,This series has become very popular among teenagers.,Этот сериал стал очень популярным среди подростков.
1140,1140,The last episode of the show was very exciting.,Последняя серия шоу была очень захватывающей.
1141,1141,I watched a documentary about wildlife last night.,Я смотрел документальный фильм о дикой природе прошлой ночью.
1142,1142,I like to catch up on the news every evening.,Мне нравится узнавать новости каждый вечер.
1143,1143,There is a rumour that they are getting married soon.,"Существует слух, что они скоро женятся."
1144,1144,We must be careful about spreading fake news online.,Мы должны быть осторожны с распространением фейковых новостей в интернете.
1145,1145,The article showed a clear bias against the opposing party.,Статья показала явную предвзятость против оппозиционной партии.
1146,1146,He provided a reliable source for his information.,Он предоставил надёжный источник для своей информации.
1147,1147,The celebrity attended the charity event last night.,Знаменитость посетила благотворительное мероприятие прошлой ночью.
1148,1148,Many brands collaborate with social media influencers.,Многие бренды сотрудничают с инфлюенсерами в социальных сетях.
1149,1149,She has many followers on her social media.,У неё много подписчиков в социальных сетях.
1150,1150,I left a comment on your latest video.,Я оставил комментарий под твоим последним видео.
1151,1151,Please share this post with your friends.,"Пожалуйста, поделись этим постом с друзьями."
1152,1152,I will upload the photos tomorrow.,Я загружу фотографии завтра.
1153,1153,This video might go viral very soon.,Это видео может стать вирусным очень скоро.
1154,1154,Don't forget to subscribe to my channel.,Не забудь подписаться на мой канал.
1155,1155,The article seems biased towards one opinion.,Статья кажется предвзятой в пользу одного мнения.
1156,1156,The movie was very entertaining and fun to watch.,Фильм был очень развлекательным и интересным для просмотра.
1157,1157,This book is really informative about history.,Эта книга действительно информативна по истории.
1158,1158,He is addicted to playing video games.,Он зависимый от видеоигр.
1159,1159,Please switch off your phone during the meeting.,"Пожалуйста, выключите телефон во время встречи."
1160,1160,Technology is changing our lives every day.,Технологии меняют нашу жизнь каждый день.
1161,1161,This device can connect to the internet easily.,Это устройство может легко подключаться к интернету.
1162,1162,I love buying new gadgets for my home.,Мне нравится покупать новые гаджеты для дома.
1163,1163,I downloaded a new app for learning languages.,Я скачал новое приложение для изучения языков.
1164,1164,The software needs to be updated regularly.,ПО нужно регулярно обновлять.
1165,1165,This computer's hardware is very powerful.,Аппаратное обеспечение этого компьютера очень мощное.
1166,1166,The screen is too bright for my eyes.,Экран слишком яркий для моих глаз.
1167,1167,I need a new keyboard for my laptop.,Мне нужна новая клавиатура для моего ноутбука.
1168,1168,My computer mouse is not working properly.,Моя компьютерная мышь работает неправильно.
1169,1169,I forgot my charger at home yesterday.,Я забыл свою зарядку дома вчера.
1170,1170,The battery in my phone is almost dead.,Батарея в моем телефоне почти разряжена.
1171,1171,Our office network is very fast and reliable.,Наша офисная сеть очень быстрая и надежная.
1172,1172,You can store files in the cloud for easy access.,Вы можете хранить файлы в облаке для удобного доступа.
1173,1173,The data shows an increase in sales this month.,Данные показывают увеличение продаж в этом месяце.
1174,1174,I need to open a file to check the information.,"Мне нужно открыть файл, чтобы проверить информацию."
1175,1175,Please put the documents in the correct folder.,"Пожалуйста, положите документы в правильную папку."
1176,1176,I created a new account for the online service.,Я создал новый аккаунт для онлайн-сервиса.
1177,1177,You should click on the link to see more details.,"Вам нужно кликнуть по ссылке, чтобы увидеть больше деталей."
1178,1178,Scroll down to find the information you need.,"Прокрутите вниз, чтобы найти нужную информацию."
1179,1179,I will search for the best prices online.,Я буду искать лучшие цены в интернете.
1180,1180,You need to install the software on your computer.,Вам нужно установить программное обеспечение на ваш компьютер.
1181,1181,Make sure to update your apps regularly for security.,"Убедитесь, что вы регулярно обновляете свои приложения для безопасности."
1182,1182,You can delete old files to free up space.,"Вы можете удалить старые файлы, чтобы освободить место."
1183,1183,Always create a backup of your important files.,Всегда создавайте резервную копию ваших важных файлов.
1184,1184,My computer crashed during the presentation yesterday.,Мой компьютер завис во время презентации вчера.
1185,1185,Sometimes the program will freeze if it is overloaded.,"Иногда программа зависает, если она перегружена."
1186,1186,Please plug in your laptop to charge it.,"Пожалуйста, включите свой ноутбук в розетку, чтобы зарядить его."
1187,1187,You need to connect the printer to your computer.,Вам нужно подключить принтер к вашему компьютеру.
1188,1188,I prefer using a wireless mouse for convenience.,Я предпочитаю использовать беспроводную мышь для удобства.
1189,1189,This software is outdated and needs an update.,Это программное обеспечение устаревшее и нуждается в обновлении.
1190,1190,The new app is very user-friendly and easy to navigate.,Новое приложение очень удобное для пользователя и простое в использовании.
1191,1191,Artificial intelligence is changing many industries today.,Искусственный интеллект меняет многие отрасли сегодня.
1192,1192,The robot can help with household chores.,Робот может помочь с домашними делами.
1193,1193,We had a virtual meeting last week.,У нас была виртуальная встреча на прошлой неделе.
1194,1194,Paris is a popular travel destination for many people.,Париж — популярное направление для путешествий для многих людей.
1195,1195,We spent the day sightseeing in the city.,"Мы провели день, осматривая достопримечательности города."
1196,1196,I bought a guidebook to help plan my trip.,"Я купил путеводитель, чтобы помочь спланировать свою поездку."
1197,1197,The Eiffel Tower is a famous landmark in Paris.,Эйфелева башня — известная достопримечательность в Париже.
1198,1198,We went on a guided tour of the museum.,Мы отправились на экскурсию с гидом по музею.
1199,1199,The Great Wall is a popular tourist attraction in China.,Великая стена — популярное туристическое место в Китае.
1200,1200,Finding accommodation can be difficult during peak season.,Найти жильё может быть сложно в высокий сезон.
1201,1201,I stayed in a hostel while traveling in Europe.,Я останавливался в хостеле во время путешествия по Европе.
1202,1202,They spent their vacation at a beautiful beach resort.,Они провели свой отпуск на прекрасном курорте у моря.
1203,1203,We found a lovely campsite near the lake.,Мы нашли прекрасный кемпинг рядом с озером.
1204,1204,You need to check in at least two hours before your flight.,Вам нужно зарегистрироваться как минимум за два часа до рейса.
1205,1205,Please remember to check out by noon.,"Пожалуйста, не забудьте выехать до полудня."
1206,1206,I need to pack my suitcase for the trip.,Мне нужно упаковать чемодан для поездки.
1207,1207,I will unpack my bags when I get home.,"Я распакую свои вещи, когда вернусь домой."
1208,1208,We will set off early in the morning to avoid traffic.,"Мы отправимся рано утром, чтобы избежать пробок."
1209,1209,"If you don't pay attention, you might get lost.","Если ты не будешь обращать внимание, ты можешь заблудиться."
1210,1210,We need to hire a car for our trip.,Нам нужно арендовать машину для нашей поездки.
1211,1211,The train was overcrowded during rush hour.,Поезд был переполнен в час пик.
1212,1212,I prefer to travel to places that are off the beaten track.,"Я предпочитаю путешествовать в места, которые в стороне от туристических троп."
1213,1213,They booked a package holiday to Spain last summer.,Они забронировали пакетный тур в Испанию прошлым летом.
1214,1214,"As a backpacker, I love exploring new countries.","Будучи бэкпекером, я люблю исследовать новые страны."
1215,1215,Please send me the itinerary for our trip.,"Пожалуйста, отправь мне маршрут нашей поездки."
1216,1216,We had to wait in line at customs for an hour.,Нам пришлось ждать в очереди на таможне час.
1217,1217,Make sure to check your luggage before the flight.,"Убедись, что ты проверил свой багаж перед полетом."
1218,1218,You can take one piece of hand luggage on the plane.,Ты можешь взять одну единицу ручной клади на самолет.
1219,1219,Don't forget to print your boarding pass before you leave.,"Не забудь распечатать посадочный талон перед тем, как уйти."
1220,1220,The flight experienced some turbulence during the storm.,Во время шторма полет испытал турбулентность.
1221,1221,I always feel tired because of jet lag after long flights.,Я всегда чувствую себя уставшим из-за джетлага после долгих полетов.
1222,1222,She is focused on building her career in marketing.,Она сосредоточена на построении своей карьеры в маркетинге.
1223,1223,Teaching is a rewarding profession for many people.,Преподавание — это полезная профессия для многих людей.
1224,1224,He received a promotion after working hard for a year.,"Он получил повышение после того, как усердно работал год."
1225,1225,I was happy to receive a raise this year.,Я был рад получить повышение зарплаты в этом году.
1226,1226,She decided to resign from her job for personal reasons.,Она решила уволиться с работы по личным причинам.
1227,1227,The company had to fire several employees last month.,Компания была вынуждена уволить нескольких сотрудников в прошлом месяце.
1228,1228,He is responsible for managing the team effectively.,Он ответственный за эффективное управление командой.
1229,1229,She is in charge of the marketing team.,Она отвечает за команду по маркетингу.
1230,1230,I often deal with difficult customers at work.,Я часто имею дело с трудными клиентами на работе.
1231,1231,They run a business from their home.,Они ведут бизнес из своего дома.
1232,1232,He prefers shift work to a regular schedule.,"Ему больше нравится сменная работа, чем обычный график."
1233,1233,She has a nine-to-five job in an office.,У неё работа с девяти до пяти в офисе.
1234,1234,He works freelance and sets his own hours.,Он работает фрилансером и сам устанавливает своё время.
1235,1235,She completed an internship at a big company.,Она прошла стажировку в большой компании.
1236,1236,Unemployment rates are high in some regions.,Уровень безработицы высок в некоторых регионах.
1237,1237,He was made redundant due to company downsizing.,Его сократили из-за сокращения компании.
1238,1238,She is an experienced teacher with many students.,Она опытный преподаватель с многими учениками.
1239,1239,He is a qualified engineer with several certifications.,Он квалифицированный инженер с несколькими сертификатами.
1240,1240,This job is well-paid and offers great benefits.,Эта работа хорошо оплачивается и предлагает отличные преимущества.
1241,1241,Her job can be very stressful at times.,Её работа может быть очень стрессовой иногда.
1242,1242,Teaching can be a rewarding career choice.,Преподавание может быть благодарным выбором карьеры.
1243,1243,This project is challenging but exciting.,"Этот проект сложный, но захватывающий."
1244,1244,His job is monotonous and lacks excitement.,Его работа монотонная и не хватает увлекательности.
1245,1245,Make sure your CV is up to date before applying.,"Убедитесь, что ваше резюме актуально перед подачей заявки."
1246,1246,A good cover letter can help you get an interview.,Хорошее сопроводительное письмо может помочь вам получить собеседование.
1247,1247,You need a reference from your previous employer.,Вам нужна рекомендация от вашего предыдущего работодателя.
1248,1248,Her strength is her ability to solve problems quickly.,Её сильная сторона — это умение быстро решать проблемы.
1249,1249,Her weakness is that she gets nervous easily.,"Её слабая сторона в том, что она легко нервничает."
1250,1250,Our team won the championship last year.,Наша команда выиграла чемпионат в прошлом году.
1251,1251,The football match starts at three o'clock.,Футбольный матч начинается в три часа.
1252,1252,We need to improve our score in the next game.,Нам нужно улучшить наш счёт в следующей игре.
1253,1253,His defeat was hard for the fans to accept.,Его поражение было трудно принять фанатам.
1254,1254,She became the champion after a tough competition.,Она стала чемпионкой после сложных соревнований.
1255,1255,The referee made a controversial decision during the game.,Судья принял спорное решение во время игры.
1256,1256,The stadium was filled with excited fans.,Стадион был заполнен восторженными фанатами.
1257,1257,The crowd cheered loudly for their favorite team.,Толпа громко поддерживала свою любимую команду.
1258,1258,The athlete trained hard for the upcoming event.,Спортсмен усердно тренировался к предстоящему событию.
1259,1259,She won the race by a few seconds.,Она выиграла гонку с небольшим отрывом.
1260,1260,Many countries will compete in the Olympics this year.,Многие страны будут соревноваться на Олимпийских играх в этом году.
1261,1261,They managed to beat their rivals in the final match.,Им удалось победить своих соперников в финальном матче.
1262,1262,He can kick the ball very far and accurately.,Он может ударить мяч очень далеко и точно.
1263,1263,She can throw the javelin over 30 meters.,Она может бросить копьё на более чем 30 метров.
1264,1264,He plays basketball every weekend with his friends.,Он играет в баскетбол каждые выходные с друзьями.
1265,1265,They enjoy playing golf on sunny days.,Им нравится играть в гольф в солнечные дни.
1266,1266,We play volleyball at the beach during summer.,Мы играем в волейбол на пляже летом.
1267,1267,Hockey is a popular sport in Canada.,Хоккей — популярный вид спорта в Канаде.
1268,1268,Boxing requires a lot of discipline and training.,Бокс требует много дисциплины и тренировок.
1269,1269,She practices athletics every Saturday at the park.,Она занимается лёгкой атлетикой каждую субботу в парке.
1270,1270,Cycling is a great way to stay healthy and enjoy nature.,Велоспорт — отличный способ поддерживать здоровье и наслаждаться природой.
1271,1271,We went skiing in the mountains last winter.,Мы катались на лыжах в горах прошлой зимой.
1272,1272,Every supporter cheered loudly for their team.,Каждый болельщик громко поддерживал свою команду.
1273,1273,He wore his new football kit during the match.,Он надел свою новую форму во время матча.
1274,1274,Fair play is essential in all sports competitions.,Честная игра необходима во всех спортивных соревнованиях.
1275,1275,She has a very competitive spirit in every game.,У неё очень соревновательный дух в каждой игре.
1276,1276,Cultural identity can shape our values and beliefs.,Культурная идентичность может формировать наши ценности и убеждения.
1277,1277,His background influences his views on many issues.,Его происхождение влияет на его взгляды по многим вопросам.
1278,1278,Her upbringing taught her the importance of kindness.,Её воспитание научило её важности доброты.
1279,1279,He is proud of his roots and family history.,Он гордится своими корнями и историей семьи.
1280,1280,Our cultural heritage is rich and diverse.,Наше культурное наследие богато и разнообразно.
1281,1281,This generation faces many challenges in the modern world.,Это поколение сталкивается с множеством трудностей в современном мире.
1282,1282,We need to break down the stereotype of the lazy student.,Нам нужно разрушить стереотип о ленивом студенте.
1283,1283,Prejudice can lead to misunderstandings and conflict.,Предрассудки могут привести к недопониманию и конфликту.
1284,1284,Discrimination is a serious issue in many societies.,Дискриминация — серьезная проблема во многих обществах.
1285,1285,Diversity enriches our communities and workplaces.,Разнообразие обогащает наши сообщества и рабочие места.
1286,1286,Inclusion is important for a harmonious society.,Инклюзия важна для гармоничного общества.
1287,1287,Everyone wants to belong to a community or group.,Каждый хочет принадлежать к сообществу или группе.
1288,1288,It's not always easy to fit in at a new school.,Не всегда легко вписаться в новую школу.
1289,1289,Her unique style makes her stand out in a crowd.,Её уникальный стиль выделяет её в толпе.
1290,1290,He really takes after his father in personality.,Он действительно похож на своего отца по характеру.
1291,1291,Many young athletes look up to professional players.,Многие молодые спортсмены равняются на профессиональных игроков.
1292,1292,It's not nice to look down on others because of their background.,Не хорошо смотреть свысока на других из-за их происхождения.
1293,1293,She comes across as very confident during presentations.,Она производит впечатление очень уверенной во время презентаций.
1294,1294,He is quite reserved and doesn't share much about himself.,Он довольно сдержанный и не делится многим о себе.
1295,1295,An open-minded person accepts different opinions and ideas.,Человек широких взглядов принимает разные мнения и идеи.
1296,1296,Being narrow-minded can limit your experiences in life.,Ограниченный взгляд может сузить ваши жизненные опыты.
1297,1297,Being self-aware helps you improve your relationships.,Осознание себя помогает улучшить ваши отношения.
1298,1298,She feels insecure about her abilities at work.,Она чувствует себя неуверенной в своих способностях на работе.
1299,1299,Being assertive is important in negotiations.,Настойчивость важна в переговорах.
1300,1300,He remains humble despite his many achievements.,"Он остаётся скромным, несмотря на свои многочисленные достижения."
1301,1301,The first impression you make can last a long time.,"Первое впечатление, которое вы производите, может длиться долго."
1302,1302,A good sense of humour can lighten difficult situations.,Хорошее чувство юмора может облегчить трудные ситуации.
1303,1303,One perk of this job is the flexible working hours.,Одной из льгот этой работы являются гибкие часы.
1304,1304,She received a bonus for her excellent performance this year.,Она получила премию за отличные результаты в этом году.
1305,1305,The agent earns a commission on every sale he makes.,"Агент получает комиссию с каждой продажи, которую он делает."
1306,1306,He took sick leave to recover from his illness.,"Он взял больничный, чтобы восстановиться после болезни."
1307,1307,She is on maternity leave for the next six months.,Она в декрете следующие шесть месяцев.
1308,1308,You must give a notice period of two weeks before leaving.,Вы должны уведомить за срок уведомления в две недели перед уходом.
1309,1309,The company announced a redundancy due to financial issues.,Компания объявила о сокращении штата из-за финансовых проблем.
1310,1310,Her resignation surprised everyone in the office.,Её увольнение по собственному желанию удивило всех в офисе.
1311,1311,A comfortable workplace can boost employee productivity.,Удобное рабочее место может повысить производительность сотрудников.
1312,1312,Understanding the hierarchy helps in navigating the organization.,Понимание иерархии помогает в навигации по организации.
1313,1313,Our target this quarter is to increase sales by 20%.,Наша цель на этот квартал — увеличить продажи на 20%.
1314,1314,You should delegate tasks to your team members effectively.,Вам следует эффективно делегировать задачи членам вашей команды.
1315,1315,She will supervise the new project from start to finish.,Она будет контролировать новый проект от начала до конца.
1316,1316,We need to collaborate with other departments on this issue.,Нам нужно сотрудничать с другими отделами по этому вопросу.
1317,1317,They will negotiate the terms of the contract next week.,Они будут вести переговоры о условиях контракта на следующей неделе.
1318,1318,Make sure to clock in before your shift starts.,"Убедитесь, что вы отмечаете приход перед началом смены."
1319,1319,"Her job is very demanding, requiring long hours and focus.","Её работа очень требовательная, требующая долгих часов и сосредоточенности."
1320,1320,Filing paperwork can be a tedious task for many employees.,Сортировка документов может быть утомительной задачей для многих сотрудников.
1321,1321,Teaching can be a fulfilling career for those who love it.,"Преподавание может быть приносящей удовлетворение карьерой для тех, кто это любит."
1322,1322,He felt stuck in a dead-end job with no future.,Он чувствовал себя застрявшим в работе без перспективы.
1323,1323,She has a high-powered job that demands a lot of her time.,"У неё высокопоставленная работа, которая требует много её времени."
1324,1324,Many white-collar workers enjoy flexible working hours.,Многие офисные работники наслаждаются гибким графиком работы.
1325,1325,Blue-collar workers often perform manual labor in factories.,Рабочие часто выполняют физический труд на фабриках.
1326,1326,The gig economy offers many short-term job opportunities.,Гиг-экономика предлагает множество краткосрочных рабочих возможностей.
1327,1327,The consumer has more choices than ever before.,"У потребителя сейчас больше выбора, чем когда-либо."
1328,1328,High consumption of sugar can lead to health problems.,Высокое потребление сахара может привести к проблемам со здоровьем.
1329,1329,She works in retail and loves helping customers.,Она работает в рознице и любит помогать клиентам.
1330,1330,They buy products at wholesale prices to save money.,"Они покупают товары по оптовым ценам, чтобы сэкономить деньги."
1331,1331,E-commerce has changed how we shop online today.,"Электронная коммерция изменила то, как мы покупаем в интернете сегодня."
1332,1332,I received a loyalty card that gives me discounts.,"Я получил карту лояльности, которая дает мне скидки."
1333,1333,"That dress was an impulse buy, but I love it.","Это платье было импульсной покупкой, но мне оно нравится."
1334,1334,We went window shopping and enjoyed looking at the displays.,Мы пошли разглядывать витрины и наслаждались просмотром витрин.
1335,1335,This book became a bestseller in just a few weeks.,Эта книга стала бестселлером всего за несколько недель.
1336,1336,He was caught selling counterfeit goods at the market.,Его поймали на продаже подделок на рынке.
1337,1337,Make sure to keep the warranty for your new phone.,"Убедитесь, что у вас есть гарантия на ваш новый телефон."
1338,1338,She filed a complaint about the poor service at the restaurant.,Она подала жалобу на плохое обслуживание в ресторане.
1339,1339,It's common to haggle at flea markets for better prices.,Торговаться на блошиных рынках — обычное дело для получения лучших цен.
1340,1340,I decided to splurge on a fancy dinner for my birthday.,Я решил транжирить на шикарный ужин на свой день рождения.
1341,1341,They need to cut back on spending to save for a vacation.,"Им нужно сократить траты, чтобы сэкономить на отпуск."
1342,1342,That store will rip you off if you're not careful.,"Этот магазин обдерет вас, если вы не будете осторожны."
1343,1343,It's wise to shop around before making a big purchase.,Умно сравнивать цены перед крупной покупкой.
1344,1344,Many designer items are often overpriced for what they are.,"Многие дизайнерские вещи часто завышены по цене за то, что они представляют."
1345,1345,This restaurant offers good value for the quality of food.,Этот ресторан предлагает выгодное соотношение цены и качества еды.
1346,1346,They stayed in a luxurious hotel during their vacation.,Они остановились в роскошном отеле во время отпуска.
1347,1347,She prefers to buy from brands that are ethical and sustainable.,"Она предпочитает покупать у брендов, которые являются этичными и устойчивыми."
1348,1348,Fast fashion brands produce trendy clothes at low prices.,Бренды быстрой моды производят модную одежду по низким ценам.
1349,1349,I bought a second-hand bike that works perfectly.,"Я купил секонд-хенд велосипед, который прекрасно работает."
1350,1350,She is very brand-conscious and only wears designer clothes.,Она очень одержима брендами и носит только дизайнерскую одежду.
1351,1351,Driving that car is a clear status symbol in our city.,Вождение этой машины является явным символом статуса в нашем городе.
1352,1352,The main issue we need to discuss is the budget.,"Основная проблема, которую нам нужно обсудить, это бюджет."
1353,1353,The controversy around the new law has sparked many debates.,Спор вокруг нового закона вызвал много дебатов.
1354,1354,The debate on climate change is becoming more urgent.,Дебаты по вопросам изменения климата становятся всё более актуальными.
1355,1355,Their argument about politics lasted for hours.,Их спор о политике длился несколько часов.
1356,1356,His claim about the product's effectiveness surprised everyone.,Его утверждение о эффективности продукта удивило всех.
1357,1357,I value your opinion on this important matter.,Я ценю твоё мнение по этому важному вопросу.
1358,1358,"From my point of view, we should take action now.","С моей точки зрения, нам следует действовать сейчас."
1359,1359,Let's weigh the pros and cons before making a decision.,"Давайте взвесим плюсы и минусы, прежде чем принять решение."
1360,1360,There is always a trade-off between quality and price.,Всегда существует компромисс между качеством и ценой.
1361,1361,We need to address the concerns of the community.,Нам нужно рассмотреть опасения сообщества.
1362,1362,It's time to tackle the problems we've been ignoring.,"Пора браться за проблемы, которые мы игнорировали."
1363,1363,Don't overlook the small details in your report.,Не упускай мелкие детали в своём отчёте.
1364,1364,You shouldn't exaggerate the difficulties of the project.,Тебе не следует преувеличивать трудности проекта.
1365,1365,Never underestimate the power of a good idea.,Никогда не недооценивай силу хорошей идеи.
1366,1366,You need to justify your decision with solid evidence.,Тебе нужно оправдать своё решение убедительными доказательствами.
1367,1367,Many residents object to the new construction plans.,Многие жители возражают против новых планов застройки.
1368,1368,I am in favour of implementing new safety measures.,Я за внедрение новых мер безопасности.
1369,1369,She argued against the proposed changes to the law.,Она выступила против предложенных изменений в закон.
1370,1370,"As far as I am concerned, the meeting was a success.","Что касается меня, встреча была успешной."
1371,1371,"To a certain extent, I agree with your opinion.",В определённой степени я согласен с вашим мнением.
1372,1372,"On the one hand, it’s a good idea to invest.","С одной стороны, это хорошая идея — инвестировать."
1373,1373,"On the other hand, it carries some risks.","С другой стороны, это несёт некоторые риски."
1374,1374,The documentary raised several controversial issues.,Документальный фильм поднял несколько спорных вопросов.
1375,1375,Her argument was very convincing and well-structured.,Её аргумент был очень убедительным и хорошо структурированным.
1376,1376,We need an objective view on this matter.,Нам нужен объективный взгляд на этот вопрос.
1377,1377,The body needs regular exercise to stay healthy.,"Тело нуждается в регулярных физических упражнениях, чтобы оставаться здоровым."
1378,1378,Good posture can improve your overall health.,Хорошая осанка может улучшить ваше общее здоровье.
1379,1379,He made a welcoming gesture to the guests.,Он сделал приветственный жест гостям.
1380,1380,Her facial expression showed that she was surprised.,"Её выражение лица показало, что она была удивлена."
1381,1381,Maintaining eye contact is important during conversations.,Поддержание зрительного контакта важно во время разговоров.
1382,1382,A firm handshake is a sign of confidence.,Уверенное рукопожатие — признак уверенности.
1383,1383,Everyone needs their own personal space to feel comfortable.,"Каждому нужно своё личное пространство, чтобы чувствовать себя комфортно."
1384,1384,Body language can communicate feelings more than words.,"Язык тела может передавать чувства больше, чем слова."
1385,1385,The tone of voice can change the meaning of a message.,Тон голоса может изменить смысл сообщения.
1386,1386,He just shrugged when I asked him about it.,"Он просто пожимал плечами, когда я спросил его об этом."
1387,1387,She gave a nod to show her agreement.,"Она кивнула, чтобы показать своё согласие."
1388,1388,He tends to frown when he is deep in thought.,"Он склонен хмуриться, когда глубоко задумался."
1389,1389,I always yawn when I feel tired.,"Я всегда зеваю, когда чувствую усталость."
1390,1390,She tends to blush when someone compliments her.,"Она, как правило, краснеет, когда кто-то делает ей комплимент."
1391,1391,He likes to stare at the stars at night.,Ему нравится пристально смотреть на звезды ночью.
1392,1392,I took a quick glance at the clock.,Я быстро взглянул на часы.
1393,1393,They whisper secrets to each other during class.,Они шепчут друг другу секреты во время урока.
1394,1394,He had to shout to be heard over the noise.,"Ему пришлось кричать, чтобы его услышали на фоне шума."
1395,1395,Please don't interrupt me while I'm speaking.,"Пожалуйста, не перебивай меня, пока я говорю."
1396,1396,I think you got the wrong end of the stick about the meeting.,"Я думаю, ты неправильно понял насчет встречи."
1397,1397,"To break the ice, he told a funny story.","Чтобы снять напряжение, он рассказал смешную историю."
1398,1398,We made small talk while waiting for the bus.,"Мы вели светскую беседу, пока ждали автобус."
1399,1399,The silence in the room felt really awkward.,Тишина в комнате казалась действительно неловкой.
1400,1400,Her spontaneous decision surprised everyone.,Ее спонтанное решение удивило всех.
1401,1401,He was very tactful in his response to the criticism.,Он был очень тактичен в своем ответе на критику.
1402,1402,His blunt remarks often hurt people's feelings.,Его прямолинейные замечания часто ранят чувства людей.
1403,1403,Science helps us understand the world better.,Наука помогает нам лучше понять мир.
1404,1404,The scientist conducted an experiment to test her theory.,"Ученый провел эксперимент, чтобы проверить свою теорию."
1405,1405,Her theory explains how the universe began.,"Ее теория объясняет, как началась вселенная."
1406,1406,They proposed a new hypothesis based on their findings.,Они предложили новую гипотезу на основе своих находок.
1407,1407,The lab is equipped with the latest technology.,Лаборатория оснащена новейшими технологиями.
1408,1408,The researcher published his findings in a journal.,Исследователь опубликовал свои результаты в журнале.
1409,1409,The discovery of new planets fascinates many scientists.,Открытие новых планет увлекает многих ученых.
1410,1410,This company is known for its innovation in technology.,Эта компания известна своими инновациями в технологии.
1411,1411,The researchers made a breakthrough in cancer treatment.,Исследователи сделали прорыв в лечении рака.
1412,1412,Some medications can have a serious side effect.,Некоторые лекарства могут иметь серьезный побочный эффект.
1413,1413,The vaccine was developed to fight the virus effectively.,Вакцина была разработана для эффективной борьбы с вирусом.
1414,1414,Scientists are studying the gene responsible for this disease.,"Ученые изучают ген, ответственный за это заболевание."
1415,1415,DNA contains the genetic information of living organisms.,ДНК содержит генетическую информацию живых организмов.
1416,1416,They created a clone of the original plant for research.,Они создали клон оригинального растения для исследований.
1417,1417,The experiment will prove whether the theory is correct.,"Эксперимент докажет, правильна ли теория."
1418,1418,He managed to disprove the common myth about the disease.,Ему удалось опровергнуть общий миф о болезни.
1419,1419,We need to analyse the results before making a decision.,Нам нужно проанализировать результаты перед принятием решения.
1420,1420,You should measure the ingredients accurately for the recipe.,Вам следует точно измерить ингредиенты для рецепта.
1421,1421,We can observe the stars clearly tonight.,Мы можем наблюдать звезды ясно этой ночью.
1422,1422,"From the data, we can conclude that the project was successful.","Из данных мы можем сделать вывод, что проект был успешным."
1423,1423,They will carry out the experiment next week.,Они проведут эксперимент на следующей неделе.
1424,1424,She will come up with a new idea for the project.,Она придумает новую идею для проекта.
1425,1425,His calculations were very accurate and reliable.,Его вычисления были очень точными и надежными.
1426,1426,The groundbreaking research changed our understanding of genetics.,Новаторское исследование изменило наше понимание генетики.
1427,1427,The scientist faced an ethical dilemma in her research.,Ученый столкнулся с этической дилеммой в своем исследовании.
1428,1428,The article was published after a thorough peer review process.,Статья была опубликована после тщательного процесса рецензирования.
1429,1429,She loves visiting museums to see modern art.,"Ей нравится посещать музеи, чтобы увидеть современное искусство."
1430,1430,The painting on the wall is a famous landscape.,Картина на стене - это известный пейзаж.
1431,1431,He created a beautiful sculpture from marble.,Он создал прекрасную скульптуру из мрамора.
1432,1432,We spent the afternoon in the art gallery downtown.,Мы провели вечер в художественной галерее в центре города.
1433,1433,The artist unveiled his latest masterpiece last night.,Художник представил свой последний шедевр прошлой ночью.
1434,1434,The audience applauded loudly after the performance.,Публика громко аплодировала после выступления.
1435,1435,Her performance in the play was truly captivating.,Её выступление в пьесе было действительно захватывающим.
1436,1436,The rehearsal for the concert starts at six o'clock.,Репетиция концерта начинается в шесть часов.
1437,1437,The actors waited nervously behind the stage.,Актёры нервно ждали за сценой.
1438,1438,The plot of the novel is full of unexpected twists.,Сюжет романа полон неожиданных поворотов.
1439,1439,Each character in the story has a unique background.,Каждый персонаж в истории имеет уникальное прошлое.
1440,1440,She is writing a novel about her travels around the world.,Она пишет роман о своих путешествиях по миру.
1441,1441,He enjoys reading poetry in his free time.,Ему нравится читать поэзию в свободное время.
1442,1442,The lyrics of this song are very emotional and deep.,Текст этой песни очень эмоциональный и глубокий.
1443,1443,He likes to compose music in his spare time.,Ему нравится сочинять музыку в свободное время.
1444,1444,They will perform at the festival next weekend.,Они будут исполнять на фестивале в следующие выходные.
1445,1445,The artist aims to portray everyday life in his paintings.,Художник стремится изображать повседневную жизнь в своих картинах.
1446,1446,The mural depicts scenes from local history.,Фреска изображает сцены из местной истории.
1447,1447,Her story can inspire many young writers.,Её история может вдохновить многих молодых писателей.
1448,1448,I really appreciate the effort you put into this project.,"Я действительно ценю усилия, которые вы вложили в этот проект."
1449,1449,His painting was very abstract and difficult to understand.,Его картина была очень абстрактной и трудной для понимания.
1450,1450,The movie provided a realistic view of life in the city.,Фильм дал реалистичное представление о жизни в городе.
1451,1451,The speech was so moving that many people cried.,"Речь была такой трогательной, что многие люди плакали."
1452,1452,The book is thought-provoking and challenges many beliefs.,Книга наводит на размышления и ставит под сомнение многие убеждения.
1453,1453,I think that movie is overrated and not worth watching.,"Я думаю, что этот фильм переоценён и не стоит просмотра."
1454,1454,This artist is underrated and deserves more recognition.,Этот художник недооценён и заслуживает большего признания.
1455,1455,The film broke box office records in its opening weekend.,Фильм побил кассовые сборы в свой первый уикенд.
1456,1456,The soundtrack of the film was amazing and very memorable.,Саундтрек фильма был потрясающим и очень запоминающимся.
1457,1457,Climate change has led to more weather extremes this year.,Изменение климата привело к большему количеству экстремальной погоды в этом году.
1458,1458,The hurricane caused significant damage to the coastal towns.,Ураган причинил значительный ущерб прибрежным городам.
1459,1459,"A tornado touched down in the area, destroying several homes.","Торнадо обрушился на этот район, разрушив несколько домов."
1460,1460,The earthquake shook the city and frightened many residents.,Землетрясение потрясло город и напугало многих жителей.
1461,1461,The tsunami warning was issued after the undersea earthquake.,Предупреждение о цунами было выдано после подводного землетрясения.
1462,1462,The wildfire spread quickly due to the dry conditions.,Лесной пожар быстро распространился из-за сухих условий.
1463,1463,The avalanche blocked the road and trapped several cars.,Лавина заблокировала дорогу и trapped несколько машин.
1464,1464,The landslide occurred after heavy rainfall in the area.,Оползень произошёл после сильного дождя в этом районе.
1465,1465,The famine affected thousands of people across the region.,Голод затронул тысячи людей по всему региону.
1466,1466,The outbreak of the disease was quickly contained by authorities.,Вспышка болезни была быстро сдержана властями.
1467,1467,They had to evacuate the building due to the fire alarm.,Им пришлось эвакуировать здание из-за пожарной сигнализации.
1468,1468,They worked together to rescue the trapped hikers.,"Они работали вместе, чтобы спасти застрявших туристов."
1469,1469,Many animals can survive in harsh conditions.,Многие животные могут выживать в суровых условиях.
1470,1470,"After the storm, we need to rebuild our community.",После шторма нам нужно восстановить наше сообщество.
1471,1471,I plan to donate clothes to the homeless shelter.,Я планирую жертвовать одежду в приют для бездомных.
1472,1472,She decided to volunteer at the local food bank.,Она решила работать волонтёром в местной продовольственной программе.
1473,1473,They will warn us about the upcoming storm.,Они предупредят нас о надвигающемся шторме.
1474,1474,The earthquake had a devastating impact on the city.,Землетрясение оказало разрушительное воздействие на город.
1475,1475,The region faced severe drought last summer.,Регион столкнулся с сильной засухой прошлым летом.
1476,1476,This winter has been surprisingly mild so far.,Эта зима была удивительно мягкой до сих пор.
1477,1477,The weather can be very unpredictable in spring.,Погода может быть очень непредсказуемой весной.
1478,1478,A natural disaster can change lives in an instant.,Стихийное бедствие может изменить жизни в мгновение ока.
1479,1479,International aid is crucial after a disaster.,Международная помощь очень важна после бедствия.
1480,1480,They found shelter from the rain under a tree.,Они нашли убежище от дождя под деревом.
1481,1481,The accident resulted in one casualty and several injuries.,Авария привела к одному пострадавшему и нескольким травмированным.
1482,1482,Everyone must follow the law to ensure safety.,"Каждый должен следовать закону, чтобы обеспечить безопасность."
1483,1483,Every citizen has the right to vote in elections.,Каждый гражданин имеет право голосовать на выборах.
1484,1484,It is our duty to help those in need.,Это наша обязанность - помогать нуждающимся.
1485,1485,Every citizen should participate in community activities.,Каждый гражданин должен участвовать в общественных мероприятиях.
1486,1486,The government is responsible for public safety.,Правительство несет ответственность за общественную безопасность.
1487,1487,The election will take place next month.,Выборы пройдут в следующем месяце.
1488,1488,I will vote for the candidate I believe in.,"Я проголосую за кандидата, в которого верю."
1489,1489,The campaign for clean air started last year.,Кампания за чистый воздух началась в прошлом году.
1490,1490,The new policy aims to reduce waste significantly.,Новая политика направлена на значительное сокращение отходов.
1491,1491,Many people joined the protest for climate action.,Многие люди присоединились к протесту за действия по климату.
1492,1492,They created a petition to support local farmers.,Они создали петицию в поддержку местных фермеров.
1493,1493,Freedom of speech is essential in a democracy.,Свобода слова необходима в демократии.
1494,1494,Human rights should be protected for everyone.,Права человека должны быть защищены для всех.
1495,1495,The government will ban single-use plastics next year.,Правительство запретит пластиковые изделия одноразового использования в следующем году.
1496,1496,Many countries are starting to legalise cannabis.,Многие страны начинают легализовать каннабис.
1497,1497,It is important to enforce the new regulations strictly.,Важно строго обеспечивать соблюдение новых правил.
1498,1498,They plan to abolish the outdated law next month.,Они планируют отменить устаревший закон в следующем месяце.
1499,1499,Citizens will elect a new mayor this November.,Граждане выберут нового мэра в этом ноябре.
1500,1500,People will demonstrate for their rights this weekend.,Люди будут демонстрировать за свои права в эти выходные.
1501,1501,The new rules are designed to create a fair system.,Новые правила предназначены для создания справедливой системы.
1502,1502,It is unfair to judge someone without knowing the facts.,"Несправедливо судить кого-то, не зная фактов."
1503,1503,A democratic society values the voice of its citizens.,Демократическое общество ценит голос своих граждан.
1504,1504,Corrupt practices undermine public trust in government.,Коррумпированные практики подрывают общественное доверие к правительству.
1505,1505,Civil rights movements have changed many laws.,Движения за гражданские права изменили многие законы.
1506,1506,Public opinion can influence government decisions greatly.,Общественное мнение может значительно влиять на решения правительства.
1507,1507,The food industry is adapting to new health guidelines.,Пищевая промышленность адаптируется к новым санитарным нормам.
1508,1508,The supply chain must be efficient to reduce costs.,"Цепочка поставок должна быть эффективной, чтобы снизить затраты."
1509,1509,Organic farming is becoming more popular every year.,Органическое земледелие становится всё более популярным с каждым годом.
1510,1510,Farmers use pesticide to protect their crops from insects.,"Фермеры используют пестицид, чтобы защитить свои культуры от насекомых."
1511,1511,Many processed foods contain harmful additives that we should avoid.,"Многие переработанные продукты содержат вредные добавки, которых нам следует избегать."
1512,1512,Some people are allergic to certain types of preservative in food.,Некоторые люди аллергичны к определённым видам консервантов в еде.
1513,1513,Good nutrition is essential for a healthy lifestyle.,Хорошее питание необходимо для здорового образа жизни.
1514,1514,"A slice of cake has about 250 calorie, which is quite high.","Кусок торта содержит около 250 калорий, что довольно много."
1515,1515,Chicken is a great source of protein for muscle building.,Курица является отличным источником белка для наращивания мышц.
1516,1516,Bread is a common source of carbohydrate in many diets.,Хлеб является распространённым источником углеводов во многих диетах.
1517,1517,Obesity can lead to serious health problems over time.,Ожирение может привести к серьёзным проблемам со здоровьем со временем.
1518,1518,Malnutrition affects millions of children around the world.,Недоедание затрагивает миллионы детей по всему миру.
1519,1519,Reducing food waste is important for the environment.,Сокращение пищевых отходов важно для окружающей среды.
1520,1520,Buying local products reduces food miles and supports farmers.,Покупка местных продуктов сокращает продовольственные мили и поддерживает фермеров.
1521,1521,The harvest this year was better than last year's yield.,"Урожай в этом году был лучше, чем урожай в прошлом году."
1522,1522,Wheat is one of the most important crop in the world.,Пшеница является одной из самых важных сельхозкультур в мире.
1523,1523,"Farmers raise livestock for meat, milk, and eggs.","Фермеры разводят скот для мяса, молока и яиц."
1524,1524,Seafood is rich in omega-3 fatty acids and is very healthy.,Морепродукты богаты омега-3 жирными кислотами и очень полезны.
1525,1525,I have a craving for something sweet after dinner.,У меня есть тяга к чему-то сладкому после ужина.
1526,1526,A good breakfast helps to stimulate your appetite for lunch.,Хороший завтрак помогает разбудить аппетит к обеду.
1527,1527,It takes time for your body to digest heavy meals.,"Вашему организму нужно время, чтобы переварить тяжёлую пищу."
1528,1528,It's not healthy to skip a meal regularly during the day.,Не полезно регулярно пропускать приём пищи в течение дня.
1529,1529,"If you eat too much, you will put on weight.","Если ты будешь слишком много есть, ты наберешь вес."
1530,1530,She wants to lose weight before the summer vacation.,Она хочет похудеть перед летними каникулами.
1531,1531,Eating a nutritious breakfast helps you stay focused.,Употребление питательного завтрака помогает сосредоточиться.
1532,1532,The soup was too bland for my taste.,Суп был слишком пресным для моего вкуса.
1533,1533,This chocolate cake is very rich and delicious.,Этот шоколадный торт очень сытный и вкусный.
1534,1534,I prefer raw vegetables in my salad.,Я предпочитаю сырые овощи в своем салате.
1535,1535,Good concentration is essential for studying effectively.,Хорошая концентрация необходима для эффективного обучения.
1536,1536,Her intelligence helps her solve complex problems.,Её интеллект помогает ей решать сложные задачи.
1537,1537,Creativity is important in art and design.,Креативность важна в искусстве и дизайне.
1538,1538,Animals rely on instinct to survive in the wild.,"Животные полагаются на инстинкт, чтобы выжить в дикой природе."
1539,1539,He followed his intuition and made the right choice.,Он следовал своей интуиции и сделал правильный выбор.
1540,1540,Music can evoke strong emotion in people.,Музыка может вызывать сильные эмоции у людей.
1541,1541,Her mood changed after she heard the good news.,"Её настроение изменилось после того, как она услышала хорошие новости."
1542,1542,He felt anxiety before the big presentation.,Он чувствовал тревогу перед важной презентацией.
1543,1543,She struggled with depression for many years.,Она боролась с депрессией много лет.
1544,1544,Building self-esteem is important for personal growth.,Повышение самооценки важно для личностного роста.
1545,1545,Finding motivation can be challenging at times.,Иногда найти мотивацию бывает сложно.
1546,1546,I can easily recall the details of that event.,Я могу легко вспоминать детали этого события.
1547,1547,Please remind me to call my friend later.,"Пожалуйста, напомни мне позвонить другу позже."
1548,1548,Don't distract me while I'm working on this project.,"Не отвлекай меня, пока я работаю над этим проектом."
1549,1549,I need to focus on my studies this week.,Мне нужно сфокусироваться на учёбе на этой неделе.
1550,1550,She can cope with any challenges that come her way.,"Она может справляться с любыми трудностями, которые встречаются на её пути."
1551,1551,It's not healthy to bottle up your emotions for too long.,Не полезно сдерживать свои эмоции слишком долго.
1552,1552,A good joke can really cheer you up when you're sad.,"Хорошая шутка действительно может подбодрить тебя, когда ты грустный."
1553,1553,Take a deep breath and try to calm down.,Сделай глубокий вдох и постарайся успокоиться.
1554,1554,He is often absent-minded and forgets where he puts things.,"Он часто рассеянный и забывает, куда кладёт вещи."
1555,1555,She has a sharp mind and solves problems quickly.,"У неё острый ум, и она быстро решает проблемы."
1556,1556,He is a gifted musician who plays several instruments.,"Он одарённый музыкант, который играет на нескольких инструментах."
1557,1557,I felt overwhelmed by the amount of work I had.,"Я чувствовал себя перегруженным количеством работы, которую у меня было."
1558,1558,Sometimes my mind goes blank during exams.,Иногда мой ум заходит за разум во время экзаменов.
1559,1559,I need to learn this poem by heart for class.,Мне нужно выучить это стихотворение наизусть для урока.
1560,1560,Can you give me an example of this phrase in a sentence?,Можешь привести пример этой фразы в предложении?
1561,1561,Understanding idioms can be challenging for learners.,Понимание идиом может быть сложным для изучающих.
1562,1562,Pay attention to collocations when you learn new words.,"Обращай внимание на коллокации, когда учишь новые слова."
1563,1563,Phrasal verbs can be tricky for non-native speakers.,Фразовые глаголы могут быть сложными для носителей других языков.
1564,1564,His register was too formal for the casual meeting.,Его регистр речи был слишком официальным для неформальной встречи.
1565,1565,Using slang can make your speech sound more natural.,Использование сленга может сделать твою речь более естественной.
1566,1566,She prefers formal language in her business emails.,Она предпочитает официальный язык в своих деловых письмах.
1567,1567,Informal conversations are often more enjoyable than formal ones.,"Неформальные разговоры часто более приятны, чем официальные."
1568,1568,I took his words in a literal sense at first.,Сначала я воспринял его слова в буквальном смысле.
1569,1569,Her words had a figurative meaning that surprised everyone.,"Её слова имели переносный смысл, который удивил всех."
1570,1570,Every painting has its own nuance that tells a story.,"Каждая картина имеет свои нюансы, которые рассказывают историю."
1571,1571,I hope to get across my ideas clearly in this meeting.,Я надеюсь донести свои идеи ясно на этой встрече.
1572,1572,Let me sum up the main points of our discussion.,Позвольте мне подвести итог основным моментам нашего обсуждения.
1573,1573,I want to point out the importance of teamwork.,Я хочу указать на важность командной работы.
1574,1574,She decided to bring up the issue during the discussion.,Она решила поднять тему во время обсуждения.
1575,1575,His explanation didn’t make sense to me at all.,Его объяснение совсем не имело смысла для меня.
1576,1576,"If you focus too much on details, you might miss the point.","Если ты будешь слишком сосредоточен на деталях, ты можешь не уловить суть."
1577,1577,"He is very talented; in other words, he is a genius.","Он очень талантлив; другими словами, он гений."
1578,1578,"She is leaving early, that is to say, before noon.","Она уходит рано, то есть до полудня."
1579,1579,"As a matter of fact, I’ve always loved reading.","На самом деле, я всегда любил читать."
1580,1580,"By the way, have you seen my keys anywhere?","Кстати, ты не видел мои ключи где-нибудь?"
1581,1581,"To be honest, I didn’t enjoy the movie much.","Честно говоря, мне не очень понравился фильм."
1582,1582,"Needless to say, we all agreed to the plan.","Излишне говорить, что мы все согласились с планом."
1583,1583,Please bear in mind the deadline for the project.,"Пожалуйста, имейте в виду срок сдачи проекта."
1584,1584,We need to take into account everyone's opinion.,Нам нужно принимать во внимание мнение каждого.
1585,1585,"On second thoughts, I think I will stay home today.","По зрелом размышлении, я думаю, что останусь дома сегодня."
1586,1586,The bottom line is that we need to improve our sales.,"Суть в том, что нам нужно улучшить наши продажи."
1587,1587,The subtlety of her argument impressed the audience.,Тонкость её аргумента произвела впечатление на аудиторию.
1588,1588,The implication of his statement was quite serious.,Подтекст его заявления был довольно серьезным.
1589,1589,Her assumption about the weather was proven wrong.,Её допущение о погоде оказалось неверным.
1590,1590,The argument is based on a false premise.,Аргумент основан на ложной посылке.
1591,1591,It's a common fallacy to confuse correlation with causation.,Это распространённое заблуждение путать корреляцию с причинностью.
1592,1592,His rhetoric was powerful and persuasive during the debate.,Его риторика была мощной и убедительной во время дебатов.
1593,1593,The discourse on climate change is becoming more urgent.,Дискурс о климатических изменениях становится всё более актуальным.
1594,1594,She has a unique narrative about her travels.,У неё уникальный нарратив о своих путешествиях.
1595,1595,He tried to convey his feelings through his art.,Он пытался передать свои чувства через своё искусство.
1596,1596,Her smile seemed to imply that she agreed.,"Её улыбка, казалось, подразумевала, что она согласна."
1597,1597,"From his tone, I can infer he is upset.","По его тону я могу сделать вывод, что он расстроен."
1598,1598,She will assert her rights in the meeting.,Она будет утверждать свои права на встрече.
1599,1599,He had to concede that he was wrong.,"Ему пришлось признать, что он был неправ."
1600,1600,The scientist will refute the previous claims.,Ученый опровергнет предыдущие утверждения.
1601,1601,It's important to articulate your ideas clearly.,Важно чётко формулировать свои идеи.
1602,1602,The report will underscore the need for change.,Отчёт подчеркнёт необходимость изменений.
1603,1603,She presented a compelling case for the new policy.,Она представила убедительный аргумент в пользу новой политики.
1604,1604,His argument was based on a tenuous connection.,Его аргумент основывался на шатком соединении.
1605,1605,The results provide unequivocal evidence of success.,Результаты предоставляют недвусмысленные доказательства успеха.
1606,1606,The instructions were ambiguous and caused confusion.,Инструкции были двусмысленными и вызвали путаницу.
1607,1607,"On the contrary, I believe we need more discussion.","Напротив, я считаю, что нам нужно больше обсуждений."
1608,1608,"By the same token, we should consider other options.",По той же логике мы должны рассмотреть другие варианты.
1609,1609,"The project has flaws; that said, it shows promise.","В проекте есть недостатки, при этом он имеет потенциал."
1610,1610,"All things considered, we made the right decision.","Учитывая всё, мы приняли правильное решение."
1611,1611,Urbanisation has changed the landscape of many cities.,Урбанизация изменила ландшафт многих городов.
1612,1612,The city needs to improve its infrastructure for better transport.,Городу нужно улучшить свою инфраструктуру для лучшего транспорта.
1613,1613,Gentrification can displace long-term residents from their homes.,Джентрификация может вытеснить долгосрочных жителей из их домов.
1614,1614,The city's sprawl is affecting the environment negatively.,Расползание города негативно сказывается на окружающей среде.
1615,1615,Traffic congestion has become a major issue in urban areas.,Затор на дорогах стал серьезной проблемой в городских районах.
1616,1616,We need more affordable housing for low-income families.,Нам нужно больше доступного жилья для семей с низким доходом.
1617,1617,The public realm should be accessible to everyone.,Общественное пространство должно быть доступно для всех.
1618,1618,A liveable city offers parks and cultural activities.,Пригодный для жизни город предлагает парки и культурные мероприятия.
1619,1619,They decided to renovate the run-down building downtown.,Они решили отремонтировать запущенное здание в центре города.
1620,1620,This up-and-coming neighborhood attracts many young professionals.,Этот перспективный район привлекает многих молодых специалистов.
1621,1621,Many companies choose to relocate to reduce costs.,"Многие компании выбирают переезжать, чтобы сократить расходы."
1622,1622,The city plans to regenerate the old industrial area.,Город планирует обновлять старую промышленную зону.
1623,1623,They want to pedestrianise the main street for safety.,Они хотят сделать пешеходным главную улицу для безопасности.
1624,1624,Urban planners aim to densify the city to save space.,"Градостроители стремятся уплотнять застройку города, чтобы сэкономить пространство."
1625,1625,The concept of a 15-minute city promotes local living.,Концепция города 15 минут способствует местной жизни.
1626,1626,The mixed-use development includes shops and apartments.,Комплекс смешанного назначения включает магазины и квартиры.
1627,1627,The algorithm helps us analyze large amounts of data.,Алгоритм помогает нам анализировать большие объемы данных.
1628,1628,Data privacy is crucial in today's digital world.,Конфиденциальность данных имеет решающее значение в современном цифровом мире.
1629,1629,Surveillance cameras are everywhere in the city.,Камеры слежки повсюду в городе.
1630,1630,Misinformation can spread quickly on social media.,Дезинформация может быстро распространяться в социальных сетях.
1631,1631,Disinformation is often used to manipulate public opinion.,Намеренная дезинформация часто используется для манипуляции общественным мнением.
1632,1632,An echo chamber can limit your perspective on issues.,Эхо-камера может ограничить вашу точку зрения на проблемы.
1633,1633,A filter bubble can isolate you from different viewpoints.,Информационный пузырь может изолировать вас от разных точек зрения.
1634,1634,Deepfakes can create realistic but fake videos.,"Дипфейки могут создавать реалистичные, но фальшивые видео."
1635,1635,Automation is transforming many industries today.,Автоматизация трансформирует многие отрасли сегодня.
1636,1636,The disruption caused by technology is undeniable.,"Подрыв уклада, вызванный технологиями, нельзя отрицать."
1637,1637,Scalability is crucial for tech startups to grow.,Масштабируемость имеет важное значение для роста технологических стартапов.
1638,1638,Interoperability between systems improves efficiency.,Совместимость между системами повышает эффективность.
1639,1639,Many apps try to monetise their user base effectively.,Многие приложения пытаются эффективно монетизировать свою базу пользователей.
1640,1640,Companies harvest data to improve their services.,"Компании собирают данные, чтобы улучшить свои услуги."
1641,1641,You can opt out of email notifications anytime.,Вы можете отказаться от уведомлений по электронной почте в любое время.
1642,1642,It's important to encrypt sensitive information online.,Важно шифровать конфиденциальную информацию в Интернете.
1643,1643,The pervasive influence of technology is everywhere.,Всепроникающее влияние технологий повсюду.
1644,1644,Some ads can be quite intrusive while browsing.,Некоторые рекламные объявления могут быть довольно навязчивыми во время просмотра.
1645,1645,Many technologies become obsolete within a few years.,Многие технологии становятся устаревшими всего через несколько лет.
1646,1646,They develop cutting-edge solutions for modern problems.,Они разрабатывают передовые решения для современных проблем.
1647,1647,Economic inequality affects many communities worldwide.,Экономическое неравенство затрагивает многие сообщества по всему миру.
1648,1648,Education is key to improving social mobility.,Образование является ключом к улучшению социальной мобильности.
1649,1649,The government increased funding for welfare programs this year.,В этом году правительство увеличило финансирование программ соцобеспечения.
1650,1650,The country faced austerity measures after the economic crisis.,Страна столкнулась с режимом экономии после экономического кризиса.
1651,1651,Farmers received a subsidy to help with their costs.,"Фермеры получили субсидию, чтобы помочь с их затратами."
1652,1652,Many activists fight for a living wage for all workers.,Многие активисты борются за прожиточный минимум для всех работников.
1653,1653,The new policy aims to lift families above the poverty line.,"Новая политика нацелена на то, чтобы вывести семьи за черту бедности."
1654,1654,"In a meritocracy, hard work is rewarded with opportunities.",В меритократии усердная работа вознаграждается возможностями.
1655,1655,The company was criticized for its nepotism in hiring practices.,Компания подверглась критике за непотизм в процессе найма.
1656,1656,Women often face a glass ceiling in corporate environments.,Женщины часто сталкиваются со стеклянным потолком в корпоративной среде.
1657,1657,He realized his privilege after volunteering in the community.,Он осознал свои привилегии после волонтерства в сообществе.
1658,1658,The government plans to redistribute wealth more fairly.,Правительство планирует перераспределить богатство более справедливо.
1659,1659,Education can empower individuals to change their lives.,Образование может наделить возможностями людей изменить свою жизнь.
1660,1660,Policies should not marginalise any group in society.,Политика не должна маргинализировать ни одну группу в обществе.
1661,1661,We must not stigmatise those who seek mental health support.,"Мы не должны стигматизировать тех, кто ищет поддержку в области психического здоровья."
1662,1662,The entrenched beliefs made it hard to implement change.,Укоренившиеся убеждения затрудняли внедрение изменений.
1663,1663,Systemic issues require long-term solutions and commitment.,Системные проблемы требуют долгосрочных решений и обязательств.
1664,1664,The goal is to create an equitable society for everyone.,"Цель состоит в том, чтобы создать справедливое общество для всех."
1665,1665,Many workers are in precarious job situations today.,Многие работники сегодня находятся в нестабильных условиях труда.
1666,1666,The climate crisis demands urgent action from all nations.,Климатический кризис требует срочных действий от всех стран.
1667,1667,We are approaching a tipping point in climate change.,Мы приближаемся к переломному моменту в изменении климата.
1668,1668,Achieving net zero emissions is a global priority now.,Достижение нулевых выбросов является глобальным приоритетом сейчас.
1669,1669,Many companies invest in carbon offsets to reduce their emissions.,"Многие компании инвестируют в углеродные офсеты, чтобы сократить свои выбросы."
1670,1670,Protecting biodiversity is essential for a healthy planet.,Защита биоразнообразия необходима для здоровой планеты.
1671,1671,The ecosystem depends on the balance of various species.,Экосистема зависит от баланса различных видов.
1672,1672,The circular economy focuses on reusing materials to minimize waste.,"Циркулярная экономика сосредоточена на повторном использовании материалов, чтобы минимизировать отходы."
1673,1673,Some companies use greenwashing to appear more environmentally friendly.,"Некоторые компании используют гринвошинг, чтобы казаться более экологически чистыми."
1674,1674,We need to mitigate the effects of climate change urgently.,Нам срочно нужно смягчить последствия изменения климата.
1675,1675,Species must adapt to survive in changing environments.,"Видов нужно адаптироваться, чтобы выжить в меняющихся условиях."
1676,1676,The government plans to phase out coal power by 2030.,Правительство планирует постепенно отказаться от угольной энергетики к 2030 году.
1677,1677,They offset their carbon footprint by planting trees.,"Они компенсируют свой углеродный след, высаживая деревья."
1678,1678,Some environmental damage is irreversible and cannot be undone.,Некоторые экологические повреждения необратимы и не могут быть исправлены.
1679,1679,Anthropogenic factors significantly impact global warming.,Антропогенные факторы значительно влияют на глобальное потепление.
1680,1680,A resilient community can recover quickly from disasters.,Устойчивая община может быстро восстанавливаться после катастроф.
1681,1681,Natural resources are finite and should be used wisely.,Природные ресурсы конечны и должны использоваться разумно.
1682,1682,The precautionary principle helps prevent environmental harm.,Принцип предосторожности помогает предотвратить ущерб окружающей среде.
1683,1683,Good journalism informs the public about important issues.,Хорошая журналистика информирует общественность о важных вопросах.
1684,1684,The editorial in today's paper discusses climate change.,Передовица в сегодняшней газете обсуждает изменение климата.
1685,1685,The op-ed offers a unique perspective on current events.,Авторская колонка предлагает уникальную точку зрения на текущие события.
1686,1686,The whistleblower revealed serious misconduct within the company.,Разоблачитель раскрыл серьезные нарушения внутри компании.
1687,1687,The leak of confidential documents caused a major scandal.,Утечка конфиденциальных документов вызвала большой скандал.
1688,1688,The journalist had an exclusive scoop on the election results.,Журналист имел эксклюзивную сенсацию о результатах выборов.
1689,1689,Many news sites now use a paywall for their articles.,Многие новостные сайты теперь используют платный доступ к своим статьям.
1690,1690,That article is just clickbait to attract more readers.,"Та статья — это просто кликбейт, чтобы привлечь больше читателей."
1691,1691,The witness can corroborate the suspect's alibi.,Свидетель может подтвердить алиби подозреваемого.
1692,1692,The journalist had to retract the false statement.,Журналисту пришлось отозвать ложное заявление.
1693,1693,The media tends to sensationalise tragic events.,СМИ склонны сенсационализировать трагические события.
1694,1694,It's important to fact-check information before sharing it.,"Важно проверять факты, прежде чем делиться информацией."
1695,1695,She works in investigative journalism to uncover the truth.,"Она работает в расследовательской журналистике, чтобы раскрыть правду."
1696,1696,The article contained libelous claims about the politician.,В статье содержались клеветнические утверждения о политике.
1697,1697,He shared some details off the record during the interview.,Он поделился некоторыми деталями не для печати во время интервью.
1698,1698,The spokesperson spoke on the record about the new policy.,Пресс-секретарь официально высказался о новой политике.
1699,1699,Cognition plays a key role in how we understand the world.,"Познание играет ключевую роль в том, как мы понимаем мир."
1700,1700,Confirmation bias can affect our decision-making process.,Склонность подтверждать своё может повлиять на наш процесс принятия решений.
1701,1701,Cognitive dissonance often occurs when our beliefs clash.,"Когнитивный диссонанс часто возникает, когда наши убеждения конфликтуют."
1702,1702,The doctor prescribed a placebo to test the treatment's effectiveness.,"Врач прописал плацебо, чтобы проверить эффективность лечения."
1703,1703,A positive mindset can lead to better outcomes in life.,Позитивная установка может привести к лучшим результатам в жизни.
1704,1704,Her resilience helped her overcome many challenges.,Её устойчивость помогла ей преодолеть многие трудности.
1705,1705,Having agency is important for making independent choices.,Наличие субъектности важно для принятия независимых решений.
1706,1706,Children often internalise the values they learn from parents.,"Дети часто интернализируют ценности, которые они усваивают от родителей."
1707,1707,We often try to rationalise our mistakes to feel better.,"Мы часто пытаемся рационализировать наши ошибки, чтобы почувствовать себя лучше."
1708,1708,It's easy to procrastinate when you have many tasks.,"Легко откладывать дела, когда у тебя много задач."
1709,1709,She tends to catastrophise every small problem.,Она склонна катастрофизировать каждую маленькую проблему.
1710,1710,He is very empathetic towards people in distress.,Он очень эмпатичный к людям в бедственном положении.
1711,1711,Her impulsive decisions often lead to regrets.,Её импульсивные решения часто приводят к сожалениям.
1712,1712,He became more introspective after the life changes.,Он стал более склонным к самоанализу после изменений в жизни.
1713,1713,Being neurodivergent can offer unique perspectives.,Быть нейроотличным может дать уникальные перспективы.
1714,1714,Geopolitics plays a crucial role in international relations.,Геополитика играет ключевую роль в международных отношениях.
1715,1715,Effective diplomacy can prevent conflicts between nations.,Эффективная дипломатия может предотвратить конфликты между нациями.
1716,1716,Every country values its sovereignty above all.,Каждая страна ценит свой суверенитет превыше всего.
1717,1717,The government imposed a sanction on the offending country.,Правительство наложило санкцию на нарушающую страну.
1718,1718,The countries signed a treaty to ensure peace.,"Страны подписали договор, чтобы обеспечить мир."
1719,1719,They formed an alliance to strengthen their defense.,"Они создали альянс, чтобы укрепить свою оборону."
1720,1720,Cultural influence is an important aspect of soft power.,Культурное влияние является важным аспектом мягкой силы.
1721,1721,The region is suffering from a long-standing proxy war.,Регион страдает от продолжительной прокси-войны.
1722,1722,Tensions may escalate if no dialogue occurs.,"Напряженность может эскалировать, если не будет диалога."
1723,1723,They worked hard to de-escalate the situation.,"Они усердно работали, чтобы снизить напряжённость в ситуации."
1724,1724,He was chosen to broker the peace talks.,Его выбрали посредничать в мирных переговорах.
1725,1725,The country decided to annex the disputed territory.,Страна решила аннексировать спорную территорию.
1726,1726,The market has been quite volatile this year.,Рынок был довольно нестабильным в этом году.
1727,1727,Multilateral agreements are often more effective.,Многосторонние соглашения часто более эффективны.
1728,1728,A unilateral decision can lead to misunderstandings.,Одностороннее решение может привести к недоразумениям.
1729,1729,Her humanitarian efforts changed many lives in the community.,Её гуманитарные усилия изменили жизни многих людей в сообществе.
1730,1730,The aesthetics of the painting captivated everyone at the gallery.,Эстетика картины заворожила всех в галерее.
1731,1731,Many consider this novel a classic of the literary canon.,Многие считают этот роман классикой литературного канона.
1732,1732,The love triangle is a common trope in romantic films.,Любовный треугольник — это распространённый троп в романтических фильмах.
1733,1733,The subtext of her speech revealed her true feelings.,Подтекст её речи показал её истинные чувства.
1734,1734,The pacing of the movie kept the audience on the edge of their seats.,Темп повествования фильма держал зрителей в напряжении.
1735,1735,The author's voice shines through in every chapter of the book.,Голос автора ярко проявляется в каждой главе книги.
1736,1736,Intertextuality adds depth to the story by referencing other works.,"Интертекстуальность придаёт глубину истории, ссылаясь на другие произведения."
1737,1737,Her critique of the film was both insightful and fair.,"Её критический разбор фильма был и проницательным, и справедливым."
1738,1738,They curate an exhibition that showcases local artists' work.,"Они кураторствуют выставку, которая демонстрирует работы местных художников."
1739,1739,The artist aims to subvert traditional expectations in her work.,Художница стремится подорвать традиционные ожидания в своём творчестве.
1740,1740,The music can evoke strong emotions in the listeners.,Музыка может вызывать сильные эмоции у слушателей.
1741,1741,Her words resonate deeply with many people today.,Её слова находят отклик у многих людей сегодня.
1742,1742,The film felt derivative and lacked originality.,Фильм казался вторичным и не хватало оригинальности.
1743,1743,His seminal work influenced a generation of writers.,Его основополагающее произведение оказало влияние на целое поколение писателей.
1744,1744,The iconic image of the city is known worldwide.,Знаковый образ города известен во всём мире.
1745,1745,Some people love kitsch art for its charm and humor.,Некоторые люди любят китч-арт за его очарование и юмор.
1746,1746,Hedging in her speech made her argument less convincing.,Смягчение формулировок в её речи сделало её аргумент менее убедительным.
1747,1747,His understatement about the situation surprised everyone.,Его преуменьшение ситуации удивило всех.
1748,1748,The irony of the situation made everyone laugh.,Ирония ситуации заставила всех смеяться.
1749,1749,His sarcasm often goes over people's heads.,Его сарказм часто не понимают.
1750,1750,She used a euphemism to soften the bad news.,"Она использовала эвфемизм, чтобы смягчить плохие новости."
1751,1751,His choice of words was a clear dysphemism.,Его выбор слов был явным дисфемизмом.
1752,1752,The word has a negative connotation in this context.,Это слово имеет негативную коннотацию в этом контексте.
1753,1753,The denotation of the term is quite straightforward.,Прямое значение термина довольно простое.
1754,1754,She tends to hedge her statements during discussions.,Она склонна смягчать свои высказывания во время обсуждений.
1755,1755,It would appear that we have a misunderstanding.,"Похоже, что у нас недопонимание."
1756,1756,"To put it mildly, the situation is complicated.","Мягко говоря, ситуация сложная."
1757,1757,"He was, for want of a better word, a genius.","Он был, за неимением лучшего слова, гением."
1758,1758,"With hindsight, we could have done better.","Оглядываясь назад, мы могли бы сделать лучше."
1759,1759,"In retrospect, I see the mistakes I made.",Ретроспективно я вижу свои ошибки.
1760,1760,Politicians often equivocate when asked tough questions.,"Политики часто увиливают, когда их спрашивают о сложных вопросах."
1761,1761,The report seemed designed to obfuscate the real issues.,"Отчет, похоже, был создан, чтобы запутать реальные проблемы."
1762,1762,You can elide unnecessary details in your presentation.,Вы можете опустить ненужные детали в вашей презентации.
1763,1763,We can posit that the theory is correct based on evidence.,"Мы можем постулировать, что теория верна, основываясь на доказательствах."
1764,1764,The author adumbrates the main themes in the introduction.,Автор намечает в общих чертах основные темы во введении.
1765,1765,It's important to parse the data carefully.,Важно тщательно разбирать данные.
1766,1766,The text presents an aporia that challenges our understanding.,"Текст представляет апорию, которая ставит под сомнение наше понимание."
1767,1767,His performance was the apotheosis of his career.,Его выступление было апофеозом его карьеры.
1768,1768,The community faced anomie after the crisis.,Сообщество столкнулось с аномией после кризиса.
1769,1769,Her research focuses on the praxis of social justice.,Её исследование сосредоточено на практике социальной справедливости.
1770,1770,His approach to art is truly sui generis.,Его подход к искусству поистине уникален в своём роде.
1771,1771,The organization became sclerotic and resistant to change.,Организация стала закостенелой и устойчивой к изменениям.
1772,1772,They had only an inchoate understanding of the issue.,У них было лишь зарождающееся понимание проблемы.
1773,1773,She stood in a liminal space between two worlds.,Она стояла в пороговом пространстве между двумя мирами.
1774,1774,He acted in a fiduciary capacity for his clients.,Он действовал в фидуциарном качестве для своих клиентов.
1775,1775,The policy encouraged rent-seeking behavior among businesses.,Политика способствовала рентоориентированному поведению среди компаний.
1776,1776,The bank's actions created a moral hazard in the market.,Действия банка создали моральный риск на рынке.
1777,1777,Pollution is a negative externality of industrial activities.,Загрязнение является негативной экстерналией промышленных действий.
1778,1778,The tax resulted in a significant deadweight loss for the economy.,Налог привёл к значительным чистым потерям для экономики.
1779,1779,They engaged in arbitrage to profit from price differences.,"Они занимались арбитражем, чтобы заработать на ценовых различиях."
1780,1780,The company's liquidity position improved after the investment.,Платёжеспособность компании улучшилась после инвестиций.
1781,1781,Maintaining solvency is crucial for any business.,Поддержание платёжеспособности крайне важно для любого бизнеса.
1782,1782,Using leverage can amplify both gains and losses.,"Использование кредитного плеча может увеличить как прибыли, так и убытки."
1783,1783,The financial contagion spread quickly across markets.,Финансовое заражение быстро распространилось по рынкам.
1784,1784,Investors decided to unwind their positions in the market.,Инвесторы решили сворачивать свои позиции на рынке.
1785,1785,Traders tried to front-run the large orders coming in.,"Трейдеры пытались опережать крупные заказы, поступающие на рынок."
1786,1786,She studied jurisprudence to understand legal principles better.,"Она изучала юриспруденцию, чтобы лучше понять правовые принципы."
1787,1787,The case set a new precedent in legal history.,Дело установило новый прецедент в юридической истории.
1788,1788,The defendant was denied due process during the trial.,Ответчику была нарушена надлежащая правовая процедура во время суда.
1789,1789,The lawyer filed a habeas corpus petition.,Адвокат подал петицию хабеас корпус.
1790,1790,The court must prove mens rea in this case.,Суд должен доказать вину в этом деле.
1791,1791,The contract was deemed ultra vires by the judge.,Судья признал контракт за пределами полномочий.
1792,1792,The judge issued an injunction to stop the construction.,Судья выдал судебный запрет на остановку строительства.
1793,1793,The company accepted liability for the accident.,Компания приняла ответственность за аварию.
1794,1794,The panel will adjudicate the dispute next week.,Комиссия вынесет решение по спору на следующей неделе.
1795,1795,The insurance will indemnify you for the damages.,Страховка возместит вам убытки.
1796,1796,The principle of estoppel prevents contradictory claims.,Принцип эстоппеля предотвращает противоречивые требования.
1797,1797,He filed a tort claim against the negligent driver.,Он подал иск о деликте против неосторожного водителя.
1798,1798,Her research focuses on phenomenology and human experience.,Её исследование сосредоточено на феноменологии и человеческом опыте.
1799,1799,Epistemology explores the nature of knowledge.,Эпистемология исследует природу знания.
1800,1800,Ontology studies the nature of being and existence.,Онтология изучает природу бытия и существования.
1801,1801,Teleology considers the purpose behind natural phenomena.,"Телеология рассматривает цель, стоящую за природными явлениями."
1802,1802,The dialectic approach helps in understanding complex ideas.,Диалектический подход помогает понять сложные идеи.
1803,1803,Hermeneutics is essential for interpreting texts accurately.,Герменевтика необходима для точной интерпретации текстов.
1804,1804,Our plans are contingent upon the weather conditions.,Наши планы зависят от погодных условий.
1805,1805,It is necessary to address these issues immediately.,Необходимо немедленно решить эти вопросы.
1806,1806,A priori knowledge does not depend on experience.,Априорное знание не зависит от опыта.
1807,1807,A posteriori knowledge is based on empirical evidence.,Апостериори знание основано на эмпирических данных.
1808,1808,This statement begs the question of its validity.,Это утверждение исходит из недоказанного его обоснования.
1809,1809,The argument presented was just a straw man.,Представленный аргумент был просто подменой тезиса.
1810,1810,He always tries to steel man his opponent's argument.,Он всегда пытается усилить аргумент своего оппонента.
1811,1811,Understanding pathophysiology is crucial for treatment.,Понимание патофизиологии имеет решающее значение для лечения.
1812,1812,Patients with diabetes often face comorbidity issues.,Пациенты с диабетом часто сталкиваются с проблемами коморбидности.
1813,1813,The side effects were iatrogenic in nature.,Побочные эффекты были ятрогенного характера.
1814,1814,The cause of the disease is still idiopathic.,Причина болезни всё ещё идиопатическая.
1815,1815,The prognosis for recovery is quite positive.,Прогноз на выздоровление довольно положительный.
1816,1816,The aetiology of the condition is still being studied.,Этиология состояния всё ещё изучается.
1817,1817,The study involved randomised control trials.,В исследовании были рандомизированные контролируемые испытания.
1818,1818,They conducted a double-blind study to ensure fairness.,Они провели двойное слепое исследование для обеспечения честности.
1819,1819,The meta-analysis revealed significant trends in the data.,Метаанализ выявил значительные тенденции в данных.
1820,1820,A confounding variable can skew the results.,Вмешивающаяся переменная может исказить результаты.
1821,1821,The effect size indicates the strength of the intervention.,Размер эффекта указывает на силу вмешательства.
1822,1822,Researchers should avoid p-hacking to maintain integrity.,Исследователи должны избегать подгонки p-значения для сохранения целостности.
1823,1823,The novel is rich in intertextual references.,Роман богат интертекстуальными отсылками.
1824,1824,Metafiction often blurs the line between fiction and reality.,Метапроза часто размывает границу между вымыслом и реальностью.
1825,1825,The story features an unreliable narrator throughout.,В рассказе на протяжении всего времени присутствует ненадёжный рассказчик.
1826,1826,The author uses free indirect style to convey thoughts.,Автор использует несобственно-прямую речь для передачи мыслей.
1827,1827,The play provides a catharsis for the audience.,Спектакль предоставляет катарсис для зрителей.
1828,1828,The hero's hamartia leads to his downfall.,Гамартия героя приводит к его падению.
1829,1829,His hubris led him to ignore the warnings.,Его гордыня заставила его игнорировать предупреждения.
1830,1830,"The poem ended in bathos, disappointing the audience.","Стихотворение закончилось батосом, разочаровав публику."
1831,1831,The artist aims to defamiliarise everyday objects.,Художник стремится остранять повседневные предметы.
1832,1832,The director will focalise the story on the main character.,Режиссёр будет фокализировать историю на главном герое.
1833,1833,English has become the lingua franca of international business.,Английский стал лингва франка международного бизнеса.
1834,1834,She uses code-switching to connect with different groups.,"Она использует переключение кодов, чтобы связаться с разными группами."
1835,1835,A calque can sometimes confuse non-native speakers.,Калька иногда может запутать носителей языка.
1836,1836,The term 'computer' is a loanword in many languages.,Слово 'компьютер' является заимствованием во многих языках.
1837,1837,Understanding pragmatics is key to effective communication.,Понимание прагматики является ключом к эффективному общению.
1838,1838,A promise is a type of speech act in linguistics.,Обещание — это тип речевого акта в лингвистике.
1839,1839,She used implicature to suggest her disagreement subtly.,"Она использовала импликатуру, чтобы тонко намекнуть на своё несогласие."
1840,1840,Deixis can change meaning depending on context.,Дейксис может менять значение в зависимости от контекста.
1841,1841,The prosody of her speech made it more engaging.,Просодия её речи сделала её более увлекательной.
1842,1842,A register shift is common in informal conversations.,Сдвиг регистра распространён в неформальных разговорах.
1843,1843,'However' is a useful discourse marker in writing.,'Однако' — полезный дискурсивный маркер в письме.
1844,1844,"Notwithstanding the challenges, they completed the project.","Несмотря на трудности, они завершили проект."
1845,1845,"Inasmuch as you agree, we can proceed with the plan.","Поскольку вы согласны, мы можем продолжить с планом."
1846,1846,"Insofar as it matters, I will support your decision.","Насколько это важно, я поддержу ваше решение."
1847,1847,"She was successful, albeit with some difficulties.","Она была успешной, хотя и с некоторыми трудностями."
1848,1848,He created a system whereby everyone could participate.,"Он создал систему, посредством которой все могли участвовать."
1849,1849,"Heretofore, we have not encountered such issues.",До сих пор мы не сталкивались с такими проблемами.
1850,1850,"The solution lies therein, within the document.","Решение заключается в том, в этом документе."
1851,1851,The consequences thereof can be quite severe.,Последствия того могут быть довольно серьезными.
1852,1852,She acted qua leader during the crisis.,Она действовала в качестве лидера во время кризиса.
1853,1853,"Pace the author's argument, I disagree with the conclusion.","Вопреки аргументу автора, я не согласен с выводом."
1854,1854,"We can apply this rule, mutatis mutandis, to other cases.",Мы можем применить это правило с соответствующими изменениями к другим случаям.
1855,1855,"Ceteris paribus, prices will rise next year.","При прочих равных, цены вырастут в следующем году."
1856,1856,"He is, ipso facto, the new team leader.","Он, в силу самого факта, новый руководитель команды."
1857,1857,She is the de facto head of the organization.,Она де-факто является руководителем организации.
1858,1858,"He is, de jure, the rightful owner of the property.",Он де-юре является законным владельцем собственности.
1859,1859,Trust is the sine qua non of any relationship.,Доверие является необходимым условием любых отношений.
1860,1860,The world is a beautiful place to explore.,Мир — красивое место для изучения.
1861,1861,English is a global language spoken everywhere.,"Английский — это глобальный язык, на котором говорят повсюду."
1862,1862,"Can you spell that word for me, please?","Можешь произнести это слово для меня, пожалуйста?"
1863,1863,This is a great place to have lunch.,Это отличное место для обеда.
1864,1864,This year has been very challenging for everyone.,Этот год был очень сложным для всех.
1865,1865,I live on the same street as my friend.,Я живу на одной улице с моим другом.
1866,1866,The town is small but very charming.,"Городок маленький, но очень очаровательный."
1867,1867,She was the first to arrive at the party.,"Она была первой, кто пришел на вечеринку."
1868,1868,He was the last person to leave the room.,"Он был последним, кто покинул комнату."
1869,1869,I will see you next week.,Я увижу тебя на следующей неделе.
1870,1870,We have the same book in our bags.,У нас в сумках одна и та же книга.
1871,1871,"I want the other apple, not this one.","Я хочу другое яблоко, не это."
1872,1872,That answer is wrong; try again.,Этот ответ неправильный; попробуй снова.
1873,1873,It is true that she loves music.,"Это верно, что она любит музыку."
1874,1874,His statement was false and misleading.,Его заявление было ложным и вводящим в заблуждение.
1875,1875,Are you ready for the test today?,Ты готов к тесту сегодня?
1876,1876,I found a useful website for learning English.,Я нашел полезный сайт для изучения английского.
1877,1877,This photo was taken last summer.,Это фото было сделано прошлым летом.
1878,1878,She drew a picture of her dog.,Она нарисовала картинку своей собаки.
1879,1879,Please fill out this form carefully.,"Пожалуйста, заполните этот бланк внимательно."
1880,1880,I need a piece of paper to write.,"Мне нужен лист бумаги, чтобы написать."
1881,1881,Turn to the next page in your book.,Переверни на следующую страницу в своей книге.
1882,1882,Write your name on the first line.,Напиши свое имя на первой строке.
1883,1883,I have English class every Monday.,У меня урок английского каждый понедельник.
1884,1884,Can you give me an example of this word?,Можешь привести мне пример этого слова?
1885,1885,I made a mistake in my homework.,Я сделал ошибку в домашнем задании.
1886,1886,Can you spell your name for me?,Можешь произнести свое имя по буквам для меня?
1887,1887,"Please repeat the question, I didn't hear.","Пожалуйста, повтори вопрос, я не слышал."
1888,1888,I can translate this text into Russian.,Я могу перевести этот текст на русский.
1889,1889,I want to practise my English every day.,Я хочу практиковаться в английском каждый день.
1890,1890,The book is here on the table.,Книга здесь на столе.
1891,1891,The keys are over there on the shelf.,Ключи там на полке.
1892,1892,She sings very well at the concert.,Она поет очень хорошо на концерте.
1893,1893,I am too tired to play now.,"Я слишком устал, чтобы играть сейчас."
1894,1894,I also like to watch movies on weekends.,Мне также нравится смотреть фильмы по выходным.
1895,1895,This cake is very delicious and sweet.,Этот торт очень вкусный и сладкий.
1896,1896,I found a box in the attic yesterday.,Вчера я нашел коробку на чердаке.
1897,1897,Please give me a bottle of water.,"Пожалуйста, дай мне бутылку воды."
1898,1898,"Can you pass me that cup, please?","Можешь передать мне ту чашку, пожалуйста?"
1899,1899,He drank juice from a glass.,Он пил сок из стакана.
1900,1900,I put the food on a clean plate.,Я положил еду на чистую тарелку.
1901,1901,The dog is eating from its bowl.,Собака ест из своей миски.
1902,1902,Be careful with that knife in the kitchen.,Будь осторожен с тем ножом на кухне.
1903,1903,She used a fork to eat the salad.,"Она использовала вилку, чтобы поесть салат."
1904,1904,I need a spoon for my soup.,Мне нужна ложка для моего супа.
1905,1905,I bought a present for my friend.,Я купил подарок для моего друга.
1906,1906,The child is playing with a toy car.,Ребенок играет с игрушечной машинкой.
1907,1907,They kicked the ball in the park.,Они пнули мяч в парке.
1908,1908,The box is empty and ready to be used.,Коробка пустая и готова к использованию.
1909,1909,The glass is full of water.,Стакан полный воды.
1910,1910,My hands are dirty after playing outside.,Мои руки грязные после игры на улице.
1911,1911,The store is closed on Sundays.,Магазин закрыт по воскресеньям.
1912,1912,This box is too heavy for me.,Эта коробка слишком тяжёлая для меня.
1913,1913,The bag is very light and easy to carry.,Сумка очень лёгкая и её легко нести.
1914,1914,She has long hair that touches her back.,"У неё длинные волосы, которые касаются спины."
1915,1915,The river is wide and beautiful.,Река широкая и красивая.
1916,1916,The baby is sleeping in the crib.,Малыш спит в кроватке.
1917,1917,We have a guest staying with us tonight.,"У нас есть гость, который остаётся с нами сегодня ночью."
1918,1918,The host welcomed everyone to the party.,Хозяин поприветствовал всех на вечеринке.
1919,1919,She is the owner of the cafe.,Она владелец кафе.
1920,1920,He is a member of the club.,Он член клуба.
1921,1921,The group is going to the museum tomorrow.,Группа идёт в музей завтра.
1922,1922,The couple is walking in the park.,Пара гуляет в парке.
1923,1923,She is single and enjoys her life.,Она холостая и наслаждается своей жизнью.
1924,1924,He is married and has two children.,Он женат и у него двое детей.
1925,1925,She is strong and can lift heavy things.,Она сильная и может поднимать тяжёлые вещи.
1926,1926,He feels weak after being sick.,Он чувствует себя слабым после болезни.
1927,1927,It's nice to meet you at the conference.,Приятно познакомиться с вами на конференции.
1928,1928,"How are you today, my friend?","Как дела сегодня, мой друг?"
1929,1929,"I have to go now, see you later.","Мне нужно идти, увидимся позже."
1930,1930,Take care and have a nice day!,Береги себя и хорошего дня!
1931,1931,I want to eat hot soup for lunch.,Я хочу поесть горячий суп на обед.
1932,1932,We ordered a large pizza for dinner.,Мы заказали большую пиццу на ужин.
1933,1933,He always eats a burger on Fridays.,Он всегда ест бургер по пятницам.
1934,1934,I like to eat chips with my sandwich.,Мне нравится есть картофель фри с бутербродом.
1935,1935,She loves chocolate ice cream in summer.,Ей нравится шоколадное мороженое летом.
1936,1936,They baked a delicious cake for the party.,Они испекли вкусный торт для вечеринки.
1937,1937,I bought some chocolate for my friend.,Я купил немного шоколада для своего друга.
1938,1938,He enjoys a biscuit with his tea.,Ему нравится печенье с чаем.
1939,1939,I put honey in my tea every morning.,Я кладу мёд в чай каждое утро.
1940,1940,Please add some salt to the soup.,"Пожалуйста, добавь немного соли в суп."
1941,1941,She likes to sprinkle pepper on her salad.,Ей нравится посыпать перцем салат.
1942,1942,We need oil to cook the vegetables.,"Нам нужно масло, чтобы приготовить овощи."
1943,1943,I eat yogurt with fruit for breakfast.,Я ем йогурт с фруктами на завтрак.
1944,1944,He has cereal with milk every morning.,Он ест хлопья с молоком каждое утро.
1945,1945,I like butter on my toast in the morning.,Мне нравится масло на тосте утром.
1946,1946,You should mix the ingredients well.,Тебе нужно хорошо смешать ингредиенты.
1947,1947,Please pour the juice into the glass.,"Пожалуйста, налей сок в стакан."
1948,1948,They will serve dinner at six o'clock.,Они подадут ужин в шесть часов.
1949,1949,The factory makes toys for children.,Завод делает игрушки для детей.
1950,1950,They have a big farm with many animals.,У них есть большая ферма с множеством животных.
1951,1951,I go to the bank to get money.,"Я иду в банк, чтобы получить деньги."
1952,1952,The post office is near my house.,Почта находится рядом с моим домом.
1953,1953,I borrow books from the library every week.,Я беру книги из библиотеки каждую неделю.
1954,1954,We swim in the pool during summer.,Мы плаваем в бассейне летом.
1955,1955,He plays the guitar very well.,Он очень хорошо играет на гитаре.
1956,1956,She practices the piano every day.,Она занимается на пианино каждый день.
1957,1957,This song is my favorite one.,Эта песня - моя любимая.
1958,1958,The band plays at the park every weekend.,Группа выступает в парке каждую неделю.
1959,1959,The dancer moves gracefully on stage.,Танцор грациозно движется на сцене.
1960,1960,She wants to be a film star one day.,Она хочет стать кинозвездой однажды.
1961,1961,I listen to the radio in the morning.,Я слушаю радио утром.
1962,1962,We watch TV together in the evening.,Мы смотрим телевизор вместе вечером.
1963,1963,I enjoy solving a puzzle on weekends.,Мне нравится решать головоломки по выходным.
1964,1964,I like to listen to music while working.,Мне нравится слушать музыку во время работы.
1965,1965,She likes to collect stamps from different countries.,Ей нравится коллекционировать марки из разных стран.
1966,1966,He has the ability to learn quickly.,У него есть способность быстро учиться.
1967,1967,This problem is easy to solve.,Эта проблема легко решается.
1968,1968,I have an idea for our project.,У меня есть идея для нашего проекта.
1969,1969,I need some advice about my homework.,Мне нужен совет по домашнему заданию.
1970,1970,Can you give me more information about the event?,Можешь дать мне больше информации о мероприятии?
1971,1971,Please explain how to use this machine.,"Пожалуйста, объясни, как использовать эту машину."
1972,1972,I will check my email later today.,Я проверю свою почту позже сегодня.
1973,1973,It is possible to finish this task quickly.,Возможно закончить эту задачу быстро.
1974,1974,It is impossible to walk on the moon.,Невозможно ходить по Луне.
1975,1975,It is important to drink enough water.,Важно пить достаточно воды.
1976,1976,This tool is very useful for fixing things.,Этот инструмент очень полезен для починки вещей.
1977,1977,I wear a sweater when it is cold.,"Я ношу свитер, когда холодно."
1978,1978,He likes to wear a hoodie in winter.,Ему нравится носить худи зимой.
1979,1979,She bought a new cap for the summer.,Она купила новую кепку на лето.
1980,1980,I need a new belt for my pants.,Мне нужен новый ремень для моих брюк.
1981,1981,I found a coin in my pocket.,Я нашёл монету в своём кармане.
1982,1982,The button on my shirt is missing.,На моей рубашке отсутствует пуговица.
1983,1983,I bought a pair of shoes yesterday.,Я купил пару обуви вчера.
1984,1984,This shirt is made of cotton.,Эта рубашка сделана из хлопка.
1985,1985,My sweater is made of wool.,Мой свитер сделан из шерсти.
1986,1986,He has a leather jacket that looks nice.,"У него есть кожаная куртка, которая выглядит хорошо."
1987,1987,She wore a silk dress to the party.,Она надела шёлковое платье на вечеринку.
1988,1988,These shoes are too tight for me.,Эти туфли слишком тесные для меня.
1989,1989,These pants are too loose for me.,Эти штаны слишком свободные для меня.
1990,1990,She looks very smart in that dress.,Она выглядит очень элегантно в этом платье.
1991,1991,He prefers casual clothes for the weekend.,Он предпочитает повседневную одежду на выходные.
1992,1992,That jacket is very fashionable this season.,Эта куртка очень модная в этом сезоне.
1993,1993,I need a warm blanket for the winter.,Мне нужно тёплое одеяло на зиму.
1994,1994,I bought a new sheet for my bed.,Я купил новую простыню для своей кровати.
1995,1995,My alarm clock rings at seven every morning.,Мой будильник звонит в семь каждое утро.
1996,1996,I forgot my toothbrush at home.,Я забыл свою зубную щётку дома.
1997,1997,Please use soap to wash your hands.,"Пожалуйста, используйте мыло, чтобы помыть руки."
1998,1998,I need to buy some shampoo for my hair.,Мне нужно купить шампунь для моих волос.
1999,1999,The classroom is at the end of the corridor.,Классная комната в конце коридора.
2000,2000,I wake up early every day.,Я просыпаюсь рано каждый день.
2001,2001,I get dressed quickly in the morning.,Я одеваюсь быстро утром.
2002,2002,I usually have a shower after work.,Я обычно принимаю душ после работы.
2003,2003,She likes to have a bath in the evening.,Ей нравится принимать ванну вечером.
2004,2004,Please tidy your room before dinner.,"Пожалуйста, приведи в порядок свою комнату перед ужином."
2005,2005,You should rest after a long day.,Тебе следует отдохнуть после долгого дня.
2006,2006,They want to build a new house next year.,Они хотят строить новый дом в следующем году.
2007,2007,The kids like to fight playfully.,Дети любят драться игриво.
2008,2008,The road to the city is very busy.,Дорога в город очень загруженная.
2009,2009,The bridge is very old and beautiful.,Мост очень старый и красивый.
2010,2010,The river flows through the green valley.,Река течёт через зелёную долину.
2011,2011,The sea is calm today and very blue.,Море сегодня спокойное и очень синее.
2012,2012,We climbed the hill to see the view.,"Мы поднялись на холм, чтобы увидеть вид."
2013,2013,The island has many trees and birds.,На острове много деревьев и птиц.
2014,2014,The tree in my garden is very tall.,Дерево в моём саду очень высокое.
2015,2015,She picked a flower from the garden.,Она сорвала цветок из сада.
2016,2016,The animal is sleeping under the tree.,Животное спит под деревом.
2017,2017,My dog loves to play in the park.,Моя собака любит играть в парке.
2018,2018,The cat is sitting on the windowsill.,Кошка сидит на подоконнике.
2019,2019,A bird is singing in the morning.,Птица поёт утром.
2020,2020,The horse runs fast in the field.,Лошадь быстро бегает по полю.
2021,2021,The shop is near my house.,Магазин рядом с моим домом.
2022,2022,The mountains are far from the city.,Горы далеко от города.
2023,2023,The building is very high and modern.,Здание очень высокое и современное.
2024,2024,The sun is low in the sky now.,Солнце сейчас низко в небе.
2025,2025,The lake is deep and cold.,Озеро глубокое и холодное.
2026,2026,It is dark outside at night.,На улице темно ночью.
2027,2027,The stars are bright in the sky.,Звёзды яркие на небе.
2028,2028,"The bookstore is over there, next to the cafe.","Книжный магазин вон там, рядом с кафе."
2029,2029,Please come this way to the entrance.,"Пожалуйста, идите сюда к входу."
2030,2030,"The bus station is that way, across the street.","Автобусная станция находится туда, через улицу."
2031,2031,The bookstore is on the left side of the road.,Книжный магазин находится слева от дороги.
2032,2032,You will find the cafe on the right.,Вы найдете кафе справа.
2033,2033,Go straight on until you reach the traffic lights.,"Идите прямо, пока не дойдете до светофора."
2034,2034,I submitted my application for the job yesterday.,Я подал заявление на работу вчера.
2035,2035,She is the best candidate for the position.,Она лучший кандидат на эту должность.
2036,2036,His qualification is suitable for this job.,Его квалификация подходит для этой работы.
2037,2037,The company offers training for new employees.,Компания предлагает обучение для новых сотрудников.
2038,2038,He works in the technology industry.,Он работает в технологической отрасли.
2039,2039,The staff are very friendly and helpful.,Персонал очень дружелюбный и полезный.
2040,2040,She works in the marketing department.,Она работает в отделе маркетинга.
2041,2041,We started a new project last week.,Мы начали новый проект на прошлой неделе.
2042,2042,I want to apply for a scholarship next year.,Я хочу подавать заявку на стипендию в следующем году.
2043,2043,I am looking for my keys everywhere.,Я ищу свои ключи повсюду.
2044,2044,Please fill in the form with your details.,"Пожалуйста, заполните форму своими данными."
2045,2045,You must hand in your report by Friday.,Вы должны сдать свой отчет к пятнице.
2046,2046,The company will take on new employees soon.,Компания скоро будет брать на работу новых сотрудников.
2047,2047,"She has beautiful, smooth skin.","У нее красивая, гладкая кожа."
2048,2048,His hair is long and curly.,У него длинные и кудрявые волосы.
2049,2049,She has beautiful blue eyes.,У неё красивые голубые глаза.
2050,2050,His nose is very sharp and long.,У него нос очень острый и длинный.
2051,2051,Close your mouth when you eat.,"Закрывай рот, когда ешь."
2052,2052,I have an itch in my left ear.,У меня зудит левое ухо.
2053,2053,Her face lights up when she smiles.,"Её лицо светится, когда она улыбается."
2054,2054,A smile can make someone happy.,Улыбка может сделать кого-то счастливым.
2055,2055,His height is about six feet tall.,Его рост около шести футов.
2056,2056,My weight has changed this year.,Мой вес изменился в этом году.
2057,2057,Her looks are very attractive and charming.,Её внешность очень привлекательная и очаровательная.
2058,2058,She is always cheerful in the morning.,Она всегда жизнерадостная по утрам.
2059,2059,He has a serious look on his face.,У него серьёзное выражение лица.
2060,2060,My teacher is very patient with us.,Мой учитель очень терпелив с нами.
2061,2061,He is often impatient when waiting.,"Он часто нетерпелив, когда ждёт."
2062,2062,The brave soldier saved many lives.,Храбрый солдат спас много жизней.
2063,2063,He acted in a cowardly way during the fight.,Он действовал трусливо во время драки.
2064,2064,She is very organised with her work.,Она очень организованна в своей работе.
2065,2065,His desk is always disorganised and messy.,Его стол всегда неорганизован и грязный.
2066,2066,The ceiling is painted white in the room.,Потолок в комнате покрашен в белый цвет.
2067,2067,The wall needs to be painted again.,Стену нужно покрасить снова.
2068,2068,The roof is leaking during the rain.,Крыша течёт во время дождя.
2069,2069,They built a new fence around the garden.,Они построили новый забор вокруг сада.
2070,2070,She walked along the narrow path in the park.,Она шла по узкой дорожке в парке.
2071,2071,The car is parked on the driveway.,Машина припаркована на подъезде к дому.
2072,2072,We store old boxes in the basement.,Мы храним старые коробки в подвале.
2073,2073,The attic is full of old furniture.,Чердак полон старой мебели.
2074,2074,The chimney needs to be cleaned every year.,Дымоход нужно чистить каждый год.
2075,2075,I heard the doorbell ring this morning.,"Я слышал, как сегодня утром прозвенел дверной звонок."
2076,2076,Her house has a modern design and style.,Её дом имеет современный дизайн и стиль.
2077,2077,They serve traditional food at the festival.,На фестивале подают традиционную еду.
2078,2078,This cafe has a cosy atmosphere in winter.,В этом кафе уютная атмосфера зимой.
2079,2079,He has a tiny dog that fits in his bag.,"У него есть крошечная собака, которая помещается в его сумке."
2080,2080,They live in a huge house near the lake.,Они живут в огромном доме у озера.
2081,2081,I received an invitation to her birthday party.,Я получил приглашение на её день рождения.
2082,2082,The guest list for the wedding is very long.,Список гостей на свадьбу очень длинный.
2083,2083,The music festival starts next weekend.,Музыкальный фестиваль начинается в следующие выходные.
2084,2084,The parade was colorful and exciting to watch.,Парад был ярким и захватывающим для просмотра.
2085,2085,We watched the fireworks light up the sky.,"Мы смотрели, как фейерверки освещают небо."
2086,2086,The ticket office opens at 10 AM every day.,Билетная касса открывается в 10 утра каждый день.
2087,2087,I made a booking for a hotel room online.,Я сделал бронь на номер в отеле онлайн.
2088,2088,She wrote a review about the new restaurant.,Она написала отзыв о новом ресторане.
2089,2089,The movie received a high rating from critics.,Фильм получил высокий рейтинг от критиков.
2090,2090,We will celebrate her birthday this weekend.,Мы будем праздновать её день рождения в эти выходные.
2091,2091,I will organise a party for my friends.,Я организую вечеринку для своих друзей.
2092,2092,They plan to attend the concert together.,Они планируют посетить концерт вместе.
2093,2093,The fans cheer for their team during the game.,Фанаты болеют за свою команду во время игры.
2094,2094,I will record our conversation for later.,Я запишу наш разговор для позже.
2095,2095,I heard thunder during the storm last night.,Я слышал гром во время шторма прошлой ночью.
2096,2096,Lightning struck the tree in the park.,Молния ударила в дерево в парке.
2097,2097,A beautiful rainbow appeared after the rain.,После дождя появилась красивая радуга.
2098,2098,The lake is covered with ice in winter.,В озере зимой покрыто льдом.
2099,2099,There was frost on the grass this morning.,Сегодня утром на траве был мороз.
2100,2100,The humidity is high in summer months.,Влажность высокая в летние месяцы.
2101,2101,A gentle breeze blew through the open window.,Легкий бриз дул сквозь открытое окно.
2102,2102,The gale knocked down several trees in the storm.,Штормовой ветер повалил несколько деревьев во время шторма.
2103,2103,The sun will shine brightly tomorrow.,Завтра солнце будет ярко светить.
2104,2104,The wind will blow stronger in the evening.,Ветер будет дуть сильнее вечером.
2105,2105,The snow will melt when the sun comes out.,"Снег растает, когда выйдет солнце."
2106,2106,The sky will clear up after the rain.,Небо прояснится после дождя.
2107,2107,How about going for a walk later?,"Как насчёт того, чтобы пойти на прогулку позже?"
2108,2108,Why don't we meet at the café tomorrow?,Почему бы нам не встретиться в кафе завтра?
2109,2109,Let's go to the park today.,Давай(те) пойдем в парк сегодня.
2110,2110,I'd rather stay home than go out.,"Я бы предпочёл остаться дома, чем выходить."
2111,2111,It depends on the weather tomorrow.,Это зависит от погоды завтра.
2112,2112,I'm afraid I can't help you today.,"Боюсь, не могу помочь тебе сегодня."
2113,2113,Your plan sounds good to me.,Твой план звучит хорошо для меня.
2114,2114,"If you go, count me in.","Если вы пойдете, я с вами."
2115,2115,Please call me immediately after you arrive.,"Пожалуйста, позвони мне немедленно после твоего приезда."
2116,2116,"Eventually, we will find a solution.","В конце концов, мы найдём решение."
2117,2117,I am currently studying for my exams.,В настоящее время я учусь к экзаменам.
2118,2118,I previously worked at a different company.,Ранее я работал в другой компании.
2119,2119,We will eat dinner afterwards.,Впоследствии мы поужинаем.
2120,2120,Their anniversary is next week.,Их годовщина на следующей неделе.
2121,2121,She is planning her wedding for next year.,Она планирует свою свадьбу на следующий год.
2122,2122,His birthday is on the first of May.,Его день рождения первого мая.
2123,2123,Her graduation ceremony is in June.,Её выпускная церемония в июне.
2124,2124,They attended the funeral of their friend.,Они посетили похороны своего друга.
2125,2125,The family reunion is this Saturday.,Семейное воссоединение в эту субботу.
2126,2126,It is a tradition to celebrate New Year together.,Это традиция отмечать Новый год вместе.
2127,2127,It's a custom to give gifts on birthdays.,Это обычай дарить подарки на день рождения.
2128,2128,My ancestor came from Italy many years ago.,Мой предок приехал из Италии много лет назад.
2129,2129,"Sometimes, it is good to look back at your past.",Иногда полезно оглядываться на своё прошлое.
2130,2130,"After traveling, I want to settle down in a quiet place.",После путешествий я хочу остепениться в тихом месте.
2131,2131,Please stay in your lane while driving.,"Пожалуйста, оставайтесь в своей полосе во время вождения."
2132,2132,We walked on the pavement to avoid the road.,"Мы шли по тротуару, чтобы избежать дороги."
2133,2133,There is a pedestrian crossing near my house.,Рядом с моим домом есть пешеходный переход.
2134,2134,The sign says to stop at the traffic light.,Знак говорит остановиться на светофоре.
2135,2135,The speed limit on this road is fifty kilometers per hour.,Ограничение скорости на этой дороге пятьдесят километров в час.
2136,2136,Always wear your seat belt when driving a car.,"Всегда пристегивайте ремень безопасности, когда водите машину."
2137,2137,You must wear a helmet when riding a bicycle.,"Вы должны носить шлем, когда едете на велосипеде."
2138,2138,My car had a breakdown on the highway yesterday.,Вчера у меня была поломка машины на шоссе.
2139,2139,This truck runs on diesel fuel.,Этот грузовик работает на дизельном топливе.
2140,2140,Be careful when you overtake another vehicle.,"Будьте осторожны, когда обгоняете другое транспортное средство."
2141,2141,You should brake gently when approaching the stop.,"Вы должны тормозить осторожно, когда приближаетесь к остановке."
2142,2142,You need to accelerate to merge into the traffic.,"Вам нужно ускориться, чтобы влиться в поток."
2143,2143,Make sure to reverse carefully in the parking lot.,"Убедитесь, что вы сдаёте назад осторожно на парковке."
2144,2144,Please indicate before you turn left.,"Пожалуйста, включите поворотник перед тем, как повернуть налево."
2145,2145,Water is an important ingredient in cooking.,Вода — важный ингредиент в кулинарии.
2146,2146,"I would like a small portion of pasta, please.","Я бы хотел небольшую порцию пасты, пожалуйста."
2147,2147,Heat the pan before adding the oil.,Нагрейте сковороду перед добавлением масла.
2148,2148,Put the vegetables in the pot to cook them.,"Положите овощи в кастрюлю, чтобы их приготовить."
2149,2149,I keep ice cream in the freezer.,Я храню мороженое в морозилке.
2150,2150,She heats her coffee in the microwave.,Она разогревает кофе в микроволновке.
2151,2151,Boil water in the kettle for tea.,Вскипяти воду в чайнике для чая.
2152,2152,The chicken is well cooked and tasty.,Курица хорошо приготовлена и вкусная.
2153,2153,These bananas are ripe and sweet.,Эти бананы спелые и сладкие.
2154,2154,The bread is stale and hard now.,Хлеб стал чёрствым и твёрдым.
2155,2155,The meat is tender and easy to chew.,Мясо нежное и легко жевать.
2156,2156,This steak is too tough to eat.,"Этот стейк слишком жёсткий, чтобы его есть."
2157,2157,You have a good chance to win.,У тебя есть хороший шанс выиграть.
2158,2158,The prize is a nice reward for your work.,Приз — это хорошая награда за твою работу.
2159,2159,The result of the test was excellent.,Результат теста был отличным.
2160,2160,I aim to finish my project by Friday.,Я стремлюсь закончить свой проект к пятнице.
2161,2161,They intend to travel next summer.,Они намереваются поехать в путешествие следующим летом.
2162,2162,I need to prepare dinner for my family.,Мне нужно приготовить ужин для моей семьи.
2163,2163,We need to develop a new marketing strategy.,Нам нужно разработать новую маркетинговую стратегию.
2164,2164,I saw an advertisement for a new phone.,Я видел рекламу нового телефона.
2165,2165,The poster on the wall is very colorful.,Постер на стене очень яркий.
2166,2166,The company logo is simple and modern.,Логотип компании простой и современный.
2167,2167,Customer service is available 24 hours a day.,Служба поддержки доступна 24 часа в сутки.
2168,2168,They offer a guarantee for their products.,Они предлагают гарантию на свою продукцию.
2169,2169,I want to make an exchange for this shirt.,Я хочу сделать обмен на эту рубашку.
2170,2170,The store has a good stock of fresh vegetables.,В магазине хороший запас свежих овощей.
2171,2171,Please walk down the aisle to find the cereal.,"Пожалуйста, пройдите по проходу, чтобы найти хлопья."
2172,2172,Can you push the trolley while I shop?,"Ты можешь толкать тележку, пока я покупаю?"
2173,2173,They will advertise the new product next week.,Они будут рекламировать новый продукт на следующей неделе.
2174,2174,She wants to promote her book online.,Она хочет продвигать свою книгу в интернете.
2175,2175,We will launch the app on Friday.,Мы запустим приложение в пятницу.
2176,2176,I need to compare these two prices.,Мне нужно сравнить эти две цены.
2177,2177,Graduating from college is a big achievement.,Окончание колледжа — это большое достижение.
2178,2178,This is my first attempt at baking bread.,Это моя первая попытка испечь хлеб.
2179,2179,He has a natural talent for playing the piano.,У него есть природный талант играть на пиано.
2180,2180,She reached a new level in her studies.,Она достигла нового уровня в учёбе.
2181,2181,I will not give up on my dreams.,Я не сдамся в своих мечтах.
2182,2182,Health is my top priority this year.,Здоровье — мой главный приоритет в этом году.
2183,2183,I use a habit tracker to improve my routine.,"Я использую трекер привычек, чтобы улучшить свой распорядок."
2184,2184,Exercise is important for your well-being.,Физические упражнения важны для вашего благополучия.
2185,2185,Self-care is essential for mental health.,Забота о себе необходима для психического здоровья.
2186,2186,Setting a boundary helps maintain healthy relationships.,Установление границы помогает поддерживать здоровые отношения.
2187,2187,I need to prioritise my tasks for today.,Мне нужно расставить приоритеты в своих задачах на сегодня.
2188,2188,I can multitask while working from home.,"Я могу делать несколько дел сразу, работая из дома."
2189,2189,I try to keep up with the latest news.,Я стараюсь успевать за последними новостями.
2190,2190,I was charged a fee for my overdraft.,Мне взяли комиссию за мой овердрафт.
2191,2191,The interest rate on my loan is very high.,Процентная ставка по моему кредиту очень высокая.
2192,2192,I will pay for the car in monthly installments.,Я буду платить за машину в рассрочку.
2193,2193,There is a small fee for using this service.,Есть небольшая комиссия за использование этой услуги.
2194,2194,I received my bank statement yesterday.,Я получил свою выписку из банка вчера.
2195,2195,You need to enter your PIN to access your account.,"Вам нужно ввести свой пин-код, чтобы получить доступ к своему счету."
2196,2196,I will transfer money to your account today.,Я переведу деньги на твой счет сегодня.
2197,2197,I need to withdraw cash from the ATM.,Мне нужно снять наличные в банкомате.
2198,2198,Please deposit the check at the bank.,"Пожалуйста, внесите чек в банк."
2199,2199,There is a strong bond between them.,Между ними крепкая связь.
2200,2200,They had a conflict about the project.,У них был конфликт по поводу проекта.
2201,2201,We reached a compromise after a long discussion.,Мы достигли компромисса после долгих обсуждений.
2202,2202,She showed a lot of empathy towards her friend.,Она проявила много эмпатии к своей подруге.
2203,2203,He felt peer pressure to join the team.,"Он почувствовал давление сверстников, чтобы присоединиться к команде."
2204,2204,You can always confide in me about your problems.,Ты всегда можешь доверять мне свои проблемы.
2205,2205,I will stand by you no matter what happens.,"Я буду поддерживать тебя, что бы ни случилось."
2206,2206,I hope I won’t let you down this time.,"Я надеюсь, что в этот раз не подведу тебя."
2207,2207,I can't put up with the noise anymore.,Я больше не могу мириться с шумом.
2208,2208,Can you look after my cat while I'm away?,"Ты можешь заботиться о моей кошке, пока меня нет?"
2209,2209,Cybercrime is a growing problem worldwide.,Киберпреступление является растущей проблемой по всему миру.
2210,2210,Identity theft can happen to anyone at any time.,Кража личности может произойти с кем угодно в любое время.
2211,2211,Many people fell for the online scam last year.,Многие люди попались на онлайн мошенничество в прошлом году.
2212,2212,Phishing emails trick users into giving personal information.,"Фишинговые письма обманывают пользователей, заставляя их давать личную информацию."
2213,2213,The kidnapper demanded a large ransom for the release.,Похититель потребовал большой выкуп за освобождение.
2214,2214,He had a solid alibi for the night of the crime.,У него было надежное алиби на ночь преступления.
2215,2215,The police will investigate the recent robbery.,Полиция будет расследовать недавнее ограбление.
2216,2216,The jury decided to convict him of the crime.,Жюри решило осудить его за преступление.
2217,2217,The judge will acquit her if there's no evidence.,"Судья оправдает её, если не будет доказательств."
2218,2218,Stricter laws can deter people from committing crimes.,Более строгие законы могут сдерживать людей от совершения преступлений.
2219,2219,We must prevent cyberbullying among teenagers.,Мы должны предотвращать кибербуллинг среди подростков.
2220,2220,A healthy diet supports your immune system.,Здоровая диета поддерживает ваш иммунитет.
2221,2221,It's important to have a regular health checkup.,Важно проходить регулярный медосмотр.
2222,2222,Everyone should learn basic first aid skills.,Каждый должен научиться основам первой помощи.
2223,2223,Mental health is just as important as physical health.,"Психическое здоровье так же важно, как и физическое здоровье."
2224,2224,She goes to therapy once a week for support.,Она ходит на терапию раз в неделю для поддержки.
2225,2225,Doctors can diagnose many illnesses with tests.,Врачи могут диагностировать многие болезни с помощью анализов.
2226,2226,The doctor will prescribe medication for your condition.,Врач пропишет лекарства для вашего состояния.
2227,2227,It takes time to recover from a serious illness.,Восстановление после серьезной болезни занимает время.
2228,2228,The city uses a landfill to manage waste disposal.,Город использует свалку для управления утилизацией отходов.
2229,2229,I make compost from my kitchen scraps.,Я делаю компост из остатков еды.
2230,2230,Microplastic pollution is a serious environmental issue.,Загрязнение микропластиком является серьезной экологической проблемой.
2231,2231,The sea level is rising due to climate change.,Уровень моря поднимается из-за изменения климата.
2232,2232,The ice cap is melting faster than we thought.,"Ледяная шапка тает быстрее, чем мы думали."
2233,2233,Many species are endangered because of habitat loss.,Многие виды находятся под угрозой из-за утраты среды обитания.
2234,2234,They will cut down the old trees in the park.,Они вырубят старые деревья в парке.
2235,2235,Some animal species might die out in the future.,Некоторые виды животных могут вымереть в будущем.
2236,2236,We need to clean up the beach after the storm.,Нам нужно очистить пляж после шторма.
2237,2237,I want to switch to a more sustainable lifestyle.,Я хочу перейти на более устойчивый образ жизни.
2238,2238,The government plans to cut emissions by 30% by 2030.,Правительство планирует сократить выбросы на 30% к 2030 году.
2239,2239,Improving literacy rates is essential for development.,Повышение уровня грамотности имеет решающее значение для развития.
2240,2240,Numeracy skills are important for everyday life.,Навыки счёта важны для повседневной жизни.
2241,2241,The school updated its curriculum to include more science.,"Школа обновила свой учебный план, чтобы включить больше науки."
2242,2242,She received a scholarship to study abroad next year.,Она получила стипендию для учёбы за границей в следующем году.
2243,2243,Tuition fees are rising every year at universities.,Плата за обучение растёт с каждым годом в университетах.
2244,2244,Distance learning has become very popular recently.,Дистанционное обучение стало очень популярным в последнее время.
2245,2245,I want to enrol on a new course this semester.,Я хочу записаться на новый курс в этом семестре.
2246,2246,Students will sit an exam at the end of the term.,Студенты будут сдавать экзамен в конце семестра.
2247,2247,It's not good to skip class too often.,Не хорошо слишком часто пропускать занятия.
2248,2248,I listen to a podcast about history every week.,Я слушаю подкаст о истории каждую неделю.
2249,2249,I watched the livestream of the concert last night.,Я смотрел прямую трансляцию концерта прошлой ночью.
2250,2250,This song is trending on social media right now.,Эта песня сейчас в тренде в социальных сетях.
2251,2251,Don't forget to use the hashtag for the event.,Не забудь использовать хештег для мероприятия.
2252,2252,I love to binge-watch my favorite series on weekends.,Я люблю смотреть запоем свои любимые сериалы по выходным.
2253,2253,I decided to unfollow accounts that post too much drama.,"Я решил отписаться от аккаунтов, которые слишком много постят драмы."
2254,2254,I received a notification about a new message.,Я получил уведомление о новом сообщении.
2255,2255,You can change your privacy settings in the app.,Вы можете изменить настройки конфиденциальности в приложении.
2256,2256,My phone is running out of storage space.,На моем телефоне заканчивается место для хранения.
2257,2257,The video quality depends on your internet bandwidth.,Качество видео зависит от вашей пропускной способности интернета.
2258,2258,There is a bug in the software that needs fixing.,"В программном обеспечении есть баг, который нужно исправить."
2259,2259,Please log in to access your account.,"Пожалуйста, войдите, чтобы получить доступ к вашему аккаунту."
2260,2260,Don't forget to log out when you're done.,"Не забудь выйти, когда закончишь."
2261,2261,You can sign up for the newsletter on the website.,Вы можете зарегистрироваться на рассылку на сайте.
2262,2262,Always back up your files to avoid losing them.,"Всегда делай бэкап своих файлов, чтобы не потерять их."
2263,2263,I need to wipe my phone before selling it.,Мне нужно стереть данные с телефона перед продажей.
2264,2264,We have a two-hour layover in New York.,У нас пересадка на два часа в Нью-Йорке.
2265,2265,I took a red-eye flight to save time.,"Я взял ночной рейс, чтобы сэкономить время."
2266,2266,I prefer a window seat when I fly.,"Я предпочитаю место у окна, когда летаю."
2267,2267,This resort offers an all-inclusive package for guests.,Этот курорт предлагает пакет всё включено для гостей.
2268,2268,We chose a self-catering apartment for our vacation.,Мы выбрали апартаменты с самостоятельным питанием для нашего отпуска.
2269,2269,We will stop over in Paris for two days.,Мы сделаем остановку в Париже на два дня.
2270,2270,I always check in online before my flight.,Я всегда регистрируюсь онлайн перед своим рейсом.
2271,2271,Let's go sightseeing in the city this weekend.,Давайте осмотрим город в эти выходные.
2272,2272,I prefer to travel light with just a backpack.,Я предпочитаю путешествовать налегке только с рюкзаком.
2273,2273,Networking is important for finding new job opportunities.,Нетворкинг важен для поиска новых возможностей трудоустройства.
2274,2274,She benefits from mentorship in her career development.,Она получает пользу от наставничества в своем карьерном росте.
2275,2275,Many people have a side hustle to earn extra money.,"Многие люди имеют подработку, чтобы зарабатывать дополнительные деньги."
2276,2276,A strong work ethic can lead to career success.,Сильная трудовая этика может привести к успеху в карьере.
2277,2277,Office politics can create a challenging work environment.,Офисные интриги могут создать сложную рабочую обстановку.
2278,2278,He decided to step down from his position last week.,Он решил уйти с должности на прошлой неделе.
2279,2279,She will take over the project next month.,Она возьмет на себя руководство проектом в следующем месяце.
2280,2280,He is trying to climb the ladder in his company.,Он пытается делать карьеру в своей компании.
2281,2281,A good warmup helps prevent injuries during exercise.,Хорошая разминка помогает предотвратить травмы во время тренировки.
2282,2282,Don't forget to do a cooldown after your workout.,Не забудь сделать заминку после тренировки.
2283,2283,Running builds endurance and improves overall health.,Бег развивает выносливость и улучшает общее здоровье.
2284,2284,Yoga can improve your flexibility and balance.,Йога может улучшить твою гибкость и равновесие.
2285,2285,She achieved her personal best in the marathon last year.,Она достигла своего личного рекорда на марафоне в прошлом году.
2286,2286,Our team is competing in the local soccer league.,Наша команда соревнуется в местной футбольной лиге.
2287,2287,It's important to warm up before any physical activity.,Важно разминаться перед любой физической активностью.
2288,2288,I usually work out at the gym three times a week.,Я обычно тренируюсь в спортзале три раза в неделю.
2289,2289,He managed to knock out his opponent in the first round.,Он смог нокаутировать своего соперника в первом раунде.
2290,2290,The team worked hard to equalise the score before halftime.,"Команда усердно работала, чтобы сравнять счёт до перерыва."
2291,2291,I need to show my student card for a discount.,Мне нужно показать свой студенческий билет для получения скидки.
2292,2292,"My first name is Anna, and I love it.","Моё имя Анна, и мне оно нравится."
2293,2293,"His surname is Smith, which is quite common.","Его фамилия Смит, что довольно распространено."
2294,2294,Mr Johnson is my favorite teacher at school.,Господин Джонсон — мой любимый учитель в школе.
2295,2295,Mrs Brown baked a delicious cake for the party.,Госпожа Браун испекла вкусный торт для вечеринки.
2296,2296,Ms Taylor is a very kind person to everyone.,Госпожа Тейлор очень добра ко всем.
2297,2297,I use my headphones to listen to music while studying.,"Я использую свои наушники, чтобы слушать музыку во время учёбы."
2298,2298,I always carry a notebook to write down my ideas.,"Я всегда ношу с собой блокнот, чтобы записывать свои идеи."
2299,2299,Can I borrow your rubber to erase this mistake?,"Могу я одолжить твой ластик, чтобы стереть эту ошибку?"
2300,2300,I need a ruler to draw a straight line.,"Мне нужна линейка, чтобы провести прямую линию."
2301,2301,Please use the scissors carefully when cutting paper.,"Пожалуйста, используй ножницы осторожно, когда режешь бумагу."
2302,2302,I need a stamp to send this letter.,"Мне нужна марка, чтобы отправить это письмо."
2303,2303,Put the letter in the envelope before mailing it.,Положи письмо в конверт перед отправкой.
2304,2304,I received a package from my friend yesterday.,Вчера я получил посылку от друга.
2305,2305,"My sister and I are twins, and we look alike.","Я и моя сестра близнецы, и мы похожи."
2306,2306,Being an only child can be both good and bad.,"Быть единственным ребёнком может быть и хорошо, и плохо."
2307,2307,I have a relative who lives in another country.,"У меня есть родственник, который живёт в другой стране."
2308,2308,My pet cat loves to play with yarn.,Мой питомец кот любит играть с клубком пряжи.
2309,2309,I like to eat strawberry with my breakfast.,Мне нравится есть клубнику на завтрак.
2310,2310,She bought a bunch of grape at the market.,Она купила гроздь винограда на рынке.
2311,2311,He squeezed a lemon into his tea.,Он выжал лимон в свой чай.
2312,2312,The peach is ripe and very sweet.,Персик спелый и очень сладкий.
2313,2313,I want a salad with carrot and cucumber.,Я хочу салат с морковью и огурцом.
2314,2314,She chopped the onion for the soup.,Она нарезала лук для супа.
2315,2315,Garlic adds flavor to many dishes.,Чеснок придает вкус многим блюдам.
2316,2316,I put cucumber in my sandwich.,Я положил огурец в свой сэндвич.
2317,2317,They picked a mushroom in the forest.,Они собрали гриб в лесу.
2318,2318,I like to eat bean soup in winter.,Мне нравится есть фасолевый суп зимой.
2319,2319,The pea is small and round.,Горох маленький и круглый.
2320,2320,The lion is the king of the jungle.,Лев — король джунглей.
2321,2321,The tiger has beautiful orange stripes.,У тигра красивые оранжевые полосы.
2322,2322,The elephant is the largest land animal.,Слон — самое большое наземное животное.
2323,2323,The monkey is playing in the tree.,Обезьяна играет на дереве.
2324,2324,The bear is sleeping in the cave.,Медведь спит в пещере.
2325,2325,The wolf howls at the moon.,Волк воет на луну.
2326,2326,The fox is very clever and quick.,Лиса очень умная и быстрая.
2327,2327,The rabbit hops around the garden.,Кролик прыгает по саду.
2328,2328,The cow gives us milk every day.,Корова дает нам молоко каждый день.
2329,2329,The pig is in the mud.,Свинья в грязи.
2330,2330,The sheep are grazing in the field.,Овцы пасутся на поле.
2331,2331,The duck swims in the pond.,Утка плавает в пруду.
2332,2332,The snake is hiding in the grass.,Змея прячется в траве.
2333,2333,The frog jumps from the lily pad.,Лягушка прыгает с кувшинки.
2334,2334,I have a headache today.,У меня сегодня болит голова.
2335,2335,I have a pain in my tooth.,У меня болит зуб.
2336,2336,He wears a scarf around his neck.,Он носит шарф на шее.
2337,2337,She carries a bag on her shoulder.,Она носит сумку на плече.
2338,2338,He raised his arm to ask a question.,"Он поднял руку, чтобы задать вопрос."
2339,2339,She waved her hand hello.,Она помахала рукой на привет.
2340,2340,He pointed with his finger.,Он указал пальцем.
2341,2341,I hurt my leg while playing.,"Я повредил ногу, играя."
2342,2342,My foot is cold in this water.,Моя ступня холодная в этой воде.
2343,2343,I have pain in my back.,У меня болит спина.
2344,2344,I feel sick in my stomach.,Мне плохо в животе.
2345,2345,Her heart is full of joy.,Её сердце полно радости.
2346,2346,Blood is red in color.,Кровь красного цвета.
2347,2347,The architect designed a beautiful building.,Архитектор спроектировал красивое здание.
2348,2348,The accountant checks the financial reports.,Бухгалтер проверяет финансовые отчеты.
2349,2349,My sister works as a translator in a company.,Моя сестра работает переводчиком в компании.
2350,2350,He is a graphic designer who creates beautiful images.,"Он графический дизайнер, который создает красивые изображения."
2351,2351,The programmer fixed the software problem quickly.,Программист быстро исправил проблему с программным обеспечением.
2352,2352,The librarian helped me find a good book.,Библиотекарь помог мне найти хорошую книгу.
2353,2353,The electrician repaired the lights in my house.,Электрик починил свет в моем доме.
2354,2354,The carpenter built a new table for the kitchen.,Плотник сделал новый стол для кухни.
2355,2355,I need a new toaster for my breakfast.,Мне нужен новый тостер для завтрака.
2356,2356,She uses a blender to make smoothies every morning.,"Она использует блендер, чтобы делать смузи каждое утро."
2357,2357,The vacuum cleaner is broken and needs repair.,Пылесос сломался и нуждается в ремонте.
2358,2358,I will iron my shirt before the meeting.,Я поглажу свою рубашку перед встречей.
2359,2359,The radiator keeps the room warm in winter.,Батарея согревает комнату зимой.
2360,2360,Please plug the charger into the wall.,"Пожалуйста, вставь зарядное устройство в розетку."
2361,2361,Turn off the switch when you leave the room.,"Выключи выключатель, когда выходишь из комнаты."
2362,2362,She was born in a small town near the river.,Она родилась в маленьком городе рядом с рекой.
2363,2363,They often fall in love during summer.,Они часто влюбляются летом.
2364,2364,They decided to get engaged last weekend.,Они решили помолвиться на прошлых выходных.
2365,2365,She is excited to have a baby this year.,Она рада родить ребёнка в этом году.
2366,2366,His grandfather passed away last year.,Его дедушка умер в прошлом году.
2367,2367,The security at the airport checks all bags.,Досмотр в аэропорту проверяет все сумки.
2368,2368,The departure of the flight is at six o'clock.,Вылет рейса в шесть часов.
2369,2369,Her arrival was delayed due to the traffic.,Её прибытие задержалось из-за пробок.
2370,2370,The cancellation of the flight surprised everyone.,Отмена рейса удивила всех.
2371,2371,I need some flour to bake a cake.,"Мне нужна мука, чтобы испечь торт."
2372,2372,Add yeast to the warm water before mixing.,Добавьте дрожжи в тёплую воду перед смешиванием.
2373,2373,You should use vinegar to clean the windows.,Вам следует использовать уксус для мытья окон.
2374,2374,I like to grow herb in my garden.,Мне нравится выращивать траву в моём саду.
2375,2375,This dish needs a little more spice for flavor.,Этому блюду нужно немного больше специй для вкуса.
2376,2376,He likes mustard on his sandwiches.,Ему нравится горчица на его бутербродах.
2377,2377,She added ketchup to her fries.,Она добавила кетчуп к своим картошке фри.
2378,2378,I prefer mayonnaise in my salad dressing.,Я предпочитаю майонез в заправке для салата.
2379,2379,My schedule is very hectic this week.,Мой график очень суматошный на этой неделе.
2380,2380,A sedentary lifestyle can lead to health issues.,Сидячий образ жизни может привести к проблемам со здоровьем.
2381,2381,She practices mindful meditation every morning.,Она практикует осознанную медитацию каждое утро.
2382,2382,"After months of work, he felt burnt out.",После месяцев работы он чувствовал себя выгоревшим.
2383,2383,I feel well-rested after a good night's sleep.,Я чувствую себя выспавшимся после хорошего сна.
2384,2384,Many people invest in cryptocurrency these days.,Многие люди инвестируют в криптовалюту в наши дни.
2385,2385,I prefer contactless payments for convenience.,Я предпочитаю бесконтактные платежи для удобства.
2386,2386,I set up a standing order for my monthly bills.,Я настроил постоянное поручение для своих ежемесячных счетов.
2387,2387,Direct debit makes paying bills easier.,Прямое дебетование упрощает оплату счетов.
2388,2388,The doctor prescribed an antibiotic for my infection.,Врач прописал антибиотик для моей инфекции.
2389,2389,I need a bandage for my cut.,Мне нужен бинт для моего пореза.
2390,2390,He uses crutches to walk after his injury.,"Он использует костыли, чтобы ходить после травмы."
2391,2391,She moved around in her wheelchair with ease.,Она легко передвигалась в своей инвалидной коляске.
2392,2392,I have an allergy to pollen in spring.,У меня аллергия на пыльцу весной.
2393,2393,The city is often covered in thick smog.,Город часто покрыт густым смогом.
2394,2394,Acid rain can damage buildings and plants.,Кислотный дождь может повредить здания и растения.
2395,2395,Overfishing threatens many fish species in the ocean.,Перелов рыбы угрожает многим видам рыб в океане.
2396,2396,Poaching is illegal and harms wildlife populations.,Браконьерство незаконно и наносит вред популяциям дикой природы.
2397,2397,We should reduce single-use plastics for the environment.,Мы должны сократить использование одноразового пластика для защиты окружающей среды.
2398,2398,My daughter loves to play with friends in kindergarten.,Моя дочь любит играть с друзьями в детском саду.
2399,2399,He attended a boarding school for his education.,Он учился в интернате для получения образования.
2400,2400,She chose a vocational course to learn a trade.,"Она выбрала профессиональный курс, чтобы освоить ремесло."
2401,2401,Many students travel during their gap year.,Многие студенты путешествуют в свой год перерыва.
2402,2402,She is writing her dissertation on climate change.,Она пишет свою диссертацию по изменению климата.
2403,2403,Plagiarism is a serious issue in academic work.,Плагиат является серьезной проблемой в учебной работе.
2404,2404,His public persona is very different from his private life.,Его публичный образ очень отличается от его личной жизни.
2405,2405,Building a positive self-image is important for everyone.,Формирование положительного представления о себе важно для каждого.
2406,2406,Your peer group can influence your decisions greatly.,Ваша группа сверстников может сильно влиять на ваши решения.
2407,2407,She is a great role model for young girls.,Она является отличным примером для подражания для молодых девушек.
2408,2408,He tried to play down the importance of the meeting.,Он пытался преуменьшить важность встречи.
2409,2409,The media tends to play up minor incidents.,"СМИ, как правило, раздувают незначительные инциденты."
2410,2410,They decided to water down the proposal to gain support.,"Они решили размыть предложение, чтобы получить поддержку."
2411,2411,She is participating in a clinical trial for a new drug.,Она участвует в клиническом испытании нового лекарства.
2412,2412,His article was published in a peer-reviewed journal.,Его статья была опубликована в рецензируемом журнале.
2413,2413,The sample size in the study was too small to be reliable.,"Размер выборки в исследовании был слишком мал, чтобы быть надежным."
2414,2414,The researchers compared results with a control group.,Исследователи сравнили результаты с контрольной группой.
2415,2415,There is a caveat to using this method effectively.,Существует оговорка по поводу эффективного использования этого метода.
2416,2416,A corollary of this theory is that change is constant.,"Следствием этой теории является то, что изменения постоянны."
2417,2417,The leitmotif of the story revolves around redemption.,Лейтмотив истории вращается вокруг искупления.
2418,2418,Honesty is a touchstone of good relationships.,Честность является критерием хороших отношений.
2419,2419,We use customer satisfaction as a yardstick for success.,Мы используем удовлетворенность клиентов как мерку успеха.
2420,2420,Many websites use dark patterns to confuse users.,"Многие веб-сайты используют тёмные паттерны, чтобы запутать пользователей."
2421,2421,"In the attention economy, content is king.",В экономике внимания контент является королем.
2422,2422,Surveillance capitalism raises ethical concerns about privacy.,Капитализм слежки вызывает этические вопросы о конфиденциальности.
2423,2423,A just transition ensures fairness in environmental policies.,Справедливый переход обеспечивает справедливость в экологической политике.
2424,2424,We must address loss and damage caused by climate change.,"Мы должны решить проблемы убытков и ущерба, вызванных изменением климата."
2425,2425,The carbon budget limits how much CO2 we can emit.,"Углеродный бюджет ограничивает, сколько CO2 мы можем выбрасывать."
2426,2426,His theories are often considered recondite and complex.,Его теории часто считаются малопонятными и сложными.
2427,2427,The report was written in a perspicuous manner for clarity.,Отчет был написан ясным образом для большей ясности.
2428,2428,His orotund speech captivated the audience completely.,Его напыщенная речь полностью захватила аудиторию.
2429,2429,His lapidary style makes the poem unforgettable.,Его лапидарный стиль делает стихотворение незабываемым.
2430,2430,The philosopher's gnomic sayings often puzzled his students.,Гномические высказывания философа часто ставили его студентов в тупик.
2431,2431,She is a friend of mine.,Она моя подруга.
2432,2432,I am going to the store.,Я иду в магазин.
2433,2433,I do not like coffee.,Мне не нравится кофе.
2434,2434,I will go with you.,Я пойду с тобой.
2435,2435,She works as a teacher.,Она работает как учитель.
2436,2436,"I like tea, but I prefer coffee.","Мне нравится чай, но я предпочитаю кофе."
2437,2437,The book was written by a famous author.,Книга была написана известным автором.
2438,2438,Would you like tea or coffee?,Ты хочешь чай или кофе?
2439,2439,"I was tired, so I went to bed early.","Я был усталым, поэтому лег спать рано."
2440,2440,All the students passed the exam.,Все студенты сдали экзамен.
2441,2441,I will help you if you ask.,"Я помогу тебе, если ты попросишь."
2442,2442,I would like to travel the world.,Я бы хотел путешествовать по миру.
2443,2443,This book is about history.,Эта книга о истории.
2444,2444,Which dress do you prefer?,Какое платье ты предпочитаешь?
2445,2445,I need more time to finish.,"Мне нужно больше времени, чтобы закончить."
2446,2446,Please stand up when the teacher enters.,"Пожалуйста, встань, когда учитель входит."
2447,2447,Let's go out for a walk.,Давайте выйдем на прогулку.
2448,2448,I stayed home because it was raining.,"Я остался дома, потому что шел дождь."
2449,2449,I could help you with your homework.,Я мог бы помочь тебе с домашним заданием.
2450,2450,She is taller than her brother.,Она выше своего брата.
2451,2451,He walked into the room quietly.,Он тихо вошёл в комнату.
2452,2452,I only have five dollars.,У меня только пять долларов.
2453,2453,This is the best way to learn English.,Это лучший способ учить английский.
2454,2454,The cat jumped over the fence.,Кошка перепрыгнула через забор.
2455,2455,We can meet after lunch.,Мы можем встретиться после обеда.
2456,2456,She is the most talented singer here.,Она наиболее талантливая певица здесь.
2457,2457,You should drink more water.,Тебе следует пить больше воды.
2458,2458,I even brought dessert for everyone.,Я даже принёс десерт для всех.
2459,2459,He is such a good friend.,Он такой хороший друг.
2460,2460,I really like this movie.,Мне действительно нравится этот фильм.
2461,2461,Please wash your hands before dinner.,"Пожалуйста, помой руки перед ужином."
2462,2462,We walked through the park yesterday.,Мы прошли через парк вчера.
2463,2463,The ball rolled down the hill.,Мяч скатился вниз с холма.
2464,2464,I am still waiting for my friend.,Я всё ещё жду своего друга.
2465,2465,There are a lot of books on the shelf.,На полке много книг.
2466,2466,You did a great job on the project.,Ты отлично справился с проектом.
2467,2467,Both options are good for us.,Оба варианта хороши для нас.
2468,2468,She has her own car.,У неё есть собственный автомобиль.
2469,2469,I need a part for my bicycle.,Мне нужна часть для моего велосипеда.
2470,2470,Can you show me the point on the map?,Можешь показать мне точку на карте?
2471,2471,She has a little dog that loves to play.,"У неё есть маленькая собака, которая любит играть."
2472,2472,I want something to eat right now.,Я хочу что-то поесть прямо сейчас.
2473,2473,Can I have another cup of coffee?,Могу я получить ещё одну чашку кофе?
2474,2474,Each student must bring their own book.,Каждый студент должен принести свою книгу.
2475,2475,I like different kinds of music.,Мне нравится разная музыка.
2476,2476,Please turn off the lights when you leave.,"Пожалуйста, выключи свет, когда уйдёшь."
2477,2477,We will meet at the end of the street.,Мы встретимся в конце улицы.
2478,2478,I listen to music while I study.,"Я слушаю музыку, пока учусь."
2479,2479,You must finish your homework today.,Ты должен закончить домашнее задание сегодня.
2480,2480,The price does not include tax.,Цена не включает налог.
2481,2481,I need to write a report for school.,Мне нужно написать отчёт для школы.
2482,2482,This is a special case that needs attention.,"Это особый случай, который требует внимания."
2483,2483,We walked around the park yesterday.,Вчера мы гуляли вокруг парка.
2484,2484,"You seem happy today, what's wrong?","Ты сегодня кажешься счастливым, что случилось?"
2485,2485,Let's try that game again later.,Давай попробуем эту игру снова позже.
2486,2486,The computer system is very fast.,Компьютерная система очень быстрая.
2487,2487,Every child should learn to read.,Каждый ребёнок должен научиться читать.
2488,2488,I like to read during my lunch break.,Мне нравится читать во время обеденного перерыва.
2489,2489,I set the table for dinner.,Я ставлю стол к ужину.
2490,2490,I have a few friends in this city.,У меня есть немного друзей в этом городе.
2491,2491,She lives in a small state.,Она живет в маленьком штате.
2492,2492,It is a fact that the earth is round.,"Это факт, что земля круглая."
2493,2493,This area is very beautiful in spring.,Эта область очень красивая весной.
2494,2494,They provide good service at that restaurant.,Они предоставляют хорошее обслуживание в этом ресторане.
2495,2495,He has a large house near the park.,У него большой дом рядом с парком.
2496,2496,I can't live without my phone.,Я не могу жить без своего телефона.
2497,2497,I believe in good things happening.,"Я верю в то, что происходят хорошие вещи."
2498,2498,She is the second person to arrive.,"Она второй человек, который пришел."
2499,2499,"I like tea, though I prefer coffee.","Мне нравится чай, хотя я предпочитаю кофе."
2500,2500,He walked away from the crowd.,Он ушел прочь от толпы.
2501,2501,What will happen next week?,Что произойдет на следующей неделе?
2502,2502,I am learning to code a new program.,Я учусь создавать новую программу.
2503,2503,She will lead the team to success.,Она будет вести команду к успеху.
2504,2504,I want to thank you for your help.,Я хочу поблагодарить вас за вашу помощь.
2505,2505,I need less sugar in my coffee.,Мне нужно меньше сахара в моем кофе.
2506,2506,I will wait until you arrive.,"Я буду ждать до тех пор, пока ты не придешь."
2507,2507,The reason for the delay is traffic.,Причина задержки - это пробки.
2508,2508,She is able to solve difficult problems.,Она способна решать сложные задачи.
2509,2509,I don't know whether to go or stay.,"Я не знаю, идти или остаться."
2510,2510,She sat on the other side of the table.,Она села на другой стороне стола.
2511,2511,The movie was quite interesting to watch.,Фильм было вполне интересно смотреть.
2512,2512,I am sure that I will pass the test.,"Я уверен, что сдам тест."
2513,2513,You should eat at least one fruit a day.,Тебе следует есть по крайней мере один фрукт в день.
2514,2514,Please finish the work within two hours.,"Пожалуйста, закончи работу в пределах двух часов."
2515,2515,The process of making bread is simple.,Процесс приготовления хлеба простой.
2516,2516,The public park is open every day.,Общественный парк открыт каждый день.
2517,2517,I actually enjoy reading books at night.,На самом деле мне нравится читать книги ночью.
2518,2518,I would rather stay home than go out.,"Я скорее останусь дома, чем пойду гулять."
2519,2519,We can work together on this project.,Мы можем работать вместе над этим проектом.
2520,2520,I consider him a good friend.,Я считаю его хорошим другом.
2521,2521,This puzzle is too hard for me.,Эта головоломка слишком трудная для меня.
2522,2522,I bought fruits from the local market.,Я купил фрукты на местном рынке.
2523,2523,You need to have control over your emotions.,Тебе нужно иметь контроль над своими эмоциями.
2524,2524,Her health is my biggest concern.,Ее здоровье — это мое самое большое беспокойство.
2525,2525,I have almost finished my homework.,Я почти закончил свою домашнюю работу.
2526,2526,Please continue with your story.,"Пожалуйста, продолжай свою историю."
2527,2527,I read the whole book in one day.,Я прочитал целую книгу за один день.
2528,2528,The rate of inflation is increasing this year.,Уровень инфляции увеличивается в этом году.
2529,2529,I have a lot of care for my family.,Я очень забочусь о своей семье.
2530,2530,The medicine had a good effect on her health.,Это лекарство оказало хорошее влияние на её здоровье.
2531,2531,What sort of music do you like?,Какой сорт музыки тебе нравится?
2532,2532,Do you want anything to eat?,Ты хочешь что-нибудь поесть?
2533,2533,This event can cause many problems.,Это событие может вызвать много проблем.
2534,2534,I deal with customers every day.,Я имею дело с клиентами каждый день.
2535,2535,They do not allow pets in this hotel.,В этом отеле не позволяют держать домашних животных.
2536,2536,The base of the statue is very strong.,Основа статуи очень прочная.
2537,2537,I often think about the past.,Я часто думаю о прошлом.
2538,2538,Knowledge is power in our society.,Знание — это сила в нашем обществе.
2539,2539,The center of the city is very busy.,Центр города очень оживлённый.
2540,2540,There is nothing to worry about.,Не о чем беспокоиться.
2541,2541,It is a serious matter to discuss.,Это серьёзное дело для обсуждения.
2542,2542,Use your mind to solve this problem.,"Используй свой ум, чтобы решить эту проблему."
2543,2543,Friendship has great value to me.,Дружба имеет для меня большую ценность.
2544,2544,He used all his force to lift the box.,"Он использовал всю свою силу, чтобы поднять коробку."
2545,2545,I have several books on this topic.,У меня есть несколько книг на эту тему.
2546,2546,Can I have a bit of your chocolate?,Могу я взять немного твоего шоколада?
2547,2547,"This is a real diamond, not fake.","Это настоящий алмаз, а не подделка."
2548,2548,She drew a figure of a cat.,Она нарисовала фигуру кота.
2549,2549,The development of new technology is exciting.,Развитие новых технологий захватывающее.
2550,2550,I ate half of the pizza yesterday.,Вчера я съел половину пиццы.
2551,2551,"The sky is clear today, no clouds.","Сегодня небо ясное, нет облаков."
2552,2552,You can choose either option you like.,"Ты можешь выбрать любой из двух вариантов, который тебе нравится."
2553,2553,I drink two cups of coffee per day.,Я пью две чашки кофе в день.
2554,2554,Please remain seated until the show ends.,"Пожалуйста, оставайтесь на местах, пока шоу не закончится."
2555,2555,She is at the top of her class.,Она на вершине своего класса.
2556,2556,He is among friends at the party.,Он среди друзей на вечеринке.
2557,2557,My favorite color is blue.,Мой любимый цвет — синий.
2558,2558,The project will involve many people.,Проект будет вовлекать многих людей.
2559,2559,I hope to reach my goals this year.,Я надеюсь достичь своих целей в этом году.
2560,2560,They organized a social event for the community.,Они организовали социальное мероприятие для сообщества.
2561,2561,This is a difficult period for everyone.,Это трудный период для всех.
2562,2562,We walked across the bridge together.,Мы вместе прошли через мост.
2563,2563,I love learning about history in school.,Мне нравится изучать историю в школе.
2564,2564,I want to create a new painting.,Я хочу создать новую картину.
2565,2565,We walked along the riverbank.,Мы шли вдоль берега реки.
2566,2566,What type of music do you like?,Какой тип музыки тебе нравится?
2567,2567,I heard a strange sound last night.,Я услышал странный звук прошлой ночью.
2568,2568,He is interested in political issues.,Его интересуют политические вопросы.
2569,2569,The concert is free for everyone.,Концерт бесплатный для всех.
2570,2570,I receive emails every day.,Я получаю электронные письма каждый день.
2571,2571,Can you wait for a moment?,Можешь подождать момент?
2572,2572,We need to go further down the road.,Нам нужно идти дальше по дороге.
2573,2573,This job does not require much experience.,Эта работа не требует большого опыта.
2574,2574,"In general, I like to read books.","В общем, мне нравится читать книги."
2575,2575,She will appear at the event tomorrow.,Она появится на мероприятии завтра.
2576,2576,He walked toward the park.,Он пошел к парку.
2577,2577,Each individual has unique qualities.,Каждый индивид имеет уникальные качества.
2578,2578,I have a good sense of humor.,У меня хорошее чувство юмора.
2579,2579,Perhaps we can meet later.,"Возможно, мы можем встретиться позже."
2580,2580,Please add some sugar to my tea.,"Пожалуйста, добавь немного сахара в мой чай."
2581,2581,There is a rule about noise in the library.,Существует правило о шуме в библиотеке.
2582,2582,They produce fresh fruit every summer.,Они производят свежие фрукты каждое лето.
2583,2583,Everything will be fine in the end.,Всё будет хорошо в конце.
2584,2584,The blanket will cover the bed.,Одеяло покроет кровать.
2585,2585,She applied for a new position at work.,Она подала заявку на новую должность на работе.
2586,2586,Every human has rights and freedoms.,У каждого человека есть права и свободы.
2587,2587,The situation is getting better every day.,Ситуация становится лучше с каждым днем.
2588,2588,The war lasted for many years.,Война длилась много лет.
2589,2589,This is a major problem for us.,Это большая проблема для нас.
2590,2590,Someone is waiting for you outside.,Кто-то ждёт тебя снаружи.
2591,2591,The picture is above the sofa.,Картина висит над диваном.
2592,2592,I like the design of this chair.,Мне нравится дизайн этого стула.
2593,2593,Today is a special day for us.,Сегодня особенный день для нас.
2594,2594,The condition of the car is good.,Состояние машины хорошее.
2595,2595,I can carry this bag for you.,Я могу нести эту сумку для тебя.
2596,2596,I am certain about my choice.,Я уверен в своём выборе.
2597,2597,Please move forward in the line.,"Пожалуйста, двигайтесь вперёд в очереди."
2598,2598,Her main goal is to learn English.,Её главная цель — выучить английский.
2599,2599,Can you describe your house to me?,Можешь описать свой дом мне?
2600,2600,He did it by himself yesterday.,Он сделал это сам вчера.
2601,2601,"I love pizza, especially with cheese.","Я люблю пиццу, особенно с сыром."
2602,2602,The sun will rise at six o'clock.,Солнце поднимется в шесть часов.
2603,2603,Our community is very friendly.,Наше сообщество очень дружелюбное.
2604,2604,Is there anything else you need?,"Есть ли что-то ещё, что тебе нужно?"
2605,2605,I have a particular interest in art.,У меня есть особый интерес к искусству.
2606,2606,She plays an important role in the team.,Она играет важную роль в команде.
2607,2607,Please pay attention to every detail.,"Пожалуйста, обращай внимание на каждую деталь."
2608,2608,There is a big difference between them.,Между ними большая разница.
2609,2609,His action surprised everyone at the party.,Его действие удивило всех на вечеринке.
2610,2610,Take a step forward when you are ready.,"Сделай шаг вперёд, когда будешь готов."
2611,2611,They can do it by themselves without help.,Они могут сделать это сами без помощи.
2612,2612,She has a beautiful model of a car.,У неё есть красивая модель машины.
2613,2613,The front of the house needs painting.,Фасад дома нуждается в покраске.
2614,2614,Let's play outside in the sun today.,Давайте поиграем снаружи на солнце сегодня.
2615,2615,The economic situation is improving this year.,Экономическая ситуация улучшается в этом году.
2616,2616,The site for the new park is very nice.,Место для нового парка очень хорошее.
2617,2617,We need a new approach to solve this problem.,"Нам нужен новый подход, чтобы решить эту проблему."
2618,2618,They bought a piece of land in the countryside.,Они купили участок земли за городом.
2619,2619,He was sad about the death of his pet.,Он был грустен из-за смерти своего питомца.
2620,2620,The amount of water in the glass is enough.,Количество воды в стакане достаточно.
2621,2621,She has a high regard for her teacher.,Она очень уважает своего учителя.
2622,2622,The organization helps people in need.,Организация помогает нуждающимся.
2623,2623,You should act quickly to catch the bus.,"Тебе нужно действовать быстро, чтобы успеть на автобус."
2624,2624,The range of colors in the store is amazing.,Диапазон цветов в магазине удивительный.
2625,2625,We walked round the park this afternoon.,Мы гуляли вокруг парка сегодня днём.
2626,2626,They reached an accord after long talks.,Они достигли согласия после долгих переговоров.
2627,2627,I made a list of things to buy.,Я составил список вещей для покупки.
2628,2628,I wish you a happy birthday today.,Я желаю тебе счастливого дня рождения сегодня.
2629,2629,They fund many projects in our city.,Они финансируют многие проекты в нашем городе.
2630,2630,The kid is playing in the park.,Ребёнок играет в парке.
2631,2631,Do not kill the insects in the garden.,Не убивай насекомых в саду.
2632,2632,It is likely to rain today.,"Вероятно, сегодня пойдет дождь."
2633,2633,I will certainly help you with this.,"Я, несомненно, помогу тебе с этим."
2634,2634,This is a national holiday in our country.,Это национальный праздник в нашей стране.
2635,2635,The cat cleaned itself after eating.,Кошка вычистила себя после еды.
2636,2636,The field is full of beautiful flowers.,Поле полно красивых цветов.
2637,2637,The air is fresh and clean here.,Воздух здесь свежий и чистый.
2638,2638,Exercise has many health benefits.,Физические упражнения имеют много пользы для здоровья.
2639,2639,They want to learn about international trade.,Они хотят узнать о международной торговле.
2640,2640,This is the standard for good quality.,Это стандарт хорошего качества.
2641,2641,I got fifty percent on my test.,Я получил пятьдесят процентов на тесте.
2642,2642,There is a lot of space in this room.,В этой комнате много пространства.
2643,2643,I will have tea instead of coffee.,Я буду пить чай вместо кофе.
2644,2644,I realize that I forgot my keys.,"Я осознаю, что забыл свои ключи."
2645,2645,We live in a diverse society today.,Мы живем в разнообразном обществе сегодня.
2646,2646,Please mention my name in the report.,"Пожалуйста, упомяни мое имя в отчете."
2647,2647,It is common to see dogs in the park.,Обычно видеть собак в парке.
2648,2648,The culture of this country is very rich.,Культура этой страны очень богата.
2649,2649,The total cost is very high.,Общая стоимость очень высокая.
2650,2650,They demand better working conditions.,Они требуют лучших условий труда.
2651,2651,This material is very strong and durable.,Этот материал очень прочный и долговечный.
2652,2652,We need to limit our spending this month.,Нам нужно ограничить наши расходы в этом месяце.
2653,2653,The report is due next week.,Отчет должен быть сдан на следующей неделе.
2654,2654,She put a lot of effort into her project.,Она вложила много усилий в свой проект.
2655,2655,Please pay attention to the teacher.,"Пожалуйста, обратите внимание на учителя."
2656,2656,We will meet upon your arrival.,Мы встретимся по вашему приезду.
2657,2657,I will complete the task by tomorrow.,Я завершу задачу к завтрашнему дню.
2658,2658,I like to lie on the grass.,Мне нравится лежать на траве.
2659,2659,You can pick any book from the shelf.,Ты можешь выбрать любую книгу с полки.
2660,2660,This is my personal notebook.,Это моя личная тетрадь.
2661,2661,The ground is wet after the rain.,Земля мокрая после дождя.
2662,2662,The current situation is very challenging.,Текущая ситуация очень сложная.
2663,2663,We are living in the twenty-first century.,Мы живем в двадцать первом веке.
2664,2664,Do aliens exist in the universe?,Существуют ли инопланетяне во вселенной?
2665,2665,These two paintings are very similar.,Эти две картины очень похожи.
2666,2666,She is a strong leader in our community.,Она сильный лидер в нашем сообществе.
2667,2667,He is a former athlete now working as a coach.,"Он бывший спортсмен, теперь работающий тренером."
2668,2668,You can contact me by email.,Ты можешь связаться со мной по электронной почте.
2669,2669,I particularly like this song.,Мне в особенности нравится эта песня.
2670,2670,Let's discuss our plans for the weekend.,Давайте обсудим наши планы на выходные.
2671,2671,Her response was very quick and helpful.,Её ответ был очень быстрым и полезным.
2672,2672,"Can I have a piece of cake, please?","Можно мне кусок торта, пожалуйста?"
2673,2673,I suppose it will rain tomorrow.,"Я предполагаю, что завтра будет дождь."
2674,2674,The president will speak at the meeting.,Президент выступит на собрании.
2675,2675,They play tennis on the court.,Они играют в теннис на корте.
2676,2676,The police are here to help us.,"Полиция здесь, чтобы помочь нам."
2677,2677,I need to go to the store today.,Мне нужно сходить в магазин сегодня.
2678,2678,She has a lot of knowledge about history.,У неё много знаний о истории.
2679,2679,We always laugh at his jokes.,Мы всегда смеёмся над его шутками.
2680,2680,She is a good employee at the company.,Она хороший сотрудник в компании.
2681,2681,I simply don't understand this problem.,Я просто не понимаю эту проблему.
2682,2682,He works for a large firm in the city.,Он работает в крупной фирме в городе.
2683,2683,The scientist studied a cell under the microscope.,Учёный изучал клетку под микроскопом.
2684,2684,The dog will not attack anyone.,Собака никого не будет атаковать.
2685,2685,She speaks several foreign languages.,Она говорит на нескольких иностранных языках.
2686,2686,I want to surprise my friend on her birthday.,Я хочу удивить свою подругу на её день рождения.
2687,2687,This phone has a special feature.,У этого телефона есть особенность.
2688,2688,Weather is a factor in our plans.,Погода является фактором в наших планах.
2689,2689,The weather can affect my mood.,Погода может влиять на мое настроение.
2690,2690,Be careful not to drop your phone.,"Будь осторожен, не роняй свой телефон."
2691,2691,I read a recent book about history.,Я прочитал недавнюю книгу об истории.
2692,2692,I can relate to your feelings.,Я могу относиться к твоим чувствам.
2693,2693,This is the official document you need.,"Это официальный документ, который тебе нужен."
2694,2694,She works in the financial sector.,Она работает в финансовом секторе.
2695,2695,He has a private meeting today.,У него сегодня частная встреча.
2696,2696,Let's pause for a moment to think.,"Давайте сделаем паузу на минуту, чтобы подумать."
2697,2697,Everyone is invited to the party.,Все приглашены на вечеринку.
2698,2698,I worry about my exams next week.,Я беспокоюсь о своих экзаменах на следующей неделе.
2699,2699,I will represent our team at the meeting.,Я представлю нашу команду на встрече.
2700,2700,The cat is inside the house.,Кошка внутри дома.
2701,2701,They have international experience in business.,У них есть международный опыт в бизнесе.
2702,2702,This box can contain many toys.,Эта коробка может содержать много игрушек.
2703,2703,Did you notice the new painting?,Ты заметил новую картину?
2704,2704,I wonder what time it is now.,"Мне интересно, который сейчас час."
2705,2705,I love spending time in nature.,Мне нравится проводить время на природе.
2706,2706,The structure of the building is unique.,Структура здания уникальна.
2707,2707,This section of the book is interesting.,Этот раздел книги интересный.
2708,2708,I can take care of myself.,Я могу позаботиться о себе.
2709,2709,I know exactly what you mean.,"Я точно знаю, что ты имеешь в виду."
2710,2710,The worker is fixing the machine.,Работник чинит машину.
2711,2711,You need to press this button to start.,"Тебе нужно нажать эту кнопку, чтобы начать."
2712,2712,You can choose whatever you like.,Ты можешь выбрать что бы ни хотелось.
2713,2713,This region is famous for its mountains.,Этот регион знаменит своими горами.
2714,2714,The growth of plants is very fast in spring.,Рост растений очень быстрый весной.
2715,2715,His influence helps many people succeed.,Его влияние помогает многим людям добиться успеха.
2716,2716,She has various books on her shelf.,У неё на полке различные книги.
2717,2717,"I was tired; thus, I went to bed early.","Я был уставшим; таким образом, я лег спать рано."
2718,2718,This recipe is very simple to follow.,Этот рецепт очень простой в приготовлении.
2719,2719,The medium for this painting is oil.,Средство для этой картины - масло.
2720,2720,The average temperature in summer is high.,Средняя температура летом высокая.
2721,2721,Good management is important for success.,Хорошее управление важно для успеха.
2722,2722,We need to establish a new plan.,Нам нужно установить новый план.
2723,2723,It is indeed a beautiful day today.,Сегодня действительно прекрасный день.
2724,2724,The final exam is next week.,Финальный экзамен на следующей неделе.
2725,2725,The economy is growing slowly this year.,Экономика растёт медленно в этом году.
2726,2726,He is a nice guy and very friendly.,Он хороший парень и очень дружелюбный.
2727,2727,The main function of this app is to help.,Главная функция этого приложения - помочь.
2728,2728,This image is very clear and bright.,Это изображение очень чёткое и яркое.
2729,2729,Her behavior at the party was very nice.,Её поведение на вечеринке было очень приятным.
2730,2730,"In addition to coffee, I also want tea.","В дополнение к кофе, я тоже хочу чай."
2731,2731,We need to determine the best time to meet.,Нам нужно определить лучшее время для встречи.
2732,2732,The population of the city is growing fast.,Население города быстро растёт.
2733,2733,The production of cars is increasing this year.,Производство автомобилей увеличивается в этом году.
2734,2734,I signed the contract yesterday for the job.,Я подписал контракт вчера на работу.
2735,2735,He is a talented player on the football team.,Он талантливый игрок в футбольной команде.
2736,2736,Please enter the room quietly when you arrive.,"Пожалуйста, входите в комнату тихо, когда придёте."
2737,2737,Strange things can occur during the night.,Странные вещи могут происходить ночью.
2738,2738,She likes to read alone in her room.,Ей нравится читать в одиночестве в своей комнате.
2739,2739,This change is significant for our project.,Это изменение значительно для нашего проекта.
2740,2740,This drug helps to reduce pain effectively.,Это лекарство помогает эффективно уменьшить боль.
2741,2741,He gave me direct answers to my questions.,Он дал мне прямые ответы на мои вопросы.
2742,2742,The director of the movie is very famous.,Режиссёр этого фильма очень знаменит.
2743,2743,She explained the rules clearly to everyone.,Она ясно объяснила правила всем.
2744,2744,There is a lack of water in the desert.,В пустыне не хватает воды.
2745,2745,Children depend on their parents for support.,Дети зависят от своих родителей в поддержке.
2746,2746,I can recognize him from the photo.,Я могу узнать его по фотографии.
2747,2747,The purpose of this meeting is to plan.,Цель этой встречи - планировать.
2748,2748,I want to gain more experience in my job.,Я хочу получить больше опыта на своей работе.
2749,2749,I go to church every Sunday.,Я хожу в церковь каждое воскресенье.
2750,2750,The machine is very old but still works.,"Машина очень старая, но всё ещё работает."
2751,2751,Can you pass me that item on the table?,Можешь передать мне тот предмет на столе?
2752,2752,This candy costs fifty cents.,Эта конфета стоит пятьдесят центов.
2753,2753,I need to pack my stuff for the trip.,Мне нужно собрать свои вещи для поездки.
2754,2754,Does anyone want to join us for dinner?,Кто-нибудь хочет присоединиться к нам на ужин?
2755,2755,This method helps me learn faster.,Этот метод помогает мне учиться быстрее.
2756,2756,The analysis shows good results.,Анализ показывает хорошие результаты.
2757,2757,He has a military background and knows strategy.,"У него военное прошлое, и он знает стратегию."
2758,2758,The cat is hiding below the table.,Кошка прячется под столом.
2759,2759,I watched a great movie last night.,Я посмотрел отличный фильм прошлой ночью.
2760,2760,We had a long discussion about our plans.,У нас была долгая дискуссия о наших планах.
2761,2761,Every nation has its own culture and traditions.,У каждой нации есть своя культура и традиции.
2762,2762,I nearly forgot my keys at home.,Я почти забыл свои ключи дома.
2763,2763,There is a link to the article in the email.,В письме есть ссылка на статью.
2764,2764,"Despite the rain, we went for a walk.","Несмотря на дождь, мы пошли на прогулку."
2765,2765,Let me introduce you to my friend.,Позволь мне представить тебя моему другу.
2766,2766,Being organized is an advantage in school.,Быть организованным — это преимущество в школе.
2767,2767,They plan to marry next summer.,Они планируют жениться следующим летом.
2768,2768,The workers decided to strike for better pay.,Рабочие решили бастовать за лучшую зарплату.
2769,2769,I walk one mile every day.,Я хожу одну милю каждый день.
2770,2770,I seek new opportunities in my job.,Я ищу новые возможности на своей работе.
2771,2771,Each unit has a different price.,Каждая единица имеет разную цену.
2772,2772,She runs quickly to catch the bus.,"Она быстро бежит, чтобы поймать автобус."
2773,2773,We reached an agreement after the meeting.,Мы достигли соглашения после встречи.
2774,2774,The movie will have its release next week.,Фильм выйдет на следующей неделе.
2775,2775,I found a solution to the problem.,Я нашел решение проблемы.
2776,2776,Moscow is the capital of Russia.,Москва — столица России.
2777,2777,Pizza is a popular food around the world.,Пицца — популярная еда во всем мире.
2778,2778,Can you give me a specific example?,Можешь привести мне конкретный пример?
2779,2779,She has a fear of flying in airplanes.,У нее есть страх летать на самолетах.
2780,2780,I watch television every evening.,Я смотрю телевидение каждый вечер.
2781,2781,Please pull the door to open it.,"Пожалуйста, потяните за дверью, чтобы открыть ее."
2782,2782,You need a password to access the website.,"Вам нужен пароль, чтобы получить доступ к сайту."
2783,2783,The movement of the train was very smooth.,Движение поезда было очень плавным.
2784,2784,Doctors treat patients with care.,Врачи обращаются с пациентами с заботой.
2785,2785,Can you identify the main problem here?,Можешь определить основную проблему здесь?
2786,2786,The company suffered a significant loss last year.,Компания понесла значительные потери в прошлом году.
2787,2787,I shall help you with your homework.,Я должен помочь тебе с домашним заданием.
2788,2788,She felt pressure to finish the project on time.,"Она чувствовала давление, чтобы закончить проект вовремя."
2789,2789,You should take care of yourself first.,Сначала ты должен позаботиться о себе.
2790,2790,We need to supply more food to the shelter.,Нам нужно поставлять больше еды в приют.
2791,2791,This book is worth reading for everyone.,Эта книга стоит прочтения для всех.
2792,2792,She prefers natural ingredients in her food.,Она предпочитает натуральные ингредиенты в своей еде.
2793,2793,Please express your feelings clearly.,"Пожалуйста, выражай свои чувства ясно."
2794,2794,Real estate is a good investment for the future.,Недвижимость — это хорошая инвестиция на будущее.
2795,2795,I will organize a meeting for next week.,Я организую встречу на следующей неделе.
2796,2796,We need to look beyond our own problems.,Нам нужно смотреть за пределами наших собственных проблем.
2797,2797,You have the potential to be a great leader.,У тебя есть потенциал стать великим лидером.
2798,2798,She has a lot of energy for her age.,У нее много энергии для её возраста.
2799,2799,He is always in trouble at school.,Он всегда попадает в беду в школе.
2800,2800,Their relation has improved over the years.,Их отношение улучшилось с годами.
2801,2801,A gentle touch can make a big difference.,Нежное прикосновение может изменить многое.
2802,2802,The park is in the middle of the city.,Парк находится в середине города.
2803,2803,Let's meet at the bar after work.,Давай встретимся в баре после работы.
2804,2804,Many people suffer from stress today.,Многие люди сегодня страдают от стресса.
2805,2805,We need a new strategy to win the game.,"Нам нужна новая стратегия, чтобы выиграть игру."
2806,2806,Everyone is coming except for John.,"Все приходят, кроме Джона."
2807,2807,Children tend to learn quickly.,"Дети, как правило, учатся быстро."
2808,2808,She received an advance on her salary.,Она получила аванс на свою зарплату.
2809,2809,Please fill the bottle with water.,"Пожалуйста, наполни бутылку водой."
2810,2810,The star in the sky is very bright.,Звезда на небе очень яркая.
2811,2811,I generally wake up at seven o'clock.,Я обычно просыпаюсь в семь часов.
2812,2812,My task is to finish this report.,Моя задача — закончить этот отчет.
2813,2813,It is normal to feel nervous before a test.,Это нормально чувствовать себя нервным перед тестом.
2814,2814,I associate summer with warm weather.,Я связываю лето с теплой погодой.
2815,2815,She has a positive attitude towards life.,У нее положительное отношение к жизни.
2816,2816,You have the option to choose your own path.,У тебя есть вариант выбрать свой собственный путь.
2817,2817,"For instance, I love to read books.","Например, я люблю читать книги."
2818,2818,Her style of painting is very unique.,Ее стиль рисования очень уникален.
2819,2819,Please refer to the instructions for help.,"Пожалуйста, ссылаться на инструкции для помощи."
2820,2820,I will push the door to open it.,"Я толкну дверь, чтобы открыть ее."
2821,2821,We meet every quarter for our project updates.,Мы встречаемся каждый квартал для обновлений по проекту.
2822,2822,I assume you will join us for dinner.,"Я предполагаю, что ты присоединишься к нам на ужин."
2823,2823,I have some doubt about this decision.,У меня есть сомнение по поводу этого решения.
2824,2824,The competition was tough this year.,Соревнование было сложным в этом году.
2825,2825,I propose we go to the beach tomorrow.,Я предлагаю нам пойти на пляж завтра.
2826,2826,Birds fly south for the winter.,Птицы летают на юг зимой.
2827,2827,This pattern looks great on the fabric.,Этот узор выглядит отлично на ткани.
2828,2828,"Obviously, we need to work harder.","Очевидно, что нам нужно работать усерднее."
2829,2829,The instructions are unclear for many students.,Инструкции неясны для многих студентов.
2830,2830,We need to separate the trash from the recycling.,Нам нужно отделить мусор от переработки.
2831,2831,"I will go to the party anyway, rain or shine.","Я все равно пойду на вечеринку, будь дождь или солнце."
2832,2832,She gave a wonderful speech at the conference.,Она произнесла замечательную речь на конференции.
2833,2833,The officer helped us find our way.,Офицер помог нам найти дорогу.
2834,2834,The festival will be celebrated throughout the city.,Фестиваль будет отмечаться на протяжении всего города.
2835,2835,The company made a large profit this year.,Компания получила большую прибыль в этом году.
2836,2836,I can only guess what he is thinking.,"Я могу только угадывать, о чем он думает."
2837,2837,Water is a precious resource for everyone.,Вода — это ценный ресурс для всех.
2838,2838,It's important to maintain a healthy work-life balance.,Важно поддерживать здоровый баланс между работой и личной жизнью.
2839,2839,The storm caused a lot of damage to the houses.,Шторм нанес большой ущерб домам.
2840,2840,Trust is the basis of a good relationship.,Доверие — это основа хороших отношений.
2841,2841,The author of the book is very famous.,Автор книги очень известен.
2842,2842,We need to learn some basic skills first.,Сначала нам нужно научиться основным навыкам.
2843,2843,Teachers should encourage students to ask questions.,Учителя должны поощрять студентов задавать вопросы.
2844,2844,He is the only male in the group.,Он единственный мужчина в группе.
2845,2845,They operate the machinery very carefully.,Они управляют оборудованием очень осторожно.
2846,2846,The mirror will reflect the light perfectly.,Зеркало будет отражать свет идеально.
2847,2847,This property belongs to my family.,Эта собственность принадлежит моей семье.
2848,2848,I met her at a previous meeting.,Я встретил её на предыдущей встрече.
2849,2849,I can imagine a beautiful sunset.,Я могу представить красивый закат.
2850,2850,It is okay to ask for help.,Хорошо просить о помощи.
2851,2851,Can you define what happiness means?,"Можешь определить, что значит счастье?"
2852,2852,The conclusion of the story was surprising.,Заключение истории было удивительным.
2853,2853,The clock on the wall is broken.,Часы на стене сломаны.
2854,2854,Everybody loves a good movie night.,Все любят хороший вечер кино.
2855,2855,She is a professional dancer and teacher.,Она профессиональный танцор и преподаватель.
2856,2856,"This book is mine, not yours.","Эта книга моя, а не твоя."
2857,2857,The object on the table is heavy.,Предмет на столе тяжелый.
2858,2858,It is important to maintain a healthy lifestyle.,Важно поддерживать здоровый образ жизни.
2859,2859,He deserves credit for his hard work.,Он заслуживает заслуги за свою усердную работу.
2860,2860,The flowers are dead because they need water.,"Цветы мёртвые, потому что им нужна вода."
2861,2861,We need to extend the deadline for the project.,Нам нужно продлить срок выполнения проекта.
2862,2862,There is a possibility of rain tomorrow.,Есть возможность дождя завтра.
2863,2863,Can you give me direction to the nearest store?,Можешь дать мне направление к ближайшему магазину?
2864,2864,The new sports facility opens next week.,Новое спортивное учреждение открывается на следующей неделе.
2865,2865,There is a variety of fruits in the market.,На рынке есть разнообразие фруктов.
2866,2866,She writes in her journal daily.,Она пишет в своём дневнике ежедневно.
2867,2867,I follow the track through the forest.,Я следую по дорожке через лес.
2868,2868,I completely forgot about the meeting.,Я полностью забыл о встрече.
2869,2869,She is a female teacher at our school.,Она женский учитель в нашей школе.
2870,2870,Taking care of pets is my responsibility.,Уход за домашними животными — это моя ответственность.
2871,2871,This painting is an original work of art.,Эта картина — оригинальное произведение искусства.
2872,2872,They climbed the rock to see the view.,"Они залезли на скалу, чтобы увидеть вид."
2873,2873,"I don't like tea, nor do I like coffee.","Мне не нравится чай, и не нравится кофе."
2874,2874,She can easily solve this math problem.,Она может легко решить эту математическую задачу.
2875,2875,A sandwich costs five dollars in this cafe.,Сэндвич стоит пять долларов в этом кафе.
2876,2876,I need to fix my bicycle this weekend.,Мне нужно починить свой велосипед в эти выходные.
2877,2877,The road ahead is closed for repairs.,Дорога впереди закрыта на ремонт.
2878,2878,Please cross the street at the crosswalk.,"Пожалуйста, пересекайте улицу на пешеходном переходе."
2879,2879,"Yeah, I would love to go to the party.","Да, я хотел бы пойти на вечеринку."
2880,2880,He made a proposal for a new project.,Он сделал предложение по новому проекту.
2881,2881,This is the latest version of the software.,Это последняя версия программы.
2882,2882,We had a long conversation about our plans.,У нас был долгий разговор о наших планах.
2883,2883,Somebody left their bag in the classroom.,Кто-то оставил свою сумку в классе.
2884,2884,The package weighs two pounds.,Посылка весит два фунта.
2885,2885,The cookie is in the shape of a star.,Печенье имеет форму звезды.
2886,2886,We welcome new students to our school.,Мы приветствуем новых студентов в нашей школе.
2887,2887,Good communication is important for teamwork.,Хорошее общение важно для командной работы.
2888,2888,She works as a travel agent in the city.,Она работает агентом по путешествиям в городе.
2889,2889,It's not right to judge people too quickly.,Неправильно судить людей слишком быстро.
2890,2890,She made the decision by herself yesterday.,Она приняла решение сама вчера.
2891,2891,Can you estimate how long it will take?,"Можешь оценить, сколько времени это займет?"
2892,2892,My favorite color is blue and green.,Мой любимый цвет - синий и зеленый.
2893,2893,I had difficulty understanding the instructions.,Мне было трудно понять инструкции.
2894,2894,I want to purchase a new phone this week.,Я хочу купить новый телефон на этой неделе.
2895,2895,He will shoot the ball into the goal.,Он будет стрелять мячом в ворота.
2896,2896,They will announce the winner tomorrow.,Они объявят победителя завтра.
2897,2897,I won't go unless you come with me.,"Я не пойду, если ты не пойдешь со мной."
2898,2898,She is an independent woman who travels alone.,"Она независимая женщина, которая путешествует одна."
2899,2899,The survey showed that people want more parks.,"Опрос показал, что людям нужно больше парков."
2900,2900,The majority of students passed the exam.,Большинство студентов сдали экзамен.
2901,2901,Please stick the poster on the wall.,"Пожалуйста, приклей постер на стену."
2902,2902,I will request a day off next week.,Я запрошу выходной на следующей неделе.
2903,2903,"The wind is strong today, so be careful.","Сегодня ветер сильный, так что будь осторожен."
2904,2904,None of the answers were correct this time.,Ни один из ответов не был правильным в этот раз.
2905,2905,Is this attire appropriate for the event?,Эта одежда подходит для мероприятия?
2906,2906,You need to block the entrance to keep it safe.,"Тебе нужно заблокировать вход, чтобы сохранить его в безопасности."
2907,2907,Can you count to twenty in English?,Можешь посчитать до двадцати на английском?
2908,2908,The scene was beautiful during the sunset.,Сцена была прекрасной во время заката.
2909,2909,The content of the book is very interesting.,Содержание книги очень интересное.
2910,2910,Water is an important element for life.,Вода — важный элемент для жизни.
2911,2911,This method is effective for learning languages.,Этот метод эффективен для изучения языков.
2912,2912,Please check if your answer is correct.,"Пожалуйста, проверьте, правильный ли ваш ответ."
2913,2913,She works in a medical clinic in the city.,Она работает в медицинской клинике в городе.
2914,2914,I admit that I made a mistake.,"Я признаю, что ошибся."
2915,2915,"Can you answer the telephone, please?","Можешь ответить на телефон, пожалуйста?"
2916,2916,Please copy this document for me.,"Пожалуйста, скопируй этот документ для меня."
2917,2917,The committee will meet next week.,Комитет соберется на следующей неделе.
2918,2918,I am aware of the situation now.,Теперь я осведомлён о ситуации.
2919,2919,She can handle difficult tasks easily.,Она может легко справляться со сложными задачами.
2920,2920,The administration is planning new policies.,Администрация планирует новые политики.
2921,2921,This problem is more complex than I thought.,"Эта проблема сложнее, чем я думал."
2922,2922,You need to understand the context of the story.,Вам нужно понять контекст истории.
2923,2923,He spoke to her directly about the issue.,Он поговорил с ней напрямую о проблеме.
2924,2924,Please remove your shoes before entering.,"Пожалуйста, снимите обувь перед входом."
2925,2925,They will conduct a survey next month.,Они проведут опрос в следующем месяце.
2926,2926,The gym has new exercise equipment.,В спортзале есть новое спортивное оборудование.
2927,2927,"You need to hurry, otherwise you'll be late.","Вам нужно поторопиться, иначе вы опоздаете."
2928,2928,What is the title of your favorite book?,Каково название вашей любимой книги?
2929,2929,I need some extra help with my homework.,Мне нужна дополнительная помощь с домашним заданием.
2930,2930,She works as an executive in a large company.,Она работает исполнительным директором в большой компании.
2931,2931,"Can I have a sample of this product, please?","Можно мне образец этого продукта, пожалуйста?"
2932,2932,They talked about the differences between sex and gender.,Они говорили о различиях между полом и гендером.
2933,2933,The company will deliver the package tomorrow.,Компания доставит посылку завтра.
2934,2934,I watched a funny video on the internet.,Я посмотрел смешное видео в интернете.
2935,2935,There is a strong connection between the two ideas.,Существует сильная связь между этими двумя идеями.
2936,2936,Education is a primary need for every child.,Образование является основным потребностью для каждого ребенка.
2937,2937,Please inform me about the meeting time.,"Пожалуйста, информируйте меня о времени встречи."
2938,2938,Honesty is a very important principle to follow.,Честность — это очень важный принцип для соблюдения.
2939,2939,He walked straight to the store without stopping.,"Он пошел прямо в магазин, не останавливаясь."
2940,2940,The charity aims to appeal to young donors.,Благотворительная организация стремится обращаться к молодым донорам.
2941,2941,She is highly skilled in graphic design.,Она весьма квалифицирована в графическом дизайне.
2942,2942,We had a wonderful time at the party.,У нас было замечательное время на вечеринке.
2943,2943,I absolutely love this song!,Мне абсолютно нравится эта песня!
2944,2944,The flow of the river is very fast here.,Поток реки здесь очень быстрый.
2945,2945,We need additional resources for this project.,Нам нужны дополнительные ресурсы для этого проекта.
2946,2946,He is responsible for managing the team.,Он отвечает за управление командой.
2947,2947,Her collection of stamps is very impressive.,Ее коллекция марок очень впечатляющая.
2948,2948,Please hang your coat on the hook.,"Пожалуйста, повесьте свое пальто на крючок."
2949,2949,He has a negative attitude towards the project.,У него отрицательное отношение к проекту.
2950,2950,We need an alternative solution to this problem.,Нам нужно альтернативное решение этой проблемы.
2951,2951,The ship sails across the ocean every summer.,Корабль плавает через океан каждое лето.
2952,2952,Her attitude makes it hard to work with her.,Её отношение делает трудным сотрудничество с ней.
2953,2953,"I want a double portion of ice cream, please.","Я хочу двойную порцию мороженого, пожалуйста."
2954,2954,I need to print this document for the meeting.,Мне нужно распечатать этот документ для встречи.
2955,2955,The truth is often hard to accept.,Правда часто бывает трудной для принятия.
2956,2956,Nobody knows where he went after the party.,"Никто не знает, куда он ушёл после вечеринки."
2957,2957,The doctor will examine you in a few minutes.,Доктор осмотрит вас через несколько минут.
2958,2958,Please lay the book on the table.,"Пожалуйста, положите книгу на стол."
2959,2959,Politics can be very complicated and confusing.,Политика может быть очень сложной и запутанной.
2960,2960,She will reply to your email soon.,Она скоро ответит на ваше письмо.
2961,2961,The store will display the new products next week.,Магазин покажет новые продукты на следующей неделе.
2962,2962,The weather is slightly warmer today than yesterday.,"Погода сегодня слегка теплее, чем вчера."
2963,2963,"Overall, the project was a great success.","В целом, проект был большим успехом."
2964,2964,Each user can customize their profile settings.,Каждый пользователь может настроить параметры своего профиля.
2965,2965,Please respond to the invitation by Friday.,"Пожалуйста, ответьте на приглашение до пятницы."
2966,2966,She goes to the gym on a regular basis.,Она регулярно ходит в спортзал.
2967,2967,He enjoys physical activities like running and swimming.,"Ему нравятся физические активности, такие как бег и плавание."
2968,2968,They live apart but still see each other often.,"Они живут отдельно, но всё равно часто видятся."
2969,2969,The federal law applies to all states.,Федеральный закон применяется ко всем штатам.
2970,2970,The magician will reveal his secret soon.,"Маг говорит, что скоро раскроет свой секрет."
2971,2971,A large percentage of people enjoy music.,Большой процент людей любит музыку.
2972,2972,We all want to live in peace.,Мы все хотим жить в мире.
2973,2973,Her status in the company is very high.,Её статус в компании очень высок.
2974,2974,The number of visitors will decline in winter.,Количество посетителей снизится зимой.
2975,2975,This decade has seen many changes.,Это десятилетие принесло много изменений.
2976,2976,Can you favor me with your opinion?,Можешь оказать мне предпочтение своим мнением?
2977,2977,The weather is very dry this summer.,Этим летом погода очень сухая.
2978,2978,The university is a well-known institution.,Университет — это хорошо известное учреждение.
2979,2979,I found a nice spot to relax in the park.,"Я нашёл хорошее место, чтобы отдохнуть в парке."
2980,2980,The heat of the sun can be intense.,Жара солнца может быть сильной.
2981,2981,The news will excite many fans.,Эти новости волнуют многих фанатов.
2982,2982,She is an avid reader of novels.,Она заядлый читатель романов.
2983,2983,The importance of education cannot be ignored.,Важность образования нельзя игнорировать.
2984,2984,The distance between the two cities is large.,Расстояние между двумя городами большое.
2985,2985,Please guide me to the nearest station.,"Пожалуйста, направь меня к ближайшей станции."
2986,2986,They will grant you permission to enter.,Они предоставят тебе разрешение войти.
2987,2987,I need to feed the dog every morning.,Мне нужно кормить собаку каждое утро.
2988,2988,The technology sector is growing rapidly.,Технологический сектор быстро растёт.
2989,2989,We must ensure that everyone is safe.,Мы должны обеспечить безопасность всех.
2990,2990,I hope this will satisfy your needs.,"Я надеюсь, это удовлетворит ваши потребности."
2991,2991,The chief of the team gave a great speech.,Начальник команды произнёс отличную речь.
2992,2992,She is an expert in computer science.,Она эксперт в области компьютерных наук.
2993,2993,A big wave crashed on the shore.,Большая волна разбилась о берег.
2994,2994,We traveled south to reach the beach.,"Мы поехали на юг, чтобы добраться до пляжа."
2995,2995,Labor is important for building our future.,Труд важен для строительства нашего будущего.
2996,2996,The surface of the water was calm.,Поверхность воды была спокойной.
2997,2997,She did an excellent job on the project.,Она отлично справилась с проектом.
2998,2998,Be careful near the edge of the cliff.,Будь осторожен у края скалы.
2999,2999,We set up our camp near the lake.,Мы разбили лагерь рядом с озером.
3000,3000,The procedure for applying is simple.,Процедура подачи заявки проста.
3001,3001,Climate change is a global issue.,Изменение климата — это глобальная проблема.
3002,3002,They struggle to find enough food.,Им трудно найти достаточно еды.
3003,3003,Please select your favorite color.,"Пожалуйста, выберите ваш любимый цвет."
3004,3004,Trees surround the small house.,Деревья окружают маленький дом.
3005,3005,"To a large extent, I agree with you.",В значительной степени я согласен с вами.
3006,3006,We have an annual meeting every June.,У нас ежегодная встреча каждый июнь.
3007,3007,I fully support your decision.,Я полностью поддерживаю ваше решение.
3008,3008,There is a contrast between the two paintings.,Существует контраст между двумя картинами.
3009,3009,I like to roll the ball on the floor.,Мне нравится катить мяч по полу.
3010,3010,The reality of life can be very different.,Реальность жизни может быть очень другой.
3011,3011,She took a beautiful photograph of the sunset.,Она сделала красивую фотографию заката.
3012,3012,I read the entire book in one day.,Я прочитал всю книгу за один день.
3013,3013,His presence makes everyone feel happy.,Его присутствие делает всех счастливыми.
3014,3014,There is a small shop on the corner of the street.,На углу улицы есть маленький магазин.
3015,3015,I need to buy gas for my car.,Мне нужно купить бензин для моей машины.
3016,3016,The net is used for catching fish.,Сеть используется для ловли рыбы.
3017,3017,This book belongs to the mystery category.,Эта книга относится к категории детективов.
3018,3018,My sister works as a secretary in a big company.,Моя сестра работает секретарем в большой компании.
3019,3019,The defense of the country is very important.,Оборона страны очень важна.
3020,3020,She is a quick learner and understands fast.,Она быстро учится и понимает быстро.
3021,3021,They want to spread the news about the event.,Они хотят распространить новости о событии.
3022,3022,Nuclear energy can be both helpful and dangerous.,"Ядерная энергия может быть как полезной, так и опасной."
3023,3023,The scale of the project is quite large.,Масштаб проекта довольно большой.
3024,3024,The baby will cry if he is hungry.,"Ребенок будет плакать, если он голоден."
3025,3025,The introduction of the book is very interesting.,Введение книги очень интересное.
3026,3026,The main requirement for this job is experience.,Основное требование для этой работы — опыт.
3027,3027,We live in the north of the country.,Мы живем на севере страны.
3028,3028,Please confirm your attendance at the meeting.,"Пожалуйста, подтвердите свое присутствие на встрече."
3029,3029,My brother is a senior student this year.,Мой брат в этом году старший студент.
3030,3030,New ideas often emerge during discussions.,Новые идеи часто появляются во время обсуждений.
3031,3031,The concept of friendship is important in life.,Понятие дружбы важно в жизни.
3032,3032,We need to reform the education system.,Нам нужно реформировать систему образования.
3033,3033,Neither option seems good to me.,Ни один из вариантов мне не кажется хорошим.
3034,3034,The left side of the room is empty.,Левая сторона комнаты пуста.
3035,3035,Can you solve this math problem quickly?,Можешь быстро решить эту математическую задачу?
3036,3036,My neighbor has a beautiful garden.,У моего соседа красивый сад.
3037,3037,She uses a special technique to paint.,Она использует специальную технику для рисования.
3038,3038,There has been a big improvement in his health.,Произошло значительное улучшение в его здоровье.
3039,3039,A hammer is a useful tool for repairs.,Молоток — полезный инструмент для ремонта.
3040,3040,Every action has a consequence we must consider.,"У каждого действия есть последствие, которое мы должны учитывать."
3041,3041,"In this circumstance, we should be careful.",В этих обстоятельствах нам следует быть осторожными.
3042,3042,The smoke from the fire filled the air.,Дым от огня заполнил воздух.
3043,3043,His reaction to the news was surprising.,Его реакция на новости была удивительной.
3044,3044,The brain controls all our body functions.,Мозг управляет всеми функциями нашего тела.
3045,3045,The mass of the object was too heavy to lift.,"Масса предмета была слишком тяжелой, чтобы поднять."
3046,3046,Everyone can contribute to the project.,Каждый может внести вклад в проект.
3047,3047,The speaker gave an inspiring talk yesterday.,Оратор вчера выступил с вдохновляющей речью.
3048,3048,The bottom of the lake is very deep.,Дно озера очень глубокое.
3049,3049,They want to adopt a child next year.,Они хотят усыновить ребёнка в следующем году.
3050,3050,You can combine these two colors to make purple.,"Вы можете объединить эти два цвета, чтобы получить фиолетовый."
3051,3051,Please hide the gift until her birthday.,"Пожалуйста, спрячь подарок до её дня рождения."
3052,3052,Their marriage is very strong and loving.,Их брак очень крепкий и любящий.
3053,3053,All people are equal in the eyes of the law.,Все люди равны перед законом.
3054,3054,Her expression showed that she was happy.,"Её выражение показало, что она счастлива."
3055,3055,I want coffee plus a piece of cake.,Я хочу кофе плюс кусок торта.
3056,3056,It is extremely hot today in the city.,Сегодня в городе чрезвычайно жарко.
3057,3057,This commercial is very funny and creative.,Этот рекламный ролик очень смешной и креативный.
3058,3058,She is a kind lady who helps everyone.,"Она добрая дама, которая помогает всем."
3059,3059,They are exploring the cultural heritage of their country.,Они изучают культурное наследие своей страны.
3060,3060,I will arrange a meeting for next week.,Я организую встречу на следующую неделю.
3061,3061,The scheme for the project is ready now.,Схема проекта теперь готова.
3062,3062,The payment is due at the end of the month.,Платёж должен быть произведён в конце месяца.
3063,3063,"Unfortunately, I cannot attend the party tonight.","К сожалению, я не могу посетить вечеринку сегодня вечером."
3064,3064,She gave a brief summary of the meeting.,Она сделала краткое резюме встречи.
3065,3065,His contribution to the project was very important.,Его вклад в проект был очень важен.
3066,3066,This chapter explains the main ideas of the book.,Эта глава объясняет основные идеи книги.
3067,3067,She told me a secret about her life.,Она рассказала мне секрет о своей жизни.
3068,3068,"Apparently, they are moving to a new house.","По-видимому, они переезжают в новый дом."
3069,3069,The workers formed a union to protect their rights.,"Рабочие создали союз, чтобы защитить свои права."
3070,3070,Be careful not to burn your hand on the stove.,"Будь осторожен, чтобы не обжечь руку о плиту."
3071,3071,The trend in fashion changes every year.,Тенденция в моде меняется каждый год.
3072,3072,Her initial reaction was one of surprise and joy.,Её первоначальная реакция была удивлением и радостью.
3073,3073,It was a pleasure to meet you at the party.,Было приятно встретиться с тобой на вечеринке.
3074,3074,I have a suggestion for our next meeting.,У меня есть предложение для нашей следующей встречи.
3075,3075,It is critical to finish the project on time.,Критически важно завершить проект вовремя.
3076,3076,Let's gather all the information before we decide.,"Давайте соберём всю информацию, прежде чем примем решение."
3077,3077,I mostly enjoy reading books in my free time.,В основном я люблю читать книги в свободное время.
3078,3078,The earth revolves around the sun in a year.,Земля вращается вокруг солнца за год.
3079,3079,She loves listening to pop music on the radio.,Она любит слушать поп-музыку по радио.
3080,3080,Water is essential for all living things.,Вода необходима для всех живых существ.
3081,3081,He has a strong desire to travel the world.,У него есть сильное желание путешествовать по миру.
3082,3082,The company will employ new staff next month.,Компания наймёт новый персонал в следующем месяце.
3083,3083,The topic of our discussion is very important.,Тема нашего обсуждения очень важна.
3084,3084,Bright colors attract more customers to the store.,Яркие цвета привлекают больше покупателей в магазин.
3085,3085,We need to engage the community in our project.,Нам нужно вовлечь сообщество в наш проект.
3086,3086,She is a powerful leader in her community.,Она мощный лидер в своём сообществе.
3087,3087,The country is facing a serious economic crisis.,Страна сталкивается с серьёзным экономическим кризисом.
3088,3088,They plan to settle in a new city next year.,Они планируют поселиться в новом городе в следующем году.
3089,3089,We took a small boat on the lake.,Мы катались на маленькой лодке на озере.
3090,3090,She is a big fan of that music band.,Она большой фанат этой музыкальной группы.
3091,3091,Safety is very important when driving a car.,Безопасность очень важна при вождении автомобиля.
3092,3092,Please divide the cake into eight pieces.,"Пожалуйста, раздели торт на восемь кусочков."
3093,3093,The length of the table is two meters.,Длина стола два метра.
3094,3094,The police started an investigation into the crime.,Полиция начала расследование преступления.
3095,3095,I left my keys somewhere in the house.,Я оставил свои ключи где-то в доме.
3096,3096,We plan to expand our business next year.,Мы планируем расширить наш бизнес в следующем году.
3097,3097,You must commit to your studies to succeed.,"Ты должен обязываться учиться, чтобы добиться успеха."
3098,3098,It is obvious that she is very talented.,"Очевидно, что она очень талантлива."
3099,3099,The soldier carried a weapon during the mission.,Солдат нес оружие во время миссии.
3100,3100,This task is relatively easy for me.,Эта задача относительно легкая для меня.
3101,3101,He lives in a quiet district of the city.,Он живет в тихом районе города.
3102,3102,The river is broad and deep in this area.,Река широкая и глубокая в этой области.
3103,3103,I usually tire after a long day at work.,Я обычно устаю после долгого рабочего дня.
3104,3104,She has a strong spirit and never gives up.,"У нее сильный дух, и она никогда не сдается."
3105,3105,The actual cost was higher than we expected.,"Фактическая стоимость была выше, чем мы ожидали."
3106,3106,The battle lasted for several hours yesterday.,Битва длилась несколько часов вчера.
3107,3107,I can hardly hear you from here.,Я едва слышу тебя отсюда.
3108,3108,They will award the prize to the best student.,Они наградят призом лучшего студента.
3109,3109,Your consideration of my feelings means a lot to me.,Ваше внимание к моим чувствам много значит для меня.
3110,3110,It feels strange to be alone in a big city.,Странно быть одному в большом городе.
3111,3111,I need to write a code for my computer program.,Мне нужно написать код для моей компьютерной программы.
3112,3112,We can possibly meet tomorrow if you are free.,"Мы возможно сможем встретиться завтра, если ты свободен."
3113,3113,The storm is a serious threat to our picnic.,Шторм представляет серьёзную угрозу для нашего пикника.
3114,3114,She had a small accident while riding her bike.,"У неё был небольшой несчастный случай, когда она каталась на велосипеде."
3115,3115,The company reported high revenue this year.,Компания сообщила о высоких доходах в этом году.
3116,3116,This app will enable you to track your expenses.,Это приложение даст вам возможность отслеживать ваши расходы.
3117,3117,I am afraid of the dark when I sleep alone.,"Я испуган темнотой, когда сплю один."
3118,3118,She is very active in her community projects.,Она очень активна в своих общественных проектах.
3119,3119,He follows a religious tradition every Sunday.,Он соблюдает религиозную традицию каждое воскресенье.
3120,3120,Many people are fighting against cancer today.,Многие люди сегодня борются с раком.
3121,3121,I will try to convince him to join us.,Я постараюсь убедить его присоединиться к нам.
3122,3122,The prices may vary depending on the season.,Цены могут варьироваться в зависимости от сезона.
3123,3123,They are working on environmental protection projects.,Они работают над проектами по охране окружающей среды.
3124,3124,The sun rises in the east every morning.,Солнце встаёт на востоке каждое утро.
3125,3125,Eating fruits and vegetables is healthy for you.,Употребление фруктов и овощей полезно для вас.
3126,3126,Can you please turn down the volume of the music?,"Можешь, пожалуйста, убавить громкость музыки?"
3127,3127,The location of the restaurant is very convenient.,Местоположение ресторана очень удобное.
3128,3128,We will proceed with the plan as discussed.,"Мы продолжим с планом, как обсуждали."
3129,3129,I am glad to see you today.,Я рад видеть тебя сегодня.
3130,3130,"Can you pass me the tape, please?","Можешь передать мне ленту, пожалуйста?"
3131,3131,He picked up a stone from the ground.,Он поднял камень с земли.
3132,3132,The sum of our bills is too high.,Сумма наших счетов слишком высокая.
3133,3133,I need to buy a new monitor for my computer.,Мне нужно купить новый монитор для моего компьютера.
3134,3134,She studies finance at the university.,Она изучает финансы в университете.
3135,3135,The news of the accident was a shock to everyone.,Новости об аварии стали шоком для всех.
3136,3136,It is my usual routine to wake up early.,Это моя обычная рутина — вставать рано.
3137,3137,Please handle the glass carefully.,"Пожалуйста, обращайся с стаканом осторожно."
3138,3138,I enjoy a glass of wine with dinner.,Я люблю выпить бокал вина с ужином.
3139,3139,They manufacture toys in this factory.,Они производят игрушки на этой фабрике.
3140,3140,We are going to the theater tonight.,Мы идем в театр сегодня вечером.
3141,3141,I am totally ready for the exam.,Я полностью готов к экзамену.
3142,3142,A visitor came to our office yesterday.,Посетитель пришел в наш офис вчера.
3143,3143,Everyone deserves freedom and respect.,Каждый заслуживает свободы и уважения.
3144,3144,The construction of the bridge is nearly finished.,Строительство моста почти завершено.
3145,3145,My dear friend sent me a letter.,Мой дорогой друг прислал мне письмо.
3146,3146,"It is cold outside; moreover, it is raining.","На улице холодно; более того, идет дождь."
3147,3147,She climbed onto the roof to see the view.,"Она залезла на крышу, чтобы увидеть вид."
3148,3148,This museum has many historical artifacts.,В этом музее много исторических артефактов.
3149,3149,I always oppose unfair rules at work.,Я всегда противостою несправедливым правилам на работе.
3150,3150,The tree branch fell during the storm.,Ветвь дерева упала во время шторма.
3151,3151,My vehicle is parked in the garage.,Мое транспортное средство припарковано в гараже.
3152,3152,We chose a scenic route for our trip.,Мы выбрали живописный маршрут для нашей поездки.
3153,3153,Please bind the documents together with a clip.,"Пожалуйста, свяжите документы вместе скрепкой."
3154,3154,There is danger in crossing the street without looking.,"Есть опасность перейти улицу, не посмотрев."
3155,3155,The bomb was defused by the experts.,Бомба была обезврежена специалистами.
3156,3156,The army protects the country from threats.,Армия защищает страну от угроз.
3157,3157,We need to decrease our spending this month.,Нам нужно уменьшить наши расходы в этом месяце.
3158,3158,The council will meet to discuss the new plan.,"Совет соберется, чтобы обсудить новый план."
3159,3159,I normally wake up at seven in the morning.,Я обычно просыпаюсь в семь утра.
3160,3160,The sight of the mountains was breathtaking.,Вид на горы был захватывающим.
3161,3161,The solar panels generate electricity for the house.,Солнечные панели производят электричество для дома.
3162,3162,She will deny any involvement in the incident.,Она будет отрицать любое участие в инциденте.
3163,3163,Is there anybody who can help me with this?,"Есть кто-нибудь, кто может помочь мне с этим?"
3164,3164,He likes to quote famous authors in his speeches.,Ему нравится цитировать известных авторов в своих речах.
3165,3165,They will climb the mountain this weekend.,Они будут карабкаться на гору в эти выходные.
3166,3166,"Basically, we need to start over from scratch.","В основном, нам нужно начать с нуля."
3167,3167,The movie contains scenes of violence and should be watched carefully.,Фильм содержит сцены насилия и его следует смотреть осторожно.
3168,3168,The minister announced new policies for education.,Министр объявил о новых политиках в области образования.
3169,3169,I mainly eat vegetables for lunch.,Я главным образом ем овощи на обед.
3170,3170,The noise outside kept me awake all night.,Шум снаружи не давал мне спать всю ночь.
3171,3171,She spoke in a polite manner during the meeting.,Она говорила в вежливой манере на встрече.
3172,3172,He bought a gun for protection at home.,Он купил пистолет для защиты дома.
3173,3173,The children played in the square near our house.,Дети играли на площади возле нашего дома.
3174,3174,We celebrate this occasion every year with a party.,Мы отмечаем этот случай каждый год вечеринкой.
3175,3175,This song sounds familiar to me.,Эта песня звучит знакомо для меня.
3176,3176,You should not ignore your health and well-being.,Ты не должен игнорировать свое здоровье и благополучие.
3177,3177,Their affair was the talk of the town.,Их роман был темой обсуждения в городе.
3178,3178,Can you locate the nearest bus stop for me?,Можешь найти ближайшую автобусную остановку для меня?
3179,3179,She wore a beautiful gold necklace at the party.,Она носила красивое золотое ожерелье на вечеринке.
3180,3180,They prefer domestic products over imported ones.,Они предпочитают отечественные продукты импортным.
3181,3181,The truck can carry a heavy load of goods.,Грузовик может перевозить тяжелую нагрузку товаров.
3182,3182,My belief in honesty helps me in life.,Моя вера в честность помогает мне в жизни.
3183,3183,The troop marched proudly down the street.,Войска гордо маршировали по улице.
3184,3184,He has a technical background in engineering.,У него техническое образование в области инженерии.
3185,3185,I want to acquire new skills for my job.,Я хочу приобрести новые навыки для своей работы.
3186,3186,They have a corporate meeting every Friday.,У них есть корпоративная встреча каждую пятницу.
3187,3187,"The movie was fairly interesting, but too long.","Фильм был довольно интересным, но слишком длинным."
3188,3188,The table is made of solid wood and looks great.,Стол сделан из массивного дерева и выглядит прекрасно.
3189,3189,I want to participate in the competition.,Я хочу участвовать в соревновании.
3190,3190,Please don't tear the paper.,"Пожалуйста, не рви бумагу."
3191,3191,She is a sales representative for the company.,Она представитель по продажам компании.
3192,3192,The capacity of the room is fifty people.,Ёмкость комнаты составляет пятьдесят человек.
3193,3193,The river is the border between the two countries.,Река является границей между двумя странами.
3194,3194,I will shake your hand after the meeting.,Я пожму тебе руку после встречи.
3195,3195,The teacher gave us an assessment of our work.,Учитель дал нам оценку нашей работы.
3196,3196,I bought a new pair of shoes yesterday.,Вчера я купил новую пару туфель.
3197,3197,You ought to see a doctor if you are sick.,"Тебе следует обратиться к врачу, если ты болен."
3198,3198,I saw an interesting ad on TV last night.,Я видел интересную рекламу по телевизору прошлой ночью.
3199,3199,There is a new regulation about traffic rules.,Существует новое правило о правилах дорожного движения.
3200,3200,They plan to escape from the city this weekend.,Они планируют сбежать из города в эти выходные.
3201,3201,She works in a music studio downtown.,Она работает в музыкальной студии в центре города.
3202,3202,He always wears proper clothes for work.,Он всегда носит надлежащую одежду для работы.
3203,3203,Every component of the machine is important.,Каждый компонент машины важен.
3204,3204,I suspect he knows more than he says.,"Я подозреваю, что он знает больше, чем говорит."
3205,3205,Can you give me a description of the place?,Можешь дать мне описание этого места?
3206,3206,She spoke with confidence during the presentation.,Она говорила с уверенностью во время презентации.
3207,3207,The industrial area is very busy during the day.,Промышленная зона очень оживлённая в течение дня.
3208,3208,"From my perspective, this is a great opportunity.","С моей точки зрения, это отличная возможность."
3209,3209,I made an error in my calculations.,Я допустил ошибку в своих расчетах.
3210,3210,We need to assess the situation carefully.,Нам нужно оценить ситуацию внимательно.
3211,3211,Her knowledge is a valuable asset to the team.,Ее знания являются ценным активом для команды.
3212,3212,The signal was weak during the storm.,Сигнал был слабым во время шторма.
3213,3213,Your experience is very relevant to this job.,Ваш опыт очень уместен для этой работы.
3214,3214,Good leadership is important for success.,Хорошее руководство важно для успеха.
3215,3215,He showed great commitment to the project.,Он проявил большое обязательство к проекту.
3216,3216,I usually wake up at 7 a.m.,Я обычно просыпаюсь в 7 утра.
3217,3217,This does not necessarily mean you are wrong.,"Это не обязательно означает, что вы не правы."
3218,3218,She put the picture in a beautiful frame.,Она поместила картину в красивую рамку.
3219,3219,He walked slowly to enjoy the view.,"Он шел медленно, чтобы насладиться видом."
3220,3220,There is a hole in my shoe.,В моей обуви есть дыра.
3221,3221,The internal report is very detailed.,Внутренний отчет очень подробный.
3222,3222,He bought a gold chain for his necklace.,Он купил золотую цепь для своего ожерелья.
3223,3223,She loves reading classic literature.,Она любит читать классическую литературу.
3224,3224,Don't threaten me with that tone.,Не угрожай мне таким тоном.
3225,3225,The division of tasks was fair and clear.,Разделение задач было справедливым и ясным.
3226,3226,Make sure your password is secure.,"Убедитесь, что ваш пароль безопасен."
3227,3227,The magician's tricks never cease to amaze me.,Фокусы иллюзиониста всегда меня изумляют.
3228,3228,The birth of her baby was a joyful moment.,Рождение ее ребенка было радостным моментом.
3229,3229,Please put a label on the box.,"Пожалуйста, наклейте этикетку на коробку."
3230,3230,The root of this plant is very strong.,Корень этого растения очень крепкий.
3231,3231,I have a recommendation for a good restaurant.,У меня есть рекомендация по хорошему ресторану.
3232,3232,He achieved a high rank in the army.,Он достиг высокого ранга в армии.
3233,3233,The sun sets in the west every evening.,Солнце садится на западе каждый вечер.
3234,3234,She is a resident of this city.,Она жительница этого города.
3235,3235,The contract includes a provision for payment.,Контракт включает положение о платеже.
3236,3236,There is plenty of food for everyone.,Еды достаточно для всех.
3237,3237,The country relies on export for its economy.,Страна зависит от экспорта для своей экономики.
3238,3238,I am entirely happy with my job.,Я полностью доволен своей работой.
3239,3239,She strongly believes in this cause.,Она сильно верит в эту идею.
3240,3240,The team will consist of five members.,Команда будет состоять из пяти участников.
3241,3241,He made a moral decision to help others.,Он принял нравственное решение помочь другим.
3242,3242,I insist that you come to the party.,"Я настаиваю, чтобы ты пришел на вечеринку."
3243,3243,This is a combination of different flavors.,Это сочетание разных вкусов.
3244,3244,Do not abuse your power at work.,Не злоупотребляй своей властью на работе.
3245,3245,The principal reason for this change is cost.,Главная причина этого изменения - стоимость.
3246,3246,He is a master of his craft.,Он мастер своего дела.
3247,3247,The session will begin at ten o'clock.,Сессия начнется в десять часов.
3248,3248,"It was raining; nevertheless, we went outside.","Шел дождь; тем не менее, мы вышли на улицу."
3249,3249,You need protection from the strong wind.,Вам нужна защита от сильного ветра.
3250,3250,The event was largely successful and well attended.,Мероприятие в значительной степени прошло успешно и собрало много людей.
3251,3251,They plan to wed in a beautiful garden.,Они планируют венчаться в красивом саду.
3252,3252,He took a perfect shot of the sunset.,Он сделал идеальный кадр заката.
3253,3253,The price of the car is quite reasonable.,Цена на машину вполне разумная.
3254,3254,I will wait till you arrive at the station.,"Я буду ждать, пока ты не приедешь на станцию."
3255,3255,The theme of the book is about friendship.,Тема книги о дружбе.
3256,3256,Her judgment about the situation was very clear.,Её суждение о ситуации было очень ясным.
3257,3257,It was an odd feeling to be alone.,Это было странное чувство — быть одному.
3258,3258,My parents will approve of my decision.,Мои родители одобрят моё решение.
3259,3259,Can you give me a definition of this word?,Можешь дать мне определение этого слова?
3260,3260,The atmosphere at the party was very friendly.,Атмосфера на вечеринке была очень дружелюбной.
3261,3261,"In comparison to last year, sales have increased.",В сравнении с прошлым годом продажи увеличились.
3262,3262,Honesty is an important characteristic of a good leader.,Честность — важная черта хорошего лидера.
3263,3263,You need a license to drive a car.,"Вам нужна лицензия, чтобы водить машину."
3264,3264,You can rely on me for help anytime.,Ты можешь полагаться на меня за помощью в любое время.
3265,3265,The alley is too narrow for cars to pass.,"Переулок слишком узкий, чтобы машины могли проехать."
3266,3266,I keep my books on the desk in my room.,Я держу свои книги на письменном столе в своей комнате.
3267,3267,They will permit us to enter the building.,Они разрешат нам войти в здание.
3268,3268,You should seriously consider this job offer.,Тебе следует серьёзно рассмотреть это предложение о работе.
3269,3269,The wild animals in the forest are amazing.,Дикие животные в лесу удивительны.
3270,3270,She has a unique style of painting.,У неё уникальный стиль рисования.
3271,3271,The association helps many local businesses.,Ассоциация помогает многим местным предприятиям.
3272,3272,He plays a musical instrument every day.,Он играет на музыкальном инструменте каждый день.
3273,3273,The investor is interested in new technology.,Инвестор заинтересован в новых технологиях.
3274,3274,This book offers practical advice for beginners.,Эта книга предлагает практические советы для новичков.
3275,3275,What a lovely day for a picnic!,Какой прелестный день для пикника!
3276,3276,The pillow is very soft and comfortable.,Подушка очень мягкая и удобная.
3277,3277,They sat in the front row during the concert.,Они сидели в первом ряду во время концерта.
3278,3278,Youth is a time for exploration and learning.,Молодёжь — это время для исследований и обучения.
3279,3279,Please lock the door when you leave.,"Пожалуйста, запри дверь, когда уйдёшь."
3280,3280,We need to find more fuel for the car.,Нам нужно найти больше топлива для машины.
3281,3281,Her expectation was to win the competition.,Её ожидание было выиграть конкурс.
3282,3282,Finding employment can be challenging sometimes.,Найти работу иногда может быть сложно.
3283,3283,They discussed sexual health in the class.,Они обсудили сексуальное здоровье на занятии.
3284,3284,Take a deep breath and relax.,Сделай глубокий вдох и расслабься.
3285,3285,The weather is becoming increasingly warm each year.,Погода становится всё более тёплой с каждым годом.
3286,3286,They plan to import goods from abroad.,Они планируют импортировать товары из-за границы.
3287,3287,We should take care of ourselves first.,Мы должны позаботиться о себе в первую очередь.
3288,3288,The engine of this car is very powerful.,Двигатель этой машины очень мощный.
3289,3289,The cast of the play is very talented.,Состав исполнителей пьесы очень талантливый.
3290,3290,She has a different notion of success.,У неё другое понятие о успехе.
3291,3291,He has conservative views on politics.,У него консервативные взгляды на политику.
3292,3292,The opposition criticized the government's decision.,Оппозиция раскритиковала решение правительства.
3293,3293,She felt a sense of relief after the exam.,Она почувствовала облегчение после экзамена.
3294,3294,It is an honor to meet you today.,Для меня честь встретиться с вами сегодня.
3295,3295,The outcome of the experiment was surprising.,Исход эксперимента был неожиданным.
3296,3296,Don't blame others for your mistakes.,Не вините других за свои ошибки.
3297,3297,Can you give me a clear explanation of this?,Можешь дать мне ясное объяснение этого?
3298,3298,Problems may arise during the project.,Проблемы могут возникнуть во время проекта.
3299,3299,She loves watching musical performances.,Ей нравится смотреть музыкальные представления.
3300,3300,I like to stretch before exercising.,Мне нравится растягиваться перед тренировкой.
3301,3301,They will declare the winner tomorrow.,Они объявят победителя завтра.
3302,3302,Be careful when crossing the street.,"Будь осторожен, переходя улицу."
3303,3303,This dress is suitable for the party.,Это платье подходит для вечеринки.
3304,3304,He speaks his native language fluently.,Он свободно говорит на своём родном языке.
3305,3305,We need to analyze the data carefully.,Нам нужно тщательно проанализировать данные.
3306,3306,I received mail from my friend today.,Я получил почту от друга сегодня.
3307,3307,The weather was terrible during our trip.,Погода была ужасной во время нашей поездки.
3308,3308,She leads an ordinary life in the city.,Она ведёт обычную жизнь в городе.
3309,3309,The selection of books in the library is impressive.,Выбор книг в библиотеке впечатляющий.
3310,3310,I would like to travel anywhere in the world.,Я хотел бы путешествовать где-нибудь по миру.
3311,3311,She practices yoga for her mental health.,Она занимается йогой для своего психического здоровья.
3312,3312,Each participant will receive a certificate after the event.,Каждый участник получит сертификат после мероприятия.
3313,3313,His vision for the future is very inspiring.,Его видение будущего очень вдохновляющее.
3314,3314,I want to know specifically what you need.,"Я хочу знать конкретно, что тебе нужно."
3315,3315,This cake is too fat for my diet.,Этот торт слишком жирный для моей диеты.
3316,3316,The entry to the park is free on weekends.,Вход в парк бесплатный по выходным.
3317,3317,He is a fellow student in my class.,Он мой приятель по классу.
3318,3318,This chemical can be dangerous if misused.,Этот химикат может быть опасным при неправильном использовании.
3319,3319,They plan to capture the moment with photos.,Они планируют захватить момент на фотографиях.
3320,3320,We reached the peak of the mountain by noon.,Мы достигли вершины горы к полудню.
3321,3321,The chairman will lead the meeting today.,Председатель проведет собрание сегодня.
3322,3322,A large proportion of the population supports this idea.,Большая доля населения поддерживает эту идею.
3323,3323,The sun will disappear behind the clouds soon.,Солнце скоро исчезнет за облаками.
3324,3324,The children are playing in the yard outside.,Дети играют во дворе снаружи.
3325,3325,She is a constant source of inspiration for me.,Она постоянный источник вдохновения для меня.
3326,3326,The project has significantly improved our results.,Проект значительно улучшил наши результаты.
3327,3327,There is a considerable difference between the two options.,Существует значительная разница между двумя вариантами.
3328,3328,Please follow the instruction carefully to avoid mistakes.,"Пожалуйста, следуйте инструкции внимательно, чтобы избежать ошибок."
3329,3329,This plan is ideal for our project.,Этот план идеален для нашего проекта.
3330,3330,The folk in this town are very friendly.,Народ в этом городе очень дружелюбный.
3331,3331,"Surely, we can find a solution together.","Несомненно, мы можем найти решение вместе."
3332,3332,The guard checked our tickets at the entrance.,Охранник проверил наши билеты на входе.
3333,3333,I am somewhat tired after the long meeting.,Я несколько устал после долгой встречи.
3334,3334,She will kiss her mother goodbye at the airport.,Она поцелует свою маму на прощание в аэропорту.
3335,3335,I have a presentation to give tomorrow.,У меня завтра презентация.
3336,3336,They have a joint account for their expenses.,У них совместный счет для расходов.
3337,3337,The poll showed that most people prefer summer.,"Опрос показал, что большинству людей нравится лето."
3338,3338,She has faith in her team's abilities.,Она верит в способности своей команды.
3339,3339,There was a reduction in prices during the sale.,Во время распродажи цены снизились.
3340,3340,We need to reserve a table for dinner tonight.,Нам нужно зарезервировать столик на ужин сегодня вечером.
3341,3341,I hope this movie doesn't bore you.,"Надеюсь, этот фильм не наскучит тебе."
3342,3342,Their mission is to help the local community.,Их миссия - помочь местному сообществу.
3343,3343,"Somehow, we will finish the project on time.",Как-то мы закончим проект вовремя.
3344,3344,Her tone was serious during the discussion.,Её тон был серьезным во время обсуждения.
3345,3345,I love walking in my neighborhood every morning.,Мне нравится гулять по своему району каждое утро.
3346,3346,They fight for justice and equality for all.,Они борются за справедливость и равенство для всех.
3347,3347,We are entering a new phase of the project.,Мы входим в новую фазу проекта.
3348,3348,I always rush to catch the bus in the morning.,"Я всегда спешу, чтобы успеть на автобус утром."
3349,3349,Many people follow different religions around the world.,Многие люди следуют различным религиям по всему миру.
3350,3350,My employer offers great benefits and a good salary.,Мой работодатель предлагает отличные льготы и хорошую зарплату.
3351,3351,She decided to reject the job offer after thinking it over.,Она решила отклонить предложение о работе после раздумий.
3352,3352,I prefer the latter option because it is more affordable.,"Я предпочитаю последний из двух вариантов, потому что он более доступный."
3353,3353,You can find the topic in the index at the back of the book.,Вы можете найти тему в указателе в конце книги.
3354,3354,He frequently visits his grandparents on weekends.,Он часто навещает своих бабушку и дедушку по выходным.
3355,3355,The children drew a big circle on the playground.,Дети нарисовали большой круг на игровой площадке.
3356,3356,Your advice was very helpful during the project.,Ваш совет был очень полезен во время проекта.
3357,3357,The teacher gave a command to start the test now.,Учитель отдал команду начать тест сейчас.
3358,3358,She wore an attractive dress to the party last night.,На вечеринке прошлой ночью она была в привлекательном платье.
3359,3359,He stayed home because he felt sick all day.,"Он остался дома, потому что весь день чувствовал себя больным."
3360,3360,My first impression of the city was very positive.,Мое первое впечатление о городе было очень положительным.
3361,3361,She was unable to attend the meeting due to a conflict.,Она не смогла посетить встречу из-за конфликта.
3362,3362,He told a funny joke that made everyone laugh.,"Он рассказал смешную шутку, которая заставила всех смеяться."
3363,3363,The sky was clear and blue during our trip.,Небо было ясным и синим во время нашей поездки.
3364,3364,The newspaper has a column about local events every week.,В газете есть колонка о местных событиях каждую неделю.
3365,3365,I bought an electronic device that helps with cooking.,"Я купил электронное устройство, которое помогает готовить."
3366,3366,It's not fair to impose your opinions on others.,Неправильно навязывать свои мнения другим.
3367,3367,"Besides studying, she also works part-time.","Кроме учебы, она также работает неполный рабочий день."
3368,3368,Make sure to follow the instructions properly.,"Убедитесь, что вы следуете инструкциям правильно."
3369,3369,The ancient ruins attract many tourists every year.,Древние руины привлекают много туристов каждый год.
3370,3370,We walked along the coast and enjoyed the view.,Мы прогулялись вдоль побережья и насладились видом.
3371,3371,She felt ill and decided to stay home today.,Она чувствовала себя больной и решила остаться дома сегодня.
3372,3372,The team worked closely to finish the project on time.,"Команда работала тесно, чтобы закончить проект вовремя."
3373,3373,There are multiple ways to solve this problem.,Существует множество способов решить эту проблему.
3374,3374,The farmer hopes to yield a good harvest this year.,Фермер надеется получить хороший урожай в этом году.
3375,3375,We traveled to Paris via London last summer.,Мы поехали в Париж через Лондон прошлым летом.
3376,3376,New legislation will improve workers' rights in our country.,Новое законодательство улучшит права работников в нашей стране.
3377,3377,She lives in a small county near the mountains.,Она живет в небольшом округе рядом с горами.
3378,3378,"Unlike her brother, she loves to read books.","В отличие от её брата, она любит читать книги."
3379,3379,He uses a mobile phone to stay in touch with friends.,"Он использует мобильный телефон, чтобы оставаться на связи с друзьями."
3380,3380,My assistant helps me with daily tasks at work.,Мой помощник помогает мне с повседневными задачами на работе.
3381,3381,We need to implement the new strategy immediately.,Нам нужно осуществить новую стратегию немедленно.
3382,3382,The chart shows the sales growth over the last year.,График показывает рост продаж за последний год.
3383,3383,Please attach the document to your email before sending.,"Пожалуйста, прикрепите документ к вашему электронному письму перед отправкой."
3384,3384,He joked that his job felt like hell sometimes.,"Он joked, что его работа иногда кажется адом."
3385,3385,I looked everywhere for my missing keys.,Я искал везде свои пропавшие ключи.
3386,3386,I advise you to take a break and relax.,Я советую тебе сделать перерыв и отдохнуть.
3387,3387,Our household includes three adults and two children.,Наше домохозяйство включает трех взрослых и двух детей.
3388,3388,I want to acknowledge your hard work on this project.,Я хочу признать вашу тяжелую работу над этим проектом.
3389,3389,The sun rises in the east every morning.,Солнце встает на востоке каждое утро.
3390,3390,Every voter should know their rights before the election.,Каждый избиратель должен знать свои права перед выборами.
3391,3391,"She is a great leader; furthermore, she is very kind.","Она отличный лидер; кроме того, она очень добрая."
3392,3392,The scientific research was published in a famous journal.,Научное исследование было опубликовано в известном журнале.
3393,3393,He earns a good wage for his hard work.,Он получает хорошую зарплату за свою тяжелую работу.
3394,3394,Her absence from the meeting was unexpected and concerning.,Ее отсутствие на встрече было неожиданным и тревожным.
3395,3395,They plan to construct a new bridge next year.,Они планируют построить новый мост в следующем году.
3396,3396,His remark about the weather made everyone laugh.,Его замечание о погоде заставило всех смеяться.
3397,3397,The professor gave an interesting lecture on history.,Профессор прочитал интересную лекцию по истории.
3398,3398,It is rare to see such a beautiful sunset.,Редко можно увидеть такой красивый закат.
3399,3399,My intention is to help you with your project.,Мое намерение - помочь тебе с твоим проектом.
3400,3400,I bought a dozen eggs for the recipe.,Я купил дюжину яиц для рецепта.
3401,3401,The settlement of the dispute took several months.,Урегулирование спора заняло несколько месяцев.
3402,3402,There is a gap in the fence that needs to be fixed.,"В заборе есть разрыв, который нужно починить."
3403,3403,The book is widely read in many countries.,Эта книга широко читается во многих странах.
3404,3404,The minimum age to vote is eighteen years.,Минимальный возраст для голосования - восемнадцать лет.
3405,3405,They traveled to the northern part of the country.,Они поехали в северную часть страны.
3406,3406,He inherited a large estate from his grandfather.,Он унаследовал большое поместье от своего деда.
3407,3407,Both options are equally good for our needs.,Обе опции в равной степени хороши для наших нужд.
3408,3408,The documentary will expose the truth about pollution.,Документальный фильм разоблачит правду о загрязнении.
3409,3409,The flowers are still alive in the garden.,Цветы все еще живые в саду.
3410,3410,Please shut the door when you leave.,"Пожалуйста, закрой дверь, когда уходишь."
3411,3411,Their victory was celebrated by everyone in town.,Их победу отпраздновали все в городе.
3412,3412,We need to resolve this issue quickly.,Нам нужно быстро разрешить эту проблему.
3413,3413,The critic praised the movie for its originality.,Критик похвалил фильм за его оригинальность.
3414,3414,"In math, a variable can change its value.",В математике переменная может изменять свое значение.
3415,3415,The elephant is an enormous animal.,Слон — это огромный животное.
3416,3416,She wants a permanent job in the city.,Она хочет постоянную работу в городе.
3417,3417,He decided to pursue a career in music.,Он решил преследовать карьеру в музыке.
3418,3418,I urge you to finish your homework on time.,Я настоятельно призываю тебя закончить домашнее задание вовремя.
3419,3419,He considered her an enemy after the argument.,Он считал ее врагом после ссоры.
3420,3420,They will appoint a new manager next week.,Они назначат нового менеджера на следующей неделе.
3421,3421,I can smell something delicious cooking.,"Я могу нюхать что-то вкусное, что готовится."
3422,3422,Please read the prior chapters before this one.,"Пожалуйста, прочитай предыдущие главы перед этой."
3423,3423,The economy is stable and growing this year.,Экономика стабильна и растет в этом году.
3424,3424,"She is merely a child, not an adult yet.","Она всего лишь ребенок, еще не взрослый."
3425,3425,His resolution to exercise more was strong.,Его решимость заниматься спортом была сильной.
3426,3426,We need to communicate our ideas clearly.,Нам нужно общаться с нашими идеями ясно.
3427,3427,The ocean is vast and full of mysteries.,Океан обширен и полон тайн.
3428,3428,The producer worked hard to finish the film.,"Продюсер усердно работал, чтобы закончить фильм."
3429,3429,The regional festival attracts many visitors every year.,Региональный фестиваль привлекает много посетителей каждый год.
3430,3430,You need to take immediate action to solve this problem.,"Вам нужно предпринять немедленные меры, чтобы решить эту проблему."
3431,3431,The police are investigating the incident that happened last night.,"Полиция расследует инцидент, который произошёл прошлой ночью."
3432,3432,I need to finish the draft of my report by tomorrow.,Мне нужно закончить черновик моего отчёта к завтрашнему дню.
3433,3433,Be careful not to slip on the wet floor.,"Будь осторожен, чтобы не поскользнуться на мокром полу."
3434,3434,She will accompany me to the concert this weekend.,Она сопроводит меня на концерт в эти выходные.
3435,3435,He was angry when he found out the truth.,"Он был сердит, когда узнал правду."
3436,3436,Please knock on the door before entering the room.,"Пожалуйста, постучите в дверь перед тем, как войти в комнату."
3437,3437,I planted a seed in the garden last week.,Я посадил семя в саду на прошлой неделе.
3438,3438,Can you illustrate your point with an example?,Можешь проиллюстрировать свою точку зрения примером?
3439,3439,This is just a temporary solution to the problem.,Это всего лишь временное решение проблемы.
3440,3440,He has a liberal view on social issues.,У него либеральные взгляды на социальные вопросы.
3441,3441,She is truly talented in playing the piano.,Она поистине талантлива в игре на пианино.
3442,3442,I saved the file on a disk for backup.,Я сохранил файл на диске для резервного копирования.
3443,3443,The core of the issue is about trust and communication.,Суть проблемы заключается в доверии и общении.
3444,3444,The movie was very emotional and made me cry.,Фильм был очень эмоциональным и заставил меня плакать.
3445,3445,The aircraft took off on time despite the weather.,"Самолёт взлетел вовремя, несмотря на погоду."
3446,3446,Understanding yourself is important for personal growth.,Понимание себя важно для личностного роста.
3447,3447,This sculpture is made of recycled metal.,Эта скульптура сделана из переработанного металла.
3448,3448,Many people question the existence of life on other planets.,Многие люди ставят под сомнение существование жизни на других планетах.
3449,3449,The dog buried a bone in the yard.,Собака зарыла кость во дворе.
3450,3450,The panel discussed the new project yesterday.,Комиссия обсудила новый проект вчера.
3451,3451,This is a prime example of good teamwork.,Это главный пример хорошей командной работы.
3452,3452,I want to emphasize the importance of this meeting.,Я хочу подчеркнуть важность этой встречи.
3453,3453,The maximum speed allowed here is fifty kilometers per hour.,Максимальная скорость здесь составляет пятьдесят километров в час.
3454,3454,She communicates effectively with her team members.,Она эффективно общается с членами своей команды.
3455,3455,You can find the information elsewhere on the website.,Вы можете найти информацию в другом месте на сайте.
3456,3456,Please don't bother me while I'm working.,"Пожалуйста, не беспокойте меня, пока я работаю."
3457,3457,He took the initiative to start the new project.,"Он проявил инициативу, чтобы начать новый проект."
3458,3458,The motion to approve the budget was passed.,Ходатайство о утверждении бюджета было принято.
3459,3459,The sky is gray and looks like it will rain.,"Небо серое и похоже, что будет дождь."
3460,3460,Don't complicate the situation with unnecessary details.,Не усложняйте ситуацию ненужными деталями.
3461,3461,Discipline is essential for achieving your goals.,Дисциплина необходима для достижения ваших целей.
3462,3462,I hope I won't disappoint my parents with my choices.,"Я надеюсь, что не разочарую своих родителей своим выбором."
3463,3463,He enjoys extreme sports like rock climbing and surfing.,"Ему нравятся экстремальные виды спорта, такие как скалолазание и серфинг."
3464,3464,Read the passage carefully to understand the main idea.,"Внимательно прочитайте отрывок, чтобы понять основную идею."
3465,3465,Her reputation as a leader is well-known in the company.,Её репутация как лидера хорошо известна в компании.
3466,3466,She stepped forth to speak at the conference.,"Она вышла вперёд, чтобы выступить на конференции."
3467,3467,The negotiation process took longer than expected.,"Процесс переговоров занял больше времени, чем ожидалось."
3468,3468,The mechanism of the clock needs to be repaired.,Механизм часов нужно отремонтировать.
3469,3469,Democracy allows people to choose their leaders.,Демократия позволяет людям выбирать своих лидеров.
3470,3470,Her observation about the weather was very accurate.,Её наблюдение о погоде было очень точным.
3471,3471,You deserve a break after all this hard work.,Ты заслуживаешь отдыха после всей этой тяжелой работы.
3472,3472,It is unusual to see snow in April here.,Необычно видеть снег в апреле здесь.
3473,3473,Lawyers defend their clients in court.,Адвокаты защищают своих клиентов в суде.
3474,3474,That movie is a classic of American cinema.,Этот фильм является классикой американского кино.
3475,3475,The king visited the village to meet his people.,"Король посетил деревню, чтобы встретиться со своими людьми."
3476,3476,Their interaction was friendly and positive.,Их взаимодействие было дружелюбным и позитивным.
3477,3477,The building might collapse if it is not repaired.,"Здание может рухнуть, если его не отремонтировать."
3478,3478,Education is fundamental for personal development.,Образование является фундаментальным для личного развития.
3479,3479,This dish is made with fresh vegetables and spices.,Это блюдо приготовлено из свежих овощей и специй.
3480,3480,She studied abroad for two years in France.,Она училась за границей два года во Франции.
3481,3481,Music has the power to touch the soul.,Музыка имеет силу трогать душу.
3482,3482,He is capable of solving complex problems.,Он способен решать сложные задачи.
3483,3483,The presidential election will take place next month.,Президентские выборы состоятся в следующем месяце.
3484,3484,She sings perfectly in front of large crowds.,Она поёт совершенно перед большими толпами.
3485,3485,We can enhance the project with more resources.,Мы можем улучшить проект с помощью дополнительных ресурсов.
3486,3486,He felt proud of his achievements in school.,Он гордился своими достижениями в школе.
3487,3487,The museum offers many educational programs for children.,Музей предлагает много образовательных программ для детей.
3488,3488,It's hard to distinguish between the two similar colors.,Трудно различать два похожих цвета.
3489,3489,We need a substantial amount of money for this project.,Нам нужна существенная сумма денег для этого проекта.
3490,3490,There is a nearby restaurant that serves great food.,"Там есть близлежащий ресторан, который подает отличную еду."
3491,3491,The manufacturer offers a warranty for their products.,Производитель предлагает гарантию на свою продукцию.
3492,3492,Be careful not to slide on the wet floor.,"Будь осторожен, не скользи по мокрому полу."
3493,3493,This painting is very valuable to the museum.,Эта картина очень ценна для музея.
3494,3494,I personally believe that we should help others.,"Я лично считаю, что мы должны помогать другим."
3495,3495,The doctor examined the patient's breast for any issues.,Врач осмотрел грудь пациентки на наличие проблем.
3496,3496,The meeting will start at approximately three o'clock.,Встреча начнется приблизительно в три часа.
3497,3497,Please highlight the important points in your report.,"Пожалуйста, выделите важные моменты в вашем отчете."
3498,3498,The climate in this region is quite mild.,Климат в этом регионе довольно мягкий.
3499,3499,"Everyone will attend the meeting, with one exception.","Все будут присутствовать на встрече, за исключением одного."
3500,3500,The corporation is expanding its business internationally.,Корпорация расширяет свой бизнес на международном уровне.
3501,3501,I like to eat a chip with my sandwich.,Мне нравится есть чипс с моим сэндвичем.
3502,3502,The winner of the contest will receive a prize.,Победитель конкурса получит приз.
3503,3503,I often encounter problems when traveling abroad.,"Я часто сталкиваюсь с проблемами, когда путешествую за границу."
3504,3504,He gave a good excuse for being late.,Он привел хорошее оправдание за опоздание.
3505,3505,"The event was partly successful, but not entirely.","Мероприятие было частично успешным, но не полностью."
3506,3506,She enjoys the urban lifestyle in the city.,Ей нравится городская жизнь в городе.
3507,3507,The instructions might confuse some people.,Инструкции могут запутать некоторых людей.
3508,3508,They live in the southern part of the country.,Они живут в южной части страны.
3509,3509,The output of the factory increased last month.,Выпуск фабрики увеличился в прошлом месяце.
3510,3510,The beauty of the sunset took my breath away.,Красота заката лишила меня дара речи.
3511,3511,They built a massive bridge over the river.,Они построили массивный мост через реку.
3512,3512,Can you calculate the total cost of the items?,Ты можешь вычислить общую стоимость товаров?
3513,3513,Mathematics is my favorite subject in school.,Математика — мой любимый предмет в школе.
3514,3514,The upper shelf is too high for me to reach.,Верхняя полка слишком высока для меня.
3515,3515,Her painting is a beautiful creation of art.,Её картина — это прекрасное создание искусства.
3516,3516,They will occupy the new office next week.,Они займут новый офис на следующей неделе.
3517,3517,Please outline your main points for the presentation.,"Пожалуйста, наметь свои основные моменты для презентации."
3518,3518,We have sufficient food for the entire trip.,У нас достаточно еды для всей поездки.
3519,3519,She believes that luck is on her side today.,"Она верит, что удача на её стороне сегодня."
3520,3520,We must preserve our natural resources for future generations.,Мы должны сохранять наши природные ресурсы для будущих поколений.
3521,3521,They decided to split the bill evenly among friends.,Они решили разделить счёт поровну между друзьями.
3522,3522,Children love to swing in the park during summer.,Детям нравится качаться на качелях в парке летом.
3523,3523,There was a sudden change in the weather today.,Сегодня произошла внезапная смена погоды.
3524,3524,Her performance has been consistent throughout the year.,Её выступления были последовательными на протяжении года.
3525,3525,"Originally, this building was a school for children.",Первоначально это здание было школой для детей.
3526,3526,Please put your phone aside during the meeting.,"Пожалуйста, отложите телефон в сторону во время встречи."
3527,3527,A warm blanket can provide great comfort on cold nights.,Тёплое одеяло может дать большое удобство в холодные ночи.
3528,3528,"Secondly, we need to discuss the budget for the project.","Во-вторых, нам нужно обсудить бюджет проекта."
3529,3529,The prospect of a new job excites me.,Перспектива новой работы меня волнует.
3530,3530,The main criterion for selection is experience.,Основной критерий для отбора - это опыт.
3531,3531,We focus primarily on customer satisfaction.,Мы сосредоточены прежде всего на удовлетворенности клиентов.
3532,3532,We need to integrate these systems for better performance.,Нам нужно интегрировать эти системы для лучшей работы.
3533,3533,His criticism helped me improve my work.,Его критика помогла мне улучшить свою работу.
3534,3534,The annual convention will be held next month.,Ежегодный съезд пройдет в следующем месяце.
3535,3535,I bet you can't finish that book today.,"Я держу пари, что ты не сможешь закончить эту книгу сегодня."
3536,3536,It's important to retain good employees.,Важно сохранять хороших сотрудников.
3537,3537,Please follow the sequence of steps carefully.,"Пожалуйста, следуйте последовательности шагов внимательно."
3538,3538,She wore a plain dress to the party.,Она надела простое платье на вечеринку.
3539,3539,They moved to a rural area for peace and quiet.,Они переехали в сельскую местность ради спокойствия.
3540,3540,"Don't abandon your dreams, keep pursuing them.","Не бросай свои мечты, продолжай их преследовать."
3541,3541,The examination will take place next week.,Экзамен пройдет на следующей неделе.
3542,3542,There was a deep silence in the room.,В комнате была глубокая тишина.
3543,3543,Technology is changing rapidly these days.,Технологии меняются быстро в наши дни.
3544,3544,She is an efficient worker who meets deadlines.,"Она эффективный работник, который соблюдает сроки."
3545,3545,The industrial revolution changed the world.,Промышленная революция изменила мир.
3546,3546,The surprise party will delight her very much.,Сюрпризная вечеринка очень её порадует.
3547,3547,He had to lean against the wall for support.,Ему пришлось опереться на стену для поддержки.
3548,3548,The play had a dramatic ending that surprised everyone.,"У спектакля был драматичный финал, который удивил всех."
3549,3549,People often differ in their opinions about art.,Люди часто отличаются в своих мнениях о искусстве.
3550,3550,I am grateful for your help with the project.,Я благодарен за твою помощь с проектом.
3551,3551,The teacher will distribute the books to the students.,Учитель распределит книги среди студентов.
3552,3552,She enjoys reading intellectual books in her free time.,Ей нравится читать интеллектуальные книги в свободное время.
3553,3553,We can derive many benefits from regular exercise.,Мы можем получить много преимуществ от регулярных упражнений.
3554,3554,It is crucial to finish the report by Friday.,Ключевым является завершение отчета к пятнице.
3555,3555,The wheel of the bicycle needs to be repaired.,Колесо велосипеда нужно отремонтировать.
3556,3556,The minority group expressed their concerns at the meeting.,Группа меньшинства высказала свои опасения на встрече.
3557,3557,The origin of the word is very interesting.,Происхождение этого слова очень интересно.
3558,3558,Her interpretation of the poem was very unique.,Ее толкование стихотворения было очень уникальным.
3559,3559,He always behaves like a true gentleman.,Он всегда ведет себя как настоящий джентльмен.
3560,3560,The landscape in this area is breathtaking.,Пейзаж в этой местности захватывает дух.
3561,3561,We need to educate children about the environment.,Нам нужно обучать детей вопросам экологии.
3562,3562,It was my fault that we missed the train.,"Это была моя вина, что мы опоздали на поезд."
3563,3563,They will exhibit their artwork at the gallery.,Они выставят свои произведения искусства в галерее.
3564,3564,The changes to the plan are minor but important.,"Изменения в плане незначительные, но важные."
3565,3565,They like to hunt for treasure on weekends.,Им нравится охотиться за сокровищами по выходным.
3566,3566,The fog was so thick that I could barely see.,"Туман был таким густым, что я едва мог видеть."
3567,3567,One team tends to dominate the competition every year.,"Одна команда, как правило, доминирует в соревновании каждый год."
3568,3568,Our supplier delivers goods every Tuesday morning.,Наш поставщик доставляет товары каждое утро вторника.
3569,3569,She won a prize for her painting.,Она выиграла приз за свою картину.
3570,3570,We typically eat dinner at six o'clock.,"Мы, как правило, ужинаем в шесть часов."
3571,3571,He enjoys spending time with his peers.,Ему нравится проводить время со сверстниками.
3572,3572,My grandfather receives his pension every month.,Мой дедушка получает пенсию каждый месяц.
3573,3573,The bird spread its wing and flew away.,Птица расправила крыло и улетела.
3574,3574,The company's latest acquisition was a big success.,Последнее приобретение компании стало большим успехом.
3575,3575,Her laughter filled the room with joy.,Её смех наполнил комнату радостью.
3576,3576,He was deeply moved by the story.,Он был глубоко тронут этой историей.
3577,3577,She received recognition for her hard work.,Она получила признание за свою трудолюбие.
3578,3578,Electricity powers our homes and devices.,Электричество питает наши дома и устройства.
3579,3579,They offered assistance to those in need.,Они предложили помощь нуждающимся.
3580,3580,He is looking forward to his retirement next year.,Он с нетерпением ждёт своей пенсии в следующем году.
3581,3581,"Alice and Bob won first and second place, respectively.",Алиса и Боб заняли первое и второе места соответственно.
3582,3582,There is a variation in the temperature today.,Сегодня есть вариация в температуре.
3583,3583,"Ultimately, it is your decision to make.","В конечном счёте, это ваше решение."
3584,3584,She showed proof of her identity at the airport.,Она показала доказательство своей личности в аэропорту.
3585,3585,The soil in this region is very fertile.,Почва в этом регионе очень плодородная.
3586,3586,There is a layer of dust on the table.,На столе есть слой пыли.
3587,3587,Don't upset your mother with that news.,Не расстраивай свою маму этой новостью.
3588,3588,The painting is a beautiful representation of nature.,Картина является красивым представлением природы.
3589,3589,Preparation for the exam starts a month in advance.,Подготовка к экзамену начинается за месяц.
3590,3590,They had a dispute over the property line.,У них был спор по поводу границы участка.
3591,3591,The agenda for the meeting includes several important topics.,Повестка дня для встречи включает несколько важных тем.
3592,3592,The teacher put emphasis on speaking skills in class.,Учитель акцентировал внимание на разговорных навыках в классе.
3593,3593,I bought the latest edition of the magazine yesterday.,Вчера я купил последнее издание журнала.
3594,3594,She wore a beautiful silver necklace at the party.,На вечеринке она носила красивое серебряное ожерелье.
3595,3595,The city offers a lot of entertainment options for tourists.,Город предлагает много вариантов развлечений для туристов.
3596,3596,They will undertake the project starting next month.,Они начнут проект в следующем месяце.
3597,3597,I need a wire to connect these two devices.,"Мне нужен провод, чтобы соединить эти два устройства."
3598,3598,It is unlikely that it will rain tomorrow.,"Маловероятно, что завтра пойдет дождь."
3599,3599,He is openly gay and proud of it.,Он открыто гей и гордится этим.
3600,3600,Her article will be in the next publication of the journal.,Её статья будет в следующем издании журнала.
3601,3601,There was a slight change in the schedule.,В расписании было незначительное изменение.
3602,3602,The author of the book is still unknown.,Автор книги все еще неизвестен.
3603,3603,We need a framework for our new project.,Нам нужна структура для нашего нового проекта.
3604,3604,This zone is restricted to authorized personnel only.,Эта зона ограничена только для уполномоченного персонала.
3605,3605,They want to restrict access to the building.,Они хотят ограничить доступ к зданию.
3606,3606,We can trace the origin of this document easily.,Мы можем легко проследить происхождение этого документа.
3607,3607,The table is two inches shorter than the other one.,Этот стол на два дюйма короче другого.
3608,3608,This amount is equivalent to ten dollars.,Эта сумма равносильна десяти долларам.
3609,3609,This table is made of solid wood.,Этот стол сделан из твёрдого дерева.
3610,3610,She started her own enterprise last year.,Она начала своё предприятие в прошлом году.
3611,3611,The elderly man lives alone in his house.,Пожилой человек живёт один в своём доме.
3612,3612,The governor will visit our town next week.,Губернатор посетит наш город на следующей неделе.
3613,3613,The ship arrived at the port early in the morning.,Корабль прибыл в порт рано утром.
3614,3614,He has a great pitch when he sings.,"У него отличная подача, когда он поёт."
3615,3615,She enjoys contemporary art exhibitions.,Ей нравятся выставки современного искусства.
3616,3616,He completed the task with ease and confidence.,Он выполнил задание с лёгкостью и уверенностью.
3617,3617,They ordered a round of beer for everyone.,Они заказали кружку пива для всех.
3618,3618,I assure you that everything will be fine.,"Я заверяю вас, что всё будет хорошо."
3619,3619,The ice will crack if you walk on it.,"Лёд треснёт, если ты наступишь на него."
3620,3620,There are numerous options to choose from.,Существует множество вариантов на выбор.
3621,3621,Please submit your application by the deadline.,"Пожалуйста, подайте вашу заявку до срока."
3622,3622,The meeting was virtually held online last week.,Встреча практически проходила онлайн на прошлой неделе.
3623,3623,We live in an era of rapid technological change.,Мы живём в эпоху быстрого технологического изменения.
3624,3624,The news coverage of the event was extensive.,Освещение события в новостях было обширным.
3625,3625,There is a lot of tension in the room right now.,В комнате сейчас много напряжения.
3626,3626,I need to buy a new cable for my charger.,Мне нужно купить новый кабель для моего зарядного устройства.
3627,3627,Your input is valuable for this project.,Ваш вклад важен для этого проекта.
3628,3628,They had to isolate the infected patient immediately.,Им пришлось изолировать заражённого пациента немедленно.
3629,3629,We need to eliminate unnecessary expenses this month.,Нам нужно устранить ненужные расходы в этом месяце.
3630,3630,The ground is wet after the rain last night.,Земля мокрая после дождя прошлой ночью.
3631,3631,She is studying secondary education at the university.,Она изучает вторичное образование в университете.
3632,3632,The company will recruit new employees next month.,Компания будет набирать новых сотрудников в следующем месяце.
3633,3633,Please exclude any irrelevant information from your report.,"Пожалуйста, исключите любую неуместную информацию из вашего отчета."
3634,3634,I need a long string to tie these boxes together.,"Мне нужна длинная нить, чтобы связать эти коробки."
3635,3635,I will try to persuade him to join us for dinner.,Я постараюсь убедить его присоединиться к нам на ужин.
3636,3636,The grand opening of the museum will be next week.,Великолепное открытие музея будет на следующей неделе.
3637,3637,"She was late, hence the meeting started without her.","Она опоздала, следовательно, встреча началась без нее."
3638,3638,The crew worked hard to finish the project on time.,"Экипаж усердно работал, чтобы закончить проект вовремя."
3639,3639,The northern lights are a beautiful natural phenomenon.,Северное сияние — это красивое природное явление.
3640,3640,The pupil raised his hand to ask a question.,"Ученик поднял руку, чтобы задать вопрос."
3641,3641,Can you assist me with this difficult task?,Можешь помочь мне с этой сложной задачей?
3642,3642,They plan to restore the old building next year.,Они планируют восстановить старое здание в следующем году.
3643,3643,The teacher explained the formula for calculating area.,Учитель объяснил формулу для вычисления площади.
3644,3644,You can alter the design to make it more attractive.,"Ты можешь изменить дизайн, чтобы сделать его более привлекательным."
3645,3645,Some people perceive art differently than others do.,"Некоторые люди воспринимают искусство иначе, чем другие."
3646,3646,I don't want to go there anymore; it's too crowded.,Я больше не хочу туда ходить; там слишком многолюдно.
3647,3647,He is considered a hero for saving the child.,"Он считается героем за то, что спас ребенка."
3648,3648,They will convert the old factory into apartments.,Они преобразуют старую фабрику в квартиры.
3649,3649,She has a steady job that she loves.,"У неё стабильная работа, которую она любит."
3650,3650,The room is five meters wide and six meters long.,Комната шириной пять метров и длиной шесть метров.
3651,3651,The truck delivered goods to the store yesterday.,Грузовик доставил товары в магазин вчера.
3652,3652,He sat beside her during the movie.,Он сидел рядом с ней во время фильма.
3653,3653,They will sail across the ocean this summer.,Они будут плыть под парусом через океан этим летом.
3654,3654,The earthquake was a major disaster for the city.,Землетрясение стало большим бедствием для города.
3655,3655,It rained heavily all night long.,Всю ночь шёл сильный дождь.
3656,3656,She devotes her weekends to volunteering at the shelter.,Она посвящает свои выходные волонтёрству в приюте.
3657,3657,The police arrested a suspected terrorist last night.,Полиция арестовала подозреваемого террориста прошлой ночью.
3658,3658,Water is vital for all living creatures.,Вода жизненно важна для всех живых существ.
3659,3659,The story of the ancient ruins fascinates many tourists.,История древних руин очаровывает многих туристов.
3660,3660,The external walls of the building need painting.,Внешние стены здания нуждаются в покраске.
3661,3661,I keep a spare key under the mat.,Я держу запасной ключ под ковриком.
3662,3662,You can call me whenever you need help.,"Ты можешь позвонить мне, когда бы ни понадобилась помощь."
3663,3663,Trust and respect underlie a good relationship.,Доверие и уважение лежат в основе хороших отношений.
3664,3664,My mom makes the best cookies in the world.,Моя мама делает лучшие печенья в мире.
3665,3665,There is a clear distinction between the two products.,Существует чёткое различие между двумя продуктами.
3666,3666,Her satisfaction with the service was evident.,Её удовлетворение обслуживанием было очевидно.
3667,3667,We need to incorporate more vegetables into our diet.,Нам нужно включить больше овощей в наш рацион.
3668,3668,Please sweep the floor before the guests arrive.,"Пожалуйста, подмети пол перед приходом гостей."
3669,3669,You have an obligation to help your friends.,У тебя есть обязательство помогать своим друзьям.
3670,3670,"Excuse me, sir, can I help you?","Извините, сэр, могу я вам помочь?"
3671,3671,We need to evaluate the results of the experiment.,Нам нужно оценить результаты эксперимента.
3672,3672,His anger was obvious after the argument.,Его гнев был очевиден после спора.
3673,3673,Her perception of the situation changed over time.,Её восприятие ситуации изменилось со временем.
3674,3674,"Naturally, he was excited about the news.","Естественно, он был взволнован новостью."
3675,3675,The information is stored in a large database.,Информация хранится в большой базе данных.
3676,3676,"Initially, the project seemed very difficult.",Первоначально проект казался очень сложным.
3677,3677,This territory is known for its beautiful landscapes.,Эта территория известна своими красивыми пейзажами.
3678,3678,I rarely go to the cinema these days.,Я редко хожу в кино в наши дни.
3679,3679,It was apparent that she was not happy.,"Было явным, что она не была счастлива."
3680,3680,They traveled to the western part of the country.,Они поехали в западную часть страны.
3681,3681,The company plans an expansion into new markets.,Компания планирует расширение на новые рынки.
3682,3682,He is constantly looking for new opportunities.,Он постоянно ищет новые возможности.
3683,3683,She has strong muscle in her arms.,У неё сильные мышцы на руках.
3684,3684,Don't scare the children with that story.,Не пугай детей этой историей.
3685,3685,He performed badly on the test yesterday.,Он плохо справился с тестом вчера.
3686,3686,She wears everyday clothes to work.,Она носит повседневную одежду на работу.
3687,3687,The ratio of students to teachers is very important.,Соотношение студентов к преподавателям очень важно.
3688,3688,She will scream if she sees a spider.,"Она закричит, если увидит паука."
3689,3689,The room was in complete disorder after the party.,В комнате был полный беспорядок после вечеринки.
3690,3690,The heart is a symbol of love and affection.,Сердце является символом любви и привязанности.
3691,3691,They organized a demonstration for climate change awareness.,Они организовали демонстрацию для повышения осведомленности о климатических изменениях.
3692,3692,The analyst provided valuable insights into the market trends.,Аналитик предоставил ценные идеи о рыночных тенденциях.
3693,3693,The bridge is made of strong steel for safety.,Мост сделан из прочной стали для безопасности.
3694,3694,We can transform this old building into a hotel.,Мы можем преобразовать это старое здание в отель.
3695,3695,There is a restriction on the number of visitors allowed.,Существует ограничение на количество разрешенных посетителей.
3696,3696,The foundation of the house needs to be repaired.,Фундамент дома нужно отремонтировать.
3697,3697,You should not strain your muscles while exercising.,Вам не следует напрягать свои мышцы во время тренировки.
3698,3698,I bought a new album from my favorite band.,Я купил новый альбом своей любимой группы.
3699,3699,We will trail the hikers to ensure their safety.,"Мы будем идти по следу туристов, чтобы гарантировать их безопасность."
3700,3700,The hunter set a trap to catch the rabbit.,"Охотник поставил ловушку, чтобы поймать кролика."
3701,3701,They added an extension to their house for more space.,Они добавили пристройку к своему дому для большего пространства.
3702,3702,Her wealth comes from her successful business.,Ее богатство приходит от ее успешного бизнеса.
3703,3703,The weather is gradually getting warmer this spring.,Погода постепенно становится теплее этой весной.
3704,3704,The fish tank needs to be cleaned regularly.,Аквариум нужно чистить регулярно.
3705,3705,The story has an evil character who causes trouble.,"В истории есть злой персонаж, который создает проблемы."
3706,3706,She has a remarkable talent for painting.,У нее замечательный талант к живописи.
3707,3707,I love this tune; it always makes me happy.,Мне нравится эта мелодия; она всегда делает меня счастливым.
3708,3708,The children played on the grass in the park.,Дети играли на траве в парке.
3709,3709,The transition to a new job can be difficult.,Переход на новую работу может быть трудным.
3710,3710,Loud noises can frighten small children easily.,Громкие звуки могут легко пугать маленьких детей.
3711,3711,I will bid for the painting at the auction.,Я сделаю ставку на картину на аукционе.
3712,3712,They breed dogs for competitions and shows.,Они разводят собак для соревнований и выставок.
3713,3713,She has an extraordinary talent for music.,У неё необычайный талант к музыке.
3714,3714,He had a brilliant idea for the project.,У него была блестящая идея для проекта.
3715,3715,My adviser helped me choose the right courses.,Мой советник помог мне выбрать правильные курсы.
3716,3716,The stem of the flower is very strong.,Стебель цветка очень крепкий.
3717,3717,I prefer the quiet mode when I study.,"Я предпочитаю тихий режим, когда учусь."
3718,3718,The weather was awful during our vacation.,Погода была ужасной во время нашего отпуска.
3719,3719,She likes to pose for pictures at the beach.,Ей нравится позировать для фотографий на пляже.
3720,3720,You need to adjust the settings on your phone.,Вам нужно настроить параметры на вашем телефоне.
3721,3721,He is a very creative person with many ideas.,Он очень творческий человек с множеством идей.
3722,3722,She wrote a beautiful poem about nature.,Она написала красивое стихотворение о природе.
3723,3723,They work in the agricultural sector of the economy.,Они работают в сельскохозяйственном секторе экономики.
3724,3724,Our main competitor launched a new product today.,Наш главный конкурент сегодня выпустил новый продукт.
3725,3725,He decided to avoid alcohol for his health.,Он решил избегать алкоголь ради своего здоровья.
3726,3726,Earth is the only planet known to support life.,"Земля — единственная планета, известная как поддерживающая жизнь."
3727,3727,The road has a sharp curve that you must slow down for.,"На дороге есть резкий изгиб, на который нужно сбросить скорость."
3728,3728,He hurt his knee while playing soccer.,"Он повредил колено, играя в футбол."
3729,3729,She managed to overcome her fear of heights.,Ей удалось преодолеть свой страх высоты.
3730,3730,The spider spun a beautiful web in the corner.,Паук сплёл красивую паутину в углу.
3731,3731,The depth of the lake surprised everyone.,Глубина озера удивила всех.
3732,3732,The entrance to the museum is very impressive.,Вход в музей очень впечатляющий.
3733,3733,He wrote in his log every day.,Он писал в своём журнале каждый день.
3734,3734,They saw a giant statue in the park.,Они увидели гигантскую статую в парке.
3735,3735,Many people believe in a god or higher power.,Многие люди верят в бога или высшую силу.
3736,3736,Water is a substance essential for life.,"Вода — это вещество, необходимое для жизни."
3737,3737,The library has an extensive collection of books.,В библиотеке есть обширная коллекция книг.
3738,3738,Can you interpret this text for me?,Можешь толковать этот текст для меня?
3739,3739,They fought for their independence many years ago.,Они боролись за свою независимость много лет назад.
3740,3740,She found her inner strength during the challenge.,Она нашла свою внутреннюю силу во время испытания.
3741,3741,Smoking can harm your health significantly.,Курение может значительно вредить вашему здоровью.
3742,3742,I need to consult my doctor about this issue.,Мне нужно проконсультироваться с врачом по этому вопросу.
3743,3743,The tree cast a long shadow in the evening.,Дерево отбрасывало длинную тень вечером.
3744,3744,He decided to strip the old paint from the wall.,Он решил содрать старую краску со стены.
3745,3745,The surface of the table is very smooth.,Поверхность стола очень гладкая.
3746,3746,The intervention helped the family resolve their issues.,Вмешательство помогло семье решить их проблемы.
3747,3747,Her performance will surely impress the audience.,"Её выступление, безусловно, впечатлит зрителей."
3748,3748,Greed is often considered a serious vice.,Жадность часто считается серьёзным пороком.
3749,3749,The new policy is quite radical for our company.,Новая политика довольно радикальна для нашей компании.
3750,3750,"She sings beautifully, and similarly, her brother plays well.","Она поет прекрасно, и подобным образом, ее брат хорошо играет."
3751,3751,Children should behave well in the classroom.,Дети должны хорошо вести себя в классе.
3752,3752,The music was too loud for me to concentrate.,"Музыка была слишком громкой, чтобы я мог сосредоточиться."
3753,3753,The box has a large dimension that makes it hard to carry.,"У коробки большой размер, что делает ее трудной для переноски."
3754,3754,The subsequent meeting was more productive than the first.,"Последующее заседание было более продуктивным, чем первое."
3755,3755,He went to the doctor for a skin infection.,Он пошел к врачу из-за кожной инфекции.
3756,3756,The new machine improves the efficiency of our production.,Новая машина повышает эффективность нашего производства.
3757,3757,This statistic shows the growth of our sales last year.,Эта статистика показывает рост наших продаж в прошлом году.
3758,3758,I exercise regularly to stay healthy.,"Я занимаюсь спортом регулярно, чтобы оставаться здоровым."
3759,3759,Her membership in the club gives her many benefits.,Ее членство в клубе дает ей много преимуществ.
3760,3760,The blind man walked confidently with his cane.,Слепой человек уверенно шел с тростью.
3761,3761,This water is pure and safe to drink.,Эта вода чистая и безопасная для питья.
3762,3762,The movie was too bloody for my taste.,Фильм был слишком кровавым для моего вкуса.
3763,3763,She found an ally in her fight for justice.,Она нашла союзника в своей борьбе за справедливость.
3764,3764,We need a larger quantity of materials for the project.,Нам нужно большее количество материалов для проекта.
3765,3765,You need to bend the wire to fit it into the slot.,"Вам нужно согнуть проволоку, чтобы вставить ее в слот."
3766,3766,She is very mature for her age and makes wise decisions.,Она очень зрелая для своего возраста и принимает мудрые решения.
3767,3767,I will briefly explain the main points of the report.,Я кратко объясню основные моменты отчета.
3768,3768,The alarm went off at six in the morning.,Будильник прозвенел в шесть утра.
3769,3769,Please don't disturb me while I'm working.,"Пожалуйста, не беспокой меня, пока я работаю."
3770,3770,We need to sustain our efforts for a better future.,Нам нужно поддерживать наши усилия ради лучшего будущего.
3771,3771,Poverty affects many people in our city.,Бедность затрагивает многих людей в нашем городе.
3772,3772,He has some crazy ideas about traveling.,У него есть несколько сумасшедших идей о путешествиях.
3773,3773,You should cite your sources in the report.,Вам следует цитировать ваши источники в отчёте.
3774,3774,They are newly married and very happy.,Они недавно поженились и очень счастливы.
3775,3775,The two roads run parallel to each other.,Эти две дороги идут параллельно друг другу.
3776,3776,Gender equality is important for society.,Гендерное равенство важно для общества.
3777,3777,The company will sponsor the event next month.,Компания будет спонсировать мероприятие в следующем месяце.
3778,3778,I need to buy a new pair of boots.,Мне нужно купить новую пару ботинок.
3779,3779,He is a car dealer in our town.,Он дилер автомобилей в нашем городе.
3780,3780,She felt the burden of her responsibilities.,Она чувствовала бремя своих обязанностей.
3781,3781,The desert is very hot during the day.,В пустыне очень жарко днём.
3782,3782,My best mate is coming to visit me.,Мой лучший товарищ собирается навестить меня.
3783,3783,I occasionally go to the gym after work.,Я изредка хожу в спортзал после работы.
3784,3784,The shareholder meeting is scheduled for next week.,Собрание акционеров запланировано на следующую неделю.
3785,3785,The resistance to change can be very strong.,Сопротивление изменениям может быть очень сильным.
3786,3786,I enjoy taking a long bath on weekends.,Мне нравится принимать долгую ванну по выходным.
3787,3787,The frequency of the meetings has increased this year.,Частота встреч увеличилась в этом году.
3788,3788,"It's easy to criticize others, but hard to improve yourself.","Легко критиковать других, но трудно улучшить себя."
3789,3789,You can tap your fingers on the table.,Ты можешь постукивать пальцами по столу.
3790,3790,Her philosophy about life is very inspiring.,Ее философия о жизни очень вдохновляющая.
3791,3791,She applied lipstick to her lip before the party.,Она нанесла помаду на губу перед вечеринкой.
3792,3792,I attribute my success to hard work and dedication.,Я приписываю свой успех усердной работе и преданности.
3793,3793,I need to apologize for being late to the meeting.,Мне нужно извиниться за опоздание на встречу.
3794,3794,He received approval for his project from the committee.,Он получил одобрение на свой проект от комитета.
3795,3795,Please grab a chair and sit down.,"Пожалуйста, хватай стул и садись."
3796,3796,This ticket will entitle you to a free drink.,Этот билет даст вам право на бесплатный напиток.
3797,3797,Her involvement in the project was crucial for its success.,Ее участие в проекте было решающим для его успеха.
3798,3798,The exposure to different cultures broadens our minds.,Воздействие различных культур расширяет наш кругозор.
3799,3799,They prefer conventional methods over modern technology.,"Им больше нравятся традиционные методы, чем современные технологии."
3800,3800,She works in the digital marketing industry.,Она работает в сфере цифрового маркетинга.
3801,3801,I need to edit my essay before submitting it.,Мне нужно редактировать свое эссе перед его отправкой.
3802,3802,The formation of clouds can indicate a coming storm.,Формирование облаков может указывать на приближающийся шторм.
3803,3803,It was a pleasant surprise to see you here.,Это было приятное удивление увидеть тебя здесь.
3804,3804,She plans to study overseas next year.,Она планирует учиться за границей в следующем году.
3805,3805,He is a strong advocate for environmental protection.,Он является сторонником защиты окружающей среды.
3806,3806,The establishment of new laws takes time and effort.,Учреждение новых законов требует времени и усилий.
3807,3807,Can you provide a summary of the meeting?,Можешь ли ты предоставить краткое изложение встречи?
3808,3808,The surface of the rock is very rough.,Поверхность камня очень грубая.
3809,3809,Her recovery after the surgery was surprisingly quick.,Её восстановление после операции было удивительно быстрым.
3810,3810,The seal on the bottle was broken when I opened it.,"Печать на бутылке была сломана, когда я её открыл."
3811,3811,He squeezed the toothpaste from the tube carefully.,Он аккуратно выжал зубную пасту из тюбика.
3812,3812,The tower in the city center is over a hundred years old.,Башня в центре города старше ста лет.
3813,3813,We can characterize her style as very unique and modern.,Мы можем охарактеризовать её стиль как очень уникальный и современный.
3814,3814,Please specify your requirements in the application form.,"Пожалуйста, укажите ваши требования в заявке."
3815,3815,The exact time of the meeting is still unknown.,Точное время встречи всё ещё неизвестно.
3816,3816,He likes to spin the basketball on his finger.,Ему нравится крутить баскетбольный мяч на пальце.
3817,3817,The operator answered the call within a few seconds.,Оператор ответил на звонок через несколько секунд.
3818,3818,The infant smiled when he saw his mother.,"Младенец улыбнулся, когда увидел свою мать."
3819,3819,They need to dig a hole for the new tree.,Им нужно выкопать яму для нового дерева.
3820,3820,She had to drag the heavy suitcase across the floor.,Ей пришлось тащить тяжёлый чемодан по полу.
3821,3821,He will mount the picture on the wall tomorrow.,Он повесит картину на стену завтра.
3822,3822,Please wrap the gift in colorful paper.,"Пожалуйста, заверните подарок в цветную бумагу."
3823,3823,I anticipate that the project will be finished by next month.,"Я предвижу, что проект будет завершён к следующему месяцу."
3824,3824,The child is still dependent on his parents for support.,Ребёнок всё ещё зависит от родителей в поддержке.
3825,3825,She plans to specialize in environmental law.,Она планирует специализироваться в области экологического права.
3826,3826,The angle of the roof is perfect for rain drainage.,Угол крыши идеален для стока дождевой воды.
3827,3827,The computer virus caused many problems for the users.,Компьютерный вирус вызвал множество проблем для пользователей.
3828,3828,He arrived precisely at the agreed time.,Он пришёл точно в согласованное время.
3829,3829,She always tries to outsmart her rival in competitions.,Она всегда пытается перехитрить своего соперника на соревнованиях.
3830,3830,He took offense at the comment made during the meeting.,"Он обиделся на комментарий, сделанный во время встречи."
3831,3831,The scientists can detect changes in the environment easily.,Учёные могут легко обнаруживать изменения в окружающей среде.
3832,3832,I admire her dedication to helping others in need.,Я восхищаюсь её преданностью помощи нуждающимся.
3833,3833,He has a moderate approach to solving complex problems.,У него умеренный подход к решению сложных проблем.
3834,3834,"The surgery went well, and the patient is recovering.","Операция прошла успешно, и пациент восстанавливается."
3835,3835,The significance of this discovery cannot be overstated.,Значение этого открытия невозможно переоценить.
3836,3836,She donated a large sum to the local charity organization.,Она пожертвовала большую сумму местной благотворительной организации.
3837,3837,Education is a universal right for every child.,Образование — это всеобщее право для каждого ребёнка.
3838,3838,He decided to quit smoking cigarettes for his health.,Он решил бросить курить сигареты ради своего здоровья.
3839,3839,These factors constitute the main challenges we face.,"Эти факторы составляют основные проблемы, с которыми мы сталкиваемся."
3840,3840,The report provided adequate information for the decision-making process.,Отчёт предоставил достаточную информацию для процесса принятия решений.
3841,3841,The company hired a consultant to improve its marketing strategy.,Компания наняла консультанта для улучшения своей маркетинговой стратегии.
3842,3842,The historian published a new book about ancient civilizations.,Историк опубликовал новую книгу о древних цивилизациях.
3843,3843,The visual presentation helped clarify the complex topic.,Визуальная презентация помогла прояснить сложную тему.
3844,3844,She has a keen interest in environmental conservation.,У неё острый интерес к охране окружающей среды.
3845,3845,The festival celebrates the country's diverse ethnic cultures.,Фестиваль отмечает разнообразные этнические культуры страны.
3846,3846,The clinical trial showed promising results for the new drug.,Клиническое испытание показало многообещающие результаты для нового препарата.
3847,3847,Eastern philosophy often emphasizes harmony and balance.,Восточная философия часто подчеркивает гармонию и баланс.
3848,3848,The market segment for luxury goods is growing rapidly.,Сегмент рынка предметов роскоши быстро растёт.
3849,3849,The children played happily in the warm sand.,Дети весело играли в теплом песке.
3850,3850,His question will prompt a thoughtful discussion.,Его вопрос побудит к вдумчивой дискуссии.
3851,3851,Her charm made everyone feel comfortable around her.,Ее обаяние заставляло всех чувствовать себя комфортно рядом с ней.
3852,3852,People often react differently to stressful situations.,Люди часто реагируют по-разному на стрессовые ситуации.
3853,3853,Starting a new business is always a risky venture.,Начало нового бизнеса всегда является рискованным предприятием.
3854,3854,Water is a compound made of hydrogen and oxygen.,"Вода — это соединение, состоящее из водорода и кислорода."
3855,3855,The kids made a mess while playing with paint.,"Дети устроили беспорядок, играя с краской."
3856,3856,She has a preference for classical music over pop.,У нее есть предпочтение к классической музыке перед попом.
3857,3857,The report provides a comprehensive overview of the issue.,Отчет предоставляет всесторонний обзор проблемы.
3858,3858,The company offered an incentive to boost employee productivity.,Компания предложила стимул для повышения производительности сотрудников.
3859,3859,We need an open dialog to solve this problem.,"Нам нужен открытый диалог, чтобы решить эту проблему."
3860,3860,She added cream to her coffee for extra flavor.,Она добавила крем в свой кофе для дополнительного вкуса.
3861,3861,The rapid growth of technology changes our lives.,Быстрый рост технологий меняет нашу жизнь.
3862,3862,I regret not taking the opportunity when it was offered.,"Я сожалею, что не воспользовался возможностью, когда она была предложена."
3863,3863,The manager decided to dismiss the employee for poor performance.,Менеджер решил уволить сотрудника за плохую работу.
3864,3864,She wrote notes in the margin of her textbook.,Она писала заметки на краю своего учебника.
3865,3865,The treasure is buried beneath the old oak tree.,Сокровище зарыто под старым дубом.
3866,3866,He faced a strong opponent in the championship match.,Он столкнулся с сильным противником в чемпионатном матче.
3867,3867,It's hard to resist the temptation of sweets.,Трудно сопротивляться искушению сладостей.
3868,3868,She has the capability to lead the team effectively.,У нее есть способность эффективно руководить командой.
3869,3869,The absolute truth is often hard to find.,Абсолютная истина часто бывает труднодостижима.
3870,3870,Their views correspond closely with my own beliefs.,Их взгляды тесно соответствуют моим убеждениям.
3871,3871,He suffered a stroke last year but is recovering well.,"Он перенёс инсульт в прошлом году, но сейчас восстанавливается."
3872,3872,Do you dare to speak in front of the crowd?,Ты осмелишься говорить перед толпой?
3873,3873,Language can be a barrier to communication.,Язык может быть барьером для общения.
3874,3874,We need to rid the house of old furniture.,Нам нужно избавиться от старой мебели в доме.
3875,3875,They decided to divorce after many years together.,Они решили развестись после многих лет вместе.
3876,3876,Don't ruin your chances by being late.,"Не разрушай свои шансы, опаздывая."
3877,3877,They will bury the time capsule next week.,Они похоронят капсулу времени на следующей неделе.
3878,3878,She sought counsel before making her decision.,Она обратилась за советом перед принятием решения.
3879,3879,There is a tendency to procrastinate in many students.,У многих студентов есть тенденция к прокрастинации.
3880,3880,He is a frequent visitor to the local library.,Он частый посетитель местной библиотеки.
3881,3881,The motor of the car needs to be repaired soon.,Мотор машины нужно скоро отремонтировать.
3882,3882,Survival in the wild requires knowledge and skills.,Выживание в дикой природе требует знаний и навыков.
3883,3883,The shop has a long counter for serving customers.,В магазине есть длинный прилавок для обслуживания клиентов.
3884,3884,She does not possess the necessary skills for the job.,У неё нет необходимых навыков для этой работы.
3885,3885,You need permission to enter the restricted area.,"Вам нужно разрешение, чтобы войти в запрещённую зону."
3886,3886,The valley was filled with beautiful wildflowers.,Долина была заполнена красивыми дикими цветами.
3887,3887,The boat will float on the surface of the water.,Лодка будет плыть на поверхности воды.
3888,3888,He was mad at his friend for being late.,Он был зол на своего друга за опоздание.
3889,3889,The new policy has greatly improved our working conditions.,Новая политика значительно улучшила наши условия труда.
3890,3890,The mountain is visible from our house on clear days.,Гора видна из нашего дома в ясные дни.
3891,3891,They installed an electric heater for the winter months.,Они установили электрический обогреватель на зимние месяцы.
3892,3892,Her presentation was impressive and captured everyone's attention.,Её презентация была впечатляющей и привлекла внимание всех.
3893,3893,The evolution of technology has changed our daily lives.,Эволюция технологий изменила нашу повседневную жизнь.
3894,3894,Raising awareness about climate change is crucial for our future.,Повышение осведомлённости о климатических изменениях крайне важно для нашего будущего.
3895,3895,The movie contains some violent scenes that may disturb viewers.,"В фильме есть несколько жестоких сцен, которые могут потревожить зрителей."
3896,3896,The history of slavery is a painful chapter in human rights.,История рабства является болезненной главой в истории прав человека.
3897,3897,The architecture of the old city is truly breathtaking.,Архитектура старого города действительно захватывает дух.
3898,3898,Her behavior was not acceptable in that situation.,Её поведение было неприемлемым в той ситуации.
3899,3899,He writes in his journal every night before bed.,Он пишет в своём журнале каждую ночь перед сном.
3900,3900,The factory relies on coal for its energy needs.,Фабрика зависит от угля для своих энергетических нужд.
3901,3901,The measurement of the room is 20 by 15 feet.,Измерение комнаты составляет 20 на 15 футов.
3902,3902,They chose a random winner from the list of participants.,Они выбрали случайного победителя из списка участников.
3903,3903,She successfully completed the project ahead of schedule.,Она успешно завершила проект раньше срока.
3904,3904,The news can sometimes depress even the most optimistic people.,Новости иногда могут угнетать даже самых оптимистичных людей.
3905,3905,The book has beautiful illustration on every page.,В книге есть красивые иллюстрации на каждой странице.
3906,3906,The balloon will burst if you blow it up too much.,"Шарик лопнет, если ты надуешь его слишком сильно."
3907,3907,The buyer was very interested in the antique furniture.,Покупатель был очень заинтересован в антикварной мебели.
3908,3908,They have a mutual respect for each other's work.,У них взаимное уважение к работе друг друга.
3909,3909,The train runs along the rail every morning.,Поезд ходит вдоль рельса каждое утро.
3910,3910,She knows how to motivate her team effectively.,"Она знает, как эффективно мотивировать свою команду."
3911,3911,The scientists work in the laboratory all day.,Ученые работают в лаборатории весь день.
3912,3912,His passion for music is truly inspiring.,Его страсть к музыке действительно вдохновляет.
3913,3913,They aim to fulfill their promises this year.,Они намерены выполнить свои обещания в этом году.
3914,3914,There is a lot of dust on the old furniture.,На старой мебели много пыли.
3915,3915,She wants to dedicate more time to her studies.,Она хочет посвятить больше времени своим занятиям.
3916,3916,The meeting will last roughly two hours.,Встреча продлится примерно два часа.
3917,3917,He grew up in a small province far from the city.,Он вырос в небольшой провинции вдали от города.
3918,3918,The evaluation of the project will take a few weeks.,Оценка проекта займет несколько недель.
3919,3919,They hope to accomplish their goals by the end of the year.,Они надеются достичь своих целей к концу года.
3920,3920,The school made an important announcement today.,Школа сделала важное объявление сегодня.
3921,3921,We are going to see an opera this weekend.,Мы собираемся посмотреть оперу в эти выходные.
3922,3922,She won first place in the art contest.,Она заняла первое место в художественном конкурсе.
3923,3923,Please brush your teeth before going to bed.,"Пожалуйста, почистите зубы перед сном."
3924,3924,I didn't mean to embarrass you in front of everyone.,Я не хотел смущать тебя перед всеми.
3925,3925,Genetic research is advancing rapidly these days.,Генетические исследования быстро развиваются в наши дни.
3926,3926,His aggressive behavior worries his friends.,Его агрессивное поведение беспокоит его друзей.
3927,3927,He keeps his old toys in a wooden chest.,Он хранит свои старые игрушки в деревянном ящике.
3928,3928,Make sure to format the document correctly before printing.,"Убедитесь, что документ правильно отформатирован перед печатью."
3929,3929,She enjoys reading literary works from different cultures.,Ей нравится читать литературные произведения из разных культур.
3930,3930,They will govern the country for the next four years.,Они будут управлять страной в течение следующих четырех лет.
3931,3931,We should embrace new ideas to improve our lives.,"Нам следует принимать новые идеи, чтобы улучшить нашу жизнь."
3932,3932,Teachers often praise students for their hard work.,Учителя часто хвалят учеников за их усердную работу.
3933,3933,The library was silent as everyone read their books.,"Библиотека была тихой, пока все читали свои книги."
3934,3934,You need to pump the air into the bicycle tires.,Вам нужно качать воздух в шины велосипеда.
3935,3935,The publisher released a new novel last month.,Издатель выпустил новый роман в прошлом месяце.
3936,3936,We organized a big celebration for her birthday.,Мы организовали большое празднование её дня рождения.
3937,3937,He received compensation for the damages to his car.,"Он получил компенсацию за ущерб, нанесённый его машине."
3938,3938,"She loves classical music, especially Beethoven's symphonies.","Ей нравится классическая музыка, особенно симфонии Бетховена."
3939,3939,Can you weigh the ingredients before cooking?,Можешь взвесить ингредиенты перед приготовлением?
3940,3940,The match is Team A versus Team B this weekend.,Матч - команда А против команды Б в эти выходные.
3941,3941,The country is facing a budget deficit this year.,Страна сталкивается с бюджетным дефицитом в этом году.
3942,3942,You can modify the settings to improve performance.,"Вы можете изменить настройки, чтобы улучшить производительность."
3943,3943,The camera will flash when you take a picture.,"Камера вспыхнет, когда вы сделаете снимок."
3944,3944,Their friendship grew stronger over the years.,Их дружба становилась крепче с годами.
3945,3945,I was literally shocked by the news.,Я был буквально шокирован новостью.
3946,3946,This equation is difficult to solve without help.,Это уравнение сложно решить без помощи.
3947,3947,They will entertain the guests with a magic show.,Они будут развлекать гостей магическим шоу.
3948,3948,The food at the restaurant was fantastic and delicious.,Еда в ресторане была фантастической и вкусной.
3949,3949,They will assign you a mentor for the project.,Вам назначат наставника для проекта.
3950,3950,Inflation has been rising steadily over the past year.,Инфляция растёт стабильно в течение прошлого года.
3951,3951,The signing of the treaty was a historic moment for both countries.,Подписание договора стало историческим моментом для обеих стран.
3952,3952,Be careful not to injure yourself while playing.,"Будь осторожен, чтобы не травмироваться во время игры."
3953,3953,He lives in a remote area far from the city.,"Он живёт в удалённой местности, далеко от города."
3954,3954,You need to twist the cap to open the bottle.,"Вам нужно скрутить крышку, чтобы открыть бутылку."
3955,3955,The company is hiring new personnel for the summer.,Компания нанимает новый персонал на лето.
3956,3956,Children have a wonderful imagination when they play.,"У детей замечательное воображение, когда они играют."
3957,3957,She has a sore throat and needs to rest.,"У неё болит горло, и ей нужно отдохнуть."
3958,3958,His insight into the problem helped us find a solution.,Его понимание проблемы помогло нам найти решение.
3959,3959,I will cherish this memory forever in my heart.,Я буду хранить эту память навсегда в своём сердце.
3960,3960,The results exceed our expectations this quarter.,Результаты превышают наши ожидания в этом квартале.
3961,3961,We need to reduce our expenditure to save money.,"Нам нужно сократить наши расходы, чтобы сэкономить деньги."
3962,3962,The news brought her immense joy after a long wait.,Эти новости принесли ей огромную радость после долгого ожидания.
3963,3963,She is pregnant and excited about the baby.,Она беременна и взволнована из-за ребёнка.
3964,3964,Make sure to check the gear before riding the bike.,"Убедитесь, что вы проверили снаряжение перед тем, как сесть на велосипед."
3965,3965,He is a famous poet known for his deep verses.,"Он известный поэт, известный своими глубокими стихами."
3966,3966,She inherited a fortune from her grandfather.,Она унаследовала состояние от своего деда.
3967,3967,The graduation ceremony will take place next week.,Церемония вручения дипломов состоится на следующей неделе.
3968,3968,Please pile the books on the table neatly.,"Пожалуйста, аккуратно сложите книги на столе."
3969,3969,The cake recipe requires a mixture of flour and sugar.,Рецепт торта требует смеси муки и сахара.
3970,3970,The lights turn off automatically at midnight.,Свет выключается автоматически в полночь.
3971,3971,She is a respected scholar in the field of biology.,Она уважаемый учёный в области биологии.
3972,3972,The movie explores deep psychological themes of fear.,Фильм исследует глубокие психологические темы страха.
3973,3973,"The weather changed dramatically overnight, surprising everyone.","Погода резко изменилась за ночь, удивив всех."
3974,3974,He has a significant stake in the company's success.,У него есть значительная доля в успехе компании.
3975,3975,The forest is home to many strange creatures.,В лесу обитает много странных существ.
3976,3976,Their partnership has led to great business success.,Их партнёрство привело к большому бизнес-успеху.
3977,3977,Participation in the event is open to everyone.,Участие в мероприятии открыто для всех.
3978,3978,The contract includes a clause about termination.,Контракт включает пункт о расторжении.
3979,3979,There is a penalty for late submission of the report.,Существует штраф за позднюю подачу отчёта.
3980,3980,The chamber was filled with beautiful paintings.,Камера была заполнена красивыми картинами.
3981,3981,She wore a fancy dress to the party last night.,На вечеринке вчера она была в изысканном платье.
3982,3982,The store sells a variety of clothing for all ages.,Магазин продаёт разнообразную одежду для всех возрастов.
3983,3983,Species must evolve to survive changing environments.,"Видов необходимо развиваться, чтобы выжить в изменяющихся условиях."
3984,3984,He did it for the sake of his family’s future.,Он сделал это ради будущего своей семьи.
3985,3985,The new marketing strategy will boost sales significantly.,Новая маркетинговая стратегия значительно повысит продажи.
3986,3986,The dog wagged its tail happily when it saw me.,"Собака радостно виляла хвостом, когда увидела меня."
3987,3987,His possession of rare books makes him a collector.,Его владение редкими книгами делает его коллекционером.
3988,3988,The topic of abortion is often debated in society.,Тема аборта часто обсуждается в обществе.
3989,3989,She has always been curious about different cultures.,Ей всегда было любопытно узнать о разных культурах.
3990,3990,The table is made of a beautiful wooden material.,Стол сделан из красивого деревянного материала.
3991,3991,The tech industry is experiencing a significant boom right now.,Технологическая индустрия сейчас переживает значительный бум.
3992,3992,He told a fascinating tale about his travels.,Он рассказал увлекательную историю о своих путешествиях.
3993,3993,Regular maintenance is essential for the car's performance.,Регулярное обслуживание необходимо для работы машины.
3994,3994,"She studied hard; consequently, she passed the exam.","Она усердно училась, следовательно, сдала экзамен."
3995,3995,We need to strengthen our team for the upcoming project.,Нам нужно укрепить нашу команду для предстоящего проекта.
3996,3996,I enjoy reading whilst waiting for the bus.,"Мне нравится читать, в то время как я жду автобус."
3997,3997,Time is a major constraint for this project.,Время является основным ограничением для этого проекта.
3998,3998,Please fold the letter before putting it in the envelope.,"Пожалуйста, сложите письмо перед тем, как положить его в конверт."
3999,3999,"Throw the trash in the bin, not on the floor.","Выбросьте мусор в корзину, а не на пол."
4000,4000,The building will undergo renovations next month.,Здание претерпит ремонт в следующем месяце.
4001,4001,This method can potentially improve our results.,Этот метод потенциально может улучшить наши результаты.
4002,4002,We need to define the scope of the project clearly.,Нам нужно четко определить рамки проекта.
4003,4003,Children often pretend to be superheroes during play.,Дети часто притворяются супергероями во время игры.
4004,4004,They allege that the company broke the law.,"Они утверждают, что компания нарушила закон."
4005,4005,She takes great pride in her work and achievements.,Она гордится своей работой и достижениями.
4006,4006,The training was intense but very rewarding.,"Тренировка была интенсивной, но очень полезной."
4007,4007,The inquiry into the incident will take several weeks.,Расследование инцидента займет несколько недель.
4008,4008,He enjoys learning the craft of woodworking.,Ему нравится изучать ремесло деревообработки.
4009,4009,The architect used concrete for the new building.,Архитектор использовал бетон для нового здания.
4010,4010,The turtle hid inside its shell for safety.,Черепаха спряталась в своей оболочке для безопасности.
4011,4011,That was a damn good movie we watched last night.,"Это был проклятый хороший фильм, который мы смотрели прошлой ночью."
4012,4012,She has a distinct style that everyone admires.,"У неё отчётливый стиль, который все восхищаются."
4013,4013,His sense of humor makes every meeting enjoyable.,Его чувство юмора делает каждую встречу приятной.
4014,4014,There is a limitation to how much we can achieve.,"Существует ограничение на то, сколько мы можем достичь."
4015,4015,The increase in sales is an indication of success.,Рост продаж является признаком успеха.
4016,4016,Economic stability is essential for growth.,Экономическая стабильность необходима для роста.
4017,4017,It is wise to save money for emergencies.,Мудро откладывать деньги на непредвиденные случаи.
4018,4018,Do not neglect your health; it is very important.,Не пренебрегай своим здоровьем; это очень важно.
4019,4019,He spent a year in jail for his crimes.,Он провёл год в тюрьме за свои преступления.
4020,4020,It was a mere coincidence that we met again.,"Это было всего лишь совпадение, что мы встретились снова."
4021,4021,Carbon is a key element in organic chemistry.,Углерод является ключевым элементом в органической химии.
4022,4022,The government needs to regulate the industry better.,Правительству нужно лучше регулировать эту отрасль.
4023,4023,The loud noise can trigger a panic response.,Громкий шум может запустить паническую реакцию.
4024,4024,The plumber fixed the broken pipe in the kitchen.,Слесарь починил сломанную трубу на кухне.
4025,4025,The hurricane caused widespread destruction in the area.,Ураган вызвал масштабное разрушение в этом районе.
4026,4026,They raised the national flag during the ceremony.,Они подняли национальный флаг во время церемонии.
4027,4027,The magician performed a magic trick that amazed everyone.,"Маг выступил с магическим трюком, который удивил всех."
4028,4028,The book is a mystery that keeps you guessing.,"Эта книга — тайна, которая заставляет вас гадать."
4029,4029,The rear door of the car is broken.,Задняя дверь машины сломана.
4030,4030,The moon shone brightly in the sky.,Луна ярко светила на небе.
4031,4031,"Presumably, he will arrive by noon.","Предположительно, он приедет к полудню."
4032,4032,They asked the priest to bless their home.,Они попросили священника благословить их дом.
4033,4033,The airline offers great discounts this season.,Авиакомпания предлагает отличные скидки в этом сезоне.
4034,4034,The amendment to the law was approved yesterday.,Поправка к закону была одобрена вчера.
4035,4035,The jury reached a unanimous decision after deliberation.,Присяжные единогласно приняли решение после обсуждения.
4036,4036,International cooperation is essential for peace.,Международное сотрудничество необходимо для мира.
4037,4037,The civilian population was affected by the conflict.,Гражданское население пострадало от конфликта.
4038,4038,Her composition was praised by the teacher.,Её сочинение было похвалено учителем.
4039,4039,They decided to go ahead with the project regardless of the cost.,Они решили продолжить проект независимо от стоимости.
4040,4040,Please scan the document and send it to me.,"Пожалуйста, отсканируй документ и отправь его мне."
4041,4041,I bought a bunch of flowers for her birthday.,Я купил связку цветов на её день рождения.
4042,4042,The debate focused on racial equality in education.,Дебаты сосредоточились на расовом равенстве в образовании.
4043,4043,I will greet my friends at the airport.,Я встречу своих друзей в аэропорту.
4044,4044,"Hopefully, we will finish the project on time.","Надеюсь, мы закончим проект вовремя."
4045,4045,He showed me a magic trick that amazed everyone.,"Он показал мне магический трюк, который удивил всех."
4046,4046,Please write a paragraph about your favorite book.,"Пожалуйста, напишите абзац о вашей любимой книге."
4047,4047,The maker of this watch is very reputable.,Изготовитель этих часов очень уважаемый.
4048,4048,The new policy will stimulate economic growth.,Новая политика будет стимулировать экономический рост.
4049,4049,The tissue in this shirt is very soft.,Ткань в этой рубашке очень мягкая.
4050,4050,She barely finished her homework on time.,Она едва закончила домашнее задание вовремя.
4051,4051,Tourism has significantly boosted the local economy.,Туризм значительно поддержал местную экономику.
4052,4052,He is a pro at playing the guitar.,Он профессионал в игре на гитаре.
4053,4053,I tripped on the last stair of the staircase.,Я споткнулся на последней ступеньке лестницы.
4054,4054,Do not hesitate to ask for help if you need it.,"Не колебитесь обращаться за помощью, если она вам нужна."
4055,4055,They had a romantic dinner by the candlelight.,У них был романтический ужин при свечах.
4056,4056,She held the box firmly to avoid dropping it.,"Она крепко держала коробку, чтобы не уронить её."
4057,4057,The interior of the house is beautifully decorated.,Интерьер дома красиво оформлен.
4058,4058,I found my keys nowhere in the house.,Я не нашёл свои ключи нигде в доме.
4059,4059,They pray for peace every evening.,Они молятся за мир каждый вечер.
4060,4060,He won the championship last year.,Он выиграл чемпионат в прошлом году.
4061,4061,The servant brought tea to the guests.,Слуга принёс чай гостям.
4062,4062,Many immigrant families enrich our culture.,Многие иммигрантские семьи обогащают нашу культуру.
4063,4063,There is an excess of sugar in this recipe.,В этом рецепте избыток сахара.
4064,4064,The complexity of the problem surprised everyone.,Сложность проблемы удивила всех.
4065,4065,"Surprisingly, he finished the race in first place.","Удивительно, но он финишировал первым."
4066,4066,You need to extract the juice from the oranges.,Вам нужно извлечь сок из апельсинов.
4067,4067,The implementation of the plan took several months.,Реализация плана заняла несколько месяцев.
4068,4068,She approaches problems differently than her colleagues.,"Она подходит к проблемам иначе, чем её коллеги."
4069,4069,I found an interesting book in the catalog.,Я нашел интересную книгу в каталоге.
4070,4070,The continuous rain made it difficult to go outside.,Непрерывный дождь усложнял выход на улицу.
4071,4071,She wore a beautiful golden necklace to the party.,На вечеринке она носила красивое золотое ожерелье.
4072,4072,The teacher provided a guideline for the project.,Учитель дал руководство для проекта.
4073,4073,They studied the biological effects of pollution on fish.,Они изучали биологические последствия загрязнения для рыб.
4074,4074,We should consume less plastic to help the environment.,"Нам следует потреблять меньше пластика, чтобы помочь окружающей среде."
4075,4075,Living in a luxury apartment is very expensive.,Жить в роскошной квартире очень дорого.
4076,4076,I have a weekly meeting with my team every Monday.,У меня еженедельная встреча с командой каждую понедельник.
4077,4077,You can sit wherever you feel comfortable.,Ты можешь сесть где бы ни было удобно.
4078,4078,Be careful not to bite your tongue while eating.,"Будь осторожен, не укусить язык во время еды."
4079,4079,"Firstly, we need to gather all the necessary materials.","Во-первых, нам нужно собрать все необходимые материалы."
4080,4080,She felt anxious before her job interview.,Она чувствовала тревогу перед собеседованием.
4081,4081,The long hike will exhaust even the fittest person.,Долгая прогулка измождёт даже самого подтянутого человека.
4082,4082,The city’s main attraction is the historic castle.,Главная достопримечательность города - исторический замок.
4083,4083,The ocean is vast and full of mysteries.,Океан огромен и полон тайн.
4084,4084,She spoke quietly so as not to disturb anyone.,"Она говорила тихо, чтобы не беспокоить никого."
4085,4085,The ancient castle stands on the hill overlooking the village.,"Древний замок стоит на холме, возвышаясь над деревней."
4086,4086,The veteran shared his experiences from the war.,Ветеран поделился своим опытом войны.
4087,4087,Her reflection in the mirror showed her true feelings.,Её отражение в зеркале показало её истинные чувства.
4088,4088,He had the nerve to ask for a raise after the project.,У него были нервы попросить повышения после проекта.
4089,4089,Her determination helped her overcome many obstacles.,Ее решимость помогла ей преодолеть многие препятствия.
4090,4090,We were altogether happy with the results of the project.,"В целом, мы были довольны результатами проекта."
4091,4091,She enjoys reading fiction more than non-fiction books.,"Ей больше нравится читать художественную литературу, чем научные книги."
4092,4092,The cluster of stars was visible in the night sky.,Скопление звезд было видно на ночном небе.
4093,4093,There was confusion about the meeting time and place.,Существовала путаница относительно времени и места встречи.
4094,4094,His argument was based on sound logic and reasoning.,Его аргумент основывался на здравой логике и рассуждениях.
4095,4095,She tried to hint at her feelings without saying them directly.,"Она пыталась намекнуть на свои чувства, не говоря их прямо."
4096,4096,The story's beginning really hooks the reader's attention.,Начало истории действительно зацепляет внимание читателя.
4097,4097,The bell rang to signal the end of the class.,"Звонок прозвенел, чтобы сигнализировать о конце занятия."
4098,4098,Water is the most common liquid on Earth.,Вода — самая распространенная жидкость на Земле.
4099,4099,Do not panic if you lose your keys; stay calm.,"Не паникуй, если потеряешь ключи; оставайся спокойным."
4100,4100,The slope of the hill was steep and challenging to climb.,Склон холма был крутым и трудным для восхождения.
4101,4101,She found happiness in the little things in life.,Она нашла счастье в мелочах жизни.
4102,4102,His smile was genuine and made everyone feel welcome.,Его улыбка была подлинной и заставляла всех чувствовать себя желанными.
4103,4103,The vessel sailed smoothly across the calm sea.,Судно плывло гладко по спокойному морю.
4104,4104,A verb expresses an action or a state of being.,Глагол выражает действие или состояние.
4105,4105,I reckon it will rain later today.,"Я считаю, что сегодня позже пойдет дождь."
4106,4106,It's silly to worry about things you can't change.,"Глупо беспокоиться о вещах, которые ты не можешь изменить."
4107,4107,Public transportation is essential for city life.,Общественный транспорт необходим для жизни в городе.
4108,4108,The harbor was filled with boats of all sizes.,Гавань была заполнена лодками всех размеров.
4109,4109,The dog loves to chase after the ball.,Собака любит гнаться за мячом.
4110,4110,The universe is full of mysteries we have yet to explore.,"Вселенная полна тайн, которые нам ещё предстоит исследовать."
4111,4111,The weather was horrible during our vacation last year.,Погода была ужасной во время нашего отпуска в прошлом году.
4112,4112,She wrote a poem for her secret lover.,Она написала стихотворение для своего тайного возлюбленного.
4113,4113,He felt betrayed when he discovered the rat in his group.,"Он почувствовал себя преданным, когда узнал о крысе в своей группе."
4114,4114,The artist painted a beautiful portrait of his daughter.,Художник написал красивый портрет своей дочери.
4115,4115,You can substitute sugar with honey in this recipe.,Вы можете заменить сахар медом в этом рецепте.
4116,4116,This vitamin supplement is important for your health.,Этот витаминный добавка важна для вашего здоровья.
4117,4117,The adjustment to the new schedule was challenging for everyone.,Корректировка к новому расписанию была сложной для всех.
4118,4118,She was reasonably confident about her chances to win.,Она была разумно уверена в своих шансах на победу.
4119,4119,You should filter the water before drinking it.,"Вам следует фильтровать воду перед тем, как пить её."
4120,4120,He has a flexible schedule that allows him to travel often.,"У него гибкий график, который позволяет ему часто путешествовать."
4121,4121,We set up our tent near the lake for the night.,Мы установили нашу палатку рядом с озером на ночь.
4122,4122,Her instructions were precise and easy to follow.,Её инструкции были точными и лёгкими для выполнения.
4123,4123,They live in a distant part of the country.,Они живут в далёкой части страны.
4124,4124,The tree provides shade on hot summer days.,Дерево даёт тень в жаркие летние дни.
4125,4125,The farmer harvested grain from the fields last week.,Фермер собрал зерно с полей на прошлой неделе.
4126,4126,They plan to situate the new office downtown.,Они планируют расположить новый офис в центре города.
4127,4127,Please summarize the main points of the discussion.,"Пожалуйста, суммируйте основные моменты обсуждения."
4128,4128,He decided to leap into the water to cool off.,"Он решил прыгнуть в воду, чтобы охладиться."
4129,4129,The branch will snap if you put too much weight on it.,"Ветка сломается, если ты положишь на неё слишком много веса."
4130,4130,There is a high probability of rain tomorrow.,Вероятность дождя завтра высокая.
4131,4131,She spoke with uncertainty about her future plans.,Она говорила с неопределённостью о своих планах на будущее.
4132,4132,I swear I saw him at the party last night.,"Я клянусь, что видел его на вечеринке прошлой ночью."
4133,4133,The refugee shared his story of escaping the war.,Беженец поделился своей историей о побеге от войны.
4134,4134,"We walked along the shore, collecting seashells.","Мы гуляли вдоль берега, собирая ракушки."
4135,4135,She receives a monthly report on her investments.,Она получает ежемесячный отчёт о своих инвестициях.
4136,4136,The committee will comprise five members from different departments.,Комитет будет включать в себя пять членов из разных отделов.
4137,4137,Please stir the soup to mix the ingredients well.,"Пожалуйста, помешай суп, чтобы хорошо смешать ингредиенты."
4138,4138,The excitement in the air was palpable during the concert.,Волнение в воздухе было ощутимо во время концерта.
4139,4139,She let out a sigh of relief after hearing the good news.,"Она вздохнула с облегчением, услышав хорошие новости."
4140,4140,Her pregnancy has been going smoothly so far.,Её беременность проходит хорошо до сих пор.
4141,4141,They are conducting experimental research on new technologies.,Они проводят экспериментальные исследования новых технологий.
4142,4142,The institutional changes will take time to implement.,Институциональные изменения потребуют времени для реализации.
4143,4143,Can you cut me a slice of that delicious cake?,Можешь нарезать мне ломтик этого вкусного торта?
4144,4144,I love to wander through the city on weekends.,Мне нравится бродить по городу по выходным.
4145,4145,The Roman Empire was one of the largest in history.,Римская империя была одной из крупнейших в истории.
4146,4146,He graduated and subsequently found a job in his field.,Он окончил учебу и впоследствии нашёл работу по специальности.
4147,4147,The gentle breeze made the hot day more pleasant.,Нежный ветерок сделал жаркий день более приятным.
4148,4148,Her attendance at the meetings has been very consistent.,Её посещаемость на встречах была очень стабильной.
4149,4149,His ownership of the house is now official.,Его право собственности на дом теперь официально.
4150,4150,They decided to suspend the meeting until next week.,Они решили приостановить встречу до следующей недели.
4151,4151,The new design is both stylish and functional.,Новый дизайн стильный и функциональный.
4152,4152,She made a voluntary donation to the charity.,Она сделала добровольное пожертвование на благотворительность.
4153,4153,Her face turned pale when she heard the news.,"Её лицо побледнело, когда она услышала новости."
4154,4154,Be careful not to stain your shirt with that sauce.,"Будь осторожен, чтобы не испачкать свою рубашку этим соусом."
4155,4155,"He speaks three languages, including his mother tongue.","Он говорит на трёх языках, включая родной язык."
4156,4156,The server crashed during the busy hours.,Сервер упал в часы пик.
4157,4157,They made structural changes to the building.,Они внесли структурные изменения в здание.
4158,4158,Don't fool yourself into thinking it will be easy.,"Не обманывай себя, думая, что это будет легко."
4159,4159,She works alongside her colleagues every day.,Она работает рядом с коллегами каждый день.
4160,4160,The goal is to unite people from different backgrounds.,"Цель состоит в том, чтобы объединить людей из разных слоёв общества."
4161,4161,He gently placed the baby in her crib.,Он нежно положил малыша в его кроватку.
4162,4162,Can you compute the total cost of the project?,Можешь вычислить общую стоимость проекта?
4163,4163,"That was a weird coincidence, wasn't it?","Это было странное совпадение, не так ли?"
4164,4164,She loves to gaze at the stars at night.,Она любит пристально смотреть на звёзды ночью.
4165,4165,The colors of the painting begin to fade over time.,Цвета картины со временем начинают тускнеть.
4166,4166,The royal family attended the ceremony together.,Королевская семья присутствовала на церемонии вместе.
4167,4167,His ideas are more theoretical than practical.,"Его идеи более теоретические, чем практические."
4168,4168,The mayor will give a speech at the event.,Мэр выступит с речью на мероприятии.
4169,4169,The darkness made it hard to see anything.,Темнота затрудняла увидеть что-либо.
4170,4170,He won the chess tournament last weekend.,Он выиграл шахматный турнир на прошлых выходных.
4171,4171,The registration for the course is open now.,Регистрация на курс сейчас открыта.
4172,4172,She found a fragment of the ancient pottery.,Она нашла фрагмент древней керамики.
4173,4173,A good listener can help you feel understood.,Хороший слушатель может помочь вам почувствовать себя понятым.
4174,4174,The density of water is one gram per cubic centimeter.,Плотность воды составляет один грамм на кубический сантиметр.
4175,4175,He wore an ugly sweater to the party.,Он надел уродливый свитер на вечеринку.
4176,4176,This module covers advanced programming techniques.,Этот модуль охватывает продвинутые техники программирования.
4177,4177,She faithfully followed the instructions given.,Она верно следовала данным инструкциям.
4178,4178,He kissed her on the cheek before leaving.,Он поцеловал её в щеку перед уходом.
4179,4179,Don't forget to add the attachment to your email.,Не забудьте прикрепить вложение к вашему письму.
4180,4180,The trophy holder displayed his award proudly.,Держатель трофея гордо выставил свою награду.
4181,4181,He couldn't help but grin at the funny joke.,Он не мог не ухмыльнуться над смешной шуткой.
4182,4182,A noun is a word that represents a person or thing.,"Существительное — это слово, которое обозначает человека или вещь."
4183,4183,I feel fortunate to have such supportive friends.,"Я чувствую себя удачливым, имея таких поддерживающих друзей."
4184,4184,"Everything will be alright in the end, trust me.","Всё будет хорошо в конце, поверь мне."
4185,4185,Hunger can make people act in strange ways.,Голод может заставить людей действовать странным образом.
4186,4186,It's important to insure your car against theft.,Важно застраховать свой автомобиль от кражи.
4187,4187,She felt ashamed of her behavior at the party.,Она чувствовала себя пристыженной из-за своего поведения на вечеринке.
4188,4188,They found a new way to improve their process.,Они основали новый способ улучшить свой процесс.
4189,4189,"After the long run, I felt a strong thirst.",После долгого забега я почувствовал сильную жажду.
