id,word_id,form,grammar,person,tense
1,47,am,present,I,şimdi
2,47,are,present,you,şimdi
3,47,is,present,he/she,şimdi
4,47,are,present,we,şimdi
5,47,are,present,you (pl),şimdi
6,47,are,present,they,şimdi
7,47,was,past,I,di
8,47,were,past,you,di
9,47,was,past,he/she,di
10,47,were,past,we,di
11,47,were,past,you (pl),di
12,47,were,past,they,di
13,47,will be,future,I,gelecek
14,47,will be,future,you,gelecek
15,47,will be,future,he/she,gelecek
16,47,will be,future,we,gelecek
17,47,will be,future,you (pl),gelecek
18,47,will be,future,they,gelecek
19,148,buy,present,I,şimdi
20,148,buy,present,you,şimdi
21,148,buys,present,he/she,şimdi
22,148,buy,present,we,şimdi
23,148,buy,present,you (pl),şimdi
24,148,buy,present,they,şimdi
25,148,bought,past,I,di
26,148,bought,past,you,di
27,148,bought,past,he/she,di
28,148,bought,past,we,di
29,148,bought,past,you (pl),di
30,148,bought,past,they,di
31,148,will buy,future,I,gelecek
32,148,will buy,future,you,gelecek
33,148,will buy,future,he/she,gelecek
34,148,will buy,future,we,gelecek
35,148,will buy,future,you (pl),gelecek
36,148,will buy,future,they,gelecek
37,149,sell,present,I,şimdi
38,149,sell,present,you,şimdi
39,149,sells,present,he/she,şimdi
40,149,sell,present,we,şimdi
41,149,sell,present,you (pl),şimdi
42,149,sell,present,they,şimdi
43,149,sold,past,I,di
44,149,sold,past,you,di
45,149,sold,past,he/she,di
46,149,sold,past,we,di
47,149,sold,past,you (pl),di
48,149,sold,past,they,di
49,149,will sell,future,I,gelecek
50,149,will sell,future,you,gelecek
51,149,will sell,future,he/she,gelecek
52,149,will sell,future,we,gelecek
53,149,will sell,future,you (pl),gelecek
54,149,will sell,future,they,gelecek
55,150,have,present,I,şimdi
56,150,have,present,you,şimdi
57,150,has,present,he/she,şimdi
58,150,have,present,we,şimdi
59,150,have,present,you (pl),şimdi
60,150,have,present,they,şimdi
61,150,had,past,I,di
62,150,had,past,you,di
63,150,had,past,he/she,di
64,150,had,past,we,di
65,150,had,past,you (pl),di
66,150,had,past,they,di
67,150,will have,future,I,gelecek
68,150,will have,future,you,gelecek
69,150,will have,future,he/she,gelecek
70,150,will have,future,we,gelecek
71,150,will have,future,you (pl),gelecek
72,150,will have,future,they,gelecek
73,151,need,present,I,şimdi
74,151,need,present,you,şimdi
75,151,needs,present,he/she,şimdi
76,151,need,present,we,şimdi
77,151,need,present,you (pl),şimdi
78,151,need,present,they,şimdi
79,151,needed,past,I,di
80,151,needed,past,you,di
81,151,needed,past,he/she,di
82,151,needed,past,we,di
83,151,needed,past,you (pl),di
84,151,needed,past,they,di
85,151,will need,future,I,gelecek
86,151,will need,future,you,gelecek
87,151,will need,future,he/she,gelecek
88,151,will need,future,we,gelecek
89,151,will need,future,you (pl),gelecek
90,151,will need,future,they,gelecek
91,152,want,present,I,şimdi
92,152,want,present,you,şimdi
93,152,wants,present,he/she,şimdi
94,152,want,present,we,şimdi
95,152,want,present,you (pl),şimdi
96,152,want,present,they,şimdi
97,152,wanted,past,I,di
98,152,wanted,past,you,di
99,152,wanted,past,he/she,di
100,152,wanted,past,we,di
101,152,wanted,past,you (pl),di
102,152,wanted,past,they,di
103,152,will want,future,I,gelecek
104,152,will want,future,you,gelecek
105,152,will want,future,he/she,gelecek
106,152,will want,future,we,gelecek
107,152,will want,future,you (pl),gelecek
108,152,will want,future,they,gelecek
109,153,open,present,I,şimdi
110,153,open,present,you,şimdi
111,153,opens,present,he/she,şimdi
112,153,open,present,we,şimdi
113,153,open,present,you (pl),şimdi
114,153,open,present,they,şimdi
115,153,opened,past,I,di
116,153,opened,past,you,di
117,153,opened,past,he/she,di
118,153,opened,past,we,di
119,153,opened,past,you (pl),di
120,153,opened,past,they,di
121,153,will open,future,I,gelecek
122,153,will open,future,you,gelecek
123,153,will open,future,he/she,gelecek
124,153,will open,future,we,gelecek
125,153,will open,future,you (pl),gelecek
126,153,will open,future,they,gelecek
127,154,close,present,I,şimdi
128,154,close,present,you,şimdi
129,154,closes,present,he/she,şimdi
130,154,close,present,we,şimdi
131,154,close,present,you (pl),şimdi
132,154,close,present,they,şimdi
133,154,closed,past,I,di
134,154,closed,past,you,di
135,154,closed,past,he/she,di
136,154,closed,past,we,di
137,154,closed,past,you (pl),di
138,154,closed,past,they,di
139,154,will close,future,I,gelecek
140,154,will close,future,you,gelecek
141,154,will close,future,he/she,gelecek
142,154,will close,future,we,gelecek
143,154,will close,future,you (pl),gelecek
144,154,will close,future,they,gelecek
145,155,look,present,I,şimdi
146,155,look,present,you,şimdi
147,155,looks,present,he/she,şimdi
148,155,look,present,we,şimdi
149,155,look,present,you (pl),şimdi
150,155,look,present,they,şimdi
151,155,looked,past,I,di
152,155,looked,past,you,di
153,155,looked,past,he/she,di
154,155,looked,past,we,di
155,155,looked,past,you (pl),di
156,155,looked,past,they,di
157,155,will look,future,I,gelecek
158,155,will look,future,you,gelecek
159,155,will look,future,he/she,gelecek
160,155,will look,future,we,gelecek
161,155,will look,future,you (pl),gelecek
162,155,will look,future,they,gelecek
163,156,listen,present,I,şimdi
164,156,listen,present,you,şimdi
165,156,listens,present,he/she,şimdi
166,156,listen,present,we,şimdi
167,156,listen,present,you (pl),şimdi
168,156,listen,present,they,şimdi
169,156,listened,past,I,di
170,156,listened,past,you,di
171,156,listened,past,he/she,di
172,156,listened,past,we,di
173,156,listened,past,you (pl),di
174,156,listened,past,they,di
175,156,will listen,future,I,gelecek
176,156,will listen,future,you,gelecek
177,156,will listen,future,he/she,gelecek
178,156,will listen,future,we,gelecek
179,156,will listen,future,you (pl),gelecek
180,156,will listen,future,they,gelecek
181,157,read,present,I,şimdi
182,157,read,present,you,şimdi
183,157,reads,present,he/she,şimdi
184,157,read,present,we,şimdi
185,157,read,present,you (pl),şimdi
186,157,read,present,they,şimdi
187,157,read,past,I,di
188,157,read,past,you,di
189,157,read,past,he/she,di
190,157,read,past,we,di
191,157,read,past,you (pl),di
192,157,read,past,they,di
193,157,will read,future,I,gelecek
194,157,will read,future,you,gelecek
195,157,will read,future,he/she,gelecek
196,157,will read,future,we,gelecek
197,157,will read,future,you (pl),gelecek
198,157,will read,future,they,gelecek
199,158,write,present,I,şimdi
200,158,write,present,you,şimdi
201,158,writes,present,he/she,şimdi
202,158,write,present,we,şimdi
203,158,write,present,you (pl),şimdi
204,158,write,present,they,şimdi
205,158,wrote,past,I,di
206,158,wrote,past,you,di
207,158,wrote,past,he/she,di
208,158,wrote,past,we,di
209,158,wrote,past,you (pl),di
210,158,wrote,past,they,di
211,158,will write,future,I,gelecek
212,158,will write,future,you,gelecek
213,158,will write,future,he/she,gelecek
214,158,will write,future,we,gelecek
215,158,will write,future,you (pl),gelecek
216,158,will write,future,they,gelecek
217,159,speak,present,I,şimdi
218,159,speak,present,you,şimdi
219,159,speaks,present,he/she,şimdi
220,159,speak,present,we,şimdi
221,159,speak,present,you (pl),şimdi
222,159,speak,present,they,şimdi
223,159,spoke,past,I,di
224,159,spoke,past,you,di
225,159,spoke,past,he/she,di
226,159,spoke,past,we,di
227,159,spoke,past,you (pl),di
228,159,spoke,past,they,di
229,159,will speak,future,I,gelecek
230,159,will speak,future,you,gelecek
231,159,will speak,future,he/she,gelecek
232,159,will speak,future,we,gelecek
233,159,will speak,future,you (pl),gelecek
234,159,will speak,future,they,gelecek
235,233,eat,present,I,şimdi
236,233,eat,present,you,şimdi
237,233,eats,present,he/she,şimdi
238,233,eat,present,we,şimdi
239,233,eat,present,you (pl),şimdi
240,233,eat,present,they,şimdi
241,233,ate,past,I,di
242,233,ate,past,you,di
243,233,ate,past,he/she,di
244,233,ate,past,we,di
245,233,ate,past,you (pl),di
246,233,ate,past,they,di
247,233,will eat,future,I,gelecek
248,233,will eat,future,you,gelecek
249,233,will eat,future,he/she,gelecek
250,233,will eat,future,we,gelecek
251,233,will eat,future,you (pl),gelecek
252,233,will eat,future,they,gelecek
253,234,like,present,I,şimdi
254,234,like,present,you,şimdi
255,234,likes,present,he/she,şimdi
256,234,like,present,we,şimdi
257,234,like,present,you (pl),şimdi
258,234,like,present,they,şimdi
259,234,liked,past,I,di
260,234,liked,past,you,di
261,234,liked,past,he/she,di
262,234,liked,past,we,di
263,234,liked,past,you (pl),di
264,234,liked,past,they,di
265,234,will like,future,I,gelecek
266,234,will like,future,you,gelecek
267,234,will like,future,he/she,gelecek
268,234,will like,future,we,gelecek
269,234,will like,future,you (pl),gelecek
270,234,will like,future,they,gelecek
271,235,love,present,I,şimdi
272,235,love,present,you,şimdi
273,235,loves,present,he/she,şimdi
274,235,love,present,we,şimdi
275,235,love,present,you (pl),şimdi
276,235,love,present,they,şimdi
277,235,loved,past,I,di
278,235,loved,past,you,di
279,235,loved,past,he/she,di
280,235,loved,past,we,di
281,235,loved,past,you (pl),di
282,235,loved,past,they,di
283,235,will love,future,I,gelecek
284,235,will love,future,you,gelecek
285,235,will love,future,he/she,gelecek
286,235,will love,future,we,gelecek
287,235,will love,future,you (pl),gelecek
288,235,will love,future,they,gelecek
289,236,hate,present,I,şimdi
290,236,hate,present,you,şimdi
291,236,hates,present,he/she,şimdi
292,236,hate,present,we,şimdi
293,236,hate,present,you (pl),şimdi
294,236,hate,present,they,şimdi
295,236,hated,past,I,di
296,236,hated,past,you,di
297,236,hated,past,he/she,di
298,236,hated,past,we,di
299,236,hated,past,you (pl),di
300,236,hated,past,they,di
301,236,will hate,future,I,gelecek
302,236,will hate,future,you,gelecek
303,236,will hate,future,he/she,gelecek
304,236,will hate,future,we,gelecek
305,236,will hate,future,you (pl),gelecek
306,236,will hate,future,they,gelecek
307,237,live,present,I,şimdi
308,237,live,present,you,şimdi
309,237,lives,present,he/she,şimdi
310,237,live,present,we,şimdi
311,237,live,present,you (pl),şimdi
312,237,live,present,they,şimdi
313,237,lived,past,I,di
314,237,lived,past,you,di
315,237,lived,past,he/she,di
316,237,lived,past,we,di
317,237,lived,past,you (pl),di
318,237,lived,past,they,di
319,237,will live,future,I,gelecek
320,237,will live,future,you,gelecek
321,237,will live,future,he/she,gelecek
322,237,will live,future,we,gelecek
323,237,will live,future,you (pl),gelecek
324,237,will live,future,they,gelecek
325,238,work,present,I,şimdi
326,238,work,present,you,şimdi
327,238,works,present,he/she,şimdi
328,238,work,present,we,şimdi
329,238,work,present,you (pl),şimdi
330,238,work,present,they,şimdi
331,238,worked,past,I,di
332,238,worked,past,you,di
333,238,worked,past,he/she,di
334,238,worked,past,we,di
335,238,worked,past,you (pl),di
336,238,worked,past,they,di
337,238,will work,future,I,gelecek
338,238,will work,future,you,gelecek
339,238,will work,future,he/she,gelecek
340,238,will work,future,we,gelecek
341,238,will work,future,you (pl),gelecek
342,238,will work,future,they,gelecek
343,239,study,present,I,şimdi
344,239,study,present,you,şimdi
345,239,studies,present,he/she,şimdi
346,239,study,present,we,şimdi
347,239,study,present,you (pl),şimdi
348,239,study,present,they,şimdi
349,239,studied,past,I,di
350,239,studied,past,you,di
351,239,studied,past,he/she,di
352,239,studied,past,we,di
353,239,studied,past,you (pl),di
354,239,studied,past,they,di
355,239,will study,future,I,gelecek
356,239,will study,future,you,gelecek
357,239,will study,future,he/she,gelecek
358,239,will study,future,we,gelecek
359,239,will study,future,you (pl),gelecek
360,239,will study,future,they,gelecek
361,240,go,present,I,şimdi
362,240,go,present,you,şimdi
363,240,goes,present,he/she,şimdi
364,240,go,present,we,şimdi
365,240,go,present,you (pl),şimdi
366,240,go,present,they,şimdi
367,240,went,past,I,di
368,240,went,past,you,di
369,240,went,past,he/she,di
370,240,went,past,we,di
371,240,went,past,you (pl),di
372,240,went,past,they,di
373,240,will go,future,I,gelecek
374,240,will go,future,you,gelecek
375,240,will go,future,he/she,gelecek
376,240,will go,future,we,gelecek
377,240,will go,future,you (pl),gelecek
378,240,will go,future,they,gelecek
379,241,come,present,I,şimdi
380,241,come,present,you,şimdi
381,241,comes,present,he/she,şimdi
382,241,come,present,we,şimdi
383,241,come,present,you (pl),şimdi
384,241,come,present,they,şimdi
385,241,came,past,I,di
386,241,came,past,you,di
387,241,came,past,he/she,di
388,241,came,past,we,di
389,241,came,past,you (pl),di
390,241,came,past,they,di
391,241,will come,future,I,gelecek
392,241,will come,future,you,gelecek
393,241,will come,future,he/she,gelecek
394,241,will come,future,we,gelecek
395,241,will come,future,you (pl),gelecek
396,241,will come,future,they,gelecek
397,242,get up,present,I,şimdi
398,242,get up,present,you,şimdi
399,242,gets up,present,he/she,şimdi
400,242,get up,present,we,şimdi
401,242,get up,present,you (pl),şimdi
402,242,get up,present,they,şimdi
403,242,got up,past,I,di
404,242,got up,past,you,di
405,242,got up,past,he/she,di
406,242,got up,past,we,di
407,242,got up,past,you (pl),di
408,242,got up,past,they,di
409,242,will get up,future,I,gelecek
410,242,will get up,future,you,gelecek
411,242,will get up,future,he/she,gelecek
412,242,will get up,future,we,gelecek
413,242,will get up,future,you (pl),gelecek
414,242,will get up,future,they,gelecek
415,243,go to bed,present,I,şimdi
416,243,go to bed,present,you,şimdi
417,243,goes to bed,present,he/she,şimdi
418,243,go to bed,present,we,şimdi
419,243,go to bed,present,you (pl),şimdi
420,243,go to bed,present,they,şimdi
421,243,went to bed,past,I,di
422,243,went to bed,past,you,di
423,243,went to bed,past,he/she,di
424,243,went to bed,past,we,di
425,243,went to bed,past,you (pl),di
426,243,went to bed,past,they,di
427,243,will go to bed,future,I,gelecek
428,243,will go to bed,future,you,gelecek
429,243,will go to bed,future,he/she,gelecek
430,243,will go to bed,future,we,gelecek
431,243,will go to bed,future,you (pl),gelecek
432,243,will go to bed,future,they,gelecek
433,244,start,present,I,şimdi
434,244,start,present,you,şimdi
435,244,starts,present,he/she,şimdi
436,244,start,present,we,şimdi
437,244,start,present,you (pl),şimdi
438,244,start,present,they,şimdi
439,244,started,past,I,di
440,244,started,past,you,di
441,244,started,past,he/she,di
442,244,started,past,we,di
443,244,started,past,you (pl),di
444,244,started,past,they,di
445,244,will start,future,I,gelecek
446,244,will start,future,you,gelecek
447,244,will start,future,he/she,gelecek
448,244,will start,future,we,gelecek
449,244,will start,future,you (pl),gelecek
450,244,will start,future,they,gelecek
451,245,finish,present,I,şimdi
452,245,finish,present,you,şimdi
453,245,finishes,present,he/she,şimdi
454,245,finish,present,we,şimdi
455,245,finish,present,you (pl),şimdi
456,245,finish,present,they,şimdi
457,245,finished,past,I,di
458,245,finished,past,you,di
459,245,finished,past,he/she,di
460,245,finished,past,we,di
461,245,finished,past,you (pl),di
462,245,finished,past,they,di
463,245,will finish,future,I,gelecek
464,245,will finish,future,you,gelecek
465,245,will finish,future,he/she,gelecek
466,245,will finish,future,we,gelecek
467,245,will finish,future,you (pl),gelecek
468,245,will finish,future,they,gelecek
469,249,travel,present,I,şimdi
470,249,travel,present,you,şimdi
471,249,travels,present,he/she,şimdi
472,249,travel,present,we,şimdi
473,249,travel,present,you (pl),şimdi
474,249,travel,present,they,şimdi
475,249,traveled,past,I,di
476,249,traveled,past,you,di
477,249,traveled,past,he/she,di
478,249,traveled,past,we,di
479,249,traveled,past,you (pl),di
480,249,traveled,past,they,di
481,249,will travel,future,I,gelecek
482,249,will travel,future,you,gelecek
483,249,will travel,future,he/she,gelecek
484,249,will travel,future,we,gelecek
485,249,will travel,future,you (pl),gelecek
486,249,will travel,future,they,gelecek
487,311,play,present,I,şimdi
488,311,play,present,you,şimdi
489,311,plays,present,he/she,şimdi
490,311,play,present,we,şimdi
491,311,play,present,you (pl),şimdi
492,311,play,present,they,şimdi
493,311,played,past,I,di
494,311,played,past,you,di
495,311,played,past,he/she,di
496,311,played,past,we,di
497,311,played,past,you (pl),di
498,311,played,past,they,di
499,311,will play,future,I,gelecek
500,311,will play,future,you,gelecek
501,311,will play,future,he/she,gelecek
502,311,will play,future,we,gelecek
503,311,will play,future,you (pl),gelecek
504,311,will play,future,they,gelecek
505,312,cook,present,I,şimdi
506,312,cook,present,you,şimdi
507,312,cooks,present,he/she,şimdi
508,312,cook,present,we,şimdi
509,312,cook,present,you (pl),şimdi
510,312,cook,present,they,şimdi
511,312,cooked,past,I,di
512,312,cooked,past,you,di
513,312,cooked,past,he/she,di
514,312,cooked,past,we,di
515,312,cooked,past,you (pl),di
516,312,cooked,past,they,di
517,312,will cook,future,I,gelecek
518,312,will cook,future,you,gelecek
519,312,will cook,future,he/she,gelecek
520,312,will cook,future,we,gelecek
521,312,will cook,future,you (pl),gelecek
522,312,will cook,future,they,gelecek
523,313,dance,present,I,şimdi
524,313,dance,present,you,şimdi
525,313,dances,present,he/she,şimdi
526,313,dance,present,we,şimdi
527,313,dance,present,you (pl),şimdi
528,313,dance,present,they,şimdi
529,313,danced,past,I,di
530,313,danced,past,you,di
531,313,danced,past,he/she,di
532,313,danced,past,we,di
533,313,danced,past,you (pl),di
534,313,danced,past,they,di
535,313,will dance,future,I,gelecek
536,313,will dance,future,you,gelecek
537,313,will dance,future,he/she,gelecek
538,313,will dance,future,we,gelecek
539,313,will dance,future,you (pl),gelecek
540,313,will dance,future,they,gelecek
541,314,sing,present,I,şimdi
542,314,sing,present,you,şimdi
543,314,sings,present,he/she,şimdi
544,314,sing,present,we,şimdi
545,314,sing,present,you (pl),şimdi
546,314,sing,present,they,şimdi
547,314,sang,past,I,di
548,314,sang,past,you,di
549,314,sang,past,he/she,di
550,314,sang,past,we,di
551,314,sang,past,you (pl),di
552,314,sang,past,they,di
553,314,will sing,future,I,gelecek
554,314,will sing,future,you,gelecek
555,314,will sing,future,he/she,gelecek
556,314,will sing,future,we,gelecek
557,314,will sing,future,you (pl),gelecek
558,314,will sing,future,they,gelecek
559,315,meet,present,I,şimdi
560,315,meet,present,you,şimdi
561,315,meets,present,he/she,şimdi
562,315,meet,present,we,şimdi
563,315,meet,present,you (pl),şimdi
564,315,meet,present,they,şimdi
565,315,met,past,I,di
566,315,met,past,you,di
567,315,met,past,he/she,di
568,315,met,past,we,di
569,315,met,past,you (pl),di
570,315,met,past,they,di
571,315,will meet,future,I,gelecek
572,315,will meet,future,you,gelecek
573,315,will meet,future,he/she,gelecek
574,315,will meet,future,we,gelecek
575,315,will meet,future,you (pl),gelecek
576,315,will meet,future,they,gelecek
577,316,visit,present,I,şimdi
578,316,visit,present,you,şimdi
579,316,visits,present,he/she,şimdi
580,316,visit,present,we,şimdi
581,316,visit,present,you (pl),şimdi
582,316,visit,present,they,şimdi
583,316,visited,past,I,di
584,316,visited,past,you,di
585,316,visited,past,he/she,di
586,316,visited,past,we,di
587,316,visited,past,you (pl),di
588,316,visited,past,they,di
589,316,will visit,future,I,gelecek
590,316,will visit,future,you,gelecek
591,316,will visit,future,he/she,gelecek
592,316,will visit,future,we,gelecek
593,316,will visit,future,you (pl),gelecek
594,316,will visit,future,they,gelecek
595,317,stay,present,I,şimdi
596,317,stay,present,you,şimdi
597,317,stays,present,he/she,şimdi
598,317,stay,present,we,şimdi
599,317,stay,present,you (pl),şimdi
600,317,stay,present,they,şimdi
601,317,stayed,past,I,di
602,317,stayed,past,you,di
603,317,stayed,past,he/she,di
604,317,stayed,past,we,di
605,317,stayed,past,you (pl),di
606,317,stayed,past,they,di
607,317,will stay,future,I,gelecek
608,317,will stay,future,you,gelecek
609,317,will stay,future,he/she,gelecek
610,317,will stay,future,we,gelecek
611,317,will stay,future,you (pl),gelecek
612,317,will stay,future,they,gelecek
613,318,relax,present,I,şimdi
614,318,relax,present,you,şimdi
615,318,relaxes,present,he/she,şimdi
616,318,relax,present,we,şimdi
617,318,relax,present,you (pl),şimdi
618,318,relax,present,they,şimdi
619,318,relaxed,past,I,di
620,318,relaxed,past,you,di
621,318,relaxed,past,he/she,di
622,318,relaxed,past,we,di
623,318,relaxed,past,you (pl),di
624,318,relaxed,past,they,di
625,318,will relax,future,I,gelecek
626,318,will relax,future,you,gelecek
627,318,will relax,future,he/she,gelecek
628,318,will relax,future,we,gelecek
629,318,will relax,future,you (pl),gelecek
630,318,will relax,future,they,gelecek
631,319,walk,present,I,şimdi
632,319,walk,present,you,şimdi
633,319,walks,present,he/she,şimdi
634,319,walk,present,we,şimdi
635,319,walk,present,you (pl),şimdi
636,319,walk,present,they,şimdi
637,319,walked,past,I,di
638,319,walked,past,you,di
639,319,walked,past,he/she,di
640,319,walked,past,we,di
641,319,walked,past,you (pl),di
642,319,walked,past,they,di
643,319,will walk,future,I,gelecek
644,319,will walk,future,you,gelecek
645,319,will walk,future,he/she,gelecek
646,319,will walk,future,we,gelecek
647,319,will walk,future,you (pl),gelecek
648,319,will walk,future,they,gelecek
649,320,drive,present,I,şimdi
650,320,drive,present,you,şimdi
651,320,drives,present,he/she,şimdi
652,320,drive,present,we,şimdi
653,320,drive,present,you (pl),şimdi
654,320,drive,present,they,şimdi
655,320,drove,past,I,di
656,320,drove,past,you,di
657,320,drove,past,he/she,di
658,320,drove,past,we,di
659,320,drove,past,you (pl),di
660,320,drove,past,they,di
661,320,will drive,future,I,gelecek
662,320,will drive,future,you,gelecek
663,320,will drive,future,he/she,gelecek
664,320,will drive,future,we,gelecek
665,320,will drive,future,you (pl),gelecek
666,320,will drive,future,they,gelecek
667,321,ride,present,I,şimdi
668,321,ride,present,you,şimdi
669,321,rides,present,he/she,şimdi
670,321,ride,present,we,şimdi
671,321,ride,present,you (pl),şimdi
672,321,ride,present,they,şimdi
673,321,rode,past,I,di
674,321,rode,past,you,di
675,321,rode,past,he/she,di
676,321,rode,past,we,di
677,321,rode,past,you (pl),di
678,321,rode,past,they,di
679,321,will ride,future,I,gelecek
680,321,will ride,future,you,gelecek
681,321,will ride,future,he/she,gelecek
682,321,will ride,future,we,gelecek
683,321,will ride,future,you (pl),gelecek
684,321,will ride,future,they,gelecek
685,339,can,present,I,şimdi
686,339,can,present,you,şimdi
687,339,can,present,he/she,şimdi
688,339,can,present,we,şimdi
689,339,can,present,you (pl),şimdi
690,339,can,present,they,şimdi
691,339,could,past,I,di
692,339,could,past,you,di
693,339,could,past,he/she,di
694,339,could,past,we,di
695,339,could,past,you (pl),di
696,339,could,past,they,di
697,339,will be able to,future,I,gelecek
698,339,will be able to,future,you,gelecek
699,339,will be able to,future,he/she,gelecek
700,339,will be able to,future,we,gelecek
701,339,will be able to,future,you (pl),gelecek
702,339,will be able to,future,they,gelecek
703,340,park,present,I,şimdi
704,340,park,present,you,şimdi
705,340,parks,present,he/she,şimdi
706,340,park,present,we,şimdi
707,340,park,present,you (pl),şimdi
708,340,park,present,they,şimdi
709,340,parked,past,I,di
710,340,parked,past,you,di
711,340,parked,past,he/she,di
712,340,parked,past,we,di
713,340,parked,past,you (pl),di
714,340,parked,past,they,di
715,340,will park,future,I,gelecek
716,340,will park,future,you,gelecek
717,340,will park,future,he/she,gelecek
718,340,will park,future,we,gelecek
719,340,will park,future,you (pl),gelecek
720,340,will park,future,they,gelecek
721,341,swim,present,I,şimdi
722,341,swim,present,you,şimdi
723,341,swims,present,he/she,şimdi
724,341,swim,present,we,şimdi
725,341,swim,present,you (pl),şimdi
726,341,swim,present,they,şimdi
727,341,swam,past,I,di
728,341,swam,past,you,di
729,341,swam,past,he/she,di
730,341,swam,past,we,di
731,341,swam,past,you (pl),di
732,341,swam,past,they,di
733,341,will swim,future,I,gelecek
734,341,will swim,future,you,gelecek
735,341,will swim,future,he/she,gelecek
736,341,will swim,future,we,gelecek
737,341,will swim,future,you (pl),gelecek
738,341,will swim,future,they,gelecek
739,342,ski,present,I,şimdi
740,342,ski,present,you,şimdi
741,342,skis,present,he/she,şimdi
742,342,ski,present,we,şimdi
743,342,ski,present,you (pl),şimdi
744,342,ski,present,they,şimdi
745,342,skied,past,I,di
746,342,skied,past,you,di
747,342,skied,past,he/she,di
748,342,skied,past,we,di
749,342,skied,past,you (pl),di
750,342,skied,past,they,di
751,342,will ski,future,I,gelecek
752,342,will ski,future,you,gelecek
753,342,will ski,future,he/she,gelecek
754,342,will ski,future,we,gelecek
755,342,will ski,future,you (pl),gelecek
756,342,will ski,future,they,gelecek
757,343,draw,present,I,şimdi
758,343,draw,present,you,şimdi
759,343,draws,present,he/she,şimdi
760,343,draw,present,we,şimdi
761,343,draw,present,you (pl),şimdi
762,343,draw,present,they,şimdi
763,343,drew,past,I,di
764,343,drew,past,you,di
765,343,drew,past,he/she,di
766,343,drew,past,we,di
767,343,drew,past,you (pl),di
768,343,drew,past,they,di
769,343,will draw,future,I,gelecek
770,343,will draw,future,you,gelecek
771,343,will draw,future,he/she,gelecek
772,343,will draw,future,we,gelecek
773,343,will draw,future,you (pl),gelecek
774,343,will draw,future,they,gelecek
775,344,paint,present,I,şimdi
776,344,paint,present,you,şimdi
777,344,paints,present,he/she,şimdi
778,344,paint,present,we,şimdi
779,344,paint,present,you (pl),şimdi
780,344,paint,present,they,şimdi
781,344,painted,past,I,di
782,344,painted,past,you,di
783,344,painted,past,he/she,di
784,344,painted,past,we,di
785,344,painted,past,you (pl),di
786,344,painted,past,they,di
787,344,will paint,future,I,gelecek
788,344,will paint,future,you,gelecek
789,344,will paint,future,he/she,gelecek
790,344,will paint,future,we,gelecek
791,344,will paint,future,you (pl),gelecek
792,344,will paint,future,they,gelecek
793,345,take photos,present,I,şimdi
794,345,take photos,present,you,şimdi
795,345,takes photos,present,he/she,şimdi
796,345,take photos,present,we,şimdi
797,345,take photos,present,you (pl),şimdi
798,345,take photos,present,they,şimdi
799,345,took photos,past,I,di
800,345,took photos,past,you,di
801,345,took photos,past,he/she,di
802,345,took photos,past,we,di
803,345,took photos,past,you (pl),di
804,345,took photos,past,they,di
805,345,will take photos,future,I,gelecek
806,345,will take photos,future,you,gelecek
807,345,will take photos,future,he/she,gelecek
808,345,will take photos,future,we,gelecek
809,345,will take photos,future,you (pl),gelecek
810,345,will take photos,future,they,gelecek
811,346,use,present,I,şimdi
812,346,use,present,you,şimdi
813,346,uses,present,he/she,şimdi
814,346,use,present,we,şimdi
815,346,use,present,you (pl),şimdi
816,346,use,present,they,şimdi
817,346,used,past,I,di
818,346,used,past,you,di
819,346,used,past,he/she,di
820,346,used,past,we,di
821,346,used,past,you (pl),di
822,346,used,past,they,di
823,346,will use,future,I,gelecek
824,346,will use,future,you,gelecek
825,346,will use,future,he/she,gelecek
826,346,will use,future,we,gelecek
827,346,will use,future,you (pl),gelecek
828,346,will use,future,they,gelecek
829,347,help,present,I,şimdi
830,347,help,present,you,şimdi
831,347,helps,present,he/she,şimdi
832,347,help,present,we,şimdi
833,347,help,present,you (pl),şimdi
834,347,help,present,they,şimdi
835,347,helped,past,I,di
836,347,helped,past,you,di
837,347,helped,past,he/she,di
838,347,helped,past,we,di
839,347,helped,past,you (pl),di
840,347,helped,past,they,di
841,347,will help,future,I,gelecek
842,347,will help,future,you,gelecek
843,347,will help,future,he/she,gelecek
844,347,will help,future,we,gelecek
845,347,will help,future,you (pl),gelecek
846,347,will help,future,they,gelecek
847,348,wait,present,I,şimdi
848,348,wait,present,you,şimdi
849,348,waits,present,he/she,şimdi
850,348,wait,present,we,şimdi
851,348,wait,present,you (pl),şimdi
852,348,wait,present,they,şimdi
853,348,waited,past,I,di
854,348,waited,past,you,di
855,348,waited,past,he/she,di
856,348,waited,past,we,di
857,348,waited,past,you (pl),di
858,348,waited,past,they,di
859,348,will wait,future,I,gelecek
860,348,will wait,future,you,gelecek
861,348,will wait,future,he/she,gelecek
862,348,will wait,future,we,gelecek
863,348,will wait,future,you (pl),gelecek
864,348,will wait,future,they,gelecek
865,349,sit,present,I,şimdi
866,349,sit,present,you,şimdi
867,349,sits,present,he/she,şimdi
868,349,sit,present,we,şimdi
869,349,sit,present,you (pl),şimdi
870,349,sit,present,they,şimdi
871,349,sat,past,I,di
872,349,sat,past,you,di
873,349,sat,past,he/she,di
874,349,sat,past,we,di
875,349,sat,past,you (pl),di
876,349,sat,past,they,di
877,349,will sit,future,I,gelecek
878,349,will sit,future,you,gelecek
879,349,will sit,future,he/she,gelecek
880,349,will sit,future,we,gelecek
881,349,will sit,future,you (pl),gelecek
882,349,will sit,future,they,gelecek
883,350,stand,present,I,şimdi
884,350,stand,present,you,şimdi
885,350,stands,present,he/she,şimdi
886,350,stand,present,we,şimdi
887,350,stand,present,you (pl),şimdi
888,350,stand,present,they,şimdi
889,350,stood,past,I,di
890,350,stood,past,you,di
891,350,stood,past,he/she,di
892,350,stood,past,we,di
893,350,stood,past,you (pl),di
894,350,stood,past,they,di
895,350,will stand,future,I,gelecek
896,350,will stand,future,you,gelecek
897,350,will stand,future,he/she,gelecek
898,350,will stand,future,we,gelecek
899,350,will stand,future,you (pl),gelecek
900,350,will stand,future,they,gelecek
901,351,run,present,I,şimdi
902,351,run,present,you,şimdi
903,351,runs,present,he/she,şimdi
904,351,run,present,we,şimdi
905,351,run,present,you (pl),şimdi
906,351,run,present,they,şimdi
907,351,ran,past,I,di
908,351,ran,past,you,di
909,351,ran,past,he/she,di
910,351,ran,past,we,di
911,351,ran,past,you (pl),di
912,351,ran,past,they,di
913,351,will run,future,I,gelecek
914,351,will run,future,you,gelecek
915,351,will run,future,he/she,gelecek
916,351,will run,future,we,gelecek
917,351,will run,future,you (pl),gelecek
918,351,will run,future,they,gelecek
919,352,jump,present,I,şimdi
920,352,jump,present,you,şimdi
921,352,jumps,present,he/she,şimdi
922,352,jump,present,we,şimdi
923,352,jump,present,you (pl),şimdi
924,352,jump,present,they,şimdi
925,352,jumped,past,I,di
926,352,jumped,past,you,di
927,352,jumped,past,he/she,di
928,352,jumped,past,we,di
929,352,jumped,past,you (pl),di
930,352,jumped,past,they,di
931,352,will jump,future,I,gelecek
932,352,will jump,future,you,gelecek
933,352,will jump,future,he/she,gelecek
934,352,will jump,future,we,gelecek
935,352,will jump,future,you (pl),gelecek
936,352,will jump,future,they,gelecek
937,393,wear,present,I,şimdi
938,393,wear,present,you,şimdi
939,393,wears,present,he/she,şimdi
940,393,wear,present,we,şimdi
941,393,wear,present,you (pl),şimdi
942,393,wear,present,they,şimdi
943,393,wore,past,I,di
944,393,wore,past,you,di
945,393,wore,past,he/she,di
946,393,wore,past,we,di
947,393,wore,past,you (pl),di
948,393,wore,past,they,di
949,393,will wear,future,I,gelecek
950,393,will wear,future,you,gelecek
951,393,will wear,future,he/she,gelecek
952,393,will wear,future,we,gelecek
953,393,will wear,future,you (pl),gelecek
954,393,will wear,future,they,gelecek
955,394,put on,present,I,şimdi
956,394,put on,present,you,şimdi
957,394,puts on,present,he/she,şimdi
958,394,put on,present,we,şimdi
959,394,put on,present,you (pl),şimdi
960,394,put on,present,they,şimdi
961,394,put on,past,I,di
962,394,put on,past,you,di
963,394,put on,past,he/she,di
964,394,put on,past,we,di
965,394,put on,past,you (pl),di
966,394,put on,past,they,di
967,394,will put on,future,I,gelecek
968,394,will put on,future,you,gelecek
969,394,will put on,future,he/she,gelecek
970,394,will put on,future,we,gelecek
971,394,will put on,future,you (pl),gelecek
972,394,will put on,future,they,gelecek
973,395,take off,present,I,şimdi
974,395,take off,present,you,şimdi
975,395,takes off,present,he/she,şimdi
976,395,take off,present,we,şimdi
977,395,take off,present,you (pl),şimdi
978,395,take off,present,they,şimdi
979,395,took off,past,I,di
980,395,took off,past,you,di
981,395,took off,past,he/she,di
982,395,took off,past,we,di
983,395,took off,past,you (pl),di
984,395,took off,past,they,di
985,395,will take off,future,I,gelecek
986,395,will take off,future,you,gelecek
987,395,will take off,future,he/she,gelecek
988,395,will take off,future,we,gelecek
989,395,will take off,future,you (pl),gelecek
990,395,will take off,future,they,gelecek
991,398,wait for,present,I,şimdi
992,398,wait for,present,you,şimdi
993,398,waits for,present,he/she,şimdi
994,398,wait for,present,we,şimdi
995,398,wait for,present,you (pl),şimdi
996,398,wait for,present,they,şimdi
997,398,waited for,past,I,di
998,398,waited for,past,you,di
999,398,waited for,past,he/she,di
1000,398,waited for,past,we,di
1001,398,waited for,past,you (pl),di
1002,398,waited for,past,they,di
1003,398,will wait for,future,I,gelecek
1004,398,will wait for,future,you,gelecek
1005,398,will wait for,future,he/she,gelecek
1006,398,will wait for,future,we,gelecek
1007,398,will wait for,future,you (pl),gelecek
1008,398,will wait for,future,they,gelecek
1009,399,look at,present,I,şimdi
1010,399,look at,present,you,şimdi
1011,399,looks at,present,he/she,şimdi
1012,399,look at,present,we,şimdi
1013,399,look at,present,you (pl),şimdi
1014,399,look at,present,they,şimdi
1015,399,looked at,past,I,di
1016,399,looked at,past,you,di
1017,399,looked at,past,he/she,di
1018,399,looked at,past,we,di
1019,399,looked at,past,you (pl),di
1020,399,looked at,past,they,di
1021,399,will look at,future,I,gelecek
1022,399,will look at,future,you,gelecek
1023,399,will look at,future,he/she,gelecek
1024,399,will look at,future,we,gelecek
1025,399,will look at,future,you (pl),gelecek
1026,399,will look at,future,they,gelecek
1027,400,talk,present,I,şimdi
1028,400,talk,present,you,şimdi
1029,400,talks,present,he/she,şimdi
1030,400,talk,present,we,şimdi
1031,400,talk,present,you (pl),şimdi
1032,400,talk,present,they,şimdi
1033,400,talked,past,I,di
1034,400,talked,past,you,di
1035,400,talked,past,he/she,di
1036,400,talked,past,we,di
1037,400,talked,past,you (pl),di
1038,400,talked,past,they,di
1039,400,will talk,future,I,gelecek
1040,400,will talk,future,you,gelecek
1041,400,will talk,future,he/she,gelecek
1042,400,will talk,future,we,gelecek
1043,400,will talk,future,you (pl),gelecek
1044,400,will talk,future,they,gelecek
1045,401,call,present,I,şimdi
1046,401,call,present,you,şimdi
1047,401,calls,present,he/she,şimdi
1048,401,call,present,we,şimdi
1049,401,call,present,you (pl),şimdi
1050,401,call,present,they,şimdi
1051,401,called,past,I,di
1052,401,called,past,you,di
1053,401,called,past,he/she,di
1054,401,called,past,we,di
1055,401,called,past,you (pl),di
1056,401,called,past,they,di
1057,401,will call,future,I,gelecek
1058,401,will call,future,you,gelecek
1059,401,will call,future,he/she,gelecek
1060,401,will call,future,we,gelecek
1061,401,will call,future,you (pl),gelecek
1062,401,will call,future,they,gelecek
1063,402,send,present,I,şimdi
1064,402,send,present,you,şimdi
1065,402,sends,present,he/she,şimdi
1066,402,send,present,we,şimdi
1067,402,send,present,you (pl),şimdi
1068,402,send,present,they,şimdi
1069,402,sent,past,I,di
1070,402,sent,past,you,di
1071,402,sent,past,he/she,di
1072,402,sent,past,we,di
1073,402,sent,past,you (pl),di
1074,402,sent,past,they,di
1075,402,will send,future,I,gelecek
1076,402,will send,future,you,gelecek
1077,402,will send,future,he/she,gelecek
1078,402,will send,future,we,gelecek
1079,402,will send,future,you (pl),gelecek
1080,402,will send,future,they,gelecek
1081,437,move,present,I,şimdi
1082,437,move,present,you,şimdi
1083,437,moves,present,he/she,şimdi
1084,437,move,present,we,şimdi
1085,437,move,present,you (pl),şimdi
1086,437,move,present,they,şimdi
1087,437,moved,past,I,di
1088,437,moved,past,you,di
1089,437,moved,past,he/she,di
1090,437,moved,past,we,di
1091,437,moved,past,you (pl),di
1092,437,moved,past,they,di
1093,437,will move,future,I,gelecek
1094,437,will move,future,you,gelecek
1095,437,will move,future,he/she,gelecek
1096,437,will move,future,we,gelecek
1097,437,will move,future,you (pl),gelecek
1098,437,will move,future,they,gelecek
1099,438,arrive,present,I,şimdi
1100,438,arrive,present,you,şimdi
1101,438,arrives,present,he/she,şimdi
1102,438,arrive,present,we,şimdi
1103,438,arrive,present,you (pl),şimdi
1104,438,arrive,present,they,şimdi
1105,438,arrived,past,I,di
1106,438,arrived,past,you,di
1107,438,arrived,past,he/she,di
1108,438,arrived,past,we,di
1109,438,arrived,past,you (pl),di
1110,438,arrived,past,they,di
1111,438,will arrive,future,I,gelecek
1112,438,will arrive,future,you,gelecek
1113,438,will arrive,future,he/she,gelecek
1114,438,will arrive,future,we,gelecek
1115,438,will arrive,future,you (pl),gelecek
1116,438,will arrive,future,they,gelecek
1117,439,decide,present,I,şimdi
1118,439,decide,present,you,şimdi
1119,439,decides,present,he/she,şimdi
1120,439,decide,present,we,şimdi
1121,439,decide,present,you (pl),şimdi
1122,439,decide,present,they,şimdi
1123,439,decided,past,I,di
1124,439,decided,past,you,di
1125,439,decided,past,he/she,di
1126,439,decided,past,we,di
1127,439,decided,past,you (pl),di
1128,439,decided,past,they,di
1129,439,will decide,future,I,gelecek
1130,439,will decide,future,you,gelecek
1131,439,will decide,future,he/she,gelecek
1132,439,will decide,future,we,gelecek
1133,439,will decide,future,you (pl),gelecek
1134,439,will decide,future,they,gelecek
1135,440,clean,present,I,şimdi
1136,440,clean,present,you,şimdi
1137,440,cleans,present,he/she,şimdi
1138,440,clean,present,we,şimdi
1139,440,clean,present,you (pl),şimdi
1140,440,clean,present,they,şimdi
1141,440,cleaned,past,I,di
1142,440,cleaned,past,you,di
1143,440,cleaned,past,he/she,di
1144,440,cleaned,past,we,di
1145,440,cleaned,past,you (pl),di
1146,440,cleaned,past,they,di
1147,440,will clean,future,I,gelecek
1148,440,will clean,future,you,gelecek
1149,440,will clean,future,he/she,gelecek
1150,440,will clean,future,we,gelecek
1151,440,will clean,future,you (pl),gelecek
1152,440,will clean,future,they,gelecek
1153,441,wash,present,I,şimdi
1154,441,wash,present,you,şimdi
1155,441,washes,present,he/she,şimdi
1156,441,wash,present,we,şimdi
1157,441,wash,present,you (pl),şimdi
1158,441,wash,present,they,şimdi
1159,441,washed,past,I,di
1160,441,washed,past,you,di
1161,441,washed,past,he/she,di
1162,441,washed,past,we,di
1163,441,washed,past,you (pl),di
1164,441,washed,past,they,di
1165,441,will wash,future,I,gelecek
1166,441,will wash,future,you,gelecek
1167,441,will wash,future,he/she,gelecek
1168,441,will wash,future,we,gelecek
1169,441,will wash,future,you (pl),gelecek
1170,441,will wash,future,they,gelecek
1171,442,get,present,I,şimdi
1172,442,get,present,you,şimdi
1173,442,gets,present,he/she,şimdi
1174,442,get,present,we,şimdi
1175,442,get,present,you (pl),şimdi
1176,442,get,present,they,şimdi
1177,442,got,past,I,di
1178,442,got,past,you,di
1179,442,got,past,he/she,di
1180,442,got,past,we,di
1181,442,got,past,you (pl),di
1182,442,got,past,they,di
1183,442,will get,future,I,gelecek
1184,442,will get,future,you,gelecek
1185,442,will get,future,he/she,gelecek
1186,442,will get,future,we,gelecek
1187,442,will get,future,you (pl),gelecek
1188,442,will get,future,they,gelecek
1189,443,do,present,I,şimdi
1190,443,do,present,you,şimdi
1191,443,does,present,he/she,şimdi
1192,443,do,present,we,şimdi
1193,443,do,present,you (pl),şimdi
1194,443,do,present,they,şimdi
1195,443,did,past,I,di
1196,443,did,past,you,di
1197,443,did,past,he/she,di
1198,443,did,past,we,di
1199,443,did,past,you (pl),di
1200,443,did,past,they,di
1201,443,will do,future,I,gelecek
1202,443,will do,future,you,gelecek
1203,443,will do,future,he/she,gelecek
1204,443,will do,future,we,gelecek
1205,443,will do,future,you (pl),gelecek
1206,443,will do,future,they,gelecek
1207,444,see,present,I,şimdi
1208,444,see,present,you,şimdi
1209,444,sees,present,he/she,şimdi
1210,444,see,present,we,şimdi
1211,444,see,present,you (pl),şimdi
1212,444,see,present,they,şimdi
1213,444,saw,past,I,di
1214,444,saw,past,you,di
1215,444,saw,past,he/she,di
1216,444,saw,past,we,di
1217,444,saw,past,you (pl),di
1218,444,saw,past,they,di
1219,444,will see,future,I,gelecek
1220,444,will see,future,you,gelecek
1221,444,will see,future,he/she,gelecek
1222,444,will see,future,we,gelecek
1223,444,will see,future,you (pl),gelecek
1224,444,will see,future,they,gelecek
1225,445,make,present,I,şimdi
1226,445,make,present,you,şimdi
1227,445,makes,present,he/she,şimdi
1228,445,make,present,we,şimdi
1229,445,make,present,you (pl),şimdi
1230,445,make,present,they,şimdi
1231,445,made,past,I,di
1232,445,made,past,you,di
1233,445,made,past,he/she,di
1234,445,made,past,we,di
1235,445,made,past,you (pl),di
1236,445,made,past,they,di
1237,445,will make,future,I,gelecek
1238,445,will make,future,you,gelecek
1239,445,will make,future,he/she,gelecek
1240,445,will make,future,we,gelecek
1241,445,will make,future,you (pl),gelecek
1242,445,will make,future,they,gelecek
1243,446,take,present,I,şimdi
1244,446,take,present,you,şimdi
1245,446,takes,present,he/she,şimdi
1246,446,take,present,we,şimdi
1247,446,take,present,you (pl),şimdi
1248,446,take,present,they,şimdi
1249,446,took,past,I,di
1250,446,took,past,you,di
1251,446,took,past,he/she,di
1252,446,took,past,we,di
1253,446,took,past,you (pl),di
1254,446,took,past,they,di
1255,446,will take,future,I,gelecek
1256,446,will take,future,you,gelecek
1257,446,will take,future,he/she,gelecek
1258,446,will take,future,we,gelecek
1259,446,will take,future,you (pl),gelecek
1260,446,will take,future,they,gelecek
1261,447,give,present,I,şimdi
1262,447,give,present,you,şimdi
1263,447,gives,present,he/she,şimdi
1264,447,give,present,we,şimdi
1265,447,give,present,you (pl),şimdi
1266,447,give,present,they,şimdi
1267,447,gave,past,I,di
1268,447,gave,past,you,di
1269,447,gave,past,he/she,di
1270,447,gave,past,we,di
1271,447,gave,past,you (pl),di
1272,447,gave,past,they,di
1273,447,will give,future,I,gelecek
1274,447,will give,future,you,gelecek
1275,447,will give,future,he/she,gelecek
1276,447,will give,future,we,gelecek
1277,447,will give,future,you (pl),gelecek
1278,447,will give,future,they,gelecek
1279,448,find,present,I,şimdi
1280,448,find,present,you,şimdi
1281,448,finds,present,he/she,şimdi
1282,448,find,present,we,şimdi
1283,448,find,present,you (pl),şimdi
1284,448,find,present,they,şimdi
1285,448,found,past,I,di
1286,448,found,past,you,di
1287,448,found,past,he/she,di
1288,448,found,past,we,di
1289,448,found,past,you (pl),di
1290,448,found,past,they,di
1291,448,will find,future,I,gelecek
1292,448,will find,future,you,gelecek
1293,448,will find,future,he/she,gelecek
1294,448,will find,future,we,gelecek
1295,448,will find,future,you (pl),gelecek
1296,448,will find,future,they,gelecek
1297,449,think,present,I,şimdi
1298,449,think,present,you,şimdi
1299,449,thinks,present,he/she,şimdi
1300,449,think,present,we,şimdi
1301,449,think,present,you (pl),şimdi
1302,449,think,present,they,şimdi
1303,449,thought,past,I,di
1304,449,thought,past,you,di
1305,449,thought,past,he/she,di
1306,449,thought,past,we,di
1307,449,thought,past,you (pl),di
1308,449,thought,past,they,di
1309,449,will think,future,I,gelecek
1310,449,will think,future,you,gelecek
1311,449,will think,future,he/she,gelecek
1312,449,will think,future,we,gelecek
1313,449,will think,future,you (pl),gelecek
1314,449,will think,future,they,gelecek
1315,450,know,present,I,şimdi
1316,450,know,present,you,şimdi
1317,450,knows,present,he/she,şimdi
1318,450,know,present,we,şimdi
1319,450,know,present,you (pl),şimdi
1320,450,know,present,they,şimdi
1321,450,knew,past,I,di
1322,450,knew,past,you,di
1323,450,knew,past,he/she,di
1324,450,knew,past,we,di
1325,450,knew,past,you (pl),di
1326,450,knew,past,they,di
1327,450,will know,future,I,gelecek
1328,450,will know,future,you,gelecek
1329,450,will know,future,he/she,gelecek
1330,450,will know,future,we,gelecek
1331,450,will know,future,you (pl),gelecek
1332,450,will know,future,they,gelecek
1333,451,say,present,I,şimdi
1334,451,say,present,you,şimdi
1335,451,says,present,he/she,şimdi
1336,451,say,present,we,şimdi
1337,451,say,present,you (pl),şimdi
1338,451,say,present,they,şimdi
1339,451,said,past,I,di
1340,451,said,past,you,di
1341,451,said,past,he/she,di
1342,451,said,past,we,di
1343,451,said,past,you (pl),di
1344,451,said,past,they,di
1345,451,will say,future,I,gelecek
1346,451,will say,future,you,gelecek
1347,451,will say,future,he/she,gelecek
1348,451,will say,future,we,gelecek
1349,451,will say,future,you (pl),gelecek
1350,451,will say,future,they,gelecek
1351,452,tell,present,I,şimdi
1352,452,tell,present,you,şimdi
1353,452,tells,present,he/she,şimdi
1354,452,tell,present,we,şimdi
1355,452,tell,present,you (pl),şimdi
1356,452,tell,present,they,şimdi
1357,452,told,past,I,di
1358,452,told,past,you,di
1359,452,told,past,he/she,di
1360,452,told,past,we,di
1361,452,told,past,you (pl),di
1362,452,told,past,they,di
1363,452,will tell,future,I,gelecek
1364,452,will tell,future,you,gelecek
1365,452,will tell,future,he/she,gelecek
1366,452,will tell,future,we,gelecek
1367,452,will tell,future,you (pl),gelecek
1368,452,will tell,future,they,gelecek
1369,453,leave,present,I,şimdi
1370,453,leave,present,you,şimdi
1371,453,leaves,present,he/she,şimdi
1372,453,leave,present,we,şimdi
1373,453,leave,present,you (pl),şimdi
1374,453,leave,present,they,şimdi
1375,453,left,past,I,di
1376,453,left,past,you,di
1377,453,left,past,he/she,di
1378,453,left,past,we,di
1379,453,left,past,you (pl),di
1380,453,left,past,they,di
1381,453,will leave,future,I,gelecek
1382,453,will leave,future,you,gelecek
1383,453,will leave,future,he/she,gelecek
1384,453,will leave,future,we,gelecek
1385,453,will leave,future,you (pl),gelecek
1386,453,will leave,future,they,gelecek
1387,454,feel,present,I,şimdi
1388,454,feel,present,you,şimdi
1389,454,feels,present,he/she,şimdi
1390,454,feel,present,we,şimdi
1391,454,feel,present,you (pl),şimdi
1392,454,feel,present,they,şimdi
1393,454,felt,past,I,di
1394,454,felt,past,you,di
1395,454,felt,past,he/she,di
1396,454,felt,past,we,di
1397,454,felt,past,you (pl),di
1398,454,felt,past,they,di
1399,454,will feel,future,I,gelecek
1400,454,will feel,future,you,gelecek
1401,454,will feel,future,he/she,gelecek
1402,454,will feel,future,we,gelecek
1403,454,will feel,future,you (pl),gelecek
1404,454,will feel,future,they,gelecek
1405,455,sleep,present,I,şimdi
1406,455,sleep,present,you,şimdi
1407,455,sleeps,present,he/she,şimdi
1408,455,sleep,present,we,şimdi
1409,455,sleep,present,you (pl),şimdi
1410,455,sleep,present,they,şimdi
1411,455,slept,past,I,di
1412,455,slept,past,you,di
1413,455,slept,past,he/she,di
1414,455,slept,past,we,di
1415,455,slept,past,you (pl),di
1416,455,slept,past,they,di
1417,455,will sleep,future,I,gelecek
1418,455,will sleep,future,you,gelecek
1419,455,will sleep,future,he/she,gelecek
1420,455,will sleep,future,we,gelecek
1421,455,will sleep,future,you (pl),gelecek
1422,455,will sleep,future,they,gelecek
1423,456,pay,present,I,şimdi
1424,456,pay,present,you,şimdi
1425,456,pays,present,he/she,şimdi
1426,456,pay,present,we,şimdi
1427,456,pay,present,you (pl),şimdi
1428,456,pay,present,they,şimdi
1429,456,paid,past,I,di
1430,456,paid,past,you,di
1431,456,paid,past,he/she,di
1432,456,paid,past,we,di
1433,456,paid,past,you (pl),di
1434,456,paid,past,they,di
1435,456,will pay,future,I,gelecek
1436,456,will pay,future,you,gelecek
1437,456,will pay,future,he/she,gelecek
1438,456,will pay,future,we,gelecek
1439,456,will pay,future,you (pl),gelecek
1440,456,will pay,future,they,gelecek
1441,457,lose,present,I,şimdi
1442,457,lose,present,you,şimdi
1443,457,loses,present,he/she,şimdi
1444,457,lose,present,we,şimdi
1445,457,lose,present,you (pl),şimdi
1446,457,lose,present,they,şimdi
1447,457,lost,past,I,di
1448,457,lost,past,you,di
1449,457,lost,past,he/she,di
1450,457,lost,past,we,di
1451,457,lost,past,you (pl),di
1452,457,lost,past,they,di
1453,457,will lose,future,I,gelecek
1454,457,will lose,future,you,gelecek
1455,457,will lose,future,he/she,gelecek
1456,457,will lose,future,we,gelecek
1457,457,will lose,future,you (pl),gelecek
1458,457,will lose,future,they,gelecek
1459,458,win,present,I,şimdi
1460,458,win,present,you,şimdi
1461,458,wins,present,he/she,şimdi
1462,458,win,present,we,şimdi
1463,458,win,present,you (pl),şimdi
1464,458,win,present,they,şimdi
1465,458,won,past,I,di
1466,458,won,past,you,di
1467,458,won,past,he/she,di
1468,458,won,past,we,di
1469,458,won,past,you (pl),di
1470,458,won,past,they,di
1471,458,will win,future,I,gelecek
1472,458,will win,future,you,gelecek
1473,458,will win,future,he/she,gelecek
1474,458,will win,future,we,gelecek
1475,458,will win,future,you (pl),gelecek
1476,458,will win,future,they,gelecek
1477,465,miss,present,I,şimdi
1478,465,miss,present,you,şimdi
1479,465,misses,present,he/she,şimdi
1480,465,miss,present,we,şimdi
1481,465,miss,present,you (pl),şimdi
1482,465,miss,present,they,şimdi
1483,465,missed,past,I,di
1484,465,missed,past,you,di
1485,465,missed,past,he/she,di
1486,465,missed,past,we,di
1487,465,missed,past,you (pl),di
1488,465,missed,past,they,di
1489,465,will miss,future,I,gelecek
1490,465,will miss,future,you,gelecek
1491,465,will miss,future,he/she,gelecek
1492,465,will miss,future,we,gelecek
1493,465,will miss,future,you (pl),gelecek
1494,465,will miss,future,they,gelecek
1495,466,catch,present,I,şimdi
1496,466,catch,present,you,şimdi
1497,466,catches,present,he/she,şimdi
1498,466,catch,present,we,şimdi
1499,466,catch,present,you (pl),şimdi
1500,466,catch,present,they,şimdi
1501,466,caught,past,I,di
1502,466,caught,past,you,di
1503,466,caught,past,he/she,di
1504,466,caught,past,we,di
1505,466,caught,past,you (pl),di
1506,466,caught,past,they,di
1507,466,will catch,future,I,gelecek
1508,466,will catch,future,you,gelecek
1509,466,will catch,future,he/she,gelecek
1510,466,will catch,future,we,gelecek
1511,466,will catch,future,you (pl),gelecek
1512,466,will catch,future,they,gelecek
1513,467,change,present,I,şimdi
1514,467,change,present,you,şimdi
1515,467,changes,present,he/she,şimdi
1516,467,change,present,we,şimdi
1517,467,change,present,you (pl),şimdi
1518,467,change,present,they,şimdi
1519,467,changed,past,I,di
1520,467,changed,past,you,di
1521,467,changed,past,he/she,di
1522,467,changed,past,we,di
1523,467,changed,past,you (pl),di
1524,467,changed,past,they,di
1525,467,will change,future,I,gelecek
1526,467,will change,future,you,gelecek
1527,467,will change,future,he/she,gelecek
1528,467,will change,future,we,gelecek
1529,467,will change,future,you (pl),gelecek
1530,467,will change,future,they,gelecek
1531,468,ask,present,I,şimdi
1532,468,ask,present,you,şimdi
1533,468,asks,present,he/she,şimdi
1534,468,ask,present,we,şimdi
1535,468,ask,present,you (pl),şimdi
1536,468,ask,present,they,şimdi
1537,468,asked,past,I,di
1538,468,asked,past,you,di
1539,468,asked,past,he/she,di
1540,468,asked,past,we,di
1541,468,asked,past,you (pl),di
1542,468,asked,past,they,di
1543,468,will ask,future,I,gelecek
1544,468,will ask,future,you,gelecek
1545,468,will ask,future,he/she,gelecek
1546,468,will ask,future,we,gelecek
1547,468,will ask,future,you (pl),gelecek
1548,468,will ask,future,they,gelecek
1549,469,understand,present,I,şimdi
1550,469,understand,present,you,şimdi
1551,469,understands,present,he/she,şimdi
1552,469,understand,present,we,şimdi
1553,469,understand,present,you (pl),şimdi
1554,469,understand,present,they,şimdi
1555,469,understood,past,I,di
1556,469,understood,past,you,di
1557,469,understood,past,he/she,di
1558,469,understood,past,we,di
1559,469,understood,past,you (pl),di
1560,469,understood,past,they,di
1561,469,will understand,future,I,gelecek
1562,469,will understand,future,you,gelecek
1563,469,will understand,future,he/she,gelecek
1564,469,will understand,future,we,gelecek
1565,469,will understand,future,you (pl),gelecek
1566,469,will understand,future,they,gelecek
1567,470,remember,present,I,şimdi
1568,470,remember,present,you,şimdi
1569,470,remembers,present,he/she,şimdi
1570,470,remember,present,we,şimdi
1571,470,remember,present,you (pl),şimdi
1572,470,remember,present,they,şimdi
1573,470,remembered,past,I,di
1574,470,remembered,past,you,di
1575,470,remembered,past,he/she,di
1576,470,remembered,past,we,di
1577,470,remembered,past,you (pl),di
1578,470,remembered,past,they,di
1579,470,will remember,future,I,gelecek
1580,470,will remember,future,you,gelecek
1581,470,will remember,future,he/she,gelecek
1582,470,will remember,future,we,gelecek
1583,470,will remember,future,you (pl),gelecek
1584,470,will remember,future,they,gelecek
1585,471,forget,present,I,şimdi
1586,471,forget,present,you,şimdi
1587,471,forgets,present,he/she,şimdi
1588,471,forget,present,we,şimdi
1589,471,forget,present,you (pl),şimdi
1590,471,forget,present,they,şimdi
1591,471,forgot,past,I,di
1592,471,forgot,past,you,di
1593,471,forgot,past,he/she,di
1594,471,forgot,past,we,di
1595,471,forgot,past,you (pl),di
1596,471,forgot,past,they,di
1597,471,will forget,future,I,gelecek
1598,471,will forget,future,you,gelecek
1599,471,will forget,future,he/she,gelecek
1600,471,will forget,future,we,gelecek
1601,471,will forget,future,you (pl),gelecek
1602,471,will forget,future,they,gelecek
1603,472,bring,present,I,şimdi
1604,472,bring,present,you,şimdi
1605,472,brings,present,he/she,şimdi
1606,472,bring,present,we,şimdi
1607,472,bring,present,you (pl),şimdi
1608,472,bring,present,they,şimdi
1609,472,brought,past,I,di
1610,472,brought,past,you,di
1611,472,brought,past,he/she,di
1612,472,brought,past,we,di
1613,472,brought,past,you (pl),di
1614,472,brought,past,they,di
1615,472,will bring,future,I,gelecek
1616,472,will bring,future,you,gelecek
1617,472,will bring,future,he/she,gelecek
1618,472,will bring,future,we,gelecek
1619,472,will bring,future,you (pl),gelecek
1620,472,will bring,future,they,gelecek
1621,473,put,present,I,şimdi
1622,473,put,present,you,şimdi
1623,473,puts,present,he/she,şimdi
1624,473,put,present,we,şimdi
1625,473,put,present,you (pl),şimdi
1626,473,put,present,they,şimdi
1627,473,put,past,I,di
1628,473,put,past,you,di
1629,473,put,past,he/she,di
1630,473,put,past,we,di
1631,473,put,past,you (pl),di
1632,473,put,past,they,di
1633,473,will put,future,I,gelecek
1634,473,will put,future,you,gelecek
1635,473,will put,future,he/she,gelecek
1636,473,will put,future,we,gelecek
1637,473,will put,future,you (pl),gelecek
1638,473,will put,future,they,gelecek
1639,474,turn,present,I,şimdi
1640,474,turn,present,you,şimdi
1641,474,turns,present,he/she,şimdi
1642,474,turn,present,we,şimdi
1643,474,turn,present,you (pl),şimdi
1644,474,turn,present,they,şimdi
1645,474,turned,past,I,di
1646,474,turned,past,you,di
1647,474,turned,past,he/she,di
1648,474,turned,past,we,di
1649,474,turned,past,you (pl),di
1650,474,turned,past,they,di
1651,474,will turn,future,I,gelecek
1652,474,will turn,future,you,gelecek
1653,474,will turn,future,he/she,gelecek
1654,474,will turn,future,we,gelecek
1655,474,will turn,future,you (pl),gelecek
1656,474,will turn,future,they,gelecek
1657,475,stop,present,I,şimdi
1658,475,stop,present,you,şimdi
1659,475,stops,present,he/she,şimdi
1660,475,stop,present,we,şimdi
1661,475,stop,present,you (pl),şimdi
1662,475,stop,present,they,şimdi
1663,475,stopped,past,I,di
1664,475,stopped,past,you,di
1665,475,stopped,past,he/she,di
1666,475,stopped,past,we,di
1667,475,stopped,past,you (pl),di
1668,475,stopped,past,they,di
1669,475,will stop,future,I,gelecek
1670,475,will stop,future,you,gelecek
1671,475,will stop,future,he/she,gelecek
1672,475,will stop,future,we,gelecek
1673,475,will stop,future,you (pl),gelecek
1674,475,will stop,future,they,gelecek
1675,476,begin,present,I,şimdi
1676,476,begin,present,you,şimdi
1677,476,begins,present,he/she,şimdi
1678,476,begin,present,we,şimdi
1679,476,begin,present,you (pl),şimdi
1680,476,begin,present,they,şimdi
1681,476,began,past,I,di
1682,476,began,past,you,di
1683,476,began,past,he/she,di
1684,476,began,past,we,di
1685,476,began,past,you (pl),di
1686,476,began,past,they,di
1687,476,will begin,future,I,gelecek
1688,476,will begin,future,you,gelecek
1689,476,will begin,future,he/she,gelecek
1690,476,will begin,future,we,gelecek
1691,476,will begin,future,you (pl),gelecek
1692,476,will begin,future,they,gelecek
1693,477,become,present,I,şimdi
1694,477,become,present,you,şimdi
1695,477,becomes,present,he/she,şimdi
1696,477,become,present,we,şimdi
1697,477,become,present,you (pl),şimdi
1698,477,become,present,they,şimdi
1699,477,became,past,I,di
1700,477,became,past,you,di
1701,477,became,past,he/she,di
1702,477,became,past,we,di
1703,477,became,past,you (pl),di
1704,477,became,past,they,di
1705,477,will become,future,I,gelecek
1706,477,will become,future,you,gelecek
1707,477,will become,future,he/she,gelecek
1708,477,will become,future,we,gelecek
1709,477,will become,future,you (pl),gelecek
1710,477,will become,future,they,gelecek
1711,478,keep,present,I,şimdi
1712,478,keep,present,you,şimdi
1713,478,keeps,present,he/she,şimdi
1714,478,keep,present,we,şimdi
1715,478,keep,present,you (pl),şimdi
1716,478,keep,present,they,şimdi
1717,478,kept,past,I,di
1718,478,kept,past,you,di
1719,478,kept,past,he/she,di
1720,478,kept,past,we,di
1721,478,kept,past,you (pl),di
1722,478,kept,past,they,di
1723,478,will keep,future,I,gelecek
1724,478,will keep,future,you,gelecek
1725,478,will keep,future,he/she,gelecek
1726,478,will keep,future,we,gelecek
1727,478,will keep,future,you (pl),gelecek
1728,478,will keep,future,they,gelecek
1729,479,let,present,I,şimdi
1730,479,let,present,you,şimdi
1731,479,lets,present,he/she,şimdi
1732,479,let,present,we,şimdi
1733,479,let,present,you (pl),şimdi
1734,479,let,present,they,şimdi
1735,479,let,past,I,di
1736,479,let,past,you,di
1737,479,let,past,he/she,di
1738,479,let,past,we,di
1739,479,let,past,you (pl),di
1740,479,let,past,they,di
1741,479,will let,future,I,gelecek
1742,479,will let,future,you,gelecek
1743,479,will let,future,he/she,gelecek
1744,479,will let,future,we,gelecek
1745,479,will let,future,you (pl),gelecek
1746,479,will let,future,they,gelecek
1747,480,mean,present,I,şimdi
1748,480,mean,present,you,şimdi
1749,480,means,present,he/she,şimdi
1750,480,mean,present,we,şimdi
1751,480,mean,present,you (pl),şimdi
1752,480,mean,present,they,şimdi
1753,480,meant,past,I,di
1754,480,meant,past,you,di
1755,480,meant,past,he/she,di
1756,480,meant,past,we,di
1757,480,meant,past,you (pl),di
1758,480,meant,past,they,di
1759,480,will mean,future,I,gelecek
1760,480,will mean,future,you,gelecek
1761,480,will mean,future,he/she,gelecek
1762,480,will mean,future,we,gelecek
1763,480,will mean,future,you (pl),gelecek
1764,480,will mean,future,they,gelecek
1765,481,show,present,I,şimdi
1766,481,show,present,you,şimdi
1767,481,shows,present,he/she,şimdi
1768,481,show,present,we,şimdi
1769,481,show,present,you (pl),şimdi
1770,481,show,present,they,şimdi
1771,481,showed,past,I,di
1772,481,showed,past,you,di
1773,481,showed,past,he/she,di
1774,481,showed,past,we,di
1775,481,showed,past,you (pl),di
1776,481,showed,past,they,di
1777,481,will show,future,I,gelecek
1778,481,will show,future,you,gelecek
1779,481,will show,future,he/she,gelecek
1780,481,will show,future,we,gelecek
1781,481,will show,future,you (pl),gelecek
1782,481,will show,future,they,gelecek
1783,482,hear,present,I,şimdi
1784,482,hear,present,you,şimdi
1785,482,hears,present,he/she,şimdi
1786,482,hear,present,we,şimdi
1787,482,hear,present,you (pl),şimdi
1788,482,hear,present,they,şimdi
1789,482,heard,past,I,di
1790,482,heard,past,you,di
1791,482,heard,past,he/she,di
1792,482,heard,past,we,di
1793,482,heard,past,you (pl),di
1794,482,heard,past,they,di
1795,482,will hear,future,I,gelecek
1796,482,will hear,future,you,gelecek
1797,482,will hear,future,he/she,gelecek
1798,482,will hear,future,we,gelecek
1799,482,will hear,future,you (pl),gelecek
1800,482,will hear,future,they,gelecek
1801,483,learn,present,I,şimdi
1802,483,learn,present,you,şimdi
1803,483,learns,present,he/she,şimdi
1804,483,learn,present,we,şimdi
1805,483,learn,present,you (pl),şimdi
1806,483,learn,present,they,şimdi
1807,483,learnt,past,I,di
1808,483,learnt,past,you,di
1809,483,learnt,past,he/she,di
1810,483,learnt,past,we,di
1811,483,learnt,past,you (pl),di
1812,483,learnt,past,they,di
1813,483,will learn,future,I,gelecek
1814,483,will learn,future,you,gelecek
1815,483,will learn,future,he/she,gelecek
1816,483,will learn,future,we,gelecek
1817,483,will learn,future,you (pl),gelecek
1818,483,will learn,future,they,gelecek
1819,484,teach,present,I,şimdi
1820,484,teach,present,you,şimdi
1821,484,teaches,present,he/she,şimdi
1822,484,teach,present,we,şimdi
1823,484,teach,present,you (pl),şimdi
1824,484,teach,present,they,şimdi
1825,484,taught,past,I,di
1826,484,taught,past,you,di
1827,484,taught,past,he/she,di
1828,484,taught,past,we,di
1829,484,taught,past,you (pl),di
1830,484,taught,past,they,di
1831,484,will teach,future,I,gelecek
1832,484,will teach,future,you,gelecek
1833,484,will teach,future,he/she,gelecek
1834,484,will teach,future,we,gelecek
1835,484,will teach,future,you (pl),gelecek
1836,484,will teach,future,they,gelecek
1837,485,break,present,I,şimdi
1838,485,break,present,you,şimdi
1839,485,breaks,present,he/she,şimdi
1840,485,break,present,we,şimdi
1841,485,break,present,you (pl),şimdi
1842,485,break,present,they,şimdi
1843,485,broke,past,I,di
1844,485,broke,past,you,di
1845,485,broke,past,he/she,di
1846,485,broke,past,we,di
1847,485,broke,past,you (pl),di
1848,485,broke,past,they,di
1849,485,will break,future,I,gelecek
1850,485,will break,future,you,gelecek
1851,485,will break,future,he/she,gelecek
1852,485,will break,future,we,gelecek
1853,485,will break,future,you (pl),gelecek
1854,485,will break,future,they,gelecek
1855,486,choose,present,I,şimdi
1856,486,choose,present,you,şimdi
1857,486,chooses,present,he/she,şimdi
1858,486,choose,present,we,şimdi
1859,486,choose,present,you (pl),şimdi
1860,486,choose,present,they,şimdi
1861,486,chose,past,I,di
1862,486,chose,past,you,di
1863,486,chose,past,he/she,di
1864,486,chose,past,we,di
1865,486,chose,past,you (pl),di
1866,486,chose,past,they,di
1867,486,will choose,future,I,gelecek
1868,486,will choose,future,you,gelecek
1869,486,will choose,future,he/she,gelecek
1870,486,will choose,future,we,gelecek
1871,486,will choose,future,you (pl),gelecek
1872,486,will choose,future,they,gelecek
1873,487,grow,present,I,şimdi
1874,487,grow,present,you,şimdi
1875,487,grows,present,he/she,şimdi
1876,487,grow,present,we,şimdi
1877,487,grow,present,you (pl),şimdi
1878,487,grow,present,they,şimdi
1879,487,grew,past,I,di
1880,487,grew,past,you,di
1881,487,grew,past,he/she,di
1882,487,grew,past,we,di
1883,487,grew,past,you (pl),di
1884,487,grew,past,they,di
1885,487,will grow,future,I,gelecek
1886,487,will grow,future,you,gelecek
1887,487,will grow,future,he/she,gelecek
1888,487,will grow,future,we,gelecek
1889,487,will grow,future,you (pl),gelecek
1890,487,will grow,future,they,gelecek
1891,488,fall,present,I,şimdi
1892,488,fall,present,you,şimdi
1893,488,falls,present,he/she,şimdi
1894,488,fall,present,we,şimdi
1895,488,fall,present,you (pl),şimdi
1896,488,fall,present,they,şimdi
1897,488,fell,past,I,di
1898,488,fell,past,you,di
1899,488,fell,past,he/she,di
1900,488,fell,past,we,di
1901,488,fell,past,you (pl),di
1902,488,fell,past,they,di
1903,488,will fall,future,I,gelecek
1904,488,will fall,future,you,gelecek
1905,488,will fall,future,he/she,gelecek
1906,488,will fall,future,we,gelecek
1907,488,will fall,future,you (pl),gelecek
1908,488,will fall,future,they,gelecek
1909,489,hold,present,I,şimdi
1910,489,hold,present,you,şimdi
1911,489,holds,present,he/she,şimdi
1912,489,hold,present,we,şimdi
1913,489,hold,present,you (pl),şimdi
1914,489,hold,present,they,şimdi
1915,489,held,past,I,di
1916,489,held,past,you,di
1917,489,held,past,he/she,di
1918,489,held,past,we,di
1919,489,held,past,you (pl),di
1920,489,held,past,they,di
1921,489,will hold,future,I,gelecek
1922,489,will hold,future,you,gelecek
1923,489,will hold,future,he/she,gelecek
1924,489,will hold,future,we,gelecek
1925,489,will hold,future,you (pl),gelecek
1926,489,will hold,future,they,gelecek
1927,490,cut,present,I,şimdi
1928,490,cut,present,you,şimdi
1929,490,cuts,present,he/she,şimdi
1930,490,cut,present,we,şimdi
1931,490,cut,present,you (pl),şimdi
1932,490,cut,present,they,şimdi
1933,490,cut,past,I,di
1934,490,cut,past,you,di
1935,490,cut,past,he/she,di
1936,490,cut,past,we,di
1937,490,cut,past,you (pl),di
1938,490,cut,past,they,di
1939,490,will cut,future,I,gelecek
1940,490,will cut,future,you,gelecek
1941,490,will cut,future,he/she,gelecek
1942,490,will cut,future,we,gelecek
1943,490,will cut,future,you (pl),gelecek
1944,490,will cut,future,they,gelecek
1945,491,hit,present,I,şimdi
1946,491,hit,present,you,şimdi
1947,491,hits,present,he/she,şimdi
1948,491,hit,present,we,şimdi
1949,491,hit,present,you (pl),şimdi
1950,491,hit,present,they,şimdi
1951,491,hit,past,I,di
1952,491,hit,past,you,di
1953,491,hit,past,he/she,di
1954,491,hit,past,we,di
1955,491,hit,past,you (pl),di
1956,491,hit,past,they,di
1957,491,will hit,future,I,gelecek
1958,491,will hit,future,you,gelecek
1959,491,will hit,future,he/she,gelecek
1960,491,will hit,future,we,gelecek
1961,491,will hit,future,you (pl),gelecek
1962,491,will hit,future,they,gelecek
1963,492,hurt,present,I,şimdi
1964,492,hurt,present,you,şimdi
1965,492,hurts,present,he/she,şimdi
1966,492,hurt,present,we,şimdi
1967,492,hurt,present,you (pl),şimdi
1968,492,hurt,present,they,şimdi
1969,492,hurt,past,I,di
1970,492,hurt,past,you,di
1971,492,hurt,past,he/she,di
1972,492,hurt,past,we,di
1973,492,hurt,past,you (pl),di
1974,492,hurt,past,they,di
1975,492,will hurt,future,I,gelecek
1976,492,will hurt,future,you,gelecek
1977,492,will hurt,future,he/she,gelecek
1978,492,will hurt,future,we,gelecek
1979,492,will hurt,future,you (pl),gelecek
1980,492,will hurt,future,they,gelecek
1981,519,earn,present,I,şimdi
1982,519,earn,present,you,şimdi
1983,519,earns,present,he/she,şimdi
1984,519,earn,present,we,şimdi
1985,519,earn,present,you (pl),şimdi
1986,519,earn,present,they,şimdi
1987,519,earned,past,I,di
1988,519,earned,past,you,di
1989,519,earned,past,he/she,di
1990,519,earned,past,we,di
1991,519,earned,past,you (pl),di
1992,519,earned,past,they,di
1993,519,will earn,future,I,gelecek
1994,519,will earn,future,you,gelecek
1995,519,will earn,future,he/she,gelecek
1996,519,will earn,future,we,gelecek
1997,519,will earn,future,you (pl),gelecek
1998,519,will earn,future,they,gelecek
1999,520,apply,present,I,şimdi
2000,520,apply,present,you,şimdi
2001,520,applies,present,he/she,şimdi
2002,520,apply,present,we,şimdi
2003,520,apply,present,you (pl),şimdi
2004,520,apply,present,they,şimdi
2005,520,applied,past,I,di
2006,520,applied,past,you,di
2007,520,applied,past,he/she,di
2008,520,applied,past,we,di
2009,520,applied,past,you (pl),di
2010,520,applied,past,they,di
2011,520,will apply,future,I,gelecek
2012,520,will apply,future,you,gelecek
2013,520,will apply,future,he/she,gelecek
2014,520,will apply,future,we,gelecek
2015,520,will apply,future,you (pl),gelecek
2016,520,will apply,future,they,gelecek
2017,610,go out,present,I,şimdi
2018,610,go out,present,you,şimdi
2019,610,goes out,present,he/she,şimdi
2020,610,go out,present,we,şimdi
2021,610,go out,present,you (pl),şimdi
2022,610,go out,present,they,şimdi
2023,610,went out,past,I,di
2024,610,went out,past,you,di
2025,610,went out,past,he/she,di
2026,610,went out,past,we,di
2027,610,went out,past,you (pl),di
2028,610,went out,past,they,di
2029,610,will go out,future,I,gelecek
2030,610,will go out,future,you,gelecek
2031,610,will go out,future,he/she,gelecek
2032,610,will go out,future,we,gelecek
2033,610,will go out,future,you (pl),gelecek
2034,610,will go out,future,they,gelecek
2035,611,stay in,present,I,şimdi
2036,611,stay in,present,you,şimdi
2037,611,stays in,present,he/she,şimdi
2038,611,stay in,present,we,şimdi
2039,611,stay in,present,you (pl),şimdi
2040,611,stay in,present,they,şimdi
2041,611,stayed in,past,I,di
2042,611,stayed in,past,you,di
2043,611,stayed in,past,he/she,di
2044,611,stayed in,past,we,di
2045,611,stayed in,past,you (pl),di
2046,611,stayed in,past,they,di
2047,611,will stay in,future,I,gelecek
2048,611,will stay in,future,you,gelecek
2049,611,will stay in,future,he/she,gelecek
2050,611,will stay in,future,we,gelecek
2051,611,will stay in,future,you (pl),gelecek
2052,611,will stay in,future,they,gelecek
2053,612,hang out,present,I,şimdi
2054,612,hang out,present,you,şimdi
2055,612,hangs out,present,he/she,şimdi
2056,612,hang out,present,we,şimdi
2057,612,hang out,present,you (pl),şimdi
2058,612,hang out,present,they,şimdi
2059,612,hung out,past,I,di
2060,612,hung out,past,you,di
2061,612,hung out,past,he/she,di
2062,612,hung out,past,we,di
2063,612,hung out,past,you (pl),di
2064,612,hung out,past,they,di
2065,612,will hang out,future,I,gelecek
2066,612,will hang out,future,you,gelecek
2067,612,will hang out,future,he/she,gelecek
2068,612,will hang out,future,we,gelecek
2069,612,will hang out,future,you (pl),gelecek
2070,612,will hang out,future,they,gelecek
2071,613,chat,present,I,şimdi
2072,613,chat,present,you,şimdi
2073,613,chats,present,he/she,şimdi
2074,613,chat,present,we,şimdi
2075,613,chat,present,you (pl),şimdi
2076,613,chat,present,they,şimdi
2077,613,chatted,past,I,di
2078,613,chatted,past,you,di
2079,613,chatted,past,he/she,di
2080,613,chatted,past,we,di
2081,613,chatted,past,you (pl),di
2082,613,chatted,past,they,di
2083,613,will chat,future,I,gelecek
2084,613,will chat,future,you,gelecek
2085,613,will chat,future,he/she,gelecek
2086,613,will chat,future,we,gelecek
2087,613,will chat,future,you (pl),gelecek
2088,613,will chat,future,they,gelecek
2089,614,text,present,I,şimdi
2090,614,text,present,you,şimdi
2091,614,texts,present,he/she,şimdi
2092,614,text,present,we,şimdi
2093,614,text,present,you (pl),şimdi
2094,614,text,present,they,şimdi
2095,614,texted,past,I,di
2096,614,texted,past,you,di
2097,614,texted,past,he/she,di
2098,614,texted,past,we,di
2099,614,texted,past,you (pl),di
2100,614,texted,past,they,di
2101,614,will text,future,I,gelecek
2102,614,will text,future,you,gelecek
2103,614,will text,future,he/she,gelecek
2104,614,will text,future,we,gelecek
2105,614,will text,future,you (pl),gelecek
2106,614,will text,future,they,gelecek
2107,615,post,present,I,şimdi
2108,615,post,present,you,şimdi
2109,615,posts,present,he/she,şimdi
2110,615,post,present,we,şimdi
2111,615,post,present,you (pl),şimdi
2112,615,post,present,they,şimdi
2113,615,posted,past,I,di
2114,615,posted,past,you,di
2115,615,posted,past,he/she,di
2116,615,posted,past,we,di
2117,615,posted,past,you (pl),di
2118,615,posted,past,they,di
2119,615,will post,future,I,gelecek
2120,615,will post,future,you,gelecek
2121,615,will post,future,he/she,gelecek
2122,615,will post,future,we,gelecek
2123,615,will post,future,you (pl),gelecek
2124,615,will post,future,they,gelecek
2125,616,follow,present,I,şimdi
2126,616,follow,present,you,şimdi
2127,616,follows,present,he/she,şimdi
2128,616,follow,present,we,şimdi
2129,616,follow,present,you (pl),şimdi
2130,616,follow,present,they,şimdi
2131,616,followed,past,I,di
2132,616,followed,past,you,di
2133,616,followed,past,he/she,di
2134,616,followed,past,we,di
2135,616,followed,past,you (pl),di
2136,616,followed,past,they,di
2137,616,will follow,future,I,gelecek
2138,616,will follow,future,you,gelecek
2139,616,will follow,future,he/she,gelecek
2140,616,will follow,future,we,gelecek
2141,616,will follow,future,you (pl),gelecek
2142,616,will follow,future,they,gelecek
2143,617,download,present,I,şimdi
2144,617,download,present,you,şimdi
2145,617,downloads,present,he/she,şimdi
2146,617,download,present,we,şimdi
2147,617,download,present,you (pl),şimdi
2148,617,download,present,they,şimdi
2149,617,downloaded,past,I,di
2150,617,downloaded,past,you,di
2151,617,downloaded,past,he/she,di
2152,617,downloaded,past,we,di
2153,617,downloaded,past,you (pl),di
2154,617,downloaded,past,they,di
2155,617,will download,future,I,gelecek
2156,617,will download,future,you,gelecek
2157,617,will download,future,he/she,gelecek
2158,617,will download,future,we,gelecek
2159,617,will download,future,you (pl),gelecek
2160,617,will download,future,they,gelecek
2161,618,stream,present,I,şimdi
2162,618,stream,present,you,şimdi
2163,618,streams,present,he/she,şimdi
2164,618,stream,present,we,şimdi
2165,618,stream,present,you (pl),şimdi
2166,618,stream,present,they,şimdi
2167,618,streamed,past,I,di
2168,618,streamed,past,you,di
2169,618,streamed,past,he/she,di
2170,618,streamed,past,we,di
2171,618,streamed,past,you (pl),di
2172,618,streamed,past,they,di
2173,618,will stream,future,I,gelecek
2174,618,will stream,future,you,gelecek
2175,618,will stream,future,he/she,gelecek
2176,618,will stream,future,we,gelecek
2177,618,will stream,future,you (pl),gelecek
2178,618,will stream,future,they,gelecek
2179,629,invite,present,I,şimdi
2180,629,invite,present,you,şimdi
2181,629,invites,present,he/she,şimdi
2182,629,invite,present,we,şimdi
2183,629,invite,present,you (pl),şimdi
2184,629,invite,present,they,şimdi
2185,629,invited,past,I,di
2186,629,invited,past,you,di
2187,629,invited,past,he/she,di
2188,629,invited,past,we,di
2189,629,invited,past,you (pl),di
2190,629,invited,past,they,di
2191,629,will invite,future,I,gelecek
2192,629,will invite,future,you,gelecek
2193,629,will invite,future,he/she,gelecek
2194,629,will invite,future,we,gelecek
2195,629,will invite,future,you (pl),gelecek
2196,629,will invite,future,they,gelecek
2197,630,join,present,I,şimdi
2198,630,join,present,you,şimdi
2199,630,joins,present,he/she,şimdi
2200,630,join,present,we,şimdi
2201,630,join,present,you (pl),şimdi
2202,630,join,present,they,şimdi
2203,630,joined,past,I,di
2204,630,joined,past,you,di
2205,630,joined,past,he/she,di
2206,630,joined,past,we,di
2207,630,joined,past,you (pl),di
2208,630,joined,past,they,di
2209,630,will join,future,I,gelecek
2210,630,will join,future,you,gelecek
2211,630,will join,future,he/she,gelecek
2212,630,will join,future,we,gelecek
2213,630,will join,future,you (pl),gelecek
2214,630,will join,future,they,gelecek
2215,631,prefer,present,I,şimdi
2216,631,prefer,present,you,şimdi
2217,631,prefers,present,he/she,şimdi
2218,631,prefer,present,we,şimdi
2219,631,prefer,present,you (pl),şimdi
2220,631,prefer,present,they,şimdi
2221,631,prefered,past,I,di
2222,631,prefered,past,you,di
2223,631,prefered,past,he/she,di
2224,631,prefered,past,we,di
2225,631,prefered,past,you (pl),di
2226,631,prefered,past,they,di
2227,631,will prefer,future,I,gelecek
2228,631,will prefer,future,you,gelecek
2229,631,will prefer,future,he/she,gelecek
2230,631,will prefer,future,we,gelecek
2231,631,will prefer,future,you (pl),gelecek
2232,631,will prefer,future,they,gelecek
2233,632,enjoy,present,I,şimdi
2234,632,enjoy,present,you,şimdi
2235,632,enjoys,present,he/she,şimdi
2236,632,enjoy,present,we,şimdi
2237,632,enjoy,present,you (pl),şimdi
2238,632,enjoy,present,they,şimdi
2239,632,enjoyed,past,I,di
2240,632,enjoyed,past,you,di
2241,632,enjoyed,past,he/she,di
2242,632,enjoyed,past,we,di
2243,632,enjoyed,past,you (pl),di
2244,632,enjoyed,past,they,di
2245,632,will enjoy,future,I,gelecek
2246,632,will enjoy,future,you,gelecek
2247,632,will enjoy,future,he/she,gelecek
2248,632,will enjoy,future,we,gelecek
2249,632,will enjoy,future,you (pl),gelecek
2250,632,will enjoy,future,they,gelecek
2251,633,recommend,present,I,şimdi
2252,633,recommend,present,you,şimdi
2253,633,recommends,present,he/she,şimdi
2254,633,recommend,present,we,şimdi
2255,633,recommend,present,you (pl),şimdi
2256,633,recommend,present,they,şimdi
2257,633,recommended,past,I,di
2258,633,recommended,past,you,di
2259,633,recommended,past,he/she,di
2260,633,recommended,past,we,di
2261,633,recommended,past,you (pl),di
2262,633,recommended,past,they,di
2263,633,will recommend,future,I,gelecek
2264,633,will recommend,future,you,gelecek
2265,633,will recommend,future,he/she,gelecek
2266,633,will recommend,future,we,gelecek
2267,633,will recommend,future,you (pl),gelecek
2268,633,will recommend,future,they,gelecek
2269,634,cancel,present,I,şimdi
2270,634,cancel,present,you,şimdi
2271,634,cancels,present,he/she,şimdi
2272,634,cancel,present,we,şimdi
2273,634,cancel,present,you (pl),şimdi
2274,634,cancel,present,they,şimdi
2275,634,canceled,past,I,di
2276,634,canceled,past,you,di
2277,634,canceled,past,he/she,di
2278,634,canceled,past,we,di
2279,634,canceled,past,you (pl),di
2280,634,canceled,past,they,di
2281,634,will cancel,future,I,gelecek
2282,634,will cancel,future,you,gelecek
2283,634,will cancel,future,he/she,gelecek
2284,634,will cancel,future,we,gelecek
2285,634,will cancel,future,you (pl),gelecek
2286,634,will cancel,future,they,gelecek
2287,677,fit,present,I,şimdi
2288,677,fit,present,you,şimdi
2289,677,fits,present,he/she,şimdi
2290,677,fit,present,we,şimdi
2291,677,fit,present,you (pl),şimdi
2292,677,fit,present,they,şimdi
2293,677,fitted,past,I,di
2294,677,fitted,past,you,di
2295,677,fitted,past,he/she,di
2296,677,fitted,past,we,di
2297,677,fitted,past,you (pl),di
2298,677,fitted,past,they,di
2299,677,will fit,future,I,gelecek
2300,677,will fit,future,you,gelecek
2301,677,will fit,future,he/she,gelecek
2302,677,will fit,future,we,gelecek
2303,677,will fit,future,you (pl),gelecek
2304,677,will fit,future,they,gelecek
2305,678,try on,present,I,şimdi
2306,678,try on,present,you,şimdi
2307,678,tries on,present,he/she,şimdi
2308,678,try on,present,we,şimdi
2309,678,try on,present,you (pl),şimdi
2310,678,try on,present,they,şimdi
2311,678,tried on,past,I,di
2312,678,tried on,past,you,di
2313,678,tried on,past,he/she,di
2314,678,tried on,past,we,di
2315,678,tried on,past,you (pl),di
2316,678,tried on,past,they,di
2317,678,will try on,future,I,gelecek
2318,678,will try on,future,you,gelecek
2319,678,will try on,future,he/she,gelecek
2320,678,will try on,future,we,gelecek
2321,678,will try on,future,you (pl),gelecek
2322,678,will try on,future,they,gelecek
2323,684,accept,present,I,şimdi
2324,684,accept,present,you,şimdi
2325,684,accepts,present,he/she,şimdi
2326,684,accept,present,we,şimdi
2327,684,accept,present,you (pl),şimdi
2328,684,accept,present,they,şimdi
2329,684,accepted,past,I,di
2330,684,accepted,past,you,di
2331,684,accepted,past,he/she,di
2332,684,accepted,past,we,di
2333,684,accepted,past,you (pl),di
2334,684,accepted,past,they,di
2335,684,will accept,future,I,gelecek
2336,684,will accept,future,you,gelecek
2337,684,will accept,future,he/she,gelecek
2338,684,will accept,future,we,gelecek
2339,684,will accept,future,you (pl),gelecek
2340,684,will accept,future,they,gelecek
2341,685,refuse,present,I,şimdi
2342,685,refuse,present,you,şimdi
2343,685,refuses,present,he/she,şimdi
2344,685,refuse,present,we,şimdi
2345,685,refuse,present,you (pl),şimdi
2346,685,refuse,present,they,şimdi
2347,685,refused,past,I,di
2348,685,refused,past,you,di
2349,685,refused,past,he/she,di
2350,685,refused,past,we,di
2351,685,refused,past,you (pl),di
2352,685,refused,past,they,di
2353,685,will refuse,future,I,gelecek
2354,685,will refuse,future,you,gelecek
2355,685,will refuse,future,he/she,gelecek
2356,685,will refuse,future,we,gelecek
2357,685,will refuse,future,you (pl),gelecek
2358,685,will refuse,future,they,gelecek
2359,686,suggest,present,I,şimdi
2360,686,suggest,present,you,şimdi
2361,686,suggests,present,he/she,şimdi
2362,686,suggest,present,we,şimdi
2363,686,suggest,present,you (pl),şimdi
2364,686,suggest,present,they,şimdi
2365,686,suggested,past,I,di
2366,686,suggested,past,you,di
2367,686,suggested,past,he/she,di
2368,686,suggested,past,we,di
2369,686,suggested,past,you (pl),di
2370,686,suggested,past,they,di
2371,686,will suggest,future,I,gelecek
2372,686,will suggest,future,you,gelecek
2373,686,will suggest,future,he/she,gelecek
2374,686,will suggest,future,we,gelecek
2375,686,will suggest,future,you (pl),gelecek
2376,686,will suggest,future,they,gelecek
2377,687,agree,present,I,şimdi
2378,687,agree,present,you,şimdi
2379,687,agrees,present,he/she,şimdi
2380,687,agree,present,we,şimdi
2381,687,agree,present,you (pl),şimdi
2382,687,agree,present,they,şimdi
2383,687,agreed,past,I,di
2384,687,agreed,past,you,di
2385,687,agreed,past,he/she,di
2386,687,agreed,past,we,di
2387,687,agreed,past,you (pl),di
2388,687,agreed,past,they,di
2389,687,will agree,future,I,gelecek
2390,687,will agree,future,you,gelecek
2391,687,will agree,future,he/she,gelecek
2392,687,will agree,future,we,gelecek
2393,687,will agree,future,you (pl),gelecek
2394,687,will agree,future,they,gelecek
2395,688,disagree,present,I,şimdi
2396,688,disagree,present,you,şimdi
2397,688,disagrees,present,he/she,şimdi
2398,688,disagree,present,we,şimdi
2399,688,disagree,present,you (pl),şimdi
2400,688,disagree,present,they,şimdi
2401,688,disagreed,past,I,di
2402,688,disagreed,past,you,di
2403,688,disagreed,past,he/she,di
2404,688,disagreed,past,we,di
2405,688,disagreed,past,you (pl),di
2406,688,disagreed,past,they,di
2407,688,will disagree,future,I,gelecek
2408,688,will disagree,future,you,gelecek
2409,688,will disagree,future,he/she,gelecek
2410,688,will disagree,future,we,gelecek
2411,688,will disagree,future,you (pl),gelecek
2412,688,will disagree,future,they,gelecek
2413,701,hurry,present,I,şimdi
2414,701,hurry,present,you,şimdi
2415,701,hurries,present,he/she,şimdi
2416,701,hurry,present,we,şimdi
2417,701,hurry,present,you (pl),şimdi
2418,701,hurry,present,they,şimdi
2419,701,hurried,past,I,di
2420,701,hurried,past,you,di
2421,701,hurried,past,he/she,di
2422,701,hurried,past,we,di
2423,701,hurried,past,you (pl),di
2424,701,hurried,past,they,di
2425,701,will hurry,future,I,gelecek
2426,701,will hurry,future,you,gelecek
2427,701,will hurry,future,he/she,gelecek
2428,701,will hurry,future,we,gelecek
2429,701,will hurry,future,you (pl),gelecek
2430,701,will hurry,future,they,gelecek
2431,711,grow up,present,I,şimdi
2432,711,grow up,present,you,şimdi
2433,711,grows up,present,he/she,şimdi
2434,711,grow up,present,we,şimdi
2435,711,grow up,present,you (pl),şimdi
2436,711,grow up,present,they,şimdi
2437,711,grew up,past,I,di
2438,711,grew up,past,you,di
2439,711,grew up,past,he/she,di
2440,711,grew up,past,we,di
2441,711,grew up,past,you (pl),di
2442,711,grew up,past,they,di
2443,711,will grow up,future,I,gelecek
2444,711,will grow up,future,you,gelecek
2445,711,will grow up,future,he/she,gelecek
2446,711,will grow up,future,we,gelecek
2447,711,will grow up,future,you (pl),gelecek
2448,711,will grow up,future,they,gelecek
2449,712,graduate,present,I,şimdi
2450,712,graduate,present,you,şimdi
2451,712,graduates,present,he/she,şimdi
2452,712,graduate,present,we,şimdi
2453,712,graduate,present,you (pl),şimdi
2454,712,graduate,present,they,şimdi
2455,712,graduated,past,I,di
2456,712,graduated,past,you,di
2457,712,graduated,past,he/she,di
2458,712,graduated,past,we,di
2459,712,graduated,past,you (pl),di
2460,712,graduated,past,they,di
2461,712,will graduate,future,I,gelecek
2462,712,will graduate,future,you,gelecek
2463,712,will graduate,future,he/she,gelecek
2464,712,will graduate,future,we,gelecek
2465,712,will graduate,future,you (pl),gelecek
2466,712,will graduate,future,they,gelecek
2467,713,get married,present,I,şimdi
2468,713,get married,present,you,şimdi
2469,713,gets married,present,he/she,şimdi
2470,713,get married,present,we,şimdi
2471,713,get married,present,you (pl),şimdi
2472,713,get married,present,they,şimdi
2473,713,got married,past,I,di
2474,713,got married,past,you,di
2475,713,got married,past,he/she,di
2476,713,got married,past,we,di
2477,713,got married,past,you (pl),di
2478,713,got married,past,they,di
2479,713,will get married,future,I,gelecek
2480,713,will get married,future,you,gelecek
2481,713,will get married,future,he/she,gelecek
2482,713,will get married,future,we,gelecek
2483,713,will get married,future,you (pl),gelecek
2484,713,will get married,future,they,gelecek
2485,714,get divorced,present,I,şimdi
2486,714,get divorced,present,you,şimdi
2487,714,gets divorced,present,he/she,şimdi
2488,714,get divorced,present,we,şimdi
2489,714,get divorced,present,you (pl),şimdi
2490,714,get divorced,present,they,şimdi
2491,714,got divorced,past,I,di
2492,714,got divorced,past,you,di
2493,714,got divorced,past,he/she,di
2494,714,got divorced,past,we,di
2495,714,got divorced,past,you (pl),di
2496,714,got divorced,past,they,di
2497,714,will get divorced,future,I,gelecek
2498,714,will get divorced,future,you,gelecek
2499,714,will get divorced,future,he/she,gelecek
2500,714,will get divorced,future,we,gelecek
2501,714,will get divorced,future,you (pl),gelecek
2502,714,will get divorced,future,they,gelecek
2503,715,retire,present,I,şimdi
2504,715,retire,present,you,şimdi
2505,715,retires,present,he/she,şimdi
2506,715,retire,present,we,şimdi
2507,715,retire,present,you (pl),şimdi
2508,715,retire,present,they,şimdi
2509,715,retired,past,I,di
2510,715,retired,past,you,di
2511,715,retired,past,he/she,di
2512,715,retired,past,we,di
2513,715,retired,past,you (pl),di
2514,715,retired,past,they,di
2515,715,will retire,future,I,gelecek
2516,715,will retire,future,you,gelecek
2517,715,will retire,future,he/she,gelecek
2518,715,will retire,future,we,gelecek
2519,715,will retire,future,you (pl),gelecek
2520,715,will retire,future,they,gelecek
2521,716,die,present,I,şimdi
2522,716,die,present,you,şimdi
2523,716,dies,present,he/she,şimdi
2524,716,die,present,we,şimdi
2525,716,die,present,you (pl),şimdi
2526,716,die,present,they,şimdi
2527,716,died,past,I,di
2528,716,died,past,you,di
2529,716,died,past,he/she,di
2530,716,died,past,we,di
2531,716,died,past,you (pl),di
2532,716,died,past,they,di
2533,716,will die,future,I,gelecek
2534,716,will die,future,you,gelecek
2535,716,will die,future,he/she,gelecek
2536,716,will die,future,we,gelecek
2537,716,will die,future,you (pl),gelecek
2538,716,will die,future,they,gelecek
2539,717,move house,present,I,şimdi
2540,717,move house,present,you,şimdi
2541,717,moves house,present,he/she,şimdi
2542,717,move house,present,we,şimdi
2543,717,move house,present,you (pl),şimdi
2544,717,move house,present,they,şimdi
2545,717,moved house,past,I,di
2546,717,moved house,past,you,di
2547,717,moved house,past,he/she,di
2548,717,moved house,past,we,di
2549,717,moved house,past,you (pl),di
2550,717,moved house,past,they,di
2551,717,will move house,future,I,gelecek
2552,717,will move house,future,you,gelecek
2553,717,will move house,future,he/she,gelecek
2554,717,will move house,future,we,gelecek
2555,717,will move house,future,you (pl),gelecek
2556,717,will move house,future,they,gelecek
2557,718,change jobs,present,I,şimdi
2558,718,change jobs,present,you,şimdi
2559,718,changes jobs,present,he/she,şimdi
2560,718,change jobs,present,we,şimdi
2561,718,change jobs,present,you (pl),şimdi
2562,718,change jobs,present,they,şimdi
2563,718,changed jobs,past,I,di
2564,718,changed jobs,past,you,di
2565,718,changed jobs,past,he/she,di
2566,718,changed jobs,past,we,di
2567,718,changed jobs,past,you (pl),di
2568,718,changed jobs,past,they,di
2569,718,will change jobs,future,I,gelecek
2570,718,will change jobs,future,you,gelecek
2571,718,will change jobs,future,he/she,gelecek
2572,718,will change jobs,future,we,gelecek
2573,718,will change jobs,future,you (pl),gelecek
2574,718,will change jobs,future,they,gelecek
2575,753,commute,present,I,şimdi
2576,753,commute,present,you,şimdi
2577,753,commutes,present,he/she,şimdi
2578,753,commute,present,we,şimdi
2579,753,commute,present,you (pl),şimdi
2580,753,commute,present,they,şimdi
2581,753,commuted,past,I,di
2582,753,commuted,past,you,di
2583,753,commuted,past,he/she,di
2584,753,commuted,past,we,di
2585,753,commuted,past,you (pl),di
2586,753,commuted,past,they,di
2587,753,will commute,future,I,gelecek
2588,753,will commute,future,you,gelecek
2589,753,will commute,future,he/she,gelecek
2590,753,will commute,future,we,gelecek
2591,753,will commute,future,you (pl),gelecek
2592,753,will commute,future,they,gelecek
2593,754,get on,present,I,şimdi
2594,754,get on,present,you,şimdi
2595,754,gets on,present,he/she,şimdi
2596,754,get on,present,we,şimdi
2597,754,get on,present,you (pl),şimdi
2598,754,get on,present,they,şimdi
2599,754,got on,past,I,di
2600,754,got on,past,you,di
2601,754,got on,past,he/she,di
2602,754,got on,past,we,di
2603,754,got on,past,you (pl),di
2604,754,got on,past,they,di
2605,754,will get on,future,I,gelecek
2606,754,will get on,future,you,gelecek
2607,754,will get on,future,he/she,gelecek
2608,754,will get on,future,we,gelecek
2609,754,will get on,future,you (pl),gelecek
2610,754,will get on,future,they,gelecek
2611,755,get off,present,I,şimdi
2612,755,get off,present,you,şimdi
2613,755,gets off,present,he/she,şimdi
2614,755,get off,present,we,şimdi
2615,755,get off,present,you (pl),şimdi
2616,755,get off,present,they,şimdi
2617,755,got off,past,I,di
2618,755,got off,past,you,di
2619,755,got off,past,he/she,di
2620,755,got off,past,we,di
2621,755,got off,past,you (pl),di
2622,755,got off,past,they,di
2623,755,will get off,future,I,gelecek
2624,755,will get off,future,you,gelecek
2625,755,will get off,future,he/she,gelecek
2626,755,will get off,future,we,gelecek
2627,755,will get off,future,you (pl),gelecek
2628,755,will get off,future,they,gelecek
2629,756,get in,present,I,şimdi
2630,756,get in,present,you,şimdi
2631,756,gets in,present,he/she,şimdi
2632,756,get in,present,we,şimdi
2633,756,get in,present,you (pl),şimdi
2634,756,get in,present,they,şimdi
2635,756,got in,past,I,di
2636,756,got in,past,you,di
2637,756,got in,past,he/she,di
2638,756,got in,past,we,di
2639,756,got in,past,you (pl),di
2640,756,got in,past,they,di
2641,756,will get in,future,I,gelecek
2642,756,will get in,future,you,gelecek
2643,756,will get in,future,he/she,gelecek
2644,756,will get in,future,we,gelecek
2645,756,will get in,future,you (pl),gelecek
2646,756,will get in,future,they,gelecek
2647,757,get out,present,I,şimdi
2648,757,get out,present,you,şimdi
2649,757,gets out,present,he/she,şimdi
2650,757,get out,present,we,şimdi
2651,757,get out,present,you (pl),şimdi
2652,757,get out,present,they,şimdi
2653,757,got out,past,I,di
2654,757,got out,past,you,di
2655,757,got out,past,he/she,di
2656,757,got out,past,we,di
2657,757,got out,past,you (pl),di
2658,757,got out,past,they,di
2659,757,will get out,future,I,gelecek
2660,757,will get out,future,you,gelecek
2661,757,will get out,future,he/she,gelecek
2662,757,will get out,future,we,gelecek
2663,757,will get out,future,you (pl),gelecek
2664,757,will get out,future,they,gelecek
2665,758,pick up,present,I,şimdi
2666,758,pick up,present,you,şimdi
2667,758,picks up,present,he/she,şimdi
2668,758,pick up,present,we,şimdi
2669,758,pick up,present,you (pl),şimdi
2670,758,pick up,present,they,şimdi
2671,758,picked up,past,I,di
2672,758,picked up,past,you,di
2673,758,picked up,past,he/she,di
2674,758,picked up,past,we,di
2675,758,picked up,past,you (pl),di
2676,758,picked up,past,they,di
2677,758,will pick up,future,I,gelecek
2678,758,will pick up,future,you,gelecek
2679,758,will pick up,future,he/she,gelecek
2680,758,will pick up,future,we,gelecek
2681,758,will pick up,future,you (pl),gelecek
2682,758,will pick up,future,they,gelecek
2683,759,drop off,present,I,şimdi
2684,759,drop off,present,you,şimdi
2685,759,drops off,present,he/she,şimdi
2686,759,drop off,present,we,şimdi
2687,759,drop off,present,you (pl),şimdi
2688,759,drop off,present,they,şimdi
2689,759,dropped off,past,I,di
2690,759,dropped off,past,you,di
2691,759,dropped off,past,he/she,di
2692,759,dropped off,past,we,di
2693,759,dropped off,past,you (pl),di
2694,759,dropped off,past,they,di
2695,759,will drop off,future,I,gelecek
2696,759,will drop off,future,you,gelecek
2697,759,will drop off,future,he/she,gelecek
2698,759,will drop off,future,we,gelecek
2699,759,will drop off,future,you (pl),gelecek
2700,759,will drop off,future,they,gelecek
2701,799,boil,present,I,şimdi
2702,799,boil,present,you,şimdi
2703,799,boils,present,he/she,şimdi
2704,799,boil,present,we,şimdi
2705,799,boil,present,you (pl),şimdi
2706,799,boil,present,they,şimdi
2707,799,boiled,past,I,di
2708,799,boiled,past,you,di
2709,799,boiled,past,he/she,di
2710,799,boiled,past,we,di
2711,799,boiled,past,you (pl),di
2712,799,boiled,past,they,di
2713,799,will boil,future,I,gelecek
2714,799,will boil,future,you,gelecek
2715,799,will boil,future,he/she,gelecek
2716,799,will boil,future,we,gelecek
2717,799,will boil,future,you (pl),gelecek
2718,799,will boil,future,they,gelecek
2719,800,fry,present,I,şimdi
2720,800,fry,present,you,şimdi
2721,800,fries,present,he/she,şimdi
2722,800,fry,present,we,şimdi
2723,800,fry,present,you (pl),şimdi
2724,800,fry,present,they,şimdi
2725,800,fried,past,I,di
2726,800,fried,past,you,di
2727,800,fried,past,he/she,di
2728,800,fried,past,we,di
2729,800,fried,past,you (pl),di
2730,800,fried,past,they,di
2731,800,will fry,future,I,gelecek
2732,800,will fry,future,you,gelecek
2733,800,will fry,future,he/she,gelecek
2734,800,will fry,future,we,gelecek
2735,800,will fry,future,you (pl),gelecek
2736,800,will fry,future,they,gelecek
2737,801,bake,present,I,şimdi
2738,801,bake,present,you,şimdi
2739,801,bakes,present,he/she,şimdi
2740,801,bake,present,we,şimdi
2741,801,bake,present,you (pl),şimdi
2742,801,bake,present,they,şimdi
2743,801,baked,past,I,di
2744,801,baked,past,you,di
2745,801,baked,past,he/she,di
2746,801,baked,past,we,di
2747,801,baked,past,you (pl),di
2748,801,baked,past,they,di
2749,801,will bake,future,I,gelecek
2750,801,will bake,future,you,gelecek
2751,801,will bake,future,he/she,gelecek
2752,801,will bake,future,we,gelecek
2753,801,will bake,future,you (pl),gelecek
2754,801,will bake,future,they,gelecek
2755,802,grill,present,I,şimdi
2756,802,grill,present,you,şimdi
2757,802,grills,present,he/she,şimdi
2758,802,grill,present,we,şimdi
2759,802,grill,present,you (pl),şimdi
2760,802,grill,present,they,şimdi
2761,802,grilled,past,I,di
2762,802,grilled,past,you,di
2763,802,grilled,past,he/she,di
2764,802,grilled,past,we,di
2765,802,grilled,past,you (pl),di
2766,802,grilled,past,they,di
2767,802,will grill,future,I,gelecek
2768,802,will grill,future,you,gelecek
2769,802,will grill,future,he/she,gelecek
2770,802,will grill,future,we,gelecek
2771,802,will grill,future,you (pl),gelecek
2772,802,will grill,future,they,gelecek
2773,803,roast,present,I,şimdi
2774,803,roast,present,you,şimdi
2775,803,roasts,present,he/she,şimdi
2776,803,roast,present,we,şimdi
2777,803,roast,present,you (pl),şimdi
2778,803,roast,present,they,şimdi
2779,803,roasted,past,I,di
2780,803,roasted,past,you,di
2781,803,roasted,past,he/she,di
2782,803,roasted,past,we,di
2783,803,roasted,past,you (pl),di
2784,803,roasted,past,they,di
2785,803,will roast,future,I,gelecek
2786,803,will roast,future,you,gelecek
2787,803,will roast,future,he/she,gelecek
2788,803,will roast,future,we,gelecek
2789,803,will roast,future,you (pl),gelecek
2790,803,will roast,future,they,gelecek
2791,804,taste,present,I,şimdi
2792,804,taste,present,you,şimdi
2793,804,tastes,present,he/she,şimdi
2794,804,taste,present,we,şimdi
2795,804,taste,present,you (pl),şimdi
2796,804,taste,present,they,şimdi
2797,804,tasted,past,I,di
2798,804,tasted,past,you,di
2799,804,tasted,past,he/she,di
2800,804,tasted,past,we,di
2801,804,tasted,past,you (pl),di
2802,804,tasted,past,they,di
2803,804,will taste,future,I,gelecek
2804,804,will taste,future,you,gelecek
2805,804,will taste,future,he/she,gelecek
2806,804,will taste,future,we,gelecek
2807,804,will taste,future,you (pl),gelecek
2808,804,will taste,future,they,gelecek
2809,806,hope,present,I,şimdi
2810,806,hope,present,you,şimdi
2811,806,hopes,present,he/she,şimdi
2812,806,hope,present,we,şimdi
2813,806,hope,present,you (pl),şimdi
2814,806,hope,present,they,şimdi
2815,806,hoped,past,I,di
2816,806,hoped,past,you,di
2817,806,hoped,past,he/she,di
2818,806,hoped,past,we,di
2819,806,hoped,past,you (pl),di
2820,806,hoped,past,they,di
2821,806,will hope,future,I,gelecek
2822,806,will hope,future,you,gelecek
2823,806,will hope,future,he/she,gelecek
2824,806,will hope,future,we,gelecek
2825,806,will hope,future,you (pl),gelecek
2826,806,will hope,future,they,gelecek
2827,807,expect,present,I,şimdi
2828,807,expect,present,you,şimdi
2829,807,expects,present,he/she,şimdi
2830,807,expect,present,we,şimdi
2831,807,expect,present,you (pl),şimdi
2832,807,expect,present,they,şimdi
2833,807,expected,past,I,di
2834,807,expected,past,you,di
2835,807,expected,past,he/she,di
2836,807,expected,past,we,di
2837,807,expected,past,you (pl),di
2838,807,expected,past,they,di
2839,807,will expect,future,I,gelecek
2840,807,will expect,future,you,gelecek
2841,807,will expect,future,he/she,gelecek
2842,807,will expect,future,we,gelecek
2843,807,will expect,future,you (pl),gelecek
2844,807,will expect,future,they,gelecek
2845,808,promise,present,I,şimdi
2846,808,promise,present,you,şimdi
2847,808,promises,present,he/she,şimdi
2848,808,promise,present,we,şimdi
2849,808,promise,present,you (pl),şimdi
2850,808,promise,present,they,şimdi
2851,808,promised,past,I,di
2852,808,promised,past,you,di
2853,808,promised,past,he/she,di
2854,808,promised,past,we,di
2855,808,promised,past,you (pl),di
2856,808,promised,past,they,di
2857,808,will promise,future,I,gelecek
2858,808,will promise,future,you,gelecek
2859,808,will promise,future,he/she,gelecek
2860,808,will promise,future,we,gelecek
2861,808,will promise,future,you (pl),gelecek
2862,808,will promise,future,they,gelecek
2863,809,offer,present,I,şimdi
2864,809,offer,present,you,şimdi
2865,809,offers,present,he/she,şimdi
2866,809,offer,present,we,şimdi
2867,809,offer,present,you (pl),şimdi
2868,809,offer,present,they,şimdi
2869,809,offered,past,I,di
2870,809,offered,past,you,di
2871,809,offered,past,he/she,di
2872,809,offered,past,we,di
2873,809,offered,past,you (pl),di
2874,809,offered,past,they,di
2875,809,will offer,future,I,gelecek
2876,809,will offer,future,you,gelecek
2877,809,will offer,future,he/she,gelecek
2878,809,will offer,future,we,gelecek
2879,809,will offer,future,you (pl),gelecek
2880,809,will offer,future,they,gelecek
2881,810,predict,present,I,şimdi
2882,810,predict,present,you,şimdi
2883,810,predicts,present,he/she,şimdi
2884,810,predict,present,we,şimdi
2885,810,predict,present,you (pl),şimdi
2886,810,predict,present,they,şimdi
2887,810,predicted,past,I,di
2888,810,predicted,past,you,di
2889,810,predicted,past,he/she,di
2890,810,predicted,past,we,di
2891,810,predicted,past,you (pl),di
2892,810,predicted,past,they,di
2893,810,will predict,future,I,gelecek
2894,810,will predict,future,you,gelecek
2895,810,will predict,future,he/she,gelecek
2896,810,will predict,future,we,gelecek
2897,810,will predict,future,you (pl),gelecek
2898,810,will predict,future,they,gelecek
2899,823,improve,present,I,şimdi
2900,823,improve,present,you,şimdi
2901,823,improves,present,he/she,şimdi
2902,823,improve,present,we,şimdi
2903,823,improve,present,you (pl),şimdi
2904,823,improve,present,they,şimdi
2905,823,improved,past,I,di
2906,823,improved,past,you,di
2907,823,improved,past,he/she,di
2908,823,improved,past,we,di
2909,823,improved,past,you (pl),di
2910,823,improved,past,they,di
2911,823,will improve,future,I,gelecek
2912,823,will improve,future,you,gelecek
2913,823,will improve,future,he/she,gelecek
2914,823,will improve,future,we,gelecek
2915,823,will improve,future,you (pl),gelecek
2916,823,will improve,future,they,gelecek
2917,824,save,present,I,şimdi
2918,824,save,present,you,şimdi
2919,824,saves,present,he/she,şimdi
2920,824,save,present,we,şimdi
2921,824,save,present,you (pl),şimdi
2922,824,save,present,they,şimdi
2923,824,saved,past,I,di
2924,824,saved,past,you,di
2925,824,saved,past,he/she,di
2926,824,saved,past,we,di
2927,824,saved,past,you (pl),di
2928,824,saved,past,they,di
2929,824,will save,future,I,gelecek
2930,824,will save,future,you,gelecek
2931,824,will save,future,he/she,gelecek
2932,824,will save,future,we,gelecek
2933,824,will save,future,you (pl),gelecek
2934,824,will save,future,they,gelecek
2935,825,spend,present,I,şimdi
2936,825,spend,present,you,şimdi
2937,825,spends,present,he/she,şimdi
2938,825,spend,present,we,şimdi
2939,825,spend,present,you (pl),şimdi
2940,825,spend,present,they,şimdi
2941,825,spent,past,I,di
2942,825,spent,past,you,di
2943,825,spent,past,he/she,di
2944,825,spent,past,we,di
2945,825,spent,past,you (pl),di
2946,825,spent,past,they,di
2947,825,will spend,future,I,gelecek
2948,825,will spend,future,you,gelecek
2949,825,will spend,future,he/she,gelecek
2950,825,will spend,future,we,gelecek
2951,825,will spend,future,you (pl),gelecek
2952,825,will spend,future,they,gelecek
2953,826,waste,present,I,şimdi
2954,826,waste,present,you,şimdi
2955,826,wastes,present,he/she,şimdi
2956,826,waste,present,we,şimdi
2957,826,waste,present,you (pl),şimdi
2958,826,waste,present,they,şimdi
2959,826,wasted,past,I,di
2960,826,wasted,past,you,di
2961,826,wasted,past,he/she,di
2962,826,wasted,past,we,di
2963,826,wasted,past,you (pl),di
2964,826,wasted,past,they,di
2965,826,will waste,future,I,gelecek
2966,826,will waste,future,you,gelecek
2967,826,will waste,future,he/she,gelecek
2968,826,will waste,future,we,gelecek
2969,826,will waste,future,you (pl),gelecek
2970,826,will waste,future,they,gelecek
2971,827,afford,present,I,şimdi
2972,827,afford,present,you,şimdi
2973,827,affords,present,he/she,şimdi
2974,827,afford,present,we,şimdi
2975,827,afford,present,you (pl),şimdi
2976,827,afford,present,they,şimdi
2977,827,afforded,past,I,di
2978,827,afforded,past,you,di
2979,827,afforded,past,he/she,di
2980,827,afforded,past,we,di
2981,827,afforded,past,you (pl),di
2982,827,afforded,past,they,di
2983,827,will afford,future,I,gelecek
2984,827,will afford,future,you,gelecek
2985,827,will afford,future,he/she,gelecek
2986,827,will afford,future,we,gelecek
2987,827,will afford,future,you (pl),gelecek
2988,827,will afford,future,they,gelecek
2989,828,borrow,present,I,şimdi
2990,828,borrow,present,you,şimdi
2991,828,borrows,present,he/she,şimdi
2992,828,borrow,present,we,şimdi
2993,828,borrow,present,you (pl),şimdi
2994,828,borrow,present,they,şimdi
2995,828,borrowed,past,I,di
2996,828,borrowed,past,you,di
2997,828,borrowed,past,he/she,di
2998,828,borrowed,past,we,di
2999,828,borrowed,past,you (pl),di
3000,828,borrowed,past,they,di
3001,828,will borrow,future,I,gelecek
3002,828,will borrow,future,you,gelecek
3003,828,will borrow,future,he/she,gelecek
3004,828,will borrow,future,we,gelecek
3005,828,will borrow,future,you (pl),gelecek
3006,828,will borrow,future,they,gelecek
3007,829,lend,present,I,şimdi
3008,829,lend,present,you,şimdi
3009,829,lends,present,he/she,şimdi
3010,829,lend,present,we,şimdi
3011,829,lend,present,you (pl),şimdi
3012,829,lend,present,they,şimdi
3013,829,lent,past,I,di
3014,829,lent,past,you,di
3015,829,lent,past,he/she,di
3016,829,lent,past,we,di
3017,829,lent,past,you (pl),di
3018,829,lent,past,they,di
3019,829,will lend,future,I,gelecek
3020,829,will lend,future,you,gelecek
3021,829,will lend,future,he/she,gelecek
3022,829,will lend,future,we,gelecek
3023,829,will lend,future,you (pl),gelecek
3024,829,will lend,future,they,gelecek
3025,830,owe,present,I,şimdi
3026,830,owe,present,you,şimdi
3027,830,owes,present,he/she,şimdi
3028,830,owe,present,we,şimdi
3029,830,owe,present,you (pl),şimdi
3030,830,owe,present,they,şimdi
3031,830,owed,past,I,di
3032,830,owed,past,you,di
3033,830,owed,past,he/she,di
3034,830,owed,past,we,di
3035,830,owed,past,you (pl),di
3036,830,owed,past,they,di
3037,830,will owe,future,I,gelecek
3038,830,will owe,future,you,gelecek
3039,830,will owe,future,he/she,gelecek
3040,830,will owe,future,we,gelecek
3041,830,will owe,future,you (pl),gelecek
3042,830,will owe,future,they,gelecek
3043,848,cost,present,I,şimdi
3044,848,cost,present,you,şimdi
3045,848,costs,present,he/she,şimdi
3046,848,cost,present,we,şimdi
3047,848,cost,present,you (pl),şimdi
3048,848,cost,present,they,şimdi
3049,848,cost,past,I,di
3050,848,cost,past,you,di
3051,848,cost,past,he/she,di
3052,848,cost,past,we,di
3053,848,cost,past,you (pl),di
3054,848,cost,past,they,di
3055,848,will cost,future,I,gelecek
3056,848,will cost,future,you,gelecek
3057,848,will cost,future,he/she,gelecek
3058,848,will cost,future,we,gelecek
3059,848,will cost,future,you (pl),gelecek
3060,848,will cost,future,they,gelecek
3061,849,charge,present,I,şimdi
3062,849,charge,present,you,şimdi
3063,849,charges,present,he/she,şimdi
3064,849,charge,present,we,şimdi
3065,849,charge,present,you (pl),şimdi
3066,849,charge,present,they,şimdi
3067,849,charged,past,I,di
3068,849,charged,past,you,di
3069,849,charged,past,he/she,di
3070,849,charged,past,we,di
3071,849,charged,past,you (pl),di
3072,849,charged,past,they,di
3073,849,will charge,future,I,gelecek
3074,849,will charge,future,you,gelecek
3075,849,will charge,future,he/she,gelecek
3076,849,will charge,future,we,gelecek
3077,849,will charge,future,you (pl),gelecek
3078,849,will charge,future,they,gelecek
3079,850,complain,present,I,şimdi
3080,850,complain,present,you,şimdi
3081,850,complains,present,he/she,şimdi
3082,850,complain,present,we,şimdi
3083,850,complain,present,you (pl),şimdi
3084,850,complain,present,they,şimdi
3085,850,complained,past,I,di
3086,850,complained,past,you,di
3087,850,complained,past,he/she,di
3088,850,complained,past,we,di
3089,850,complained,past,you (pl),di
3090,850,complained,past,they,di
3091,850,will complain,future,I,gelecek
3092,850,will complain,future,you,gelecek
3093,850,will complain,future,he/she,gelecek
3094,850,will complain,future,we,gelecek
3095,850,will complain,future,you (pl),gelecek
3096,850,will complain,future,they,gelecek
3097,851,replace,present,I,şimdi
3098,851,replace,present,you,şimdi
3099,851,replaces,present,he/she,şimdi
3100,851,replace,present,we,şimdi
3101,851,replace,present,you (pl),şimdi
3102,851,replace,present,they,şimdi
3103,851,replaced,past,I,di
3104,851,replaced,past,you,di
3105,851,replaced,past,he/she,di
3106,851,replaced,past,we,di
3107,851,replaced,past,you (pl),di
3108,851,replaced,past,they,di
3109,851,will replace,future,I,gelecek
3110,851,will replace,future,you,gelecek
3111,851,will replace,future,he/she,gelecek
3112,851,will replace,future,we,gelecek
3113,851,will replace,future,you (pl),gelecek
3114,851,will replace,future,they,gelecek
3115,852,repair,present,I,şimdi
3116,852,repair,present,you,şimdi
3117,852,repairs,present,he/she,şimdi
3118,852,repair,present,we,şimdi
3119,852,repair,present,you (pl),şimdi
3120,852,repair,present,they,şimdi
3121,852,repaired,past,I,di
3122,852,repaired,past,you,di
3123,852,repaired,past,he/she,di
3124,852,repaired,past,we,di
3125,852,repaired,past,you (pl),di
3126,852,repaired,past,they,di
3127,852,will repair,future,I,gelecek
3128,852,will repair,future,you,gelecek
3129,852,will repair,future,he/she,gelecek
3130,852,will repair,future,we,gelecek
3131,852,will repair,future,you (pl),gelecek
3132,852,will repair,future,they,gelecek
3133,872,try,present,I,şimdi
3134,872,try,present,you,şimdi
3135,872,tries,present,he/she,şimdi
3136,872,try,present,we,şimdi
3137,872,try,present,you (pl),şimdi
3138,872,try,present,they,şimdi
3139,872,tried,past,I,di
3140,872,tried,past,you,di
3141,872,tried,past,he/she,di
3142,872,tried,past,we,di
3143,872,tried,past,you (pl),di
3144,872,tried,past,they,di
3145,872,will try,future,I,gelecek
3146,872,will try,future,you,gelecek
3147,872,will try,future,he/she,gelecek
3148,872,will try,future,we,gelecek
3149,872,will try,future,you (pl),gelecek
3150,872,will try,future,they,gelecek
3151,873,fail,present,I,şimdi
3152,873,fail,present,you,şimdi
3153,873,fails,present,he/she,şimdi
3154,873,fail,present,we,şimdi
3155,873,fail,present,you (pl),şimdi
3156,873,fail,present,they,şimdi
3157,873,failed,past,I,di
3158,873,failed,past,you,di
3159,873,failed,past,he/she,di
3160,873,failed,past,we,di
3161,873,failed,past,you (pl),di
3162,873,failed,past,they,di
3163,873,will fail,future,I,gelecek
3164,873,will fail,future,you,gelecek
3165,873,will fail,future,he/she,gelecek
3166,873,will fail,future,we,gelecek
3167,873,will fail,future,you (pl),gelecek
3168,873,will fail,future,they,gelecek
3169,874,succeed,present,I,şimdi
3170,874,succeed,present,you,şimdi
3171,874,succeeds,present,he/she,şimdi
3172,874,succeed,present,we,şimdi
3173,874,succeed,present,you (pl),şimdi
3174,874,succeed,present,they,şimdi
3175,874,succeeded,past,I,di
3176,874,succeeded,past,you,di
3177,874,succeeded,past,he/she,di
3178,874,succeeded,past,we,di
3179,874,succeeded,past,you (pl),di
3180,874,succeeded,past,they,di
3181,874,will succeed,future,I,gelecek
3182,874,will succeed,future,you,gelecek
3183,874,will succeed,future,he/she,gelecek
3184,874,will succeed,future,we,gelecek
3185,874,will succeed,future,you (pl),gelecek
3186,874,will succeed,future,they,gelecek
3187,875,achieve,present,I,şimdi
3188,875,achieve,present,you,şimdi
3189,875,achieves,present,he/she,şimdi
3190,875,achieve,present,we,şimdi
3191,875,achieve,present,you (pl),şimdi
3192,875,achieve,present,they,şimdi
3193,875,achieved,past,I,di
3194,875,achieved,past,you,di
3195,875,achieved,past,he/she,di
3196,875,achieved,past,we,di
3197,875,achieved,past,you (pl),di
3198,875,achieved,past,they,di
3199,875,will achieve,future,I,gelecek
3200,875,will achieve,future,you,gelecek
3201,875,will achieve,future,he/she,gelecek
3202,875,will achieve,future,we,gelecek
3203,875,will achieve,future,you (pl),gelecek
3204,875,will achieve,future,they,gelecek
3205,876,discover,present,I,şimdi
3206,876,discover,present,you,şimdi
3207,876,discovers,present,he/she,şimdi
3208,876,discover,present,we,şimdi
3209,876,discover,present,you (pl),şimdi
3210,876,discover,present,they,şimdi
3211,876,discovered,past,I,di
3212,876,discovered,past,you,di
3213,876,discovered,past,he/she,di
3214,876,discovered,past,we,di
3215,876,discovered,past,you (pl),di
3216,876,discovered,past,they,di
3217,876,will discover,future,I,gelecek
3218,876,will discover,future,you,gelecek
3219,876,will discover,future,he/she,gelecek
3220,876,will discover,future,we,gelecek
3221,876,will discover,future,you (pl),gelecek
3222,876,will discover,future,they,gelecek
3223,877,invent,present,I,şimdi
3224,877,invent,present,you,şimdi
3225,877,invents,present,he/she,şimdi
3226,877,invent,present,we,şimdi
3227,877,invent,present,you (pl),şimdi
3228,877,invent,present,they,şimdi
3229,877,invented,past,I,di
3230,877,invented,past,you,di
3231,877,invented,past,he/she,di
3232,877,invented,past,we,di
3233,877,invented,past,you (pl),di
3234,877,invented,past,they,di
3235,877,will invent,future,I,gelecek
3236,877,will invent,future,you,gelecek
3237,877,will invent,future,he/she,gelecek
3238,877,will invent,future,we,gelecek
3239,877,will invent,future,you (pl),gelecek
3240,877,will invent,future,they,gelecek
3241,878,explore,present,I,şimdi
3242,878,explore,present,you,şimdi
3243,878,explores,present,he/she,şimdi
3244,878,explore,present,we,şimdi
3245,878,explore,present,you (pl),şimdi
3246,878,explore,present,they,şimdi
3247,878,explored,past,I,di
3248,878,explored,past,you,di
3249,878,explored,past,he/she,di
3250,878,explored,past,we,di
3251,878,explored,past,you (pl),di
3252,878,explored,past,they,di
3253,878,will explore,future,I,gelecek
3254,878,will explore,future,you,gelecek
3255,878,will explore,future,he/she,gelecek
3256,878,will explore,future,we,gelecek
3257,878,will explore,future,you (pl),gelecek
3258,878,will explore,future,they,gelecek
3259,898,cope,present,I,şimdi
3260,898,cope,present,you,şimdi
3261,898,copes,present,he/she,şimdi
3262,898,cope,present,we,şimdi
3263,898,cope,present,you (pl),şimdi
3264,898,cope,present,they,şimdi
3265,898,coped,past,I,di
3266,898,coped,past,you,di
3267,898,coped,past,he/she,di
3268,898,coped,past,we,di
3269,898,coped,past,you (pl),di
3270,898,coped,past,they,di
3271,898,will cope,future,I,gelecek
3272,898,will cope,future,you,gelecek
3273,898,will cope,future,he/she,gelecek
3274,898,will cope,future,we,gelecek
3275,898,will cope,future,you (pl),gelecek
3276,898,will cope,future,they,gelecek
3277,899,manage,present,I,şimdi
3278,899,manage,present,you,şimdi
3279,899,manages,present,he/she,şimdi
3280,899,manage,present,we,şimdi
3281,899,manage,present,you (pl),şimdi
3282,899,manage,present,they,şimdi
3283,899,managed,past,I,di
3284,899,managed,past,you,di
3285,899,managed,past,he/she,di
3286,899,managed,past,we,di
3287,899,managed,past,you (pl),di
3288,899,managed,past,they,di
3289,899,will manage,future,I,gelecek
3290,899,will manage,future,you,gelecek
3291,899,will manage,future,he/she,gelecek
3292,899,will manage,future,we,gelecek
3293,899,will manage,future,you (pl),gelecek
3294,899,will manage,future,they,gelecek
3295,900,avoid,present,I,şimdi
3296,900,avoid,present,you,şimdi
3297,900,avoids,present,he/she,şimdi
3298,900,avoid,present,we,şimdi
3299,900,avoid,present,you (pl),şimdi
3300,900,avoid,present,they,şimdi
3301,900,avoided,past,I,di
3302,900,avoided,past,you,di
3303,900,avoided,past,he/she,di
3304,900,avoided,past,we,di
3305,900,avoided,past,you (pl),di
3306,900,avoided,past,they,di
3307,900,will avoid,future,I,gelecek
3308,900,will avoid,future,you,gelecek
3309,900,will avoid,future,he/she,gelecek
3310,900,will avoid,future,we,gelecek
3311,900,will avoid,future,you (pl),gelecek
3312,900,will avoid,future,they,gelecek
3313,901,reduce,present,I,şimdi
3314,901,reduce,present,you,şimdi
3315,901,reduces,present,he/she,şimdi
3316,901,reduce,present,we,şimdi
3317,901,reduce,present,you (pl),şimdi
3318,901,reduce,present,they,şimdi
3319,901,reduced,past,I,di
3320,901,reduced,past,you,di
3321,901,reduced,past,he/she,di
3322,901,reduced,past,we,di
3323,901,reduced,past,you (pl),di
3324,901,reduced,past,they,di
3325,901,will reduce,future,I,gelecek
3326,901,will reduce,future,you,gelecek
3327,901,will reduce,future,he/she,gelecek
3328,901,will reduce,future,we,gelecek
3329,901,will reduce,future,you (pl),gelecek
3330,901,will reduce,future,they,gelecek
3331,902,increase,present,I,şimdi
3332,902,increase,present,you,şimdi
3333,902,increases,present,he/she,şimdi
3334,902,increase,present,we,şimdi
3335,902,increase,present,you (pl),şimdi
3336,902,increase,present,they,şimdi
3337,902,increased,past,I,di
3338,902,increased,past,you,di
3339,902,increased,past,he/she,di
3340,902,increased,past,we,di
3341,902,increased,past,you (pl),di
3342,902,increased,past,they,di
3343,902,will increase,future,I,gelecek
3344,902,will increase,future,you,gelecek
3345,902,will increase,future,he/she,gelecek
3346,902,will increase,future,we,gelecek
3347,902,will increase,future,you (pl),gelecek
3348,902,will increase,future,they,gelecek
3349,903,depend on,present,I,şimdi
3350,903,depend on,present,you,şimdi
3351,903,depends on,present,he/she,şimdi
3352,903,depend on,present,we,şimdi
3353,903,depend on,present,you (pl),şimdi
3354,903,depend on,present,they,şimdi
3355,903,depended on,past,I,di
3356,903,depended on,past,you,di
3357,903,depended on,past,he/she,di
3358,903,depended on,past,we,di
3359,903,depended on,past,you (pl),di
3360,903,depended on,past,they,di
3361,903,will depend on,future,I,gelecek
3362,903,will depend on,future,you,gelecek
3363,903,will depend on,future,he/she,gelecek
3364,903,will depend on,future,we,gelecek
3365,903,will depend on,future,you (pl),gelecek
3366,903,will depend on,future,they,gelecek
3367,904,belong to,present,I,şimdi
3368,904,belong to,present,you,şimdi
3369,904,belongs to,present,he/she,şimdi
3370,904,belong to,present,we,şimdi
3371,904,belong to,present,you (pl),şimdi
3372,904,belong to,present,they,şimdi
3373,904,belonged to,past,I,di
3374,904,belonged to,past,you,di
3375,904,belonged to,past,he/she,di
3376,904,belonged to,past,we,di
3377,904,belonged to,past,you (pl),di
3378,904,belonged to,past,they,di
3379,904,will belong to,future,I,gelecek
3380,904,will belong to,future,you,gelecek
3381,904,will belong to,future,he/she,gelecek
3382,904,will belong to,future,we,gelecek
3383,904,will belong to,future,you (pl),gelecek
3384,904,will belong to,future,they,gelecek
3385,945,invest,present,I,şimdi
3386,945,invest,present,you,şimdi
3387,945,invests,present,he/she,şimdi
3388,945,invest,present,we,şimdi
3389,945,invest,present,you (pl),şimdi
3390,945,invest,present,they,şimdi
3391,945,invested,past,I,di
3392,945,invested,past,you,di
3393,945,invested,past,he/she,di
3394,945,invested,past,we,di
3395,945,invested,past,you (pl),di
3396,945,invested,past,they,di
3397,945,will invest,future,I,gelecek
3398,945,will invest,future,you,gelecek
3399,945,will invest,future,he/she,gelecek
3400,945,will invest,future,we,gelecek
3401,945,will invest,future,you (pl),gelecek
3402,945,will invest,future,they,gelecek
3403,946,save up,present,I,şimdi
3404,946,save up,present,you,şimdi
3405,946,saves up,present,he/she,şimdi
3406,946,save up,present,we,şimdi
3407,946,save up,present,you (pl),şimdi
3408,946,save up,present,they,şimdi
3409,946,saved up,past,I,di
3410,946,saved up,past,you,di
3411,946,saved up,past,he/she,di
3412,946,saved up,past,we,di
3413,946,saved up,past,you (pl),di
3414,946,saved up,past,they,di
3415,946,will save up,future,I,gelecek
3416,946,will save up,future,you,gelecek
3417,946,will save up,future,he/she,gelecek
3418,946,will save up,future,we,gelecek
3419,946,will save up,future,you (pl),gelecek
3420,946,will save up,future,they,gelecek
3421,947,cut down on,present,I,şimdi
3422,947,cut down on,present,you,şimdi
3423,947,cuts down on,present,he/she,şimdi
3424,947,cut down on,present,we,şimdi
3425,947,cut down on,present,you (pl),şimdi
3426,947,cut down on,present,they,şimdi
3427,947,cut down on,past,I,di
3428,947,cut down on,past,you,di
3429,947,cut down on,past,he/she,di
3430,947,cut down on,past,we,di
3431,947,cut down on,past,you (pl),di
3432,947,cut down on,past,they,di
3433,947,will cut down on,future,I,gelecek
3434,947,will cut down on,future,you,gelecek
3435,947,will cut down on,future,he/she,gelecek
3436,947,will cut down on,future,we,gelecek
3437,947,will cut down on,future,you (pl),gelecek
3438,947,will cut down on,future,they,gelecek
3439,948,splash out,present,I,şimdi
3440,948,splash out,present,you,şimdi
3441,948,splashes out,present,he/she,şimdi
3442,948,splash out,present,we,şimdi
3443,948,splash out,present,you (pl),şimdi
3444,948,splash out,present,they,şimdi
3445,948,splashed out,past,I,di
3446,948,splashed out,past,you,di
3447,948,splashed out,past,he/she,di
3448,948,splashed out,past,we,di
3449,948,splashed out,past,you (pl),di
3450,948,splashed out,past,they,di
3451,948,will splash out,future,I,gelecek
3452,948,will splash out,future,you,gelecek
3453,948,will splash out,future,he/she,gelecek
3454,948,will splash out,future,we,gelecek
3455,948,will splash out,future,you (pl),gelecek
3456,948,will splash out,future,they,gelecek
3457,949,am worth,present,I,şimdi
3458,949,are worth,present,you,şimdi
3459,949,is worth,present,he/she,şimdi
3460,949,are worth,present,we,şimdi
3461,949,are worth,present,you (pl),şimdi
3462,949,are worth,present,they,şimdi
3463,949,was worth,past,I,di
3464,949,were worth,past,you,di
3465,949,was worth,past,he/she,di
3466,949,were worth,past,we,di
3467,949,were worth,past,you (pl),di
3468,949,were worth,past,they,di
3469,949,will be worth,future,I,gelecek
3470,949,will be worth,future,you,gelecek
3471,949,will be worth,future,he/she,gelecek
3472,949,will be worth,future,we,gelecek
3473,949,will be worth,future,you (pl),gelecek
3474,949,will be worth,future,they,gelecek
3475,966,get on with,present,I,şimdi
3476,966,get on with,present,you,şimdi
3477,966,gets on with,present,he/she,şimdi
3478,966,get on with,present,we,şimdi
3479,966,get on with,present,you (pl),şimdi
3480,966,get on with,present,they,şimdi
3481,966,got on with,past,I,di
3482,966,got on with,past,you,di
3483,966,got on with,past,he/she,di
3484,966,got on with,past,we,di
3485,966,got on with,past,you (pl),di
3486,966,got on with,past,they,di
3487,966,will get on with,future,I,gelecek
3488,966,will get on with,future,you,gelecek
3489,966,will get on with,future,he/she,gelecek
3490,966,will get on with,future,we,gelecek
3491,966,will get on with,future,you (pl),gelecek
3492,966,will get on with,future,they,gelecek
3493,967,fall out,present,I,şimdi
3494,967,fall out,present,you,şimdi
3495,967,falls out,present,he/she,şimdi
3496,967,fall out,present,we,şimdi
3497,967,fall out,present,you (pl),şimdi
3498,967,fall out,present,they,şimdi
3499,967,fell out,past,I,di
3500,967,fell out,past,you,di
3501,967,fell out,past,he/she,di
3502,967,fell out,past,we,di
3503,967,fell out,past,you (pl),di
3504,967,fell out,past,they,di
3505,967,will fall out,future,I,gelecek
3506,967,will fall out,future,you,gelecek
3507,967,will fall out,future,he/she,gelecek
3508,967,will fall out,future,we,gelecek
3509,967,will fall out,future,you (pl),gelecek
3510,967,will fall out,future,they,gelecek
3511,968,make up,present,I,şimdi
3512,968,make up,present,you,şimdi
3513,968,makes up,present,he/she,şimdi
3514,968,make up,present,we,şimdi
3515,968,make up,present,you (pl),şimdi
3516,968,make up,present,they,şimdi
3517,968,made up,past,I,di
3518,968,made up,past,you,di
3519,968,made up,past,he/she,di
3520,968,made up,past,we,di
3521,968,made up,past,you (pl),di
3522,968,made up,past,they,di
3523,968,will make up,future,I,gelecek
3524,968,will make up,future,you,gelecek
3525,968,will make up,future,he/she,gelecek
3526,968,will make up,future,we,gelecek
3527,968,will make up,future,you (pl),gelecek
3528,968,will make up,future,they,gelecek
3529,969,break up,present,I,şimdi
3530,969,break up,present,you,şimdi
3531,969,breaks up,present,he/she,şimdi
3532,969,break up,present,we,şimdi
3533,969,break up,present,you (pl),şimdi
3534,969,break up,present,they,şimdi
3535,969,broke up,past,I,di
3536,969,broke up,past,you,di
3537,969,broke up,past,he/she,di
3538,969,broke up,past,we,di
3539,969,broke up,past,you (pl),di
3540,969,broke up,past,they,di
3541,969,will break up,future,I,gelecek
3542,969,will break up,future,you,gelecek
3543,969,will break up,future,he/she,gelecek
3544,969,will break up,future,we,gelecek
3545,969,will break up,future,you (pl),gelecek
3546,969,will break up,future,they,gelecek
3547,970,get together,present,I,şimdi
3548,970,get together,present,you,şimdi
3549,970,gets together,present,he/she,şimdi
3550,970,get together,present,we,şimdi
3551,970,get together,present,you (pl),şimdi
3552,970,get together,present,they,şimdi
3553,970,got together,past,I,di
3554,970,got together,past,you,di
3555,970,got together,past,he/she,di
3556,970,got together,past,we,di
3557,970,got together,past,you (pl),di
3558,970,got together,past,they,di
3559,970,will get together,future,I,gelecek
3560,970,will get together,future,you,gelecek
3561,970,will get together,future,he/she,gelecek
3562,970,will get together,future,we,gelecek
3563,970,will get together,future,you (pl),gelecek
3564,970,will get together,future,they,gelecek
3565,971,keep in touch,present,I,şimdi
3566,971,keep in touch,present,you,şimdi
3567,971,keeps in touch,present,he/she,şimdi
3568,971,keep in touch,present,we,şimdi
3569,971,keep in touch,present,you (pl),şimdi
3570,971,keep in touch,present,they,şimdi
3571,971,kept in touch,past,I,di
3572,971,kept in touch,past,you,di
3573,971,kept in touch,past,he/she,di
3574,971,kept in touch,past,we,di
3575,971,kept in touch,past,you (pl),di
3576,971,kept in touch,past,they,di
3577,971,will keep in touch,future,I,gelecek
3578,971,will keep in touch,future,you,gelecek
3579,971,will keep in touch,future,he/she,gelecek
3580,971,will keep in touch,future,we,gelecek
3581,971,will keep in touch,future,you (pl),gelecek
3582,971,will keep in touch,future,they,gelecek
3583,972,lose touch,present,I,şimdi
3584,972,lose touch,present,you,şimdi
3585,972,loses touch,present,he/she,şimdi
3586,972,lose touch,present,we,şimdi
3587,972,lose touch,present,you (pl),şimdi
3588,972,lose touch,present,they,şimdi
3589,972,lost touch,past,I,di
3590,972,lost touch,past,you,di
3591,972,lost touch,past,he/she,di
3592,972,lost touch,past,we,di
3593,972,lost touch,past,you (pl),di
3594,972,lost touch,past,they,di
3595,972,will lose touch,future,I,gelecek
3596,972,will lose touch,future,you,gelecek
3597,972,will lose touch,future,he/she,gelecek
3598,972,will lose touch,future,we,gelecek
3599,972,will lose touch,future,you (pl),gelecek
3600,972,will lose touch,future,they,gelecek
3601,973,rely on,present,I,şimdi
3602,973,rely on,present,you,şimdi
3603,973,relies on,present,he/she,şimdi
3604,973,rely on,present,we,şimdi
3605,973,rely on,present,you (pl),şimdi
3606,973,rely on,present,they,şimdi
3607,973,relied on,past,I,di
3608,973,relied on,past,you,di
3609,973,relied on,past,he/she,di
3610,973,relied on,past,we,di
3611,973,relied on,past,you (pl),di
3612,973,relied on,past,they,di
3613,973,will rely on,future,I,gelecek
3614,973,will rely on,future,you,gelecek
3615,973,will rely on,future,he/she,gelecek
3616,973,will rely on,future,we,gelecek
3617,973,will rely on,future,you (pl),gelecek
3618,973,will rely on,future,they,gelecek
3619,974,trust,present,I,şimdi
3620,974,trust,present,you,şimdi
3621,974,trusts,present,he/she,şimdi
3622,974,trust,present,we,şimdi
3623,974,trust,present,you (pl),şimdi
3624,974,trust,present,they,şimdi
3625,974,trusted,past,I,di
3626,974,trusted,past,you,di
3627,974,trusted,past,he/she,di
3628,974,trusted,past,we,di
3629,974,trusted,past,you (pl),di
3630,974,trusted,past,they,di
3631,974,will trust,future,I,gelecek
3632,974,will trust,future,you,gelecek
3633,974,will trust,future,he/she,gelecek
3634,974,will trust,future,we,gelecek
3635,974,will trust,future,you (pl),gelecek
3636,974,will trust,future,they,gelecek
3637,975,support,present,I,şimdi
3638,975,support,present,you,şimdi
3639,975,supports,present,he/she,şimdi
3640,975,support,present,we,şimdi
3641,975,support,present,you (pl),şimdi
3642,975,support,present,they,şimdi
3643,975,supported,past,I,di
3644,975,supported,past,you,di
3645,975,supported,past,he/she,di
3646,975,supported,past,we,di
3647,975,supported,past,you (pl),di
3648,975,supported,past,they,di
3649,975,will support,future,I,gelecek
3650,975,will support,future,you,gelecek
3651,975,will support,future,he/she,gelecek
3652,975,will support,future,we,gelecek
3653,975,will support,future,you (pl),gelecek
3654,975,will support,future,they,gelecek
3655,976,argue,present,I,şimdi
3656,976,argue,present,you,şimdi
3657,976,argues,present,he/she,şimdi
3658,976,argue,present,we,şimdi
3659,976,argue,present,you (pl),şimdi
3660,976,argue,present,they,şimdi
3661,976,argued,past,I,di
3662,976,argued,past,you,di
3663,976,argued,past,he/she,di
3664,976,argued,past,we,di
3665,976,argued,past,you (pl),di
3666,976,argued,past,they,di
3667,976,will argue,future,I,gelecek
3668,976,will argue,future,you,gelecek
3669,976,will argue,future,he/she,gelecek
3670,976,will argue,future,we,gelecek
3671,976,will argue,future,you (pl),gelecek
3672,976,will argue,future,they,gelecek
3673,977,apologise,present,I,şimdi
3674,977,apologise,present,you,şimdi
3675,977,apologises,present,he/she,şimdi
3676,977,apologise,present,we,şimdi
3677,977,apologise,present,you (pl),şimdi
3678,977,apologise,present,they,şimdi
3679,977,apologised,past,I,di
3680,977,apologised,past,you,di
3681,977,apologised,past,he/she,di
3682,977,apologised,past,we,di
3683,977,apologised,past,you (pl),di
3684,977,apologised,past,they,di
3685,977,will apologise,future,I,gelecek
3686,977,will apologise,future,you,gelecek
3687,977,will apologise,future,he/she,gelecek
3688,977,will apologise,future,we,gelecek
3689,977,will apologise,future,you (pl),gelecek
3690,977,will apologise,future,they,gelecek
3691,978,forgive,present,I,şimdi
3692,978,forgive,present,you,şimdi
3693,978,forgives,present,he/she,şimdi
3694,978,forgive,present,we,şimdi
3695,978,forgive,present,you (pl),şimdi
3696,978,forgive,present,they,şimdi
3697,978,forgave,past,I,di
3698,978,forgave,past,you,di
3699,978,forgave,past,he/she,di
3700,978,forgave,past,we,di
3701,978,forgave,past,you (pl),di
3702,978,forgave,past,they,di
3703,978,will forgive,future,I,gelecek
3704,978,will forgive,future,you,gelecek
3705,978,will forgive,future,he/she,gelecek
3706,978,will forgive,future,we,gelecek
3707,978,will forgive,future,you (pl),gelecek
3708,978,will forgive,future,they,gelecek
3709,979,respect,present,I,şimdi
3710,979,respect,present,you,şimdi
3711,979,respects,present,he/she,şimdi
3712,979,respect,present,we,şimdi
3713,979,respect,present,you (pl),şimdi
3714,979,respect,present,they,şimdi
3715,979,respected,past,I,di
3716,979,respected,past,you,di
3717,979,respected,past,he/she,di
3718,979,respected,past,we,di
3719,979,respected,past,you (pl),di
3720,979,respected,past,they,di
3721,979,will respect,future,I,gelecek
3722,979,will respect,future,you,gelecek
3723,979,will respect,future,he/she,gelecek
3724,979,will respect,future,we,gelecek
3725,979,will respect,future,you (pl),gelecek
3726,979,will respect,future,they,gelecek
3727,1008,steal,present,I,şimdi
3728,1008,steal,present,you,şimdi
3729,1008,steals,present,he/she,şimdi
3730,1008,steal,present,we,şimdi
3731,1008,steal,present,you (pl),şimdi
3732,1008,steal,present,they,şimdi
3733,1008,stole,past,I,di
3734,1008,stole,past,you,di
3735,1008,stole,past,he/she,di
3736,1008,stole,past,we,di
3737,1008,stole,past,you (pl),di
3738,1008,stole,past,they,di
3739,1008,will steal,future,I,gelecek
3740,1008,will steal,future,you,gelecek
3741,1008,will steal,future,he/she,gelecek
3742,1008,will steal,future,we,gelecek
3743,1008,will steal,future,you (pl),gelecek
3744,1008,will steal,future,they,gelecek
3745,1009,rob,present,I,şimdi
3746,1009,rob,present,you,şimdi
3747,1009,robs,present,he/she,şimdi
3748,1009,rob,present,we,şimdi
3749,1009,rob,present,you (pl),şimdi
3750,1009,rob,present,they,şimdi
3751,1009,robbed,past,I,di
3752,1009,robbed,past,you,di
3753,1009,robbed,past,he/she,di
3754,1009,robbed,past,we,di
3755,1009,robbed,past,you (pl),di
3756,1009,robbed,past,they,di
3757,1009,will rob,future,I,gelecek
3758,1009,will rob,future,you,gelecek
3759,1009,will rob,future,he/she,gelecek
3760,1009,will rob,future,we,gelecek
3761,1009,will rob,future,you (pl),gelecek
3762,1009,will rob,future,they,gelecek
3763,1010,burgle,present,I,şimdi
3764,1010,burgle,present,you,şimdi
3765,1010,burgles,present,he/she,şimdi
3766,1010,burgle,present,we,şimdi
3767,1010,burgle,present,you (pl),şimdi
3768,1010,burgle,present,they,şimdi
3769,1010,burgled,past,I,di
3770,1010,burgled,past,you,di
3771,1010,burgled,past,he/she,di
3772,1010,burgled,past,we,di
3773,1010,burgled,past,you (pl),di
3774,1010,burgled,past,they,di
3775,1010,will burgle,future,I,gelecek
3776,1010,will burgle,future,you,gelecek
3777,1010,will burgle,future,he/she,gelecek
3778,1010,will burgle,future,we,gelecek
3779,1010,will burgle,future,you (pl),gelecek
3780,1010,will burgle,future,they,gelecek
3781,1011,arrest,present,I,şimdi
3782,1011,arrest,present,you,şimdi
3783,1011,arrests,present,he/she,şimdi
3784,1011,arrest,present,we,şimdi
3785,1011,arrest,present,you (pl),şimdi
3786,1011,arrest,present,they,şimdi
3787,1011,arrested,past,I,di
3788,1011,arrested,past,you,di
3789,1011,arrested,past,he/she,di
3790,1011,arrested,past,we,di
3791,1011,arrested,past,you (pl),di
3792,1011,arrested,past,they,di
3793,1011,will arrest,future,I,gelecek
3794,1011,will arrest,future,you,gelecek
3795,1011,will arrest,future,he/she,gelecek
3796,1011,will arrest,future,we,gelecek
3797,1011,will arrest,future,you (pl),gelecek
3798,1011,will arrest,future,they,gelecek
3799,1012,accuse,present,I,şimdi
3800,1012,accuse,present,you,şimdi
3801,1012,accuses,present,he/she,şimdi
3802,1012,accuse,present,we,şimdi
3803,1012,accuse,present,you (pl),şimdi
3804,1012,accuse,present,they,şimdi
3805,1012,accused,past,I,di
3806,1012,accused,past,you,di
3807,1012,accused,past,he/she,di
3808,1012,accused,past,we,di
3809,1012,accused,past,you (pl),di
3810,1012,accused,past,they,di
3811,1012,will accuse,future,I,gelecek
3812,1012,will accuse,future,you,gelecek
3813,1012,will accuse,future,he/she,gelecek
3814,1012,will accuse,future,we,gelecek
3815,1012,will accuse,future,you (pl),gelecek
3816,1012,will accuse,future,they,gelecek
3817,1013,sentence,present,I,şimdi
3818,1013,sentence,present,you,şimdi
3819,1013,sentences,present,he/she,şimdi
3820,1013,sentence,present,we,şimdi
3821,1013,sentence,present,you (pl),şimdi
3822,1013,sentence,present,they,şimdi
3823,1013,sentenced,past,I,di
3824,1013,sentenced,past,you,di
3825,1013,sentenced,past,he/she,di
3826,1013,sentenced,past,we,di
3827,1013,sentenced,past,you (pl),di
3828,1013,sentenced,past,they,di
3829,1013,will sentence,future,I,gelecek
3830,1013,will sentence,future,you,gelecek
3831,1013,will sentence,future,he/she,gelecek
3832,1013,will sentence,future,we,gelecek
3833,1013,will sentence,future,you (pl),gelecek
3834,1013,will sentence,future,they,gelecek
3835,1014,punish,present,I,şimdi
3836,1014,punish,present,you,şimdi
3837,1014,punishes,present,he/she,şimdi
3838,1014,punish,present,we,şimdi
3839,1014,punish,present,you (pl),şimdi
3840,1014,punish,present,they,şimdi
3841,1014,punished,past,I,di
3842,1014,punished,past,you,di
3843,1014,punished,past,he/she,di
3844,1014,punished,past,we,di
3845,1014,punished,past,you (pl),di
3846,1014,punished,past,they,di
3847,1014,will punish,future,I,gelecek
3848,1014,will punish,future,you,gelecek
3849,1014,will punish,future,he/she,gelecek
3850,1014,will punish,future,we,gelecek
3851,1014,will punish,future,you (pl),gelecek
3852,1014,will punish,future,they,gelecek
3853,1056,recover,present,I,şimdi
3854,1056,recover,present,you,şimdi
3855,1056,recovers,present,he/she,şimdi
3856,1056,recover,present,we,şimdi
3857,1056,recover,present,you (pl),şimdi
3858,1056,recover,present,they,şimdi
3859,1056,recovered,past,I,di
3860,1056,recovered,past,you,di
3861,1056,recovered,past,he/she,di
3862,1056,recovered,past,we,di
3863,1056,recovered,past,you (pl),di
3864,1056,recovered,past,they,di
3865,1056,will recover,future,I,gelecek
3866,1056,will recover,future,you,gelecek
3867,1056,will recover,future,he/she,gelecek
3868,1056,will recover,future,we,gelecek
3869,1056,will recover,future,you (pl),gelecek
3870,1056,will recover,future,they,gelecek
3871,1057,heal,present,I,şimdi
3872,1057,heal,present,you,şimdi
3873,1057,heals,present,he/she,şimdi
3874,1057,heal,present,we,şimdi
3875,1057,heal,present,you (pl),şimdi
3876,1057,heal,present,they,şimdi
3877,1057,healed,past,I,di
3878,1057,healed,past,you,di
3879,1057,healed,past,he/she,di
3880,1057,healed,past,we,di
3881,1057,healed,past,you (pl),di
3882,1057,healed,past,they,di
3883,1057,will heal,future,I,gelecek
3884,1057,will heal,future,you,gelecek
3885,1057,will heal,future,he/she,gelecek
3886,1057,will heal,future,we,gelecek
3887,1057,will heal,future,you (pl),gelecek
3888,1057,will heal,future,they,gelecek
3889,1058,bleed,present,I,şimdi
3890,1058,bleed,present,you,şimdi
3891,1058,bleeds,present,he/she,şimdi
3892,1058,bleed,present,we,şimdi
3893,1058,bleed,present,you (pl),şimdi
3894,1058,bleed,present,they,şimdi
3895,1058,bled,past,I,di
3896,1058,bled,past,you,di
3897,1058,bled,past,he/she,di
3898,1058,bled,past,we,di
3899,1058,bled,past,you (pl),di
3900,1058,bled,past,they,di
3901,1058,will bleed,future,I,gelecek
3902,1058,will bleed,future,you,gelecek
3903,1058,will bleed,future,he/she,gelecek
3904,1058,will bleed,future,we,gelecek
3905,1058,will bleed,future,you (pl),gelecek
3906,1058,will bleed,future,they,gelecek
3907,1059,swallow,present,I,şimdi
3908,1059,swallow,present,you,şimdi
3909,1059,swallows,present,he/she,şimdi
3910,1059,swallow,present,we,şimdi
3911,1059,swallow,present,you (pl),şimdi
3912,1059,swallow,present,they,şimdi
3913,1059,swallowed,past,I,di
3914,1059,swallowed,past,you,di
3915,1059,swallowed,past,he/she,di
3916,1059,swallowed,past,we,di
3917,1059,swallowed,past,you (pl),di
3918,1059,swallowed,past,they,di
3919,1059,will swallow,future,I,gelecek
3920,1059,will swallow,future,you,gelecek
3921,1059,will swallow,future,he/she,gelecek
3922,1059,will swallow,future,we,gelecek
3923,1059,will swallow,future,you (pl),gelecek
3924,1059,will swallow,future,they,gelecek
3925,1060,breathe,present,I,şimdi
3926,1060,breathe,present,you,şimdi
3927,1060,breathes,present,he/she,şimdi
3928,1060,breathe,present,we,şimdi
3929,1060,breathe,present,you (pl),şimdi
3930,1060,breathe,present,they,şimdi
3931,1060,breathed,past,I,di
3932,1060,breathed,past,you,di
3933,1060,breathed,past,he/she,di
3934,1060,breathed,past,we,di
3935,1060,breathed,past,you (pl),di
3936,1060,breathed,past,they,di
3937,1060,will breathe,future,I,gelecek
3938,1060,will breathe,future,you,gelecek
3939,1060,will breathe,future,he/she,gelecek
3940,1060,will breathe,future,we,gelecek
3941,1060,will breathe,future,you (pl),gelecek
3942,1060,will breathe,future,they,gelecek
3943,1068,recycle,present,I,şimdi
3944,1068,recycle,present,you,şimdi
3945,1068,recycles,present,he/she,şimdi
3946,1068,recycle,present,we,şimdi
3947,1068,recycle,present,you (pl),şimdi
3948,1068,recycle,present,they,şimdi
3949,1068,recycled,past,I,di
3950,1068,recycled,past,you,di
3951,1068,recycled,past,he/she,di
3952,1068,recycled,past,we,di
3953,1068,recycled,past,you (pl),di
3954,1068,recycled,past,they,di
3955,1068,will recycle,future,I,gelecek
3956,1068,will recycle,future,you,gelecek
3957,1068,will recycle,future,he/she,gelecek
3958,1068,will recycle,future,we,gelecek
3959,1068,will recycle,future,you (pl),gelecek
3960,1068,will recycle,future,they,gelecek
3961,1069,reuse,present,I,şimdi
3962,1069,reuse,present,you,şimdi
3963,1069,reuses,present,he/she,şimdi
3964,1069,reuse,present,we,şimdi
3965,1069,reuse,present,you (pl),şimdi
3966,1069,reuse,present,they,şimdi
3967,1069,reused,past,I,di
3968,1069,reused,past,you,di
3969,1069,reused,past,he/she,di
3970,1069,reused,past,we,di
3971,1069,reused,past,you (pl),di
3972,1069,reused,past,they,di
3973,1069,will reuse,future,I,gelecek
3974,1069,will reuse,future,you,gelecek
3975,1069,will reuse,future,he/she,gelecek
3976,1069,will reuse,future,we,gelecek
3977,1069,will reuse,future,you (pl),gelecek
3978,1069,will reuse,future,they,gelecek
3979,1071,litter,present,I,şimdi
3980,1071,litter,present,you,şimdi
3981,1071,litters,present,he/she,şimdi
3982,1071,litter,present,we,şimdi
3983,1071,litter,present,you (pl),şimdi
3984,1071,litter,present,they,şimdi
3985,1071,littered,past,I,di
3986,1071,littered,past,you,di
3987,1071,littered,past,he/she,di
3988,1071,littered,past,we,di
3989,1071,littered,past,you (pl),di
3990,1071,littered,past,they,di
3991,1071,will litter,future,I,gelecek
3992,1071,will litter,future,you,gelecek
3993,1071,will litter,future,he/she,gelecek
3994,1071,will litter,future,we,gelecek
3995,1071,will litter,future,you (pl),gelecek
3996,1071,will litter,future,they,gelecek
3997,1092,cycle,present,I,şimdi
3998,1092,cycle,present,you,şimdi
3999,1092,cycles,present,he/she,şimdi
4000,1092,cycle,present,we,şimdi
4001,1092,cycle,present,you (pl),şimdi
4002,1092,cycle,present,they,şimdi
4003,1092,cycled,past,I,di
4004,1092,cycled,past,you,di
4005,1092,cycled,past,he/she,di
4006,1092,cycled,past,we,di
4007,1092,cycled,past,you (pl),di
4008,1092,cycled,past,they,di
4009,1092,will cycle,future,I,gelecek
4010,1092,will cycle,future,you,gelecek
4011,1092,will cycle,future,he/she,gelecek
4012,1092,will cycle,future,we,gelecek
4013,1092,will cycle,future,you (pl),gelecek
4014,1092,will cycle,future,they,gelecek
4015,1093,plant,present,I,şimdi
4016,1093,plant,present,you,şimdi
4017,1093,plants,present,he/she,şimdi
4018,1093,plant,present,we,şimdi
4019,1093,plant,present,you (pl),şimdi
4020,1093,plant,present,they,şimdi
4021,1093,planted,past,I,di
4022,1093,planted,past,you,di
4023,1093,planted,past,he/she,di
4024,1093,planted,past,we,di
4025,1093,planted,past,you (pl),di
4026,1093,planted,past,they,di
4027,1093,will plant,future,I,gelecek
4028,1093,will plant,future,you,gelecek
4029,1093,will plant,future,he/she,gelecek
4030,1093,will plant,future,we,gelecek
4031,1093,will plant,future,you (pl),gelecek
4032,1093,will plant,future,they,gelecek
4033,1094,protect,present,I,şimdi
4034,1094,protect,present,you,şimdi
4035,1094,protects,present,he/she,şimdi
4036,1094,protect,present,we,şimdi
4037,1094,protect,present,you (pl),şimdi
4038,1094,protect,present,they,şimdi
4039,1094,protected,past,I,di
4040,1094,protected,past,you,di
4041,1094,protected,past,he/she,di
4042,1094,protected,past,we,di
4043,1094,protected,past,you (pl),di
4044,1094,protected,past,they,di
4045,1094,will protect,future,I,gelecek
4046,1094,will protect,future,you,gelecek
4047,1094,will protect,future,he/she,gelecek
4048,1094,will protect,future,we,gelecek
4049,1094,will protect,future,you (pl),gelecek
4050,1094,will protect,future,they,gelecek
4051,1095,destroy,present,I,şimdi
4052,1095,destroy,present,you,şimdi
4053,1095,destroys,present,he/she,şimdi
4054,1095,destroy,present,we,şimdi
4055,1095,destroy,present,you (pl),şimdi
4056,1095,destroy,present,they,şimdi
4057,1095,destroyed,past,I,di
4058,1095,destroyed,past,you,di
4059,1095,destroyed,past,he/she,di
4060,1095,destroyed,past,we,di
4061,1095,destroyed,past,you (pl),di
4062,1095,destroyed,past,they,di
4063,1095,will destroy,future,I,gelecek
4064,1095,will destroy,future,you,gelecek
4065,1095,will destroy,future,he/she,gelecek
4066,1095,will destroy,future,we,gelecek
4067,1095,will destroy,future,you (pl),gelecek
4068,1095,will destroy,future,they,gelecek
4069,1118,pass,present,I,şimdi
4070,1118,pass,present,you,şimdi
4071,1118,passes,present,he/she,şimdi
4072,1118,pass,present,we,şimdi
4073,1118,pass,present,you (pl),şimdi
4074,1118,pass,present,they,şimdi
4075,1118,passed,past,I,di
4076,1118,passed,past,you,di
4077,1118,passed,past,he/she,di
4078,1118,passed,past,we,di
4079,1118,passed,past,you (pl),di
4080,1118,passed,past,they,di
4081,1118,will pass,future,I,gelecek
4082,1118,will pass,future,you,gelecek
4083,1118,will pass,future,he/she,gelecek
4084,1118,will pass,future,we,gelecek
4085,1118,will pass,future,you (pl),gelecek
4086,1118,will pass,future,they,gelecek
4087,1119,revise,present,I,şimdi
4088,1119,revise,present,you,şimdi
4089,1119,revises,present,he/she,şimdi
4090,1119,revise,present,we,şimdi
4091,1119,revise,present,you (pl),şimdi
4092,1119,revise,present,they,şimdi
4093,1119,revised,past,I,di
4094,1119,revised,past,you,di
4095,1119,revised,past,he/she,di
4096,1119,revised,past,we,di
4097,1119,revised,past,you (pl),di
4098,1119,revised,past,they,di
4099,1119,will revise,future,I,gelecek
4100,1119,will revise,future,you,gelecek
4101,1119,will revise,future,he/she,gelecek
4102,1119,will revise,future,we,gelecek
4103,1119,will revise,future,you (pl),gelecek
4104,1119,will revise,future,they,gelecek
4105,1120,memorise,present,I,şimdi
4106,1120,memorise,present,you,şimdi
4107,1120,memorises,present,he/she,şimdi
4108,1120,memorise,present,we,şimdi
4109,1120,memorise,present,you (pl),şimdi
4110,1120,memorise,present,they,şimdi
4111,1120,memorised,past,I,di
4112,1120,memorised,past,you,di
4113,1120,memorised,past,he/she,di
4114,1120,memorised,past,we,di
4115,1120,memorised,past,you (pl),di
4116,1120,memorised,past,they,di
4117,1120,will memorise,future,I,gelecek
4118,1120,will memorise,future,you,gelecek
4119,1120,will memorise,future,he/she,gelecek
4120,1120,will memorise,future,we,gelecek
4121,1120,will memorise,future,you (pl),gelecek
4122,1120,will memorise,future,they,gelecek
4123,1121,concentrate,present,I,şimdi
4124,1121,concentrate,present,you,şimdi
4125,1121,concentrates,present,he/she,şimdi
4126,1121,concentrate,present,we,şimdi
4127,1121,concentrate,present,you (pl),şimdi
4128,1121,concentrate,present,they,şimdi
4129,1121,concentrated,past,I,di
4130,1121,concentrated,past,you,di
4131,1121,concentrated,past,he/she,di
4132,1121,concentrated,past,we,di
4133,1121,concentrated,past,you (pl),di
4134,1121,concentrated,past,they,di
4135,1121,will concentrate,future,I,gelecek
4136,1121,will concentrate,future,you,gelecek
4137,1121,will concentrate,future,he/she,gelecek
4138,1121,will concentrate,future,we,gelecek
4139,1121,will concentrate,future,you (pl),gelecek
4140,1121,will concentrate,future,they,gelecek
4141,1122,cheat,present,I,şimdi
4142,1122,cheat,present,you,şimdi
4143,1122,cheats,present,he/she,şimdi
4144,1122,cheat,present,we,şimdi
4145,1122,cheat,present,you (pl),şimdi
4146,1122,cheat,present,they,şimdi
4147,1122,cheated,past,I,di
4148,1122,cheated,past,you,di
4149,1122,cheated,past,he/she,di
4150,1122,cheated,past,we,di
4151,1122,cheated,past,you (pl),di
4152,1122,cheated,past,they,di
4153,1122,will cheat,future,I,gelecek
4154,1122,will cheat,future,you,gelecek
4155,1122,will cheat,future,he/she,gelecek
4156,1122,will cheat,future,we,gelecek
4157,1122,will cheat,future,you (pl),gelecek
4158,1122,will cheat,future,they,gelecek
4159,1123,drop out,present,I,şimdi
4160,1123,drop out,present,you,şimdi
4161,1123,drops out,present,he/she,şimdi
4162,1123,drop out,present,we,şimdi
4163,1123,drop out,present,you (pl),şimdi
4164,1123,drop out,present,they,şimdi
4165,1123,dropped out,past,I,di
4166,1123,dropped out,past,you,di
4167,1123,dropped out,past,he/she,di
4168,1123,dropped out,past,we,di
4169,1123,dropped out,past,you (pl),di
4170,1123,dropped out,past,they,di
4171,1123,will drop out,future,I,gelecek
4172,1123,will drop out,future,you,gelecek
4173,1123,will drop out,future,he/she,gelecek
4174,1123,will drop out,future,we,gelecek
4175,1123,will drop out,future,you (pl),gelecek
4176,1123,will drop out,future,they,gelecek
4177,1124,enrol,present,I,şimdi
4178,1124,enrol,present,you,şimdi
4179,1124,enrols,present,he/she,şimdi
4180,1124,enrol,present,we,şimdi
4181,1124,enrol,present,you (pl),şimdi
4182,1124,enrol,present,they,şimdi
4183,1124,enroled,past,I,di
4184,1124,enroled,past,you,di
4185,1124,enroled,past,he/she,di
4186,1124,enroled,past,we,di
4187,1124,enroled,past,you (pl),di
4188,1124,enroled,past,they,di
4189,1124,will enrol,future,I,gelecek
4190,1124,will enrol,future,you,gelecek
4191,1124,will enrol,future,he/she,gelecek
4192,1124,will enrol,future,we,gelecek
4193,1124,will enrol,future,you (pl),gelecek
4194,1124,will enrol,future,they,gelecek
4195,1125,qualify,present,I,şimdi
4196,1125,qualify,present,you,şimdi
4197,1125,qualifies,present,he/she,şimdi
4198,1125,qualify,present,we,şimdi
4199,1125,qualify,present,you (pl),şimdi
4200,1125,qualify,present,they,şimdi
4201,1125,qualified,past,I,di
4202,1125,qualified,past,you,di
4203,1125,qualified,past,he/she,di
4204,1125,qualified,past,we,di
4205,1125,qualified,past,you (pl),di
4206,1125,qualified,past,they,di
4207,1125,will qualify,future,I,gelecek
4208,1125,will qualify,future,you,gelecek
4209,1125,will qualify,future,he/she,gelecek
4210,1125,will qualify,future,we,gelecek
4211,1125,will qualify,future,you (pl),gelecek
4212,1125,will qualify,future,they,gelecek
4213,1151,share,present,I,şimdi
4214,1151,share,present,you,şimdi
4215,1151,shares,present,he/she,şimdi
4216,1151,share,present,we,şimdi
4217,1151,share,present,you (pl),şimdi
4218,1151,share,present,they,şimdi
4219,1151,shared,past,I,di
4220,1151,shared,past,you,di
4221,1151,shared,past,he/she,di
4222,1151,shared,past,we,di
4223,1151,shared,past,you (pl),di
4224,1151,shared,past,they,di
4225,1151,will share,future,I,gelecek
4226,1151,will share,future,you,gelecek
4227,1151,will share,future,he/she,gelecek
4228,1151,will share,future,we,gelecek
4229,1151,will share,future,you (pl),gelecek
4230,1151,will share,future,they,gelecek
4231,1152,upload,present,I,şimdi
4232,1152,upload,present,you,şimdi
4233,1152,uploads,present,he/she,şimdi
4234,1152,upload,present,we,şimdi
4235,1152,upload,present,you (pl),şimdi
4236,1152,upload,present,they,şimdi
4237,1152,uploaded,past,I,di
4238,1152,uploaded,past,you,di
4239,1152,uploaded,past,he/she,di
4240,1152,uploaded,past,we,di
4241,1152,uploaded,past,you (pl),di
4242,1152,uploaded,past,they,di
4243,1152,will upload,future,I,gelecek
4244,1152,will upload,future,you,gelecek
4245,1152,will upload,future,he/she,gelecek
4246,1152,will upload,future,we,gelecek
4247,1152,will upload,future,you (pl),gelecek
4248,1152,will upload,future,they,gelecek
4249,1153,go viral,present,I,şimdi
4250,1153,go viral,present,you,şimdi
4251,1153,goes viral,present,he/she,şimdi
4252,1153,go viral,present,we,şimdi
4253,1153,go viral,present,you (pl),şimdi
4254,1153,go viral,present,they,şimdi
4255,1153,went viral,past,I,di
4256,1153,went viral,past,you,di
4257,1153,went viral,past,he/she,di
4258,1153,went viral,past,we,di
4259,1153,went viral,past,you (pl),di
4260,1153,went viral,past,they,di
4261,1153,will go viral,future,I,gelecek
4262,1153,will go viral,future,you,gelecek
4263,1153,will go viral,future,he/she,gelecek
4264,1153,will go viral,future,we,gelecek
4265,1153,will go viral,future,you (pl),gelecek
4266,1153,will go viral,future,they,gelecek
4267,1154,subscribe,present,I,şimdi
4268,1154,subscribe,present,you,şimdi
4269,1154,subscribes,present,he/she,şimdi
4270,1154,subscribe,present,we,şimdi
4271,1154,subscribe,present,you (pl),şimdi
4272,1154,subscribe,present,they,şimdi
4273,1154,subscribed,past,I,di
4274,1154,subscribed,past,you,di
4275,1154,subscribed,past,he/she,di
4276,1154,subscribed,past,we,di
4277,1154,subscribed,past,you (pl),di
4278,1154,subscribed,past,they,di
4279,1154,will subscribe,future,I,gelecek
4280,1154,will subscribe,future,you,gelecek
4281,1154,will subscribe,future,he/she,gelecek
4282,1154,will subscribe,future,we,gelecek
4283,1154,will subscribe,future,you (pl),gelecek
4284,1154,will subscribe,future,they,gelecek
4285,1159,switch off,present,I,şimdi
4286,1159,switch off,present,you,şimdi
4287,1159,switches off,present,he/she,şimdi
4288,1159,switch off,present,we,şimdi
4289,1159,switch off,present,you (pl),şimdi
4290,1159,switch off,present,they,şimdi
4291,1159,switched off,past,I,di
4292,1159,switched off,past,you,di
4293,1159,switched off,past,he/she,di
4294,1159,switched off,past,we,di
4295,1159,switched off,past,you (pl),di
4296,1159,switched off,past,they,di
4297,1159,will switch off,future,I,gelecek
4298,1159,will switch off,future,you,gelecek
4299,1159,will switch off,future,he/she,gelecek
4300,1159,will switch off,future,we,gelecek
4301,1159,will switch off,future,you (pl),gelecek
4302,1159,will switch off,future,they,gelecek
4303,1177,click,present,I,şimdi
4304,1177,click,present,you,şimdi
4305,1177,clicks,present,he/she,şimdi
4306,1177,click,present,we,şimdi
4307,1177,click,present,you (pl),şimdi
4308,1177,click,present,they,şimdi
4309,1177,clicked,past,I,di
4310,1177,clicked,past,you,di
4311,1177,clicked,past,he/she,di
4312,1177,clicked,past,we,di
4313,1177,clicked,past,you (pl),di
4314,1177,clicked,past,they,di
4315,1177,will click,future,I,gelecek
4316,1177,will click,future,you,gelecek
4317,1177,will click,future,he/she,gelecek
4318,1177,will click,future,we,gelecek
4319,1177,will click,future,you (pl),gelecek
4320,1177,will click,future,they,gelecek
4321,1178,scroll,present,I,şimdi
4322,1178,scroll,present,you,şimdi
4323,1178,scrolls,present,he/she,şimdi
4324,1178,scroll,present,we,şimdi
4325,1178,scroll,present,you (pl),şimdi
4326,1178,scroll,present,they,şimdi
4327,1178,scrolled,past,I,di
4328,1178,scrolled,past,you,di
4329,1178,scrolled,past,he/she,di
4330,1178,scrolled,past,we,di
4331,1178,scrolled,past,you (pl),di
4332,1178,scrolled,past,they,di
4333,1178,will scroll,future,I,gelecek
4334,1178,will scroll,future,you,gelecek
4335,1178,will scroll,future,he/she,gelecek
4336,1178,will scroll,future,we,gelecek
4337,1178,will scroll,future,you (pl),gelecek
4338,1178,will scroll,future,they,gelecek
4339,1179,search,present,I,şimdi
4340,1179,search,present,you,şimdi
4341,1179,searches,present,he/she,şimdi
4342,1179,search,present,we,şimdi
4343,1179,search,present,you (pl),şimdi
4344,1179,search,present,they,şimdi
4345,1179,searched,past,I,di
4346,1179,searched,past,you,di
4347,1179,searched,past,he/she,di
4348,1179,searched,past,we,di
4349,1179,searched,past,you (pl),di
4350,1179,searched,past,they,di
4351,1179,will search,future,I,gelecek
4352,1179,will search,future,you,gelecek
4353,1179,will search,future,he/she,gelecek
4354,1179,will search,future,we,gelecek
4355,1179,will search,future,you (pl),gelecek
4356,1179,will search,future,they,gelecek
4357,1180,install,present,I,şimdi
4358,1180,install,present,you,şimdi
4359,1180,installs,present,he/she,şimdi
4360,1180,install,present,we,şimdi
4361,1180,install,present,you (pl),şimdi
4362,1180,install,present,they,şimdi
4363,1180,installed,past,I,di
4364,1180,installed,past,you,di
4365,1180,installed,past,he/she,di
4366,1180,installed,past,we,di
4367,1180,installed,past,you (pl),di
4368,1180,installed,past,they,di
4369,1180,will install,future,I,gelecek
4370,1180,will install,future,you,gelecek
4371,1180,will install,future,he/she,gelecek
4372,1180,will install,future,we,gelecek
4373,1180,will install,future,you (pl),gelecek
4374,1180,will install,future,they,gelecek
4375,1181,update,present,I,şimdi
4376,1181,update,present,you,şimdi
4377,1181,updates,present,he/she,şimdi
4378,1181,update,present,we,şimdi
4379,1181,update,present,you (pl),şimdi
4380,1181,update,present,they,şimdi
4381,1181,updated,past,I,di
4382,1181,updated,past,you,di
4383,1181,updated,past,he/she,di
4384,1181,updated,past,we,di
4385,1181,updated,past,you (pl),di
4386,1181,updated,past,they,di
4387,1181,will update,future,I,gelecek
4388,1181,will update,future,you,gelecek
4389,1181,will update,future,he/she,gelecek
4390,1181,will update,future,we,gelecek
4391,1181,will update,future,you (pl),gelecek
4392,1181,will update,future,they,gelecek
4393,1182,delete,present,I,şimdi
4394,1182,delete,present,you,şimdi
4395,1182,deletes,present,he/she,şimdi
4396,1182,delete,present,we,şimdi
4397,1182,delete,present,you (pl),şimdi
4398,1182,delete,present,they,şimdi
4399,1182,deleted,past,I,di
4400,1182,deleted,past,you,di
4401,1182,deleted,past,he/she,di
4402,1182,deleted,past,we,di
4403,1182,deleted,past,you (pl),di
4404,1182,deleted,past,they,di
4405,1182,will delete,future,I,gelecek
4406,1182,will delete,future,you,gelecek
4407,1182,will delete,future,he/she,gelecek
4408,1182,will delete,future,we,gelecek
4409,1182,will delete,future,you (pl),gelecek
4410,1182,will delete,future,they,gelecek
4411,1184,crash,present,I,şimdi
4412,1184,crash,present,you,şimdi
4413,1184,crashes,present,he/she,şimdi
4414,1184,crash,present,we,şimdi
4415,1184,crash,present,you (pl),şimdi
4416,1184,crash,present,they,şimdi
4417,1184,crashed,past,I,di
4418,1184,crashed,past,you,di
4419,1184,crashed,past,he/she,di
4420,1184,crashed,past,we,di
4421,1184,crashed,past,you (pl),di
4422,1184,crashed,past,they,di
4423,1184,will crash,future,I,gelecek
4424,1184,will crash,future,you,gelecek
4425,1184,will crash,future,he/she,gelecek
4426,1184,will crash,future,we,gelecek
4427,1184,will crash,future,you (pl),gelecek
4428,1184,will crash,future,they,gelecek
4429,1185,freeze,present,I,şimdi
4430,1185,freeze,present,you,şimdi
4431,1185,freezes,present,he/she,şimdi
4432,1185,freeze,present,we,şimdi
4433,1185,freeze,present,you (pl),şimdi
4434,1185,freeze,present,they,şimdi
4435,1185,froze,past,I,di
4436,1185,froze,past,you,di
4437,1185,froze,past,he/she,di
4438,1185,froze,past,we,di
4439,1185,froze,past,you (pl),di
4440,1185,froze,past,they,di
4441,1185,will freeze,future,I,gelecek
4442,1185,will freeze,future,you,gelecek
4443,1185,will freeze,future,he/she,gelecek
4444,1185,will freeze,future,we,gelecek
4445,1185,will freeze,future,you (pl),gelecek
4446,1185,will freeze,future,they,gelecek
4447,1186,plug in,present,I,şimdi
4448,1186,plug in,present,you,şimdi
4449,1186,plugs in,present,he/she,şimdi
4450,1186,plug in,present,we,şimdi
4451,1186,plug in,present,you (pl),şimdi
4452,1186,plug in,present,they,şimdi
4453,1186,plugged in,past,I,di
4454,1186,plugged in,past,you,di
4455,1186,plugged in,past,he/she,di
4456,1186,plugged in,past,we,di
4457,1186,plugged in,past,you (pl),di
4458,1186,plugged in,past,they,di
4459,1186,will plug in,future,I,gelecek
4460,1186,will plug in,future,you,gelecek
4461,1186,will plug in,future,he/she,gelecek
4462,1186,will plug in,future,we,gelecek
4463,1186,will plug in,future,you (pl),gelecek
4464,1186,will plug in,future,they,gelecek
4465,1187,connect,present,I,şimdi
4466,1187,connect,present,you,şimdi
4467,1187,connects,present,he/she,şimdi
4468,1187,connect,present,we,şimdi
4469,1187,connect,present,you (pl),şimdi
4470,1187,connect,present,they,şimdi
4471,1187,connected,past,I,di
4472,1187,connected,past,you,di
4473,1187,connected,past,he/she,di
4474,1187,connected,past,we,di
4475,1187,connected,past,you (pl),di
4476,1187,connected,past,they,di
4477,1187,will connect,future,I,gelecek
4478,1187,will connect,future,you,gelecek
4479,1187,will connect,future,he/she,gelecek
4480,1187,will connect,future,we,gelecek
4481,1187,will connect,future,you (pl),gelecek
4482,1187,will connect,future,they,gelecek
4483,1204,check in,present,I,şimdi
4484,1204,check in,present,you,şimdi
4485,1204,checks in,present,he/she,şimdi
4486,1204,check in,present,we,şimdi
4487,1204,check in,present,you (pl),şimdi
4488,1204,check in,present,they,şimdi
4489,1204,checked in,past,I,di
4490,1204,checked in,past,you,di
4491,1204,checked in,past,he/she,di
4492,1204,checked in,past,we,di
4493,1204,checked in,past,you (pl),di
4494,1204,checked in,past,they,di
4495,1204,will check in,future,I,gelecek
4496,1204,will check in,future,you,gelecek
4497,1204,will check in,future,he/she,gelecek
4498,1204,will check in,future,we,gelecek
4499,1204,will check in,future,you (pl),gelecek
4500,1204,will check in,future,they,gelecek
4501,1205,check out,present,I,şimdi
4502,1205,check out,present,you,şimdi
4503,1205,checks out,present,he/she,şimdi
4504,1205,check out,present,we,şimdi
4505,1205,check out,present,you (pl),şimdi
4506,1205,check out,present,they,şimdi
4507,1205,checked out,past,I,di
4508,1205,checked out,past,you,di
4509,1205,checked out,past,he/she,di
4510,1205,checked out,past,we,di
4511,1205,checked out,past,you (pl),di
4512,1205,checked out,past,they,di
4513,1205,will check out,future,I,gelecek
4514,1205,will check out,future,you,gelecek
4515,1205,will check out,future,he/she,gelecek
4516,1205,will check out,future,we,gelecek
4517,1205,will check out,future,you (pl),gelecek
4518,1205,will check out,future,they,gelecek
4519,1206,pack,present,I,şimdi
4520,1206,pack,present,you,şimdi
4521,1206,packs,present,he/she,şimdi
4522,1206,pack,present,we,şimdi
4523,1206,pack,present,you (pl),şimdi
4524,1206,pack,present,they,şimdi
4525,1206,packed,past,I,di
4526,1206,packed,past,you,di
4527,1206,packed,past,he/she,di
4528,1206,packed,past,we,di
4529,1206,packed,past,you (pl),di
4530,1206,packed,past,they,di
4531,1206,will pack,future,I,gelecek
4532,1206,will pack,future,you,gelecek
4533,1206,will pack,future,he/she,gelecek
4534,1206,will pack,future,we,gelecek
4535,1206,will pack,future,you (pl),gelecek
4536,1206,will pack,future,they,gelecek
4537,1207,unpack,present,I,şimdi
4538,1207,unpack,present,you,şimdi
4539,1207,unpacks,present,he/she,şimdi
4540,1207,unpack,present,we,şimdi
4541,1207,unpack,present,you (pl),şimdi
4542,1207,unpack,present,they,şimdi
4543,1207,unpacked,past,I,di
4544,1207,unpacked,past,you,di
4545,1207,unpacked,past,he/she,di
4546,1207,unpacked,past,we,di
4547,1207,unpacked,past,you (pl),di
4548,1207,unpacked,past,they,di
4549,1207,will unpack,future,I,gelecek
4550,1207,will unpack,future,you,gelecek
4551,1207,will unpack,future,he/she,gelecek
4552,1207,will unpack,future,we,gelecek
4553,1207,will unpack,future,you (pl),gelecek
4554,1207,will unpack,future,they,gelecek
4555,1208,set off,present,I,şimdi
4556,1208,set off,present,you,şimdi
4557,1208,sets off,present,he/she,şimdi
4558,1208,set off,present,we,şimdi
4559,1208,set off,present,you (pl),şimdi
4560,1208,set off,present,they,şimdi
4561,1208,set off,past,I,di
4562,1208,set off,past,you,di
4563,1208,set off,past,he/she,di
4564,1208,set off,past,we,di
4565,1208,set off,past,you (pl),di
4566,1208,set off,past,they,di
4567,1208,will set off,future,I,gelecek
4568,1208,will set off,future,you,gelecek
4569,1208,will set off,future,he/she,gelecek
4570,1208,will set off,future,we,gelecek
4571,1208,will set off,future,you (pl),gelecek
4572,1208,will set off,future,they,gelecek
4573,1209,get lost,present,I,şimdi
4574,1209,get lost,present,you,şimdi
4575,1209,gets lost,present,he/she,şimdi
4576,1209,get lost,present,we,şimdi
4577,1209,get lost,present,you (pl),şimdi
4578,1209,get lost,present,they,şimdi
4579,1209,got lost,past,I,di
4580,1209,got lost,past,you,di
4581,1209,got lost,past,he/she,di
4582,1209,got lost,past,we,di
4583,1209,got lost,past,you (pl),di
4584,1209,got lost,past,they,di
4585,1209,will get lost,future,I,gelecek
4586,1209,will get lost,future,you,gelecek
4587,1209,will get lost,future,he/she,gelecek
4588,1209,will get lost,future,we,gelecek
4589,1209,will get lost,future,you (pl),gelecek
4590,1209,will get lost,future,they,gelecek
4591,1210,hire,present,I,şimdi
4592,1210,hire,present,you,şimdi
4593,1210,hires,present,he/she,şimdi
4594,1210,hire,present,we,şimdi
4595,1210,hire,present,you (pl),şimdi
4596,1210,hire,present,they,şimdi
4597,1210,hired,past,I,di
4598,1210,hired,past,you,di
4599,1210,hired,past,he/she,di
4600,1210,hired,past,we,di
4601,1210,hired,past,you (pl),di
4602,1210,hired,past,they,di
4603,1210,will hire,future,I,gelecek
4604,1210,will hire,future,you,gelecek
4605,1210,will hire,future,he/she,gelecek
4606,1210,will hire,future,we,gelecek
4607,1210,will hire,future,you (pl),gelecek
4608,1210,will hire,future,they,gelecek
4609,1226,resign,present,I,şimdi
4610,1226,resign,present,you,şimdi
4611,1226,resigns,present,he/she,şimdi
4612,1226,resign,present,we,şimdi
4613,1226,resign,present,you (pl),şimdi
4614,1226,resign,present,they,şimdi
4615,1226,resigned,past,I,di
4616,1226,resigned,past,you,di
4617,1226,resigned,past,he/she,di
4618,1226,resigned,past,we,di
4619,1226,resigned,past,you (pl),di
4620,1226,resigned,past,they,di
4621,1226,will resign,future,I,gelecek
4622,1226,will resign,future,you,gelecek
4623,1226,will resign,future,he/she,gelecek
4624,1226,will resign,future,we,gelecek
4625,1226,will resign,future,you (pl),gelecek
4626,1226,will resign,future,they,gelecek
4627,1227,fire,present,I,şimdi
4628,1227,fire,present,you,şimdi
4629,1227,fires,present,he/she,şimdi
4630,1227,fire,present,we,şimdi
4631,1227,fire,present,you (pl),şimdi
4632,1227,fire,present,they,şimdi
4633,1227,fired,past,I,di
4634,1227,fired,past,you,di
4635,1227,fired,past,he/she,di
4636,1227,fired,past,we,di
4637,1227,fired,past,you (pl),di
4638,1227,fired,past,they,di
4639,1227,will fire,future,I,gelecek
4640,1227,will fire,future,you,gelecek
4641,1227,will fire,future,he/she,gelecek
4642,1227,will fire,future,we,gelecek
4643,1227,will fire,future,you (pl),gelecek
4644,1227,will fire,future,they,gelecek
4645,1230,deal with,present,I,şimdi
4646,1230,deal with,present,you,şimdi
4647,1230,deals with,present,he/she,şimdi
4648,1230,deal with,present,we,şimdi
4649,1230,deal with,present,you (pl),şimdi
4650,1230,deal with,present,they,şimdi
4651,1230,dealt with,past,I,di
4652,1230,dealt with,past,you,di
4653,1230,dealt with,past,he/she,di
4654,1230,dealt with,past,we,di
4655,1230,dealt with,past,you (pl),di
4656,1230,dealt with,past,they,di
4657,1230,will deal with,future,I,gelecek
4658,1230,will deal with,future,you,gelecek
4659,1230,will deal with,future,he/she,gelecek
4660,1230,will deal with,future,we,gelecek
4661,1230,will deal with,future,you (pl),gelecek
4662,1230,will deal with,future,they,gelecek
4663,1231,run a business,present,I,şimdi
4664,1231,run a business,present,you,şimdi
4665,1231,runs a business,present,he/she,şimdi
4666,1231,run a business,present,we,şimdi
4667,1231,run a business,present,you (pl),şimdi
4668,1231,run a business,present,they,şimdi
4669,1231,ran a business,past,I,di
4670,1231,ran a business,past,you,di
4671,1231,ran a business,past,he/she,di
4672,1231,ran a business,past,we,di
4673,1231,ran a business,past,you (pl),di
4674,1231,ran a business,past,they,di
4675,1231,will run a business,future,I,gelecek
4676,1231,will run a business,future,you,gelecek
4677,1231,will run a business,future,he/she,gelecek
4678,1231,will run a business,future,we,gelecek
4679,1231,will run a business,future,you (pl),gelecek
4680,1231,will run a business,future,they,gelecek
4681,1260,compete,present,I,şimdi
4682,1260,compete,present,you,şimdi
4683,1260,competes,present,he/she,şimdi
4684,1260,compete,present,we,şimdi
4685,1260,compete,present,you (pl),şimdi
4686,1260,compete,present,they,şimdi
4687,1260,competed,past,I,di
4688,1260,competed,past,you,di
4689,1260,competed,past,he/she,di
4690,1260,competed,past,we,di
4691,1260,competed,past,you (pl),di
4692,1260,competed,past,they,di
4693,1260,will compete,future,I,gelecek
4694,1260,will compete,future,you,gelecek
4695,1260,will compete,future,he/she,gelecek
4696,1260,will compete,future,we,gelecek
4697,1260,will compete,future,you (pl),gelecek
4698,1260,will compete,future,they,gelecek
4699,1261,beat,present,I,şimdi
4700,1261,beat,present,you,şimdi
4701,1261,beats,present,he/she,şimdi
4702,1261,beat,present,we,şimdi
4703,1261,beat,present,you (pl),şimdi
4704,1261,beat,present,they,şimdi
4705,1261,beat,past,I,di
4706,1261,beat,past,you,di
4707,1261,beat,past,he/she,di
4708,1261,beat,past,we,di
4709,1261,beat,past,you (pl),di
4710,1261,beat,past,they,di
4711,1261,will beat,future,I,gelecek
4712,1261,will beat,future,you,gelecek
4713,1261,will beat,future,he/she,gelecek
4714,1261,will beat,future,we,gelecek
4715,1261,will beat,future,you (pl),gelecek
4716,1261,will beat,future,they,gelecek
4717,1262,kick,present,I,şimdi
4718,1262,kick,present,you,şimdi
4719,1262,kicks,present,he/she,şimdi
4720,1262,kick,present,we,şimdi
4721,1262,kick,present,you (pl),şimdi
4722,1262,kick,present,they,şimdi
4723,1262,kicked,past,I,di
4724,1262,kicked,past,you,di
4725,1262,kicked,past,he/she,di
4726,1262,kicked,past,we,di
4727,1262,kicked,past,you (pl),di
4728,1262,kicked,past,they,di
4729,1262,will kick,future,I,gelecek
4730,1262,will kick,future,you,gelecek
4731,1262,will kick,future,he/she,gelecek
4732,1262,will kick,future,we,gelecek
4733,1262,will kick,future,you (pl),gelecek
4734,1262,will kick,future,they,gelecek
4735,1263,throw,present,I,şimdi
4736,1263,throw,present,you,şimdi
4737,1263,throws,present,he/she,şimdi
4738,1263,throw,present,we,şimdi
4739,1263,throw,present,you (pl),şimdi
4740,1263,throw,present,they,şimdi
4741,1263,threw,past,I,di
4742,1263,threw,past,you,di
4743,1263,threw,past,he/she,di
4744,1263,threw,past,we,di
4745,1263,threw,past,you (pl),di
4746,1263,threw,past,they,di
4747,1263,will throw,future,I,gelecek
4748,1263,will throw,future,you,gelecek
4749,1263,will throw,future,he/she,gelecek
4750,1263,will throw,future,we,gelecek
4751,1263,will throw,future,you (pl),gelecek
4752,1263,will throw,future,they,gelecek
4753,1287,belong,present,I,şimdi
4754,1287,belong,present,you,şimdi
4755,1287,belongs,present,he/she,şimdi
4756,1287,belong,present,we,şimdi
4757,1287,belong,present,you (pl),şimdi
4758,1287,belong,present,they,şimdi
4759,1287,belonged,past,I,di
4760,1287,belonged,past,you,di
4761,1287,belonged,past,he/she,di
4762,1287,belonged,past,we,di
4763,1287,belonged,past,you (pl),di
4764,1287,belonged,past,they,di
4765,1287,will belong,future,I,gelecek
4766,1287,will belong,future,you,gelecek
4767,1287,will belong,future,he/she,gelecek
4768,1287,will belong,future,we,gelecek
4769,1287,will belong,future,you (pl),gelecek
4770,1287,will belong,future,they,gelecek
4771,1288,fit in,present,I,şimdi
4772,1288,fit in,present,you,şimdi
4773,1288,fits in,present,he/she,şimdi
4774,1288,fit in,present,we,şimdi
4775,1288,fit in,present,you (pl),şimdi
4776,1288,fit in,present,they,şimdi
4777,1288,fitted in,past,I,di
4778,1288,fitted in,past,you,di
4779,1288,fitted in,past,he/she,di
4780,1288,fitted in,past,we,di
4781,1288,fitted in,past,you (pl),di
4782,1288,fitted in,past,they,di
4783,1288,will fit in,future,I,gelecek
4784,1288,will fit in,future,you,gelecek
4785,1288,will fit in,future,he/she,gelecek
4786,1288,will fit in,future,we,gelecek
4787,1288,will fit in,future,you (pl),gelecek
4788,1288,will fit in,future,they,gelecek
4789,1289,stand out,present,I,şimdi
4790,1289,stand out,present,you,şimdi
4791,1289,stands out,present,he/she,şimdi
4792,1289,stand out,present,we,şimdi
4793,1289,stand out,present,you (pl),şimdi
4794,1289,stand out,present,they,şimdi
4795,1289,stood out,past,I,di
4796,1289,stood out,past,you,di
4797,1289,stood out,past,he/she,di
4798,1289,stood out,past,we,di
4799,1289,stood out,past,you (pl),di
4800,1289,stood out,past,they,di
4801,1289,will stand out,future,I,gelecek
4802,1289,will stand out,future,you,gelecek
4803,1289,will stand out,future,he/she,gelecek
4804,1289,will stand out,future,we,gelecek
4805,1289,will stand out,future,you (pl),gelecek
4806,1289,will stand out,future,they,gelecek
4807,1290,take after,present,I,şimdi
4808,1290,take after,present,you,şimdi
4809,1290,takes after,present,he/she,şimdi
4810,1290,take after,present,we,şimdi
4811,1290,take after,present,you (pl),şimdi
4812,1290,take after,present,they,şimdi
4813,1290,took after,past,I,di
4814,1290,took after,past,you,di
4815,1290,took after,past,he/she,di
4816,1290,took after,past,we,di
4817,1290,took after,past,you (pl),di
4818,1290,took after,past,they,di
4819,1290,will take after,future,I,gelecek
4820,1290,will take after,future,you,gelecek
4821,1290,will take after,future,he/she,gelecek
4822,1290,will take after,future,we,gelecek
4823,1290,will take after,future,you (pl),gelecek
4824,1290,will take after,future,they,gelecek
4825,1291,look up to,present,I,şimdi
4826,1291,look up to,present,you,şimdi
4827,1291,looks up to,present,he/she,şimdi
4828,1291,look up to,present,we,şimdi
4829,1291,look up to,present,you (pl),şimdi
4830,1291,look up to,present,they,şimdi
4831,1291,looked up to,past,I,di
4832,1291,looked up to,past,you,di
4833,1291,looked up to,past,he/she,di
4834,1291,looked up to,past,we,di
4835,1291,looked up to,past,you (pl),di
4836,1291,looked up to,past,they,di
4837,1291,will look up to,future,I,gelecek
4838,1291,will look up to,future,you,gelecek
4839,1291,will look up to,future,he/she,gelecek
4840,1291,will look up to,future,we,gelecek
4841,1291,will look up to,future,you (pl),gelecek
4842,1291,will look up to,future,they,gelecek
4843,1292,look down on,present,I,şimdi
4844,1292,look down on,present,you,şimdi
4845,1292,looks down on,present,he/she,şimdi
4846,1292,look down on,present,we,şimdi
4847,1292,look down on,present,you (pl),şimdi
4848,1292,look down on,present,they,şimdi
4849,1292,looked down on,past,I,di
4850,1292,looked down on,past,you,di
4851,1292,looked down on,past,he/she,di
4852,1292,looked down on,past,we,di
4853,1292,looked down on,past,you (pl),di
4854,1292,looked down on,past,they,di
4855,1292,will look down on,future,I,gelecek
4856,1292,will look down on,future,you,gelecek
4857,1292,will look down on,future,he/she,gelecek
4858,1292,will look down on,future,we,gelecek
4859,1292,will look down on,future,you (pl),gelecek
4860,1292,will look down on,future,they,gelecek
4861,1293,come across as,present,I,şimdi
4862,1293,come across as,present,you,şimdi
4863,1293,comes across as,present,he/she,şimdi
4864,1293,come across as,present,we,şimdi
4865,1293,come across as,present,you (pl),şimdi
4866,1293,come across as,present,they,şimdi
4867,1293,came across as,past,I,di
4868,1293,came across as,past,you,di
4869,1293,came across as,past,he/she,di
4870,1293,came across as,past,we,di
4871,1293,came across as,past,you (pl),di
4872,1293,came across as,past,they,di
4873,1293,will come across as,future,I,gelecek
4874,1293,will come across as,future,you,gelecek
4875,1293,will come across as,future,he/she,gelecek
4876,1293,will come across as,future,we,gelecek
4877,1293,will come across as,future,you (pl),gelecek
4878,1293,will come across as,future,they,gelecek
4879,1314,delegate,present,I,şimdi
4880,1314,delegate,present,you,şimdi
4881,1314,delegates,present,he/she,şimdi
4882,1314,delegate,present,we,şimdi
4883,1314,delegate,present,you (pl),şimdi
4884,1314,delegate,present,they,şimdi
4885,1314,delegated,past,I,di
4886,1314,delegated,past,you,di
4887,1314,delegated,past,he/she,di
4888,1314,delegated,past,we,di
4889,1314,delegated,past,you (pl),di
4890,1314,delegated,past,they,di
4891,1314,will delegate,future,I,gelecek
4892,1314,will delegate,future,you,gelecek
4893,1314,will delegate,future,he/she,gelecek
4894,1314,will delegate,future,we,gelecek
4895,1314,will delegate,future,you (pl),gelecek
4896,1314,will delegate,future,they,gelecek
4897,1315,supervise,present,I,şimdi
4898,1315,supervise,present,you,şimdi
4899,1315,supervises,present,he/she,şimdi
4900,1315,supervise,present,we,şimdi
4901,1315,supervise,present,you (pl),şimdi
4902,1315,supervise,present,they,şimdi
4903,1315,supervised,past,I,di
4904,1315,supervised,past,you,di
4905,1315,supervised,past,he/she,di
4906,1315,supervised,past,we,di
4907,1315,supervised,past,you (pl),di
4908,1315,supervised,past,they,di
4909,1315,will supervise,future,I,gelecek
4910,1315,will supervise,future,you,gelecek
4911,1315,will supervise,future,he/she,gelecek
4912,1315,will supervise,future,we,gelecek
4913,1315,will supervise,future,you (pl),gelecek
4914,1315,will supervise,future,they,gelecek
4915,1316,collaborate,present,I,şimdi
4916,1316,collaborate,present,you,şimdi
4917,1316,collaborates,present,he/she,şimdi
4918,1316,collaborate,present,we,şimdi
4919,1316,collaborate,present,you (pl),şimdi
4920,1316,collaborate,present,they,şimdi
4921,1316,collaborated,past,I,di
4922,1316,collaborated,past,you,di
4923,1316,collaborated,past,he/she,di
4924,1316,collaborated,past,we,di
4925,1316,collaborated,past,you (pl),di
4926,1316,collaborated,past,they,di
4927,1316,will collaborate,future,I,gelecek
4928,1316,will collaborate,future,you,gelecek
4929,1316,will collaborate,future,he/she,gelecek
4930,1316,will collaborate,future,we,gelecek
4931,1316,will collaborate,future,you (pl),gelecek
4932,1316,will collaborate,future,they,gelecek
4933,1317,negotiate,present,I,şimdi
4934,1317,negotiate,present,you,şimdi
4935,1317,negotiates,present,he/she,şimdi
4936,1317,negotiate,present,we,şimdi
4937,1317,negotiate,present,you (pl),şimdi
4938,1317,negotiate,present,they,şimdi
4939,1317,negotiated,past,I,di
4940,1317,negotiated,past,you,di
4941,1317,negotiated,past,he/she,di
4942,1317,negotiated,past,we,di
4943,1317,negotiated,past,you (pl),di
4944,1317,negotiated,past,they,di
4945,1317,will negotiate,future,I,gelecek
4946,1317,will negotiate,future,you,gelecek
4947,1317,will negotiate,future,he/she,gelecek
4948,1317,will negotiate,future,we,gelecek
4949,1317,will negotiate,future,you (pl),gelecek
4950,1317,will negotiate,future,they,gelecek
4951,1318,clock in,present,I,şimdi
4952,1318,clock in,present,you,şimdi
4953,1318,clocks in,present,he/she,şimdi
4954,1318,clock in,present,we,şimdi
4955,1318,clock in,present,you (pl),şimdi
4956,1318,clock in,present,they,şimdi
4957,1318,clocked in,past,I,di
4958,1318,clocked in,past,you,di
4959,1318,clocked in,past,he/she,di
4960,1318,clocked in,past,we,di
4961,1318,clocked in,past,you (pl),di
4962,1318,clocked in,past,they,di
4963,1318,will clock in,future,I,gelecek
4964,1318,will clock in,future,you,gelecek
4965,1318,will clock in,future,he/she,gelecek
4966,1318,will clock in,future,we,gelecek
4967,1318,will clock in,future,you (pl),gelecek
4968,1318,will clock in,future,they,gelecek
4969,1339,haggle,present,I,şimdi
4970,1339,haggle,present,you,şimdi
4971,1339,haggles,present,he/she,şimdi
4972,1339,haggle,present,we,şimdi
4973,1339,haggle,present,you (pl),şimdi
4974,1339,haggle,present,they,şimdi
4975,1339,haggled,past,I,di
4976,1339,haggled,past,you,di
4977,1339,haggled,past,he/she,di
4978,1339,haggled,past,we,di
4979,1339,haggled,past,you (pl),di
4980,1339,haggled,past,they,di
4981,1339,will haggle,future,I,gelecek
4982,1339,will haggle,future,you,gelecek
4983,1339,will haggle,future,he/she,gelecek
4984,1339,will haggle,future,we,gelecek
4985,1339,will haggle,future,you (pl),gelecek
4986,1339,will haggle,future,they,gelecek
4987,1340,splurge,present,I,şimdi
4988,1340,splurge,present,you,şimdi
4989,1340,splurges,present,he/she,şimdi
4990,1340,splurge,present,we,şimdi
4991,1340,splurge,present,you (pl),şimdi
4992,1340,splurge,present,they,şimdi
4993,1340,splurged,past,I,di
4994,1340,splurged,past,you,di
4995,1340,splurged,past,he/she,di
4996,1340,splurged,past,we,di
4997,1340,splurged,past,you (pl),di
4998,1340,splurged,past,they,di
4999,1340,will splurge,future,I,gelecek
5000,1340,will splurge,future,you,gelecek
5001,1340,will splurge,future,he/she,gelecek
5002,1340,will splurge,future,we,gelecek
5003,1340,will splurge,future,you (pl),gelecek
5004,1340,will splurge,future,they,gelecek
5005,1341,cut back,present,I,şimdi
5006,1341,cut back,present,you,şimdi
5007,1341,cuts back,present,he/she,şimdi
5008,1341,cut back,present,we,şimdi
5009,1341,cut back,present,you (pl),şimdi
5010,1341,cut back,present,they,şimdi
5011,1341,cut back,past,I,di
5012,1341,cut back,past,you,di
5013,1341,cut back,past,he/she,di
5014,1341,cut back,past,we,di
5015,1341,cut back,past,you (pl),di
5016,1341,cut back,past,they,di
5017,1341,will cut back,future,I,gelecek
5018,1341,will cut back,future,you,gelecek
5019,1341,will cut back,future,he/she,gelecek
5020,1341,will cut back,future,we,gelecek
5021,1341,will cut back,future,you (pl),gelecek
5022,1341,will cut back,future,they,gelecek
5023,1342,rip off,present,I,şimdi
5024,1342,rip off,present,you,şimdi
5025,1342,rips off,present,he/she,şimdi
5026,1342,rip off,present,we,şimdi
5027,1342,rip off,present,you (pl),şimdi
5028,1342,rip off,present,they,şimdi
5029,1342,ripped off,past,I,di
5030,1342,ripped off,past,you,di
5031,1342,ripped off,past,he/she,di
5032,1342,ripped off,past,we,di
5033,1342,ripped off,past,you (pl),di
5034,1342,ripped off,past,they,di
5035,1342,will rip off,future,I,gelecek
5036,1342,will rip off,future,you,gelecek
5037,1342,will rip off,future,he/she,gelecek
5038,1342,will rip off,future,we,gelecek
5039,1342,will rip off,future,you (pl),gelecek
5040,1342,will rip off,future,they,gelecek
5041,1343,shop around,present,I,şimdi
5042,1343,shop around,present,you,şimdi
5043,1343,shops around,present,he/she,şimdi
5044,1343,shop around,present,we,şimdi
5045,1343,shop around,present,you (pl),şimdi
5046,1343,shop around,present,they,şimdi
5047,1343,shopped around,past,I,di
5048,1343,shopped around,past,you,di
5049,1343,shopped around,past,he/she,di
5050,1343,shopped around,past,we,di
5051,1343,shopped around,past,you (pl),di
5052,1343,shopped around,past,they,di
5053,1343,will shop around,future,I,gelecek
5054,1343,will shop around,future,you,gelecek
5055,1343,will shop around,future,he/she,gelecek
5056,1343,will shop around,future,we,gelecek
5057,1343,will shop around,future,you (pl),gelecek
5058,1343,will shop around,future,they,gelecek
5059,1361,address,present,I,şimdi
5060,1361,address,present,you,şimdi
5061,1361,addresses,present,he/she,şimdi
5062,1361,address,present,we,şimdi
5063,1361,address,present,you (pl),şimdi
5064,1361,address,present,they,şimdi
5065,1361,addressed,past,I,di
5066,1361,addressed,past,you,di
5067,1361,addressed,past,he/she,di
5068,1361,addressed,past,we,di
5069,1361,addressed,past,you (pl),di
5070,1361,addressed,past,they,di
5071,1361,will address,future,I,gelecek
5072,1361,will address,future,you,gelecek
5073,1361,will address,future,he/she,gelecek
5074,1361,will address,future,we,gelecek
5075,1361,will address,future,you (pl),gelecek
5076,1361,will address,future,they,gelecek
5077,1362,tackle,present,I,şimdi
5078,1362,tackle,present,you,şimdi
5079,1362,tackles,present,he/she,şimdi
5080,1362,tackle,present,we,şimdi
5081,1362,tackle,present,you (pl),şimdi
5082,1362,tackle,present,they,şimdi
5083,1362,tackled,past,I,di
5084,1362,tackled,past,you,di
5085,1362,tackled,past,he/she,di
5086,1362,tackled,past,we,di
5087,1362,tackled,past,you (pl),di
5088,1362,tackled,past,they,di
5089,1362,will tackle,future,I,gelecek
5090,1362,will tackle,future,you,gelecek
5091,1362,will tackle,future,he/she,gelecek
5092,1362,will tackle,future,we,gelecek
5093,1362,will tackle,future,you (pl),gelecek
5094,1362,will tackle,future,they,gelecek
5095,1363,overlook,present,I,şimdi
5096,1363,overlook,present,you,şimdi
5097,1363,overlooks,present,he/she,şimdi
5098,1363,overlook,present,we,şimdi
5099,1363,overlook,present,you (pl),şimdi
5100,1363,overlook,present,they,şimdi
5101,1363,overlooked,past,I,di
5102,1363,overlooked,past,you,di
5103,1363,overlooked,past,he/she,di
5104,1363,overlooked,past,we,di
5105,1363,overlooked,past,you (pl),di
5106,1363,overlooked,past,they,di
5107,1363,will overlook,future,I,gelecek
5108,1363,will overlook,future,you,gelecek
5109,1363,will overlook,future,he/she,gelecek
5110,1363,will overlook,future,we,gelecek
5111,1363,will overlook,future,you (pl),gelecek
5112,1363,will overlook,future,they,gelecek
5113,1364,exaggerate,present,I,şimdi
5114,1364,exaggerate,present,you,şimdi
5115,1364,exaggerates,present,he/she,şimdi
5116,1364,exaggerate,present,we,şimdi
5117,1364,exaggerate,present,you (pl),şimdi
5118,1364,exaggerate,present,they,şimdi
5119,1364,exaggerated,past,I,di
5120,1364,exaggerated,past,you,di
5121,1364,exaggerated,past,he/she,di
5122,1364,exaggerated,past,we,di
5123,1364,exaggerated,past,you (pl),di
5124,1364,exaggerated,past,they,di
5125,1364,will exaggerate,future,I,gelecek
5126,1364,will exaggerate,future,you,gelecek
5127,1364,will exaggerate,future,he/she,gelecek
5128,1364,will exaggerate,future,we,gelecek
5129,1364,will exaggerate,future,you (pl),gelecek
5130,1364,will exaggerate,future,they,gelecek
5131,1365,underestimate,present,I,şimdi
5132,1365,underestimate,present,you,şimdi
5133,1365,underestimates,present,he/she,şimdi
5134,1365,underestimate,present,we,şimdi
5135,1365,underestimate,present,you (pl),şimdi
5136,1365,underestimate,present,they,şimdi
5137,1365,underestimated,past,I,di
5138,1365,underestimated,past,you,di
5139,1365,underestimated,past,he/she,di
5140,1365,underestimated,past,we,di
5141,1365,underestimated,past,you (pl),di
5142,1365,underestimated,past,they,di
5143,1365,will underestimate,future,I,gelecek
5144,1365,will underestimate,future,you,gelecek
5145,1365,will underestimate,future,he/she,gelecek
5146,1365,will underestimate,future,we,gelecek
5147,1365,will underestimate,future,you (pl),gelecek
5148,1365,will underestimate,future,they,gelecek
5149,1366,justify,present,I,şimdi
5150,1366,justify,present,you,şimdi
5151,1366,justifies,present,he/she,şimdi
5152,1366,justify,present,we,şimdi
5153,1366,justify,present,you (pl),şimdi
5154,1366,justify,present,they,şimdi
5155,1366,justified,past,I,di
5156,1366,justified,past,you,di
5157,1366,justified,past,he/she,di
5158,1366,justified,past,we,di
5159,1366,justified,past,you (pl),di
5160,1366,justified,past,they,di
5161,1366,will justify,future,I,gelecek
5162,1366,will justify,future,you,gelecek
5163,1366,will justify,future,he/she,gelecek
5164,1366,will justify,future,we,gelecek
5165,1366,will justify,future,you (pl),gelecek
5166,1366,will justify,future,they,gelecek
5167,1367,object to,present,I,şimdi
5168,1367,object to,present,you,şimdi
5169,1367,objects to,present,he/she,şimdi
5170,1367,object to,present,we,şimdi
5171,1367,object to,present,you (pl),şimdi
5172,1367,object to,present,they,şimdi
5173,1367,objected to,past,I,di
5174,1367,objected to,past,you,di
5175,1367,objected to,past,he/she,di
5176,1367,objected to,past,we,di
5177,1367,objected to,past,you (pl),di
5178,1367,objected to,past,they,di
5179,1367,will object to,future,I,gelecek
5180,1367,will object to,future,you,gelecek
5181,1367,will object to,future,he/she,gelecek
5182,1367,will object to,future,we,gelecek
5183,1367,will object to,future,you (pl),gelecek
5184,1367,will object to,future,they,gelecek
5185,1386,shrug,present,I,şimdi
5186,1386,shrug,present,you,şimdi
5187,1386,shrugs,present,he/she,şimdi
5188,1386,shrug,present,we,şimdi
5189,1386,shrug,present,you (pl),şimdi
5190,1386,shrug,present,they,şimdi
5191,1386,shrugged,past,I,di
5192,1386,shrugged,past,you,di
5193,1386,shrugged,past,he/she,di
5194,1386,shrugged,past,we,di
5195,1386,shrugged,past,you (pl),di
5196,1386,shrugged,past,they,di
5197,1386,will shrug,future,I,gelecek
5198,1386,will shrug,future,you,gelecek
5199,1386,will shrug,future,he/she,gelecek
5200,1386,will shrug,future,we,gelecek
5201,1386,will shrug,future,you (pl),gelecek
5202,1386,will shrug,future,they,gelecek
5203,1387,nod,present,I,şimdi
5204,1387,nod,present,you,şimdi
5205,1387,nods,present,he/she,şimdi
5206,1387,nod,present,we,şimdi
5207,1387,nod,present,you (pl),şimdi
5208,1387,nod,present,they,şimdi
5209,1387,nodded,past,I,di
5210,1387,nodded,past,you,di
5211,1387,nodded,past,he/she,di
5212,1387,nodded,past,we,di
5213,1387,nodded,past,you (pl),di
5214,1387,nodded,past,they,di
5215,1387,will nod,future,I,gelecek
5216,1387,will nod,future,you,gelecek
5217,1387,will nod,future,he/she,gelecek
5218,1387,will nod,future,we,gelecek
5219,1387,will nod,future,you (pl),gelecek
5220,1387,will nod,future,they,gelecek
5221,1388,frown,present,I,şimdi
5222,1388,frown,present,you,şimdi
5223,1388,frowns,present,he/she,şimdi
5224,1388,frown,present,we,şimdi
5225,1388,frown,present,you (pl),şimdi
5226,1388,frown,present,they,şimdi
5227,1388,frowned,past,I,di
5228,1388,frowned,past,you,di
5229,1388,frowned,past,he/she,di
5230,1388,frowned,past,we,di
5231,1388,frowned,past,you (pl),di
5232,1388,frowned,past,they,di
5233,1388,will frown,future,I,gelecek
5234,1388,will frown,future,you,gelecek
5235,1388,will frown,future,he/she,gelecek
5236,1388,will frown,future,we,gelecek
5237,1388,will frown,future,you (pl),gelecek
5238,1388,will frown,future,they,gelecek
5239,1389,yawn,present,I,şimdi
5240,1389,yawn,present,you,şimdi
5241,1389,yawns,present,he/she,şimdi
5242,1389,yawn,present,we,şimdi
5243,1389,yawn,present,you (pl),şimdi
5244,1389,yawn,present,they,şimdi
5245,1389,yawned,past,I,di
5246,1389,yawned,past,you,di
5247,1389,yawned,past,he/she,di
5248,1389,yawned,past,we,di
5249,1389,yawned,past,you (pl),di
5250,1389,yawned,past,they,di
5251,1389,will yawn,future,I,gelecek
5252,1389,will yawn,future,you,gelecek
5253,1389,will yawn,future,he/she,gelecek
5254,1389,will yawn,future,we,gelecek
5255,1389,will yawn,future,you (pl),gelecek
5256,1389,will yawn,future,they,gelecek
5257,1390,blush,present,I,şimdi
5258,1390,blush,present,you,şimdi
5259,1390,blushes,present,he/she,şimdi
5260,1390,blush,present,we,şimdi
5261,1390,blush,present,you (pl),şimdi
5262,1390,blush,present,they,şimdi
5263,1390,blushed,past,I,di
5264,1390,blushed,past,you,di
5265,1390,blushed,past,he/she,di
5266,1390,blushed,past,we,di
5267,1390,blushed,past,you (pl),di
5268,1390,blushed,past,they,di
5269,1390,will blush,future,I,gelecek
5270,1390,will blush,future,you,gelecek
5271,1390,will blush,future,he/she,gelecek
5272,1390,will blush,future,we,gelecek
5273,1390,will blush,future,you (pl),gelecek
5274,1390,will blush,future,they,gelecek
5275,1391,stare,present,I,şimdi
5276,1391,stare,present,you,şimdi
5277,1391,stares,present,he/she,şimdi
5278,1391,stare,present,we,şimdi
5279,1391,stare,present,you (pl),şimdi
5280,1391,stare,present,they,şimdi
5281,1391,stared,past,I,di
5282,1391,stared,past,you,di
5283,1391,stared,past,he/she,di
5284,1391,stared,past,we,di
5285,1391,stared,past,you (pl),di
5286,1391,stared,past,they,di
5287,1391,will stare,future,I,gelecek
5288,1391,will stare,future,you,gelecek
5289,1391,will stare,future,he/she,gelecek
5290,1391,will stare,future,we,gelecek
5291,1391,will stare,future,you (pl),gelecek
5292,1391,will stare,future,they,gelecek
5293,1392,glance,present,I,şimdi
5294,1392,glance,present,you,şimdi
5295,1392,glances,present,he/she,şimdi
5296,1392,glance,present,we,şimdi
5297,1392,glance,present,you (pl),şimdi
5298,1392,glance,present,they,şimdi
5299,1392,glanced,past,I,di
5300,1392,glanced,past,you,di
5301,1392,glanced,past,he/she,di
5302,1392,glanced,past,we,di
5303,1392,glanced,past,you (pl),di
5304,1392,glanced,past,they,di
5305,1392,will glance,future,I,gelecek
5306,1392,will glance,future,you,gelecek
5307,1392,will glance,future,he/she,gelecek
5308,1392,will glance,future,we,gelecek
5309,1392,will glance,future,you (pl),gelecek
5310,1392,will glance,future,they,gelecek
5311,1393,whisper,present,I,şimdi
5312,1393,whisper,present,you,şimdi
5313,1393,whispers,present,he/she,şimdi
5314,1393,whisper,present,we,şimdi
5315,1393,whisper,present,you (pl),şimdi
5316,1393,whisper,present,they,şimdi
5317,1393,whispered,past,I,di
5318,1393,whispered,past,you,di
5319,1393,whispered,past,he/she,di
5320,1393,whispered,past,we,di
5321,1393,whispered,past,you (pl),di
5322,1393,whispered,past,they,di
5323,1393,will whisper,future,I,gelecek
5324,1393,will whisper,future,you,gelecek
5325,1393,will whisper,future,he/she,gelecek
5326,1393,will whisper,future,we,gelecek
5327,1393,will whisper,future,you (pl),gelecek
5328,1393,will whisper,future,they,gelecek
5329,1394,shout,present,I,şimdi
5330,1394,shout,present,you,şimdi
5331,1394,shouts,present,he/she,şimdi
5332,1394,shout,present,we,şimdi
5333,1394,shout,present,you (pl),şimdi
5334,1394,shout,present,they,şimdi
5335,1394,shouted,past,I,di
5336,1394,shouted,past,you,di
5337,1394,shouted,past,he/she,di
5338,1394,shouted,past,we,di
5339,1394,shouted,past,you (pl),di
5340,1394,shouted,past,they,di
5341,1394,will shout,future,I,gelecek
5342,1394,will shout,future,you,gelecek
5343,1394,will shout,future,he/she,gelecek
5344,1394,will shout,future,we,gelecek
5345,1394,will shout,future,you (pl),gelecek
5346,1394,will shout,future,they,gelecek
5347,1395,interrupt,present,I,şimdi
5348,1395,interrupt,present,you,şimdi
5349,1395,interrupts,present,he/she,şimdi
5350,1395,interrupt,present,we,şimdi
5351,1395,interrupt,present,you (pl),şimdi
5352,1395,interrupt,present,they,şimdi
5353,1395,interrupted,past,I,di
5354,1395,interrupted,past,you,di
5355,1395,interrupted,past,he/she,di
5356,1395,interrupted,past,we,di
5357,1395,interrupted,past,you (pl),di
5358,1395,interrupted,past,they,di
5359,1395,will interrupt,future,I,gelecek
5360,1395,will interrupt,future,you,gelecek
5361,1395,will interrupt,future,he/she,gelecek
5362,1395,will interrupt,future,we,gelecek
5363,1395,will interrupt,future,you (pl),gelecek
5364,1395,will interrupt,future,they,gelecek
5365,1417,prove,present,I,şimdi
5366,1417,prove,present,you,şimdi
5367,1417,proves,present,he/she,şimdi
5368,1417,prove,present,we,şimdi
5369,1417,prove,present,you (pl),şimdi
5370,1417,prove,present,they,şimdi
5371,1417,proved,past,I,di
5372,1417,proved,past,you,di
5373,1417,proved,past,he/she,di
5374,1417,proved,past,we,di
5375,1417,proved,past,you (pl),di
5376,1417,proved,past,they,di
5377,1417,will prove,future,I,gelecek
5378,1417,will prove,future,you,gelecek
5379,1417,will prove,future,he/she,gelecek
5380,1417,will prove,future,we,gelecek
5381,1417,will prove,future,you (pl),gelecek
5382,1417,will prove,future,they,gelecek
5383,1418,disprove,present,I,şimdi
5384,1418,disprove,present,you,şimdi
5385,1418,disproves,present,he/she,şimdi
5386,1418,disprove,present,we,şimdi
5387,1418,disprove,present,you (pl),şimdi
5388,1418,disprove,present,they,şimdi
5389,1418,disproved,past,I,di
5390,1418,disproved,past,you,di
5391,1418,disproved,past,he/she,di
5392,1418,disproved,past,we,di
5393,1418,disproved,past,you (pl),di
5394,1418,disproved,past,they,di
5395,1418,will disprove,future,I,gelecek
5396,1418,will disprove,future,you,gelecek
5397,1418,will disprove,future,he/she,gelecek
5398,1418,will disprove,future,we,gelecek
5399,1418,will disprove,future,you (pl),gelecek
5400,1418,will disprove,future,they,gelecek
5401,1419,analyse,present,I,şimdi
5402,1419,analyse,present,you,şimdi
5403,1419,analyses,present,he/she,şimdi
5404,1419,analyse,present,we,şimdi
5405,1419,analyse,present,you (pl),şimdi
5406,1419,analyse,present,they,şimdi
5407,1419,analysed,past,I,di
5408,1419,analysed,past,you,di
5409,1419,analysed,past,he/she,di
5410,1419,analysed,past,we,di
5411,1419,analysed,past,you (pl),di
5412,1419,analysed,past,they,di
5413,1419,will analyse,future,I,gelecek
5414,1419,will analyse,future,you,gelecek
5415,1419,will analyse,future,he/she,gelecek
5416,1419,will analyse,future,we,gelecek
5417,1419,will analyse,future,you (pl),gelecek
5418,1419,will analyse,future,they,gelecek
5419,1420,measure,present,I,şimdi
5420,1420,measure,present,you,şimdi
5421,1420,measures,present,he/she,şimdi
5422,1420,measure,present,we,şimdi
5423,1420,measure,present,you (pl),şimdi
5424,1420,measure,present,they,şimdi
5425,1420,measured,past,I,di
5426,1420,measured,past,you,di
5427,1420,measured,past,he/she,di
5428,1420,measured,past,we,di
5429,1420,measured,past,you (pl),di
5430,1420,measured,past,they,di
5431,1420,will measure,future,I,gelecek
5432,1420,will measure,future,you,gelecek
5433,1420,will measure,future,he/she,gelecek
5434,1420,will measure,future,we,gelecek
5435,1420,will measure,future,you (pl),gelecek
5436,1420,will measure,future,they,gelecek
5437,1421,observe,present,I,şimdi
5438,1421,observe,present,you,şimdi
5439,1421,observes,present,he/she,şimdi
5440,1421,observe,present,we,şimdi
5441,1421,observe,present,you (pl),şimdi
5442,1421,observe,present,they,şimdi
5443,1421,observed,past,I,di
5444,1421,observed,past,you,di
5445,1421,observed,past,he/she,di
5446,1421,observed,past,we,di
5447,1421,observed,past,you (pl),di
5448,1421,observed,past,they,di
5449,1421,will observe,future,I,gelecek
5450,1421,will observe,future,you,gelecek
5451,1421,will observe,future,he/she,gelecek
5452,1421,will observe,future,we,gelecek
5453,1421,will observe,future,you (pl),gelecek
5454,1421,will observe,future,they,gelecek
5455,1422,conclude,present,I,şimdi
5456,1422,conclude,present,you,şimdi
5457,1422,concludes,present,he/she,şimdi
5458,1422,conclude,present,we,şimdi
5459,1422,conclude,present,you (pl),şimdi
5460,1422,conclude,present,they,şimdi
5461,1422,concluded,past,I,di
5462,1422,concluded,past,you,di
5463,1422,concluded,past,he/she,di
5464,1422,concluded,past,we,di
5465,1422,concluded,past,you (pl),di
5466,1422,concluded,past,they,di
5467,1422,will conclude,future,I,gelecek
5468,1422,will conclude,future,you,gelecek
5469,1422,will conclude,future,he/she,gelecek
5470,1422,will conclude,future,we,gelecek
5471,1422,will conclude,future,you (pl),gelecek
5472,1422,will conclude,future,they,gelecek
5473,1423,carry out,present,I,şimdi
5474,1423,carry out,present,you,şimdi
5475,1423,carries out,present,he/she,şimdi
5476,1423,carry out,present,we,şimdi
5477,1423,carry out,present,you (pl),şimdi
5478,1423,carry out,present,they,şimdi
5479,1423,carried out,past,I,di
5480,1423,carried out,past,you,di
5481,1423,carried out,past,he/she,di
5482,1423,carried out,past,we,di
5483,1423,carried out,past,you (pl),di
5484,1423,carried out,past,they,di
5485,1423,will carry out,future,I,gelecek
5486,1423,will carry out,future,you,gelecek
5487,1423,will carry out,future,he/she,gelecek
5488,1423,will carry out,future,we,gelecek
5489,1423,will carry out,future,you (pl),gelecek
5490,1423,will carry out,future,they,gelecek
5491,1424,come up with,present,I,şimdi
5492,1424,come up with,present,you,şimdi
5493,1424,comes up with,present,he/she,şimdi
5494,1424,come up with,present,we,şimdi
5495,1424,come up with,present,you (pl),şimdi
5496,1424,come up with,present,they,şimdi
5497,1424,came up with,past,I,di
5498,1424,came up with,past,you,di
5499,1424,came up with,past,he/she,di
5500,1424,came up with,past,we,di
5501,1424,came up with,past,you (pl),di
5502,1424,came up with,past,they,di
5503,1424,will come up with,future,I,gelecek
5504,1424,will come up with,future,you,gelecek
5505,1424,will come up with,future,he/she,gelecek
5506,1424,will come up with,future,we,gelecek
5507,1424,will come up with,future,you (pl),gelecek
5508,1424,will come up with,future,they,gelecek
5509,1443,compose,present,I,şimdi
5510,1443,compose,present,you,şimdi
5511,1443,composes,present,he/she,şimdi
5512,1443,compose,present,we,şimdi
5513,1443,compose,present,you (pl),şimdi
5514,1443,compose,present,they,şimdi
5515,1443,composed,past,I,di
5516,1443,composed,past,you,di
5517,1443,composed,past,he/she,di
5518,1443,composed,past,we,di
5519,1443,composed,past,you (pl),di
5520,1443,composed,past,they,di
5521,1443,will compose,future,I,gelecek
5522,1443,will compose,future,you,gelecek
5523,1443,will compose,future,he/she,gelecek
5524,1443,will compose,future,we,gelecek
5525,1443,will compose,future,you (pl),gelecek
5526,1443,will compose,future,they,gelecek
5527,1444,perform,present,I,şimdi
5528,1444,perform,present,you,şimdi
5529,1444,performs,present,he/she,şimdi
5530,1444,perform,present,we,şimdi
5531,1444,perform,present,you (pl),şimdi
5532,1444,perform,present,they,şimdi
5533,1444,performed,past,I,di
5534,1444,performed,past,you,di
5535,1444,performed,past,he/she,di
5536,1444,performed,past,we,di
5537,1444,performed,past,you (pl),di
5538,1444,performed,past,they,di
5539,1444,will perform,future,I,gelecek
5540,1444,will perform,future,you,gelecek
5541,1444,will perform,future,he/she,gelecek
5542,1444,will perform,future,we,gelecek
5543,1444,will perform,future,you (pl),gelecek
5544,1444,will perform,future,they,gelecek
5545,1445,portray,present,I,şimdi
5546,1445,portray,present,you,şimdi
5547,1445,portrays,present,he/she,şimdi
5548,1445,portray,present,we,şimdi
5549,1445,portray,present,you (pl),şimdi
5550,1445,portray,present,they,şimdi
5551,1445,portrayed,past,I,di
5552,1445,portrayed,past,you,di
5553,1445,portrayed,past,he/she,di
5554,1445,portrayed,past,we,di
5555,1445,portrayed,past,you (pl),di
5556,1445,portrayed,past,they,di
5557,1445,will portray,future,I,gelecek
5558,1445,will portray,future,you,gelecek
5559,1445,will portray,future,he/she,gelecek
5560,1445,will portray,future,we,gelecek
5561,1445,will portray,future,you (pl),gelecek
5562,1445,will portray,future,they,gelecek
5563,1446,depict,present,I,şimdi
5564,1446,depict,present,you,şimdi
5565,1446,depicts,present,he/she,şimdi
5566,1446,depict,present,we,şimdi
5567,1446,depict,present,you (pl),şimdi
5568,1446,depict,present,they,şimdi
5569,1446,depicted,past,I,di
5570,1446,depicted,past,you,di
5571,1446,depicted,past,he/she,di
5572,1446,depicted,past,we,di
5573,1446,depicted,past,you (pl),di
5574,1446,depicted,past,they,di
5575,1446,will depict,future,I,gelecek
5576,1446,will depict,future,you,gelecek
5577,1446,will depict,future,he/she,gelecek
5578,1446,will depict,future,we,gelecek
5579,1446,will depict,future,you (pl),gelecek
5580,1446,will depict,future,they,gelecek
5581,1447,inspire,present,I,şimdi
5582,1447,inspire,present,you,şimdi
5583,1447,inspires,present,he/she,şimdi
5584,1447,inspire,present,we,şimdi
5585,1447,inspire,present,you (pl),şimdi
5586,1447,inspire,present,they,şimdi
5587,1447,inspired,past,I,di
5588,1447,inspired,past,you,di
5589,1447,inspired,past,he/she,di
5590,1447,inspired,past,we,di
5591,1447,inspired,past,you (pl),di
5592,1447,inspired,past,they,di
5593,1447,will inspire,future,I,gelecek
5594,1447,will inspire,future,you,gelecek
5595,1447,will inspire,future,he/she,gelecek
5596,1447,will inspire,future,we,gelecek
5597,1447,will inspire,future,you (pl),gelecek
5598,1447,will inspire,future,they,gelecek
5599,1448,appreciate,present,I,şimdi
5600,1448,appreciate,present,you,şimdi
5601,1448,appreciates,present,he/she,şimdi
5602,1448,appreciate,present,we,şimdi
5603,1448,appreciate,present,you (pl),şimdi
5604,1448,appreciate,present,they,şimdi
5605,1448,appreciated,past,I,di
5606,1448,appreciated,past,you,di
5607,1448,appreciated,past,he/she,di
5608,1448,appreciated,past,we,di
5609,1448,appreciated,past,you (pl),di
5610,1448,appreciated,past,they,di
5611,1448,will appreciate,future,I,gelecek
5612,1448,will appreciate,future,you,gelecek
5613,1448,will appreciate,future,he/she,gelecek
5614,1448,will appreciate,future,we,gelecek
5615,1448,will appreciate,future,you (pl),gelecek
5616,1448,will appreciate,future,they,gelecek
5617,1467,evacuate,present,I,şimdi
5618,1467,evacuate,present,you,şimdi
5619,1467,evacuates,present,he/she,şimdi
5620,1467,evacuate,present,we,şimdi
5621,1467,evacuate,present,you (pl),şimdi
5622,1467,evacuate,present,they,şimdi
5623,1467,evacuated,past,I,di
5624,1467,evacuated,past,you,di
5625,1467,evacuated,past,he/she,di
5626,1467,evacuated,past,we,di
5627,1467,evacuated,past,you (pl),di
5628,1467,evacuated,past,they,di
5629,1467,will evacuate,future,I,gelecek
5630,1467,will evacuate,future,you,gelecek
5631,1467,will evacuate,future,he/she,gelecek
5632,1467,will evacuate,future,we,gelecek
5633,1467,will evacuate,future,you (pl),gelecek
5634,1467,will evacuate,future,they,gelecek
5635,1468,rescue,present,I,şimdi
5636,1468,rescue,present,you,şimdi
5637,1468,rescues,present,he/she,şimdi
5638,1468,rescue,present,we,şimdi
5639,1468,rescue,present,you (pl),şimdi
5640,1468,rescue,present,they,şimdi
5641,1468,rescued,past,I,di
5642,1468,rescued,past,you,di
5643,1468,rescued,past,he/she,di
5644,1468,rescued,past,we,di
5645,1468,rescued,past,you (pl),di
5646,1468,rescued,past,they,di
5647,1468,will rescue,future,I,gelecek
5648,1468,will rescue,future,you,gelecek
5649,1468,will rescue,future,he/she,gelecek
5650,1468,will rescue,future,we,gelecek
5651,1468,will rescue,future,you (pl),gelecek
5652,1468,will rescue,future,they,gelecek
5653,1469,survive,present,I,şimdi
5654,1469,survive,present,you,şimdi
5655,1469,survives,present,he/she,şimdi
5656,1469,survive,present,we,şimdi
5657,1469,survive,present,you (pl),şimdi
5658,1469,survive,present,they,şimdi
5659,1469,survived,past,I,di
5660,1469,survived,past,you,di
5661,1469,survived,past,he/she,di
5662,1469,survived,past,we,di
5663,1469,survived,past,you (pl),di
5664,1469,survived,past,they,di
5665,1469,will survive,future,I,gelecek
5666,1469,will survive,future,you,gelecek
5667,1469,will survive,future,he/she,gelecek
5668,1469,will survive,future,we,gelecek
5669,1469,will survive,future,you (pl),gelecek
5670,1469,will survive,future,they,gelecek
5671,1470,rebuild,present,I,şimdi
5672,1470,rebuild,present,you,şimdi
5673,1470,rebuilds,present,he/she,şimdi
5674,1470,rebuild,present,we,şimdi
5675,1470,rebuild,present,you (pl),şimdi
5676,1470,rebuild,present,they,şimdi
5677,1470,rebuilded,past,I,di
5678,1470,rebuilded,past,you,di
5679,1470,rebuilded,past,he/she,di
5680,1470,rebuilded,past,we,di
5681,1470,rebuilded,past,you (pl),di
5682,1470,rebuilded,past,they,di
5683,1470,will rebuild,future,I,gelecek
5684,1470,will rebuild,future,you,gelecek
5685,1470,will rebuild,future,he/she,gelecek
5686,1470,will rebuild,future,we,gelecek
5687,1470,will rebuild,future,you (pl),gelecek
5688,1470,will rebuild,future,they,gelecek
5689,1471,donate,present,I,şimdi
5690,1471,donate,present,you,şimdi
5691,1471,donates,present,he/she,şimdi
5692,1471,donate,present,we,şimdi
5693,1471,donate,present,you (pl),şimdi
5694,1471,donate,present,they,şimdi
5695,1471,donated,past,I,di
5696,1471,donated,past,you,di
5697,1471,donated,past,he/she,di
5698,1471,donated,past,we,di
5699,1471,donated,past,you (pl),di
5700,1471,donated,past,they,di
5701,1471,will donate,future,I,gelecek
5702,1471,will donate,future,you,gelecek
5703,1471,will donate,future,he/she,gelecek
5704,1471,will donate,future,we,gelecek
5705,1471,will donate,future,you (pl),gelecek
5706,1471,will donate,future,they,gelecek
5707,1472,volunteer,present,I,şimdi
5708,1472,volunteer,present,you,şimdi
5709,1472,volunteers,present,he/she,şimdi
5710,1472,volunteer,present,we,şimdi
5711,1472,volunteer,present,you (pl),şimdi
5712,1472,volunteer,present,they,şimdi
5713,1472,volunteered,past,I,di
5714,1472,volunteered,past,you,di
5715,1472,volunteered,past,he/she,di
5716,1472,volunteered,past,we,di
5717,1472,volunteered,past,you (pl),di
5718,1472,volunteered,past,they,di
5719,1472,will volunteer,future,I,gelecek
5720,1472,will volunteer,future,you,gelecek
5721,1472,will volunteer,future,he/she,gelecek
5722,1472,will volunteer,future,we,gelecek
5723,1472,will volunteer,future,you (pl),gelecek
5724,1472,will volunteer,future,they,gelecek
5725,1473,warn,present,I,şimdi
5726,1473,warn,present,you,şimdi
5727,1473,warns,present,he/she,şimdi
5728,1473,warn,present,we,şimdi
5729,1473,warn,present,you (pl),şimdi
5730,1473,warn,present,they,şimdi
5731,1473,warned,past,I,di
5732,1473,warned,past,you,di
5733,1473,warned,past,he/she,di
5734,1473,warned,past,we,di
5735,1473,warned,past,you (pl),di
5736,1473,warned,past,they,di
5737,1473,will warn,future,I,gelecek
5738,1473,will warn,future,you,gelecek
5739,1473,will warn,future,he/she,gelecek
5740,1473,will warn,future,we,gelecek
5741,1473,will warn,future,you (pl),gelecek
5742,1473,will warn,future,they,gelecek
5743,1495,ban,present,I,şimdi
5744,1495,ban,present,you,şimdi
5745,1495,bans,present,he/she,şimdi
5746,1495,ban,present,we,şimdi
5747,1495,ban,present,you (pl),şimdi
5748,1495,ban,present,they,şimdi
5749,1495,banned,past,I,di
5750,1495,banned,past,you,di
5751,1495,banned,past,he/she,di
5752,1495,banned,past,we,di
5753,1495,banned,past,you (pl),di
5754,1495,banned,past,they,di
5755,1495,will ban,future,I,gelecek
5756,1495,will ban,future,you,gelecek
5757,1495,will ban,future,he/she,gelecek
5758,1495,will ban,future,we,gelecek
5759,1495,will ban,future,you (pl),gelecek
5760,1495,will ban,future,they,gelecek
5761,1496,legalise,present,I,şimdi
5762,1496,legalise,present,you,şimdi
5763,1496,legalises,present,he/she,şimdi
5764,1496,legalise,present,we,şimdi
5765,1496,legalise,present,you (pl),şimdi
5766,1496,legalise,present,they,şimdi
5767,1496,legalised,past,I,di
5768,1496,legalised,past,you,di
5769,1496,legalised,past,he/she,di
5770,1496,legalised,past,we,di
5771,1496,legalised,past,you (pl),di
5772,1496,legalised,past,they,di
5773,1496,will legalise,future,I,gelecek
5774,1496,will legalise,future,you,gelecek
5775,1496,will legalise,future,he/she,gelecek
5776,1496,will legalise,future,we,gelecek
5777,1496,will legalise,future,you (pl),gelecek
5778,1496,will legalise,future,they,gelecek
5779,1497,enforce,present,I,şimdi
5780,1497,enforce,present,you,şimdi
5781,1497,enforces,present,he/she,şimdi
5782,1497,enforce,present,we,şimdi
5783,1497,enforce,present,you (pl),şimdi
5784,1497,enforce,present,they,şimdi
5785,1497,enforced,past,I,di
5786,1497,enforced,past,you,di
5787,1497,enforced,past,he/she,di
5788,1497,enforced,past,we,di
5789,1497,enforced,past,you (pl),di
5790,1497,enforced,past,they,di
5791,1497,will enforce,future,I,gelecek
5792,1497,will enforce,future,you,gelecek
5793,1497,will enforce,future,he/she,gelecek
5794,1497,will enforce,future,we,gelecek
5795,1497,will enforce,future,you (pl),gelecek
5796,1497,will enforce,future,they,gelecek
5797,1498,abolish,present,I,şimdi
5798,1498,abolish,present,you,şimdi
5799,1498,abolishes,present,he/she,şimdi
5800,1498,abolish,present,we,şimdi
5801,1498,abolish,present,you (pl),şimdi
5802,1498,abolish,present,they,şimdi
5803,1498,abolished,past,I,di
5804,1498,abolished,past,you,di
5805,1498,abolished,past,he/she,di
5806,1498,abolished,past,we,di
5807,1498,abolished,past,you (pl),di
5808,1498,abolished,past,they,di
5809,1498,will abolish,future,I,gelecek
5810,1498,will abolish,future,you,gelecek
5811,1498,will abolish,future,he/she,gelecek
5812,1498,will abolish,future,we,gelecek
5813,1498,will abolish,future,you (pl),gelecek
5814,1498,will abolish,future,they,gelecek
5815,1499,elect,present,I,şimdi
5816,1499,elect,present,you,şimdi
5817,1499,elects,present,he/she,şimdi
5818,1499,elect,present,we,şimdi
5819,1499,elect,present,you (pl),şimdi
5820,1499,elect,present,they,şimdi
5821,1499,elected,past,I,di
5822,1499,elected,past,you,di
5823,1499,elected,past,he/she,di
5824,1499,elected,past,we,di
5825,1499,elected,past,you (pl),di
5826,1499,elected,past,they,di
5827,1499,will elect,future,I,gelecek
5828,1499,will elect,future,you,gelecek
5829,1499,will elect,future,he/she,gelecek
5830,1499,will elect,future,we,gelecek
5831,1499,will elect,future,you (pl),gelecek
5832,1499,will elect,future,they,gelecek
5833,1500,demonstrate,present,I,şimdi
5834,1500,demonstrate,present,you,şimdi
5835,1500,demonstrates,present,he/she,şimdi
5836,1500,demonstrate,present,we,şimdi
5837,1500,demonstrate,present,you (pl),şimdi
5838,1500,demonstrate,present,they,şimdi
5839,1500,demonstrated,past,I,di
5840,1500,demonstrated,past,you,di
5841,1500,demonstrated,past,he/she,di
5842,1500,demonstrated,past,we,di
5843,1500,demonstrated,past,you (pl),di
5844,1500,demonstrated,past,they,di
5845,1500,will demonstrate,future,I,gelecek
5846,1500,will demonstrate,future,you,gelecek
5847,1500,will demonstrate,future,he/she,gelecek
5848,1500,will demonstrate,future,we,gelecek
5849,1500,will demonstrate,future,you (pl),gelecek
5850,1500,will demonstrate,future,they,gelecek
5851,1527,digest,present,I,şimdi
5852,1527,digest,present,you,şimdi
5853,1527,digests,present,he/she,şimdi
5854,1527,digest,present,we,şimdi
5855,1527,digest,present,you (pl),şimdi
5856,1527,digest,present,they,şimdi
5857,1527,digested,past,I,di
5858,1527,digested,past,you,di
5859,1527,digested,past,he/she,di
5860,1527,digested,past,we,di
5861,1527,digested,past,you (pl),di
5862,1527,digested,past,they,di
5863,1527,will digest,future,I,gelecek
5864,1527,will digest,future,you,gelecek
5865,1527,will digest,future,he/she,gelecek
5866,1527,will digest,future,we,gelecek
5867,1527,will digest,future,you (pl),gelecek
5868,1527,will digest,future,they,gelecek
5869,1528,skip a meal,present,I,şimdi
5870,1528,skip a meal,present,you,şimdi
5871,1528,skips a meal,present,he/she,şimdi
5872,1528,skip a meal,present,we,şimdi
5873,1528,skip a meal,present,you (pl),şimdi
5874,1528,skip a meal,present,they,şimdi
5875,1528,skipped a meal,past,I,di
5876,1528,skipped a meal,past,you,di
5877,1528,skipped a meal,past,he/she,di
5878,1528,skipped a meal,past,we,di
5879,1528,skipped a meal,past,you (pl),di
5880,1528,skipped a meal,past,they,di
5881,1528,will skip a meal,future,I,gelecek
5882,1528,will skip a meal,future,you,gelecek
5883,1528,will skip a meal,future,he/she,gelecek
5884,1528,will skip a meal,future,we,gelecek
5885,1528,will skip a meal,future,you (pl),gelecek
5886,1528,will skip a meal,future,they,gelecek
5887,1529,put on weight,present,I,şimdi
5888,1529,put on weight,present,you,şimdi
5889,1529,puts on weight,present,he/she,şimdi
5890,1529,put on weight,present,we,şimdi
5891,1529,put on weight,present,you (pl),şimdi
5892,1529,put on weight,present,they,şimdi
5893,1529,put on weight,past,I,di
5894,1529,put on weight,past,you,di
5895,1529,put on weight,past,he/she,di
5896,1529,put on weight,past,we,di
5897,1529,put on weight,past,you (pl),di
5898,1529,put on weight,past,they,di
5899,1529,will put on weight,future,I,gelecek
5900,1529,will put on weight,future,you,gelecek
5901,1529,will put on weight,future,he/she,gelecek
5902,1529,will put on weight,future,we,gelecek
5903,1529,will put on weight,future,you (pl),gelecek
5904,1529,will put on weight,future,they,gelecek
5905,1530,lose weight,present,I,şimdi
5906,1530,lose weight,present,you,şimdi
5907,1530,loses weight,present,he/she,şimdi
5908,1530,lose weight,present,we,şimdi
5909,1530,lose weight,present,you (pl),şimdi
5910,1530,lose weight,present,they,şimdi
5911,1530,lost weight,past,I,di
5912,1530,lost weight,past,you,di
5913,1530,lost weight,past,he/she,di
5914,1530,lost weight,past,we,di
5915,1530,lost weight,past,you (pl),di
5916,1530,lost weight,past,they,di
5917,1530,will lose weight,future,I,gelecek
5918,1530,will lose weight,future,you,gelecek
5919,1530,will lose weight,future,he/she,gelecek
5920,1530,will lose weight,future,we,gelecek
5921,1530,will lose weight,future,you (pl),gelecek
5922,1530,will lose weight,future,they,gelecek
5923,1546,recall,present,I,şimdi
5924,1546,recall,present,you,şimdi
5925,1546,recalls,present,he/she,şimdi
5926,1546,recall,present,we,şimdi
5927,1546,recall,present,you (pl),şimdi
5928,1546,recall,present,they,şimdi
5929,1546,recalled,past,I,di
5930,1546,recalled,past,you,di
5931,1546,recalled,past,he/she,di
5932,1546,recalled,past,we,di
5933,1546,recalled,past,you (pl),di
5934,1546,recalled,past,they,di
5935,1546,will recall,future,I,gelecek
5936,1546,will recall,future,you,gelecek
5937,1546,will recall,future,he/she,gelecek
5938,1546,will recall,future,we,gelecek
5939,1546,will recall,future,you (pl),gelecek
5940,1546,will recall,future,they,gelecek
5941,1547,remind,present,I,şimdi
5942,1547,remind,present,you,şimdi
5943,1547,reminds,present,he/she,şimdi
5944,1547,remind,present,we,şimdi
5945,1547,remind,present,you (pl),şimdi
5946,1547,remind,present,they,şimdi
5947,1547,reminded,past,I,di
5948,1547,reminded,past,you,di
5949,1547,reminded,past,he/she,di
5950,1547,reminded,past,we,di
5951,1547,reminded,past,you (pl),di
5952,1547,reminded,past,they,di
5953,1547,will remind,future,I,gelecek
5954,1547,will remind,future,you,gelecek
5955,1547,will remind,future,he/she,gelecek
5956,1547,will remind,future,we,gelecek
5957,1547,will remind,future,you (pl),gelecek
5958,1547,will remind,future,they,gelecek
5959,1548,distract,present,I,şimdi
5960,1548,distract,present,you,şimdi
5961,1548,distracts,present,he/she,şimdi
5962,1548,distract,present,we,şimdi
5963,1548,distract,present,you (pl),şimdi
5964,1548,distract,present,they,şimdi
5965,1548,distracted,past,I,di
5966,1548,distracted,past,you,di
5967,1548,distracted,past,he/she,di
5968,1548,distracted,past,we,di
5969,1548,distracted,past,you (pl),di
5970,1548,distracted,past,they,di
5971,1548,will distract,future,I,gelecek
5972,1548,will distract,future,you,gelecek
5973,1548,will distract,future,he/she,gelecek
5974,1548,will distract,future,we,gelecek
5975,1548,will distract,future,you (pl),gelecek
5976,1548,will distract,future,they,gelecek
5977,1549,focus,present,I,şimdi
5978,1549,focus,present,you,şimdi
5979,1549,focuses,present,he/she,şimdi
5980,1549,focus,present,we,şimdi
5981,1549,focus,present,you (pl),şimdi
5982,1549,focus,present,they,şimdi
5983,1549,focused,past,I,di
5984,1549,focused,past,you,di
5985,1549,focused,past,he/she,di
5986,1549,focused,past,we,di
5987,1549,focused,past,you (pl),di
5988,1549,focused,past,they,di
5989,1549,will focus,future,I,gelecek
5990,1549,will focus,future,you,gelecek
5991,1549,will focus,future,he/she,gelecek
5992,1549,will focus,future,we,gelecek
5993,1549,will focus,future,you (pl),gelecek
5994,1549,will focus,future,they,gelecek
5995,1550,cope with,present,I,şimdi
5996,1550,cope with,present,you,şimdi
5997,1550,copes with,present,he/she,şimdi
5998,1550,cope with,present,we,şimdi
5999,1550,cope with,present,you (pl),şimdi
6000,1550,cope with,present,they,şimdi
6001,1550,coped with,past,I,di
6002,1550,coped with,past,you,di
6003,1550,coped with,past,he/she,di
6004,1550,coped with,past,we,di
6005,1550,coped with,past,you (pl),di
6006,1550,coped with,past,they,di
6007,1550,will cope with,future,I,gelecek
6008,1550,will cope with,future,you,gelecek
6009,1550,will cope with,future,he/she,gelecek
6010,1550,will cope with,future,we,gelecek
6011,1550,will cope with,future,you (pl),gelecek
6012,1550,will cope with,future,they,gelecek
6013,1551,bottle up,present,I,şimdi
6014,1551,bottle up,present,you,şimdi
6015,1551,bottles up,present,he/she,şimdi
6016,1551,bottle up,present,we,şimdi
6017,1551,bottle up,present,you (pl),şimdi
6018,1551,bottle up,present,they,şimdi
6019,1551,bottled up,past,I,di
6020,1551,bottled up,past,you,di
6021,1551,bottled up,past,he/she,di
6022,1551,bottled up,past,we,di
6023,1551,bottled up,past,you (pl),di
6024,1551,bottled up,past,they,di
6025,1551,will bottle up,future,I,gelecek
6026,1551,will bottle up,future,you,gelecek
6027,1551,will bottle up,future,he/she,gelecek
6028,1551,will bottle up,future,we,gelecek
6029,1551,will bottle up,future,you (pl),gelecek
6030,1551,will bottle up,future,they,gelecek
6031,1552,cheer up,present,I,şimdi
6032,1552,cheer up,present,you,şimdi
6033,1552,cheers up,present,he/she,şimdi
6034,1552,cheer up,present,we,şimdi
6035,1552,cheer up,present,you (pl),şimdi
6036,1552,cheer up,present,they,şimdi
6037,1552,cheered up,past,I,di
6038,1552,cheered up,past,you,di
6039,1552,cheered up,past,he/she,di
6040,1552,cheered up,past,we,di
6041,1552,cheered up,past,you (pl),di
6042,1552,cheered up,past,they,di
6043,1552,will cheer up,future,I,gelecek
6044,1552,will cheer up,future,you,gelecek
6045,1552,will cheer up,future,he/she,gelecek
6046,1552,will cheer up,future,we,gelecek
6047,1552,will cheer up,future,you (pl),gelecek
6048,1552,will cheer up,future,they,gelecek
6049,1553,calm down,present,I,şimdi
6050,1553,calm down,present,you,şimdi
6051,1553,calms down,present,he/she,şimdi
6052,1553,calm down,present,we,şimdi
6053,1553,calm down,present,you (pl),şimdi
6054,1553,calm down,present,they,şimdi
6055,1553,calmed down,past,I,di
6056,1553,calmed down,past,you,di
6057,1553,calmed down,past,he/she,di
6058,1553,calmed down,past,we,di
6059,1553,calmed down,past,you (pl),di
6060,1553,calmed down,past,they,di
6061,1553,will calm down,future,I,gelecek
6062,1553,will calm down,future,you,gelecek
6063,1553,will calm down,future,he/she,gelecek
6064,1553,will calm down,future,we,gelecek
6065,1553,will calm down,future,you (pl),gelecek
6066,1553,will calm down,future,they,gelecek
6067,1571,get across,present,I,şimdi
6068,1571,get across,present,you,şimdi
6069,1571,gets across,present,he/she,şimdi
6070,1571,get across,present,we,şimdi
6071,1571,get across,present,you (pl),şimdi
6072,1571,get across,present,they,şimdi
6073,1571,got across,past,I,di
6074,1571,got across,past,you,di
6075,1571,got across,past,he/she,di
6076,1571,got across,past,we,di
6077,1571,got across,past,you (pl),di
6078,1571,got across,past,they,di
6079,1571,will get across,future,I,gelecek
6080,1571,will get across,future,you,gelecek
6081,1571,will get across,future,he/she,gelecek
6082,1571,will get across,future,we,gelecek
6083,1571,will get across,future,you (pl),gelecek
6084,1571,will get across,future,they,gelecek
6085,1572,sum up,present,I,şimdi
6086,1572,sum up,present,you,şimdi
6087,1572,sums up,present,he/she,şimdi
6088,1572,sum up,present,we,şimdi
6089,1572,sum up,present,you (pl),şimdi
6090,1572,sum up,present,they,şimdi
6091,1572,summed up,past,I,di
6092,1572,summed up,past,you,di
6093,1572,summed up,past,he/she,di
6094,1572,summed up,past,we,di
6095,1572,summed up,past,you (pl),di
6096,1572,summed up,past,they,di
6097,1572,will sum up,future,I,gelecek
6098,1572,will sum up,future,you,gelecek
6099,1572,will sum up,future,he/she,gelecek
6100,1572,will sum up,future,we,gelecek
6101,1572,will sum up,future,you (pl),gelecek
6102,1572,will sum up,future,they,gelecek
6103,1573,point out,present,I,şimdi
6104,1573,point out,present,you,şimdi
6105,1573,points out,present,he/she,şimdi
6106,1573,point out,present,we,şimdi
6107,1573,point out,present,you (pl),şimdi
6108,1573,point out,present,they,şimdi
6109,1573,pointed out,past,I,di
6110,1573,pointed out,past,you,di
6111,1573,pointed out,past,he/she,di
6112,1573,pointed out,past,we,di
6113,1573,pointed out,past,you (pl),di
6114,1573,pointed out,past,they,di
6115,1573,will point out,future,I,gelecek
6116,1573,will point out,future,you,gelecek
6117,1573,will point out,future,he/she,gelecek
6118,1573,will point out,future,we,gelecek
6119,1573,will point out,future,you (pl),gelecek
6120,1573,will point out,future,they,gelecek
6121,1574,bring up,present,I,şimdi
6122,1574,bring up,present,you,şimdi
6123,1574,brings up,present,he/she,şimdi
6124,1574,bring up,present,we,şimdi
6125,1574,bring up,present,you (pl),şimdi
6126,1574,bring up,present,they,şimdi
6127,1574,brought up,past,I,di
6128,1574,brought up,past,you,di
6129,1574,brought up,past,he/she,di
6130,1574,brought up,past,we,di
6131,1574,brought up,past,you (pl),di
6132,1574,brought up,past,they,di
6133,1574,will bring up,future,I,gelecek
6134,1574,will bring up,future,you,gelecek
6135,1574,will bring up,future,he/she,gelecek
6136,1574,will bring up,future,we,gelecek
6137,1574,will bring up,future,you (pl),gelecek
6138,1574,will bring up,future,they,gelecek
6139,1575,make sense,present,I,şimdi
6140,1575,make sense,present,you,şimdi
6141,1575,makes sense,present,he/she,şimdi
6142,1575,make sense,present,we,şimdi
6143,1575,make sense,present,you (pl),şimdi
6144,1575,make sense,present,they,şimdi
6145,1575,made sense,past,I,di
6146,1575,made sense,past,you,di
6147,1575,made sense,past,he/she,di
6148,1575,made sense,past,we,di
6149,1575,made sense,past,you (pl),di
6150,1575,made sense,past,they,di
6151,1575,will make sense,future,I,gelecek
6152,1575,will make sense,future,you,gelecek
6153,1575,will make sense,future,he/she,gelecek
6154,1575,will make sense,future,we,gelecek
6155,1575,will make sense,future,you (pl),gelecek
6156,1575,will make sense,future,they,gelecek
6157,1576,miss the point,present,I,şimdi
6158,1576,miss the point,present,you,şimdi
6159,1576,misses the point,present,he/she,şimdi
6160,1576,miss the point,present,we,şimdi
6161,1576,miss the point,present,you (pl),şimdi
6162,1576,miss the point,present,they,şimdi
6163,1576,missed the point,past,I,di
6164,1576,missed the point,past,you,di
6165,1576,missed the point,past,he/she,di
6166,1576,missed the point,past,we,di
6167,1576,missed the point,past,you (pl),di
6168,1576,missed the point,past,they,di
6169,1576,will miss the point,future,I,gelecek
6170,1576,will miss the point,future,you,gelecek
6171,1576,will miss the point,future,he/she,gelecek
6172,1576,will miss the point,future,we,gelecek
6173,1576,will miss the point,future,you (pl),gelecek
6174,1576,will miss the point,future,they,gelecek
6175,1595,convey,present,I,şimdi
6176,1595,convey,present,you,şimdi
6177,1595,conveys,present,he/she,şimdi
6178,1595,convey,present,we,şimdi
6179,1595,convey,present,you (pl),şimdi
6180,1595,convey,present,they,şimdi
6181,1595,conveyed,past,I,di
6182,1595,conveyed,past,you,di
6183,1595,conveyed,past,he/she,di
6184,1595,conveyed,past,we,di
6185,1595,conveyed,past,you (pl),di
6186,1595,conveyed,past,they,di
6187,1595,will convey,future,I,gelecek
6188,1595,will convey,future,you,gelecek
6189,1595,will convey,future,he/she,gelecek
6190,1595,will convey,future,we,gelecek
6191,1595,will convey,future,you (pl),gelecek
6192,1595,will convey,future,they,gelecek
6193,1596,imply,present,I,şimdi
6194,1596,imply,present,you,şimdi
6195,1596,implies,present,he/she,şimdi
6196,1596,imply,present,we,şimdi
6197,1596,imply,present,you (pl),şimdi
6198,1596,imply,present,they,şimdi
6199,1596,implied,past,I,di
6200,1596,implied,past,you,di
6201,1596,implied,past,he/she,di
6202,1596,implied,past,we,di
6203,1596,implied,past,you (pl),di
6204,1596,implied,past,they,di
6205,1596,will imply,future,I,gelecek
6206,1596,will imply,future,you,gelecek
6207,1596,will imply,future,he/she,gelecek
6208,1596,will imply,future,we,gelecek
6209,1596,will imply,future,you (pl),gelecek
6210,1596,will imply,future,they,gelecek
6211,1597,infer,present,I,şimdi
6212,1597,infer,present,you,şimdi
6213,1597,infers,present,he/she,şimdi
6214,1597,infer,present,we,şimdi
6215,1597,infer,present,you (pl),şimdi
6216,1597,infer,present,they,şimdi
6217,1597,infered,past,I,di
6218,1597,infered,past,you,di
6219,1597,infered,past,he/she,di
6220,1597,infered,past,we,di
6221,1597,infered,past,you (pl),di
6222,1597,infered,past,they,di
6223,1597,will infer,future,I,gelecek
6224,1597,will infer,future,you,gelecek
6225,1597,will infer,future,he/she,gelecek
6226,1597,will infer,future,we,gelecek
6227,1597,will infer,future,you (pl),gelecek
6228,1597,will infer,future,they,gelecek
6229,1598,assert,present,I,şimdi
6230,1598,assert,present,you,şimdi
6231,1598,asserts,present,he/she,şimdi
6232,1598,assert,present,we,şimdi
6233,1598,assert,present,you (pl),şimdi
6234,1598,assert,present,they,şimdi
6235,1598,asserted,past,I,di
6236,1598,asserted,past,you,di
6237,1598,asserted,past,he/she,di
6238,1598,asserted,past,we,di
6239,1598,asserted,past,you (pl),di
6240,1598,asserted,past,they,di
6241,1598,will assert,future,I,gelecek
6242,1598,will assert,future,you,gelecek
6243,1598,will assert,future,he/she,gelecek
6244,1598,will assert,future,we,gelecek
6245,1598,will assert,future,you (pl),gelecek
6246,1598,will assert,future,they,gelecek
6247,1599,concede,present,I,şimdi
6248,1599,concede,present,you,şimdi
6249,1599,concedes,present,he/she,şimdi
6250,1599,concede,present,we,şimdi
6251,1599,concede,present,you (pl),şimdi
6252,1599,concede,present,they,şimdi
6253,1599,conceded,past,I,di
6254,1599,conceded,past,you,di
6255,1599,conceded,past,he/she,di
6256,1599,conceded,past,we,di
6257,1599,conceded,past,you (pl),di
6258,1599,conceded,past,they,di
6259,1599,will concede,future,I,gelecek
6260,1599,will concede,future,you,gelecek
6261,1599,will concede,future,he/she,gelecek
6262,1599,will concede,future,we,gelecek
6263,1599,will concede,future,you (pl),gelecek
6264,1599,will concede,future,they,gelecek
6265,1600,refute,present,I,şimdi
6266,1600,refute,present,you,şimdi
6267,1600,refutes,present,he/she,şimdi
6268,1600,refute,present,we,şimdi
6269,1600,refute,present,you (pl),şimdi
6270,1600,refute,present,they,şimdi
6271,1600,refuted,past,I,di
6272,1600,refuted,past,you,di
6273,1600,refuted,past,he/she,di
6274,1600,refuted,past,we,di
6275,1600,refuted,past,you (pl),di
6276,1600,refuted,past,they,di
6277,1600,will refute,future,I,gelecek
6278,1600,will refute,future,you,gelecek
6279,1600,will refute,future,he/she,gelecek
6280,1600,will refute,future,we,gelecek
6281,1600,will refute,future,you (pl),gelecek
6282,1600,will refute,future,they,gelecek
6283,1601,articulate,present,I,şimdi
6284,1601,articulate,present,you,şimdi
6285,1601,articulates,present,he/she,şimdi
6286,1601,articulate,present,we,şimdi
6287,1601,articulate,present,you (pl),şimdi
6288,1601,articulate,present,they,şimdi
6289,1601,articulated,past,I,di
6290,1601,articulated,past,you,di
6291,1601,articulated,past,he/she,di
6292,1601,articulated,past,we,di
6293,1601,articulated,past,you (pl),di
6294,1601,articulated,past,they,di
6295,1601,will articulate,future,I,gelecek
6296,1601,will articulate,future,you,gelecek
6297,1601,will articulate,future,he/she,gelecek
6298,1601,will articulate,future,we,gelecek
6299,1601,will articulate,future,you (pl),gelecek
6300,1601,will articulate,future,they,gelecek
6301,1602,underscore,present,I,şimdi
6302,1602,underscore,present,you,şimdi
6303,1602,underscores,present,he/she,şimdi
6304,1602,underscore,present,we,şimdi
6305,1602,underscore,present,you (pl),şimdi
6306,1602,underscore,present,they,şimdi
6307,1602,underscored,past,I,di
6308,1602,underscored,past,you,di
6309,1602,underscored,past,he/she,di
6310,1602,underscored,past,we,di
6311,1602,underscored,past,you (pl),di
6312,1602,underscored,past,they,di
6313,1602,will underscore,future,I,gelecek
6314,1602,will underscore,future,you,gelecek
6315,1602,will underscore,future,he/she,gelecek
6316,1602,will underscore,future,we,gelecek
6317,1602,will underscore,future,you (pl),gelecek
6318,1602,will underscore,future,they,gelecek
6319,1621,relocate,present,I,şimdi
6320,1621,relocate,present,you,şimdi
6321,1621,relocates,present,he/she,şimdi
6322,1621,relocate,present,we,şimdi
6323,1621,relocate,present,you (pl),şimdi
6324,1621,relocate,present,they,şimdi
6325,1621,relocated,past,I,di
6326,1621,relocated,past,you,di
6327,1621,relocated,past,he/she,di
6328,1621,relocated,past,we,di
6329,1621,relocated,past,you (pl),di
6330,1621,relocated,past,they,di
6331,1621,will relocate,future,I,gelecek
6332,1621,will relocate,future,you,gelecek
6333,1621,will relocate,future,he/she,gelecek
6334,1621,will relocate,future,we,gelecek
6335,1621,will relocate,future,you (pl),gelecek
6336,1621,will relocate,future,they,gelecek
6337,1622,regenerate,present,I,şimdi
6338,1622,regenerate,present,you,şimdi
6339,1622,regenerates,present,he/she,şimdi
6340,1622,regenerate,present,we,şimdi
6341,1622,regenerate,present,you (pl),şimdi
6342,1622,regenerate,present,they,şimdi
6343,1622,regenerated,past,I,di
6344,1622,regenerated,past,you,di
6345,1622,regenerated,past,he/she,di
6346,1622,regenerated,past,we,di
6347,1622,regenerated,past,you (pl),di
6348,1622,regenerated,past,they,di
6349,1622,will regenerate,future,I,gelecek
6350,1622,will regenerate,future,you,gelecek
6351,1622,will regenerate,future,he/she,gelecek
6352,1622,will regenerate,future,we,gelecek
6353,1622,will regenerate,future,you (pl),gelecek
6354,1622,will regenerate,future,they,gelecek
6355,1623,pedestrianise,present,I,şimdi
6356,1623,pedestrianise,present,you,şimdi
6357,1623,pedestrianises,present,he/she,şimdi
6358,1623,pedestrianise,present,we,şimdi
6359,1623,pedestrianise,present,you (pl),şimdi
6360,1623,pedestrianise,present,they,şimdi
6361,1623,pedestrianised,past,I,di
6362,1623,pedestrianised,past,you,di
6363,1623,pedestrianised,past,he/she,di
6364,1623,pedestrianised,past,we,di
6365,1623,pedestrianised,past,you (pl),di
6366,1623,pedestrianised,past,they,di
6367,1623,will pedestrianise,future,I,gelecek
6368,1623,will pedestrianise,future,you,gelecek
6369,1623,will pedestrianise,future,he/she,gelecek
6370,1623,will pedestrianise,future,we,gelecek
6371,1623,will pedestrianise,future,you (pl),gelecek
6372,1623,will pedestrianise,future,they,gelecek
6373,1624,densify,present,I,şimdi
6374,1624,densify,present,you,şimdi
6375,1624,densifies,present,he/she,şimdi
6376,1624,densify,present,we,şimdi
6377,1624,densify,present,you (pl),şimdi
6378,1624,densify,present,they,şimdi
6379,1624,densified,past,I,di
6380,1624,densified,past,you,di
6381,1624,densified,past,he/she,di
6382,1624,densified,past,we,di
6383,1624,densified,past,you (pl),di
6384,1624,densified,past,they,di
6385,1624,will densify,future,I,gelecek
6386,1624,will densify,future,you,gelecek
6387,1624,will densify,future,he/she,gelecek
6388,1624,will densify,future,we,gelecek
6389,1624,will densify,future,you (pl),gelecek
6390,1624,will densify,future,they,gelecek
6391,1639,monetise,present,I,şimdi
6392,1639,monetise,present,you,şimdi
6393,1639,monetises,present,he/she,şimdi
6394,1639,monetise,present,we,şimdi
6395,1639,monetise,present,you (pl),şimdi
6396,1639,monetise,present,they,şimdi
6397,1639,monetised,past,I,di
6398,1639,monetised,past,you,di
6399,1639,monetised,past,he/she,di
6400,1639,monetised,past,we,di
6401,1639,monetised,past,you (pl),di
6402,1639,monetised,past,they,di
6403,1639,will monetise,future,I,gelecek
6404,1639,will monetise,future,you,gelecek
6405,1639,will monetise,future,he/she,gelecek
6406,1639,will monetise,future,we,gelecek
6407,1639,will monetise,future,you (pl),gelecek
6408,1639,will monetise,future,they,gelecek
6409,1640,harvest data,present,I,şimdi
6410,1640,harvest data,present,you,şimdi
6411,1640,harvests data,present,he/she,şimdi
6412,1640,harvest data,present,we,şimdi
6413,1640,harvest data,present,you (pl),şimdi
6414,1640,harvest data,present,they,şimdi
6415,1640,harvested data,past,I,di
6416,1640,harvested data,past,you,di
6417,1640,harvested data,past,he/she,di
6418,1640,harvested data,past,we,di
6419,1640,harvested data,past,you (pl),di
6420,1640,harvested data,past,they,di
6421,1640,will harvest data,future,I,gelecek
6422,1640,will harvest data,future,you,gelecek
6423,1640,will harvest data,future,he/she,gelecek
6424,1640,will harvest data,future,we,gelecek
6425,1640,will harvest data,future,you (pl),gelecek
6426,1640,will harvest data,future,they,gelecek
6427,1641,opt out,present,I,şimdi
6428,1641,opt out,present,you,şimdi
6429,1641,opts out,present,he/she,şimdi
6430,1641,opt out,present,we,şimdi
6431,1641,opt out,present,you (pl),şimdi
6432,1641,opt out,present,they,şimdi
6433,1641,opted out,past,I,di
6434,1641,opted out,past,you,di
6435,1641,opted out,past,he/she,di
6436,1641,opted out,past,we,di
6437,1641,opted out,past,you (pl),di
6438,1641,opted out,past,they,di
6439,1641,will opt out,future,I,gelecek
6440,1641,will opt out,future,you,gelecek
6441,1641,will opt out,future,he/she,gelecek
6442,1641,will opt out,future,we,gelecek
6443,1641,will opt out,future,you (pl),gelecek
6444,1641,will opt out,future,they,gelecek
6445,1642,encrypt,present,I,şimdi
6446,1642,encrypt,present,you,şimdi
6447,1642,encrypts,present,he/she,şimdi
6448,1642,encrypt,present,we,şimdi
6449,1642,encrypt,present,you (pl),şimdi
6450,1642,encrypt,present,they,şimdi
6451,1642,encrypted,past,I,di
6452,1642,encrypted,past,you,di
6453,1642,encrypted,past,he/she,di
6454,1642,encrypted,past,we,di
6455,1642,encrypted,past,you (pl),di
6456,1642,encrypted,past,they,di
6457,1642,will encrypt,future,I,gelecek
6458,1642,will encrypt,future,you,gelecek
6459,1642,will encrypt,future,he/she,gelecek
6460,1642,will encrypt,future,we,gelecek
6461,1642,will encrypt,future,you (pl),gelecek
6462,1642,will encrypt,future,they,gelecek
6463,1658,redistribute,present,I,şimdi
6464,1658,redistribute,present,you,şimdi
6465,1658,redistributes,present,he/she,şimdi
6466,1658,redistribute,present,we,şimdi
6467,1658,redistribute,present,you (pl),şimdi
6468,1658,redistribute,present,they,şimdi
6469,1658,redistributed,past,I,di
6470,1658,redistributed,past,you,di
6471,1658,redistributed,past,he/she,di
6472,1658,redistributed,past,we,di
6473,1658,redistributed,past,you (pl),di
6474,1658,redistributed,past,they,di
6475,1658,will redistribute,future,I,gelecek
6476,1658,will redistribute,future,you,gelecek
6477,1658,will redistribute,future,he/she,gelecek
6478,1658,will redistribute,future,we,gelecek
6479,1658,will redistribute,future,you (pl),gelecek
6480,1658,will redistribute,future,they,gelecek
6481,1659,empower,present,I,şimdi
6482,1659,empower,present,you,şimdi
6483,1659,empowers,present,he/she,şimdi
6484,1659,empower,present,we,şimdi
6485,1659,empower,present,you (pl),şimdi
6486,1659,empower,present,they,şimdi
6487,1659,empowered,past,I,di
6488,1659,empowered,past,you,di
6489,1659,empowered,past,he/she,di
6490,1659,empowered,past,we,di
6491,1659,empowered,past,you (pl),di
6492,1659,empowered,past,they,di
6493,1659,will empower,future,I,gelecek
6494,1659,will empower,future,you,gelecek
6495,1659,will empower,future,he/she,gelecek
6496,1659,will empower,future,we,gelecek
6497,1659,will empower,future,you (pl),gelecek
6498,1659,will empower,future,they,gelecek
6499,1660,marginalise,present,I,şimdi
6500,1660,marginalise,present,you,şimdi
6501,1660,marginalises,present,he/she,şimdi
6502,1660,marginalise,present,we,şimdi
6503,1660,marginalise,present,you (pl),şimdi
6504,1660,marginalise,present,they,şimdi
6505,1660,marginalised,past,I,di
6506,1660,marginalised,past,you,di
6507,1660,marginalised,past,he/she,di
6508,1660,marginalised,past,we,di
6509,1660,marginalised,past,you (pl),di
6510,1660,marginalised,past,they,di
6511,1660,will marginalise,future,I,gelecek
6512,1660,will marginalise,future,you,gelecek
6513,1660,will marginalise,future,he/she,gelecek
6514,1660,will marginalise,future,we,gelecek
6515,1660,will marginalise,future,you (pl),gelecek
6516,1660,will marginalise,future,they,gelecek
6517,1661,stigmatise,present,I,şimdi
6518,1661,stigmatise,present,you,şimdi
6519,1661,stigmatises,present,he/she,şimdi
6520,1661,stigmatise,present,we,şimdi
6521,1661,stigmatise,present,you (pl),şimdi
6522,1661,stigmatise,present,they,şimdi
6523,1661,stigmatised,past,I,di
6524,1661,stigmatised,past,you,di
6525,1661,stigmatised,past,he/she,di
6526,1661,stigmatised,past,we,di
6527,1661,stigmatised,past,you (pl),di
6528,1661,stigmatised,past,they,di
6529,1661,will stigmatise,future,I,gelecek
6530,1661,will stigmatise,future,you,gelecek
6531,1661,will stigmatise,future,he/she,gelecek
6532,1661,will stigmatise,future,we,gelecek
6533,1661,will stigmatise,future,you (pl),gelecek
6534,1661,will stigmatise,future,they,gelecek
6535,1674,mitigate,present,I,şimdi
6536,1674,mitigate,present,you,şimdi
6537,1674,mitigates,present,he/she,şimdi
6538,1674,mitigate,present,we,şimdi
6539,1674,mitigate,present,you (pl),şimdi
6540,1674,mitigate,present,they,şimdi
6541,1674,mitigated,past,I,di
6542,1674,mitigated,past,you,di
6543,1674,mitigated,past,he/she,di
6544,1674,mitigated,past,we,di
6545,1674,mitigated,past,you (pl),di
6546,1674,mitigated,past,they,di
6547,1674,will mitigate,future,I,gelecek
6548,1674,will mitigate,future,you,gelecek
6549,1674,will mitigate,future,he/she,gelecek
6550,1674,will mitigate,future,we,gelecek
6551,1674,will mitigate,future,you (pl),gelecek
6552,1674,will mitigate,future,they,gelecek
6553,1675,adapt,present,I,şimdi
6554,1675,adapt,present,you,şimdi
6555,1675,adapts,present,he/she,şimdi
6556,1675,adapt,present,we,şimdi
6557,1675,adapt,present,you (pl),şimdi
6558,1675,adapt,present,they,şimdi
6559,1675,adapted,past,I,di
6560,1675,adapted,past,you,di
6561,1675,adapted,past,he/she,di
6562,1675,adapted,past,we,di
6563,1675,adapted,past,you (pl),di
6564,1675,adapted,past,they,di
6565,1675,will adapt,future,I,gelecek
6566,1675,will adapt,future,you,gelecek
6567,1675,will adapt,future,he/she,gelecek
6568,1675,will adapt,future,we,gelecek
6569,1675,will adapt,future,you (pl),gelecek
6570,1675,will adapt,future,they,gelecek
6571,1676,phase out,present,I,şimdi
6572,1676,phase out,present,you,şimdi
6573,1676,phases out,present,he/she,şimdi
6574,1676,phase out,present,we,şimdi
6575,1676,phase out,present,you (pl),şimdi
6576,1676,phase out,present,they,şimdi
6577,1676,phased out,past,I,di
6578,1676,phased out,past,you,di
6579,1676,phased out,past,he/she,di
6580,1676,phased out,past,we,di
6581,1676,phased out,past,you (pl),di
6582,1676,phased out,past,they,di
6583,1676,will phase out,future,I,gelecek
6584,1676,will phase out,future,you,gelecek
6585,1676,will phase out,future,he/she,gelecek
6586,1676,will phase out,future,we,gelecek
6587,1676,will phase out,future,you (pl),gelecek
6588,1676,will phase out,future,they,gelecek
6589,1677,offset,present,I,şimdi
6590,1677,offset,present,you,şimdi
6591,1677,offsets,present,he/she,şimdi
6592,1677,offset,present,we,şimdi
6593,1677,offset,present,you (pl),şimdi
6594,1677,offset,present,they,şimdi
6595,1677,offseted,past,I,di
6596,1677,offseted,past,you,di
6597,1677,offseted,past,he/she,di
6598,1677,offseted,past,we,di
6599,1677,offseted,past,you (pl),di
6600,1677,offseted,past,they,di
6601,1677,will offset,future,I,gelecek
6602,1677,will offset,future,you,gelecek
6603,1677,will offset,future,he/she,gelecek
6604,1677,will offset,future,we,gelecek
6605,1677,will offset,future,you (pl),gelecek
6606,1677,will offset,future,they,gelecek
6607,1691,corroborate,present,I,şimdi
6608,1691,corroborate,present,you,şimdi
6609,1691,corroborates,present,he/she,şimdi
6610,1691,corroborate,present,we,şimdi
6611,1691,corroborate,present,you (pl),şimdi
6612,1691,corroborate,present,they,şimdi
6613,1691,corroborated,past,I,di
6614,1691,corroborated,past,you,di
6615,1691,corroborated,past,he/she,di
6616,1691,corroborated,past,we,di
6617,1691,corroborated,past,you (pl),di
6618,1691,corroborated,past,they,di
6619,1691,will corroborate,future,I,gelecek
6620,1691,will corroborate,future,you,gelecek
6621,1691,will corroborate,future,he/she,gelecek
6622,1691,will corroborate,future,we,gelecek
6623,1691,will corroborate,future,you (pl),gelecek
6624,1691,will corroborate,future,they,gelecek
6625,1692,retract,present,I,şimdi
6626,1692,retract,present,you,şimdi
6627,1692,retracts,present,he/she,şimdi
6628,1692,retract,present,we,şimdi
6629,1692,retract,present,you (pl),şimdi
6630,1692,retract,present,they,şimdi
6631,1692,retracted,past,I,di
6632,1692,retracted,past,you,di
6633,1692,retracted,past,he/she,di
6634,1692,retracted,past,we,di
6635,1692,retracted,past,you (pl),di
6636,1692,retracted,past,they,di
6637,1692,will retract,future,I,gelecek
6638,1692,will retract,future,you,gelecek
6639,1692,will retract,future,he/she,gelecek
6640,1692,will retract,future,we,gelecek
6641,1692,will retract,future,you (pl),gelecek
6642,1692,will retract,future,they,gelecek
6643,1693,sensationalise,present,I,şimdi
6644,1693,sensationalise,present,you,şimdi
6645,1693,sensationalises,present,he/she,şimdi
6646,1693,sensationalise,present,we,şimdi
6647,1693,sensationalise,present,you (pl),şimdi
6648,1693,sensationalise,present,they,şimdi
6649,1693,sensationalised,past,I,di
6650,1693,sensationalised,past,you,di
6651,1693,sensationalised,past,he/she,di
6652,1693,sensationalised,past,we,di
6653,1693,sensationalised,past,you (pl),di
6654,1693,sensationalised,past,they,di
6655,1693,will sensationalise,future,I,gelecek
6656,1693,will sensationalise,future,you,gelecek
6657,1693,will sensationalise,future,he/she,gelecek
6658,1693,will sensationalise,future,we,gelecek
6659,1693,will sensationalise,future,you (pl),gelecek
6660,1693,will sensationalise,future,they,gelecek
6661,1694,fact-check,present,I,şimdi
6662,1694,fact-check,present,you,şimdi
6663,1694,fact-checks,present,he/she,şimdi
6664,1694,fact-check,present,we,şimdi
6665,1694,fact-check,present,you (pl),şimdi
6666,1694,fact-check,present,they,şimdi
6667,1694,fact-checked,past,I,di
6668,1694,fact-checked,past,you,di
6669,1694,fact-checked,past,he/she,di
6670,1694,fact-checked,past,we,di
6671,1694,fact-checked,past,you (pl),di
6672,1694,fact-checked,past,they,di
6673,1694,will fact-check,future,I,gelecek
6674,1694,will fact-check,future,you,gelecek
6675,1694,will fact-check,future,he/she,gelecek
6676,1694,will fact-check,future,we,gelecek
6677,1694,will fact-check,future,you (pl),gelecek
6678,1694,will fact-check,future,they,gelecek
6679,1706,internalise,present,I,şimdi
6680,1706,internalise,present,you,şimdi
6681,1706,internalises,present,he/she,şimdi
6682,1706,internalise,present,we,şimdi
6683,1706,internalise,present,you (pl),şimdi
6684,1706,internalise,present,they,şimdi
6685,1706,internalised,past,I,di
6686,1706,internalised,past,you,di
6687,1706,internalised,past,he/she,di
6688,1706,internalised,past,we,di
6689,1706,internalised,past,you (pl),di
6690,1706,internalised,past,they,di
6691,1706,will internalise,future,I,gelecek
6692,1706,will internalise,future,you,gelecek
6693,1706,will internalise,future,he/she,gelecek
6694,1706,will internalise,future,we,gelecek
6695,1706,will internalise,future,you (pl),gelecek
6696,1706,will internalise,future,they,gelecek
6697,1707,rationalise,present,I,şimdi
6698,1707,rationalise,present,you,şimdi
6699,1707,rationalises,present,he/she,şimdi
6700,1707,rationalise,present,we,şimdi
6701,1707,rationalise,present,you (pl),şimdi
6702,1707,rationalise,present,they,şimdi
6703,1707,rationalised,past,I,di
6704,1707,rationalised,past,you,di
6705,1707,rationalised,past,he/she,di
6706,1707,rationalised,past,we,di
6707,1707,rationalised,past,you (pl),di
6708,1707,rationalised,past,they,di
6709,1707,will rationalise,future,I,gelecek
6710,1707,will rationalise,future,you,gelecek
6711,1707,will rationalise,future,he/she,gelecek
6712,1707,will rationalise,future,we,gelecek
6713,1707,will rationalise,future,you (pl),gelecek
6714,1707,will rationalise,future,they,gelecek
6715,1708,procrastinate,present,I,şimdi
6716,1708,procrastinate,present,you,şimdi
6717,1708,procrastinates,present,he/she,şimdi
6718,1708,procrastinate,present,we,şimdi
6719,1708,procrastinate,present,you (pl),şimdi
6720,1708,procrastinate,present,they,şimdi
6721,1708,procrastinated,past,I,di
6722,1708,procrastinated,past,you,di
6723,1708,procrastinated,past,he/she,di
6724,1708,procrastinated,past,we,di
6725,1708,procrastinated,past,you (pl),di
6726,1708,procrastinated,past,they,di
6727,1708,will procrastinate,future,I,gelecek
6728,1708,will procrastinate,future,you,gelecek
6729,1708,will procrastinate,future,he/she,gelecek
6730,1708,will procrastinate,future,we,gelecek
6731,1708,will procrastinate,future,you (pl),gelecek
6732,1708,will procrastinate,future,they,gelecek
6733,1709,catastrophise,present,I,şimdi
6734,1709,catastrophise,present,you,şimdi
6735,1709,catastrophises,present,he/she,şimdi
6736,1709,catastrophise,present,we,şimdi
6737,1709,catastrophise,present,you (pl),şimdi
6738,1709,catastrophise,present,they,şimdi
6739,1709,catastrophised,past,I,di
6740,1709,catastrophised,past,you,di
6741,1709,catastrophised,past,he/she,di
6742,1709,catastrophised,past,we,di
6743,1709,catastrophised,past,you (pl),di
6744,1709,catastrophised,past,they,di
6745,1709,will catastrophise,future,I,gelecek
6746,1709,will catastrophise,future,you,gelecek
6747,1709,will catastrophise,future,he/she,gelecek
6748,1709,will catastrophise,future,we,gelecek
6749,1709,will catastrophise,future,you (pl),gelecek
6750,1709,will catastrophise,future,they,gelecek
6751,1722,escalate,present,I,şimdi
6752,1722,escalate,present,you,şimdi
6753,1722,escalates,present,he/she,şimdi
6754,1722,escalate,present,we,şimdi
6755,1722,escalate,present,you (pl),şimdi
6756,1722,escalate,present,they,şimdi
6757,1722,escalated,past,I,di
6758,1722,escalated,past,you,di
6759,1722,escalated,past,he/she,di
6760,1722,escalated,past,we,di
6761,1722,escalated,past,you (pl),di
6762,1722,escalated,past,they,di
6763,1722,will escalate,future,I,gelecek
6764,1722,will escalate,future,you,gelecek
6765,1722,will escalate,future,he/she,gelecek
6766,1722,will escalate,future,we,gelecek
6767,1722,will escalate,future,you (pl),gelecek
6768,1722,will escalate,future,they,gelecek
6769,1723,de-escalate,present,I,şimdi
6770,1723,de-escalate,present,you,şimdi
6771,1723,de-escalates,present,he/she,şimdi
6772,1723,de-escalate,present,we,şimdi
6773,1723,de-escalate,present,you (pl),şimdi
6774,1723,de-escalate,present,they,şimdi
6775,1723,de-escalated,past,I,di
6776,1723,de-escalated,past,you,di
6777,1723,de-escalated,past,he/she,di
6778,1723,de-escalated,past,we,di
6779,1723,de-escalated,past,you (pl),di
6780,1723,de-escalated,past,they,di
6781,1723,will de-escalate,future,I,gelecek
6782,1723,will de-escalate,future,you,gelecek
6783,1723,will de-escalate,future,he/she,gelecek
6784,1723,will de-escalate,future,we,gelecek
6785,1723,will de-escalate,future,you (pl),gelecek
6786,1723,will de-escalate,future,they,gelecek
6787,1724,broker,present,I,şimdi
6788,1724,broker,present,you,şimdi
6789,1724,brokers,present,he/she,şimdi
6790,1724,broker,present,we,şimdi
6791,1724,broker,present,you (pl),şimdi
6792,1724,broker,present,they,şimdi
6793,1724,brokered,past,I,di
6794,1724,brokered,past,you,di
6795,1724,brokered,past,he/she,di
6796,1724,brokered,past,we,di
6797,1724,brokered,past,you (pl),di
6798,1724,brokered,past,they,di
6799,1724,will broker,future,I,gelecek
6800,1724,will broker,future,you,gelecek
6801,1724,will broker,future,he/she,gelecek
6802,1724,will broker,future,we,gelecek
6803,1724,will broker,future,you (pl),gelecek
6804,1724,will broker,future,they,gelecek
6805,1725,annex,present,I,şimdi
6806,1725,annex,present,you,şimdi
6807,1725,annexes,present,he/she,şimdi
6808,1725,annex,present,we,şimdi
6809,1725,annex,present,you (pl),şimdi
6810,1725,annex,present,they,şimdi
6811,1725,annexed,past,I,di
6812,1725,annexed,past,you,di
6813,1725,annexed,past,he/she,di
6814,1725,annexed,past,we,di
6815,1725,annexed,past,you (pl),di
6816,1725,annexed,past,they,di
6817,1725,will annex,future,I,gelecek
6818,1725,will annex,future,you,gelecek
6819,1725,will annex,future,he/she,gelecek
6820,1725,will annex,future,we,gelecek
6821,1725,will annex,future,you (pl),gelecek
6822,1725,will annex,future,they,gelecek
6823,1738,curate,present,I,şimdi
6824,1738,curate,present,you,şimdi
6825,1738,curates,present,he/she,şimdi
6826,1738,curate,present,we,şimdi
6827,1738,curate,present,you (pl),şimdi
6828,1738,curate,present,they,şimdi
6829,1738,curated,past,I,di
6830,1738,curated,past,you,di
6831,1738,curated,past,he/she,di
6832,1738,curated,past,we,di
6833,1738,curated,past,you (pl),di
6834,1738,curated,past,they,di
6835,1738,will curate,future,I,gelecek
6836,1738,will curate,future,you,gelecek
6837,1738,will curate,future,he/she,gelecek
6838,1738,will curate,future,we,gelecek
6839,1738,will curate,future,you (pl),gelecek
6840,1738,will curate,future,they,gelecek
6841,1739,subvert,present,I,şimdi
6842,1739,subvert,present,you,şimdi
6843,1739,subverts,present,he/she,şimdi
6844,1739,subvert,present,we,şimdi
6845,1739,subvert,present,you (pl),şimdi
6846,1739,subvert,present,they,şimdi
6847,1739,subverted,past,I,di
6848,1739,subverted,past,you,di
6849,1739,subverted,past,he/she,di
6850,1739,subverted,past,we,di
6851,1739,subverted,past,you (pl),di
6852,1739,subverted,past,they,di
6853,1739,will subvert,future,I,gelecek
6854,1739,will subvert,future,you,gelecek
6855,1739,will subvert,future,he/she,gelecek
6856,1739,will subvert,future,we,gelecek
6857,1739,will subvert,future,you (pl),gelecek
6858,1739,will subvert,future,they,gelecek
6859,1740,evoke,present,I,şimdi
6860,1740,evoke,present,you,şimdi
6861,1740,evokes,present,he/she,şimdi
6862,1740,evoke,present,we,şimdi
6863,1740,evoke,present,you (pl),şimdi
6864,1740,evoke,present,they,şimdi
6865,1740,evoked,past,I,di
6866,1740,evoked,past,you,di
6867,1740,evoked,past,he/she,di
6868,1740,evoked,past,we,di
6869,1740,evoked,past,you (pl),di
6870,1740,evoked,past,they,di
6871,1740,will evoke,future,I,gelecek
6872,1740,will evoke,future,you,gelecek
6873,1740,will evoke,future,he/she,gelecek
6874,1740,will evoke,future,we,gelecek
6875,1740,will evoke,future,you (pl),gelecek
6876,1740,will evoke,future,they,gelecek
6877,1741,resonate,present,I,şimdi
6878,1741,resonate,present,you,şimdi
6879,1741,resonates,present,he/she,şimdi
6880,1741,resonate,present,we,şimdi
6881,1741,resonate,present,you (pl),şimdi
6882,1741,resonate,present,they,şimdi
6883,1741,resonated,past,I,di
6884,1741,resonated,past,you,di
6885,1741,resonated,past,he/she,di
6886,1741,resonated,past,we,di
6887,1741,resonated,past,you (pl),di
6888,1741,resonated,past,they,di
6889,1741,will resonate,future,I,gelecek
6890,1741,will resonate,future,you,gelecek
6891,1741,will resonate,future,he/she,gelecek
6892,1741,will resonate,future,we,gelecek
6893,1741,will resonate,future,you (pl),gelecek
6894,1741,will resonate,future,they,gelecek
6895,1754,hedge,present,I,şimdi
6896,1754,hedge,present,you,şimdi
6897,1754,hedges,present,he/she,şimdi
6898,1754,hedge,present,we,şimdi
6899,1754,hedge,present,you (pl),şimdi
6900,1754,hedge,present,they,şimdi
6901,1754,hedged,past,I,di
6902,1754,hedged,past,you,di
6903,1754,hedged,past,he/she,di
6904,1754,hedged,past,we,di
6905,1754,hedged,past,you (pl),di
6906,1754,hedged,past,they,di
6907,1754,will hedge,future,I,gelecek
6908,1754,will hedge,future,you,gelecek
6909,1754,will hedge,future,he/she,gelecek
6910,1754,will hedge,future,we,gelecek
6911,1754,will hedge,future,you (pl),gelecek
6912,1754,will hedge,future,they,gelecek
6913,1760,equivocate,present,I,şimdi
6914,1760,equivocate,present,you,şimdi
6915,1760,equivocates,present,he/she,şimdi
6916,1760,equivocate,present,we,şimdi
6917,1760,equivocate,present,you (pl),şimdi
6918,1760,equivocate,present,they,şimdi
6919,1760,equivocated,past,I,di
6920,1760,equivocated,past,you,di
6921,1760,equivocated,past,he/she,di
6922,1760,equivocated,past,we,di
6923,1760,equivocated,past,you (pl),di
6924,1760,equivocated,past,they,di
6925,1760,will equivocate,future,I,gelecek
6926,1760,will equivocate,future,you,gelecek
6927,1760,will equivocate,future,he/she,gelecek
6928,1760,will equivocate,future,we,gelecek
6929,1760,will equivocate,future,you (pl),gelecek
6930,1760,will equivocate,future,they,gelecek
6931,1761,obfuscate,present,I,şimdi
6932,1761,obfuscate,present,you,şimdi
6933,1761,obfuscates,present,he/she,şimdi
6934,1761,obfuscate,present,we,şimdi
6935,1761,obfuscate,present,you (pl),şimdi
6936,1761,obfuscate,present,they,şimdi
6937,1761,obfuscated,past,I,di
6938,1761,obfuscated,past,you,di
6939,1761,obfuscated,past,he/she,di
6940,1761,obfuscated,past,we,di
6941,1761,obfuscated,past,you (pl),di
6942,1761,obfuscated,past,they,di
6943,1761,will obfuscate,future,I,gelecek
6944,1761,will obfuscate,future,you,gelecek
6945,1761,will obfuscate,future,he/she,gelecek
6946,1761,will obfuscate,future,we,gelecek
6947,1761,will obfuscate,future,you (pl),gelecek
6948,1761,will obfuscate,future,they,gelecek
6949,1762,elide,present,I,şimdi
6950,1762,elide,present,you,şimdi
6951,1762,elides,present,he/she,şimdi
6952,1762,elide,present,we,şimdi
6953,1762,elide,present,you (pl),şimdi
6954,1762,elide,present,they,şimdi
6955,1762,elided,past,I,di
6956,1762,elided,past,you,di
6957,1762,elided,past,he/she,di
6958,1762,elided,past,we,di
6959,1762,elided,past,you (pl),di
6960,1762,elided,past,they,di
6961,1762,will elide,future,I,gelecek
6962,1762,will elide,future,you,gelecek
6963,1762,will elide,future,he/she,gelecek
6964,1762,will elide,future,we,gelecek
6965,1762,will elide,future,you (pl),gelecek
6966,1762,will elide,future,they,gelecek
6967,1763,posit,present,I,şimdi
6968,1763,posit,present,you,şimdi
6969,1763,posits,present,he/she,şimdi
6970,1763,posit,present,we,şimdi
6971,1763,posit,present,you (pl),şimdi
6972,1763,posit,present,they,şimdi
6973,1763,posited,past,I,di
6974,1763,posited,past,you,di
6975,1763,posited,past,he/she,di
6976,1763,posited,past,we,di
6977,1763,posited,past,you (pl),di
6978,1763,posited,past,they,di
6979,1763,will posit,future,I,gelecek
6980,1763,will posit,future,you,gelecek
6981,1763,will posit,future,he/she,gelecek
6982,1763,will posit,future,we,gelecek
6983,1763,will posit,future,you (pl),gelecek
6984,1763,will posit,future,they,gelecek
6985,1764,adumbrate,present,I,şimdi
6986,1764,adumbrate,present,you,şimdi
6987,1764,adumbrates,present,he/she,şimdi
6988,1764,adumbrate,present,we,şimdi
6989,1764,adumbrate,present,you (pl),şimdi
6990,1764,adumbrate,present,they,şimdi
6991,1764,adumbrated,past,I,di
6992,1764,adumbrated,past,you,di
6993,1764,adumbrated,past,he/she,di
6994,1764,adumbrated,past,we,di
6995,1764,adumbrated,past,you (pl),di
6996,1764,adumbrated,past,they,di
6997,1764,will adumbrate,future,I,gelecek
6998,1764,will adumbrate,future,you,gelecek
6999,1764,will adumbrate,future,he/she,gelecek
7000,1764,will adumbrate,future,we,gelecek
7001,1764,will adumbrate,future,you (pl),gelecek
7002,1764,will adumbrate,future,they,gelecek
7003,1765,parse,present,I,şimdi
7004,1765,parse,present,you,şimdi
7005,1765,parses,present,he/she,şimdi
7006,1765,parse,present,we,şimdi
7007,1765,parse,present,you (pl),şimdi
7008,1765,parse,present,they,şimdi
7009,1765,parsed,past,I,di
7010,1765,parsed,past,you,di
7011,1765,parsed,past,he/she,di
7012,1765,parsed,past,we,di
7013,1765,parsed,past,you (pl),di
7014,1765,parsed,past,they,di
7015,1765,will parse,future,I,gelecek
7016,1765,will parse,future,you,gelecek
7017,1765,will parse,future,he/she,gelecek
7018,1765,will parse,future,we,gelecek
7019,1765,will parse,future,you (pl),gelecek
7020,1765,will parse,future,they,gelecek
7021,1784,unwind,present,I,şimdi
7022,1784,unwind,present,you,şimdi
7023,1784,unwinds,present,he/she,şimdi
7024,1784,unwind,present,we,şimdi
7025,1784,unwind,present,you (pl),şimdi
7026,1784,unwind,present,they,şimdi
7027,1784,unwinded,past,I,di
7028,1784,unwinded,past,you,di
7029,1784,unwinded,past,he/she,di
7030,1784,unwinded,past,we,di
7031,1784,unwinded,past,you (pl),di
7032,1784,unwinded,past,they,di
7033,1784,will unwind,future,I,gelecek
7034,1784,will unwind,future,you,gelecek
7035,1784,will unwind,future,he/she,gelecek
7036,1784,will unwind,future,we,gelecek
7037,1784,will unwind,future,you (pl),gelecek
7038,1784,will unwind,future,they,gelecek
7039,1785,front-run,present,I,şimdi
7040,1785,front-run,present,you,şimdi
7041,1785,front-runs,present,he/she,şimdi
7042,1785,front-run,present,we,şimdi
7043,1785,front-run,present,you (pl),şimdi
7044,1785,front-run,present,they,şimdi
7045,1785,front-runed,past,I,di
7046,1785,front-runed,past,you,di
7047,1785,front-runed,past,he/she,di
7048,1785,front-runed,past,we,di
7049,1785,front-runed,past,you (pl),di
7050,1785,front-runed,past,they,di
7051,1785,will front-run,future,I,gelecek
7052,1785,will front-run,future,you,gelecek
7053,1785,will front-run,future,he/she,gelecek
7054,1785,will front-run,future,we,gelecek
7055,1785,will front-run,future,you (pl),gelecek
7056,1785,will front-run,future,they,gelecek
7057,1794,adjudicate,present,I,şimdi
7058,1794,adjudicate,present,you,şimdi
7059,1794,adjudicates,present,he/she,şimdi
7060,1794,adjudicate,present,we,şimdi
7061,1794,adjudicate,present,you (pl),şimdi
7062,1794,adjudicate,present,they,şimdi
7063,1794,adjudicated,past,I,di
7064,1794,adjudicated,past,you,di
7065,1794,adjudicated,past,he/she,di
7066,1794,adjudicated,past,we,di
7067,1794,adjudicated,past,you (pl),di
7068,1794,adjudicated,past,they,di
7069,1794,will adjudicate,future,I,gelecek
7070,1794,will adjudicate,future,you,gelecek
7071,1794,will adjudicate,future,he/she,gelecek
7072,1794,will adjudicate,future,we,gelecek
7073,1794,will adjudicate,future,you (pl),gelecek
7074,1794,will adjudicate,future,they,gelecek
7075,1795,indemnify,present,I,şimdi
7076,1795,indemnify,present,you,şimdi
7077,1795,indemnifies,present,he/she,şimdi
7078,1795,indemnify,present,we,şimdi
7079,1795,indemnify,present,you (pl),şimdi
7080,1795,indemnify,present,they,şimdi
7081,1795,indemnified,past,I,di
7082,1795,indemnified,past,you,di
7083,1795,indemnified,past,he/she,di
7084,1795,indemnified,past,we,di
7085,1795,indemnified,past,you (pl),di
7086,1795,indemnified,past,they,di
7087,1795,will indemnify,future,I,gelecek
7088,1795,will indemnify,future,you,gelecek
7089,1795,will indemnify,future,he/she,gelecek
7090,1795,will indemnify,future,we,gelecek
7091,1795,will indemnify,future,you (pl),gelecek
7092,1795,will indemnify,future,they,gelecek
7093,1831,defamiliarise,present,I,şimdi
7094,1831,defamiliarise,present,you,şimdi
7095,1831,defamiliarises,present,he/she,şimdi
7096,1831,defamiliarise,present,we,şimdi
7097,1831,defamiliarise,present,you (pl),şimdi
7098,1831,defamiliarise,present,they,şimdi
7099,1831,defamiliarised,past,I,di
7100,1831,defamiliarised,past,you,di
7101,1831,defamiliarised,past,he/she,di
7102,1831,defamiliarised,past,we,di
7103,1831,defamiliarised,past,you (pl),di
7104,1831,defamiliarised,past,they,di
7105,1831,will defamiliarise,future,I,gelecek
7106,1831,will defamiliarise,future,you,gelecek
7107,1831,will defamiliarise,future,he/she,gelecek
7108,1831,will defamiliarise,future,we,gelecek
7109,1831,will defamiliarise,future,you (pl),gelecek
7110,1831,will defamiliarise,future,they,gelecek
7111,1832,focalise,present,I,şimdi
7112,1832,focalise,present,you,şimdi
7113,1832,focalises,present,he/she,şimdi
7114,1832,focalise,present,we,şimdi
7115,1832,focalise,present,you (pl),şimdi
7116,1832,focalise,present,they,şimdi
7117,1832,focalised,past,I,di
7118,1832,focalised,past,you,di
7119,1832,focalised,past,he/she,di
7120,1832,focalised,past,we,di
7121,1832,focalised,past,you (pl),di
7122,1832,focalised,past,they,di
7123,1832,will focalise,future,I,gelecek
7124,1832,will focalise,future,you,gelecek
7125,1832,will focalise,future,he/she,gelecek
7126,1832,will focalise,future,we,gelecek
7127,1832,will focalise,future,you (pl),gelecek
7128,1832,will focalise,future,they,gelecek
7129,1886,spell,present,I,şimdi
7130,1886,spell,present,you,şimdi
7131,1886,spells,present,he/she,şimdi
7132,1886,spell,present,we,şimdi
7133,1886,spell,present,you (pl),şimdi
7134,1886,spell,present,they,şimdi
7135,1886,spelled,past,I,di
7136,1886,spelled,past,you,di
7137,1886,spelled,past,he/she,di
7138,1886,spelled,past,we,di
7139,1886,spelled,past,you (pl),di
7140,1886,spelled,past,they,di
7141,1886,will spell,future,I,gelecek
7142,1886,will spell,future,you,gelecek
7143,1886,will spell,future,he/she,gelecek
7144,1886,will spell,future,we,gelecek
7145,1886,will spell,future,you (pl),gelecek
7146,1886,will spell,future,they,gelecek
7147,1887,repeat,present,I,şimdi
7148,1887,repeat,present,you,şimdi
7149,1887,repeats,present,he/she,şimdi
7150,1887,repeat,present,we,şimdi
7151,1887,repeat,present,you (pl),şimdi
7152,1887,repeat,present,they,şimdi
7153,1887,repeated,past,I,di
7154,1887,repeated,past,you,di
7155,1887,repeated,past,he/she,di
7156,1887,repeated,past,we,di
7157,1887,repeated,past,you (pl),di
7158,1887,repeated,past,they,di
7159,1887,will repeat,future,I,gelecek
7160,1887,will repeat,future,you,gelecek
7161,1887,will repeat,future,he/she,gelecek
7162,1887,will repeat,future,we,gelecek
7163,1887,will repeat,future,you (pl),gelecek
7164,1887,will repeat,future,they,gelecek
7165,1888,translate,present,I,şimdi
7166,1888,translate,present,you,şimdi
7167,1888,translates,present,he/she,şimdi
7168,1888,translate,present,we,şimdi
7169,1888,translate,present,you (pl),şimdi
7170,1888,translate,present,they,şimdi
7171,1888,translated,past,I,di
7172,1888,translated,past,you,di
7173,1888,translated,past,he/she,di
7174,1888,translated,past,we,di
7175,1888,translated,past,you (pl),di
7176,1888,translated,past,they,di
7177,1888,will translate,future,I,gelecek
7178,1888,will translate,future,you,gelecek
7179,1888,will translate,future,he/she,gelecek
7180,1888,will translate,future,we,gelecek
7181,1888,will translate,future,you (pl),gelecek
7182,1888,will translate,future,they,gelecek
7183,1889,practise,present,I,şimdi
7184,1889,practise,present,you,şimdi
7185,1889,practises,present,he/she,şimdi
7186,1889,practise,present,we,şimdi
7187,1889,practise,present,you (pl),şimdi
7188,1889,practise,present,they,şimdi
7189,1889,practised,past,I,di
7190,1889,practised,past,you,di
7191,1889,practised,past,he/she,di
7192,1889,practised,past,we,di
7193,1889,practised,past,you (pl),di
7194,1889,practised,past,they,di
7195,1889,will practise,future,I,gelecek
7196,1889,will practise,future,you,gelecek
7197,1889,will practise,future,he/she,gelecek
7198,1889,will practise,future,we,gelecek
7199,1889,will practise,future,you (pl),gelecek
7200,1889,will practise,future,they,gelecek
7201,1946,mix,present,I,şimdi
7202,1946,mix,present,you,şimdi
7203,1946,mixes,present,he/she,şimdi
7204,1946,mix,present,we,şimdi
7205,1946,mix,present,you (pl),şimdi
7206,1946,mix,present,they,şimdi
7207,1946,mixed,past,I,di
7208,1946,mixed,past,you,di
7209,1946,mixed,past,he/she,di
7210,1946,mixed,past,we,di
7211,1946,mixed,past,you (pl),di
7212,1946,mixed,past,they,di
7213,1946,will mix,future,I,gelecek
7214,1946,will mix,future,you,gelecek
7215,1946,will mix,future,he/she,gelecek
7216,1946,will mix,future,we,gelecek
7217,1946,will mix,future,you (pl),gelecek
7218,1946,will mix,future,they,gelecek
7219,1947,pour,present,I,şimdi
7220,1947,pour,present,you,şimdi
7221,1947,pours,present,he/she,şimdi
7222,1947,pour,present,we,şimdi
7223,1947,pour,present,you (pl),şimdi
7224,1947,pour,present,they,şimdi
7225,1947,poured,past,I,di
7226,1947,poured,past,you,di
7227,1947,poured,past,he/she,di
7228,1947,poured,past,we,di
7229,1947,poured,past,you (pl),di
7230,1947,poured,past,they,di
7231,1947,will pour,future,I,gelecek
7232,1947,will pour,future,you,gelecek
7233,1947,will pour,future,he/she,gelecek
7234,1947,will pour,future,we,gelecek
7235,1947,will pour,future,you (pl),gelecek
7236,1947,will pour,future,they,gelecek
7237,1948,serve,present,I,şimdi
7238,1948,serve,present,you,şimdi
7239,1948,serves,present,he/she,şimdi
7240,1948,serve,present,we,şimdi
7241,1948,serve,present,you (pl),şimdi
7242,1948,serve,present,they,şimdi
7243,1948,served,past,I,di
7244,1948,served,past,you,di
7245,1948,served,past,he/she,di
7246,1948,served,past,we,di
7247,1948,served,past,you (pl),di
7248,1948,served,past,they,di
7249,1948,will serve,future,I,gelecek
7250,1948,will serve,future,you,gelecek
7251,1948,will serve,future,he/she,gelecek
7252,1948,will serve,future,we,gelecek
7253,1948,will serve,future,you (pl),gelecek
7254,1948,will serve,future,they,gelecek
7255,1964,listen to,present,I,şimdi
7256,1964,listen to,present,you,şimdi
7257,1964,listens to,present,he/she,şimdi
7258,1964,listen to,present,we,şimdi
7259,1964,listen to,present,you (pl),şimdi
7260,1964,listen to,present,they,şimdi
7261,1964,listened to,past,I,di
7262,1964,listened to,past,you,di
7263,1964,listened to,past,he/she,di
7264,1964,listened to,past,we,di
7265,1964,listened to,past,you (pl),di
7266,1964,listened to,past,they,di
7267,1964,will listen to,future,I,gelecek
7268,1964,will listen to,future,you,gelecek
7269,1964,will listen to,future,he/she,gelecek
7270,1964,will listen to,future,we,gelecek
7271,1964,will listen to,future,you (pl),gelecek
7272,1964,will listen to,future,they,gelecek
7273,1965,collect,present,I,şimdi
7274,1965,collect,present,you,şimdi
7275,1965,collects,present,he/she,şimdi
7276,1965,collect,present,we,şimdi
7277,1965,collect,present,you (pl),şimdi
7278,1965,collect,present,they,şimdi
7279,1965,collected,past,I,di
7280,1965,collected,past,you,di
7281,1965,collected,past,he/she,di
7282,1965,collected,past,we,di
7283,1965,collected,past,you (pl),di
7284,1965,collected,past,they,di
7285,1965,will collect,future,I,gelecek
7286,1965,will collect,future,you,gelecek
7287,1965,will collect,future,he/she,gelecek
7288,1965,will collect,future,we,gelecek
7289,1965,will collect,future,you (pl),gelecek
7290,1965,will collect,future,they,gelecek
7291,1971,explain,present,I,şimdi
7292,1971,explain,present,you,şimdi
7293,1971,explains,present,he/she,şimdi
7294,1971,explain,present,we,şimdi
7295,1971,explain,present,you (pl),şimdi
7296,1971,explain,present,they,şimdi
7297,1971,explained,past,I,di
7298,1971,explained,past,you,di
7299,1971,explained,past,he/she,di
7300,1971,explained,past,we,di
7301,1971,explained,past,you (pl),di
7302,1971,explained,past,they,di
7303,1971,will explain,future,I,gelecek
7304,1971,will explain,future,you,gelecek
7305,1971,will explain,future,he/she,gelecek
7306,1971,will explain,future,we,gelecek
7307,1971,will explain,future,you (pl),gelecek
7308,1971,will explain,future,they,gelecek
7309,1972,check,present,I,şimdi
7310,1972,check,present,you,şimdi
7311,1972,checks,present,he/she,şimdi
7312,1972,check,present,we,şimdi
7313,1972,check,present,you (pl),şimdi
7314,1972,check,present,they,şimdi
7315,1972,checked,past,I,di
7316,1972,checked,past,you,di
7317,1972,checked,past,he/she,di
7318,1972,checked,past,we,di
7319,1972,checked,past,you (pl),di
7320,1972,checked,past,they,di
7321,1972,will check,future,I,gelecek
7322,1972,will check,future,you,gelecek
7323,1972,will check,future,he/she,gelecek
7324,1972,will check,future,we,gelecek
7325,1972,will check,future,you (pl),gelecek
7326,1972,will check,future,they,gelecek
7327,2000,wake up,present,I,şimdi
7328,2000,wake up,present,you,şimdi
7329,2000,wakes up,present,he/she,şimdi
7330,2000,wake up,present,we,şimdi
7331,2000,wake up,present,you (pl),şimdi
7332,2000,wake up,present,they,şimdi
7333,2000,woke up,past,I,di
7334,2000,woke up,past,you,di
7335,2000,woke up,past,he/she,di
7336,2000,woke up,past,we,di
7337,2000,woke up,past,you (pl),di
7338,2000,woke up,past,they,di
7339,2000,will wake up,future,I,gelecek
7340,2000,will wake up,future,you,gelecek
7341,2000,will wake up,future,he/she,gelecek
7342,2000,will wake up,future,we,gelecek
7343,2000,will wake up,future,you (pl),gelecek
7344,2000,will wake up,future,they,gelecek
7345,2001,get dressed,present,I,şimdi
7346,2001,get dressed,present,you,şimdi
7347,2001,gets dressed,present,he/she,şimdi
7348,2001,get dressed,present,we,şimdi
7349,2001,get dressed,present,you (pl),şimdi
7350,2001,get dressed,present,they,şimdi
7351,2001,got dressed,past,I,di
7352,2001,got dressed,past,you,di
7353,2001,got dressed,past,he/she,di
7354,2001,got dressed,past,we,di
7355,2001,got dressed,past,you (pl),di
7356,2001,got dressed,past,they,di
7357,2001,will get dressed,future,I,gelecek
7358,2001,will get dressed,future,you,gelecek
7359,2001,will get dressed,future,he/she,gelecek
7360,2001,will get dressed,future,we,gelecek
7361,2001,will get dressed,future,you (pl),gelecek
7362,2001,will get dressed,future,they,gelecek
7363,2002,have a shower,present,I,şimdi
7364,2002,have a shower,present,you,şimdi
7365,2002,has a shower,present,he/she,şimdi
7366,2002,have a shower,present,we,şimdi
7367,2002,have a shower,present,you (pl),şimdi
7368,2002,have a shower,present,they,şimdi
7369,2002,had a shower,past,I,di
7370,2002,had a shower,past,you,di
7371,2002,had a shower,past,he/she,di
7372,2002,had a shower,past,we,di
7373,2002,had a shower,past,you (pl),di
7374,2002,had a shower,past,they,di
7375,2002,will have a shower,future,I,gelecek
7376,2002,will have a shower,future,you,gelecek
7377,2002,will have a shower,future,he/she,gelecek
7378,2002,will have a shower,future,we,gelecek
7379,2002,will have a shower,future,you (pl),gelecek
7380,2002,will have a shower,future,they,gelecek
7381,2003,have a bath,present,I,şimdi
7382,2003,have a bath,present,you,şimdi
7383,2003,has a bath,present,he/she,şimdi
7384,2003,have a bath,present,we,şimdi
7385,2003,have a bath,present,you (pl),şimdi
7386,2003,have a bath,present,they,şimdi
7387,2003,had a bath,past,I,di
7388,2003,had a bath,past,you,di
7389,2003,had a bath,past,he/she,di
7390,2003,had a bath,past,we,di
7391,2003,had a bath,past,you (pl),di
7392,2003,had a bath,past,they,di
7393,2003,will have a bath,future,I,gelecek
7394,2003,will have a bath,future,you,gelecek
7395,2003,will have a bath,future,he/she,gelecek
7396,2003,will have a bath,future,we,gelecek
7397,2003,will have a bath,future,you (pl),gelecek
7398,2003,will have a bath,future,they,gelecek
7399,2004,tidy,present,I,şimdi
7400,2004,tidy,present,you,şimdi
7401,2004,tidies,present,he/she,şimdi
7402,2004,tidy,present,we,şimdi
7403,2004,tidy,present,you (pl),şimdi
7404,2004,tidy,present,they,şimdi
7405,2004,tidied,past,I,di
7406,2004,tidied,past,you,di
7407,2004,tidied,past,he/she,di
7408,2004,tidied,past,we,di
7409,2004,tidied,past,you (pl),di
7410,2004,tidied,past,they,di
7411,2004,will tidy,future,I,gelecek
7412,2004,will tidy,future,you,gelecek
7413,2004,will tidy,future,he/she,gelecek
7414,2004,will tidy,future,we,gelecek
7415,2004,will tidy,future,you (pl),gelecek
7416,2004,will tidy,future,they,gelecek
7417,2005,rest,present,I,şimdi
7418,2005,rest,present,you,şimdi
7419,2005,rests,present,he/she,şimdi
7420,2005,rest,present,we,şimdi
7421,2005,rest,present,you (pl),şimdi
7422,2005,rest,present,they,şimdi
7423,2005,rested,past,I,di
7424,2005,rested,past,you,di
7425,2005,rested,past,he/she,di
7426,2005,rested,past,we,di
7427,2005,rested,past,you (pl),di
7428,2005,rested,past,they,di
7429,2005,will rest,future,I,gelecek
7430,2005,will rest,future,you,gelecek
7431,2005,will rest,future,he/she,gelecek
7432,2005,will rest,future,we,gelecek
7433,2005,will rest,future,you (pl),gelecek
7434,2005,will rest,future,they,gelecek
7435,2006,build,present,I,şimdi
7436,2006,build,present,you,şimdi
7437,2006,builds,present,he/she,şimdi
7438,2006,build,present,we,şimdi
7439,2006,build,present,you (pl),şimdi
7440,2006,build,present,they,şimdi
7441,2006,built,past,I,di
7442,2006,built,past,you,di
7443,2006,built,past,he/she,di
7444,2006,built,past,we,di
7445,2006,built,past,you (pl),di
7446,2006,built,past,they,di
7447,2006,will build,future,I,gelecek
7448,2006,will build,future,you,gelecek
7449,2006,will build,future,he/she,gelecek
7450,2006,will build,future,we,gelecek
7451,2006,will build,future,you (pl),gelecek
7452,2006,will build,future,they,gelecek
7453,2007,fight,present,I,şimdi
7454,2007,fight,present,you,şimdi
7455,2007,fights,present,he/she,şimdi
7456,2007,fight,present,we,şimdi
7457,2007,fight,present,you (pl),şimdi
7458,2007,fight,present,they,şimdi
7459,2007,fought,past,I,di
7460,2007,fought,past,you,di
7461,2007,fought,past,he/she,di
7462,2007,fought,past,we,di
7463,2007,fought,past,you (pl),di
7464,2007,fought,past,they,di
7465,2007,will fight,future,I,gelecek
7466,2007,will fight,future,you,gelecek
7467,2007,will fight,future,he/she,gelecek
7468,2007,will fight,future,we,gelecek
7469,2007,will fight,future,you (pl),gelecek
7470,2007,will fight,future,they,gelecek
7471,2042,apply for,present,I,şimdi
7472,2042,apply for,present,you,şimdi
7473,2042,applies for,present,he/she,şimdi
7474,2042,apply for,present,we,şimdi
7475,2042,apply for,present,you (pl),şimdi
7476,2042,apply for,present,they,şimdi
7477,2042,applied for,past,I,di
7478,2042,applied for,past,you,di
7479,2042,applied for,past,he/she,di
7480,2042,applied for,past,we,di
7481,2042,applied for,past,you (pl),di
7482,2042,applied for,past,they,di
7483,2042,will apply for,future,I,gelecek
7484,2042,will apply for,future,you,gelecek
7485,2042,will apply for,future,he/she,gelecek
7486,2042,will apply for,future,we,gelecek
7487,2042,will apply for,future,you (pl),gelecek
7488,2042,will apply for,future,they,gelecek
7489,2043,look for,present,I,şimdi
7490,2043,look for,present,you,şimdi
7491,2043,looks for,present,he/she,şimdi
7492,2043,look for,present,we,şimdi
7493,2043,look for,present,you (pl),şimdi
7494,2043,look for,present,they,şimdi
7495,2043,looked for,past,I,di
7496,2043,looked for,past,you,di
7497,2043,looked for,past,he/she,di
7498,2043,looked for,past,we,di
7499,2043,looked for,past,you (pl),di
7500,2043,looked for,past,they,di
7501,2043,will look for,future,I,gelecek
7502,2043,will look for,future,you,gelecek
7503,2043,will look for,future,he/she,gelecek
7504,2043,will look for,future,we,gelecek
7505,2043,will look for,future,you (pl),gelecek
7506,2043,will look for,future,they,gelecek
7507,2044,fill in,present,I,şimdi
7508,2044,fill in,present,you,şimdi
7509,2044,fills in,present,he/she,şimdi
7510,2044,fill in,present,we,şimdi
7511,2044,fill in,present,you (pl),şimdi
7512,2044,fill in,present,they,şimdi
7513,2044,filled in,past,I,di
7514,2044,filled in,past,you,di
7515,2044,filled in,past,he/she,di
7516,2044,filled in,past,we,di
7517,2044,filled in,past,you (pl),di
7518,2044,filled in,past,they,di
7519,2044,will fill in,future,I,gelecek
7520,2044,will fill in,future,you,gelecek
7521,2044,will fill in,future,he/she,gelecek
7522,2044,will fill in,future,we,gelecek
7523,2044,will fill in,future,you (pl),gelecek
7524,2044,will fill in,future,they,gelecek
7525,2045,hand in,present,I,şimdi
7526,2045,hand in,present,you,şimdi
7527,2045,hands in,present,he/she,şimdi
7528,2045,hand in,present,we,şimdi
7529,2045,hand in,present,you (pl),şimdi
7530,2045,hand in,present,they,şimdi
7531,2045,handed in,past,I,di
7532,2045,handed in,past,you,di
7533,2045,handed in,past,he/she,di
7534,2045,handed in,past,we,di
7535,2045,handed in,past,you (pl),di
7536,2045,handed in,past,they,di
7537,2045,will hand in,future,I,gelecek
7538,2045,will hand in,future,you,gelecek
7539,2045,will hand in,future,he/she,gelecek
7540,2045,will hand in,future,we,gelecek
7541,2045,will hand in,future,you (pl),gelecek
7542,2045,will hand in,future,they,gelecek
7543,2046,take on,present,I,şimdi
7544,2046,take on,present,you,şimdi
7545,2046,takes on,present,he/she,şimdi
7546,2046,take on,present,we,şimdi
7547,2046,take on,present,you (pl),şimdi
7548,2046,take on,present,they,şimdi
7549,2046,took on,past,I,di
7550,2046,took on,past,you,di
7551,2046,took on,past,he/she,di
7552,2046,took on,past,we,di
7553,2046,took on,past,you (pl),di
7554,2046,took on,past,they,di
7555,2046,will take on,future,I,gelecek
7556,2046,will take on,future,you,gelecek
7557,2046,will take on,future,he/she,gelecek
7558,2046,will take on,future,we,gelecek
7559,2046,will take on,future,you (pl),gelecek
7560,2046,will take on,future,they,gelecek
7561,2090,celebrate,present,I,şimdi
7562,2090,celebrate,present,you,şimdi
7563,2090,celebrates,present,he/she,şimdi
7564,2090,celebrate,present,we,şimdi
7565,2090,celebrate,present,you (pl),şimdi
7566,2090,celebrate,present,they,şimdi
7567,2090,celebrated,past,I,di
7568,2090,celebrated,past,you,di
7569,2090,celebrated,past,he/she,di
7570,2090,celebrated,past,we,di
7571,2090,celebrated,past,you (pl),di
7572,2090,celebrated,past,they,di
7573,2090,will celebrate,future,I,gelecek
7574,2090,will celebrate,future,you,gelecek
7575,2090,will celebrate,future,he/she,gelecek
7576,2090,will celebrate,future,we,gelecek
7577,2090,will celebrate,future,you (pl),gelecek
7578,2090,will celebrate,future,they,gelecek
7579,2091,organise,present,I,şimdi
7580,2091,organise,present,you,şimdi
7581,2091,organises,present,he/she,şimdi
7582,2091,organise,present,we,şimdi
7583,2091,organise,present,you (pl),şimdi
7584,2091,organise,present,they,şimdi
7585,2091,organised,past,I,di
7586,2091,organised,past,you,di
7587,2091,organised,past,he/she,di
7588,2091,organised,past,we,di
7589,2091,organised,past,you (pl),di
7590,2091,organised,past,they,di
7591,2091,will organise,future,I,gelecek
7592,2091,will organise,future,you,gelecek
7593,2091,will organise,future,he/she,gelecek
7594,2091,will organise,future,we,gelecek
7595,2091,will organise,future,you (pl),gelecek
7596,2091,will organise,future,they,gelecek
7597,2092,attend,present,I,şimdi
7598,2092,attend,present,you,şimdi
7599,2092,attends,present,he/she,şimdi
7600,2092,attend,present,we,şimdi
7601,2092,attend,present,you (pl),şimdi
7602,2092,attend,present,they,şimdi
7603,2092,attended,past,I,di
7604,2092,attended,past,you,di
7605,2092,attended,past,he/she,di
7606,2092,attended,past,we,di
7607,2092,attended,past,you (pl),di
7608,2092,attended,past,they,di
7609,2092,will attend,future,I,gelecek
7610,2092,will attend,future,you,gelecek
7611,2092,will attend,future,he/she,gelecek
7612,2092,will attend,future,we,gelecek
7613,2092,will attend,future,you (pl),gelecek
7614,2092,will attend,future,they,gelecek
7615,2093,cheer,present,I,şimdi
7616,2093,cheer,present,you,şimdi
7617,2093,cheers,present,he/she,şimdi
7618,2093,cheer,present,we,şimdi
7619,2093,cheer,present,you (pl),şimdi
7620,2093,cheer,present,they,şimdi
7621,2093,cheered,past,I,di
7622,2093,cheered,past,you,di
7623,2093,cheered,past,he/she,di
7624,2093,cheered,past,we,di
7625,2093,cheered,past,you (pl),di
7626,2093,cheered,past,they,di
7627,2093,will cheer,future,I,gelecek
7628,2093,will cheer,future,you,gelecek
7629,2093,will cheer,future,he/she,gelecek
7630,2093,will cheer,future,we,gelecek
7631,2093,will cheer,future,you (pl),gelecek
7632,2093,will cheer,future,they,gelecek
7633,2094,record,present,I,şimdi
7634,2094,record,present,you,şimdi
7635,2094,records,present,he/she,şimdi
7636,2094,record,present,we,şimdi
7637,2094,record,present,you (pl),şimdi
7638,2094,record,present,they,şimdi
7639,2094,recorded,past,I,di
7640,2094,recorded,past,you,di
7641,2094,recorded,past,he/she,di
7642,2094,recorded,past,we,di
7643,2094,recorded,past,you (pl),di
7644,2094,recorded,past,they,di
7645,2094,will record,future,I,gelecek
7646,2094,will record,future,you,gelecek
7647,2094,will record,future,he/she,gelecek
7648,2094,will record,future,we,gelecek
7649,2094,will record,future,you (pl),gelecek
7650,2094,will record,future,they,gelecek
7651,2103,shine,present,I,şimdi
7652,2103,shine,present,you,şimdi
7653,2103,shines,present,he/she,şimdi
7654,2103,shine,present,we,şimdi
7655,2103,shine,present,you (pl),şimdi
7656,2103,shine,present,they,şimdi
7657,2103,shone,past,I,di
7658,2103,shone,past,you,di
7659,2103,shone,past,he/she,di
7660,2103,shone,past,we,di
7661,2103,shone,past,you (pl),di
7662,2103,shone,past,they,di
7663,2103,will shine,future,I,gelecek
7664,2103,will shine,future,you,gelecek
7665,2103,will shine,future,he/she,gelecek
7666,2103,will shine,future,we,gelecek
7667,2103,will shine,future,you (pl),gelecek
7668,2103,will shine,future,they,gelecek
7669,2104,blow,present,I,şimdi
7670,2104,blow,present,you,şimdi
7671,2104,blows,present,he/she,şimdi
7672,2104,blow,present,we,şimdi
7673,2104,blow,present,you (pl),şimdi
7674,2104,blow,present,they,şimdi
7675,2104,blew,past,I,di
7676,2104,blew,past,you,di
7677,2104,blew,past,he/she,di
7678,2104,blew,past,we,di
7679,2104,blew,past,you (pl),di
7680,2104,blew,past,they,di
7681,2104,will blow,future,I,gelecek
7682,2104,will blow,future,you,gelecek
7683,2104,will blow,future,he/she,gelecek
7684,2104,will blow,future,we,gelecek
7685,2104,will blow,future,you (pl),gelecek
7686,2104,will blow,future,they,gelecek
7687,2105,melt,present,I,şimdi
7688,2105,melt,present,you,şimdi
7689,2105,melts,present,he/she,şimdi
7690,2105,melt,present,we,şimdi
7691,2105,melt,present,you (pl),şimdi
7692,2105,melt,present,they,şimdi
7693,2105,melted,past,I,di
7694,2105,melted,past,you,di
7695,2105,melted,past,he/she,di
7696,2105,melted,past,we,di
7697,2105,melted,past,you (pl),di
7698,2105,melted,past,they,di
7699,2105,will melt,future,I,gelecek
7700,2105,will melt,future,you,gelecek
7701,2105,will melt,future,he/she,gelecek
7702,2105,will melt,future,we,gelecek
7703,2105,will melt,future,you (pl),gelecek
7704,2105,will melt,future,they,gelecek
7705,2106,clear up,present,I,şimdi
7706,2106,clear up,present,you,şimdi
7707,2106,clears up,present,he/she,şimdi
7708,2106,clear up,present,we,şimdi
7709,2106,clear up,present,you (pl),şimdi
7710,2106,clear up,present,they,şimdi
7711,2106,cleared up,past,I,di
7712,2106,cleared up,past,you,di
7713,2106,cleared up,past,he/she,di
7714,2106,cleared up,past,we,di
7715,2106,cleared up,past,you (pl),di
7716,2106,cleared up,past,they,di
7717,2106,will clear up,future,I,gelecek
7718,2106,will clear up,future,you,gelecek
7719,2106,will clear up,future,he/she,gelecek
7720,2106,will clear up,future,we,gelecek
7721,2106,will clear up,future,you (pl),gelecek
7722,2106,will clear up,future,they,gelecek
7723,2129,look back,present,I,şimdi
7724,2129,look back,present,you,şimdi
7725,2129,looks back,present,he/she,şimdi
7726,2129,look back,present,we,şimdi
7727,2129,look back,present,you (pl),şimdi
7728,2129,look back,present,they,şimdi
7729,2129,looked back,past,I,di
7730,2129,looked back,past,you,di
7731,2129,looked back,past,he/she,di
7732,2129,looked back,past,we,di
7733,2129,looked back,past,you (pl),di
7734,2129,looked back,past,they,di
7735,2129,will look back,future,I,gelecek
7736,2129,will look back,future,you,gelecek
7737,2129,will look back,future,he/she,gelecek
7738,2129,will look back,future,we,gelecek
7739,2129,will look back,future,you (pl),gelecek
7740,2129,will look back,future,they,gelecek
7741,2130,settle down,present,I,şimdi
7742,2130,settle down,present,you,şimdi
7743,2130,settles down,present,he/she,şimdi
7744,2130,settle down,present,we,şimdi
7745,2130,settle down,present,you (pl),şimdi
7746,2130,settle down,present,they,şimdi
7747,2130,settled down,past,I,di
7748,2130,settled down,past,you,di
7749,2130,settled down,past,he/she,di
7750,2130,settled down,past,we,di
7751,2130,settled down,past,you (pl),di
7752,2130,settled down,past,they,di
7753,2130,will settle down,future,I,gelecek
7754,2130,will settle down,future,you,gelecek
7755,2130,will settle down,future,he/she,gelecek
7756,2130,will settle down,future,we,gelecek
7757,2130,will settle down,future,you (pl),gelecek
7758,2130,will settle down,future,they,gelecek
7759,2140,overtake,present,I,şimdi
7760,2140,overtake,present,you,şimdi
7761,2140,overtakes,present,he/she,şimdi
7762,2140,overtake,present,we,şimdi
7763,2140,overtake,present,you (pl),şimdi
7764,2140,overtake,present,they,şimdi
7765,2140,overtaked,past,I,di
7766,2140,overtaked,past,you,di
7767,2140,overtaked,past,he/she,di
7768,2140,overtaked,past,we,di
7769,2140,overtaked,past,you (pl),di
7770,2140,overtaked,past,they,di
7771,2140,will overtake,future,I,gelecek
7772,2140,will overtake,future,you,gelecek
7773,2140,will overtake,future,he/she,gelecek
7774,2140,will overtake,future,we,gelecek
7775,2140,will overtake,future,you (pl),gelecek
7776,2140,will overtake,future,they,gelecek
7777,2141,brake,present,I,şimdi
7778,2141,brake,present,you,şimdi
7779,2141,brakes,present,he/she,şimdi
7780,2141,brake,present,we,şimdi
7781,2141,brake,present,you (pl),şimdi
7782,2141,brake,present,they,şimdi
7783,2141,braked,past,I,di
7784,2141,braked,past,you,di
7785,2141,braked,past,he/she,di
7786,2141,braked,past,we,di
7787,2141,braked,past,you (pl),di
7788,2141,braked,past,they,di
7789,2141,will brake,future,I,gelecek
7790,2141,will brake,future,you,gelecek
7791,2141,will brake,future,he/she,gelecek
7792,2141,will brake,future,we,gelecek
7793,2141,will brake,future,you (pl),gelecek
7794,2141,will brake,future,they,gelecek
7795,2142,accelerate,present,I,şimdi
7796,2142,accelerate,present,you,şimdi
7797,2142,accelerates,present,he/she,şimdi
7798,2142,accelerate,present,we,şimdi
7799,2142,accelerate,present,you (pl),şimdi
7800,2142,accelerate,present,they,şimdi
7801,2142,accelerated,past,I,di
7802,2142,accelerated,past,you,di
7803,2142,accelerated,past,he/she,di
7804,2142,accelerated,past,we,di
7805,2142,accelerated,past,you (pl),di
7806,2142,accelerated,past,they,di
7807,2142,will accelerate,future,I,gelecek
7808,2142,will accelerate,future,you,gelecek
7809,2142,will accelerate,future,he/she,gelecek
7810,2142,will accelerate,future,we,gelecek
7811,2142,will accelerate,future,you (pl),gelecek
7812,2142,will accelerate,future,they,gelecek
7813,2143,reverse,present,I,şimdi
7814,2143,reverse,present,you,şimdi
7815,2143,reverses,present,he/she,şimdi
7816,2143,reverse,present,we,şimdi
7817,2143,reverse,present,you (pl),şimdi
7818,2143,reverse,present,they,şimdi
7819,2143,reversed,past,I,di
7820,2143,reversed,past,you,di
7821,2143,reversed,past,he/she,di
7822,2143,reversed,past,we,di
7823,2143,reversed,past,you (pl),di
7824,2143,reversed,past,they,di
7825,2143,will reverse,future,I,gelecek
7826,2143,will reverse,future,you,gelecek
7827,2143,will reverse,future,he/she,gelecek
7828,2143,will reverse,future,we,gelecek
7829,2143,will reverse,future,you (pl),gelecek
7830,2143,will reverse,future,they,gelecek
7831,2144,indicate,present,I,şimdi
7832,2144,indicate,present,you,şimdi
7833,2144,indicates,present,he/she,şimdi
7834,2144,indicate,present,we,şimdi
7835,2144,indicate,present,you (pl),şimdi
7836,2144,indicate,present,they,şimdi
7837,2144,indicated,past,I,di
7838,2144,indicated,past,you,di
7839,2144,indicated,past,he/she,di
7840,2144,indicated,past,we,di
7841,2144,indicated,past,you (pl),di
7842,2144,indicated,past,they,di
7843,2144,will indicate,future,I,gelecek
7844,2144,will indicate,future,you,gelecek
7845,2144,will indicate,future,he/she,gelecek
7846,2144,will indicate,future,we,gelecek
7847,2144,will indicate,future,you (pl),gelecek
7848,2144,will indicate,future,they,gelecek
7849,2160,aim,present,I,şimdi
7850,2160,aim,present,you,şimdi
7851,2160,aims,present,he/she,şimdi
7852,2160,aim,present,we,şimdi
7853,2160,aim,present,you (pl),şimdi
7854,2160,aim,present,they,şimdi
7855,2160,aimed,past,I,di
7856,2160,aimed,past,you,di
7857,2160,aimed,past,he/she,di
7858,2160,aimed,past,we,di
7859,2160,aimed,past,you (pl),di
7860,2160,aimed,past,they,di
7861,2160,will aim,future,I,gelecek
7862,2160,will aim,future,you,gelecek
7863,2160,will aim,future,he/she,gelecek
7864,2160,will aim,future,we,gelecek
7865,2160,will aim,future,you (pl),gelecek
7866,2160,will aim,future,they,gelecek
7867,2161,intend,present,I,şimdi
7868,2161,intend,present,you,şimdi
7869,2161,intends,present,he/she,şimdi
7870,2161,intend,present,we,şimdi
7871,2161,intend,present,you (pl),şimdi
7872,2161,intend,present,they,şimdi
7873,2161,intended,past,I,di
7874,2161,intended,past,you,di
7875,2161,intended,past,he/she,di
7876,2161,intended,past,we,di
7877,2161,intended,past,you (pl),di
7878,2161,intended,past,they,di
7879,2161,will intend,future,I,gelecek
7880,2161,will intend,future,you,gelecek
7881,2161,will intend,future,he/she,gelecek
7882,2161,will intend,future,we,gelecek
7883,2161,will intend,future,you (pl),gelecek
7884,2161,will intend,future,they,gelecek
7885,2162,prepare,present,I,şimdi
7886,2162,prepare,present,you,şimdi
7887,2162,prepares,present,he/she,şimdi
7888,2162,prepare,present,we,şimdi
7889,2162,prepare,present,you (pl),şimdi
7890,2162,prepare,present,they,şimdi
7891,2162,prepared,past,I,di
7892,2162,prepared,past,you,di
7893,2162,prepared,past,he/she,di
7894,2162,prepared,past,we,di
7895,2162,prepared,past,you (pl),di
7896,2162,prepared,past,they,di
7897,2162,will prepare,future,I,gelecek
7898,2162,will prepare,future,you,gelecek
7899,2162,will prepare,future,he/she,gelecek
7900,2162,will prepare,future,we,gelecek
7901,2162,will prepare,future,you (pl),gelecek
7902,2162,will prepare,future,they,gelecek
7903,2163,develop,present,I,şimdi
7904,2163,develop,present,you,şimdi
7905,2163,develops,present,he/she,şimdi
7906,2163,develop,present,we,şimdi
7907,2163,develop,present,you (pl),şimdi
7908,2163,develop,present,they,şimdi
7909,2163,developed,past,I,di
7910,2163,developed,past,you,di
7911,2163,developed,past,he/she,di
7912,2163,developed,past,we,di
7913,2163,developed,past,you (pl),di
7914,2163,developed,past,they,di
7915,2163,will develop,future,I,gelecek
7916,2163,will develop,future,you,gelecek
7917,2163,will develop,future,he/she,gelecek
7918,2163,will develop,future,we,gelecek
7919,2163,will develop,future,you (pl),gelecek
7920,2163,will develop,future,they,gelecek
7921,2173,advertise,present,I,şimdi
7922,2173,advertise,present,you,şimdi
7923,2173,advertises,present,he/she,şimdi
7924,2173,advertise,present,we,şimdi
7925,2173,advertise,present,you (pl),şimdi
7926,2173,advertise,present,they,şimdi
7927,2173,advertised,past,I,di
7928,2173,advertised,past,you,di
7929,2173,advertised,past,he/she,di
7930,2173,advertised,past,we,di
7931,2173,advertised,past,you (pl),di
7932,2173,advertised,past,they,di
7933,2173,will advertise,future,I,gelecek
7934,2173,will advertise,future,you,gelecek
7935,2173,will advertise,future,he/she,gelecek
7936,2173,will advertise,future,we,gelecek
7937,2173,will advertise,future,you (pl),gelecek
7938,2173,will advertise,future,they,gelecek
7939,2174,promote,present,I,şimdi
7940,2174,promote,present,you,şimdi
7941,2174,promotes,present,he/she,şimdi
7942,2174,promote,present,we,şimdi
7943,2174,promote,present,you (pl),şimdi
7944,2174,promote,present,they,şimdi
7945,2174,promoted,past,I,di
7946,2174,promoted,past,you,di
7947,2174,promoted,past,he/she,di
7948,2174,promoted,past,we,di
7949,2174,promoted,past,you (pl),di
7950,2174,promoted,past,they,di
7951,2174,will promote,future,I,gelecek
7952,2174,will promote,future,you,gelecek
7953,2174,will promote,future,he/she,gelecek
7954,2174,will promote,future,we,gelecek
7955,2174,will promote,future,you (pl),gelecek
7956,2174,will promote,future,they,gelecek
7957,2175,launch,present,I,şimdi
7958,2175,launch,present,you,şimdi
7959,2175,launches,present,he/she,şimdi
7960,2175,launch,present,we,şimdi
7961,2175,launch,present,you (pl),şimdi
7962,2175,launch,present,they,şimdi
7963,2175,launched,past,I,di
7964,2175,launched,past,you,di
7965,2175,launched,past,he/she,di
7966,2175,launched,past,we,di
7967,2175,launched,past,you (pl),di
7968,2175,launched,past,they,di
7969,2175,will launch,future,I,gelecek
7970,2175,will launch,future,you,gelecek
7971,2175,will launch,future,he/she,gelecek
7972,2175,will launch,future,we,gelecek
7973,2175,will launch,future,you (pl),gelecek
7974,2175,will launch,future,they,gelecek
7975,2176,compare,present,I,şimdi
7976,2176,compare,present,you,şimdi
7977,2176,compares,present,he/she,şimdi
7978,2176,compare,present,we,şimdi
7979,2176,compare,present,you (pl),şimdi
7980,2176,compare,present,they,şimdi
7981,2176,compared,past,I,di
7982,2176,compared,past,you,di
7983,2176,compared,past,he/she,di
7984,2176,compared,past,we,di
7985,2176,compared,past,you (pl),di
7986,2176,compared,past,they,di
7987,2176,will compare,future,I,gelecek
7988,2176,will compare,future,you,gelecek
7989,2176,will compare,future,he/she,gelecek
7990,2176,will compare,future,we,gelecek
7991,2176,will compare,future,you (pl),gelecek
7992,2176,will compare,future,they,gelecek
7993,2181,give up,present,I,şimdi
7994,2181,give up,present,you,şimdi
7995,2181,gives up,present,he/she,şimdi
7996,2181,give up,present,we,şimdi
7997,2181,give up,present,you (pl),şimdi
7998,2181,give up,present,they,şimdi
7999,2181,gave up,past,I,di
8000,2181,gave up,past,you,di
8001,2181,gave up,past,he/she,di
8002,2181,gave up,past,we,di
8003,2181,gave up,past,you (pl),di
8004,2181,gave up,past,they,di
8005,2181,will give up,future,I,gelecek
8006,2181,will give up,future,you,gelecek
8007,2181,will give up,future,he/she,gelecek
8008,2181,will give up,future,we,gelecek
8009,2181,will give up,future,you (pl),gelecek
8010,2181,will give up,future,they,gelecek
8011,2187,prioritise,present,I,şimdi
8012,2187,prioritise,present,you,şimdi
8013,2187,prioritises,present,he/she,şimdi
8014,2187,prioritise,present,we,şimdi
8015,2187,prioritise,present,you (pl),şimdi
8016,2187,prioritise,present,they,şimdi
8017,2187,prioritised,past,I,di
8018,2187,prioritised,past,you,di
8019,2187,prioritised,past,he/she,di
8020,2187,prioritised,past,we,di
8021,2187,prioritised,past,you (pl),di
8022,2187,prioritised,past,they,di
8023,2187,will prioritise,future,I,gelecek
8024,2187,will prioritise,future,you,gelecek
8025,2187,will prioritise,future,he/she,gelecek
8026,2187,will prioritise,future,we,gelecek
8027,2187,will prioritise,future,you (pl),gelecek
8028,2187,will prioritise,future,they,gelecek
8029,2188,multitask,present,I,şimdi
8030,2188,multitask,present,you,şimdi
8031,2188,multitasks,present,he/she,şimdi
8032,2188,multitask,present,we,şimdi
8033,2188,multitask,present,you (pl),şimdi
8034,2188,multitask,present,they,şimdi
8035,2188,multitasked,past,I,di
8036,2188,multitasked,past,you,di
8037,2188,multitasked,past,he/she,di
8038,2188,multitasked,past,we,di
8039,2188,multitasked,past,you (pl),di
8040,2188,multitasked,past,they,di
8041,2188,will multitask,future,I,gelecek
8042,2188,will multitask,future,you,gelecek
8043,2188,will multitask,future,he/she,gelecek
8044,2188,will multitask,future,we,gelecek
8045,2188,will multitask,future,you (pl),gelecek
8046,2188,will multitask,future,they,gelecek
8047,2189,keep up with,present,I,şimdi
8048,2189,keep up with,present,you,şimdi
8049,2189,keeps up with,present,he/she,şimdi
8050,2189,keep up with,present,we,şimdi
8051,2189,keep up with,present,you (pl),şimdi
8052,2189,keep up with,present,they,şimdi
8053,2189,kept up with,past,I,di
8054,2189,kept up with,past,you,di
8055,2189,kept up with,past,he/she,di
8056,2189,kept up with,past,we,di
8057,2189,kept up with,past,you (pl),di
8058,2189,kept up with,past,they,di
8059,2189,will keep up with,future,I,gelecek
8060,2189,will keep up with,future,you,gelecek
8061,2189,will keep up with,future,he/she,gelecek
8062,2189,will keep up with,future,we,gelecek
8063,2189,will keep up with,future,you (pl),gelecek
8064,2189,will keep up with,future,they,gelecek
8065,2196,transfer,present,I,şimdi
8066,2196,transfer,present,you,şimdi
8067,2196,transfers,present,he/she,şimdi
8068,2196,transfer,present,we,şimdi
8069,2196,transfer,present,you (pl),şimdi
8070,2196,transfer,present,they,şimdi
8071,2196,transfered,past,I,di
8072,2196,transfered,past,you,di
8073,2196,transfered,past,he/she,di
8074,2196,transfered,past,we,di
8075,2196,transfered,past,you (pl),di
8076,2196,transfered,past,they,di
8077,2196,will transfer,future,I,gelecek
8078,2196,will transfer,future,you,gelecek
8079,2196,will transfer,future,he/she,gelecek
8080,2196,will transfer,future,we,gelecek
8081,2196,will transfer,future,you (pl),gelecek
8082,2196,will transfer,future,they,gelecek
8083,2197,withdraw,present,I,şimdi
8084,2197,withdraw,present,you,şimdi
8085,2197,withdraws,present,he/she,şimdi
8086,2197,withdraw,present,we,şimdi
8087,2197,withdraw,present,you (pl),şimdi
8088,2197,withdraw,present,they,şimdi
8089,2197,withdrawed,past,I,di
8090,2197,withdrawed,past,you,di
8091,2197,withdrawed,past,he/she,di
8092,2197,withdrawed,past,we,di
8093,2197,withdrawed,past,you (pl),di
8094,2197,withdrawed,past,they,di
8095,2197,will withdraw,future,I,gelecek
8096,2197,will withdraw,future,you,gelecek
8097,2197,will withdraw,future,he/she,gelecek
8098,2197,will withdraw,future,we,gelecek
8099,2197,will withdraw,future,you (pl),gelecek
8100,2197,will withdraw,future,they,gelecek
8101,2198,deposit,present,I,şimdi
8102,2198,deposit,present,you,şimdi
8103,2198,deposits,present,he/she,şimdi
8104,2198,deposit,present,we,şimdi
8105,2198,deposit,present,you (pl),şimdi
8106,2198,deposit,present,they,şimdi
8107,2198,deposited,past,I,di
8108,2198,deposited,past,you,di
8109,2198,deposited,past,he/she,di
8110,2198,deposited,past,we,di
8111,2198,deposited,past,you (pl),di
8112,2198,deposited,past,they,di
8113,2198,will deposit,future,I,gelecek
8114,2198,will deposit,future,you,gelecek
8115,2198,will deposit,future,he/she,gelecek
8116,2198,will deposit,future,we,gelecek
8117,2198,will deposit,future,you (pl),gelecek
8118,2198,will deposit,future,they,gelecek
8119,2204,confide in,present,I,şimdi
8120,2204,confide in,present,you,şimdi
8121,2204,confides in,present,he/she,şimdi
8122,2204,confide in,present,we,şimdi
8123,2204,confide in,present,you (pl),şimdi
8124,2204,confide in,present,they,şimdi
8125,2204,confided in,past,I,di
8126,2204,confided in,past,you,di
8127,2204,confided in,past,he/she,di
8128,2204,confided in,past,we,di
8129,2204,confided in,past,you (pl),di
8130,2204,confided in,past,they,di
8131,2204,will confide in,future,I,gelecek
8132,2204,will confide in,future,you,gelecek
8133,2204,will confide in,future,he/she,gelecek
8134,2204,will confide in,future,we,gelecek
8135,2204,will confide in,future,you (pl),gelecek
8136,2204,will confide in,future,they,gelecek
8137,2205,stand by,present,I,şimdi
8138,2205,stand by,present,you,şimdi
8139,2205,stands by,present,he/she,şimdi
8140,2205,stand by,present,we,şimdi
8141,2205,stand by,present,you (pl),şimdi
8142,2205,stand by,present,they,şimdi
8143,2205,stood by,past,I,di
8144,2205,stood by,past,you,di
8145,2205,stood by,past,he/she,di
8146,2205,stood by,past,we,di
8147,2205,stood by,past,you (pl),di
8148,2205,stood by,past,they,di
8149,2205,will stand by,future,I,gelecek
8150,2205,will stand by,future,you,gelecek
8151,2205,will stand by,future,he/she,gelecek
8152,2205,will stand by,future,we,gelecek
8153,2205,will stand by,future,you (pl),gelecek
8154,2205,will stand by,future,they,gelecek
8155,2206,let down,present,I,şimdi
8156,2206,let down,present,you,şimdi
8157,2206,lets down,present,he/she,şimdi
8158,2206,let down,present,we,şimdi
8159,2206,let down,present,you (pl),şimdi
8160,2206,let down,present,they,şimdi
8161,2206,let down,past,I,di
8162,2206,let down,past,you,di
8163,2206,let down,past,he/she,di
8164,2206,let down,past,we,di
8165,2206,let down,past,you (pl),di
8166,2206,let down,past,they,di
8167,2206,will let down,future,I,gelecek
8168,2206,will let down,future,you,gelecek
8169,2206,will let down,future,he/she,gelecek
8170,2206,will let down,future,we,gelecek
8171,2206,will let down,future,you (pl),gelecek
8172,2206,will let down,future,they,gelecek
8173,2207,put up with,present,I,şimdi
8174,2207,put up with,present,you,şimdi
8175,2207,puts up with,present,he/she,şimdi
8176,2207,put up with,present,we,şimdi
8177,2207,put up with,present,you (pl),şimdi
8178,2207,put up with,present,they,şimdi
8179,2207,put up with,past,I,di
8180,2207,put up with,past,you,di
8181,2207,put up with,past,he/she,di
8182,2207,put up with,past,we,di
8183,2207,put up with,past,you (pl),di
8184,2207,put up with,past,they,di
8185,2207,will put up with,future,I,gelecek
8186,2207,will put up with,future,you,gelecek
8187,2207,will put up with,future,he/she,gelecek
8188,2207,will put up with,future,we,gelecek
8189,2207,will put up with,future,you (pl),gelecek
8190,2207,will put up with,future,they,gelecek
8191,2208,look after,present,I,şimdi
8192,2208,look after,present,you,şimdi
8193,2208,looks after,present,he/she,şimdi
8194,2208,look after,present,we,şimdi
8195,2208,look after,present,you (pl),şimdi
8196,2208,look after,present,they,şimdi
8197,2208,looked after,past,I,di
8198,2208,looked after,past,you,di
8199,2208,looked after,past,he/she,di
8200,2208,looked after,past,we,di
8201,2208,looked after,past,you (pl),di
8202,2208,looked after,past,they,di
8203,2208,will look after,future,I,gelecek
8204,2208,will look after,future,you,gelecek
8205,2208,will look after,future,he/she,gelecek
8206,2208,will look after,future,we,gelecek
8207,2208,will look after,future,you (pl),gelecek
8208,2208,will look after,future,they,gelecek
8209,2215,investigate,present,I,şimdi
8210,2215,investigate,present,you,şimdi
8211,2215,investigates,present,he/she,şimdi
8212,2215,investigate,present,we,şimdi
8213,2215,investigate,present,you (pl),şimdi
8214,2215,investigate,present,they,şimdi
8215,2215,investigated,past,I,di
8216,2215,investigated,past,you,di
8217,2215,investigated,past,he/she,di
8218,2215,investigated,past,we,di
8219,2215,investigated,past,you (pl),di
8220,2215,investigated,past,they,di
8221,2215,will investigate,future,I,gelecek
8222,2215,will investigate,future,you,gelecek
8223,2215,will investigate,future,he/she,gelecek
8224,2215,will investigate,future,we,gelecek
8225,2215,will investigate,future,you (pl),gelecek
8226,2215,will investigate,future,they,gelecek
8227,2216,convict,present,I,şimdi
8228,2216,convict,present,you,şimdi
8229,2216,convicts,present,he/she,şimdi
8230,2216,convict,present,we,şimdi
8231,2216,convict,present,you (pl),şimdi
8232,2216,convict,present,they,şimdi
8233,2216,convicted,past,I,di
8234,2216,convicted,past,you,di
8235,2216,convicted,past,he/she,di
8236,2216,convicted,past,we,di
8237,2216,convicted,past,you (pl),di
8238,2216,convicted,past,they,di
8239,2216,will convict,future,I,gelecek
8240,2216,will convict,future,you,gelecek
8241,2216,will convict,future,he/she,gelecek
8242,2216,will convict,future,we,gelecek
8243,2216,will convict,future,you (pl),gelecek
8244,2216,will convict,future,they,gelecek
8245,2217,acquit,present,I,şimdi
8246,2217,acquit,present,you,şimdi
8247,2217,acquits,present,he/she,şimdi
8248,2217,acquit,present,we,şimdi
8249,2217,acquit,present,you (pl),şimdi
8250,2217,acquit,present,they,şimdi
8251,2217,acquited,past,I,di
8252,2217,acquited,past,you,di
8253,2217,acquited,past,he/she,di
8254,2217,acquited,past,we,di
8255,2217,acquited,past,you (pl),di
8256,2217,acquited,past,they,di
8257,2217,will acquit,future,I,gelecek
8258,2217,will acquit,future,you,gelecek
8259,2217,will acquit,future,he/she,gelecek
8260,2217,will acquit,future,we,gelecek
8261,2217,will acquit,future,you (pl),gelecek
8262,2217,will acquit,future,they,gelecek
8263,2218,deter,present,I,şimdi
8264,2218,deter,present,you,şimdi
8265,2218,deters,present,he/she,şimdi
8266,2218,deter,present,we,şimdi
8267,2218,deter,present,you (pl),şimdi
8268,2218,deter,present,they,şimdi
8269,2218,detered,past,I,di
8270,2218,detered,past,you,di
8271,2218,detered,past,he/she,di
8272,2218,detered,past,we,di
8273,2218,detered,past,you (pl),di
8274,2218,detered,past,they,di
8275,2218,will deter,future,I,gelecek
8276,2218,will deter,future,you,gelecek
8277,2218,will deter,future,he/she,gelecek
8278,2218,will deter,future,we,gelecek
8279,2218,will deter,future,you (pl),gelecek
8280,2218,will deter,future,they,gelecek
8281,2219,prevent,present,I,şimdi
8282,2219,prevent,present,you,şimdi
8283,2219,prevents,present,he/she,şimdi
8284,2219,prevent,present,we,şimdi
8285,2219,prevent,present,you (pl),şimdi
8286,2219,prevent,present,they,şimdi
8287,2219,prevented,past,I,di
8288,2219,prevented,past,you,di
8289,2219,prevented,past,he/she,di
8290,2219,prevented,past,we,di
8291,2219,prevented,past,you (pl),di
8292,2219,prevented,past,they,di
8293,2219,will prevent,future,I,gelecek
8294,2219,will prevent,future,you,gelecek
8295,2219,will prevent,future,he/she,gelecek
8296,2219,will prevent,future,we,gelecek
8297,2219,will prevent,future,you (pl),gelecek
8298,2219,will prevent,future,they,gelecek
8299,2225,diagnose,present,I,şimdi
8300,2225,diagnose,present,you,şimdi
8301,2225,diagnoses,present,he/she,şimdi
8302,2225,diagnose,present,we,şimdi
8303,2225,diagnose,present,you (pl),şimdi
8304,2225,diagnose,present,they,şimdi
8305,2225,diagnosed,past,I,di
8306,2225,diagnosed,past,you,di
8307,2225,diagnosed,past,he/she,di
8308,2225,diagnosed,past,we,di
8309,2225,diagnosed,past,you (pl),di
8310,2225,diagnosed,past,they,di
8311,2225,will diagnose,future,I,gelecek
8312,2225,will diagnose,future,you,gelecek
8313,2225,will diagnose,future,he/she,gelecek
8314,2225,will diagnose,future,we,gelecek
8315,2225,will diagnose,future,you (pl),gelecek
8316,2225,will diagnose,future,they,gelecek
8317,2226,prescribe,present,I,şimdi
8318,2226,prescribe,present,you,şimdi
8319,2226,prescribes,present,he/she,şimdi
8320,2226,prescribe,present,we,şimdi
8321,2226,prescribe,present,you (pl),şimdi
8322,2226,prescribe,present,they,şimdi
8323,2226,prescribed,past,I,di
8324,2226,prescribed,past,you,di
8325,2226,prescribed,past,he/she,di
8326,2226,prescribed,past,we,di
8327,2226,prescribed,past,you (pl),di
8328,2226,prescribed,past,they,di
8329,2226,will prescribe,future,I,gelecek
8330,2226,will prescribe,future,you,gelecek
8331,2226,will prescribe,future,he/she,gelecek
8332,2226,will prescribe,future,we,gelecek
8333,2226,will prescribe,future,you (pl),gelecek
8334,2226,will prescribe,future,they,gelecek
8335,2227,recover from,present,I,şimdi
8336,2227,recover from,present,you,şimdi
8337,2227,recovers from,present,he/she,şimdi
8338,2227,recover from,present,we,şimdi
8339,2227,recover from,present,you (pl),şimdi
8340,2227,recover from,present,they,şimdi
8341,2227,recovered from,past,I,di
8342,2227,recovered from,past,you,di
8343,2227,recovered from,past,he/she,di
8344,2227,recovered from,past,we,di
8345,2227,recovered from,past,you (pl),di
8346,2227,recovered from,past,they,di
8347,2227,will recover from,future,I,gelecek
8348,2227,will recover from,future,you,gelecek
8349,2227,will recover from,future,he/she,gelecek
8350,2227,will recover from,future,we,gelecek
8351,2227,will recover from,future,you (pl),gelecek
8352,2227,will recover from,future,they,gelecek
8353,2234,cut down,present,I,şimdi
8354,2234,cut down,present,you,şimdi
8355,2234,cuts down,present,he/she,şimdi
8356,2234,cut down,present,we,şimdi
8357,2234,cut down,present,you (pl),şimdi
8358,2234,cut down,present,they,şimdi
8359,2234,cut down,past,I,di
8360,2234,cut down,past,you,di
8361,2234,cut down,past,he/she,di
8362,2234,cut down,past,we,di
8363,2234,cut down,past,you (pl),di
8364,2234,cut down,past,they,di
8365,2234,will cut down,future,I,gelecek
8366,2234,will cut down,future,you,gelecek
8367,2234,will cut down,future,he/she,gelecek
8368,2234,will cut down,future,we,gelecek
8369,2234,will cut down,future,you (pl),gelecek
8370,2234,will cut down,future,they,gelecek
8371,2235,die out,present,I,şimdi
8372,2235,die out,present,you,şimdi
8373,2235,dies out,present,he/she,şimdi
8374,2235,die out,present,we,şimdi
8375,2235,die out,present,you (pl),şimdi
8376,2235,die out,present,they,şimdi
8377,2235,died out,past,I,di
8378,2235,died out,past,you,di
8379,2235,died out,past,he/she,di
8380,2235,died out,past,we,di
8381,2235,died out,past,you (pl),di
8382,2235,died out,past,they,di
8383,2235,will die out,future,I,gelecek
8384,2235,will die out,future,you,gelecek
8385,2235,will die out,future,he/she,gelecek
8386,2235,will die out,future,we,gelecek
8387,2235,will die out,future,you (pl),gelecek
8388,2235,will die out,future,they,gelecek
8389,2236,clean up,present,I,şimdi
8390,2236,clean up,present,you,şimdi
8391,2236,cleans up,present,he/she,şimdi
8392,2236,clean up,present,we,şimdi
8393,2236,clean up,present,you (pl),şimdi
8394,2236,clean up,present,they,şimdi
8395,2236,cleaned up,past,I,di
8396,2236,cleaned up,past,you,di
8397,2236,cleaned up,past,he/she,di
8398,2236,cleaned up,past,we,di
8399,2236,cleaned up,past,you (pl),di
8400,2236,cleaned up,past,they,di
8401,2236,will clean up,future,I,gelecek
8402,2236,will clean up,future,you,gelecek
8403,2236,will clean up,future,he/she,gelecek
8404,2236,will clean up,future,we,gelecek
8405,2236,will clean up,future,you (pl),gelecek
8406,2236,will clean up,future,they,gelecek
8407,2237,switch to,present,I,şimdi
8408,2237,switch to,present,you,şimdi
8409,2237,switches to,present,he/she,şimdi
8410,2237,switch to,present,we,şimdi
8411,2237,switch to,present,you (pl),şimdi
8412,2237,switch to,present,they,şimdi
8413,2237,switched to,past,I,di
8414,2237,switched to,past,you,di
8415,2237,switched to,past,he/she,di
8416,2237,switched to,past,we,di
8417,2237,switched to,past,you (pl),di
8418,2237,switched to,past,they,di
8419,2237,will switch to,future,I,gelecek
8420,2237,will switch to,future,you,gelecek
8421,2237,will switch to,future,he/she,gelecek
8422,2237,will switch to,future,we,gelecek
8423,2237,will switch to,future,you (pl),gelecek
8424,2237,will switch to,future,they,gelecek
8425,2238,cut emissions,present,I,şimdi
8426,2238,cut emissions,present,you,şimdi
8427,2238,cuts emissions,present,he/she,şimdi
8428,2238,cut emissions,present,we,şimdi
8429,2238,cut emissions,present,you (pl),şimdi
8430,2238,cut emissions,present,they,şimdi
8431,2238,cut emissions,past,I,di
8432,2238,cut emissions,past,you,di
8433,2238,cut emissions,past,he/she,di
8434,2238,cut emissions,past,we,di
8435,2238,cut emissions,past,you (pl),di
8436,2238,cut emissions,past,they,di
8437,2238,will cut emissions,future,I,gelecek
8438,2238,will cut emissions,future,you,gelecek
8439,2238,will cut emissions,future,he/she,gelecek
8440,2238,will cut emissions,future,we,gelecek
8441,2238,will cut emissions,future,you (pl),gelecek
8442,2238,will cut emissions,future,they,gelecek
8443,2245,enrol on,present,I,şimdi
8444,2245,enrol on,present,you,şimdi
8445,2245,enrols on,present,he/she,şimdi
8446,2245,enrol on,present,we,şimdi
8447,2245,enrol on,present,you (pl),şimdi
8448,2245,enrol on,present,they,şimdi
8449,2245,enroled on,past,I,di
8450,2245,enroled on,past,you,di
8451,2245,enroled on,past,he/she,di
8452,2245,enroled on,past,we,di
8453,2245,enroled on,past,you (pl),di
8454,2245,enroled on,past,they,di
8455,2245,will enrol on,future,I,gelecek
8456,2245,will enrol on,future,you,gelecek
8457,2245,will enrol on,future,he/she,gelecek
8458,2245,will enrol on,future,we,gelecek
8459,2245,will enrol on,future,you (pl),gelecek
8460,2245,will enrol on,future,they,gelecek
8461,2246,sit an exam,present,I,şimdi
8462,2246,sit an exam,present,you,şimdi
8463,2246,sits an exam,present,he/she,şimdi
8464,2246,sit an exam,present,we,şimdi
8465,2246,sit an exam,present,you (pl),şimdi
8466,2246,sit an exam,present,they,şimdi
8467,2246,sat an exam,past,I,di
8468,2246,sat an exam,past,you,di
8469,2246,sat an exam,past,he/she,di
8470,2246,sat an exam,past,we,di
8471,2246,sat an exam,past,you (pl),di
8472,2246,sat an exam,past,they,di
8473,2246,will sit an exam,future,I,gelecek
8474,2246,will sit an exam,future,you,gelecek
8475,2246,will sit an exam,future,he/she,gelecek
8476,2246,will sit an exam,future,we,gelecek
8477,2246,will sit an exam,future,you (pl),gelecek
8478,2246,will sit an exam,future,they,gelecek
8479,2247,skip class,present,I,şimdi
8480,2247,skip class,present,you,şimdi
8481,2247,skips class,present,he/she,şimdi
8482,2247,skip class,present,we,şimdi
8483,2247,skip class,present,you (pl),şimdi
8484,2247,skip class,present,they,şimdi
8485,2247,skipped class,past,I,di
8486,2247,skipped class,past,you,di
8487,2247,skipped class,past,he/she,di
8488,2247,skipped class,past,we,di
8489,2247,skipped class,past,you (pl),di
8490,2247,skipped class,past,they,di
8491,2247,will skip class,future,I,gelecek
8492,2247,will skip class,future,you,gelecek
8493,2247,will skip class,future,he/she,gelecek
8494,2247,will skip class,future,we,gelecek
8495,2247,will skip class,future,you (pl),gelecek
8496,2247,will skip class,future,they,gelecek
8497,2252,binge-watch,present,I,şimdi
8498,2252,binge-watch,present,you,şimdi
8499,2252,binge-watches,present,he/she,şimdi
8500,2252,binge-watch,present,we,şimdi
8501,2252,binge-watch,present,you (pl),şimdi
8502,2252,binge-watch,present,they,şimdi
8503,2252,binge-watched,past,I,di
8504,2252,binge-watched,past,you,di
8505,2252,binge-watched,past,he/she,di
8506,2252,binge-watched,past,we,di
8507,2252,binge-watched,past,you (pl),di
8508,2252,binge-watched,past,they,di
8509,2252,will binge-watch,future,I,gelecek
8510,2252,will binge-watch,future,you,gelecek
8511,2252,will binge-watch,future,he/she,gelecek
8512,2252,will binge-watch,future,we,gelecek
8513,2252,will binge-watch,future,you (pl),gelecek
8514,2252,will binge-watch,future,they,gelecek
8515,2253,unfollow,present,I,şimdi
8516,2253,unfollow,present,you,şimdi
8517,2253,unfollows,present,he/she,şimdi
8518,2253,unfollow,present,we,şimdi
8519,2253,unfollow,present,you (pl),şimdi
8520,2253,unfollow,present,they,şimdi
8521,2253,unfollowed,past,I,di
8522,2253,unfollowed,past,you,di
8523,2253,unfollowed,past,he/she,di
8524,2253,unfollowed,past,we,di
8525,2253,unfollowed,past,you (pl),di
8526,2253,unfollowed,past,they,di
8527,2253,will unfollow,future,I,gelecek
8528,2253,will unfollow,future,you,gelecek
8529,2253,will unfollow,future,he/she,gelecek
8530,2253,will unfollow,future,we,gelecek
8531,2253,will unfollow,future,you (pl),gelecek
8532,2253,will unfollow,future,they,gelecek
8533,2259,log in,present,I,şimdi
8534,2259,log in,present,you,şimdi
8535,2259,logs in,present,he/she,şimdi
8536,2259,log in,present,we,şimdi
8537,2259,log in,present,you (pl),şimdi
8538,2259,log in,present,they,şimdi
8539,2259,logged in,past,I,di
8540,2259,logged in,past,you,di
8541,2259,logged in,past,he/she,di
8542,2259,logged in,past,we,di
8543,2259,logged in,past,you (pl),di
8544,2259,logged in,past,they,di
8545,2259,will log in,future,I,gelecek
8546,2259,will log in,future,you,gelecek
8547,2259,will log in,future,he/she,gelecek
8548,2259,will log in,future,we,gelecek
8549,2259,will log in,future,you (pl),gelecek
8550,2259,will log in,future,they,gelecek
8551,2260,log out,present,I,şimdi
8552,2260,log out,present,you,şimdi
8553,2260,logs out,present,he/she,şimdi
8554,2260,log out,present,we,şimdi
8555,2260,log out,present,you (pl),şimdi
8556,2260,log out,present,they,şimdi
8557,2260,logged out,past,I,di
8558,2260,logged out,past,you,di
8559,2260,logged out,past,he/she,di
8560,2260,logged out,past,we,di
8561,2260,logged out,past,you (pl),di
8562,2260,logged out,past,they,di
8563,2260,will log out,future,I,gelecek
8564,2260,will log out,future,you,gelecek
8565,2260,will log out,future,he/she,gelecek
8566,2260,will log out,future,we,gelecek
8567,2260,will log out,future,you (pl),gelecek
8568,2260,will log out,future,they,gelecek
8569,2261,sign up,present,I,şimdi
8570,2261,sign up,present,you,şimdi
8571,2261,signs up,present,he/she,şimdi
8572,2261,sign up,present,we,şimdi
8573,2261,sign up,present,you (pl),şimdi
8574,2261,sign up,present,they,şimdi
8575,2261,signed up,past,I,di
8576,2261,signed up,past,you,di
8577,2261,signed up,past,he/she,di
8578,2261,signed up,past,we,di
8579,2261,signed up,past,you (pl),di
8580,2261,signed up,past,they,di
8581,2261,will sign up,future,I,gelecek
8582,2261,will sign up,future,you,gelecek
8583,2261,will sign up,future,he/she,gelecek
8584,2261,will sign up,future,we,gelecek
8585,2261,will sign up,future,you (pl),gelecek
8586,2261,will sign up,future,they,gelecek
8587,2262,back up,present,I,şimdi
8588,2262,back up,present,you,şimdi
8589,2262,backs up,present,he/she,şimdi
8590,2262,back up,present,we,şimdi
8591,2262,back up,present,you (pl),şimdi
8592,2262,back up,present,they,şimdi
8593,2262,backed up,past,I,di
8594,2262,backed up,past,you,di
8595,2262,backed up,past,he/she,di
8596,2262,backed up,past,we,di
8597,2262,backed up,past,you (pl),di
8598,2262,backed up,past,they,di
8599,2262,will back up,future,I,gelecek
8600,2262,will back up,future,you,gelecek
8601,2262,will back up,future,he/she,gelecek
8602,2262,will back up,future,we,gelecek
8603,2262,will back up,future,you (pl),gelecek
8604,2262,will back up,future,they,gelecek
8605,2263,wipe,present,I,şimdi
8606,2263,wipe,present,you,şimdi
8607,2263,wipes,present,he/she,şimdi
8608,2263,wipe,present,we,şimdi
8609,2263,wipe,present,you (pl),şimdi
8610,2263,wipe,present,they,şimdi
8611,2263,wiped,past,I,di
8612,2263,wiped,past,you,di
8613,2263,wiped,past,he/she,di
8614,2263,wiped,past,we,di
8615,2263,wiped,past,you (pl),di
8616,2263,wiped,past,they,di
8617,2263,will wipe,future,I,gelecek
8618,2263,will wipe,future,you,gelecek
8619,2263,will wipe,future,he/she,gelecek
8620,2263,will wipe,future,we,gelecek
8621,2263,will wipe,future,you (pl),gelecek
8622,2263,will wipe,future,they,gelecek
8623,2269,stop over,present,I,şimdi
8624,2269,stop over,present,you,şimdi
8625,2269,stops over,present,he/she,şimdi
8626,2269,stop over,present,we,şimdi
8627,2269,stop over,present,you (pl),şimdi
8628,2269,stop over,present,they,şimdi
8629,2269,stopped over,past,I,di
8630,2269,stopped over,past,you,di
8631,2269,stopped over,past,he/she,di
8632,2269,stopped over,past,we,di
8633,2269,stopped over,past,you (pl),di
8634,2269,stopped over,past,they,di
8635,2269,will stop over,future,I,gelecek
8636,2269,will stop over,future,you,gelecek
8637,2269,will stop over,future,he/she,gelecek
8638,2269,will stop over,future,we,gelecek
8639,2269,will stop over,future,you (pl),gelecek
8640,2269,will stop over,future,they,gelecek
8641,2270,check in online,present,I,şimdi
8642,2270,check in online,present,you,şimdi
8643,2270,checks in online,present,he/she,şimdi
8644,2270,check in online,present,we,şimdi
8645,2270,check in online,present,you (pl),şimdi
8646,2270,check in online,present,they,şimdi
8647,2270,checked in online,past,I,di
8648,2270,checked in online,past,you,di
8649,2270,checked in online,past,he/she,di
8650,2270,checked in online,past,we,di
8651,2270,checked in online,past,you (pl),di
8652,2270,checked in online,past,they,di
8653,2270,will check in online,future,I,gelecek
8654,2270,will check in online,future,you,gelecek
8655,2270,will check in online,future,he/she,gelecek
8656,2270,will check in online,future,we,gelecek
8657,2270,will check in online,future,you (pl),gelecek
8658,2270,will check in online,future,they,gelecek
8659,2271,go sightseeing,present,I,şimdi
8660,2271,go sightseeing,present,you,şimdi
8661,2271,goes sightseeing,present,he/she,şimdi
8662,2271,go sightseeing,present,we,şimdi
8663,2271,go sightseeing,present,you (pl),şimdi
8664,2271,go sightseeing,present,they,şimdi
8665,2271,went sightseeing,past,I,di
8666,2271,went sightseeing,past,you,di
8667,2271,went sightseeing,past,he/she,di
8668,2271,went sightseeing,past,we,di
8669,2271,went sightseeing,past,you (pl),di
8670,2271,went sightseeing,past,they,di
8671,2271,will go sightseeing,future,I,gelecek
8672,2271,will go sightseeing,future,you,gelecek
8673,2271,will go sightseeing,future,he/she,gelecek
8674,2271,will go sightseeing,future,we,gelecek
8675,2271,will go sightseeing,future,you (pl),gelecek
8676,2271,will go sightseeing,future,they,gelecek
8677,2272,travel light,present,I,şimdi
8678,2272,travel light,present,you,şimdi
8679,2272,travels light,present,he/she,şimdi
8680,2272,travel light,present,we,şimdi
8681,2272,travel light,present,you (pl),şimdi
8682,2272,travel light,present,they,şimdi
8683,2272,traveled light,past,I,di
8684,2272,traveled light,past,you,di
8685,2272,traveled light,past,he/she,di
8686,2272,traveled light,past,we,di
8687,2272,traveled light,past,you (pl),di
8688,2272,traveled light,past,they,di
8689,2272,will travel light,future,I,gelecek
8690,2272,will travel light,future,you,gelecek
8691,2272,will travel light,future,he/she,gelecek
8692,2272,will travel light,future,we,gelecek
8693,2272,will travel light,future,you (pl),gelecek
8694,2272,will travel light,future,they,gelecek
8695,2278,step down,present,I,şimdi
8696,2278,step down,present,you,şimdi
8697,2278,steps down,present,he/she,şimdi
8698,2278,step down,present,we,şimdi
8699,2278,step down,present,you (pl),şimdi
8700,2278,step down,present,they,şimdi
8701,2278,stepped down,past,I,di
8702,2278,stepped down,past,you,di
8703,2278,stepped down,past,he/she,di
8704,2278,stepped down,past,we,di
8705,2278,stepped down,past,you (pl),di
8706,2278,stepped down,past,they,di
8707,2278,will step down,future,I,gelecek
8708,2278,will step down,future,you,gelecek
8709,2278,will step down,future,he/she,gelecek
8710,2278,will step down,future,we,gelecek
8711,2278,will step down,future,you (pl),gelecek
8712,2278,will step down,future,they,gelecek
8713,2279,take over,present,I,şimdi
8714,2279,take over,present,you,şimdi
8715,2279,takes over,present,he/she,şimdi
8716,2279,take over,present,we,şimdi
8717,2279,take over,present,you (pl),şimdi
8718,2279,take over,present,they,şimdi
8719,2279,took over,past,I,di
8720,2279,took over,past,you,di
8721,2279,took over,past,he/she,di
8722,2279,took over,past,we,di
8723,2279,took over,past,you (pl),di
8724,2279,took over,past,they,di
8725,2279,will take over,future,I,gelecek
8726,2279,will take over,future,you,gelecek
8727,2279,will take over,future,he/she,gelecek
8728,2279,will take over,future,we,gelecek
8729,2279,will take over,future,you (pl),gelecek
8730,2279,will take over,future,they,gelecek
8731,2280,climb the ladder,present,I,şimdi
8732,2280,climb the ladder,present,you,şimdi
8733,2280,climbs the ladder,present,he/she,şimdi
8734,2280,climb the ladder,present,we,şimdi
8735,2280,climb the ladder,present,you (pl),şimdi
8736,2280,climb the ladder,present,they,şimdi
8737,2280,climbed the ladder,past,I,di
8738,2280,climbed the ladder,past,you,di
8739,2280,climbed the ladder,past,he/she,di
8740,2280,climbed the ladder,past,we,di
8741,2280,climbed the ladder,past,you (pl),di
8742,2280,climbed the ladder,past,they,di
8743,2280,will climb the ladder,future,I,gelecek
8744,2280,will climb the ladder,future,you,gelecek
8745,2280,will climb the ladder,future,he/she,gelecek
8746,2280,will climb the ladder,future,we,gelecek
8747,2280,will climb the ladder,future,you (pl),gelecek
8748,2280,will climb the ladder,future,they,gelecek
8749,2287,warm up,present,I,şimdi
8750,2287,warm up,present,you,şimdi
8751,2287,warms up,present,he/she,şimdi
8752,2287,warm up,present,we,şimdi
8753,2287,warm up,present,you (pl),şimdi
8754,2287,warm up,present,they,şimdi
8755,2287,warmed up,past,I,di
8756,2287,warmed up,past,you,di
8757,2287,warmed up,past,he/she,di
8758,2287,warmed up,past,we,di
8759,2287,warmed up,past,you (pl),di
8760,2287,warmed up,past,they,di
8761,2287,will warm up,future,I,gelecek
8762,2287,will warm up,future,you,gelecek
8763,2287,will warm up,future,he/she,gelecek
8764,2287,will warm up,future,we,gelecek
8765,2287,will warm up,future,you (pl),gelecek
8766,2287,will warm up,future,they,gelecek
8767,2288,work out,present,I,şimdi
8768,2288,work out,present,you,şimdi
8769,2288,works out,present,he/she,şimdi
8770,2288,work out,present,we,şimdi
8771,2288,work out,present,you (pl),şimdi
8772,2288,work out,present,they,şimdi
8773,2288,worked out,past,I,di
8774,2288,worked out,past,you,di
8775,2288,worked out,past,he/she,di
8776,2288,worked out,past,we,di
8777,2288,worked out,past,you (pl),di
8778,2288,worked out,past,they,di
8779,2288,will work out,future,I,gelecek
8780,2288,will work out,future,you,gelecek
8781,2288,will work out,future,he/she,gelecek
8782,2288,will work out,future,we,gelecek
8783,2288,will work out,future,you (pl),gelecek
8784,2288,will work out,future,they,gelecek
8785,2289,knock out,present,I,şimdi
8786,2289,knock out,present,you,şimdi
8787,2289,knocks out,present,he/she,şimdi
8788,2289,knock out,present,we,şimdi
8789,2289,knock out,present,you (pl),şimdi
8790,2289,knock out,present,they,şimdi
8791,2289,knocked out,past,I,di
8792,2289,knocked out,past,you,di
8793,2289,knocked out,past,he/she,di
8794,2289,knocked out,past,we,di
8795,2289,knocked out,past,you (pl),di
8796,2289,knocked out,past,they,di
8797,2289,will knock out,future,I,gelecek
8798,2289,will knock out,future,you,gelecek
8799,2289,will knock out,future,he/she,gelecek
8800,2289,will knock out,future,we,gelecek
8801,2289,will knock out,future,you (pl),gelecek
8802,2289,will knock out,future,they,gelecek
8803,2290,equalise,present,I,şimdi
8804,2290,equalise,present,you,şimdi
8805,2290,equalises,present,he/she,şimdi
8806,2290,equalise,present,we,şimdi
8807,2290,equalise,present,you (pl),şimdi
8808,2290,equalise,present,they,şimdi
8809,2290,equalised,past,I,di
8810,2290,equalised,past,you,di
8811,2290,equalised,past,he/she,di
8812,2290,equalised,past,we,di
8813,2290,equalised,past,you (pl),di
8814,2290,equalised,past,they,di
8815,2290,will equalise,future,I,gelecek
8816,2290,will equalise,future,you,gelecek
8817,2290,will equalise,future,he/she,gelecek
8818,2290,will equalise,future,we,gelecek
8819,2290,will equalise,future,you (pl),gelecek
8820,2290,will equalise,future,they,gelecek
8821,2362,am born,present,I,şimdi
8822,2362,are born,present,you,şimdi
8823,2362,is born,present,he/she,şimdi
8824,2362,are born,present,we,şimdi
8825,2362,are born,present,you (pl),şimdi
8826,2362,are born,present,they,şimdi
8827,2362,was born,past,I,di
8828,2362,were born,past,you,di
8829,2362,was born,past,he/she,di
8830,2362,were born,past,we,di
8831,2362,were born,past,you (pl),di
8832,2362,were born,past,they,di
8833,2362,will be born,future,I,gelecek
8834,2362,will be born,future,you,gelecek
8835,2362,will be born,future,he/she,gelecek
8836,2362,will be born,future,we,gelecek
8837,2362,will be born,future,you (pl),gelecek
8838,2362,will be born,future,they,gelecek
8839,2363,fall in love,present,I,şimdi
8840,2363,fall in love,present,you,şimdi
8841,2363,falls in love,present,he/she,şimdi
8842,2363,fall in love,present,we,şimdi
8843,2363,fall in love,present,you (pl),şimdi
8844,2363,fall in love,present,they,şimdi
8845,2363,fell in love,past,I,di
8846,2363,fell in love,past,you,di
8847,2363,fell in love,past,he/she,di
8848,2363,fell in love,past,we,di
8849,2363,fell in love,past,you (pl),di
8850,2363,fell in love,past,they,di
8851,2363,will fall in love,future,I,gelecek
8852,2363,will fall in love,future,you,gelecek
8853,2363,will fall in love,future,he/she,gelecek
8854,2363,will fall in love,future,we,gelecek
8855,2363,will fall in love,future,you (pl),gelecek
8856,2363,will fall in love,future,they,gelecek
8857,2364,get engaged,present,I,şimdi
8858,2364,get engaged,present,you,şimdi
8859,2364,gets engaged,present,he/she,şimdi
8860,2364,get engaged,present,we,şimdi
8861,2364,get engaged,present,you (pl),şimdi
8862,2364,get engaged,present,they,şimdi
8863,2364,got engaged,past,I,di
8864,2364,got engaged,past,you,di
8865,2364,got engaged,past,he/she,di
8866,2364,got engaged,past,we,di
8867,2364,got engaged,past,you (pl),di
8868,2364,got engaged,past,they,di
8869,2364,will get engaged,future,I,gelecek
8870,2364,will get engaged,future,you,gelecek
8871,2364,will get engaged,future,he/she,gelecek
8872,2364,will get engaged,future,we,gelecek
8873,2364,will get engaged,future,you (pl),gelecek
8874,2364,will get engaged,future,they,gelecek
8875,2365,have a baby,present,I,şimdi
8876,2365,have a baby,present,you,şimdi
8877,2365,has a baby,present,he/she,şimdi
8878,2365,have a baby,present,we,şimdi
8879,2365,have a baby,present,you (pl),şimdi
8880,2365,have a baby,present,they,şimdi
8881,2365,had a baby,past,I,di
8882,2365,had a baby,past,you,di
8883,2365,had a baby,past,he/she,di
8884,2365,had a baby,past,we,di
8885,2365,had a baby,past,you (pl),di
8886,2365,had a baby,past,they,di
8887,2365,will have a baby,future,I,gelecek
8888,2365,will have a baby,future,you,gelecek
8889,2365,will have a baby,future,he/she,gelecek
8890,2365,will have a baby,future,we,gelecek
8891,2365,will have a baby,future,you (pl),gelecek
8892,2365,will have a baby,future,they,gelecek
8893,2366,pass away,present,I,şimdi
8894,2366,pass away,present,you,şimdi
8895,2366,passes away,present,he/she,şimdi
8896,2366,pass away,present,we,şimdi
8897,2366,pass away,present,you (pl),şimdi
8898,2366,pass away,present,they,şimdi
8899,2366,passed away,past,I,di
8900,2366,passed away,past,you,di
8901,2366,passed away,past,he/she,di
8902,2366,passed away,past,we,di
8903,2366,passed away,past,you (pl),di
8904,2366,passed away,past,they,di
8905,2366,will pass away,future,I,gelecek
8906,2366,will pass away,future,you,gelecek
8907,2366,will pass away,future,he/she,gelecek
8908,2366,will pass away,future,we,gelecek
8909,2366,will pass away,future,you (pl),gelecek
8910,2366,will pass away,future,they,gelecek
8911,2408,play down,present,I,şimdi
8912,2408,play down,present,you,şimdi
8913,2408,plays down,present,he/she,şimdi
8914,2408,play down,present,we,şimdi
8915,2408,play down,present,you (pl),şimdi
8916,2408,play down,present,they,şimdi
8917,2408,played down,past,I,di
8918,2408,played down,past,you,di
8919,2408,played down,past,he/she,di
8920,2408,played down,past,we,di
8921,2408,played down,past,you (pl),di
8922,2408,played down,past,they,di
8923,2408,will play down,future,I,gelecek
8924,2408,will play down,future,you,gelecek
8925,2408,will play down,future,he/she,gelecek
8926,2408,will play down,future,we,gelecek
8927,2408,will play down,future,you (pl),gelecek
8928,2408,will play down,future,they,gelecek
8929,2409,play up,present,I,şimdi
8930,2409,play up,present,you,şimdi
8931,2409,plays up,present,he/she,şimdi
8932,2409,play up,present,we,şimdi
8933,2409,play up,present,you (pl),şimdi
8934,2409,play up,present,they,şimdi
8935,2409,played up,past,I,di
8936,2409,played up,past,you,di
8937,2409,played up,past,he/she,di
8938,2409,played up,past,we,di
8939,2409,played up,past,you (pl),di
8940,2409,played up,past,they,di
8941,2409,will play up,future,I,gelecek
8942,2409,will play up,future,you,gelecek
8943,2409,will play up,future,he/she,gelecek
8944,2409,will play up,future,we,gelecek
8945,2409,will play up,future,you (pl),gelecek
8946,2409,will play up,future,they,gelecek
8947,2410,water down,present,I,şimdi
8948,2410,water down,present,you,şimdi
8949,2410,waters down,present,he/she,şimdi
8950,2410,water down,present,we,şimdi
8951,2410,water down,present,you (pl),şimdi
8952,2410,water down,present,they,şimdi
8953,2410,watered down,past,I,di
8954,2410,watered down,past,you,di
8955,2410,watered down,past,he/she,di
8956,2410,watered down,past,we,di
8957,2410,watered down,past,you (pl),di
8958,2410,watered down,past,they,di
8959,2410,will water down,future,I,gelecek
8960,2410,will water down,future,you,gelecek
8961,2410,will water down,future,he/she,gelecek
8962,2410,will water down,future,we,gelecek
8963,2410,will water down,future,you (pl),gelecek
8964,2410,will water down,future,they,gelecek
8965,2442,would,present,I,şimdi
8966,2442,would,present,you,şimdi
8967,2442,would,present,he/she,şimdi
8968,2442,would,present,we,şimdi
8969,2442,would,present,you (pl),şimdi
8970,2442,would,present,they,şimdi
8971,2442,would,past,I,di
8972,2442,would,past,you,di
8973,2442,would,past,he/she,di
8974,2442,would,past,we,di
8975,2442,would,past,you (pl),di
8976,2442,would,past,they,di
8977,2442,would,future,I,gelecek
8978,2442,would,future,you,gelecek
8979,2442,would,future,he/she,gelecek
8980,2442,would,future,we,gelecek
8981,2442,would,future,you (pl),gelecek
8982,2442,would,future,they,gelecek
8983,2449,could,present,I,şimdi
8984,2449,could,present,you,şimdi
8985,2449,could,present,he/she,şimdi
8986,2449,could,present,we,şimdi
8987,2449,could,present,you (pl),şimdi
8988,2449,could,present,they,şimdi
8989,2449,could,past,I,di
8990,2449,could,past,you,di
8991,2449,could,past,he/she,di
8992,2449,could,past,we,di
8993,2449,could,past,you (pl),di
8994,2449,could,past,they,di
8995,2449,will be able to,future,I,gelecek
8996,2449,will be able to,future,you,gelecek
8997,2449,will be able to,future,he/she,gelecek
8998,2449,will be able to,future,we,gelecek
8999,2449,will be able to,future,you (pl),gelecek
9000,2449,will be able to,future,they,gelecek
9001,2457,should,present,I,şimdi
9002,2457,should,present,you,şimdi
9003,2457,should,present,he/she,şimdi
9004,2457,should,present,we,şimdi
9005,2457,should,present,you (pl),şimdi
9006,2457,should,present,they,şimdi
9007,2457,should,past,I,di
9008,2457,should,past,you,di
9009,2457,should,past,he/she,di
9010,2457,should,past,we,di
9011,2457,should,past,you (pl),di
9012,2457,should,past,they,di
9013,2457,should,future,I,gelecek
9014,2457,should,future,you,gelecek
9015,2457,should,future,he/she,gelecek
9016,2457,should,future,we,gelecek
9017,2457,should,future,you (pl),gelecek
9018,2457,should,future,they,gelecek
9019,2479,must,present,I,şimdi
9020,2479,must,present,you,şimdi
9021,2479,must,present,he/she,şimdi
9022,2479,must,present,we,şimdi
9023,2479,must,present,you (pl),şimdi
9024,2479,must,present,they,şimdi
9025,2479,had to,past,I,di
9026,2479,had to,past,you,di
9027,2479,had to,past,he/she,di
9028,2479,had to,past,we,di
9029,2479,had to,past,you (pl),di
9030,2479,had to,past,they,di
9031,2479,will have to,future,I,gelecek
9032,2479,will have to,future,you,gelecek
9033,2479,will have to,future,he/she,gelecek
9034,2479,will have to,future,we,gelecek
9035,2479,will have to,future,you (pl),gelecek
9036,2479,will have to,future,they,gelecek
9037,2480,include,present,I,şimdi
9038,2480,include,present,you,şimdi
9039,2480,includes,present,he/she,şimdi
9040,2480,include,present,we,şimdi
9041,2480,include,present,you (pl),şimdi
9042,2480,include,present,they,şimdi
9043,2480,included,past,I,di
9044,2480,included,past,you,di
9045,2480,included,past,he/she,di
9046,2480,included,past,we,di
9047,2480,included,past,you (pl),di
9048,2480,included,past,they,di
9049,2480,will include,future,I,gelecek
9050,2480,will include,future,you,gelecek
9051,2480,will include,future,he/she,gelecek
9052,2480,will include,future,we,gelecek
9053,2480,will include,future,you (pl),gelecek
9054,2480,will include,future,they,gelecek
9055,2484,seem,present,I,şimdi
9056,2484,seem,present,you,şimdi
9057,2484,seems,present,he/she,şimdi
9058,2484,seem,present,we,şimdi
9059,2484,seem,present,you (pl),şimdi
9060,2484,seem,present,they,şimdi
9061,2484,seemed,past,I,di
9062,2484,seemed,past,you,di
9063,2484,seemed,past,he/she,di
9064,2484,seemed,past,we,di
9065,2484,seemed,past,you (pl),di
9066,2484,seemed,past,they,di
9067,2484,will seem,future,I,gelecek
9068,2484,will seem,future,you,gelecek
9069,2484,will seem,future,he/she,gelecek
9070,2484,will seem,future,we,gelecek
9071,2484,will seem,future,you (pl),gelecek
9072,2484,will seem,future,they,gelecek
9073,2489,set,present,I,şimdi
9074,2489,set,present,you,şimdi
9075,2489,sets,present,he/she,şimdi
9076,2489,set,present,we,şimdi
9077,2489,set,present,you (pl),şimdi
9078,2489,set,present,they,şimdi
9079,2489,set,past,I,di
9080,2489,set,past,you,di
9081,2489,set,past,he/she,di
9082,2489,set,past,we,di
9083,2489,set,past,you (pl),di
9084,2489,set,past,they,di
9085,2489,will set,future,I,gelecek
9086,2489,will set,future,you,gelecek
9087,2489,will set,future,he/she,gelecek
9088,2489,will set,future,we,gelecek
9089,2489,will set,future,you (pl),gelecek
9090,2489,will set,future,they,gelecek
9091,2494,provide,present,I,şimdi
9092,2494,provide,present,you,şimdi
9093,2494,provides,present,he/she,şimdi
9094,2494,provide,present,we,şimdi
9095,2494,provide,present,you (pl),şimdi
9096,2494,provide,present,they,şimdi
9097,2494,provided,past,I,di
9098,2494,provided,past,you,di
9099,2494,provided,past,he/she,di
9100,2494,provided,past,we,di
9101,2494,provided,past,you (pl),di
9102,2494,provided,past,they,di
9103,2494,will provide,future,I,gelecek
9104,2494,will provide,future,you,gelecek
9105,2494,will provide,future,he/she,gelecek
9106,2494,will provide,future,we,gelecek
9107,2494,will provide,future,you (pl),gelecek
9108,2494,will provide,future,they,gelecek
9109,2497,believe,present,I,şimdi
9110,2497,believe,present,you,şimdi
9111,2497,believes,present,he/she,şimdi
9112,2497,believe,present,we,şimdi
9113,2497,believe,present,you (pl),şimdi
9114,2497,believe,present,they,şimdi
9115,2497,believed,past,I,di
9116,2497,believed,past,you,di
9117,2497,believed,past,he/she,di
9118,2497,believed,past,we,di
9119,2497,believed,past,you (pl),di
9120,2497,believed,past,they,di
9121,2497,will believe,future,I,gelecek
9122,2497,will believe,future,you,gelecek
9123,2497,will believe,future,he/she,gelecek
9124,2497,will believe,future,we,gelecek
9125,2497,will believe,future,you (pl),gelecek
9126,2497,will believe,future,they,gelecek
9127,2501,happen,present,I,şimdi
9128,2501,happen,present,you,şimdi
9129,2501,happens,present,he/she,şimdi
9130,2501,happen,present,we,şimdi
9131,2501,happen,present,you (pl),şimdi
9132,2501,happen,present,they,şimdi
9133,2501,happened,past,I,di
9134,2501,happened,past,you,di
9135,2501,happened,past,he/she,di
9136,2501,happened,past,we,di
9137,2501,happened,past,you (pl),di
9138,2501,happened,past,they,di
9139,2501,will happen,future,I,gelecek
9140,2501,will happen,future,you,gelecek
9141,2501,will happen,future,he/she,gelecek
9142,2501,will happen,future,we,gelecek
9143,2501,will happen,future,you (pl),gelecek
9144,2501,will happen,future,they,gelecek
9145,2503,lead,present,I,şimdi
9146,2503,lead,present,you,şimdi
9147,2503,leads,present,he/she,şimdi
9148,2503,lead,present,we,şimdi
9149,2503,lead,present,you (pl),şimdi
9150,2503,lead,present,they,şimdi
9151,2503,led,past,I,di
9152,2503,led,past,you,di
9153,2503,led,past,he/she,di
9154,2503,led,past,we,di
9155,2503,led,past,you (pl),di
9156,2503,led,past,they,di
9157,2503,will lead,future,I,gelecek
9158,2503,will lead,future,you,gelecek
9159,2503,will lead,future,he/she,gelecek
9160,2503,will lead,future,we,gelecek
9161,2503,will lead,future,you (pl),gelecek
9162,2503,will lead,future,they,gelecek
9163,2504,thank,present,I,şimdi
9164,2504,thank,present,you,şimdi
9165,2504,thanks,present,he/she,şimdi
9166,2504,thank,present,we,şimdi
9167,2504,thank,present,you (pl),şimdi
9168,2504,thank,present,they,şimdi
9169,2504,thanked,past,I,di
9170,2504,thanked,past,you,di
9171,2504,thanked,past,he/she,di
9172,2504,thanked,past,we,di
9173,2504,thanked,past,you (pl),di
9174,2504,thanked,past,they,di
9175,2504,will thank,future,I,gelecek
9176,2504,will thank,future,you,gelecek
9177,2504,will thank,future,he/she,gelecek
9178,2504,will thank,future,we,gelecek
9179,2504,will thank,future,you (pl),gelecek
9180,2504,will thank,future,they,gelecek
9181,2520,consider,present,I,şimdi
9182,2520,consider,present,you,şimdi
9183,2520,considers,present,he/she,şimdi
9184,2520,consider,present,we,şimdi
9185,2520,consider,present,you (pl),şimdi
9186,2520,consider,present,they,şimdi
9187,2520,considered,past,I,di
9188,2520,considered,past,you,di
9189,2520,considered,past,he/she,di
9190,2520,considered,past,we,di
9191,2520,considered,past,you (pl),di
9192,2520,considered,past,they,di
9193,2520,will consider,future,I,gelecek
9194,2520,will consider,future,you,gelecek
9195,2520,will consider,future,he/she,gelecek
9196,2520,will consider,future,we,gelecek
9197,2520,will consider,future,you (pl),gelecek
9198,2520,will consider,future,they,gelecek
9199,2526,continue,present,I,şimdi
9200,2526,continue,present,you,şimdi
9201,2526,continues,present,he/she,şimdi
9202,2526,continue,present,we,şimdi
9203,2526,continue,present,you (pl),şimdi
9204,2526,continue,present,they,şimdi
9205,2526,continued,past,I,di
9206,2526,continued,past,you,di
9207,2526,continued,past,he/she,di
9208,2526,continued,past,we,di
9209,2526,continued,past,you (pl),di
9210,2526,continued,past,they,di
9211,2526,will continue,future,I,gelecek
9212,2526,will continue,future,you,gelecek
9213,2526,will continue,future,he/she,gelecek
9214,2526,will continue,future,we,gelecek
9215,2526,will continue,future,you (pl),gelecek
9216,2526,will continue,future,they,gelecek
9217,2533,cause,present,I,şimdi
9218,2533,cause,present,you,şimdi
9219,2533,causes,present,he/she,şimdi
9220,2533,cause,present,we,şimdi
9221,2533,cause,present,you (pl),şimdi
9222,2533,cause,present,they,şimdi
9223,2533,caused,past,I,di
9224,2533,caused,past,you,di
9225,2533,caused,past,he/she,di
9226,2533,caused,past,we,di
9227,2533,caused,past,you (pl),di
9228,2533,caused,past,they,di
9229,2533,will cause,future,I,gelecek
9230,2533,will cause,future,you,gelecek
9231,2533,will cause,future,he/she,gelecek
9232,2533,will cause,future,we,gelecek
9233,2533,will cause,future,you (pl),gelecek
9234,2533,will cause,future,they,gelecek
9235,2534,deal,present,I,şimdi
9236,2534,deal,present,you,şimdi
9237,2534,deals,present,he/she,şimdi
9238,2534,deal,present,we,şimdi
9239,2534,deal,present,you (pl),şimdi
9240,2534,deal,present,they,şimdi
9241,2534,dealt,past,I,di
9242,2534,dealt,past,you,di
9243,2534,dealt,past,he/she,di
9244,2534,dealt,past,we,di
9245,2534,dealt,past,you (pl),di
9246,2534,dealt,past,they,di
9247,2534,will deal,future,I,gelecek
9248,2534,will deal,future,you,gelecek
9249,2534,will deal,future,he/she,gelecek
9250,2534,will deal,future,we,gelecek
9251,2534,will deal,future,you (pl),gelecek
9252,2534,will deal,future,they,gelecek
9253,2535,allow,present,I,şimdi
9254,2535,allow,present,you,şimdi
9255,2535,allows,present,he/she,şimdi
9256,2535,allow,present,we,şimdi
9257,2535,allow,present,you (pl),şimdi
9258,2535,allow,present,they,şimdi
9259,2535,allowed,past,I,di
9260,2535,allowed,past,you,di
9261,2535,allowed,past,he/she,di
9262,2535,allowed,past,we,di
9263,2535,allowed,past,you (pl),di
9264,2535,allowed,past,they,di
9265,2535,will allow,future,I,gelecek
9266,2535,will allow,future,you,gelecek
9267,2535,will allow,future,he/she,gelecek
9268,2535,will allow,future,we,gelecek
9269,2535,will allow,future,you (pl),gelecek
9270,2535,will allow,future,they,gelecek
9271,2554,remain,present,I,şimdi
9272,2554,remain,present,you,şimdi
9273,2554,remains,present,he/she,şimdi
9274,2554,remain,present,we,şimdi
9275,2554,remain,present,you (pl),şimdi
9276,2554,remain,present,they,şimdi
9277,2554,remained,past,I,di
9278,2554,remained,past,you,di
9279,2554,remained,past,he/she,di
9280,2554,remained,past,we,di
9281,2554,remained,past,you (pl),di
9282,2554,remained,past,they,di
9283,2554,will remain,future,I,gelecek
9284,2554,will remain,future,you,gelecek
9285,2554,will remain,future,he/she,gelecek
9286,2554,will remain,future,we,gelecek
9287,2554,will remain,future,you (pl),gelecek
9288,2554,will remain,future,they,gelecek
9289,2558,involve,present,I,şimdi
9290,2558,involve,present,you,şimdi
9291,2558,involves,present,he/she,şimdi
9292,2558,involve,present,we,şimdi
9293,2558,involve,present,you (pl),şimdi
9294,2558,involve,present,they,şimdi
9295,2558,involved,past,I,di
9296,2558,involved,past,you,di
9297,2558,involved,past,he/she,di
9298,2558,involved,past,we,di
9299,2558,involved,past,you (pl),di
9300,2558,involved,past,they,di
9301,2558,will involve,future,I,gelecek
9302,2558,will involve,future,you,gelecek
9303,2558,will involve,future,he/she,gelecek
9304,2558,will involve,future,we,gelecek
9305,2558,will involve,future,you (pl),gelecek
9306,2558,will involve,future,they,gelecek
9307,2559,reach,present,I,şimdi
9308,2559,reach,present,you,şimdi
9309,2559,reaches,present,he/she,şimdi
9310,2559,reach,present,we,şimdi
9311,2559,reach,present,you (pl),şimdi
9312,2559,reach,present,they,şimdi
9313,2559,reached,past,I,di
9314,2559,reached,past,you,di
9315,2559,reached,past,he/she,di
9316,2559,reached,past,we,di
9317,2559,reached,past,you (pl),di
9318,2559,reached,past,they,di
9319,2559,will reach,future,I,gelecek
9320,2559,will reach,future,you,gelecek
9321,2559,will reach,future,he/she,gelecek
9322,2559,will reach,future,we,gelecek
9323,2559,will reach,future,you (pl),gelecek
9324,2559,will reach,future,they,gelecek
9325,2564,create,present,I,şimdi
9326,2564,create,present,you,şimdi
9327,2564,creates,present,he/she,şimdi
9328,2564,create,present,we,şimdi
9329,2564,create,present,you (pl),şimdi
9330,2564,create,present,they,şimdi
9331,2564,created,past,I,di
9332,2564,created,past,you,di
9333,2564,created,past,he/she,di
9334,2564,created,past,we,di
9335,2564,created,past,you (pl),di
9336,2564,created,past,they,di
9337,2564,will create,future,I,gelecek
9338,2564,will create,future,you,gelecek
9339,2564,will create,future,he/she,gelecek
9340,2564,will create,future,we,gelecek
9341,2564,will create,future,you (pl),gelecek
9342,2564,will create,future,they,gelecek
9343,2570,receive,present,I,şimdi
9344,2570,receive,present,you,şimdi
9345,2570,receives,present,he/she,şimdi
9346,2570,receive,present,we,şimdi
9347,2570,receive,present,you (pl),şimdi
9348,2570,receive,present,they,şimdi
9349,2570,received,past,I,di
9350,2570,received,past,you,di
9351,2570,received,past,he/she,di
9352,2570,received,past,we,di
9353,2570,received,past,you (pl),di
9354,2570,received,past,they,di
9355,2570,will receive,future,I,gelecek
9356,2570,will receive,future,you,gelecek
9357,2570,will receive,future,he/she,gelecek
9358,2570,will receive,future,we,gelecek
9359,2570,will receive,future,you (pl),gelecek
9360,2570,will receive,future,they,gelecek
9361,2573,require,present,I,şimdi
9362,2573,require,present,you,şimdi
9363,2573,requires,present,he/she,şimdi
9364,2573,require,present,we,şimdi
9365,2573,require,present,you (pl),şimdi
9366,2573,require,present,they,şimdi
9367,2573,required,past,I,di
9368,2573,required,past,you,di
9369,2573,required,past,he/she,di
9370,2573,required,past,we,di
9371,2573,required,past,you (pl),di
9372,2573,required,past,they,di
9373,2573,will require,future,I,gelecek
9374,2573,will require,future,you,gelecek
9375,2573,will require,future,he/she,gelecek
9376,2573,will require,future,we,gelecek
9377,2573,will require,future,you (pl),gelecek
9378,2573,will require,future,they,gelecek
9379,2575,appear,present,I,şimdi
9380,2575,appear,present,you,şimdi
9381,2575,appears,present,he/she,şimdi
9382,2575,appear,present,we,şimdi
9383,2575,appear,present,you (pl),şimdi
9384,2575,appear,present,they,şimdi
9385,2575,appeared,past,I,di
9386,2575,appeared,past,you,di
9387,2575,appeared,past,he/she,di
9388,2575,appeared,past,we,di
9389,2575,appeared,past,you (pl),di
9390,2575,appeared,past,they,di
9391,2575,will appear,future,I,gelecek
9392,2575,will appear,future,you,gelecek
9393,2575,will appear,future,he/she,gelecek
9394,2575,will appear,future,we,gelecek
9395,2575,will appear,future,you (pl),gelecek
9396,2575,will appear,future,they,gelecek
9397,2580,add,present,I,şimdi
9398,2580,add,present,you,şimdi
9399,2580,adds,present,he/she,şimdi
9400,2580,add,present,we,şimdi
9401,2580,add,present,you (pl),şimdi
9402,2580,add,present,they,şimdi
9403,2580,added,past,I,di
9404,2580,added,past,you,di
9405,2580,added,past,he/she,di
9406,2580,added,past,we,di
9407,2580,added,past,you (pl),di
9408,2580,added,past,they,di
9409,2580,will add,future,I,gelecek
9410,2580,will add,future,you,gelecek
9411,2580,will add,future,he/she,gelecek
9412,2580,will add,future,we,gelecek
9413,2580,will add,future,you (pl),gelecek
9414,2580,will add,future,they,gelecek
9415,2582,produce,present,I,şimdi
9416,2582,produce,present,you,şimdi
9417,2582,produces,present,he/she,şimdi
9418,2582,produce,present,we,şimdi
9419,2582,produce,present,you (pl),şimdi
9420,2582,produce,present,they,şimdi
9421,2582,produced,past,I,di
9422,2582,produced,past,you,di
9423,2582,produced,past,he/she,di
9424,2582,produced,past,we,di
9425,2582,produced,past,you (pl),di
9426,2582,produced,past,they,di
9427,2582,will produce,future,I,gelecek
9428,2582,will produce,future,you,gelecek
9429,2582,will produce,future,he/she,gelecek
9430,2582,will produce,future,we,gelecek
9431,2582,will produce,future,you (pl),gelecek
9432,2582,will produce,future,they,gelecek
9433,2584,cover,present,I,şimdi
9434,2584,cover,present,you,şimdi
9435,2584,covers,present,he/she,şimdi
9436,2584,cover,present,we,şimdi
9437,2584,cover,present,you (pl),şimdi
9438,2584,cover,present,they,şimdi
9439,2584,covered,past,I,di
9440,2584,covered,past,you,di
9441,2584,covered,past,he/she,di
9442,2584,covered,past,we,di
9443,2584,covered,past,you (pl),di
9444,2584,covered,past,they,di
9445,2584,will cover,future,I,gelecek
9446,2584,will cover,future,you,gelecek
9447,2584,will cover,future,he/she,gelecek
9448,2584,will cover,future,we,gelecek
9449,2584,will cover,future,you (pl),gelecek
9450,2584,will cover,future,they,gelecek
9451,2595,carry,present,I,şimdi
9452,2595,carry,present,you,şimdi
9453,2595,carries,present,he/she,şimdi
9454,2595,carry,present,we,şimdi
9455,2595,carry,present,you (pl),şimdi
9456,2595,carry,present,they,şimdi
9457,2595,carried,past,I,di
9458,2595,carried,past,you,di
9459,2595,carried,past,he/she,di
9460,2595,carried,past,we,di
9461,2595,carried,past,you (pl),di
9462,2595,carried,past,they,di
9463,2595,will carry,future,I,gelecek
9464,2595,will carry,future,you,gelecek
9465,2595,will carry,future,he/she,gelecek
9466,2595,will carry,future,we,gelecek
9467,2595,will carry,future,you (pl),gelecek
9468,2595,will carry,future,they,gelecek
9469,2599,describe,present,I,şimdi
9470,2599,describe,present,you,şimdi
9471,2599,describes,present,he/she,şimdi
9472,2599,describe,present,we,şimdi
9473,2599,describe,present,you (pl),şimdi
9474,2599,describe,present,they,şimdi
9475,2599,described,past,I,di
9476,2599,described,past,you,di
9477,2599,described,past,he/she,di
9478,2599,described,past,we,di
9479,2599,described,past,you (pl),di
9480,2599,described,past,they,di
9481,2599,will describe,future,I,gelecek
9482,2599,will describe,future,you,gelecek
9483,2599,will describe,future,he/she,gelecek
9484,2599,will describe,future,we,gelecek
9485,2599,will describe,future,you (pl),gelecek
9486,2599,will describe,future,they,gelecek
9487,2602,rise,present,I,şimdi
9488,2602,rise,present,you,şimdi
9489,2602,rises,present,he/she,şimdi
9490,2602,rise,present,we,şimdi
9491,2602,rise,present,you (pl),şimdi
9492,2602,rise,present,they,şimdi
9493,2602,rose,past,I,di
9494,2602,rose,past,you,di
9495,2602,rose,past,he/she,di
9496,2602,rose,past,we,di
9497,2602,rose,past,you (pl),di
9498,2602,rose,past,they,di
9499,2602,will rise,future,I,gelecek
9500,2602,will rise,future,you,gelecek
9501,2602,will rise,future,he/she,gelecek
9502,2602,will rise,future,we,gelecek
9503,2602,will rise,future,you (pl),gelecek
9504,2602,will rise,future,they,gelecek
9505,2623,act,present,I,şimdi
9506,2623,act,present,you,şimdi
9507,2623,acts,present,he/she,şimdi
9508,2623,act,present,we,şimdi
9509,2623,act,present,you (pl),şimdi
9510,2623,act,present,they,şimdi
9511,2623,acted,past,I,di
9512,2623,acted,past,you,di
9513,2623,acted,past,he/she,di
9514,2623,acted,past,we,di
9515,2623,acted,past,you (pl),di
9516,2623,acted,past,they,di
9517,2623,will act,future,I,gelecek
9518,2623,will act,future,you,gelecek
9519,2623,will act,future,he/she,gelecek
9520,2623,will act,future,we,gelecek
9521,2623,will act,future,you (pl),gelecek
9522,2623,will act,future,they,gelecek
9523,2628,wish,present,I,şimdi
9524,2628,wish,present,you,şimdi
9525,2628,wishes,present,he/she,şimdi
9526,2628,wish,present,we,şimdi
9527,2628,wish,present,you (pl),şimdi
9528,2628,wish,present,they,şimdi
9529,2628,wished,past,I,di
9530,2628,wished,past,you,di
9531,2628,wished,past,he/she,di
9532,2628,wished,past,we,di
9533,2628,wished,past,you (pl),di
9534,2628,wished,past,they,di
9535,2628,will wish,future,I,gelecek
9536,2628,will wish,future,you,gelecek
9537,2628,will wish,future,he/she,gelecek
9538,2628,will wish,future,we,gelecek
9539,2628,will wish,future,you (pl),gelecek
9540,2628,will wish,future,they,gelecek
9541,2629,fund,present,I,şimdi
9542,2629,fund,present,you,şimdi
9543,2629,funds,present,he/she,şimdi
9544,2629,fund,present,we,şimdi
9545,2629,fund,present,you (pl),şimdi
9546,2629,fund,present,they,şimdi
9547,2629,funded,past,I,di
9548,2629,funded,past,you,di
9549,2629,funded,past,he/she,di
9550,2629,funded,past,we,di
9551,2629,funded,past,you (pl),di
9552,2629,funded,past,they,di
9553,2629,will fund,future,I,gelecek
9554,2629,will fund,future,you,gelecek
9555,2629,will fund,future,he/she,gelecek
9556,2629,will fund,future,we,gelecek
9557,2629,will fund,future,you (pl),gelecek
9558,2629,will fund,future,they,gelecek
9559,2631,kill,present,I,şimdi
9560,2631,kill,present,you,şimdi
9561,2631,kills,present,he/she,şimdi
9562,2631,kill,present,we,şimdi
9563,2631,kill,present,you (pl),şimdi
9564,2631,kill,present,they,şimdi
9565,2631,killed,past,I,di
9566,2631,killed,past,you,di
9567,2631,killed,past,he/she,di
9568,2631,killed,past,we,di
9569,2631,killed,past,you (pl),di
9570,2631,killed,past,they,di
9571,2631,will kill,future,I,gelecek
9572,2631,will kill,future,you,gelecek
9573,2631,will kill,future,he/she,gelecek
9574,2631,will kill,future,we,gelecek
9575,2631,will kill,future,you (pl),gelecek
9576,2631,will kill,future,they,gelecek
9577,2644,realize,present,I,şimdi
9578,2644,realize,present,you,şimdi
9579,2644,realizes,present,he/she,şimdi
9580,2644,realize,present,we,şimdi
9581,2644,realize,present,you (pl),şimdi
9582,2644,realize,present,they,şimdi
9583,2644,realized,past,I,di
9584,2644,realized,past,you,di
9585,2644,realized,past,he/she,di
9586,2644,realized,past,we,di
9587,2644,realized,past,you (pl),di
9588,2644,realized,past,they,di
9589,2644,will realize,future,I,gelecek
9590,2644,will realize,future,you,gelecek
9591,2644,will realize,future,he/she,gelecek
9592,2644,will realize,future,we,gelecek
9593,2644,will realize,future,you (pl),gelecek
9594,2644,will realize,future,they,gelecek
9595,2646,mention,present,I,şimdi
9596,2646,mention,present,you,şimdi
9597,2646,mentions,present,he/she,şimdi
9598,2646,mention,present,we,şimdi
9599,2646,mention,present,you (pl),şimdi
9600,2646,mention,present,they,şimdi
9601,2646,mentioned,past,I,di
9602,2646,mentioned,past,you,di
9603,2646,mentioned,past,he/she,di
9604,2646,mentioned,past,we,di
9605,2646,mentioned,past,you (pl),di
9606,2646,mentioned,past,they,di
9607,2646,will mention,future,I,gelecek
9608,2646,will mention,future,you,gelecek
9609,2646,will mention,future,he/she,gelecek
9610,2646,will mention,future,we,gelecek
9611,2646,will mention,future,you (pl),gelecek
9612,2646,will mention,future,they,gelecek
9613,2650,demand,present,I,şimdi
9614,2650,demand,present,you,şimdi
9615,2650,demands,present,he/she,şimdi
9616,2650,demand,present,we,şimdi
9617,2650,demand,present,you (pl),şimdi
9618,2650,demand,present,they,şimdi
9619,2650,demanded,past,I,di
9620,2650,demanded,past,you,di
9621,2650,demanded,past,he/she,di
9622,2650,demanded,past,we,di
9623,2650,demanded,past,you (pl),di
9624,2650,demanded,past,they,di
9625,2650,will demand,future,I,gelecek
9626,2650,will demand,future,you,gelecek
9627,2650,will demand,future,he/she,gelecek
9628,2650,will demand,future,we,gelecek
9629,2650,will demand,future,you (pl),gelecek
9630,2650,will demand,future,they,gelecek
9631,2652,limit,present,I,şimdi
9632,2652,limit,present,you,şimdi
9633,2652,limits,present,he/she,şimdi
9634,2652,limit,present,we,şimdi
9635,2652,limit,present,you (pl),şimdi
9636,2652,limit,present,they,şimdi
9637,2652,limited,past,I,di
9638,2652,limited,past,you,di
9639,2652,limited,past,he/she,di
9640,2652,limited,past,we,di
9641,2652,limited,past,you (pl),di
9642,2652,limited,past,they,di
9643,2652,will limit,future,I,gelecek
9644,2652,will limit,future,you,gelecek
9645,2652,will limit,future,he/she,gelecek
9646,2652,will limit,future,we,gelecek
9647,2652,will limit,future,you (pl),gelecek
9648,2652,will limit,future,they,gelecek
9649,2657,complete,present,I,şimdi
9650,2657,complete,present,you,şimdi
9651,2657,completes,present,he/she,şimdi
9652,2657,complete,present,we,şimdi
9653,2657,complete,present,you (pl),şimdi
9654,2657,complete,present,they,şimdi
9655,2657,completed,past,I,di
9656,2657,completed,past,you,di
9657,2657,completed,past,he/she,di
9658,2657,completed,past,we,di
9659,2657,completed,past,you (pl),di
9660,2657,completed,past,they,di
9661,2657,will complete,future,I,gelecek
9662,2657,will complete,future,you,gelecek
9663,2657,will complete,future,he/she,gelecek
9664,2657,will complete,future,we,gelecek
9665,2657,will complete,future,you (pl),gelecek
9666,2657,will complete,future,they,gelecek
9667,2658,lie,present,I,şimdi
9668,2658,lie,present,you,şimdi
9669,2658,lies,present,he/she,şimdi
9670,2658,lie,present,we,şimdi
9671,2658,lie,present,you (pl),şimdi
9672,2658,lie,present,they,şimdi
9673,2658,lay,past,I,di
9674,2658,lay,past,you,di
9675,2658,lay,past,he/she,di
9676,2658,lay,past,we,di
9677,2658,lay,past,you (pl),di
9678,2658,lay,past,they,di
9679,2658,will lie,future,I,gelecek
9680,2658,will lie,future,you,gelecek
9681,2658,will lie,future,he/she,gelecek
9682,2658,will lie,future,we,gelecek
9683,2658,will lie,future,you (pl),gelecek
9684,2658,will lie,future,they,gelecek
9685,2659,pick,present,I,şimdi
9686,2659,pick,present,you,şimdi
9687,2659,picks,present,he/she,şimdi
9688,2659,pick,present,we,şimdi
9689,2659,pick,present,you (pl),şimdi
9690,2659,pick,present,they,şimdi
9691,2659,picked,past,I,di
9692,2659,picked,past,you,di
9693,2659,picked,past,he/she,di
9694,2659,picked,past,we,di
9695,2659,picked,past,you (pl),di
9696,2659,picked,past,they,di
9697,2659,will pick,future,I,gelecek
9698,2659,will pick,future,you,gelecek
9699,2659,will pick,future,he/she,gelecek
9700,2659,will pick,future,we,gelecek
9701,2659,will pick,future,you (pl),gelecek
9702,2659,will pick,future,they,gelecek
9703,2664,exist,present,I,şimdi
9704,2664,exist,present,you,şimdi
9705,2664,exists,present,he/she,şimdi
9706,2664,exist,present,we,şimdi
9707,2664,exist,present,you (pl),şimdi
9708,2664,exist,present,they,şimdi
9709,2664,existed,past,I,di
9710,2664,existed,past,you,di
9711,2664,existed,past,he/she,di
9712,2664,existed,past,we,di
9713,2664,existed,past,you (pl),di
9714,2664,existed,past,they,di
9715,2664,will exist,future,I,gelecek
9716,2664,will exist,future,you,gelecek
9717,2664,will exist,future,he/she,gelecek
9718,2664,will exist,future,we,gelecek
9719,2664,will exist,future,you (pl),gelecek
9720,2664,will exist,future,they,gelecek
9721,2668,contact,present,I,şimdi
9722,2668,contact,present,you,şimdi
9723,2668,contacts,present,he/she,şimdi
9724,2668,contact,present,we,şimdi
9725,2668,contact,present,you (pl),şimdi
9726,2668,contact,present,they,şimdi
9727,2668,contacted,past,I,di
9728,2668,contacted,past,you,di
9729,2668,contacted,past,he/she,di
9730,2668,contacted,past,we,di
9731,2668,contacted,past,you (pl),di
9732,2668,contacted,past,they,di
9733,2668,will contact,future,I,gelecek
9734,2668,will contact,future,you,gelecek
9735,2668,will contact,future,he/she,gelecek
9736,2668,will contact,future,we,gelecek
9737,2668,will contact,future,you (pl),gelecek
9738,2668,will contact,future,they,gelecek
9739,2670,discuss,present,I,şimdi
9740,2670,discuss,present,you,şimdi
9741,2670,discusses,present,he/she,şimdi
9742,2670,discuss,present,we,şimdi
9743,2670,discuss,present,you (pl),şimdi
9744,2670,discuss,present,they,şimdi
9745,2670,discussed,past,I,di
9746,2670,discussed,past,you,di
9747,2670,discussed,past,he/she,di
9748,2670,discussed,past,we,di
9749,2670,discussed,past,you (pl),di
9750,2670,discussed,past,they,di
9751,2670,will discuss,future,I,gelecek
9752,2670,will discuss,future,you,gelecek
9753,2670,will discuss,future,he/she,gelecek
9754,2670,will discuss,future,we,gelecek
9755,2670,will discuss,future,you (pl),gelecek
9756,2670,will discuss,future,they,gelecek
9757,2673,suppose,present,I,şimdi
9758,2673,suppose,present,you,şimdi
9759,2673,supposes,present,he/she,şimdi
9760,2673,suppose,present,we,şimdi
9761,2673,suppose,present,you (pl),şimdi
9762,2673,suppose,present,they,şimdi
9763,2673,supposed,past,I,di
9764,2673,supposed,past,you,di
9765,2673,supposed,past,he/she,di
9766,2673,supposed,past,we,di
9767,2673,supposed,past,you (pl),di
9768,2673,supposed,past,they,di
9769,2673,will suppose,future,I,gelecek
9770,2673,will suppose,future,you,gelecek
9771,2673,will suppose,future,he/she,gelecek
9772,2673,will suppose,future,we,gelecek
9773,2673,will suppose,future,you (pl),gelecek
9774,2673,will suppose,future,they,gelecek
9775,2679,laugh,present,I,şimdi
9776,2679,laugh,present,you,şimdi
9777,2679,laughs,present,he/she,şimdi
9778,2679,laugh,present,we,şimdi
9779,2679,laugh,present,you (pl),şimdi
9780,2679,laugh,present,they,şimdi
9781,2679,laughed,past,I,di
9782,2679,laughed,past,you,di
9783,2679,laughed,past,he/she,di
9784,2679,laughed,past,we,di
9785,2679,laughed,past,you (pl),di
9786,2679,laughed,past,they,di
9787,2679,will laugh,future,I,gelecek
9788,2679,will laugh,future,you,gelecek
9789,2679,will laugh,future,he/she,gelecek
9790,2679,will laugh,future,we,gelecek
9791,2679,will laugh,future,you (pl),gelecek
9792,2679,will laugh,future,they,gelecek
9793,2684,attack,present,I,şimdi
9794,2684,attack,present,you,şimdi
9795,2684,attacks,present,he/she,şimdi
9796,2684,attack,present,we,şimdi
9797,2684,attack,present,you (pl),şimdi
9798,2684,attack,present,they,şimdi
9799,2684,attacked,past,I,di
9800,2684,attacked,past,you,di
9801,2684,attacked,past,he/she,di
9802,2684,attacked,past,we,di
9803,2684,attacked,past,you (pl),di
9804,2684,attacked,past,they,di
9805,2684,will attack,future,I,gelecek
9806,2684,will attack,future,you,gelecek
9807,2684,will attack,future,he/she,gelecek
9808,2684,will attack,future,we,gelecek
9809,2684,will attack,future,you (pl),gelecek
9810,2684,will attack,future,they,gelecek
9811,2686,surprise,present,I,şimdi
9812,2686,surprise,present,you,şimdi
9813,2686,surprises,present,he/she,şimdi
9814,2686,surprise,present,we,şimdi
9815,2686,surprise,present,you (pl),şimdi
9816,2686,surprise,present,they,şimdi
9817,2686,surprised,past,I,di
9818,2686,surprised,past,you,di
9819,2686,surprised,past,he/she,di
9820,2686,surprised,past,we,di
9821,2686,surprised,past,you (pl),di
9822,2686,surprised,past,they,di
9823,2686,will surprise,future,I,gelecek
9824,2686,will surprise,future,you,gelecek
9825,2686,will surprise,future,he/she,gelecek
9826,2686,will surprise,future,we,gelecek
9827,2686,will surprise,future,you (pl),gelecek
9828,2686,will surprise,future,they,gelecek
9829,2689,affect,present,I,şimdi
9830,2689,affect,present,you,şimdi
9831,2689,affects,present,he/she,şimdi
9832,2689,affect,present,we,şimdi
9833,2689,affect,present,you (pl),şimdi
9834,2689,affect,present,they,şimdi
9835,2689,affected,past,I,di
9836,2689,affected,past,you,di
9837,2689,affected,past,he/she,di
9838,2689,affected,past,we,di
9839,2689,affected,past,you (pl),di
9840,2689,affected,past,they,di
9841,2689,will affect,future,I,gelecek
9842,2689,will affect,future,you,gelecek
9843,2689,will affect,future,he/she,gelecek
9844,2689,will affect,future,we,gelecek
9845,2689,will affect,future,you (pl),gelecek
9846,2689,will affect,future,they,gelecek
9847,2690,drop,present,I,şimdi
9848,2690,drop,present,you,şimdi
9849,2690,drops,present,he/she,şimdi
9850,2690,drop,present,we,şimdi
9851,2690,drop,present,you (pl),şimdi
9852,2690,drop,present,they,şimdi
9853,2690,dropped,past,I,di
9854,2690,dropped,past,you,di
9855,2690,dropped,past,he/she,di
9856,2690,dropped,past,we,di
9857,2690,dropped,past,you (pl),di
9858,2690,dropped,past,they,di
9859,2690,will drop,future,I,gelecek
9860,2690,will drop,future,you,gelecek
9861,2690,will drop,future,he/she,gelecek
9862,2690,will drop,future,we,gelecek
9863,2690,will drop,future,you (pl),gelecek
9864,2690,will drop,future,they,gelecek
9865,2692,relate,present,I,şimdi
9866,2692,relate,present,you,şimdi
9867,2692,relates,present,he/she,şimdi
9868,2692,relate,present,we,şimdi
9869,2692,relate,present,you (pl),şimdi
9870,2692,relate,present,they,şimdi
9871,2692,related,past,I,di
9872,2692,related,past,you,di
9873,2692,related,past,he/she,di
9874,2692,related,past,we,di
9875,2692,related,past,you (pl),di
9876,2692,related,past,they,di
9877,2692,will relate,future,I,gelecek
9878,2692,will relate,future,you,gelecek
9879,2692,will relate,future,he/she,gelecek
9880,2692,will relate,future,we,gelecek
9881,2692,will relate,future,you (pl),gelecek
9882,2692,will relate,future,they,gelecek
9883,2696,pause,present,I,şimdi
9884,2696,pause,present,you,şimdi
9885,2696,pauses,present,he/she,şimdi
9886,2696,pause,present,we,şimdi
9887,2696,pause,present,you (pl),şimdi
9888,2696,pause,present,they,şimdi
9889,2696,paused,past,I,di
9890,2696,paused,past,you,di
9891,2696,paused,past,he/she,di
9892,2696,paused,past,we,di
9893,2696,paused,past,you (pl),di
9894,2696,paused,past,they,di
9895,2696,will pause,future,I,gelecek
9896,2696,will pause,future,you,gelecek
9897,2696,will pause,future,he/she,gelecek
9898,2696,will pause,future,we,gelecek
9899,2696,will pause,future,you (pl),gelecek
9900,2696,will pause,future,they,gelecek
9901,2698,worry,present,I,şimdi
9902,2698,worry,present,you,şimdi
9903,2698,worries,present,he/she,şimdi
9904,2698,worry,present,we,şimdi
9905,2698,worry,present,you (pl),şimdi
9906,2698,worry,present,they,şimdi
9907,2698,worried,past,I,di
9908,2698,worried,past,you,di
9909,2698,worried,past,he/she,di
9910,2698,worried,past,we,di
9911,2698,worried,past,you (pl),di
9912,2698,worried,past,they,di
9913,2698,will worry,future,I,gelecek
9914,2698,will worry,future,you,gelecek
9915,2698,will worry,future,he/she,gelecek
9916,2698,will worry,future,we,gelecek
9917,2698,will worry,future,you (pl),gelecek
9918,2698,will worry,future,they,gelecek
9919,2699,represent,present,I,şimdi
9920,2699,represent,present,you,şimdi
9921,2699,represents,present,he/she,şimdi
9922,2699,represent,present,we,şimdi
9923,2699,represent,present,you (pl),şimdi
9924,2699,represent,present,they,şimdi
9925,2699,represented,past,I,di
9926,2699,represented,past,you,di
9927,2699,represented,past,he/she,di
9928,2699,represented,past,we,di
9929,2699,represented,past,you (pl),di
9930,2699,represented,past,they,di
9931,2699,will represent,future,I,gelecek
9932,2699,will represent,future,you,gelecek
9933,2699,will represent,future,he/she,gelecek
9934,2699,will represent,future,we,gelecek
9935,2699,will represent,future,you (pl),gelecek
9936,2699,will represent,future,they,gelecek
9937,2702,contain,present,I,şimdi
9938,2702,contain,present,you,şimdi
9939,2702,contains,present,he/she,şimdi
9940,2702,contain,present,we,şimdi
9941,2702,contain,present,you (pl),şimdi
9942,2702,contain,present,they,şimdi
9943,2702,contained,past,I,di
9944,2702,contained,past,you,di
9945,2702,contained,past,he/she,di
9946,2702,contained,past,we,di
9947,2702,contained,past,you (pl),di
9948,2702,contained,past,they,di
9949,2702,will contain,future,I,gelecek
9950,2702,will contain,future,you,gelecek
9951,2702,will contain,future,he/she,gelecek
9952,2702,will contain,future,we,gelecek
9953,2702,will contain,future,you (pl),gelecek
9954,2702,will contain,future,they,gelecek
9955,2703,notice,present,I,şimdi
9956,2703,notice,present,you,şimdi
9957,2703,notices,present,he/she,şimdi
9958,2703,notice,present,we,şimdi
9959,2703,notice,present,you (pl),şimdi
9960,2703,notice,present,they,şimdi
9961,2703,noticed,past,I,di
9962,2703,noticed,past,you,di
9963,2703,noticed,past,he/she,di
9964,2703,noticed,past,we,di
9965,2703,noticed,past,you (pl),di
9966,2703,noticed,past,they,di
9967,2703,will notice,future,I,gelecek
9968,2703,will notice,future,you,gelecek
9969,2703,will notice,future,he/she,gelecek
9970,2703,will notice,future,we,gelecek
9971,2703,will notice,future,you (pl),gelecek
9972,2703,will notice,future,they,gelecek
9973,2704,wonder,present,I,şimdi
9974,2704,wonder,present,you,şimdi
9975,2704,wonders,present,he/she,şimdi
9976,2704,wonder,present,we,şimdi
9977,2704,wonder,present,you (pl),şimdi
9978,2704,wonder,present,they,şimdi
9979,2704,wondered,past,I,di
9980,2704,wondered,past,you,di
9981,2704,wondered,past,he/she,di
9982,2704,wondered,past,we,di
9983,2704,wondered,past,you (pl),di
9984,2704,wondered,past,they,di
9985,2704,will wonder,future,I,gelecek
9986,2704,will wonder,future,you,gelecek
9987,2704,will wonder,future,he/she,gelecek
9988,2704,will wonder,future,we,gelecek
9989,2704,will wonder,future,you (pl),gelecek
9990,2704,will wonder,future,they,gelecek
9991,2711,press,present,I,şimdi
9992,2711,press,present,you,şimdi
9993,2711,presses,present,he/she,şimdi
9994,2711,press,present,we,şimdi
9995,2711,press,present,you (pl),şimdi
9996,2711,press,present,they,şimdi
9997,2711,pressed,past,I,di
9998,2711,pressed,past,you,di
9999,2711,pressed,past,he/she,di
10000,2711,pressed,past,we,di
10001,2711,pressed,past,you (pl),di
10002,2711,pressed,past,they,di
10003,2711,will press,future,I,gelecek
10004,2711,will press,future,you,gelecek
10005,2711,will press,future,he/she,gelecek
10006,2711,will press,future,we,gelecek
10007,2711,will press,future,you (pl),gelecek
10008,2711,will press,future,they,gelecek
10009,2722,establish,present,I,şimdi
10010,2722,establish,present,you,şimdi
10011,2722,establishes,present,he/she,şimdi
10012,2722,establish,present,we,şimdi
10013,2722,establish,present,you (pl),şimdi
10014,2722,establish,present,they,şimdi
10015,2722,established,past,I,di
10016,2722,established,past,you,di
10017,2722,established,past,he/she,di
10018,2722,established,past,we,di
10019,2722,established,past,you (pl),di
10020,2722,established,past,they,di
10021,2722,will establish,future,I,gelecek
10022,2722,will establish,future,you,gelecek
10023,2722,will establish,future,he/she,gelecek
10024,2722,will establish,future,we,gelecek
10025,2722,will establish,future,you (pl),gelecek
10026,2722,will establish,future,they,gelecek
10027,2731,determine,present,I,şimdi
10028,2731,determine,present,you,şimdi
10029,2731,determines,present,he/she,şimdi
10030,2731,determine,present,we,şimdi
10031,2731,determine,present,you (pl),şimdi
10032,2731,determine,present,they,şimdi
10033,2731,determined,past,I,di
10034,2731,determined,past,you,di
10035,2731,determined,past,he/she,di
10036,2731,determined,past,we,di
10037,2731,determined,past,you (pl),di
10038,2731,determined,past,they,di
10039,2731,will determine,future,I,gelecek
10040,2731,will determine,future,you,gelecek
10041,2731,will determine,future,he/she,gelecek
10042,2731,will determine,future,we,gelecek
10043,2731,will determine,future,you (pl),gelecek
10044,2731,will determine,future,they,gelecek
10045,2736,enter,present,I,şimdi
10046,2736,enter,present,you,şimdi
10047,2736,enters,present,he/she,şimdi
10048,2736,enter,present,we,şimdi
10049,2736,enter,present,you (pl),şimdi
10050,2736,enter,present,they,şimdi
10051,2736,entered,past,I,di
10052,2736,entered,past,you,di
10053,2736,entered,past,he/she,di
10054,2736,entered,past,we,di
10055,2736,entered,past,you (pl),di
10056,2736,entered,past,they,di
10057,2736,will enter,future,I,gelecek
10058,2736,will enter,future,you,gelecek
10059,2736,will enter,future,he/she,gelecek
10060,2736,will enter,future,we,gelecek
10061,2736,will enter,future,you (pl),gelecek
10062,2736,will enter,future,they,gelecek
10063,2737,occur,present,I,şimdi
10064,2737,occur,present,you,şimdi
10065,2737,occurs,present,he/she,şimdi
10066,2737,occur,present,we,şimdi
10067,2737,occur,present,you (pl),şimdi
10068,2737,occur,present,they,şimdi
10069,2737,occured,past,I,di
10070,2737,occured,past,you,di
10071,2737,occured,past,he/she,di
10072,2737,occured,past,we,di
10073,2737,occured,past,you (pl),di
10074,2737,occured,past,they,di
10075,2737,will occur,future,I,gelecek
10076,2737,will occur,future,you,gelecek
10077,2737,will occur,future,he/she,gelecek
10078,2737,will occur,future,we,gelecek
10079,2737,will occur,future,you (pl),gelecek
10080,2737,will occur,future,they,gelecek
10081,2745,depend,present,I,şimdi
10082,2745,depend,present,you,şimdi
10083,2745,depends,present,he/she,şimdi
10084,2745,depend,present,we,şimdi
10085,2745,depend,present,you (pl),şimdi
10086,2745,depend,present,they,şimdi
10087,2745,depended,past,I,di
10088,2745,depended,past,you,di
10089,2745,depended,past,he/she,di
10090,2745,depended,past,we,di
10091,2745,depended,past,you (pl),di
10092,2745,depended,past,they,di
10093,2745,will depend,future,I,gelecek
10094,2745,will depend,future,you,gelecek
10095,2745,will depend,future,he/she,gelecek
10096,2745,will depend,future,we,gelecek
10097,2745,will depend,future,you (pl),gelecek
10098,2745,will depend,future,they,gelecek
10099,2746,recognize,present,I,şimdi
10100,2746,recognize,present,you,şimdi
10101,2746,recognizes,present,he/she,şimdi
10102,2746,recognize,present,we,şimdi
10103,2746,recognize,present,you (pl),şimdi
10104,2746,recognize,present,they,şimdi
10105,2746,recognized,past,I,di
10106,2746,recognized,past,you,di
10107,2746,recognized,past,he/she,di
10108,2746,recognized,past,we,di
10109,2746,recognized,past,you (pl),di
10110,2746,recognized,past,they,di
10111,2746,will recognize,future,I,gelecek
10112,2746,will recognize,future,you,gelecek
10113,2746,will recognize,future,he/she,gelecek
10114,2746,will recognize,future,we,gelecek
10115,2746,will recognize,future,you (pl),gelecek
10116,2746,will recognize,future,they,gelecek
10117,2748,gain,present,I,şimdi
10118,2748,gain,present,you,şimdi
10119,2748,gains,present,he/she,şimdi
10120,2748,gain,present,we,şimdi
10121,2748,gain,present,you (pl),şimdi
10122,2748,gain,present,they,şimdi
10123,2748,gained,past,I,di
10124,2748,gained,past,you,di
10125,2748,gained,past,he/she,di
10126,2748,gained,past,we,di
10127,2748,gained,past,you (pl),di
10128,2748,gained,past,they,di
10129,2748,will gain,future,I,gelecek
10130,2748,will gain,future,you,gelecek
10131,2748,will gain,future,he/she,gelecek
10132,2748,will gain,future,we,gelecek
10133,2748,will gain,future,you (pl),gelecek
10134,2748,will gain,future,they,gelecek
10135,2765,introduce,present,I,şimdi
10136,2765,introduce,present,you,şimdi
10137,2765,introduces,present,he/she,şimdi
10138,2765,introduce,present,we,şimdi
10139,2765,introduce,present,you (pl),şimdi
10140,2765,introduce,present,they,şimdi
10141,2765,introduced,past,I,di
10142,2765,introduced,past,you,di
10143,2765,introduced,past,he/she,di
10144,2765,introduced,past,we,di
10145,2765,introduced,past,you (pl),di
10146,2765,introduced,past,they,di
10147,2765,will introduce,future,I,gelecek
10148,2765,will introduce,future,you,gelecek
10149,2765,will introduce,future,he/she,gelecek
10150,2765,will introduce,future,we,gelecek
10151,2765,will introduce,future,you (pl),gelecek
10152,2765,will introduce,future,they,gelecek
10153,2767,marry,present,I,şimdi
10154,2767,marry,present,you,şimdi
10155,2767,marries,present,he/she,şimdi
10156,2767,marry,present,we,şimdi
10157,2767,marry,present,you (pl),şimdi
10158,2767,marry,present,they,şimdi
10159,2767,married,past,I,di
10160,2767,married,past,you,di
10161,2767,married,past,he/she,di
10162,2767,married,past,we,di
10163,2767,married,past,you (pl),di
10164,2767,married,past,they,di
10165,2767,will marry,future,I,gelecek
10166,2767,will marry,future,you,gelecek
10167,2767,will marry,future,he/she,gelecek
10168,2767,will marry,future,we,gelecek
10169,2767,will marry,future,you (pl),gelecek
10170,2767,will marry,future,they,gelecek
10171,2768,strike,present,I,şimdi
10172,2768,strike,present,you,şimdi
10173,2768,strikes,present,he/she,şimdi
10174,2768,strike,present,we,şimdi
10175,2768,strike,present,you (pl),şimdi
10176,2768,strike,present,they,şimdi
10177,2768,struck,past,I,di
10178,2768,struck,past,you,di
10179,2768,struck,past,he/she,di
10180,2768,struck,past,we,di
10181,2768,struck,past,you (pl),di
10182,2768,struck,past,they,di
10183,2768,will strike,future,I,gelecek
10184,2768,will strike,future,you,gelecek
10185,2768,will strike,future,he/she,gelecek
10186,2768,will strike,future,we,gelecek
10187,2768,will strike,future,you (pl),gelecek
10188,2768,will strike,future,they,gelecek
10189,2770,seek,present,I,şimdi
10190,2770,seek,present,you,şimdi
10191,2770,seeks,present,he/she,şimdi
10192,2770,seek,present,we,şimdi
10193,2770,seek,present,you (pl),şimdi
10194,2770,seek,present,they,şimdi
10195,2770,sought,past,I,di
10196,2770,sought,past,you,di
10197,2770,sought,past,he/she,di
10198,2770,sought,past,we,di
10199,2770,sought,past,you (pl),di
10200,2770,sought,past,they,di
10201,2770,will seek,future,I,gelecek
10202,2770,will seek,future,you,gelecek
10203,2770,will seek,future,he/she,gelecek
10204,2770,will seek,future,we,gelecek
10205,2770,will seek,future,you (pl),gelecek
10206,2770,will seek,future,they,gelecek
10207,2781,pull,present,I,şimdi
10208,2781,pull,present,you,şimdi
10209,2781,pulls,present,he/she,şimdi
10210,2781,pull,present,we,şimdi
10211,2781,pull,present,you (pl),şimdi
10212,2781,pull,present,they,şimdi
10213,2781,pulled,past,I,di
10214,2781,pulled,past,you,di
10215,2781,pulled,past,he/she,di
10216,2781,pulled,past,we,di
10217,2781,pulled,past,you (pl),di
10218,2781,pulled,past,they,di
10219,2781,will pull,future,I,gelecek
10220,2781,will pull,future,you,gelecek
10221,2781,will pull,future,he/she,gelecek
10222,2781,will pull,future,we,gelecek
10223,2781,will pull,future,you (pl),gelecek
10224,2781,will pull,future,they,gelecek
10225,2784,treat,present,I,şimdi
10226,2784,treat,present,you,şimdi
10227,2784,treats,present,he/she,şimdi
10228,2784,treat,present,we,şimdi
10229,2784,treat,present,you (pl),şimdi
10230,2784,treat,present,they,şimdi
10231,2784,treated,past,I,di
10232,2784,treated,past,you,di
10233,2784,treated,past,he/she,di
10234,2784,treated,past,we,di
10235,2784,treated,past,you (pl),di
10236,2784,treated,past,they,di
10237,2784,will treat,future,I,gelecek
10238,2784,will treat,future,you,gelecek
10239,2784,will treat,future,he/she,gelecek
10240,2784,will treat,future,we,gelecek
10241,2784,will treat,future,you (pl),gelecek
10242,2784,will treat,future,they,gelecek
10243,2785,identify,present,I,şimdi
10244,2785,identify,present,you,şimdi
10245,2785,identifies,present,he/she,şimdi
10246,2785,identify,present,we,şimdi
10247,2785,identify,present,you (pl),şimdi
10248,2785,identify,present,they,şimdi
10249,2785,identified,past,I,di
10250,2785,identified,past,you,di
10251,2785,identified,past,he/she,di
10252,2785,identified,past,we,di
10253,2785,identified,past,you (pl),di
10254,2785,identified,past,they,di
10255,2785,will identify,future,I,gelecek
10256,2785,will identify,future,you,gelecek
10257,2785,will identify,future,he/she,gelecek
10258,2785,will identify,future,we,gelecek
10259,2785,will identify,future,you (pl),gelecek
10260,2785,will identify,future,they,gelecek
10261,2787,shall,present,I,şimdi
10262,2787,shall,present,you,şimdi
10263,2787,shall,present,he/she,şimdi
10264,2787,shall,present,we,şimdi
10265,2787,shall,present,you (pl),şimdi
10266,2787,shall,present,they,şimdi
10267,2787,should,past,I,di
10268,2787,should,past,you,di
10269,2787,should,past,he/she,di
10270,2787,should,past,we,di
10271,2787,should,past,you (pl),di
10272,2787,should,past,they,di
10273,2787,shall,future,I,gelecek
10274,2787,shall,future,you,gelecek
10275,2787,shall,future,he/she,gelecek
10276,2787,shall,future,we,gelecek
10277,2787,shall,future,you (pl),gelecek
10278,2787,shall,future,they,gelecek
10279,2790,supply,present,I,şimdi
10280,2790,supply,present,you,şimdi
10281,2790,supplies,present,he/she,şimdi
10282,2790,supply,present,we,şimdi
10283,2790,supply,present,you (pl),şimdi
10284,2790,supply,present,they,şimdi
10285,2790,supplied,past,I,di
10286,2790,supplied,past,you,di
10287,2790,supplied,past,he/she,di
10288,2790,supplied,past,we,di
10289,2790,supplied,past,you (pl),di
10290,2790,supplied,past,they,di
10291,2790,will supply,future,I,gelecek
10292,2790,will supply,future,you,gelecek
10293,2790,will supply,future,he/she,gelecek
10294,2790,will supply,future,we,gelecek
10295,2790,will supply,future,you (pl),gelecek
10296,2790,will supply,future,they,gelecek
10297,2793,express,present,I,şimdi
10298,2793,express,present,you,şimdi
10299,2793,expresses,present,he/she,şimdi
10300,2793,express,present,we,şimdi
10301,2793,express,present,you (pl),şimdi
10302,2793,express,present,they,şimdi
10303,2793,expressed,past,I,di
10304,2793,expressed,past,you,di
10305,2793,expressed,past,he/she,di
10306,2793,expressed,past,we,di
10307,2793,expressed,past,you (pl),di
10308,2793,expressed,past,they,di
10309,2793,will express,future,I,gelecek
10310,2793,will express,future,you,gelecek
10311,2793,will express,future,he/she,gelecek
10312,2793,will express,future,we,gelecek
10313,2793,will express,future,you (pl),gelecek
10314,2793,will express,future,they,gelecek
10315,2795,organize,present,I,şimdi
10316,2795,organize,present,you,şimdi
10317,2795,organizes,present,he/she,şimdi
10318,2795,organize,present,we,şimdi
10319,2795,organize,present,you (pl),şimdi
10320,2795,organize,present,they,şimdi
10321,2795,organized,past,I,di
10322,2795,organized,past,you,di
10323,2795,organized,past,he/she,di
10324,2795,organized,past,we,di
10325,2795,organized,past,you (pl),di
10326,2795,organized,past,they,di
10327,2795,will organize,future,I,gelecek
10328,2795,will organize,future,you,gelecek
10329,2795,will organize,future,he/she,gelecek
10330,2795,will organize,future,we,gelecek
10331,2795,will organize,future,you (pl),gelecek
10332,2795,will organize,future,they,gelecek
10333,2804,suffer,present,I,şimdi
10334,2804,suffer,present,you,şimdi
10335,2804,suffers,present,he/she,şimdi
10336,2804,suffer,present,we,şimdi
10337,2804,suffer,present,you (pl),şimdi
10338,2804,suffer,present,they,şimdi
10339,2804,suffered,past,I,di
10340,2804,suffered,past,you,di
10341,2804,suffered,past,he/she,di
10342,2804,suffered,past,we,di
10343,2804,suffered,past,you (pl),di
10344,2804,suffered,past,they,di
10345,2804,will suffer,future,I,gelecek
10346,2804,will suffer,future,you,gelecek
10347,2804,will suffer,future,he/she,gelecek
10348,2804,will suffer,future,we,gelecek
10349,2804,will suffer,future,you (pl),gelecek
10350,2804,will suffer,future,they,gelecek
10351,2807,tend,present,I,şimdi
10352,2807,tend,present,you,şimdi
10353,2807,tends,present,he/she,şimdi
10354,2807,tend,present,we,şimdi
10355,2807,tend,present,you (pl),şimdi
10356,2807,tend,present,they,şimdi
10357,2807,tended,past,I,di
10358,2807,tended,past,you,di
10359,2807,tended,past,he/she,di
10360,2807,tended,past,we,di
10361,2807,tended,past,you (pl),di
10362,2807,tended,past,they,di
10363,2807,will tend,future,I,gelecek
10364,2807,will tend,future,you,gelecek
10365,2807,will tend,future,he/she,gelecek
10366,2807,will tend,future,we,gelecek
10367,2807,will tend,future,you (pl),gelecek
10368,2807,will tend,future,they,gelecek
10369,2809,fill,present,I,şimdi
10370,2809,fill,present,you,şimdi
10371,2809,fills,present,he/she,şimdi
10372,2809,fill,present,we,şimdi
10373,2809,fill,present,you (pl),şimdi
10374,2809,fill,present,they,şimdi
10375,2809,filled,past,I,di
10376,2809,filled,past,you,di
10377,2809,filled,past,he/she,di
10378,2809,filled,past,we,di
10379,2809,filled,past,you (pl),di
10380,2809,filled,past,they,di
10381,2809,will fill,future,I,gelecek
10382,2809,will fill,future,you,gelecek
10383,2809,will fill,future,he/she,gelecek
10384,2809,will fill,future,we,gelecek
10385,2809,will fill,future,you (pl),gelecek
10386,2809,will fill,future,they,gelecek
10387,2819,refer,present,I,şimdi
10388,2819,refer,present,you,şimdi
10389,2819,refers,present,he/she,şimdi
10390,2819,refer,present,we,şimdi
10391,2819,refer,present,you (pl),şimdi
10392,2819,refer,present,they,şimdi
10393,2819,refered,past,I,di
10394,2819,refered,past,you,di
10395,2819,refered,past,he/she,di
10396,2819,refered,past,we,di
10397,2819,refered,past,you (pl),di
10398,2819,refered,past,they,di
10399,2819,will refer,future,I,gelecek
10400,2819,will refer,future,you,gelecek
10401,2819,will refer,future,he/she,gelecek
10402,2819,will refer,future,we,gelecek
10403,2819,will refer,future,you (pl),gelecek
10404,2819,will refer,future,they,gelecek
10405,2820,push,present,I,şimdi
10406,2820,push,present,you,şimdi
10407,2820,pushes,present,he/she,şimdi
10408,2820,push,present,we,şimdi
10409,2820,push,present,you (pl),şimdi
10410,2820,push,present,they,şimdi
10411,2820,pushed,past,I,di
10412,2820,pushed,past,you,di
10413,2820,pushed,past,he/she,di
10414,2820,pushed,past,we,di
10415,2820,pushed,past,you (pl),di
10416,2820,pushed,past,they,di
10417,2820,will push,future,I,gelecek
10418,2820,will push,future,you,gelecek
10419,2820,will push,future,he/she,gelecek
10420,2820,will push,future,we,gelecek
10421,2820,will push,future,you (pl),gelecek
10422,2820,will push,future,they,gelecek
10423,2822,assume,present,I,şimdi
10424,2822,assume,present,you,şimdi
10425,2822,assumes,present,he/she,şimdi
10426,2822,assume,present,we,şimdi
10427,2822,assume,present,you (pl),şimdi
10428,2822,assume,present,they,şimdi
10429,2822,assumed,past,I,di
10430,2822,assumed,past,you,di
10431,2822,assumed,past,he/she,di
10432,2822,assumed,past,we,di
10433,2822,assumed,past,you (pl),di
10434,2822,assumed,past,they,di
10435,2822,will assume,future,I,gelecek
10436,2822,will assume,future,you,gelecek
10437,2822,will assume,future,he/she,gelecek
10438,2822,will assume,future,we,gelecek
10439,2822,will assume,future,you (pl),gelecek
10440,2822,will assume,future,they,gelecek
10441,2825,propose,present,I,şimdi
10442,2825,propose,present,you,şimdi
10443,2825,proposes,present,he/she,şimdi
10444,2825,propose,present,we,şimdi
10445,2825,propose,present,you (pl),şimdi
10446,2825,propose,present,they,şimdi
10447,2825,proposed,past,I,di
10448,2825,proposed,past,you,di
10449,2825,proposed,past,he/she,di
10450,2825,proposed,past,we,di
10451,2825,proposed,past,you (pl),di
10452,2825,proposed,past,they,di
10453,2825,will propose,future,I,gelecek
10454,2825,will propose,future,you,gelecek
10455,2825,will propose,future,he/she,gelecek
10456,2825,will propose,future,we,gelecek
10457,2825,will propose,future,you (pl),gelecek
10458,2825,will propose,future,they,gelecek
10459,2826,fly,present,I,şimdi
10460,2826,fly,present,you,şimdi
10461,2826,flies,present,he/she,şimdi
10462,2826,fly,present,we,şimdi
10463,2826,fly,present,you (pl),şimdi
10464,2826,fly,present,they,şimdi
10465,2826,flew,past,I,di
10466,2826,flew,past,you,di
10467,2826,flew,past,he/she,di
10468,2826,flew,past,we,di
10469,2826,flew,past,you (pl),di
10470,2826,flew,past,they,di
10471,2826,will fly,future,I,gelecek
10472,2826,will fly,future,you,gelecek
10473,2826,will fly,future,he/she,gelecek
10474,2826,will fly,future,we,gelecek
10475,2826,will fly,future,you (pl),gelecek
10476,2826,will fly,future,they,gelecek
10477,2836,guess,present,I,şimdi
10478,2836,guess,present,you,şimdi
10479,2836,guesses,present,he/she,şimdi
10480,2836,guess,present,we,şimdi
10481,2836,guess,present,you (pl),şimdi
10482,2836,guess,present,they,şimdi
10483,2836,guessed,past,I,di
10484,2836,guessed,past,you,di
10485,2836,guessed,past,he/she,di
10486,2836,guessed,past,we,di
10487,2836,guessed,past,you (pl),di
10488,2836,guessed,past,they,di
10489,2836,will guess,future,I,gelecek
10490,2836,will guess,future,you,gelecek
10491,2836,will guess,future,he/she,gelecek
10492,2836,will guess,future,we,gelecek
10493,2836,will guess,future,you (pl),gelecek
10494,2836,will guess,future,they,gelecek
10495,2843,encourage,present,I,şimdi
10496,2843,encourage,present,you,şimdi
10497,2843,encourages,present,he/she,şimdi
10498,2843,encourage,present,we,şimdi
10499,2843,encourage,present,you (pl),şimdi
10500,2843,encourage,present,they,şimdi
10501,2843,encouraged,past,I,di
10502,2843,encouraged,past,you,di
10503,2843,encouraged,past,he/she,di
10504,2843,encouraged,past,we,di
10505,2843,encouraged,past,you (pl),di
10506,2843,encouraged,past,they,di
10507,2843,will encourage,future,I,gelecek
10508,2843,will encourage,future,you,gelecek
10509,2843,will encourage,future,he/she,gelecek
10510,2843,will encourage,future,we,gelecek
10511,2843,will encourage,future,you (pl),gelecek
10512,2843,will encourage,future,they,gelecek
10513,2845,operate,present,I,şimdi
10514,2845,operate,present,you,şimdi
10515,2845,operates,present,he/she,şimdi
10516,2845,operate,present,we,şimdi
10517,2845,operate,present,you (pl),şimdi
10518,2845,operate,present,they,şimdi
10519,2845,operated,past,I,di
10520,2845,operated,past,you,di
10521,2845,operated,past,he/she,di
10522,2845,operated,past,we,di
10523,2845,operated,past,you (pl),di
10524,2845,operated,past,they,di
10525,2845,will operate,future,I,gelecek
10526,2845,will operate,future,you,gelecek
10527,2845,will operate,future,he/she,gelecek
10528,2845,will operate,future,we,gelecek
10529,2845,will operate,future,you (pl),gelecek
10530,2845,will operate,future,they,gelecek
10531,2846,reflect,present,I,şimdi
10532,2846,reflect,present,you,şimdi
10533,2846,reflects,present,he/she,şimdi
10534,2846,reflect,present,we,şimdi
10535,2846,reflect,present,you (pl),şimdi
10536,2846,reflect,present,they,şimdi
10537,2846,reflected,past,I,di
10538,2846,reflected,past,you,di
10539,2846,reflected,past,he/she,di
10540,2846,reflected,past,we,di
10541,2846,reflected,past,you (pl),di
10542,2846,reflected,past,they,di
10543,2846,will reflect,future,I,gelecek
10544,2846,will reflect,future,you,gelecek
10545,2846,will reflect,future,he/she,gelecek
10546,2846,will reflect,future,we,gelecek
10547,2846,will reflect,future,you (pl),gelecek
10548,2846,will reflect,future,they,gelecek
10549,2849,imagine,present,I,şimdi
10550,2849,imagine,present,you,şimdi
10551,2849,imagines,present,he/she,şimdi
10552,2849,imagine,present,we,şimdi
10553,2849,imagine,present,you (pl),şimdi
10554,2849,imagine,present,they,şimdi
10555,2849,imagined,past,I,di
10556,2849,imagined,past,you,di
10557,2849,imagined,past,he/she,di
10558,2849,imagined,past,we,di
10559,2849,imagined,past,you (pl),di
10560,2849,imagined,past,they,di
10561,2849,will imagine,future,I,gelecek
10562,2849,will imagine,future,you,gelecek
10563,2849,will imagine,future,he/she,gelecek
10564,2849,will imagine,future,we,gelecek
10565,2849,will imagine,future,you (pl),gelecek
10566,2849,will imagine,future,they,gelecek
10567,2851,define,present,I,şimdi
10568,2851,define,present,you,şimdi
10569,2851,defines,present,he/she,şimdi
10570,2851,define,present,we,şimdi
10571,2851,define,present,you (pl),şimdi
10572,2851,define,present,they,şimdi
10573,2851,defined,past,I,di
10574,2851,defined,past,you,di
10575,2851,defined,past,he/she,di
10576,2851,defined,past,we,di
10577,2851,defined,past,you (pl),di
10578,2851,defined,past,they,di
10579,2851,will define,future,I,gelecek
10580,2851,will define,future,you,gelecek
10581,2851,will define,future,he/she,gelecek
10582,2851,will define,future,we,gelecek
10583,2851,will define,future,you (pl),gelecek
10584,2851,will define,future,they,gelecek
10585,2858,maintain,present,I,şimdi
10586,2858,maintain,present,you,şimdi
10587,2858,maintains,present,he/she,şimdi
10588,2858,maintain,present,we,şimdi
10589,2858,maintain,present,you (pl),şimdi
10590,2858,maintain,present,they,şimdi
10591,2858,maintained,past,I,di
10592,2858,maintained,past,you,di
10593,2858,maintained,past,he/she,di
10594,2858,maintained,past,we,di
10595,2858,maintained,past,you (pl),di
10596,2858,maintained,past,they,di
10597,2858,will maintain,future,I,gelecek
10598,2858,will maintain,future,you,gelecek
10599,2858,will maintain,future,he/she,gelecek
10600,2858,will maintain,future,we,gelecek
10601,2858,will maintain,future,you (pl),gelecek
10602,2858,will maintain,future,they,gelecek
10603,2861,extend,present,I,şimdi
10604,2861,extend,present,you,şimdi
10605,2861,extends,present,he/she,şimdi
10606,2861,extend,present,we,şimdi
10607,2861,extend,present,you (pl),şimdi
10608,2861,extend,present,they,şimdi
10609,2861,extended,past,I,di
10610,2861,extended,past,you,di
10611,2861,extended,past,he/she,di
10612,2861,extended,past,we,di
10613,2861,extended,past,you (pl),di
10614,2861,extended,past,they,di
10615,2861,will extend,future,I,gelecek
10616,2861,will extend,future,you,gelecek
10617,2861,will extend,future,he/she,gelecek
10618,2861,will extend,future,we,gelecek
10619,2861,will extend,future,you (pl),gelecek
10620,2861,will extend,future,they,gelecek
10621,2876,fix,present,I,şimdi
10622,2876,fix,present,you,şimdi
10623,2876,fixes,present,he/she,şimdi
10624,2876,fix,present,we,şimdi
10625,2876,fix,present,you (pl),şimdi
10626,2876,fix,present,they,şimdi
10627,2876,fixed,past,I,di
10628,2876,fixed,past,you,di
10629,2876,fixed,past,he/she,di
10630,2876,fixed,past,we,di
10631,2876,fixed,past,you (pl),di
10632,2876,fixed,past,they,di
10633,2876,will fix,future,I,gelecek
10634,2876,will fix,future,you,gelecek
10635,2876,will fix,future,he/she,gelecek
10636,2876,will fix,future,we,gelecek
10637,2876,will fix,future,you (pl),gelecek
10638,2876,will fix,future,they,gelecek
10639,2878,cross,present,I,şimdi
10640,2878,cross,present,you,şimdi
10641,2878,crosses,present,he/she,şimdi
10642,2878,cross,present,we,şimdi
10643,2878,cross,present,you (pl),şimdi
10644,2878,cross,present,they,şimdi
10645,2878,crossed,past,I,di
10646,2878,crossed,past,you,di
10647,2878,crossed,past,he/she,di
10648,2878,crossed,past,we,di
10649,2878,crossed,past,you (pl),di
10650,2878,crossed,past,they,di
10651,2878,will cross,future,I,gelecek
10652,2878,will cross,future,you,gelecek
10653,2878,will cross,future,he/she,gelecek
10654,2878,will cross,future,we,gelecek
10655,2878,will cross,future,you (pl),gelecek
10656,2878,will cross,future,they,gelecek
10657,2886,welcome,present,I,şimdi
10658,2886,welcome,present,you,şimdi
10659,2886,welcomes,present,he/she,şimdi
10660,2886,welcome,present,we,şimdi
10661,2886,welcome,present,you (pl),şimdi
10662,2886,welcome,present,they,şimdi
10663,2886,welcomed,past,I,di
10664,2886,welcomed,past,you,di
10665,2886,welcomed,past,he/she,di
10666,2886,welcomed,past,we,di
10667,2886,welcomed,past,you (pl),di
10668,2886,welcomed,past,they,di
10669,2886,will welcome,future,I,gelecek
10670,2886,will welcome,future,you,gelecek
10671,2886,will welcome,future,he/she,gelecek
10672,2886,will welcome,future,we,gelecek
10673,2886,will welcome,future,you (pl),gelecek
10674,2886,will welcome,future,they,gelecek
10675,2889,judge,present,I,şimdi
10676,2889,judge,present,you,şimdi
10677,2889,judges,present,he/she,şimdi
10678,2889,judge,present,we,şimdi
10679,2889,judge,present,you (pl),şimdi
10680,2889,judge,present,they,şimdi
10681,2889,judged,past,I,di
10682,2889,judged,past,you,di
10683,2889,judged,past,he/she,di
10684,2889,judged,past,we,di
10685,2889,judged,past,you (pl),di
10686,2889,judged,past,they,di
10687,2889,will judge,future,I,gelecek
10688,2889,will judge,future,you,gelecek
10689,2889,will judge,future,he/she,gelecek
10690,2889,will judge,future,we,gelecek
10691,2889,will judge,future,you (pl),gelecek
10692,2889,will judge,future,they,gelecek
10693,2891,estimate,present,I,şimdi
10694,2891,estimate,present,you,şimdi
10695,2891,estimates,present,he/she,şimdi
10696,2891,estimate,present,we,şimdi
10697,2891,estimate,present,you (pl),şimdi
10698,2891,estimate,present,they,şimdi
10699,2891,estimated,past,I,di
10700,2891,estimated,past,you,di
10701,2891,estimated,past,he/she,di
10702,2891,estimated,past,we,di
10703,2891,estimated,past,you (pl),di
10704,2891,estimated,past,they,di
10705,2891,will estimate,future,I,gelecek
10706,2891,will estimate,future,you,gelecek
10707,2891,will estimate,future,he/she,gelecek
10708,2891,will estimate,future,we,gelecek
10709,2891,will estimate,future,you (pl),gelecek
10710,2891,will estimate,future,they,gelecek
10711,2894,purchase,present,I,şimdi
10712,2894,purchase,present,you,şimdi
10713,2894,purchases,present,he/she,şimdi
10714,2894,purchase,present,we,şimdi
10715,2894,purchase,present,you (pl),şimdi
10716,2894,purchase,present,they,şimdi
10717,2894,purchased,past,I,di
10718,2894,purchased,past,you,di
10719,2894,purchased,past,he/she,di
10720,2894,purchased,past,we,di
10721,2894,purchased,past,you (pl),di
10722,2894,purchased,past,they,di
10723,2894,will purchase,future,I,gelecek
10724,2894,will purchase,future,you,gelecek
10725,2894,will purchase,future,he/she,gelecek
10726,2894,will purchase,future,we,gelecek
10727,2894,will purchase,future,you (pl),gelecek
10728,2894,will purchase,future,they,gelecek
10729,2895,shoot,present,I,şimdi
10730,2895,shoot,present,you,şimdi
10731,2895,shoots,present,he/she,şimdi
10732,2895,shoot,present,we,şimdi
10733,2895,shoot,present,you (pl),şimdi
10734,2895,shoot,present,they,şimdi
10735,2895,shot,past,I,di
10736,2895,shot,past,you,di
10737,2895,shot,past,he/she,di
10738,2895,shot,past,we,di
10739,2895,shot,past,you (pl),di
10740,2895,shot,past,they,di
10741,2895,will shoot,future,I,gelecek
10742,2895,will shoot,future,you,gelecek
10743,2895,will shoot,future,he/she,gelecek
10744,2895,will shoot,future,we,gelecek
10745,2895,will shoot,future,you (pl),gelecek
10746,2895,will shoot,future,they,gelecek
10747,2896,announce,present,I,şimdi
10748,2896,announce,present,you,şimdi
10749,2896,announces,present,he/she,şimdi
10750,2896,announce,present,we,şimdi
10751,2896,announce,present,you (pl),şimdi
10752,2896,announce,present,they,şimdi
10753,2896,announced,past,I,di
10754,2896,announced,past,you,di
10755,2896,announced,past,he/she,di
10756,2896,announced,past,we,di
10757,2896,announced,past,you (pl),di
10758,2896,announced,past,they,di
10759,2896,will announce,future,I,gelecek
10760,2896,will announce,future,you,gelecek
10761,2896,will announce,future,he/she,gelecek
10762,2896,will announce,future,we,gelecek
10763,2896,will announce,future,you (pl),gelecek
10764,2896,will announce,future,they,gelecek
10765,2901,stick,present,I,şimdi
10766,2901,stick,present,you,şimdi
10767,2901,sticks,present,he/she,şimdi
10768,2901,stick,present,we,şimdi
10769,2901,stick,present,you (pl),şimdi
10770,2901,stick,present,they,şimdi
10771,2901,stuck,past,I,di
10772,2901,stuck,past,you,di
10773,2901,stuck,past,he/she,di
10774,2901,stuck,past,we,di
10775,2901,stuck,past,you (pl),di
10776,2901,stuck,past,they,di
10777,2901,will stick,future,I,gelecek
10778,2901,will stick,future,you,gelecek
10779,2901,will stick,future,he/she,gelecek
10780,2901,will stick,future,we,gelecek
10781,2901,will stick,future,you (pl),gelecek
10782,2901,will stick,future,they,gelecek
10783,2902,request,present,I,şimdi
10784,2902,request,present,you,şimdi
10785,2902,requests,present,he/she,şimdi
10786,2902,request,present,we,şimdi
10787,2902,request,present,you (pl),şimdi
10788,2902,request,present,they,şimdi
10789,2902,requested,past,I,di
10790,2902,requested,past,you,di
10791,2902,requested,past,he/she,di
10792,2902,requested,past,we,di
10793,2902,requested,past,you (pl),di
10794,2902,requested,past,they,di
10795,2902,will request,future,I,gelecek
10796,2902,will request,future,you,gelecek
10797,2902,will request,future,he/she,gelecek
10798,2902,will request,future,we,gelecek
10799,2902,will request,future,you (pl),gelecek
10800,2902,will request,future,they,gelecek
10801,2906,block,present,I,şimdi
10802,2906,block,present,you,şimdi
10803,2906,blocks,present,he/she,şimdi
10804,2906,block,present,we,şimdi
10805,2906,block,present,you (pl),şimdi
10806,2906,block,present,they,şimdi
10807,2906,blocked,past,I,di
10808,2906,blocked,past,you,di
10809,2906,blocked,past,he/she,di
10810,2906,blocked,past,we,di
10811,2906,blocked,past,you (pl),di
10812,2906,blocked,past,they,di
10813,2906,will block,future,I,gelecek
10814,2906,will block,future,you,gelecek
10815,2906,will block,future,he/she,gelecek
10816,2906,will block,future,we,gelecek
10817,2906,will block,future,you (pl),gelecek
10818,2906,will block,future,they,gelecek
10819,2907,count,present,I,şimdi
10820,2907,count,present,you,şimdi
10821,2907,counts,present,he/she,şimdi
10822,2907,count,present,we,şimdi
10823,2907,count,present,you (pl),şimdi
10824,2907,count,present,they,şimdi
10825,2907,counted,past,I,di
10826,2907,counted,past,you,di
10827,2907,counted,past,he/she,di
10828,2907,counted,past,we,di
10829,2907,counted,past,you (pl),di
10830,2907,counted,past,they,di
10831,2907,will count,future,I,gelecek
10832,2907,will count,future,you,gelecek
10833,2907,will count,future,he/she,gelecek
10834,2907,will count,future,we,gelecek
10835,2907,will count,future,you (pl),gelecek
10836,2907,will count,future,they,gelecek
10837,2914,admit,present,I,şimdi
10838,2914,admit,present,you,şimdi
10839,2914,admits,present,he/she,şimdi
10840,2914,admit,present,we,şimdi
10841,2914,admit,present,you (pl),şimdi
10842,2914,admit,present,they,şimdi
10843,2914,admited,past,I,di
10844,2914,admited,past,you,di
10845,2914,admited,past,he/she,di
10846,2914,admited,past,we,di
10847,2914,admited,past,you (pl),di
10848,2914,admited,past,they,di
10849,2914,will admit,future,I,gelecek
10850,2914,will admit,future,you,gelecek
10851,2914,will admit,future,he/she,gelecek
10852,2914,will admit,future,we,gelecek
10853,2914,will admit,future,you (pl),gelecek
10854,2914,will admit,future,they,gelecek
10855,2916,copy,present,I,şimdi
10856,2916,copy,present,you,şimdi
10857,2916,copies,present,he/she,şimdi
10858,2916,copy,present,we,şimdi
10859,2916,copy,present,you (pl),şimdi
10860,2916,copy,present,they,şimdi
10861,2916,copied,past,I,di
10862,2916,copied,past,you,di
10863,2916,copied,past,he/she,di
10864,2916,copied,past,we,di
10865,2916,copied,past,you (pl),di
10866,2916,copied,past,they,di
10867,2916,will copy,future,I,gelecek
10868,2916,will copy,future,you,gelecek
10869,2916,will copy,future,he/she,gelecek
10870,2916,will copy,future,we,gelecek
10871,2916,will copy,future,you (pl),gelecek
10872,2916,will copy,future,they,gelecek
10873,2919,handle,present,I,şimdi
10874,2919,handle,present,you,şimdi
10875,2919,handles,present,he/she,şimdi
10876,2919,handle,present,we,şimdi
10877,2919,handle,present,you (pl),şimdi
10878,2919,handle,present,they,şimdi
10879,2919,handled,past,I,di
10880,2919,handled,past,you,di
10881,2919,handled,past,he/she,di
10882,2919,handled,past,we,di
10883,2919,handled,past,you (pl),di
10884,2919,handled,past,they,di
10885,2919,will handle,future,I,gelecek
10886,2919,will handle,future,you,gelecek
10887,2919,will handle,future,he/she,gelecek
10888,2919,will handle,future,we,gelecek
10889,2919,will handle,future,you (pl),gelecek
10890,2919,will handle,future,they,gelecek
10891,2924,remove,present,I,şimdi
10892,2924,remove,present,you,şimdi
10893,2924,removes,present,he/she,şimdi
10894,2924,remove,present,we,şimdi
10895,2924,remove,present,you (pl),şimdi
10896,2924,remove,present,they,şimdi
10897,2924,removed,past,I,di
10898,2924,removed,past,you,di
10899,2924,removed,past,he/she,di
10900,2924,removed,past,we,di
10901,2924,removed,past,you (pl),di
10902,2924,removed,past,they,di
10903,2924,will remove,future,I,gelecek
10904,2924,will remove,future,you,gelecek
10905,2924,will remove,future,he/she,gelecek
10906,2924,will remove,future,we,gelecek
10907,2924,will remove,future,you (pl),gelecek
10908,2924,will remove,future,they,gelecek
10909,2925,conduct,present,I,şimdi
10910,2925,conduct,present,you,şimdi
10911,2925,conducts,present,he/she,şimdi
10912,2925,conduct,present,we,şimdi
10913,2925,conduct,present,you (pl),şimdi
10914,2925,conduct,present,they,şimdi
10915,2925,conducted,past,I,di
10916,2925,conducted,past,you,di
10917,2925,conducted,past,he/she,di
10918,2925,conducted,past,we,di
10919,2925,conducted,past,you (pl),di
10920,2925,conducted,past,they,di
10921,2925,will conduct,future,I,gelecek
10922,2925,will conduct,future,you,gelecek
10923,2925,will conduct,future,he/she,gelecek
10924,2925,will conduct,future,we,gelecek
10925,2925,will conduct,future,you (pl),gelecek
10926,2925,will conduct,future,they,gelecek
10927,2933,deliver,present,I,şimdi
10928,2933,deliver,present,you,şimdi
10929,2933,delivers,present,he/she,şimdi
10930,2933,deliver,present,we,şimdi
10931,2933,deliver,present,you (pl),şimdi
10932,2933,deliver,present,they,şimdi
10933,2933,delivered,past,I,di
10934,2933,delivered,past,you,di
10935,2933,delivered,past,he/she,di
10936,2933,delivered,past,we,di
10937,2933,delivered,past,you (pl),di
10938,2933,delivered,past,they,di
10939,2933,will deliver,future,I,gelecek
10940,2933,will deliver,future,you,gelecek
10941,2933,will deliver,future,he/she,gelecek
10942,2933,will deliver,future,we,gelecek
10943,2933,will deliver,future,you (pl),gelecek
10944,2933,will deliver,future,they,gelecek
10945,2937,inform,present,I,şimdi
10946,2937,inform,present,you,şimdi
10947,2937,informs,present,he/she,şimdi
10948,2937,inform,present,we,şimdi
10949,2937,inform,present,you (pl),şimdi
10950,2937,inform,present,they,şimdi
10951,2937,informed,past,I,di
10952,2937,informed,past,you,di
10953,2937,informed,past,he/she,di
10954,2937,informed,past,we,di
10955,2937,informed,past,you (pl),di
10956,2937,informed,past,they,di
10957,2937,will inform,future,I,gelecek
10958,2937,will inform,future,you,gelecek
10959,2937,will inform,future,he/she,gelecek
10960,2937,will inform,future,we,gelecek
10961,2937,will inform,future,you (pl),gelecek
10962,2937,will inform,future,they,gelecek
10963,2940,appeal,present,I,şimdi
10964,2940,appeal,present,you,şimdi
10965,2940,appeals,present,he/she,şimdi
10966,2940,appeal,present,we,şimdi
10967,2940,appeal,present,you (pl),şimdi
10968,2940,appeal,present,they,şimdi
10969,2940,appealed,past,I,di
10970,2940,appealed,past,you,di
10971,2940,appealed,past,he/she,di
10972,2940,appealed,past,we,di
10973,2940,appealed,past,you (pl),di
10974,2940,appealed,past,they,di
10975,2940,will appeal,future,I,gelecek
10976,2940,will appeal,future,you,gelecek
10977,2940,will appeal,future,he/she,gelecek
10978,2940,will appeal,future,we,gelecek
10979,2940,will appeal,future,you (pl),gelecek
10980,2940,will appeal,future,they,gelecek
10981,2948,hang,present,I,şimdi
10982,2948,hang,present,you,şimdi
10983,2948,hangs,present,he/she,şimdi
10984,2948,hang,present,we,şimdi
10985,2948,hang,present,you (pl),şimdi
10986,2948,hang,present,they,şimdi
10987,2948,hung,past,I,di
10988,2948,hung,past,you,di
10989,2948,hung,past,he/she,di
10990,2948,hung,past,we,di
10991,2948,hung,past,you (pl),di
10992,2948,hung,past,they,di
10993,2948,will hang,future,I,gelecek
10994,2948,will hang,future,you,gelecek
10995,2948,will hang,future,he/she,gelecek
10996,2948,will hang,future,we,gelecek
10997,2948,will hang,future,you (pl),gelecek
10998,2948,will hang,future,they,gelecek
10999,2957,examine,present,I,şimdi
11000,2957,examine,present,you,şimdi
11001,2957,examines,present,he/she,şimdi
11002,2957,examine,present,we,şimdi
11003,2957,examine,present,you (pl),şimdi
11004,2957,examine,present,they,şimdi
11005,2957,examined,past,I,di
11006,2957,examined,past,you,di
11007,2957,examined,past,he/she,di
11008,2957,examined,past,we,di
11009,2957,examined,past,you (pl),di
11010,2957,examined,past,they,di
11011,2957,will examine,future,I,gelecek
11012,2957,will examine,future,you,gelecek
11013,2957,will examine,future,he/she,gelecek
11014,2957,will examine,future,we,gelecek
11015,2957,will examine,future,you (pl),gelecek
11016,2957,will examine,future,they,gelecek
11017,2958,lay,present,I,şimdi
11018,2958,lay,present,you,şimdi
11019,2958,lays,present,he/she,şimdi
11020,2958,lay,present,we,şimdi
11021,2958,lay,present,you (pl),şimdi
11022,2958,lay,present,they,şimdi
11023,2958,laid,past,I,di
11024,2958,laid,past,you,di
11025,2958,laid,past,he/she,di
11026,2958,laid,past,we,di
11027,2958,laid,past,you (pl),di
11028,2958,laid,past,they,di
11029,2958,will lay,future,I,gelecek
11030,2958,will lay,future,you,gelecek
11031,2958,will lay,future,he/she,gelecek
11032,2958,will lay,future,we,gelecek
11033,2958,will lay,future,you (pl),gelecek
11034,2958,will lay,future,they,gelecek
11035,2960,reply,present,I,şimdi
11036,2960,reply,present,you,şimdi
11037,2960,replies,present,he/she,şimdi
11038,2960,reply,present,we,şimdi
11039,2960,reply,present,you (pl),şimdi
11040,2960,reply,present,they,şimdi
11041,2960,replied,past,I,di
11042,2960,replied,past,you,di
11043,2960,replied,past,he/she,di
11044,2960,replied,past,we,di
11045,2960,replied,past,you (pl),di
11046,2960,replied,past,they,di
11047,2960,will reply,future,I,gelecek
11048,2960,will reply,future,you,gelecek
11049,2960,will reply,future,he/she,gelecek
11050,2960,will reply,future,we,gelecek
11051,2960,will reply,future,you (pl),gelecek
11052,2960,will reply,future,they,gelecek
11053,2961,display,present,I,şimdi
11054,2961,display,present,you,şimdi
11055,2961,displays,present,he/she,şimdi
11056,2961,display,present,we,şimdi
11057,2961,display,present,you (pl),şimdi
11058,2961,display,present,they,şimdi
11059,2961,displayed,past,I,di
11060,2961,displayed,past,you,di
11061,2961,displayed,past,he/she,di
11062,2961,displayed,past,we,di
11063,2961,displayed,past,you (pl),di
11064,2961,displayed,past,they,di
11065,2961,will display,future,I,gelecek
11066,2961,will display,future,you,gelecek
11067,2961,will display,future,he/she,gelecek
11068,2961,will display,future,we,gelecek
11069,2961,will display,future,you (pl),gelecek
11070,2961,will display,future,they,gelecek
11071,2965,respond,present,I,şimdi
11072,2965,respond,present,you,şimdi
11073,2965,responds,present,he/she,şimdi
11074,2965,respond,present,we,şimdi
11075,2965,respond,present,you (pl),şimdi
11076,2965,respond,present,they,şimdi
11077,2965,responded,past,I,di
11078,2965,responded,past,you,di
11079,2965,responded,past,he/she,di
11080,2965,responded,past,we,di
11081,2965,responded,past,you (pl),di
11082,2965,responded,past,they,di
11083,2965,will respond,future,I,gelecek
11084,2965,will respond,future,you,gelecek
11085,2965,will respond,future,he/she,gelecek
11086,2965,will respond,future,we,gelecek
11087,2965,will respond,future,you (pl),gelecek
11088,2965,will respond,future,they,gelecek
11089,2970,reveal,present,I,şimdi
11090,2970,reveal,present,you,şimdi
11091,2970,reveals,present,he/she,şimdi
11092,2970,reveal,present,we,şimdi
11093,2970,reveal,present,you (pl),şimdi
11094,2970,reveal,present,they,şimdi
11095,2970,revealed,past,I,di
11096,2970,revealed,past,you,di
11097,2970,revealed,past,he/she,di
11098,2970,revealed,past,we,di
11099,2970,revealed,past,you (pl),di
11100,2970,revealed,past,they,di
11101,2970,will reveal,future,I,gelecek
11102,2970,will reveal,future,you,gelecek
11103,2970,will reveal,future,he/she,gelecek
11104,2970,will reveal,future,we,gelecek
11105,2970,will reveal,future,you (pl),gelecek
11106,2970,will reveal,future,they,gelecek
11107,2974,decline,present,I,şimdi
11108,2974,decline,present,you,şimdi
11109,2974,declines,present,he/she,şimdi
11110,2974,decline,present,we,şimdi
11111,2974,decline,present,you (pl),şimdi
11112,2974,decline,present,they,şimdi
11113,2974,declined,past,I,di
11114,2974,declined,past,you,di
11115,2974,declined,past,he/she,di
11116,2974,declined,past,we,di
11117,2974,declined,past,you (pl),di
11118,2974,declined,past,they,di
11119,2974,will decline,future,I,gelecek
11120,2974,will decline,future,you,gelecek
11121,2974,will decline,future,he/she,gelecek
11122,2974,will decline,future,we,gelecek
11123,2974,will decline,future,you (pl),gelecek
11124,2974,will decline,future,they,gelecek
11125,2976,favor,present,I,şimdi
11126,2976,favor,present,you,şimdi
11127,2976,favors,present,he/she,şimdi
11128,2976,favor,present,we,şimdi
11129,2976,favor,present,you (pl),şimdi
11130,2976,favor,present,they,şimdi
11131,2976,favored,past,I,di
11132,2976,favored,past,you,di
11133,2976,favored,past,he/she,di
11134,2976,favored,past,we,di
11135,2976,favored,past,you (pl),di
11136,2976,favored,past,they,di
11137,2976,will favor,future,I,gelecek
11138,2976,will favor,future,you,gelecek
11139,2976,will favor,future,he/she,gelecek
11140,2976,will favor,future,we,gelecek
11141,2976,will favor,future,you (pl),gelecek
11142,2976,will favor,future,they,gelecek
11143,2981,excite,present,I,şimdi
11144,2981,excite,present,you,şimdi
11145,2981,excites,present,he/she,şimdi
11146,2981,excite,present,we,şimdi
11147,2981,excite,present,you (pl),şimdi
11148,2981,excite,present,they,şimdi
11149,2981,excited,past,I,di
11150,2981,excited,past,you,di
11151,2981,excited,past,he/she,di
11152,2981,excited,past,we,di
11153,2981,excited,past,you (pl),di
11154,2981,excited,past,they,di
11155,2981,will excite,future,I,gelecek
11156,2981,will excite,future,you,gelecek
11157,2981,will excite,future,he/she,gelecek
11158,2981,will excite,future,we,gelecek
11159,2981,will excite,future,you (pl),gelecek
11160,2981,will excite,future,they,gelecek
11161,2985,guide,present,I,şimdi
11162,2985,guide,present,you,şimdi
11163,2985,guides,present,he/she,şimdi
11164,2985,guide,present,we,şimdi
11165,2985,guide,present,you (pl),şimdi
11166,2985,guide,present,they,şimdi
11167,2985,guided,past,I,di
11168,2985,guided,past,you,di
11169,2985,guided,past,he/she,di
11170,2985,guided,past,we,di
11171,2985,guided,past,you (pl),di
11172,2985,guided,past,they,di
11173,2985,will guide,future,I,gelecek
11174,2985,will guide,future,you,gelecek
11175,2985,will guide,future,he/she,gelecek
11176,2985,will guide,future,we,gelecek
11177,2985,will guide,future,you (pl),gelecek
11178,2985,will guide,future,they,gelecek
11179,2986,grant,present,I,şimdi
11180,2986,grant,present,you,şimdi
11181,2986,grants,present,he/she,şimdi
11182,2986,grant,present,we,şimdi
11183,2986,grant,present,you (pl),şimdi
11184,2986,grant,present,they,şimdi
11185,2986,granted,past,I,di
11186,2986,granted,past,you,di
11187,2986,granted,past,he/she,di
11188,2986,granted,past,we,di
11189,2986,granted,past,you (pl),di
11190,2986,granted,past,they,di
11191,2986,will grant,future,I,gelecek
11192,2986,will grant,future,you,gelecek
11193,2986,will grant,future,he/she,gelecek
11194,2986,will grant,future,we,gelecek
11195,2986,will grant,future,you (pl),gelecek
11196,2986,will grant,future,they,gelecek
11197,2987,feed,present,I,şimdi
11198,2987,feed,present,you,şimdi
11199,2987,feeds,present,he/she,şimdi
11200,2987,feed,present,we,şimdi
11201,2987,feed,present,you (pl),şimdi
11202,2987,feed,present,they,şimdi
11203,2987,fed,past,I,di
11204,2987,fed,past,you,di
11205,2987,fed,past,he/she,di
11206,2987,fed,past,we,di
11207,2987,fed,past,you (pl),di
11208,2987,fed,past,they,di
11209,2987,will feed,future,I,gelecek
11210,2987,will feed,future,you,gelecek
11211,2987,will feed,future,he/she,gelecek
11212,2987,will feed,future,we,gelecek
11213,2987,will feed,future,you (pl),gelecek
11214,2987,will feed,future,they,gelecek
11215,2989,ensure,present,I,şimdi
11216,2989,ensure,present,you,şimdi
11217,2989,ensures,present,he/she,şimdi
11218,2989,ensure,present,we,şimdi
11219,2989,ensure,present,you (pl),şimdi
11220,2989,ensure,present,they,şimdi
11221,2989,ensured,past,I,di
11222,2989,ensured,past,you,di
11223,2989,ensured,past,he/she,di
11224,2989,ensured,past,we,di
11225,2989,ensured,past,you (pl),di
11226,2989,ensured,past,they,di
11227,2989,will ensure,future,I,gelecek
11228,2989,will ensure,future,you,gelecek
11229,2989,will ensure,future,he/she,gelecek
11230,2989,will ensure,future,we,gelecek
11231,2989,will ensure,future,you (pl),gelecek
11232,2989,will ensure,future,they,gelecek
11233,2990,satisfy,present,I,şimdi
11234,2990,satisfy,present,you,şimdi
11235,2990,satisfies,present,he/she,şimdi
11236,2990,satisfy,present,we,şimdi
11237,2990,satisfy,present,you (pl),şimdi
11238,2990,satisfy,present,they,şimdi
11239,2990,satisfied,past,I,di
11240,2990,satisfied,past,you,di
11241,2990,satisfied,past,he/she,di
11242,2990,satisfied,past,we,di
11243,2990,satisfied,past,you (pl),di
11244,2990,satisfied,past,they,di
11245,2990,will satisfy,future,I,gelecek
11246,2990,will satisfy,future,you,gelecek
11247,2990,will satisfy,future,he/she,gelecek
11248,2990,will satisfy,future,we,gelecek
11249,2990,will satisfy,future,you (pl),gelecek
11250,2990,will satisfy,future,they,gelecek
11251,3002,struggle,present,I,şimdi
11252,3002,struggle,present,you,şimdi
11253,3002,struggles,present,he/she,şimdi
11254,3002,struggle,present,we,şimdi
11255,3002,struggle,present,you (pl),şimdi
11256,3002,struggle,present,they,şimdi
11257,3002,struggled,past,I,di
11258,3002,struggled,past,you,di
11259,3002,struggled,past,he/she,di
11260,3002,struggled,past,we,di
11261,3002,struggled,past,you (pl),di
11262,3002,struggled,past,they,di
11263,3002,will struggle,future,I,gelecek
11264,3002,will struggle,future,you,gelecek
11265,3002,will struggle,future,he/she,gelecek
11266,3002,will struggle,future,we,gelecek
11267,3002,will struggle,future,you (pl),gelecek
11268,3002,will struggle,future,they,gelecek
11269,3003,select,present,I,şimdi
11270,3003,select,present,you,şimdi
11271,3003,selects,present,he/she,şimdi
11272,3003,select,present,we,şimdi
11273,3003,select,present,you (pl),şimdi
11274,3003,select,present,they,şimdi
11275,3003,selected,past,I,di
11276,3003,selected,past,you,di
11277,3003,selected,past,he/she,di
11278,3003,selected,past,we,di
11279,3003,selected,past,you (pl),di
11280,3003,selected,past,they,di
11281,3003,will select,future,I,gelecek
11282,3003,will select,future,you,gelecek
11283,3003,will select,future,he/she,gelecek
11284,3003,will select,future,we,gelecek
11285,3003,will select,future,you (pl),gelecek
11286,3003,will select,future,they,gelecek
11287,3004,surround,present,I,şimdi
11288,3004,surround,present,you,şimdi
11289,3004,surrounds,present,he/she,şimdi
11290,3004,surround,present,we,şimdi
11291,3004,surround,present,you (pl),şimdi
11292,3004,surround,present,they,şimdi
11293,3004,surrounded,past,I,di
11294,3004,surrounded,past,you,di
11295,3004,surrounded,past,he/she,di
11296,3004,surrounded,past,we,di
11297,3004,surrounded,past,you (pl),di
11298,3004,surrounded,past,they,di
11299,3004,will surround,future,I,gelecek
11300,3004,will surround,future,you,gelecek
11301,3004,will surround,future,he/she,gelecek
11302,3004,will surround,future,we,gelecek
11303,3004,will surround,future,you (pl),gelecek
11304,3004,will surround,future,they,gelecek
11305,3009,roll,present,I,şimdi
11306,3009,roll,present,you,şimdi
11307,3009,rolls,present,he/she,şimdi
11308,3009,roll,present,we,şimdi
11309,3009,roll,present,you (pl),şimdi
11310,3009,roll,present,they,şimdi
11311,3009,rolled,past,I,di
11312,3009,rolled,past,you,di
11313,3009,rolled,past,he/she,di
11314,3009,rolled,past,we,di
11315,3009,rolled,past,you (pl),di
11316,3009,rolled,past,they,di
11317,3009,will roll,future,I,gelecek
11318,3009,will roll,future,you,gelecek
11319,3009,will roll,future,he/she,gelecek
11320,3009,will roll,future,we,gelecek
11321,3009,will roll,future,you (pl),gelecek
11322,3009,will roll,future,they,gelecek
11323,3021,spread,present,I,şimdi
11324,3021,spread,present,you,şimdi
11325,3021,spreads,present,he/she,şimdi
11326,3021,spread,present,we,şimdi
11327,3021,spread,present,you (pl),şimdi
11328,3021,spread,present,they,şimdi
11329,3021,spread,past,I,di
11330,3021,spread,past,you,di
11331,3021,spread,past,he/she,di
11332,3021,spread,past,we,di
11333,3021,spread,past,you (pl),di
11334,3021,spread,past,they,di
11335,3021,will spread,future,I,gelecek
11336,3021,will spread,future,you,gelecek
11337,3021,will spread,future,he/she,gelecek
11338,3021,will spread,future,we,gelecek
11339,3021,will spread,future,you (pl),gelecek
11340,3021,will spread,future,they,gelecek
11341,3024,cry,present,I,şimdi
11342,3024,cry,present,you,şimdi
11343,3024,cries,present,he/she,şimdi
11344,3024,cry,present,we,şimdi
11345,3024,cry,present,you (pl),şimdi
11346,3024,cry,present,they,şimdi
11347,3024,cried,past,I,di
11348,3024,cried,past,you,di
11349,3024,cried,past,he/she,di
11350,3024,cried,past,we,di
11351,3024,cried,past,you (pl),di
11352,3024,cried,past,they,di
11353,3024,will cry,future,I,gelecek
11354,3024,will cry,future,you,gelecek
11355,3024,will cry,future,he/she,gelecek
11356,3024,will cry,future,we,gelecek
11357,3024,will cry,future,you (pl),gelecek
11358,3024,will cry,future,they,gelecek
11359,3028,confirm,present,I,şimdi
11360,3028,confirm,present,you,şimdi
11361,3028,confirms,present,he/she,şimdi
11362,3028,confirm,present,we,şimdi
11363,3028,confirm,present,you (pl),şimdi
11364,3028,confirm,present,they,şimdi
11365,3028,confirmed,past,I,di
11366,3028,confirmed,past,you,di
11367,3028,confirmed,past,he/she,di
11368,3028,confirmed,past,we,di
11369,3028,confirmed,past,you (pl),di
11370,3028,confirmed,past,they,di
11371,3028,will confirm,future,I,gelecek
11372,3028,will confirm,future,you,gelecek
11373,3028,will confirm,future,he/she,gelecek
11374,3028,will confirm,future,we,gelecek
11375,3028,will confirm,future,you (pl),gelecek
11376,3028,will confirm,future,they,gelecek
11377,3030,emerge,present,I,şimdi
11378,3030,emerge,present,you,şimdi
11379,3030,emerges,present,he/she,şimdi
11380,3030,emerge,present,we,şimdi
11381,3030,emerge,present,you (pl),şimdi
11382,3030,emerge,present,they,şimdi
11383,3030,emerged,past,I,di
11384,3030,emerged,past,you,di
11385,3030,emerged,past,he/she,di
11386,3030,emerged,past,we,di
11387,3030,emerged,past,you (pl),di
11388,3030,emerged,past,they,di
11389,3030,will emerge,future,I,gelecek
11390,3030,will emerge,future,you,gelecek
11391,3030,will emerge,future,he/she,gelecek
11392,3030,will emerge,future,we,gelecek
11393,3030,will emerge,future,you (pl),gelecek
11394,3030,will emerge,future,they,gelecek
11395,3032,reform,present,I,şimdi
11396,3032,reform,present,you,şimdi
11397,3032,reforms,present,he/she,şimdi
11398,3032,reform,present,we,şimdi
11399,3032,reform,present,you (pl),şimdi
11400,3032,reform,present,they,şimdi
11401,3032,reformed,past,I,di
11402,3032,reformed,past,you,di
11403,3032,reformed,past,he/she,di
11404,3032,reformed,past,we,di
11405,3032,reformed,past,you (pl),di
11406,3032,reformed,past,they,di
11407,3032,will reform,future,I,gelecek
11408,3032,will reform,future,you,gelecek
11409,3032,will reform,future,he/she,gelecek
11410,3032,will reform,future,we,gelecek
11411,3032,will reform,future,you (pl),gelecek
11412,3032,will reform,future,they,gelecek
11413,3035,solve,present,I,şimdi
11414,3035,solve,present,you,şimdi
11415,3035,solves,present,he/she,şimdi
11416,3035,solve,present,we,şimdi
11417,3035,solve,present,you (pl),şimdi
11418,3035,solve,present,they,şimdi
11419,3035,solved,past,I,di
11420,3035,solved,past,you,di
11421,3035,solved,past,he/she,di
11422,3035,solved,past,we,di
11423,3035,solved,past,you (pl),di
11424,3035,solved,past,they,di
11425,3035,will solve,future,I,gelecek
11426,3035,will solve,future,you,gelecek
11427,3035,will solve,future,he/she,gelecek
11428,3035,will solve,future,we,gelecek
11429,3035,will solve,future,you (pl),gelecek
11430,3035,will solve,future,they,gelecek
11431,3046,contribute,present,I,şimdi
11432,3046,contribute,present,you,şimdi
11433,3046,contributes,present,he/she,şimdi
11434,3046,contribute,present,we,şimdi
11435,3046,contribute,present,you (pl),şimdi
11436,3046,contribute,present,they,şimdi
11437,3046,contributed,past,I,di
11438,3046,contributed,past,you,di
11439,3046,contributed,past,he/she,di
11440,3046,contributed,past,we,di
11441,3046,contributed,past,you (pl),di
11442,3046,contributed,past,they,di
11443,3046,will contribute,future,I,gelecek
11444,3046,will contribute,future,you,gelecek
11445,3046,will contribute,future,he/she,gelecek
11446,3046,will contribute,future,we,gelecek
11447,3046,will contribute,future,you (pl),gelecek
11448,3046,will contribute,future,they,gelecek
11449,3049,adopt,present,I,şimdi
11450,3049,adopt,present,you,şimdi
11451,3049,adopts,present,he/she,şimdi
11452,3049,adopt,present,we,şimdi
11453,3049,adopt,present,you (pl),şimdi
11454,3049,adopt,present,they,şimdi
11455,3049,adopted,past,I,di
11456,3049,adopted,past,you,di
11457,3049,adopted,past,he/she,di
11458,3049,adopted,past,we,di
11459,3049,adopted,past,you (pl),di
11460,3049,adopted,past,they,di
11461,3049,will adopt,future,I,gelecek
11462,3049,will adopt,future,you,gelecek
11463,3049,will adopt,future,he/she,gelecek
11464,3049,will adopt,future,we,gelecek
11465,3049,will adopt,future,you (pl),gelecek
11466,3049,will adopt,future,they,gelecek
11467,3050,combine,present,I,şimdi
11468,3050,combine,present,you,şimdi
11469,3050,combines,present,he/she,şimdi
11470,3050,combine,present,we,şimdi
11471,3050,combine,present,you (pl),şimdi
11472,3050,combine,present,they,şimdi
11473,3050,combined,past,I,di
11474,3050,combined,past,you,di
11475,3050,combined,past,he/she,di
11476,3050,combined,past,we,di
11477,3050,combined,past,you (pl),di
11478,3050,combined,past,they,di
11479,3050,will combine,future,I,gelecek
11480,3050,will combine,future,you,gelecek
11481,3050,will combine,future,he/she,gelecek
11482,3050,will combine,future,we,gelecek
11483,3050,will combine,future,you (pl),gelecek
11484,3050,will combine,future,they,gelecek
11485,3051,hide,present,I,şimdi
11486,3051,hide,present,you,şimdi
11487,3051,hides,present,he/she,şimdi
11488,3051,hide,present,we,şimdi
11489,3051,hide,present,you (pl),şimdi
11490,3051,hide,present,they,şimdi
11491,3051,hid,past,I,di
11492,3051,hid,past,you,di
11493,3051,hid,past,he/she,di
11494,3051,hid,past,we,di
11495,3051,hid,past,you (pl),di
11496,3051,hid,past,they,di
11497,3051,will hide,future,I,gelecek
11498,3051,will hide,future,you,gelecek
11499,3051,will hide,future,he/she,gelecek
11500,3051,will hide,future,we,gelecek
11501,3051,will hide,future,you (pl),gelecek
11502,3051,will hide,future,they,gelecek
11503,3060,arrange,present,I,şimdi
11504,3060,arrange,present,you,şimdi
11505,3060,arranges,present,he/she,şimdi
11506,3060,arrange,present,we,şimdi
11507,3060,arrange,present,you (pl),şimdi
11508,3060,arrange,present,they,şimdi
11509,3060,arranged,past,I,di
11510,3060,arranged,past,you,di
11511,3060,arranged,past,he/she,di
11512,3060,arranged,past,we,di
11513,3060,arranged,past,you (pl),di
11514,3060,arranged,past,they,di
11515,3060,will arrange,future,I,gelecek
11516,3060,will arrange,future,you,gelecek
11517,3060,will arrange,future,he/she,gelecek
11518,3060,will arrange,future,we,gelecek
11519,3060,will arrange,future,you (pl),gelecek
11520,3060,will arrange,future,they,gelecek
11521,3070,burn,present,I,şimdi
11522,3070,burn,present,you,şimdi
11523,3070,burns,present,he/she,şimdi
11524,3070,burn,present,we,şimdi
11525,3070,burn,present,you (pl),şimdi
11526,3070,burn,present,they,şimdi
11527,3070,burnt,past,I,di
11528,3070,burnt,past,you,di
11529,3070,burnt,past,he/she,di
11530,3070,burnt,past,we,di
11531,3070,burnt,past,you (pl),di
11532,3070,burnt,past,they,di
11533,3070,will burn,future,I,gelecek
11534,3070,will burn,future,you,gelecek
11535,3070,will burn,future,he/she,gelecek
11536,3070,will burn,future,we,gelecek
11537,3070,will burn,future,you (pl),gelecek
11538,3070,will burn,future,they,gelecek
11539,3076,gather,present,I,şimdi
11540,3076,gather,present,you,şimdi
11541,3076,gathers,present,he/she,şimdi
11542,3076,gather,present,we,şimdi
11543,3076,gather,present,you (pl),şimdi
11544,3076,gather,present,they,şimdi
11545,3076,gathered,past,I,di
11546,3076,gathered,past,you,di
11547,3076,gathered,past,he/she,di
11548,3076,gathered,past,we,di
11549,3076,gathered,past,you (pl),di
11550,3076,gathered,past,they,di
11551,3076,will gather,future,I,gelecek
11552,3076,will gather,future,you,gelecek
11553,3076,will gather,future,he/she,gelecek
11554,3076,will gather,future,we,gelecek
11555,3076,will gather,future,you (pl),gelecek
11556,3076,will gather,future,they,gelecek
11557,3082,employ,present,I,şimdi
11558,3082,employ,present,you,şimdi
11559,3082,employs,present,he/she,şimdi
11560,3082,employ,present,we,şimdi
11561,3082,employ,present,you (pl),şimdi
11562,3082,employ,present,they,şimdi
11563,3082,employed,past,I,di
11564,3082,employed,past,you,di
11565,3082,employed,past,he/she,di
11566,3082,employed,past,we,di
11567,3082,employed,past,you (pl),di
11568,3082,employed,past,they,di
11569,3082,will employ,future,I,gelecek
11570,3082,will employ,future,you,gelecek
11571,3082,will employ,future,he/she,gelecek
11572,3082,will employ,future,we,gelecek
11573,3082,will employ,future,you (pl),gelecek
11574,3082,will employ,future,they,gelecek
11575,3084,attract,present,I,şimdi
11576,3084,attract,present,you,şimdi
11577,3084,attracts,present,he/she,şimdi
11578,3084,attract,present,we,şimdi
11579,3084,attract,present,you (pl),şimdi
11580,3084,attract,present,they,şimdi
11581,3084,attracted,past,I,di
11582,3084,attracted,past,you,di
11583,3084,attracted,past,he/she,di
11584,3084,attracted,past,we,di
11585,3084,attracted,past,you (pl),di
11586,3084,attracted,past,they,di
11587,3084,will attract,future,I,gelecek
11588,3084,will attract,future,you,gelecek
11589,3084,will attract,future,he/she,gelecek
11590,3084,will attract,future,we,gelecek
11591,3084,will attract,future,you (pl),gelecek
11592,3084,will attract,future,they,gelecek
11593,3085,engage,present,I,şimdi
11594,3085,engage,present,you,şimdi
11595,3085,engages,present,he/she,şimdi
11596,3085,engage,present,we,şimdi
11597,3085,engage,present,you (pl),şimdi
11598,3085,engage,present,they,şimdi
11599,3085,engaged,past,I,di
11600,3085,engaged,past,you,di
11601,3085,engaged,past,he/she,di
11602,3085,engaged,past,we,di
11603,3085,engaged,past,you (pl),di
11604,3085,engaged,past,they,di
11605,3085,will engage,future,I,gelecek
11606,3085,will engage,future,you,gelecek
11607,3085,will engage,future,he/she,gelecek
11608,3085,will engage,future,we,gelecek
11609,3085,will engage,future,you (pl),gelecek
11610,3085,will engage,future,they,gelecek
11611,3088,settle,present,I,şimdi
11612,3088,settle,present,you,şimdi
11613,3088,settles,present,he/she,şimdi
11614,3088,settle,present,we,şimdi
11615,3088,settle,present,you (pl),şimdi
11616,3088,settle,present,they,şimdi
11617,3088,settled,past,I,di
11618,3088,settled,past,you,di
11619,3088,settled,past,he/she,di
11620,3088,settled,past,we,di
11621,3088,settled,past,you (pl),di
11622,3088,settled,past,they,di
11623,3088,will settle,future,I,gelecek
11624,3088,will settle,future,you,gelecek
11625,3088,will settle,future,he/she,gelecek
11626,3088,will settle,future,we,gelecek
11627,3088,will settle,future,you (pl),gelecek
11628,3088,will settle,future,they,gelecek
11629,3092,divide,present,I,şimdi
11630,3092,divide,present,you,şimdi
11631,3092,divides,present,he/she,şimdi
11632,3092,divide,present,we,şimdi
11633,3092,divide,present,you (pl),şimdi
11634,3092,divide,present,they,şimdi
11635,3092,divided,past,I,di
11636,3092,divided,past,you,di
11637,3092,divided,past,he/she,di
11638,3092,divided,past,we,di
11639,3092,divided,past,you (pl),di
11640,3092,divided,past,they,di
11641,3092,will divide,future,I,gelecek
11642,3092,will divide,future,you,gelecek
11643,3092,will divide,future,he/she,gelecek
11644,3092,will divide,future,we,gelecek
11645,3092,will divide,future,you (pl),gelecek
11646,3092,will divide,future,they,gelecek
11647,3096,expand,present,I,şimdi
11648,3096,expand,present,you,şimdi
11649,3096,expands,present,he/she,şimdi
11650,3096,expand,present,we,şimdi
11651,3096,expand,present,you (pl),şimdi
11652,3096,expand,present,they,şimdi
11653,3096,expanded,past,I,di
11654,3096,expanded,past,you,di
11655,3096,expanded,past,he/she,di
11656,3096,expanded,past,we,di
11657,3096,expanded,past,you (pl),di
11658,3096,expanded,past,they,di
11659,3096,will expand,future,I,gelecek
11660,3096,will expand,future,you,gelecek
11661,3096,will expand,future,he/she,gelecek
11662,3096,will expand,future,we,gelecek
11663,3096,will expand,future,you (pl),gelecek
11664,3096,will expand,future,they,gelecek
11665,3097,commit,present,I,şimdi
11666,3097,commit,present,you,şimdi
11667,3097,commits,present,he/she,şimdi
11668,3097,commit,present,we,şimdi
11669,3097,commit,present,you (pl),şimdi
11670,3097,commit,present,they,şimdi
11671,3097,commited,past,I,di
11672,3097,commited,past,you,di
11673,3097,commited,past,he/she,di
11674,3097,commited,past,we,di
11675,3097,commited,past,you (pl),di
11676,3097,commited,past,they,di
11677,3097,will commit,future,I,gelecek
11678,3097,will commit,future,you,gelecek
11679,3097,will commit,future,he/she,gelecek
11680,3097,will commit,future,we,gelecek
11681,3097,will commit,future,you (pl),gelecek
11682,3097,will commit,future,they,gelecek
11683,3103,tire,present,I,şimdi
11684,3103,tire,present,you,şimdi
11685,3103,tires,present,he/she,şimdi
11686,3103,tire,present,we,şimdi
11687,3103,tire,present,you (pl),şimdi
11688,3103,tire,present,they,şimdi
11689,3103,tired,past,I,di
11690,3103,tired,past,you,di
11691,3103,tired,past,he/she,di
11692,3103,tired,past,we,di
11693,3103,tired,past,you (pl),di
11694,3103,tired,past,they,di
11695,3103,will tire,future,I,gelecek
11696,3103,will tire,future,you,gelecek
11697,3103,will tire,future,he/she,gelecek
11698,3103,will tire,future,we,gelecek
11699,3103,will tire,future,you (pl),gelecek
11700,3103,will tire,future,they,gelecek
11701,3108,award,present,I,şimdi
11702,3108,award,present,you,şimdi
11703,3108,awards,present,he/she,şimdi
11704,3108,award,present,we,şimdi
11705,3108,award,present,you (pl),şimdi
11706,3108,award,present,they,şimdi
11707,3108,awarded,past,I,di
11708,3108,awarded,past,you,di
11709,3108,awarded,past,he/she,di
11710,3108,awarded,past,we,di
11711,3108,awarded,past,you (pl),di
11712,3108,awarded,past,they,di
11713,3108,will award,future,I,gelecek
11714,3108,will award,future,you,gelecek
11715,3108,will award,future,he/she,gelecek
11716,3108,will award,future,we,gelecek
11717,3108,will award,future,you (pl),gelecek
11718,3108,will award,future,they,gelecek
11719,3116,enable,present,I,şimdi
11720,3116,enable,present,you,şimdi
11721,3116,enables,present,he/she,şimdi
11722,3116,enable,present,we,şimdi
11723,3116,enable,present,you (pl),şimdi
11724,3116,enable,present,they,şimdi
11725,3116,enabled,past,I,di
11726,3116,enabled,past,you,di
11727,3116,enabled,past,he/she,di
11728,3116,enabled,past,we,di
11729,3116,enabled,past,you (pl),di
11730,3116,enabled,past,they,di
11731,3116,will enable,future,I,gelecek
11732,3116,will enable,future,you,gelecek
11733,3116,will enable,future,he/she,gelecek
11734,3116,will enable,future,we,gelecek
11735,3116,will enable,future,you (pl),gelecek
11736,3116,will enable,future,they,gelecek
11737,3121,convince,present,I,şimdi
11738,3121,convince,present,you,şimdi
11739,3121,convinces,present,he/she,şimdi
11740,3121,convince,present,we,şimdi
11741,3121,convince,present,you (pl),şimdi
11742,3121,convince,present,they,şimdi
11743,3121,convinced,past,I,di
11744,3121,convinced,past,you,di
11745,3121,convinced,past,he/she,di
11746,3121,convinced,past,we,di
11747,3121,convinced,past,you (pl),di
11748,3121,convinced,past,they,di
11749,3121,will convince,future,I,gelecek
11750,3121,will convince,future,you,gelecek
11751,3121,will convince,future,he/she,gelecek
11752,3121,will convince,future,we,gelecek
11753,3121,will convince,future,you (pl),gelecek
11754,3121,will convince,future,they,gelecek
11755,3122,vary,present,I,şimdi
11756,3122,vary,present,you,şimdi
11757,3122,varies,present,he/she,şimdi
11758,3122,vary,present,we,şimdi
11759,3122,vary,present,you (pl),şimdi
11760,3122,vary,present,they,şimdi
11761,3122,varied,past,I,di
11762,3122,varied,past,you,di
11763,3122,varied,past,he/she,di
11764,3122,varied,past,we,di
11765,3122,varied,past,you (pl),di
11766,3122,varied,past,they,di
11767,3122,will vary,future,I,gelecek
11768,3122,will vary,future,you,gelecek
11769,3122,will vary,future,he/she,gelecek
11770,3122,will vary,future,we,gelecek
11771,3122,will vary,future,you (pl),gelecek
11772,3122,will vary,future,they,gelecek
11773,3128,proceed,present,I,şimdi
11774,3128,proceed,present,you,şimdi
11775,3128,proceeds,present,he/she,şimdi
11776,3128,proceed,present,we,şimdi
11777,3128,proceed,present,you (pl),şimdi
11778,3128,proceed,present,they,şimdi
11779,3128,proceeded,past,I,di
11780,3128,proceeded,past,you,di
11781,3128,proceeded,past,he/she,di
11782,3128,proceeded,past,we,di
11783,3128,proceeded,past,you (pl),di
11784,3128,proceeded,past,they,di
11785,3128,will proceed,future,I,gelecek
11786,3128,will proceed,future,you,gelecek
11787,3128,will proceed,future,he/she,gelecek
11788,3128,will proceed,future,we,gelecek
11789,3128,will proceed,future,you (pl),gelecek
11790,3128,will proceed,future,they,gelecek
11791,3139,manufacture,present,I,şimdi
11792,3139,manufacture,present,you,şimdi
11793,3139,manufactures,present,he/she,şimdi
11794,3139,manufacture,present,we,şimdi
11795,3139,manufacture,present,you (pl),şimdi
11796,3139,manufacture,present,they,şimdi
11797,3139,manufactured,past,I,di
11798,3139,manufactured,past,you,di
11799,3139,manufactured,past,he/she,di
11800,3139,manufactured,past,we,di
11801,3139,manufactured,past,you (pl),di
11802,3139,manufactured,past,they,di
11803,3139,will manufacture,future,I,gelecek
11804,3139,will manufacture,future,you,gelecek
11805,3139,will manufacture,future,he/she,gelecek
11806,3139,will manufacture,future,we,gelecek
11807,3139,will manufacture,future,you (pl),gelecek
11808,3139,will manufacture,future,they,gelecek
11809,3149,oppose,present,I,şimdi
11810,3149,oppose,present,you,şimdi
11811,3149,opposes,present,he/she,şimdi
11812,3149,oppose,present,we,şimdi
11813,3149,oppose,present,you (pl),şimdi
11814,3149,oppose,present,they,şimdi
11815,3149,opposed,past,I,di
11816,3149,opposed,past,you,di
11817,3149,opposed,past,he/she,di
11818,3149,opposed,past,we,di
11819,3149,opposed,past,you (pl),di
11820,3149,opposed,past,they,di
11821,3149,will oppose,future,I,gelecek
11822,3149,will oppose,future,you,gelecek
11823,3149,will oppose,future,he/she,gelecek
11824,3149,will oppose,future,we,gelecek
11825,3149,will oppose,future,you (pl),gelecek
11826,3149,will oppose,future,they,gelecek
11827,3153,bind,present,I,şimdi
11828,3153,bind,present,you,şimdi
11829,3153,binds,present,he/she,şimdi
11830,3153,bind,present,we,şimdi
11831,3153,bind,present,you (pl),şimdi
11832,3153,bind,present,they,şimdi
11833,3153,bound,past,I,di
11834,3153,bound,past,you,di
11835,3153,bound,past,he/she,di
11836,3153,bound,past,we,di
11837,3153,bound,past,you (pl),di
11838,3153,bound,past,they,di
11839,3153,will bind,future,I,gelecek
11840,3153,will bind,future,you,gelecek
11841,3153,will bind,future,he/she,gelecek
11842,3153,will bind,future,we,gelecek
11843,3153,will bind,future,you (pl),gelecek
11844,3153,will bind,future,they,gelecek
11845,3157,decrease,present,I,şimdi
11846,3157,decrease,present,you,şimdi
11847,3157,decreases,present,he/she,şimdi
11848,3157,decrease,present,we,şimdi
11849,3157,decrease,present,you (pl),şimdi
11850,3157,decrease,present,they,şimdi
11851,3157,decreased,past,I,di
11852,3157,decreased,past,you,di
11853,3157,decreased,past,he/she,di
11854,3157,decreased,past,we,di
11855,3157,decreased,past,you (pl),di
11856,3157,decreased,past,they,di
11857,3157,will decrease,future,I,gelecek
11858,3157,will decrease,future,you,gelecek
11859,3157,will decrease,future,he/she,gelecek
11860,3157,will decrease,future,we,gelecek
11861,3157,will decrease,future,you (pl),gelecek
11862,3157,will decrease,future,they,gelecek
11863,3161,generate,present,I,şimdi
11864,3161,generate,present,you,şimdi
11865,3161,generates,present,he/she,şimdi
11866,3161,generate,present,we,şimdi
11867,3161,generate,present,you (pl),şimdi
11868,3161,generate,present,they,şimdi
11869,3161,generated,past,I,di
11870,3161,generated,past,you,di
11871,3161,generated,past,he/she,di
11872,3161,generated,past,we,di
11873,3161,generated,past,you (pl),di
11874,3161,generated,past,they,di
11875,3161,will generate,future,I,gelecek
11876,3161,will generate,future,you,gelecek
11877,3161,will generate,future,he/she,gelecek
11878,3161,will generate,future,we,gelecek
11879,3161,will generate,future,you (pl),gelecek
11880,3161,will generate,future,they,gelecek
11881,3162,deny,present,I,şimdi
11882,3162,deny,present,you,şimdi
11883,3162,denies,present,he/she,şimdi
11884,3162,deny,present,we,şimdi
11885,3162,deny,present,you (pl),şimdi
11886,3162,deny,present,they,şimdi
11887,3162,denied,past,I,di
11888,3162,denied,past,you,di
11889,3162,denied,past,he/she,di
11890,3162,denied,past,we,di
11891,3162,denied,past,you (pl),di
11892,3162,denied,past,they,di
11893,3162,will deny,future,I,gelecek
11894,3162,will deny,future,you,gelecek
11895,3162,will deny,future,he/she,gelecek
11896,3162,will deny,future,we,gelecek
11897,3162,will deny,future,you (pl),gelecek
11898,3162,will deny,future,they,gelecek
11899,3164,quote,present,I,şimdi
11900,3164,quote,present,you,şimdi
11901,3164,quotes,present,he/she,şimdi
11902,3164,quote,present,we,şimdi
11903,3164,quote,present,you (pl),şimdi
11904,3164,quote,present,they,şimdi
11905,3164,quoted,past,I,di
11906,3164,quoted,past,you,di
11907,3164,quoted,past,he/she,di
11908,3164,quoted,past,we,di
11909,3164,quoted,past,you (pl),di
11910,3164,quoted,past,they,di
11911,3164,will quote,future,I,gelecek
11912,3164,will quote,future,you,gelecek
11913,3164,will quote,future,he/she,gelecek
11914,3164,will quote,future,we,gelecek
11915,3164,will quote,future,you (pl),gelecek
11916,3164,will quote,future,they,gelecek
11917,3165,climb,present,I,şimdi
11918,3165,climb,present,you,şimdi
11919,3165,climbs,present,he/she,şimdi
11920,3165,climb,present,we,şimdi
11921,3165,climb,present,you (pl),şimdi
11922,3165,climb,present,they,şimdi
11923,3165,climbed,past,I,di
11924,3165,climbed,past,you,di
11925,3165,climbed,past,he/she,di
11926,3165,climbed,past,we,di
11927,3165,climbed,past,you (pl),di
11928,3165,climbed,past,they,di
11929,3165,will climb,future,I,gelecek
11930,3165,will climb,future,you,gelecek
11931,3165,will climb,future,he/she,gelecek
11932,3165,will climb,future,we,gelecek
11933,3165,will climb,future,you (pl),gelecek
11934,3165,will climb,future,they,gelecek
11935,3176,ignore,present,I,şimdi
11936,3176,ignore,present,you,şimdi
11937,3176,ignores,present,he/she,şimdi
11938,3176,ignore,present,we,şimdi
11939,3176,ignore,present,you (pl),şimdi
11940,3176,ignore,present,they,şimdi
11941,3176,ignored,past,I,di
11942,3176,ignored,past,you,di
11943,3176,ignored,past,he/she,di
11944,3176,ignored,past,we,di
11945,3176,ignored,past,you (pl),di
11946,3176,ignored,past,they,di
11947,3176,will ignore,future,I,gelecek
11948,3176,will ignore,future,you,gelecek
11949,3176,will ignore,future,he/she,gelecek
11950,3176,will ignore,future,we,gelecek
11951,3176,will ignore,future,you (pl),gelecek
11952,3176,will ignore,future,they,gelecek
11953,3178,locate,present,I,şimdi
11954,3178,locate,present,you,şimdi
11955,3178,locates,present,he/she,şimdi
11956,3178,locate,present,we,şimdi
11957,3178,locate,present,you (pl),şimdi
11958,3178,locate,present,they,şimdi
11959,3178,located,past,I,di
11960,3178,located,past,you,di
11961,3178,located,past,he/she,di
11962,3178,located,past,we,di
11963,3178,located,past,you (pl),di
11964,3178,located,past,they,di
11965,3178,will locate,future,I,gelecek
11966,3178,will locate,future,you,gelecek
11967,3178,will locate,future,he/she,gelecek
11968,3178,will locate,future,we,gelecek
11969,3178,will locate,future,you (pl),gelecek
11970,3178,will locate,future,they,gelecek
11971,3185,acquire,present,I,şimdi
11972,3185,acquire,present,you,şimdi
11973,3185,acquires,present,he/she,şimdi
11974,3185,acquire,present,we,şimdi
11975,3185,acquire,present,you (pl),şimdi
11976,3185,acquire,present,they,şimdi
11977,3185,acquired,past,I,di
11978,3185,acquired,past,you,di
11979,3185,acquired,past,he/she,di
11980,3185,acquired,past,we,di
11981,3185,acquired,past,you (pl),di
11982,3185,acquired,past,they,di
11983,3185,will acquire,future,I,gelecek
11984,3185,will acquire,future,you,gelecek
11985,3185,will acquire,future,he/she,gelecek
11986,3185,will acquire,future,we,gelecek
11987,3185,will acquire,future,you (pl),gelecek
11988,3185,will acquire,future,they,gelecek
11989,3189,participate,present,I,şimdi
11990,3189,participate,present,you,şimdi
11991,3189,participates,present,he/she,şimdi
11992,3189,participate,present,we,şimdi
11993,3189,participate,present,you (pl),şimdi
11994,3189,participate,present,they,şimdi
11995,3189,participated,past,I,di
11996,3189,participated,past,you,di
11997,3189,participated,past,he/she,di
11998,3189,participated,past,we,di
11999,3189,participated,past,you (pl),di
12000,3189,participated,past,they,di
12001,3189,will participate,future,I,gelecek
12002,3189,will participate,future,you,gelecek
12003,3189,will participate,future,he/she,gelecek
12004,3189,will participate,future,we,gelecek
12005,3189,will participate,future,you (pl),gelecek
12006,3189,will participate,future,they,gelecek
12007,3190,tear,present,I,şimdi
12008,3190,tear,present,you,şimdi
12009,3190,tears,present,he/she,şimdi
12010,3190,tear,present,we,şimdi
12011,3190,tear,present,you (pl),şimdi
12012,3190,tear,present,they,şimdi
12013,3190,tore,past,I,di
12014,3190,tore,past,you,di
12015,3190,tore,past,he/she,di
12016,3190,tore,past,we,di
12017,3190,tore,past,you (pl),di
12018,3190,tore,past,they,di
12019,3190,will tear,future,I,gelecek
12020,3190,will tear,future,you,gelecek
12021,3190,will tear,future,he/she,gelecek
12022,3190,will tear,future,we,gelecek
12023,3190,will tear,future,you (pl),gelecek
12024,3190,will tear,future,they,gelecek
12025,3194,shake,present,I,şimdi
12026,3194,shake,present,you,şimdi
12027,3194,shakes,present,he/she,şimdi
12028,3194,shake,present,we,şimdi
12029,3194,shake,present,you (pl),şimdi
12030,3194,shake,present,they,şimdi
12031,3194,shook,past,I,di
12032,3194,shook,past,you,di
12033,3194,shook,past,he/she,di
12034,3194,shook,past,we,di
12035,3194,shook,past,you (pl),di
12036,3194,shook,past,they,di
12037,3194,will shake,future,I,gelecek
12038,3194,will shake,future,you,gelecek
12039,3194,will shake,future,he/she,gelecek
12040,3194,will shake,future,we,gelecek
12041,3194,will shake,future,you (pl),gelecek
12042,3194,will shake,future,they,gelecek
12043,3197,ought to,present,I,şimdi
12044,3197,ought to,present,you,şimdi
12045,3197,ought to,present,he/she,şimdi
12046,3197,ought to,present,we,şimdi
12047,3197,ought to,present,you (pl),şimdi
12048,3197,ought to,present,they,şimdi
12049,3197,ought to,past,I,di
12050,3197,ought to,past,you,di
12051,3197,ought to,past,he/she,di
12052,3197,ought to,past,we,di
12053,3197,ought to,past,you (pl),di
12054,3197,ought to,past,they,di
12055,3197,ought to,future,I,gelecek
12056,3197,ought to,future,you,gelecek
12057,3197,ought to,future,he/she,gelecek
12058,3197,ought to,future,we,gelecek
12059,3197,ought to,future,you (pl),gelecek
12060,3197,ought to,future,they,gelecek
12061,3200,escape,present,I,şimdi
12062,3200,escape,present,you,şimdi
12063,3200,escapes,present,he/she,şimdi
12064,3200,escape,present,we,şimdi
12065,3200,escape,present,you (pl),şimdi
12066,3200,escape,present,they,şimdi
12067,3200,escaped,past,I,di
12068,3200,escaped,past,you,di
12069,3200,escaped,past,he/she,di
12070,3200,escaped,past,we,di
12071,3200,escaped,past,you (pl),di
12072,3200,escaped,past,they,di
12073,3200,will escape,future,I,gelecek
12074,3200,will escape,future,you,gelecek
12075,3200,will escape,future,he/she,gelecek
12076,3200,will escape,future,we,gelecek
12077,3200,will escape,future,you (pl),gelecek
12078,3200,will escape,future,they,gelecek
12079,3204,suspect,present,I,şimdi
12080,3204,suspect,present,you,şimdi
12081,3204,suspects,present,he/she,şimdi
12082,3204,suspect,present,we,şimdi
12083,3204,suspect,present,you (pl),şimdi
12084,3204,suspect,present,they,şimdi
12085,3204,suspected,past,I,di
12086,3204,suspected,past,you,di
12087,3204,suspected,past,he/she,di
12088,3204,suspected,past,we,di
12089,3204,suspected,past,you (pl),di
12090,3204,suspected,past,they,di
12091,3204,will suspect,future,I,gelecek
12092,3204,will suspect,future,you,gelecek
12093,3204,will suspect,future,he/she,gelecek
12094,3204,will suspect,future,we,gelecek
12095,3204,will suspect,future,you (pl),gelecek
12096,3204,will suspect,future,they,gelecek
12097,3210,assess,present,I,şimdi
12098,3210,assess,present,you,şimdi
12099,3210,assesses,present,he/she,şimdi
12100,3210,assess,present,we,şimdi
12101,3210,assess,present,you (pl),şimdi
12102,3210,assess,present,they,şimdi
12103,3210,assessed,past,I,di
12104,3210,assessed,past,you,di
12105,3210,assessed,past,he/she,di
12106,3210,assessed,past,we,di
12107,3210,assessed,past,you (pl),di
12108,3210,assessed,past,they,di
12109,3210,will assess,future,I,gelecek
12110,3210,will assess,future,you,gelecek
12111,3210,will assess,future,he/she,gelecek
12112,3210,will assess,future,we,gelecek
12113,3210,will assess,future,you (pl),gelecek
12114,3210,will assess,future,they,gelecek
12115,3216,wake,present,I,şimdi
12116,3216,wake,present,you,şimdi
12117,3216,wakes,present,he/she,şimdi
12118,3216,wake,present,we,şimdi
12119,3216,wake,present,you (pl),şimdi
12120,3216,wake,present,they,şimdi
12121,3216,woke,past,I,di
12122,3216,woke,past,you,di
12123,3216,woke,past,he/she,di
12124,3216,woke,past,we,di
12125,3216,woke,past,you (pl),di
12126,3216,woke,past,they,di
12127,3216,will wake,future,I,gelecek
12128,3216,will wake,future,you,gelecek
12129,3216,will wake,future,he/she,gelecek
12130,3216,will wake,future,we,gelecek
12131,3216,will wake,future,you (pl),gelecek
12132,3216,will wake,future,they,gelecek
12133,3224,threaten,present,I,şimdi
12134,3224,threaten,present,you,şimdi
12135,3224,threatens,present,he/she,şimdi
12136,3224,threaten,present,we,şimdi
12137,3224,threaten,present,you (pl),şimdi
12138,3224,threaten,present,they,şimdi
12139,3224,threatened,past,I,di
12140,3224,threatened,past,you,di
12141,3224,threatened,past,he/she,di
12142,3224,threatened,past,we,di
12143,3224,threatened,past,you (pl),di
12144,3224,threatened,past,they,di
12145,3224,will threaten,future,I,gelecek
12146,3224,will threaten,future,you,gelecek
12147,3224,will threaten,future,he/she,gelecek
12148,3224,will threaten,future,we,gelecek
12149,3224,will threaten,future,you (pl),gelecek
12150,3224,will threaten,future,they,gelecek
12151,3227,amaze,present,I,şimdi
12152,3227,amaze,present,you,şimdi
12153,3227,amazes,present,he/she,şimdi
12154,3227,amaze,present,we,şimdi
12155,3227,amaze,present,you (pl),şimdi
12156,3227,amaze,present,they,şimdi
12157,3227,amazed,past,I,di
12158,3227,amazed,past,you,di
12159,3227,amazed,past,he/she,di
12160,3227,amazed,past,we,di
12161,3227,amazed,past,you (pl),di
12162,3227,amazed,past,they,di
12163,3227,will amaze,future,I,gelecek
12164,3227,will amaze,future,you,gelecek
12165,3227,will amaze,future,he/she,gelecek
12166,3227,will amaze,future,we,gelecek
12167,3227,will amaze,future,you (pl),gelecek
12168,3227,will amaze,future,they,gelecek
12169,3240,consist,present,I,şimdi
12170,3240,consist,present,you,şimdi
12171,3240,consists,present,he/she,şimdi
12172,3240,consist,present,we,şimdi
12173,3240,consist,present,you (pl),şimdi
12174,3240,consist,present,they,şimdi
12175,3240,consisted,past,I,di
12176,3240,consisted,past,you,di
12177,3240,consisted,past,he/she,di
12178,3240,consisted,past,we,di
12179,3240,consisted,past,you (pl),di
12180,3240,consisted,past,they,di
12181,3240,will consist,future,I,gelecek
12182,3240,will consist,future,you,gelecek
12183,3240,will consist,future,he/she,gelecek
12184,3240,will consist,future,we,gelecek
12185,3240,will consist,future,you (pl),gelecek
12186,3240,will consist,future,they,gelecek
12187,3242,insist,present,I,şimdi
12188,3242,insist,present,you,şimdi
12189,3242,insists,present,he/she,şimdi
12190,3242,insist,present,we,şimdi
12191,3242,insist,present,you (pl),şimdi
12192,3242,insist,present,they,şimdi
12193,3242,insisted,past,I,di
12194,3242,insisted,past,you,di
12195,3242,insisted,past,he/she,di
12196,3242,insisted,past,we,di
12197,3242,insisted,past,you (pl),di
12198,3242,insisted,past,they,di
12199,3242,will insist,future,I,gelecek
12200,3242,will insist,future,you,gelecek
12201,3242,will insist,future,he/she,gelecek
12202,3242,will insist,future,we,gelecek
12203,3242,will insist,future,you (pl),gelecek
12204,3242,will insist,future,they,gelecek
12205,3244,abuse,present,I,şimdi
12206,3244,abuse,present,you,şimdi
12207,3244,abuses,present,he/she,şimdi
12208,3244,abuse,present,we,şimdi
12209,3244,abuse,present,you (pl),şimdi
12210,3244,abuse,present,they,şimdi
12211,3244,abused,past,I,di
12212,3244,abused,past,you,di
12213,3244,abused,past,he/she,di
12214,3244,abused,past,we,di
12215,3244,abused,past,you (pl),di
12216,3244,abused,past,they,di
12217,3244,will abuse,future,I,gelecek
12218,3244,will abuse,future,you,gelecek
12219,3244,will abuse,future,he/she,gelecek
12220,3244,will abuse,future,we,gelecek
12221,3244,will abuse,future,you (pl),gelecek
12222,3244,will abuse,future,they,gelecek
12223,3251,wed,present,I,şimdi
12224,3251,wed,present,you,şimdi
12225,3251,weds,present,he/she,şimdi
12226,3251,wed,present,we,şimdi
12227,3251,wed,present,you (pl),şimdi
12228,3251,wed,present,they,şimdi
12229,3251,wed,past,I,di
12230,3251,wed,past,you,di
12231,3251,wed,past,he/she,di
12232,3251,wed,past,we,di
12233,3251,wed,past,you (pl),di
12234,3251,wed,past,they,di
12235,3251,will wed,future,I,gelecek
12236,3251,will wed,future,you,gelecek
12237,3251,will wed,future,he/she,gelecek
12238,3251,will wed,future,we,gelecek
12239,3251,will wed,future,you (pl),gelecek
12240,3251,will wed,future,they,gelecek
12241,3258,approve,present,I,şimdi
12242,3258,approve,present,you,şimdi
12243,3258,approves,present,he/she,şimdi
12244,3258,approve,present,we,şimdi
12245,3258,approve,present,you (pl),şimdi
12246,3258,approve,present,they,şimdi
12247,3258,approved,past,I,di
12248,3258,approved,past,you,di
12249,3258,approved,past,he/she,di
12250,3258,approved,past,we,di
12251,3258,approved,past,you (pl),di
12252,3258,approved,past,they,di
12253,3258,will approve,future,I,gelecek
12254,3258,will approve,future,you,gelecek
12255,3258,will approve,future,he/she,gelecek
12256,3258,will approve,future,we,gelecek
12257,3258,will approve,future,you (pl),gelecek
12258,3258,will approve,future,they,gelecek
12259,3264,rely,present,I,şimdi
12260,3264,rely,present,you,şimdi
12261,3264,relies,present,he/she,şimdi
12262,3264,rely,present,we,şimdi
12263,3264,rely,present,you (pl),şimdi
12264,3264,rely,present,they,şimdi
12265,3264,relied,past,I,di
12266,3264,relied,past,you,di
12267,3264,relied,past,he/she,di
12268,3264,relied,past,we,di
12269,3264,relied,past,you (pl),di
12270,3264,relied,past,they,di
12271,3264,will rely,future,I,gelecek
12272,3264,will rely,future,you,gelecek
12273,3264,will rely,future,he/she,gelecek
12274,3264,will rely,future,we,gelecek
12275,3264,will rely,future,you (pl),gelecek
12276,3264,will rely,future,they,gelecek
12277,3267,permit,present,I,şimdi
12278,3267,permit,present,you,şimdi
12279,3267,permits,present,he/she,şimdi
12280,3267,permit,present,we,şimdi
12281,3267,permit,present,you (pl),şimdi
12282,3267,permit,present,they,şimdi
12283,3267,permited,past,I,di
12284,3267,permited,past,you,di
12285,3267,permited,past,he/she,di
12286,3267,permited,past,we,di
12287,3267,permited,past,you (pl),di
12288,3267,permited,past,they,di
12289,3267,will permit,future,I,gelecek
12290,3267,will permit,future,you,gelecek
12291,3267,will permit,future,he/she,gelecek
12292,3267,will permit,future,we,gelecek
12293,3267,will permit,future,you (pl),gelecek
12294,3267,will permit,future,they,gelecek
12295,3279,lock,present,I,şimdi
12296,3279,lock,present,you,şimdi
12297,3279,locks,present,he/she,şimdi
12298,3279,lock,present,we,şimdi
12299,3279,lock,present,you (pl),şimdi
12300,3279,lock,present,they,şimdi
12301,3279,locked,past,I,di
12302,3279,locked,past,you,di
12303,3279,locked,past,he/she,di
12304,3279,locked,past,we,di
12305,3279,locked,past,you (pl),di
12306,3279,locked,past,they,di
12307,3279,will lock,future,I,gelecek
12308,3279,will lock,future,you,gelecek
12309,3279,will lock,future,he/she,gelecek
12310,3279,will lock,future,we,gelecek
12311,3279,will lock,future,you (pl),gelecek
12312,3279,will lock,future,they,gelecek
12313,3286,import,present,I,şimdi
12314,3286,import,present,you,şimdi
12315,3286,imports,present,he/she,şimdi
12316,3286,import,present,we,şimdi
12317,3286,import,present,you (pl),şimdi
12318,3286,import,present,they,şimdi
12319,3286,imported,past,I,di
12320,3286,imported,past,you,di
12321,3286,imported,past,he/she,di
12322,3286,imported,past,we,di
12323,3286,imported,past,you (pl),di
12324,3286,imported,past,they,di
12325,3286,will import,future,I,gelecek
12326,3286,will import,future,you,gelecek
12327,3286,will import,future,he/she,gelecek
12328,3286,will import,future,we,gelecek
12329,3286,will import,future,you (pl),gelecek
12330,3286,will import,future,they,gelecek
12331,3296,blame,present,I,şimdi
12332,3296,blame,present,you,şimdi
12333,3296,blames,present,he/she,şimdi
12334,3296,blame,present,we,şimdi
12335,3296,blame,present,you (pl),şimdi
12336,3296,blame,present,they,şimdi
12337,3296,blamed,past,I,di
12338,3296,blamed,past,you,di
12339,3296,blamed,past,he/she,di
12340,3296,blamed,past,we,di
12341,3296,blamed,past,you (pl),di
12342,3296,blamed,past,they,di
12343,3296,will blame,future,I,gelecek
12344,3296,will blame,future,you,gelecek
12345,3296,will blame,future,he/she,gelecek
12346,3296,will blame,future,we,gelecek
12347,3296,will blame,future,you (pl),gelecek
12348,3296,will blame,future,they,gelecek
12349,3298,arise,present,I,şimdi
12350,3298,arise,present,you,şimdi
12351,3298,arises,present,he/she,şimdi
12352,3298,arise,present,we,şimdi
12353,3298,arise,present,you (pl),şimdi
12354,3298,arise,present,they,şimdi
12355,3298,arose,past,I,di
12356,3298,arose,past,you,di
12357,3298,arose,past,he/she,di
12358,3298,arose,past,we,di
12359,3298,arose,past,you (pl),di
12360,3298,arose,past,they,di
12361,3298,will arise,future,I,gelecek
12362,3298,will arise,future,you,gelecek
12363,3298,will arise,future,he/she,gelecek
12364,3298,will arise,future,we,gelecek
12365,3298,will arise,future,you (pl),gelecek
12366,3298,will arise,future,they,gelecek
12367,3300,stretch,present,I,şimdi
12368,3300,stretch,present,you,şimdi
12369,3300,stretches,present,he/she,şimdi
12370,3300,stretch,present,we,şimdi
12371,3300,stretch,present,you (pl),şimdi
12372,3300,stretch,present,they,şimdi
12373,3300,stretched,past,I,di
12374,3300,stretched,past,you,di
12375,3300,stretched,past,he/she,di
12376,3300,stretched,past,we,di
12377,3300,stretched,past,you (pl),di
12378,3300,stretched,past,they,di
12379,3300,will stretch,future,I,gelecek
12380,3300,will stretch,future,you,gelecek
12381,3300,will stretch,future,he/she,gelecek
12382,3300,will stretch,future,we,gelecek
12383,3300,will stretch,future,you (pl),gelecek
12384,3300,will stretch,future,they,gelecek
12385,3301,declare,present,I,şimdi
12386,3301,declare,present,you,şimdi
12387,3301,declares,present,he/she,şimdi
12388,3301,declare,present,we,şimdi
12389,3301,declare,present,you (pl),şimdi
12390,3301,declare,present,they,şimdi
12391,3301,declared,past,I,di
12392,3301,declared,past,you,di
12393,3301,declared,past,he/she,di
12394,3301,declared,past,we,di
12395,3301,declared,past,you (pl),di
12396,3301,declared,past,they,di
12397,3301,will declare,future,I,gelecek
12398,3301,will declare,future,you,gelecek
12399,3301,will declare,future,he/she,gelecek
12400,3301,will declare,future,we,gelecek
12401,3301,will declare,future,you (pl),gelecek
12402,3301,will declare,future,they,gelecek
12403,3305,analyze,present,I,şimdi
12404,3305,analyze,present,you,şimdi
12405,3305,analyzes,present,he/she,şimdi
12406,3305,analyze,present,we,şimdi
12407,3305,analyze,present,you (pl),şimdi
12408,3305,analyze,present,they,şimdi
12409,3305,analyzed,past,I,di
12410,3305,analyzed,past,you,di
12411,3305,analyzed,past,he/she,di
12412,3305,analyzed,past,we,di
12413,3305,analyzed,past,you (pl),di
12414,3305,analyzed,past,they,di
12415,3305,will analyze,future,I,gelecek
12416,3305,will analyze,future,you,gelecek
12417,3305,will analyze,future,he/she,gelecek
12418,3305,will analyze,future,we,gelecek
12419,3305,will analyze,future,you (pl),gelecek
12420,3305,will analyze,future,they,gelecek
12421,3319,capture,present,I,şimdi
12422,3319,capture,present,you,şimdi
12423,3319,captures,present,he/she,şimdi
12424,3319,capture,present,we,şimdi
12425,3319,capture,present,you (pl),şimdi
12426,3319,capture,present,they,şimdi
12427,3319,captured,past,I,di
12428,3319,captured,past,you,di
12429,3319,captured,past,he/she,di
12430,3319,captured,past,we,di
12431,3319,captured,past,you (pl),di
12432,3319,captured,past,they,di
12433,3319,will capture,future,I,gelecek
12434,3319,will capture,future,you,gelecek
12435,3319,will capture,future,he/she,gelecek
12436,3319,will capture,future,we,gelecek
12437,3319,will capture,future,you (pl),gelecek
12438,3319,will capture,future,they,gelecek
12439,3323,disappear,present,I,şimdi
12440,3323,disappear,present,you,şimdi
12441,3323,disappears,present,he/she,şimdi
12442,3323,disappear,present,we,şimdi
12443,3323,disappear,present,you (pl),şimdi
12444,3323,disappear,present,they,şimdi
12445,3323,disappeared,past,I,di
12446,3323,disappeared,past,you,di
12447,3323,disappeared,past,he/she,di
12448,3323,disappeared,past,we,di
12449,3323,disappeared,past,you (pl),di
12450,3323,disappeared,past,they,di
12451,3323,will disappear,future,I,gelecek
12452,3323,will disappear,future,you,gelecek
12453,3323,will disappear,future,he/she,gelecek
12454,3323,will disappear,future,we,gelecek
12455,3323,will disappear,future,you (pl),gelecek
12456,3323,will disappear,future,they,gelecek
12457,3334,kiss,present,I,şimdi
12458,3334,kiss,present,you,şimdi
12459,3334,kisses,present,he/she,şimdi
12460,3334,kiss,present,we,şimdi
12461,3334,kiss,present,you (pl),şimdi
12462,3334,kiss,present,they,şimdi
12463,3334,kissed,past,I,di
12464,3334,kissed,past,you,di
12465,3334,kissed,past,he/she,di
12466,3334,kissed,past,we,di
12467,3334,kissed,past,you (pl),di
12468,3334,kissed,past,they,di
12469,3334,will kiss,future,I,gelecek
12470,3334,will kiss,future,you,gelecek
12471,3334,will kiss,future,he/she,gelecek
12472,3334,will kiss,future,we,gelecek
12473,3334,will kiss,future,you (pl),gelecek
12474,3334,will kiss,future,they,gelecek
12475,3341,bore,present,I,şimdi
12476,3341,bore,present,you,şimdi
12477,3341,bores,present,he/she,şimdi
12478,3341,bore,present,we,şimdi
12479,3341,bore,present,you (pl),şimdi
12480,3341,bore,present,they,şimdi
12481,3341,bored,past,I,di
12482,3341,bored,past,you,di
12483,3341,bored,past,he/she,di
12484,3341,bored,past,we,di
12485,3341,bored,past,you (pl),di
12486,3341,bored,past,they,di
12487,3341,will bore,future,I,gelecek
12488,3341,will bore,future,you,gelecek
12489,3341,will bore,future,he/she,gelecek
12490,3341,will bore,future,we,gelecek
12491,3341,will bore,future,you (pl),gelecek
12492,3341,will bore,future,they,gelecek
12493,3348,rush,present,I,şimdi
12494,3348,rush,present,you,şimdi
12495,3348,rushes,present,he/she,şimdi
12496,3348,rush,present,we,şimdi
12497,3348,rush,present,you (pl),şimdi
12498,3348,rush,present,they,şimdi
12499,3348,rushed,past,I,di
12500,3348,rushed,past,you,di
12501,3348,rushed,past,he/she,di
12502,3348,rushed,past,we,di
12503,3348,rushed,past,you (pl),di
12504,3348,rushed,past,they,di
12505,3348,will rush,future,I,gelecek
12506,3348,will rush,future,you,gelecek
12507,3348,will rush,future,he/she,gelecek
12508,3348,will rush,future,we,gelecek
12509,3348,will rush,future,you (pl),gelecek
12510,3348,will rush,future,they,gelecek
12511,3351,reject,present,I,şimdi
12512,3351,reject,present,you,şimdi
12513,3351,rejects,present,he/she,şimdi
12514,3351,reject,present,we,şimdi
12515,3351,reject,present,you (pl),şimdi
12516,3351,reject,present,they,şimdi
12517,3351,rejected,past,I,di
12518,3351,rejected,past,you,di
12519,3351,rejected,past,he/she,di
12520,3351,rejected,past,we,di
12521,3351,rejected,past,you (pl),di
12522,3351,rejected,past,they,di
12523,3351,will reject,future,I,gelecek
12524,3351,will reject,future,you,gelecek
12525,3351,will reject,future,he/she,gelecek
12526,3351,will reject,future,we,gelecek
12527,3351,will reject,future,you (pl),gelecek
12528,3351,will reject,future,they,gelecek
12529,3366,impose,present,I,şimdi
12530,3366,impose,present,you,şimdi
12531,3366,imposes,present,he/she,şimdi
12532,3366,impose,present,we,şimdi
12533,3366,impose,present,you (pl),şimdi
12534,3366,impose,present,they,şimdi
12535,3366,imposed,past,I,di
12536,3366,imposed,past,you,di
12537,3366,imposed,past,he/she,di
12538,3366,imposed,past,we,di
12539,3366,imposed,past,you (pl),di
12540,3366,imposed,past,they,di
12541,3366,will impose,future,I,gelecek
12542,3366,will impose,future,you,gelecek
12543,3366,will impose,future,he/she,gelecek
12544,3366,will impose,future,we,gelecek
12545,3366,will impose,future,you (pl),gelecek
12546,3366,will impose,future,they,gelecek
12547,3374,yield,present,I,şimdi
12548,3374,yield,present,you,şimdi
12549,3374,yields,present,he/she,şimdi
12550,3374,yield,present,we,şimdi
12551,3374,yield,present,you (pl),şimdi
12552,3374,yield,present,they,şimdi
12553,3374,yielded,past,I,di
12554,3374,yielded,past,you,di
12555,3374,yielded,past,he/she,di
12556,3374,yielded,past,we,di
12557,3374,yielded,past,you (pl),di
12558,3374,yielded,past,they,di
12559,3374,will yield,future,I,gelecek
12560,3374,will yield,future,you,gelecek
12561,3374,will yield,future,he/she,gelecek
12562,3374,will yield,future,we,gelecek
12563,3374,will yield,future,you (pl),gelecek
12564,3374,will yield,future,they,gelecek
12565,3381,implement,present,I,şimdi
12566,3381,implement,present,you,şimdi
12567,3381,implements,present,he/she,şimdi
12568,3381,implement,present,we,şimdi
12569,3381,implement,present,you (pl),şimdi
12570,3381,implement,present,they,şimdi
12571,3381,implemented,past,I,di
12572,3381,implemented,past,you,di
12573,3381,implemented,past,he/she,di
12574,3381,implemented,past,we,di
12575,3381,implemented,past,you (pl),di
12576,3381,implemented,past,they,di
12577,3381,will implement,future,I,gelecek
12578,3381,will implement,future,you,gelecek
12579,3381,will implement,future,he/she,gelecek
12580,3381,will implement,future,we,gelecek
12581,3381,will implement,future,you (pl),gelecek
12582,3381,will implement,future,they,gelecek
12583,3383,attach,present,I,şimdi
12584,3383,attach,present,you,şimdi
12585,3383,attaches,present,he/she,şimdi
12586,3383,attach,present,we,şimdi
12587,3383,attach,present,you (pl),şimdi
12588,3383,attach,present,they,şimdi
12589,3383,attached,past,I,di
12590,3383,attached,past,you,di
12591,3383,attached,past,he/she,di
12592,3383,attached,past,we,di
12593,3383,attached,past,you (pl),di
12594,3383,attached,past,they,di
12595,3383,will attach,future,I,gelecek
12596,3383,will attach,future,you,gelecek
12597,3383,will attach,future,he/she,gelecek
12598,3383,will attach,future,we,gelecek
12599,3383,will attach,future,you (pl),gelecek
12600,3383,will attach,future,they,gelecek
12601,3386,advise,present,I,şimdi
12602,3386,advise,present,you,şimdi
12603,3386,advises,present,he/she,şimdi
12604,3386,advise,present,we,şimdi
12605,3386,advise,present,you (pl),şimdi
12606,3386,advise,present,they,şimdi
12607,3386,advised,past,I,di
12608,3386,advised,past,you,di
12609,3386,advised,past,he/she,di
12610,3386,advised,past,we,di
12611,3386,advised,past,you (pl),di
12612,3386,advised,past,they,di
12613,3386,will advise,future,I,gelecek
12614,3386,will advise,future,you,gelecek
12615,3386,will advise,future,he/she,gelecek
12616,3386,will advise,future,we,gelecek
12617,3386,will advise,future,you (pl),gelecek
12618,3386,will advise,future,they,gelecek
12619,3388,acknowledge,present,I,şimdi
12620,3388,acknowledge,present,you,şimdi
12621,3388,acknowledges,present,he/she,şimdi
12622,3388,acknowledge,present,we,şimdi
12623,3388,acknowledge,present,you (pl),şimdi
12624,3388,acknowledge,present,they,şimdi
12625,3388,acknowledged,past,I,di
12626,3388,acknowledged,past,you,di
12627,3388,acknowledged,past,he/she,di
12628,3388,acknowledged,past,we,di
12629,3388,acknowledged,past,you (pl),di
12630,3388,acknowledged,past,they,di
12631,3388,will acknowledge,future,I,gelecek
12632,3388,will acknowledge,future,you,gelecek
12633,3388,will acknowledge,future,he/she,gelecek
12634,3388,will acknowledge,future,we,gelecek
12635,3388,will acknowledge,future,you (pl),gelecek
12636,3388,will acknowledge,future,they,gelecek
12637,3395,construct,present,I,şimdi
12638,3395,construct,present,you,şimdi
12639,3395,constructs,present,he/she,şimdi
12640,3395,construct,present,we,şimdi
12641,3395,construct,present,you (pl),şimdi
12642,3395,construct,present,they,şimdi
12643,3395,constructed,past,I,di
12644,3395,constructed,past,you,di
12645,3395,constructed,past,he/she,di
12646,3395,constructed,past,we,di
12647,3395,constructed,past,you (pl),di
12648,3395,constructed,past,they,di
12649,3395,will construct,future,I,gelecek
12650,3395,will construct,future,you,gelecek
12651,3395,will construct,future,he/she,gelecek
12652,3395,will construct,future,we,gelecek
12653,3395,will construct,future,you (pl),gelecek
12654,3395,will construct,future,they,gelecek
12655,3408,expose,present,I,şimdi
12656,3408,expose,present,you,şimdi
12657,3408,exposes,present,he/she,şimdi
12658,3408,expose,present,we,şimdi
12659,3408,expose,present,you (pl),şimdi
12660,3408,expose,present,they,şimdi
12661,3408,exposed,past,I,di
12662,3408,exposed,past,you,di
12663,3408,exposed,past,he/she,di
12664,3408,exposed,past,we,di
12665,3408,exposed,past,you (pl),di
12666,3408,exposed,past,they,di
12667,3408,will expose,future,I,gelecek
12668,3408,will expose,future,you,gelecek
12669,3408,will expose,future,he/she,gelecek
12670,3408,will expose,future,we,gelecek
12671,3408,will expose,future,you (pl),gelecek
12672,3408,will expose,future,they,gelecek
12673,3410,shut,present,I,şimdi
12674,3410,shut,present,you,şimdi
12675,3410,shuts,present,he/she,şimdi
12676,3410,shut,present,we,şimdi
12677,3410,shut,present,you (pl),şimdi
12678,3410,shut,present,they,şimdi
12679,3410,shut,past,I,di
12680,3410,shut,past,you,di
12681,3410,shut,past,he/she,di
12682,3410,shut,past,we,di
12683,3410,shut,past,you (pl),di
12684,3410,shut,past,they,di
12685,3410,will shut,future,I,gelecek
12686,3410,will shut,future,you,gelecek
12687,3410,will shut,future,he/she,gelecek
12688,3410,will shut,future,we,gelecek
12689,3410,will shut,future,you (pl),gelecek
12690,3410,will shut,future,they,gelecek
12691,3412,resolve,present,I,şimdi
12692,3412,resolve,present,you,şimdi
12693,3412,resolves,present,he/she,şimdi
12694,3412,resolve,present,we,şimdi
12695,3412,resolve,present,you (pl),şimdi
12696,3412,resolve,present,they,şimdi
12697,3412,resolved,past,I,di
12698,3412,resolved,past,you,di
12699,3412,resolved,past,he/she,di
12700,3412,resolved,past,we,di
12701,3412,resolved,past,you (pl),di
12702,3412,resolved,past,they,di
12703,3412,will resolve,future,I,gelecek
12704,3412,will resolve,future,you,gelecek
12705,3412,will resolve,future,he/she,gelecek
12706,3412,will resolve,future,we,gelecek
12707,3412,will resolve,future,you (pl),gelecek
12708,3412,will resolve,future,they,gelecek
12709,3417,pursue,present,I,şimdi
12710,3417,pursue,present,you,şimdi
12711,3417,pursues,present,he/she,şimdi
12712,3417,pursue,present,we,şimdi
12713,3417,pursue,present,you (pl),şimdi
12714,3417,pursue,present,they,şimdi
12715,3417,pursued,past,I,di
12716,3417,pursued,past,you,di
12717,3417,pursued,past,he/she,di
12718,3417,pursued,past,we,di
12719,3417,pursued,past,you (pl),di
12720,3417,pursued,past,they,di
12721,3417,will pursue,future,I,gelecek
12722,3417,will pursue,future,you,gelecek
12723,3417,will pursue,future,he/she,gelecek
12724,3417,will pursue,future,we,gelecek
12725,3417,will pursue,future,you (pl),gelecek
12726,3417,will pursue,future,they,gelecek
12727,3418,urge,present,I,şimdi
12728,3418,urge,present,you,şimdi
12729,3418,urges,present,he/she,şimdi
12730,3418,urge,present,we,şimdi
12731,3418,urge,present,you (pl),şimdi
12732,3418,urge,present,they,şimdi
12733,3418,urged,past,I,di
12734,3418,urged,past,you,di
12735,3418,urged,past,he/she,di
12736,3418,urged,past,we,di
12737,3418,urged,past,you (pl),di
12738,3418,urged,past,they,di
12739,3418,will urge,future,I,gelecek
12740,3418,will urge,future,you,gelecek
12741,3418,will urge,future,he/she,gelecek
12742,3418,will urge,future,we,gelecek
12743,3418,will urge,future,you (pl),gelecek
12744,3418,will urge,future,they,gelecek
12745,3420,appoint,present,I,şimdi
12746,3420,appoint,present,you,şimdi
12747,3420,appoints,present,he/she,şimdi
12748,3420,appoint,present,we,şimdi
12749,3420,appoint,present,you (pl),şimdi
12750,3420,appoint,present,they,şimdi
12751,3420,appointed,past,I,di
12752,3420,appointed,past,you,di
12753,3420,appointed,past,he/she,di
12754,3420,appointed,past,we,di
12755,3420,appointed,past,you (pl),di
12756,3420,appointed,past,they,di
12757,3420,will appoint,future,I,gelecek
12758,3420,will appoint,future,you,gelecek
12759,3420,will appoint,future,he/she,gelecek
12760,3420,will appoint,future,we,gelecek
12761,3420,will appoint,future,you (pl),gelecek
12762,3420,will appoint,future,they,gelecek
12763,3421,smell,present,I,şimdi
12764,3421,smell,present,you,şimdi
12765,3421,smells,present,he/she,şimdi
12766,3421,smell,present,we,şimdi
12767,3421,smell,present,you (pl),şimdi
12768,3421,smell,present,they,şimdi
12769,3421,smelt,past,I,di
12770,3421,smelt,past,you,di
12771,3421,smelt,past,he/she,di
12772,3421,smelt,past,we,di
12773,3421,smelt,past,you (pl),di
12774,3421,smelt,past,they,di
12775,3421,will smell,future,I,gelecek
12776,3421,will smell,future,you,gelecek
12777,3421,will smell,future,he/she,gelecek
12778,3421,will smell,future,we,gelecek
12779,3421,will smell,future,you (pl),gelecek
12780,3421,will smell,future,they,gelecek
12781,3426,communicate,present,I,şimdi
12782,3426,communicate,present,you,şimdi
12783,3426,communicates,present,he/she,şimdi
12784,3426,communicate,present,we,şimdi
12785,3426,communicate,present,you (pl),şimdi
12786,3426,communicate,present,they,şimdi
12787,3426,communicated,past,I,di
12788,3426,communicated,past,you,di
12789,3426,communicated,past,he/she,di
12790,3426,communicated,past,we,di
12791,3426,communicated,past,you (pl),di
12792,3426,communicated,past,they,di
12793,3426,will communicate,future,I,gelecek
12794,3426,will communicate,future,you,gelecek
12795,3426,will communicate,future,he/she,gelecek
12796,3426,will communicate,future,we,gelecek
12797,3426,will communicate,future,you (pl),gelecek
12798,3426,will communicate,future,they,gelecek
12799,3433,slip,present,I,şimdi
12800,3433,slip,present,you,şimdi
12801,3433,slips,present,he/she,şimdi
12802,3433,slip,present,we,şimdi
12803,3433,slip,present,you (pl),şimdi
12804,3433,slip,present,they,şimdi
12805,3433,slipped,past,I,di
12806,3433,slipped,past,you,di
12807,3433,slipped,past,he/she,di
12808,3433,slipped,past,we,di
12809,3433,slipped,past,you (pl),di
12810,3433,slipped,past,they,di
12811,3433,will slip,future,I,gelecek
12812,3433,will slip,future,you,gelecek
12813,3433,will slip,future,he/she,gelecek
12814,3433,will slip,future,we,gelecek
12815,3433,will slip,future,you (pl),gelecek
12816,3433,will slip,future,they,gelecek
12817,3434,accompany,present,I,şimdi
12818,3434,accompany,present,you,şimdi
12819,3434,accompanies,present,he/she,şimdi
12820,3434,accompany,present,we,şimdi
12821,3434,accompany,present,you (pl),şimdi
12822,3434,accompany,present,they,şimdi
12823,3434,accompanied,past,I,di
12824,3434,accompanied,past,you,di
12825,3434,accompanied,past,he/she,di
12826,3434,accompanied,past,we,di
12827,3434,accompanied,past,you (pl),di
12828,3434,accompanied,past,they,di
12829,3434,will accompany,future,I,gelecek
12830,3434,will accompany,future,you,gelecek
12831,3434,will accompany,future,he/she,gelecek
12832,3434,will accompany,future,we,gelecek
12833,3434,will accompany,future,you (pl),gelecek
12834,3434,will accompany,future,they,gelecek
12835,3436,knock,present,I,şimdi
12836,3436,knock,present,you,şimdi
12837,3436,knocks,present,he/she,şimdi
12838,3436,knock,present,we,şimdi
12839,3436,knock,present,you (pl),şimdi
12840,3436,knock,present,they,şimdi
12841,3436,knocked,past,I,di
12842,3436,knocked,past,you,di
12843,3436,knocked,past,he/she,di
12844,3436,knocked,past,we,di
12845,3436,knocked,past,you (pl),di
12846,3436,knocked,past,they,di
12847,3436,will knock,future,I,gelecek
12848,3436,will knock,future,you,gelecek
12849,3436,will knock,future,he/she,gelecek
12850,3436,will knock,future,we,gelecek
12851,3436,will knock,future,you (pl),gelecek
12852,3436,will knock,future,they,gelecek
12853,3438,illustrate,present,I,şimdi
12854,3438,illustrate,present,you,şimdi
12855,3438,illustrates,present,he/she,şimdi
12856,3438,illustrate,present,we,şimdi
12857,3438,illustrate,present,you (pl),şimdi
12858,3438,illustrate,present,they,şimdi
12859,3438,illustrated,past,I,di
12860,3438,illustrated,past,you,di
12861,3438,illustrated,past,he/she,di
12862,3438,illustrated,past,we,di
12863,3438,illustrated,past,you (pl),di
12864,3438,illustrated,past,they,di
12865,3438,will illustrate,future,I,gelecek
12866,3438,will illustrate,future,you,gelecek
12867,3438,will illustrate,future,he/she,gelecek
12868,3438,will illustrate,future,we,gelecek
12869,3438,will illustrate,future,you (pl),gelecek
12870,3438,will illustrate,future,they,gelecek
12871,3452,emphasize,present,I,şimdi
12872,3452,emphasize,present,you,şimdi
12873,3452,emphasizes,present,he/she,şimdi
12874,3452,emphasize,present,we,şimdi
12875,3452,emphasize,present,you (pl),şimdi
12876,3452,emphasize,present,they,şimdi
12877,3452,emphasized,past,I,di
12878,3452,emphasized,past,you,di
12879,3452,emphasized,past,he/she,di
12880,3452,emphasized,past,we,di
12881,3452,emphasized,past,you (pl),di
12882,3452,emphasized,past,they,di
12883,3452,will emphasize,future,I,gelecek
12884,3452,will emphasize,future,you,gelecek
12885,3452,will emphasize,future,he/she,gelecek
12886,3452,will emphasize,future,we,gelecek
12887,3452,will emphasize,future,you (pl),gelecek
12888,3452,will emphasize,future,they,gelecek
12889,3456,bother,present,I,şimdi
12890,3456,bother,present,you,şimdi
12891,3456,bothers,present,he/she,şimdi
12892,3456,bother,present,we,şimdi
12893,3456,bother,present,you (pl),şimdi
12894,3456,bother,present,they,şimdi
12895,3456,bothered,past,I,di
12896,3456,bothered,past,you,di
12897,3456,bothered,past,he/she,di
12898,3456,bothered,past,we,di
12899,3456,bothered,past,you (pl),di
12900,3456,bothered,past,they,di
12901,3456,will bother,future,I,gelecek
12902,3456,will bother,future,you,gelecek
12903,3456,will bother,future,he/she,gelecek
12904,3456,will bother,future,we,gelecek
12905,3456,will bother,future,you (pl),gelecek
12906,3456,will bother,future,they,gelecek
12907,3460,complicate,present,I,şimdi
12908,3460,complicate,present,you,şimdi
12909,3460,complicates,present,he/she,şimdi
12910,3460,complicate,present,we,şimdi
12911,3460,complicate,present,you (pl),şimdi
12912,3460,complicate,present,they,şimdi
12913,3460,complicated,past,I,di
12914,3460,complicated,past,you,di
12915,3460,complicated,past,he/she,di
12916,3460,complicated,past,we,di
12917,3460,complicated,past,you (pl),di
12918,3460,complicated,past,they,di
12919,3460,will complicate,future,I,gelecek
12920,3460,will complicate,future,you,gelecek
12921,3460,will complicate,future,he/she,gelecek
12922,3460,will complicate,future,we,gelecek
12923,3460,will complicate,future,you (pl),gelecek
12924,3460,will complicate,future,they,gelecek
12925,3462,disappoint,present,I,şimdi
12926,3462,disappoint,present,you,şimdi
12927,3462,disappoints,present,he/she,şimdi
12928,3462,disappoint,present,we,şimdi
12929,3462,disappoint,present,you (pl),şimdi
12930,3462,disappoint,present,they,şimdi
12931,3462,disappointed,past,I,di
12932,3462,disappointed,past,you,di
12933,3462,disappointed,past,he/she,di
12934,3462,disappointed,past,we,di
12935,3462,disappointed,past,you (pl),di
12936,3462,disappointed,past,they,di
12937,3462,will disappoint,future,I,gelecek
12938,3462,will disappoint,future,you,gelecek
12939,3462,will disappoint,future,he/she,gelecek
12940,3462,will disappoint,future,we,gelecek
12941,3462,will disappoint,future,you (pl),gelecek
12942,3462,will disappoint,future,they,gelecek
12943,3471,deserve,present,I,şimdi
12944,3471,deserve,present,you,şimdi
12945,3471,deserves,present,he/she,şimdi
12946,3471,deserve,present,we,şimdi
12947,3471,deserve,present,you (pl),şimdi
12948,3471,deserve,present,they,şimdi
12949,3471,deserved,past,I,di
12950,3471,deserved,past,you,di
12951,3471,deserved,past,he/she,di
12952,3471,deserved,past,we,di
12953,3471,deserved,past,you (pl),di
12954,3471,deserved,past,they,di
12955,3471,will deserve,future,I,gelecek
12956,3471,will deserve,future,you,gelecek
12957,3471,will deserve,future,he/she,gelecek
12958,3471,will deserve,future,we,gelecek
12959,3471,will deserve,future,you (pl),gelecek
12960,3471,will deserve,future,they,gelecek
12961,3473,defend,present,I,şimdi
12962,3473,defend,present,you,şimdi
12963,3473,defends,present,he/she,şimdi
12964,3473,defend,present,we,şimdi
12965,3473,defend,present,you (pl),şimdi
12966,3473,defend,present,they,şimdi
12967,3473,defended,past,I,di
12968,3473,defended,past,you,di
12969,3473,defended,past,he/she,di
12970,3473,defended,past,we,di
12971,3473,defended,past,you (pl),di
12972,3473,defended,past,they,di
12973,3473,will defend,future,I,gelecek
12974,3473,will defend,future,you,gelecek
12975,3473,will defend,future,he/she,gelecek
12976,3473,will defend,future,we,gelecek
12977,3473,will defend,future,you (pl),gelecek
12978,3473,will defend,future,they,gelecek
12979,3477,collapse,present,I,şimdi
12980,3477,collapse,present,you,şimdi
12981,3477,collapses,present,he/she,şimdi
12982,3477,collapse,present,we,şimdi
12983,3477,collapse,present,you (pl),şimdi
12984,3477,collapse,present,they,şimdi
12985,3477,collapsed,past,I,di
12986,3477,collapsed,past,you,di
12987,3477,collapsed,past,he/she,di
12988,3477,collapsed,past,we,di
12989,3477,collapsed,past,you (pl),di
12990,3477,collapsed,past,they,di
12991,3477,will collapse,future,I,gelecek
12992,3477,will collapse,future,you,gelecek
12993,3477,will collapse,future,he/she,gelecek
12994,3477,will collapse,future,we,gelecek
12995,3477,will collapse,future,you (pl),gelecek
12996,3477,will collapse,future,they,gelecek
12997,3485,enhance,present,I,şimdi
12998,3485,enhance,present,you,şimdi
12999,3485,enhances,present,he/she,şimdi
13000,3485,enhance,present,we,şimdi
13001,3485,enhance,present,you (pl),şimdi
13002,3485,enhance,present,they,şimdi
13003,3485,enhanced,past,I,di
13004,3485,enhanced,past,you,di
13005,3485,enhanced,past,he/she,di
13006,3485,enhanced,past,we,di
13007,3485,enhanced,past,you (pl),di
13008,3485,enhanced,past,they,di
13009,3485,will enhance,future,I,gelecek
13010,3485,will enhance,future,you,gelecek
13011,3485,will enhance,future,he/she,gelecek
13012,3485,will enhance,future,we,gelecek
13013,3485,will enhance,future,you (pl),gelecek
13014,3485,will enhance,future,they,gelecek
13015,3488,distinguish,present,I,şimdi
13016,3488,distinguish,present,you,şimdi
13017,3488,distinguishes,present,he/she,şimdi
13018,3488,distinguish,present,we,şimdi
13019,3488,distinguish,present,you (pl),şimdi
13020,3488,distinguish,present,they,şimdi
13021,3488,distinguished,past,I,di
13022,3488,distinguished,past,you,di
13023,3488,distinguished,past,he/she,di
13024,3488,distinguished,past,we,di
13025,3488,distinguished,past,you (pl),di
13026,3488,distinguished,past,they,di
13027,3488,will distinguish,future,I,gelecek
13028,3488,will distinguish,future,you,gelecek
13029,3488,will distinguish,future,he/she,gelecek
13030,3488,will distinguish,future,we,gelecek
13031,3488,will distinguish,future,you (pl),gelecek
13032,3488,will distinguish,future,they,gelecek
13033,3492,slide,present,I,şimdi
13034,3492,slide,present,you,şimdi
13035,3492,slides,present,he/she,şimdi
13036,3492,slide,present,we,şimdi
13037,3492,slide,present,you (pl),şimdi
13038,3492,slide,present,they,şimdi
13039,3492,slid,past,I,di
13040,3492,slid,past,you,di
13041,3492,slid,past,he/she,di
13042,3492,slid,past,we,di
13043,3492,slid,past,you (pl),di
13044,3492,slid,past,they,di
13045,3492,will slide,future,I,gelecek
13046,3492,will slide,future,you,gelecek
13047,3492,will slide,future,he/she,gelecek
13048,3492,will slide,future,we,gelecek
13049,3492,will slide,future,you (pl),gelecek
13050,3492,will slide,future,they,gelecek
13051,3497,highlight,present,I,şimdi
13052,3497,highlight,present,you,şimdi
13053,3497,highlights,present,he/she,şimdi
13054,3497,highlight,present,we,şimdi
13055,3497,highlight,present,you (pl),şimdi
13056,3497,highlight,present,they,şimdi
13057,3497,highlighted,past,I,di
13058,3497,highlighted,past,you,di
13059,3497,highlighted,past,he/she,di
13060,3497,highlighted,past,we,di
13061,3497,highlighted,past,you (pl),di
13062,3497,highlighted,past,they,di
13063,3497,will highlight,future,I,gelecek
13064,3497,will highlight,future,you,gelecek
13065,3497,will highlight,future,he/she,gelecek
13066,3497,will highlight,future,we,gelecek
13067,3497,will highlight,future,you (pl),gelecek
13068,3497,will highlight,future,they,gelecek
13069,3503,encounter,present,I,şimdi
13070,3503,encounter,present,you,şimdi
13071,3503,encounters,present,he/she,şimdi
13072,3503,encounter,present,we,şimdi
13073,3503,encounter,present,you (pl),şimdi
13074,3503,encounter,present,they,şimdi
13075,3503,encountered,past,I,di
13076,3503,encountered,past,you,di
13077,3503,encountered,past,he/she,di
13078,3503,encountered,past,we,di
13079,3503,encountered,past,you (pl),di
13080,3503,encountered,past,they,di
13081,3503,will encounter,future,I,gelecek
13082,3503,will encounter,future,you,gelecek
13083,3503,will encounter,future,he/she,gelecek
13084,3503,will encounter,future,we,gelecek
13085,3503,will encounter,future,you (pl),gelecek
13086,3503,will encounter,future,they,gelecek
13087,3507,confuse,present,I,şimdi
13088,3507,confuse,present,you,şimdi
13089,3507,confuses,present,he/she,şimdi
13090,3507,confuse,present,we,şimdi
13091,3507,confuse,present,you (pl),şimdi
13092,3507,confuse,present,they,şimdi
13093,3507,confused,past,I,di
13094,3507,confused,past,you,di
13095,3507,confused,past,he/she,di
13096,3507,confused,past,we,di
13097,3507,confused,past,you (pl),di
13098,3507,confused,past,they,di
13099,3507,will confuse,future,I,gelecek
13100,3507,will confuse,future,you,gelecek
13101,3507,will confuse,future,he/she,gelecek
13102,3507,will confuse,future,we,gelecek
13103,3507,will confuse,future,you (pl),gelecek
13104,3507,will confuse,future,they,gelecek
13105,3512,calculate,present,I,şimdi
13106,3512,calculate,present,you,şimdi
13107,3512,calculates,present,he/she,şimdi
13108,3512,calculate,present,we,şimdi
13109,3512,calculate,present,you (pl),şimdi
13110,3512,calculate,present,they,şimdi
13111,3512,calculated,past,I,di
13112,3512,calculated,past,you,di
13113,3512,calculated,past,he/she,di
13114,3512,calculated,past,we,di
13115,3512,calculated,past,you (pl),di
13116,3512,calculated,past,they,di
13117,3512,will calculate,future,I,gelecek
13118,3512,will calculate,future,you,gelecek
13119,3512,will calculate,future,he/she,gelecek
13120,3512,will calculate,future,we,gelecek
13121,3512,will calculate,future,you (pl),gelecek
13122,3512,will calculate,future,they,gelecek
13123,3516,occupy,present,I,şimdi
13124,3516,occupy,present,you,şimdi
13125,3516,occupies,present,he/she,şimdi
13126,3516,occupy,present,we,şimdi
13127,3516,occupy,present,you (pl),şimdi
13128,3516,occupy,present,they,şimdi
13129,3516,occupied,past,I,di
13130,3516,occupied,past,you,di
13131,3516,occupied,past,he/she,di
13132,3516,occupied,past,we,di
13133,3516,occupied,past,you (pl),di
13134,3516,occupied,past,they,di
13135,3516,will occupy,future,I,gelecek
13136,3516,will occupy,future,you,gelecek
13137,3516,will occupy,future,he/she,gelecek
13138,3516,will occupy,future,we,gelecek
13139,3516,will occupy,future,you (pl),gelecek
13140,3516,will occupy,future,they,gelecek
13141,3517,outline,present,I,şimdi
13142,3517,outline,present,you,şimdi
13143,3517,outlines,present,he/she,şimdi
13144,3517,outline,present,we,şimdi
13145,3517,outline,present,you (pl),şimdi
13146,3517,outline,present,they,şimdi
13147,3517,outlined,past,I,di
13148,3517,outlined,past,you,di
13149,3517,outlined,past,he/she,di
13150,3517,outlined,past,we,di
13151,3517,outlined,past,you (pl),di
13152,3517,outlined,past,they,di
13153,3517,will outline,future,I,gelecek
13154,3517,will outline,future,you,gelecek
13155,3517,will outline,future,he/she,gelecek
13156,3517,will outline,future,we,gelecek
13157,3517,will outline,future,you (pl),gelecek
13158,3517,will outline,future,they,gelecek
13159,3520,preserve,present,I,şimdi
13160,3520,preserve,present,you,şimdi
13161,3520,preserves,present,he/she,şimdi
13162,3520,preserve,present,we,şimdi
13163,3520,preserve,present,you (pl),şimdi
13164,3520,preserve,present,they,şimdi
13165,3520,preserved,past,I,di
13166,3520,preserved,past,you,di
13167,3520,preserved,past,he/she,di
13168,3520,preserved,past,we,di
13169,3520,preserved,past,you (pl),di
13170,3520,preserved,past,they,di
13171,3520,will preserve,future,I,gelecek
13172,3520,will preserve,future,you,gelecek
13173,3520,will preserve,future,he/she,gelecek
13174,3520,will preserve,future,we,gelecek
13175,3520,will preserve,future,you (pl),gelecek
13176,3520,will preserve,future,they,gelecek
13177,3521,split,present,I,şimdi
13178,3521,split,present,you,şimdi
13179,3521,splits,present,he/she,şimdi
13180,3521,split,present,we,şimdi
13181,3521,split,present,you (pl),şimdi
13182,3521,split,present,they,şimdi
13183,3521,split,past,I,di
13184,3521,split,past,you,di
13185,3521,split,past,he/she,di
13186,3521,split,past,we,di
13187,3521,split,past,you (pl),di
13188,3521,split,past,they,di
13189,3521,will split,future,I,gelecek
13190,3521,will split,future,you,gelecek
13191,3521,will split,future,he/she,gelecek
13192,3521,will split,future,we,gelecek
13193,3521,will split,future,you (pl),gelecek
13194,3521,will split,future,they,gelecek
13195,3522,swing,present,I,şimdi
13196,3522,swing,present,you,şimdi
13197,3522,swings,present,he/she,şimdi
13198,3522,swing,present,we,şimdi
13199,3522,swing,present,you (pl),şimdi
13200,3522,swing,present,they,şimdi
13201,3522,swinged,past,I,di
13202,3522,swinged,past,you,di
13203,3522,swinged,past,he/she,di
13204,3522,swinged,past,we,di
13205,3522,swinged,past,you (pl),di
13206,3522,swinged,past,they,di
13207,3522,will swing,future,I,gelecek
13208,3522,will swing,future,you,gelecek
13209,3522,will swing,future,he/she,gelecek
13210,3522,will swing,future,we,gelecek
13211,3522,will swing,future,you (pl),gelecek
13212,3522,will swing,future,they,gelecek
13213,3532,integrate,present,I,şimdi
13214,3532,integrate,present,you,şimdi
13215,3532,integrates,present,he/she,şimdi
13216,3532,integrate,present,we,şimdi
13217,3532,integrate,present,you (pl),şimdi
13218,3532,integrate,present,they,şimdi
13219,3532,integrated,past,I,di
13220,3532,integrated,past,you,di
13221,3532,integrated,past,he/she,di
13222,3532,integrated,past,we,di
13223,3532,integrated,past,you (pl),di
13224,3532,integrated,past,they,di
13225,3532,will integrate,future,I,gelecek
13226,3532,will integrate,future,you,gelecek
13227,3532,will integrate,future,he/she,gelecek
13228,3532,will integrate,future,we,gelecek
13229,3532,will integrate,future,you (pl),gelecek
13230,3532,will integrate,future,they,gelecek
13231,3535,bet,present,I,şimdi
13232,3535,bet,present,you,şimdi
13233,3535,bets,present,he/she,şimdi
13234,3535,bet,present,we,şimdi
13235,3535,bet,present,you (pl),şimdi
13236,3535,bet,present,they,şimdi
13237,3535,bet,past,I,di
13238,3535,bet,past,you,di
13239,3535,bet,past,he/she,di
13240,3535,bet,past,we,di
13241,3535,bet,past,you (pl),di
13242,3535,bet,past,they,di
13243,3535,will bet,future,I,gelecek
13244,3535,will bet,future,you,gelecek
13245,3535,will bet,future,he/she,gelecek
13246,3535,will bet,future,we,gelecek
13247,3535,will bet,future,you (pl),gelecek
13248,3535,will bet,future,they,gelecek
13249,3536,retain,present,I,şimdi
13250,3536,retain,present,you,şimdi
13251,3536,retains,present,he/she,şimdi
13252,3536,retain,present,we,şimdi
13253,3536,retain,present,you (pl),şimdi
13254,3536,retain,present,they,şimdi
13255,3536,retained,past,I,di
13256,3536,retained,past,you,di
13257,3536,retained,past,he/she,di
13258,3536,retained,past,we,di
13259,3536,retained,past,you (pl),di
13260,3536,retained,past,they,di
13261,3536,will retain,future,I,gelecek
13262,3536,will retain,future,you,gelecek
13263,3536,will retain,future,he/she,gelecek
13264,3536,will retain,future,we,gelecek
13265,3536,will retain,future,you (pl),gelecek
13266,3536,will retain,future,they,gelecek
13267,3540,abandon,present,I,şimdi
13268,3540,abandon,present,you,şimdi
13269,3540,abandons,present,he/she,şimdi
13270,3540,abandon,present,we,şimdi
13271,3540,abandon,present,you (pl),şimdi
13272,3540,abandon,present,they,şimdi
13273,3540,abandoned,past,I,di
13274,3540,abandoned,past,you,di
13275,3540,abandoned,past,he/she,di
13276,3540,abandoned,past,we,di
13277,3540,abandoned,past,you (pl),di
13278,3540,abandoned,past,they,di
13279,3540,will abandon,future,I,gelecek
13280,3540,will abandon,future,you,gelecek
13281,3540,will abandon,future,he/she,gelecek
13282,3540,will abandon,future,we,gelecek
13283,3540,will abandon,future,you (pl),gelecek
13284,3540,will abandon,future,they,gelecek
13285,3546,delight,present,I,şimdi
13286,3546,delight,present,you,şimdi
13287,3546,delights,present,he/she,şimdi
13288,3546,delight,present,we,şimdi
13289,3546,delight,present,you (pl),şimdi
13290,3546,delight,present,they,şimdi
13291,3546,delighted,past,I,di
13292,3546,delighted,past,you,di
13293,3546,delighted,past,he/she,di
13294,3546,delighted,past,we,di
13295,3546,delighted,past,you (pl),di
13296,3546,delighted,past,they,di
13297,3546,will delight,future,I,gelecek
13298,3546,will delight,future,you,gelecek
13299,3546,will delight,future,he/she,gelecek
13300,3546,will delight,future,we,gelecek
13301,3546,will delight,future,you (pl),gelecek
13302,3546,will delight,future,they,gelecek
13303,3547,lean,present,I,şimdi
13304,3547,lean,present,you,şimdi
13305,3547,leans,present,he/she,şimdi
13306,3547,lean,present,we,şimdi
13307,3547,lean,present,you (pl),şimdi
13308,3547,lean,present,they,şimdi
13309,3547,leant,past,I,di
13310,3547,leant,past,you,di
13311,3547,leant,past,he/she,di
13312,3547,leant,past,we,di
13313,3547,leant,past,you (pl),di
13314,3547,leant,past,they,di
13315,3547,will lean,future,I,gelecek
13316,3547,will lean,future,you,gelecek
13317,3547,will lean,future,he/she,gelecek
13318,3547,will lean,future,we,gelecek
13319,3547,will lean,future,you (pl),gelecek
13320,3547,will lean,future,they,gelecek
13321,3549,differ,present,I,şimdi
13322,3549,differ,present,you,şimdi
13323,3549,differs,present,he/she,şimdi
13324,3549,differ,present,we,şimdi
13325,3549,differ,present,you (pl),şimdi
13326,3549,differ,present,they,şimdi
13327,3549,differed,past,I,di
13328,3549,differed,past,you,di
13329,3549,differed,past,he/she,di
13330,3549,differed,past,we,di
13331,3549,differed,past,you (pl),di
13332,3549,differed,past,they,di
13333,3549,will differ,future,I,gelecek
13334,3549,will differ,future,you,gelecek
13335,3549,will differ,future,he/she,gelecek
13336,3549,will differ,future,we,gelecek
13337,3549,will differ,future,you (pl),gelecek
13338,3549,will differ,future,they,gelecek
13339,3551,distribute,present,I,şimdi
13340,3551,distribute,present,you,şimdi
13341,3551,distributes,present,he/she,şimdi
13342,3551,distribute,present,we,şimdi
13343,3551,distribute,present,you (pl),şimdi
13344,3551,distribute,present,they,şimdi
13345,3551,distributed,past,I,di
13346,3551,distributed,past,you,di
13347,3551,distributed,past,he/she,di
13348,3551,distributed,past,we,di
13349,3551,distributed,past,you (pl),di
13350,3551,distributed,past,they,di
13351,3551,will distribute,future,I,gelecek
13352,3551,will distribute,future,you,gelecek
13353,3551,will distribute,future,he/she,gelecek
13354,3551,will distribute,future,we,gelecek
13355,3551,will distribute,future,you (pl),gelecek
13356,3551,will distribute,future,they,gelecek
13357,3553,derive,present,I,şimdi
13358,3553,derive,present,you,şimdi
13359,3553,derives,present,he/she,şimdi
13360,3553,derive,present,we,şimdi
13361,3553,derive,present,you (pl),şimdi
13362,3553,derive,present,they,şimdi
13363,3553,derived,past,I,di
13364,3553,derived,past,you,di
13365,3553,derived,past,he/she,di
13366,3553,derived,past,we,di
13367,3553,derived,past,you (pl),di
13368,3553,derived,past,they,di
13369,3553,will derive,future,I,gelecek
13370,3553,will derive,future,you,gelecek
13371,3553,will derive,future,he/she,gelecek
13372,3553,will derive,future,we,gelecek
13373,3553,will derive,future,you (pl),gelecek
13374,3553,will derive,future,they,gelecek
13375,3561,educate,present,I,şimdi
13376,3561,educate,present,you,şimdi
13377,3561,educates,present,he/she,şimdi
13378,3561,educate,present,we,şimdi
13379,3561,educate,present,you (pl),şimdi
13380,3561,educate,present,they,şimdi
13381,3561,educated,past,I,di
13382,3561,educated,past,you,di
13383,3561,educated,past,he/she,di
13384,3561,educated,past,we,di
13385,3561,educated,past,you (pl),di
13386,3561,educated,past,they,di
13387,3561,will educate,future,I,gelecek
13388,3561,will educate,future,you,gelecek
13389,3561,will educate,future,he/she,gelecek
13390,3561,will educate,future,we,gelecek
13391,3561,will educate,future,you (pl),gelecek
13392,3561,will educate,future,they,gelecek
13393,3563,exhibit,present,I,şimdi
13394,3563,exhibit,present,you,şimdi
13395,3563,exhibits,present,he/she,şimdi
13396,3563,exhibit,present,we,şimdi
13397,3563,exhibit,present,you (pl),şimdi
13398,3563,exhibit,present,they,şimdi
13399,3563,exhibited,past,I,di
13400,3563,exhibited,past,you,di
13401,3563,exhibited,past,he/she,di
13402,3563,exhibited,past,we,di
13403,3563,exhibited,past,you (pl),di
13404,3563,exhibited,past,they,di
13405,3563,will exhibit,future,I,gelecek
13406,3563,will exhibit,future,you,gelecek
13407,3563,will exhibit,future,he/she,gelecek
13408,3563,will exhibit,future,we,gelecek
13409,3563,will exhibit,future,you (pl),gelecek
13410,3563,will exhibit,future,they,gelecek
13411,3565,hunt,present,I,şimdi
13412,3565,hunt,present,you,şimdi
13413,3565,hunts,present,he/she,şimdi
13414,3565,hunt,present,we,şimdi
13415,3565,hunt,present,you (pl),şimdi
13416,3565,hunt,present,they,şimdi
13417,3565,hunted,past,I,di
13418,3565,hunted,past,you,di
13419,3565,hunted,past,he/she,di
13420,3565,hunted,past,we,di
13421,3565,hunted,past,you (pl),di
13422,3565,hunted,past,they,di
13423,3565,will hunt,future,I,gelecek
13424,3565,will hunt,future,you,gelecek
13425,3565,will hunt,future,he/she,gelecek
13426,3565,will hunt,future,we,gelecek
13427,3565,will hunt,future,you (pl),gelecek
13428,3565,will hunt,future,they,gelecek
13429,3567,dominate,present,I,şimdi
13430,3567,dominate,present,you,şimdi
13431,3567,dominates,present,he/she,şimdi
13432,3567,dominate,present,we,şimdi
13433,3567,dominate,present,you (pl),şimdi
13434,3567,dominate,present,they,şimdi
13435,3567,dominated,past,I,di
13436,3567,dominated,past,you,di
13437,3567,dominated,past,he/she,di
13438,3567,dominated,past,we,di
13439,3567,dominated,past,you (pl),di
13440,3567,dominated,past,they,di
13441,3567,will dominate,future,I,gelecek
13442,3567,will dominate,future,you,gelecek
13443,3567,will dominate,future,he/she,gelecek
13444,3567,will dominate,future,we,gelecek
13445,3567,will dominate,future,you (pl),gelecek
13446,3567,will dominate,future,they,gelecek
13447,3587,upset,present,I,şimdi
13448,3587,upset,present,you,şimdi
13449,3587,upsets,present,he/she,şimdi
13450,3587,upset,present,we,şimdi
13451,3587,upset,present,you (pl),şimdi
13452,3587,upset,present,they,şimdi
13453,3587,upseted,past,I,di
13454,3587,upseted,past,you,di
13455,3587,upseted,past,he/she,di
13456,3587,upseted,past,we,di
13457,3587,upseted,past,you (pl),di
13458,3587,upseted,past,they,di
13459,3587,will upset,future,I,gelecek
13460,3587,will upset,future,you,gelecek
13461,3587,will upset,future,he/she,gelecek
13462,3587,will upset,future,we,gelecek
13463,3587,will upset,future,you (pl),gelecek
13464,3587,will upset,future,they,gelecek
13465,3596,undertake,present,I,şimdi
13466,3596,undertake,present,you,şimdi
13467,3596,undertakes,present,he/she,şimdi
13468,3596,undertake,present,we,şimdi
13469,3596,undertake,present,you (pl),şimdi
13470,3596,undertake,present,they,şimdi
13471,3596,undertaked,past,I,di
13472,3596,undertaked,past,you,di
13473,3596,undertaked,past,he/she,di
13474,3596,undertaked,past,we,di
13475,3596,undertaked,past,you (pl),di
13476,3596,undertaked,past,they,di
13477,3596,will undertake,future,I,gelecek
13478,3596,will undertake,future,you,gelecek
13479,3596,will undertake,future,he/she,gelecek
13480,3596,will undertake,future,we,gelecek
13481,3596,will undertake,future,you (pl),gelecek
13482,3596,will undertake,future,they,gelecek
13483,3605,restrict,present,I,şimdi
13484,3605,restrict,present,you,şimdi
13485,3605,restricts,present,he/she,şimdi
13486,3605,restrict,present,we,şimdi
13487,3605,restrict,present,you (pl),şimdi
13488,3605,restrict,present,they,şimdi
13489,3605,restricted,past,I,di
13490,3605,restricted,past,you,di
13491,3605,restricted,past,he/she,di
13492,3605,restricted,past,we,di
13493,3605,restricted,past,you (pl),di
13494,3605,restricted,past,they,di
13495,3605,will restrict,future,I,gelecek
13496,3605,will restrict,future,you,gelecek
13497,3605,will restrict,future,he/she,gelecek
13498,3605,will restrict,future,we,gelecek
13499,3605,will restrict,future,you (pl),gelecek
13500,3605,will restrict,future,they,gelecek
13501,3606,trace,present,I,şimdi
13502,3606,trace,present,you,şimdi
13503,3606,traces,present,he/she,şimdi
13504,3606,trace,present,we,şimdi
13505,3606,trace,present,you (pl),şimdi
13506,3606,trace,present,they,şimdi
13507,3606,traced,past,I,di
13508,3606,traced,past,you,di
13509,3606,traced,past,he/she,di
13510,3606,traced,past,we,di
13511,3606,traced,past,you (pl),di
13512,3606,traced,past,they,di
13513,3606,will trace,future,I,gelecek
13514,3606,will trace,future,you,gelecek
13515,3606,will trace,future,he/she,gelecek
13516,3606,will trace,future,we,gelecek
13517,3606,will trace,future,you (pl),gelecek
13518,3606,will trace,future,they,gelecek
13519,3618,assure,present,I,şimdi
13520,3618,assure,present,you,şimdi
13521,3618,assures,present,he/she,şimdi
13522,3618,assure,present,we,şimdi
13523,3618,assure,present,you (pl),şimdi
13524,3618,assure,present,they,şimdi
13525,3618,assured,past,I,di
13526,3618,assured,past,you,di
13527,3618,assured,past,he/she,di
13528,3618,assured,past,we,di
13529,3618,assured,past,you (pl),di
13530,3618,assured,past,they,di
13531,3618,will assure,future,I,gelecek
13532,3618,will assure,future,you,gelecek
13533,3618,will assure,future,he/she,gelecek
13534,3618,will assure,future,we,gelecek
13535,3618,will assure,future,you (pl),gelecek
13536,3618,will assure,future,they,gelecek
13537,3619,crack,present,I,şimdi
13538,3619,crack,present,you,şimdi
13539,3619,cracks,present,he/she,şimdi
13540,3619,crack,present,we,şimdi
13541,3619,crack,present,you (pl),şimdi
13542,3619,crack,present,they,şimdi
13543,3619,cracked,past,I,di
13544,3619,cracked,past,you,di
13545,3619,cracked,past,he/she,di
13546,3619,cracked,past,we,di
13547,3619,cracked,past,you (pl),di
13548,3619,cracked,past,they,di
13549,3619,will crack,future,I,gelecek
13550,3619,will crack,future,you,gelecek
13551,3619,will crack,future,he/she,gelecek
13552,3619,will crack,future,we,gelecek
13553,3619,will crack,future,you (pl),gelecek
13554,3619,will crack,future,they,gelecek
13555,3621,submit,present,I,şimdi
13556,3621,submit,present,you,şimdi
13557,3621,submits,present,he/she,şimdi
13558,3621,submit,present,we,şimdi
13559,3621,submit,present,you (pl),şimdi
13560,3621,submit,present,they,şimdi
13561,3621,submited,past,I,di
13562,3621,submited,past,you,di
13563,3621,submited,past,he/she,di
13564,3621,submited,past,we,di
13565,3621,submited,past,you (pl),di
13566,3621,submited,past,they,di
13567,3621,will submit,future,I,gelecek
13568,3621,will submit,future,you,gelecek
13569,3621,will submit,future,he/she,gelecek
13570,3621,will submit,future,we,gelecek
13571,3621,will submit,future,you (pl),gelecek
13572,3621,will submit,future,they,gelecek
13573,3628,isolate,present,I,şimdi
13574,3628,isolate,present,you,şimdi
13575,3628,isolates,present,he/she,şimdi
13576,3628,isolate,present,we,şimdi
13577,3628,isolate,present,you (pl),şimdi
13578,3628,isolate,present,they,şimdi
13579,3628,isolated,past,I,di
13580,3628,isolated,past,you,di
13581,3628,isolated,past,he/she,di
13582,3628,isolated,past,we,di
13583,3628,isolated,past,you (pl),di
13584,3628,isolated,past,they,di
13585,3628,will isolate,future,I,gelecek
13586,3628,will isolate,future,you,gelecek
13587,3628,will isolate,future,he/she,gelecek
13588,3628,will isolate,future,we,gelecek
13589,3628,will isolate,future,you (pl),gelecek
13590,3628,will isolate,future,they,gelecek
13591,3629,eliminate,present,I,şimdi
13592,3629,eliminate,present,you,şimdi
13593,3629,eliminates,present,he/she,şimdi
13594,3629,eliminate,present,we,şimdi
13595,3629,eliminate,present,you (pl),şimdi
13596,3629,eliminate,present,they,şimdi
13597,3629,eliminated,past,I,di
13598,3629,eliminated,past,you,di
13599,3629,eliminated,past,he/she,di
13600,3629,eliminated,past,we,di
13601,3629,eliminated,past,you (pl),di
13602,3629,eliminated,past,they,di
13603,3629,will eliminate,future,I,gelecek
13604,3629,will eliminate,future,you,gelecek
13605,3629,will eliminate,future,he/she,gelecek
13606,3629,will eliminate,future,we,gelecek
13607,3629,will eliminate,future,you (pl),gelecek
13608,3629,will eliminate,future,they,gelecek
13609,3632,recruit,present,I,şimdi
13610,3632,recruit,present,you,şimdi
13611,3632,recruits,present,he/she,şimdi
13612,3632,recruit,present,we,şimdi
13613,3632,recruit,present,you (pl),şimdi
13614,3632,recruit,present,they,şimdi
13615,3632,recruited,past,I,di
13616,3632,recruited,past,you,di
13617,3632,recruited,past,he/she,di
13618,3632,recruited,past,we,di
13619,3632,recruited,past,you (pl),di
13620,3632,recruited,past,they,di
13621,3632,will recruit,future,I,gelecek
13622,3632,will recruit,future,you,gelecek
13623,3632,will recruit,future,he/she,gelecek
13624,3632,will recruit,future,we,gelecek
13625,3632,will recruit,future,you (pl),gelecek
13626,3632,will recruit,future,they,gelecek
13627,3633,exclude,present,I,şimdi
13628,3633,exclude,present,you,şimdi
13629,3633,excludes,present,he/she,şimdi
13630,3633,exclude,present,we,şimdi
13631,3633,exclude,present,you (pl),şimdi
13632,3633,exclude,present,they,şimdi
13633,3633,excluded,past,I,di
13634,3633,excluded,past,you,di
13635,3633,excluded,past,he/she,di
13636,3633,excluded,past,we,di
13637,3633,excluded,past,you (pl),di
13638,3633,excluded,past,they,di
13639,3633,will exclude,future,I,gelecek
13640,3633,will exclude,future,you,gelecek
13641,3633,will exclude,future,he/she,gelecek
13642,3633,will exclude,future,we,gelecek
13643,3633,will exclude,future,you (pl),gelecek
13644,3633,will exclude,future,they,gelecek
13645,3635,persuade,present,I,şimdi
13646,3635,persuade,present,you,şimdi
13647,3635,persuades,present,he/she,şimdi
13648,3635,persuade,present,we,şimdi
13649,3635,persuade,present,you (pl),şimdi
13650,3635,persuade,present,they,şimdi
13651,3635,persuaded,past,I,di
13652,3635,persuaded,past,you,di
13653,3635,persuaded,past,he/she,di
13654,3635,persuaded,past,we,di
13655,3635,persuaded,past,you (pl),di
13656,3635,persuaded,past,they,di
13657,3635,will persuade,future,I,gelecek
13658,3635,will persuade,future,you,gelecek
13659,3635,will persuade,future,he/she,gelecek
13660,3635,will persuade,future,we,gelecek
13661,3635,will persuade,future,you (pl),gelecek
13662,3635,will persuade,future,they,gelecek
13663,3641,assist,present,I,şimdi
13664,3641,assist,present,you,şimdi
13665,3641,assists,present,he/she,şimdi
13666,3641,assist,present,we,şimdi
13667,3641,assist,present,you (pl),şimdi
13668,3641,assist,present,they,şimdi
13669,3641,assisted,past,I,di
13670,3641,assisted,past,you,di
13671,3641,assisted,past,he/she,di
13672,3641,assisted,past,we,di
13673,3641,assisted,past,you (pl),di
13674,3641,assisted,past,they,di
13675,3641,will assist,future,I,gelecek
13676,3641,will assist,future,you,gelecek
13677,3641,will assist,future,he/she,gelecek
13678,3641,will assist,future,we,gelecek
13679,3641,will assist,future,you (pl),gelecek
13680,3641,will assist,future,they,gelecek
13681,3642,restore,present,I,şimdi
13682,3642,restore,present,you,şimdi
13683,3642,restores,present,he/she,şimdi
13684,3642,restore,present,we,şimdi
13685,3642,restore,present,you (pl),şimdi
13686,3642,restore,present,they,şimdi
13687,3642,restored,past,I,di
13688,3642,restored,past,you,di
13689,3642,restored,past,he/she,di
13690,3642,restored,past,we,di
13691,3642,restored,past,you (pl),di
13692,3642,restored,past,they,di
13693,3642,will restore,future,I,gelecek
13694,3642,will restore,future,you,gelecek
13695,3642,will restore,future,he/she,gelecek
13696,3642,will restore,future,we,gelecek
13697,3642,will restore,future,you (pl),gelecek
13698,3642,will restore,future,they,gelecek
13699,3644,alter,present,I,şimdi
13700,3644,alter,present,you,şimdi
13701,3644,alters,present,he/she,şimdi
13702,3644,alter,present,we,şimdi
13703,3644,alter,present,you (pl),şimdi
13704,3644,alter,present,they,şimdi
13705,3644,altered,past,I,di
13706,3644,altered,past,you,di
13707,3644,altered,past,he/she,di
13708,3644,altered,past,we,di
13709,3644,altered,past,you (pl),di
13710,3644,altered,past,they,di
13711,3644,will alter,future,I,gelecek
13712,3644,will alter,future,you,gelecek
13713,3644,will alter,future,he/she,gelecek
13714,3644,will alter,future,we,gelecek
13715,3644,will alter,future,you (pl),gelecek
13716,3644,will alter,future,they,gelecek
13717,3645,perceive,present,I,şimdi
13718,3645,perceive,present,you,şimdi
13719,3645,perceives,present,he/she,şimdi
13720,3645,perceive,present,we,şimdi
13721,3645,perceive,present,you (pl),şimdi
13722,3645,perceive,present,they,şimdi
13723,3645,perceived,past,I,di
13724,3645,perceived,past,you,di
13725,3645,perceived,past,he/she,di
13726,3645,perceived,past,we,di
13727,3645,perceived,past,you (pl),di
13728,3645,perceived,past,they,di
13729,3645,will perceive,future,I,gelecek
13730,3645,will perceive,future,you,gelecek
13731,3645,will perceive,future,he/she,gelecek
13732,3645,will perceive,future,we,gelecek
13733,3645,will perceive,future,you (pl),gelecek
13734,3645,will perceive,future,they,gelecek
13735,3648,convert,present,I,şimdi
13736,3648,convert,present,you,şimdi
13737,3648,converts,present,he/she,şimdi
13738,3648,convert,present,we,şimdi
13739,3648,convert,present,you (pl),şimdi
13740,3648,convert,present,they,şimdi
13741,3648,converted,past,I,di
13742,3648,converted,past,you,di
13743,3648,converted,past,he/she,di
13744,3648,converted,past,we,di
13745,3648,converted,past,you (pl),di
13746,3648,converted,past,they,di
13747,3648,will convert,future,I,gelecek
13748,3648,will convert,future,you,gelecek
13749,3648,will convert,future,he/she,gelecek
13750,3648,will convert,future,we,gelecek
13751,3648,will convert,future,you (pl),gelecek
13752,3648,will convert,future,they,gelecek
13753,3653,sail,present,I,şimdi
13754,3653,sail,present,you,şimdi
13755,3653,sails,present,he/she,şimdi
13756,3653,sail,present,we,şimdi
13757,3653,sail,present,you (pl),şimdi
13758,3653,sail,present,they,şimdi
13759,3653,sailed,past,I,di
13760,3653,sailed,past,you,di
13761,3653,sailed,past,he/she,di
13762,3653,sailed,past,we,di
13763,3653,sailed,past,you (pl),di
13764,3653,sailed,past,they,di
13765,3653,will sail,future,I,gelecek
13766,3653,will sail,future,you,gelecek
13767,3653,will sail,future,he/she,gelecek
13768,3653,will sail,future,we,gelecek
13769,3653,will sail,future,you (pl),gelecek
13770,3653,will sail,future,they,gelecek
13771,3656,devote,present,I,şimdi
13772,3656,devote,present,you,şimdi
13773,3656,devotes,present,he/she,şimdi
13774,3656,devote,present,we,şimdi
13775,3656,devote,present,you (pl),şimdi
13776,3656,devote,present,they,şimdi
13777,3656,devoted,past,I,di
13778,3656,devoted,past,you,di
13779,3656,devoted,past,he/she,di
13780,3656,devoted,past,we,di
13781,3656,devoted,past,you (pl),di
13782,3656,devoted,past,they,di
13783,3656,will devote,future,I,gelecek
13784,3656,will devote,future,you,gelecek
13785,3656,will devote,future,he/she,gelecek
13786,3656,will devote,future,we,gelecek
13787,3656,will devote,future,you (pl),gelecek
13788,3656,will devote,future,they,gelecek
13789,3659,fascinate,present,I,şimdi
13790,3659,fascinate,present,you,şimdi
13791,3659,fascinates,present,he/she,şimdi
13792,3659,fascinate,present,we,şimdi
13793,3659,fascinate,present,you (pl),şimdi
13794,3659,fascinate,present,they,şimdi
13795,3659,fascinated,past,I,di
13796,3659,fascinated,past,you,di
13797,3659,fascinated,past,he/she,di
13798,3659,fascinated,past,we,di
13799,3659,fascinated,past,you (pl),di
13800,3659,fascinated,past,they,di
13801,3659,will fascinate,future,I,gelecek
13802,3659,will fascinate,future,you,gelecek
13803,3659,will fascinate,future,he/she,gelecek
13804,3659,will fascinate,future,we,gelecek
13805,3659,will fascinate,future,you (pl),gelecek
13806,3659,will fascinate,future,they,gelecek
13807,3663,underlie,present,I,şimdi
13808,3663,underlie,present,you,şimdi
13809,3663,underlies,present,he/she,şimdi
13810,3663,underlie,present,we,şimdi
13811,3663,underlie,present,you (pl),şimdi
13812,3663,underlie,present,they,şimdi
13813,3663,underlied,past,I,di
13814,3663,underlied,past,you,di
13815,3663,underlied,past,he/she,di
13816,3663,underlied,past,we,di
13817,3663,underlied,past,you (pl),di
13818,3663,underlied,past,they,di
13819,3663,will underlie,future,I,gelecek
13820,3663,will underlie,future,you,gelecek
13821,3663,will underlie,future,he/she,gelecek
13822,3663,will underlie,future,we,gelecek
13823,3663,will underlie,future,you (pl),gelecek
13824,3663,will underlie,future,they,gelecek
13825,3667,incorporate,present,I,şimdi
13826,3667,incorporate,present,you,şimdi
13827,3667,incorporates,present,he/she,şimdi
13828,3667,incorporate,present,we,şimdi
13829,3667,incorporate,present,you (pl),şimdi
13830,3667,incorporate,present,they,şimdi
13831,3667,incorporated,past,I,di
13832,3667,incorporated,past,you,di
13833,3667,incorporated,past,he/she,di
13834,3667,incorporated,past,we,di
13835,3667,incorporated,past,you (pl),di
13836,3667,incorporated,past,they,di
13837,3667,will incorporate,future,I,gelecek
13838,3667,will incorporate,future,you,gelecek
13839,3667,will incorporate,future,he/she,gelecek
13840,3667,will incorporate,future,we,gelecek
13841,3667,will incorporate,future,you (pl),gelecek
13842,3667,will incorporate,future,they,gelecek
13843,3668,sweep,present,I,şimdi
13844,3668,sweep,present,you,şimdi
13845,3668,sweeps,present,he/she,şimdi
13846,3668,sweep,present,we,şimdi
13847,3668,sweep,present,you (pl),şimdi
13848,3668,sweep,present,they,şimdi
13849,3668,swept,past,I,di
13850,3668,swept,past,you,di
13851,3668,swept,past,he/she,di
13852,3668,swept,past,we,di
13853,3668,swept,past,you (pl),di
13854,3668,swept,past,they,di
13855,3668,will sweep,future,I,gelecek
13856,3668,will sweep,future,you,gelecek
13857,3668,will sweep,future,he/she,gelecek
13858,3668,will sweep,future,we,gelecek
13859,3668,will sweep,future,you (pl),gelecek
13860,3668,will sweep,future,they,gelecek
13861,3671,evaluate,present,I,şimdi
13862,3671,evaluate,present,you,şimdi
13863,3671,evaluates,present,he/she,şimdi
13864,3671,evaluate,present,we,şimdi
13865,3671,evaluate,present,you (pl),şimdi
13866,3671,evaluate,present,they,şimdi
13867,3671,evaluated,past,I,di
13868,3671,evaluated,past,you,di
13869,3671,evaluated,past,he/she,di
13870,3671,evaluated,past,we,di
13871,3671,evaluated,past,you (pl),di
13872,3671,evaluated,past,they,di
13873,3671,will evaluate,future,I,gelecek
13874,3671,will evaluate,future,you,gelecek
13875,3671,will evaluate,future,he/she,gelecek
13876,3671,will evaluate,future,we,gelecek
13877,3671,will evaluate,future,you (pl),gelecek
13878,3671,will evaluate,future,they,gelecek
13879,3684,scare,present,I,şimdi
13880,3684,scare,present,you,şimdi
13881,3684,scares,present,he/she,şimdi
13882,3684,scare,present,we,şimdi
13883,3684,scare,present,you (pl),şimdi
13884,3684,scare,present,they,şimdi
13885,3684,scared,past,I,di
13886,3684,scared,past,you,di
13887,3684,scared,past,he/she,di
13888,3684,scared,past,we,di
13889,3684,scared,past,you (pl),di
13890,3684,scared,past,they,di
13891,3684,will scare,future,I,gelecek
13892,3684,will scare,future,you,gelecek
13893,3684,will scare,future,he/she,gelecek
13894,3684,will scare,future,we,gelecek
13895,3684,will scare,future,you (pl),gelecek
13896,3684,will scare,future,they,gelecek
13897,3688,scream,present,I,şimdi
13898,3688,scream,present,you,şimdi
13899,3688,screams,present,he/she,şimdi
13900,3688,scream,present,we,şimdi
13901,3688,scream,present,you (pl),şimdi
13902,3688,scream,present,they,şimdi
13903,3688,screamed,past,I,di
13904,3688,screamed,past,you,di
13905,3688,screamed,past,he/she,di
13906,3688,screamed,past,we,di
13907,3688,screamed,past,you (pl),di
13908,3688,screamed,past,they,di
13909,3688,will scream,future,I,gelecek
13910,3688,will scream,future,you,gelecek
13911,3688,will scream,future,he/she,gelecek
13912,3688,will scream,future,we,gelecek
13913,3688,will scream,future,you (pl),gelecek
13914,3688,will scream,future,they,gelecek
13915,3694,transform,present,I,şimdi
13916,3694,transform,present,you,şimdi
13917,3694,transforms,present,he/she,şimdi
13918,3694,transform,present,we,şimdi
13919,3694,transform,present,you (pl),şimdi
13920,3694,transform,present,they,şimdi
13921,3694,transformed,past,I,di
13922,3694,transformed,past,you,di
13923,3694,transformed,past,he/she,di
13924,3694,transformed,past,we,di
13925,3694,transformed,past,you (pl),di
13926,3694,transformed,past,they,di
13927,3694,will transform,future,I,gelecek
13928,3694,will transform,future,you,gelecek
13929,3694,will transform,future,he/she,gelecek
13930,3694,will transform,future,we,gelecek
13931,3694,will transform,future,you (pl),gelecek
13932,3694,will transform,future,they,gelecek
13933,3697,strain,present,I,şimdi
13934,3697,strain,present,you,şimdi
13935,3697,strains,present,he/she,şimdi
13936,3697,strain,present,we,şimdi
13937,3697,strain,present,you (pl),şimdi
13938,3697,strain,present,they,şimdi
13939,3697,strained,past,I,di
13940,3697,strained,past,you,di
13941,3697,strained,past,he/she,di
13942,3697,strained,past,we,di
13943,3697,strained,past,you (pl),di
13944,3697,strained,past,they,di
13945,3697,will strain,future,I,gelecek
13946,3697,will strain,future,you,gelecek
13947,3697,will strain,future,he/she,gelecek
13948,3697,will strain,future,we,gelecek
13949,3697,will strain,future,you (pl),gelecek
13950,3697,will strain,future,they,gelecek
13951,3699,trail,present,I,şimdi
13952,3699,trail,present,you,şimdi
13953,3699,trails,present,he/she,şimdi
13954,3699,trail,present,we,şimdi
13955,3699,trail,present,you (pl),şimdi
13956,3699,trail,present,they,şimdi
13957,3699,trailed,past,I,di
13958,3699,trailed,past,you,di
13959,3699,trailed,past,he/she,di
13960,3699,trailed,past,we,di
13961,3699,trailed,past,you (pl),di
13962,3699,trailed,past,they,di
13963,3699,will trail,future,I,gelecek
13964,3699,will trail,future,you,gelecek
13965,3699,will trail,future,he/she,gelecek
13966,3699,will trail,future,we,gelecek
13967,3699,will trail,future,you (pl),gelecek
13968,3699,will trail,future,they,gelecek
13969,3700,trap,present,I,şimdi
13970,3700,trap,present,you,şimdi
13971,3700,traps,present,he/she,şimdi
13972,3700,trap,present,we,şimdi
13973,3700,trap,present,you (pl),şimdi
13974,3700,trap,present,they,şimdi
13975,3700,trapped,past,I,di
13976,3700,trapped,past,you,di
13977,3700,trapped,past,he/she,di
13978,3700,trapped,past,we,di
13979,3700,trapped,past,you (pl),di
13980,3700,trapped,past,they,di
13981,3700,will trap,future,I,gelecek
13982,3700,will trap,future,you,gelecek
13983,3700,will trap,future,he/she,gelecek
13984,3700,will trap,future,we,gelecek
13985,3700,will trap,future,you (pl),gelecek
13986,3700,will trap,future,they,gelecek
13987,3710,frighten,present,I,şimdi
13988,3710,frighten,present,you,şimdi
13989,3710,frightens,present,he/she,şimdi
13990,3710,frighten,present,we,şimdi
13991,3710,frighten,present,you (pl),şimdi
13992,3710,frighten,present,they,şimdi
13993,3710,frightened,past,I,di
13994,3710,frightened,past,you,di
13995,3710,frightened,past,he/she,di
13996,3710,frightened,past,we,di
13997,3710,frightened,past,you (pl),di
13998,3710,frightened,past,they,di
13999,3710,will frighten,future,I,gelecek
14000,3710,will frighten,future,you,gelecek
14001,3710,will frighten,future,he/she,gelecek
14002,3710,will frighten,future,we,gelecek
14003,3710,will frighten,future,you (pl),gelecek
14004,3710,will frighten,future,they,gelecek
14005,3711,bid,present,I,şimdi
14006,3711,bid,present,you,şimdi
14007,3711,bids,present,he/she,şimdi
14008,3711,bid,present,we,şimdi
14009,3711,bid,present,you (pl),şimdi
14010,3711,bid,present,they,şimdi
14011,3711,bidded,past,I,di
14012,3711,bidded,past,you,di
14013,3711,bidded,past,he/she,di
14014,3711,bidded,past,we,di
14015,3711,bidded,past,you (pl),di
14016,3711,bidded,past,they,di
14017,3711,will bid,future,I,gelecek
14018,3711,will bid,future,you,gelecek
14019,3711,will bid,future,he/she,gelecek
14020,3711,will bid,future,we,gelecek
14021,3711,will bid,future,you (pl),gelecek
14022,3711,will bid,future,they,gelecek
14023,3712,breed,present,I,şimdi
14024,3712,breed,present,you,şimdi
14025,3712,breeds,present,he/she,şimdi
14026,3712,breed,present,we,şimdi
14027,3712,breed,present,you (pl),şimdi
14028,3712,breed,present,they,şimdi
14029,3712,bred,past,I,di
14030,3712,bred,past,you,di
14031,3712,bred,past,he/she,di
14032,3712,bred,past,we,di
14033,3712,bred,past,you (pl),di
14034,3712,bred,past,they,di
14035,3712,will breed,future,I,gelecek
14036,3712,will breed,future,you,gelecek
14037,3712,will breed,future,he/she,gelecek
14038,3712,will breed,future,we,gelecek
14039,3712,will breed,future,you (pl),gelecek
14040,3712,will breed,future,they,gelecek
14041,3719,pose,present,I,şimdi
14042,3719,pose,present,you,şimdi
14043,3719,poses,present,he/she,şimdi
14044,3719,pose,present,we,şimdi
14045,3719,pose,present,you (pl),şimdi
14046,3719,pose,present,they,şimdi
14047,3719,posed,past,I,di
14048,3719,posed,past,you,di
14049,3719,posed,past,he/she,di
14050,3719,posed,past,we,di
14051,3719,posed,past,you (pl),di
14052,3719,posed,past,they,di
14053,3719,will pose,future,I,gelecek
14054,3719,will pose,future,you,gelecek
14055,3719,will pose,future,he/she,gelecek
14056,3719,will pose,future,we,gelecek
14057,3719,will pose,future,you (pl),gelecek
14058,3719,will pose,future,they,gelecek
14059,3720,adjust,present,I,şimdi
14060,3720,adjust,present,you,şimdi
14061,3720,adjusts,present,he/she,şimdi
14062,3720,adjust,present,we,şimdi
14063,3720,adjust,present,you (pl),şimdi
14064,3720,adjust,present,they,şimdi
14065,3720,adjusted,past,I,di
14066,3720,adjusted,past,you,di
14067,3720,adjusted,past,he/she,di
14068,3720,adjusted,past,we,di
14069,3720,adjusted,past,you (pl),di
14070,3720,adjusted,past,they,di
14071,3720,will adjust,future,I,gelecek
14072,3720,will adjust,future,you,gelecek
14073,3720,will adjust,future,he/she,gelecek
14074,3720,will adjust,future,we,gelecek
14075,3720,will adjust,future,you (pl),gelecek
14076,3720,will adjust,future,they,gelecek
14077,3729,overcome,present,I,şimdi
14078,3729,overcome,present,you,şimdi
14079,3729,overcomes,present,he/she,şimdi
14080,3729,overcome,present,we,şimdi
14081,3729,overcome,present,you (pl),şimdi
14082,3729,overcome,present,they,şimdi
14083,3729,overcomed,past,I,di
14084,3729,overcomed,past,you,di
14085,3729,overcomed,past,he/she,di
14086,3729,overcomed,past,we,di
14087,3729,overcomed,past,you (pl),di
14088,3729,overcomed,past,they,di
14089,3729,will overcome,future,I,gelecek
14090,3729,will overcome,future,you,gelecek
14091,3729,will overcome,future,he/she,gelecek
14092,3729,will overcome,future,we,gelecek
14093,3729,will overcome,future,you (pl),gelecek
14094,3729,will overcome,future,they,gelecek
14095,3738,interpret,present,I,şimdi
14096,3738,interpret,present,you,şimdi
14097,3738,interprets,present,he/she,şimdi
14098,3738,interpret,present,we,şimdi
14099,3738,interpret,present,you (pl),şimdi
14100,3738,interpret,present,they,şimdi
14101,3738,interpreted,past,I,di
14102,3738,interpreted,past,you,di
14103,3738,interpreted,past,he/she,di
14104,3738,interpreted,past,we,di
14105,3738,interpreted,past,you (pl),di
14106,3738,interpreted,past,they,di
14107,3738,will interpret,future,I,gelecek
14108,3738,will interpret,future,you,gelecek
14109,3738,will interpret,future,he/she,gelecek
14110,3738,will interpret,future,we,gelecek
14111,3738,will interpret,future,you (pl),gelecek
14112,3738,will interpret,future,they,gelecek
14113,3741,harm,present,I,şimdi
14114,3741,harm,present,you,şimdi
14115,3741,harms,present,he/she,şimdi
14116,3741,harm,present,we,şimdi
14117,3741,harm,present,you (pl),şimdi
14118,3741,harm,present,they,şimdi
14119,3741,harmed,past,I,di
14120,3741,harmed,past,you,di
14121,3741,harmed,past,he/she,di
14122,3741,harmed,past,we,di
14123,3741,harmed,past,you (pl),di
14124,3741,harmed,past,they,di
14125,3741,will harm,future,I,gelecek
14126,3741,will harm,future,you,gelecek
14127,3741,will harm,future,he/she,gelecek
14128,3741,will harm,future,we,gelecek
14129,3741,will harm,future,you (pl),gelecek
14130,3741,will harm,future,they,gelecek
14131,3742,consult,present,I,şimdi
14132,3742,consult,present,you,şimdi
14133,3742,consults,present,he/she,şimdi
14134,3742,consult,present,we,şimdi
14135,3742,consult,present,you (pl),şimdi
14136,3742,consult,present,they,şimdi
14137,3742,consulted,past,I,di
14138,3742,consulted,past,you,di
14139,3742,consulted,past,he/she,di
14140,3742,consulted,past,we,di
14141,3742,consulted,past,you (pl),di
14142,3742,consulted,past,they,di
14143,3742,will consult,future,I,gelecek
14144,3742,will consult,future,you,gelecek
14145,3742,will consult,future,he/she,gelecek
14146,3742,will consult,future,we,gelecek
14147,3742,will consult,future,you (pl),gelecek
14148,3742,will consult,future,they,gelecek
14149,3744,strip,present,I,şimdi
14150,3744,strip,present,you,şimdi
14151,3744,strips,present,he/she,şimdi
14152,3744,strip,present,we,şimdi
14153,3744,strip,present,you (pl),şimdi
14154,3744,strip,present,they,şimdi
14155,3744,stripped,past,I,di
14156,3744,stripped,past,you,di
14157,3744,stripped,past,he/she,di
14158,3744,stripped,past,we,di
14159,3744,stripped,past,you (pl),di
14160,3744,stripped,past,they,di
14161,3744,will strip,future,I,gelecek
14162,3744,will strip,future,you,gelecek
14163,3744,will strip,future,he/she,gelecek
14164,3744,will strip,future,we,gelecek
14165,3744,will strip,future,you (pl),gelecek
14166,3744,will strip,future,they,gelecek
14167,3747,impress,present,I,şimdi
14168,3747,impress,present,you,şimdi
14169,3747,impresses,present,he/she,şimdi
14170,3747,impress,present,we,şimdi
14171,3747,impress,present,you (pl),şimdi
14172,3747,impress,present,they,şimdi
14173,3747,impressed,past,I,di
14174,3747,impressed,past,you,di
14175,3747,impressed,past,he/she,di
14176,3747,impressed,past,we,di
14177,3747,impressed,past,you (pl),di
14178,3747,impressed,past,they,di
14179,3747,will impress,future,I,gelecek
14180,3747,will impress,future,you,gelecek
14181,3747,will impress,future,he/she,gelecek
14182,3747,will impress,future,we,gelecek
14183,3747,will impress,future,you (pl),gelecek
14184,3747,will impress,future,they,gelecek
14185,3751,behave,present,I,şimdi
14186,3751,behave,present,you,şimdi
14187,3751,behaves,present,he/she,şimdi
14188,3751,behave,present,we,şimdi
14189,3751,behave,present,you (pl),şimdi
14190,3751,behave,present,they,şimdi
14191,3751,behaved,past,I,di
14192,3751,behaved,past,you,di
14193,3751,behaved,past,he/she,di
14194,3751,behaved,past,we,di
14195,3751,behaved,past,you (pl),di
14196,3751,behaved,past,they,di
14197,3751,will behave,future,I,gelecek
14198,3751,will behave,future,you,gelecek
14199,3751,will behave,future,he/she,gelecek
14200,3751,will behave,future,we,gelecek
14201,3751,will behave,future,you (pl),gelecek
14202,3751,will behave,future,they,gelecek
14203,3765,bend,present,I,şimdi
14204,3765,bend,present,you,şimdi
14205,3765,bends,present,he/she,şimdi
14206,3765,bend,present,we,şimdi
14207,3765,bend,present,you (pl),şimdi
14208,3765,bend,present,they,şimdi
14209,3765,bent,past,I,di
14210,3765,bent,past,you,di
14211,3765,bent,past,he/she,di
14212,3765,bent,past,we,di
14213,3765,bent,past,you (pl),di
14214,3765,bent,past,they,di
14215,3765,will bend,future,I,gelecek
14216,3765,will bend,future,you,gelecek
14217,3765,will bend,future,he/she,gelecek
14218,3765,will bend,future,we,gelecek
14219,3765,will bend,future,you (pl),gelecek
14220,3765,will bend,future,they,gelecek
14221,3769,disturb,present,I,şimdi
14222,3769,disturb,present,you,şimdi
14223,3769,disturbs,present,he/she,şimdi
14224,3769,disturb,present,we,şimdi
14225,3769,disturb,present,you (pl),şimdi
14226,3769,disturb,present,they,şimdi
14227,3769,disturbed,past,I,di
14228,3769,disturbed,past,you,di
14229,3769,disturbed,past,he/she,di
14230,3769,disturbed,past,we,di
14231,3769,disturbed,past,you (pl),di
14232,3769,disturbed,past,they,di
14233,3769,will disturb,future,I,gelecek
14234,3769,will disturb,future,you,gelecek
14235,3769,will disturb,future,he/she,gelecek
14236,3769,will disturb,future,we,gelecek
14237,3769,will disturb,future,you (pl),gelecek
14238,3769,will disturb,future,they,gelecek
14239,3770,sustain,present,I,şimdi
14240,3770,sustain,present,you,şimdi
14241,3770,sustains,present,he/she,şimdi
14242,3770,sustain,present,we,şimdi
14243,3770,sustain,present,you (pl),şimdi
14244,3770,sustain,present,they,şimdi
14245,3770,sustained,past,I,di
14246,3770,sustained,past,you,di
14247,3770,sustained,past,he/she,di
14248,3770,sustained,past,we,di
14249,3770,sustained,past,you (pl),di
14250,3770,sustained,past,they,di
14251,3770,will sustain,future,I,gelecek
14252,3770,will sustain,future,you,gelecek
14253,3770,will sustain,future,he/she,gelecek
14254,3770,will sustain,future,we,gelecek
14255,3770,will sustain,future,you (pl),gelecek
14256,3770,will sustain,future,they,gelecek
14257,3773,cite,present,I,şimdi
14258,3773,cite,present,you,şimdi
14259,3773,cites,present,he/she,şimdi
14260,3773,cite,present,we,şimdi
14261,3773,cite,present,you (pl),şimdi
14262,3773,cite,present,they,şimdi
14263,3773,cited,past,I,di
14264,3773,cited,past,you,di
14265,3773,cited,past,he/she,di
14266,3773,cited,past,we,di
14267,3773,cited,past,you (pl),di
14268,3773,cited,past,they,di
14269,3773,will cite,future,I,gelecek
14270,3773,will cite,future,you,gelecek
14271,3773,will cite,future,he/she,gelecek
14272,3773,will cite,future,we,gelecek
14273,3773,will cite,future,you (pl),gelecek
14274,3773,will cite,future,they,gelecek
14275,3777,sponsor,present,I,şimdi
14276,3777,sponsor,present,you,şimdi
14277,3777,sponsors,present,he/she,şimdi
14278,3777,sponsor,present,we,şimdi
14279,3777,sponsor,present,you (pl),şimdi
14280,3777,sponsor,present,they,şimdi
14281,3777,sponsored,past,I,di
14282,3777,sponsored,past,you,di
14283,3777,sponsored,past,he/she,di
14284,3777,sponsored,past,we,di
14285,3777,sponsored,past,you (pl),di
14286,3777,sponsored,past,they,di
14287,3777,will sponsor,future,I,gelecek
14288,3777,will sponsor,future,you,gelecek
14289,3777,will sponsor,future,he/she,gelecek
14290,3777,will sponsor,future,we,gelecek
14291,3777,will sponsor,future,you (pl),gelecek
14292,3777,will sponsor,future,they,gelecek
14293,3788,criticize,present,I,şimdi
14294,3788,criticize,present,you,şimdi
14295,3788,criticizes,present,he/she,şimdi
14296,3788,criticize,present,we,şimdi
14297,3788,criticize,present,you (pl),şimdi
14298,3788,criticize,present,they,şimdi
14299,3788,criticized,past,I,di
14300,3788,criticized,past,you,di
14301,3788,criticized,past,he/she,di
14302,3788,criticized,past,we,di
14303,3788,criticized,past,you (pl),di
14304,3788,criticized,past,they,di
14305,3788,will criticize,future,I,gelecek
14306,3788,will criticize,future,you,gelecek
14307,3788,will criticize,future,he/she,gelecek
14308,3788,will criticize,future,we,gelecek
14309,3788,will criticize,future,you (pl),gelecek
14310,3788,will criticize,future,they,gelecek
14311,3789,tap,present,I,şimdi
14312,3789,tap,present,you,şimdi
14313,3789,taps,present,he/she,şimdi
14314,3789,tap,present,we,şimdi
14315,3789,tap,present,you (pl),şimdi
14316,3789,tap,present,they,şimdi
14317,3789,tapped,past,I,di
14318,3789,tapped,past,you,di
14319,3789,tapped,past,he/she,di
14320,3789,tapped,past,we,di
14321,3789,tapped,past,you (pl),di
14322,3789,tapped,past,they,di
14323,3789,will tap,future,I,gelecek
14324,3789,will tap,future,you,gelecek
14325,3789,will tap,future,he/she,gelecek
14326,3789,will tap,future,we,gelecek
14327,3789,will tap,future,you (pl),gelecek
14328,3789,will tap,future,they,gelecek
14329,3792,attribute,present,I,şimdi
14330,3792,attribute,present,you,şimdi
14331,3792,attributes,present,he/she,şimdi
14332,3792,attribute,present,we,şimdi
14333,3792,attribute,present,you (pl),şimdi
14334,3792,attribute,present,they,şimdi
14335,3792,attributed,past,I,di
14336,3792,attributed,past,you,di
14337,3792,attributed,past,he/she,di
14338,3792,attributed,past,we,di
14339,3792,attributed,past,you (pl),di
14340,3792,attributed,past,they,di
14341,3792,will attribute,future,I,gelecek
14342,3792,will attribute,future,you,gelecek
14343,3792,will attribute,future,he/she,gelecek
14344,3792,will attribute,future,we,gelecek
14345,3792,will attribute,future,you (pl),gelecek
14346,3792,will attribute,future,they,gelecek
14347,3793,apologize,present,I,şimdi
14348,3793,apologize,present,you,şimdi
14349,3793,apologizes,present,he/she,şimdi
14350,3793,apologize,present,we,şimdi
14351,3793,apologize,present,you (pl),şimdi
14352,3793,apologize,present,they,şimdi
14353,3793,apologized,past,I,di
14354,3793,apologized,past,you,di
14355,3793,apologized,past,he/she,di
14356,3793,apologized,past,we,di
14357,3793,apologized,past,you (pl),di
14358,3793,apologized,past,they,di
14359,3793,will apologize,future,I,gelecek
14360,3793,will apologize,future,you,gelecek
14361,3793,will apologize,future,he/she,gelecek
14362,3793,will apologize,future,we,gelecek
14363,3793,will apologize,future,you (pl),gelecek
14364,3793,will apologize,future,they,gelecek
14365,3795,grab,present,I,şimdi
14366,3795,grab,present,you,şimdi
14367,3795,grabs,present,he/she,şimdi
14368,3795,grab,present,we,şimdi
14369,3795,grab,present,you (pl),şimdi
14370,3795,grab,present,they,şimdi
14371,3795,grabbed,past,I,di
14372,3795,grabbed,past,you,di
14373,3795,grabbed,past,he/she,di
14374,3795,grabbed,past,we,di
14375,3795,grabbed,past,you (pl),di
14376,3795,grabbed,past,they,di
14377,3795,will grab,future,I,gelecek
14378,3795,will grab,future,you,gelecek
14379,3795,will grab,future,he/she,gelecek
14380,3795,will grab,future,we,gelecek
14381,3795,will grab,future,you (pl),gelecek
14382,3795,will grab,future,they,gelecek
14383,3796,entitle,present,I,şimdi
14384,3796,entitle,present,you,şimdi
14385,3796,entitles,present,he/she,şimdi
14386,3796,entitle,present,we,şimdi
14387,3796,entitle,present,you (pl),şimdi
14388,3796,entitle,present,they,şimdi
14389,3796,entitled,past,I,di
14390,3796,entitled,past,you,di
14391,3796,entitled,past,he/she,di
14392,3796,entitled,past,we,di
14393,3796,entitled,past,you (pl),di
14394,3796,entitled,past,they,di
14395,3796,will entitle,future,I,gelecek
14396,3796,will entitle,future,you,gelecek
14397,3796,will entitle,future,he/she,gelecek
14398,3796,will entitle,future,we,gelecek
14399,3796,will entitle,future,you (pl),gelecek
14400,3796,will entitle,future,they,gelecek
14401,3801,edit,present,I,şimdi
14402,3801,edit,present,you,şimdi
14403,3801,edits,present,he/she,şimdi
14404,3801,edit,present,we,şimdi
14405,3801,edit,present,you (pl),şimdi
14406,3801,edit,present,they,şimdi
14407,3801,edited,past,I,di
14408,3801,edited,past,you,di
14409,3801,edited,past,he/she,di
14410,3801,edited,past,we,di
14411,3801,edited,past,you (pl),di
14412,3801,edited,past,they,di
14413,3801,will edit,future,I,gelecek
14414,3801,will edit,future,you,gelecek
14415,3801,will edit,future,he/she,gelecek
14416,3801,will edit,future,we,gelecek
14417,3801,will edit,future,you (pl),gelecek
14418,3801,will edit,future,they,gelecek
14419,3813,characterize,present,I,şimdi
14420,3813,characterize,present,you,şimdi
14421,3813,characterizes,present,he/she,şimdi
14422,3813,characterize,present,we,şimdi
14423,3813,characterize,present,you (pl),şimdi
14424,3813,characterize,present,they,şimdi
14425,3813,characterized,past,I,di
14426,3813,characterized,past,you,di
14427,3813,characterized,past,he/she,di
14428,3813,characterized,past,we,di
14429,3813,characterized,past,you (pl),di
14430,3813,characterized,past,they,di
14431,3813,will characterize,future,I,gelecek
14432,3813,will characterize,future,you,gelecek
14433,3813,will characterize,future,he/she,gelecek
14434,3813,will characterize,future,we,gelecek
14435,3813,will characterize,future,you (pl),gelecek
14436,3813,will characterize,future,they,gelecek
14437,3814,specify,present,I,şimdi
14438,3814,specify,present,you,şimdi
14439,3814,specifies,present,he/she,şimdi
14440,3814,specify,present,we,şimdi
14441,3814,specify,present,you (pl),şimdi
14442,3814,specify,present,they,şimdi
14443,3814,specified,past,I,di
14444,3814,specified,past,you,di
14445,3814,specified,past,he/she,di
14446,3814,specified,past,we,di
14447,3814,specified,past,you (pl),di
14448,3814,specified,past,they,di
14449,3814,will specify,future,I,gelecek
14450,3814,will specify,future,you,gelecek
14451,3814,will specify,future,he/she,gelecek
14452,3814,will specify,future,we,gelecek
14453,3814,will specify,future,you (pl),gelecek
14454,3814,will specify,future,they,gelecek
14455,3816,spin,present,I,şimdi
14456,3816,spin,present,you,şimdi
14457,3816,spins,present,he/she,şimdi
14458,3816,spin,present,we,şimdi
14459,3816,spin,present,you (pl),şimdi
14460,3816,spin,present,they,şimdi
14461,3816,spun,past,I,di
14462,3816,spun,past,you,di
14463,3816,spun,past,he/she,di
14464,3816,spun,past,we,di
14465,3816,spun,past,you (pl),di
14466,3816,spun,past,they,di
14467,3816,will spin,future,I,gelecek
14468,3816,will spin,future,you,gelecek
14469,3816,will spin,future,he/she,gelecek
14470,3816,will spin,future,we,gelecek
14471,3816,will spin,future,you (pl),gelecek
14472,3816,will spin,future,they,gelecek
14473,3819,dig,present,I,şimdi
14474,3819,dig,present,you,şimdi
14475,3819,digs,present,he/she,şimdi
14476,3819,dig,present,we,şimdi
14477,3819,dig,present,you (pl),şimdi
14478,3819,dig,present,they,şimdi
14479,3819,dug,past,I,di
14480,3819,dug,past,you,di
14481,3819,dug,past,he/she,di
14482,3819,dug,past,we,di
14483,3819,dug,past,you (pl),di
14484,3819,dug,past,they,di
14485,3819,will dig,future,I,gelecek
14486,3819,will dig,future,you,gelecek
14487,3819,will dig,future,he/she,gelecek
14488,3819,will dig,future,we,gelecek
14489,3819,will dig,future,you (pl),gelecek
14490,3819,will dig,future,they,gelecek
14491,3820,drag,present,I,şimdi
14492,3820,drag,present,you,şimdi
14493,3820,drags,present,he/she,şimdi
14494,3820,drag,present,we,şimdi
14495,3820,drag,present,you (pl),şimdi
14496,3820,drag,present,they,şimdi
14497,3820,dragged,past,I,di
14498,3820,dragged,past,you,di
14499,3820,dragged,past,he/she,di
14500,3820,dragged,past,we,di
14501,3820,dragged,past,you (pl),di
14502,3820,dragged,past,they,di
14503,3820,will drag,future,I,gelecek
14504,3820,will drag,future,you,gelecek
14505,3820,will drag,future,he/she,gelecek
14506,3820,will drag,future,we,gelecek
14507,3820,will drag,future,you (pl),gelecek
14508,3820,will drag,future,they,gelecek
14509,3821,mount,present,I,şimdi
14510,3821,mount,present,you,şimdi
14511,3821,mounts,present,he/she,şimdi
14512,3821,mount,present,we,şimdi
14513,3821,mount,present,you (pl),şimdi
14514,3821,mount,present,they,şimdi
14515,3821,mounted,past,I,di
14516,3821,mounted,past,you,di
14517,3821,mounted,past,he/she,di
14518,3821,mounted,past,we,di
14519,3821,mounted,past,you (pl),di
14520,3821,mounted,past,they,di
14521,3821,will mount,future,I,gelecek
14522,3821,will mount,future,you,gelecek
14523,3821,will mount,future,he/she,gelecek
14524,3821,will mount,future,we,gelecek
14525,3821,will mount,future,you (pl),gelecek
14526,3821,will mount,future,they,gelecek
14527,3822,wrap,present,I,şimdi
14528,3822,wrap,present,you,şimdi
14529,3822,wraps,present,he/she,şimdi
14530,3822,wrap,present,we,şimdi
14531,3822,wrap,present,you (pl),şimdi
14532,3822,wrap,present,they,şimdi
14533,3822,wrapped,past,I,di
14534,3822,wrapped,past,you,di
14535,3822,wrapped,past,he/she,di
14536,3822,wrapped,past,we,di
14537,3822,wrapped,past,you (pl),di
14538,3822,wrapped,past,they,di
14539,3822,will wrap,future,I,gelecek
14540,3822,will wrap,future,you,gelecek
14541,3822,will wrap,future,he/she,gelecek
14542,3822,will wrap,future,we,gelecek
14543,3822,will wrap,future,you (pl),gelecek
14544,3822,will wrap,future,they,gelecek
14545,3823,anticipate,present,I,şimdi
14546,3823,anticipate,present,you,şimdi
14547,3823,anticipates,present,he/she,şimdi
14548,3823,anticipate,present,we,şimdi
14549,3823,anticipate,present,you (pl),şimdi
14550,3823,anticipate,present,they,şimdi
14551,3823,anticipated,past,I,di
14552,3823,anticipated,past,you,di
14553,3823,anticipated,past,he/she,di
14554,3823,anticipated,past,we,di
14555,3823,anticipated,past,you (pl),di
14556,3823,anticipated,past,they,di
14557,3823,will anticipate,future,I,gelecek
14558,3823,will anticipate,future,you,gelecek
14559,3823,will anticipate,future,he/she,gelecek
14560,3823,will anticipate,future,we,gelecek
14561,3823,will anticipate,future,you (pl),gelecek
14562,3823,will anticipate,future,they,gelecek
14563,3825,specialize,present,I,şimdi
14564,3825,specialize,present,you,şimdi
14565,3825,specializes,present,he/she,şimdi
14566,3825,specialize,present,we,şimdi
14567,3825,specialize,present,you (pl),şimdi
14568,3825,specialize,present,they,şimdi
14569,3825,specialized,past,I,di
14570,3825,specialized,past,you,di
14571,3825,specialized,past,he/she,di
14572,3825,specialized,past,we,di
14573,3825,specialized,past,you (pl),di
14574,3825,specialized,past,they,di
14575,3825,will specialize,future,I,gelecek
14576,3825,will specialize,future,you,gelecek
14577,3825,will specialize,future,he/she,gelecek
14578,3825,will specialize,future,we,gelecek
14579,3825,will specialize,future,you (pl),gelecek
14580,3825,will specialize,future,they,gelecek
14581,3831,detect,present,I,şimdi
14582,3831,detect,present,you,şimdi
14583,3831,detects,present,he/she,şimdi
14584,3831,detect,present,we,şimdi
14585,3831,detect,present,you (pl),şimdi
14586,3831,detect,present,they,şimdi
14587,3831,detected,past,I,di
14588,3831,detected,past,you,di
14589,3831,detected,past,he/she,di
14590,3831,detected,past,we,di
14591,3831,detected,past,you (pl),di
14592,3831,detected,past,they,di
14593,3831,will detect,future,I,gelecek
14594,3831,will detect,future,you,gelecek
14595,3831,will detect,future,he/she,gelecek
14596,3831,will detect,future,we,gelecek
14597,3831,will detect,future,you (pl),gelecek
14598,3831,will detect,future,they,gelecek
14599,3832,admire,present,I,şimdi
14600,3832,admire,present,you,şimdi
14601,3832,admires,present,he/she,şimdi
14602,3832,admire,present,we,şimdi
14603,3832,admire,present,you (pl),şimdi
14604,3832,admire,present,they,şimdi
14605,3832,admired,past,I,di
14606,3832,admired,past,you,di
14607,3832,admired,past,he/she,di
14608,3832,admired,past,we,di
14609,3832,admired,past,you (pl),di
14610,3832,admired,past,they,di
14611,3832,will admire,future,I,gelecek
14612,3832,will admire,future,you,gelecek
14613,3832,will admire,future,he/she,gelecek
14614,3832,will admire,future,we,gelecek
14615,3832,will admire,future,you (pl),gelecek
14616,3832,will admire,future,they,gelecek
14617,3839,constitute,present,I,şimdi
14618,3839,constitute,present,you,şimdi
14619,3839,constitutes,present,he/she,şimdi
14620,3839,constitute,present,we,şimdi
14621,3839,constitute,present,you (pl),şimdi
14622,3839,constitute,present,they,şimdi
14623,3839,constituted,past,I,di
14624,3839,constituted,past,you,di
14625,3839,constituted,past,he/she,di
14626,3839,constituted,past,we,di
14627,3839,constituted,past,you (pl),di
14628,3839,constituted,past,they,di
14629,3839,will constitute,future,I,gelecek
14630,3839,will constitute,future,you,gelecek
14631,3839,will constitute,future,he/she,gelecek
14632,3839,will constitute,future,we,gelecek
14633,3839,will constitute,future,you (pl),gelecek
14634,3839,will constitute,future,they,gelecek
14635,3850,prompt,present,I,şimdi
14636,3850,prompt,present,you,şimdi
14637,3850,prompts,present,he/she,şimdi
14638,3850,prompt,present,we,şimdi
14639,3850,prompt,present,you (pl),şimdi
14640,3850,prompt,present,they,şimdi
14641,3850,prompted,past,I,di
14642,3850,prompted,past,you,di
14643,3850,prompted,past,he/she,di
14644,3850,prompted,past,we,di
14645,3850,prompted,past,you (pl),di
14646,3850,prompted,past,they,di
14647,3850,will prompt,future,I,gelecek
14648,3850,will prompt,future,you,gelecek
14649,3850,will prompt,future,he/she,gelecek
14650,3850,will prompt,future,we,gelecek
14651,3850,will prompt,future,you (pl),gelecek
14652,3850,will prompt,future,they,gelecek
14653,3852,react,present,I,şimdi
14654,3852,react,present,you,şimdi
14655,3852,reacts,present,he/she,şimdi
14656,3852,react,present,we,şimdi
14657,3852,react,present,you (pl),şimdi
14658,3852,react,present,they,şimdi
14659,3852,reacted,past,I,di
14660,3852,reacted,past,you,di
14661,3852,reacted,past,he/she,di
14662,3852,reacted,past,we,di
14663,3852,reacted,past,you (pl),di
14664,3852,reacted,past,they,di
14665,3852,will react,future,I,gelecek
14666,3852,will react,future,you,gelecek
14667,3852,will react,future,he/she,gelecek
14668,3852,will react,future,we,gelecek
14669,3852,will react,future,you (pl),gelecek
14670,3852,will react,future,they,gelecek
14671,3862,regret,present,I,şimdi
14672,3862,regret,present,you,şimdi
14673,3862,regrets,present,he/she,şimdi
14674,3862,regret,present,we,şimdi
14675,3862,regret,present,you (pl),şimdi
14676,3862,regret,present,they,şimdi
14677,3862,regreted,past,I,di
14678,3862,regreted,past,you,di
14679,3862,regreted,past,he/she,di
14680,3862,regreted,past,we,di
14681,3862,regreted,past,you (pl),di
14682,3862,regreted,past,they,di
14683,3862,will regret,future,I,gelecek
14684,3862,will regret,future,you,gelecek
14685,3862,will regret,future,he/she,gelecek
14686,3862,will regret,future,we,gelecek
14687,3862,will regret,future,you (pl),gelecek
14688,3862,will regret,future,they,gelecek
14689,3863,dismiss,present,I,şimdi
14690,3863,dismiss,present,you,şimdi
14691,3863,dismisses,present,he/she,şimdi
14692,3863,dismiss,present,we,şimdi
14693,3863,dismiss,present,you (pl),şimdi
14694,3863,dismiss,present,they,şimdi
14695,3863,dismissed,past,I,di
14696,3863,dismissed,past,you,di
14697,3863,dismissed,past,he/she,di
14698,3863,dismissed,past,we,di
14699,3863,dismissed,past,you (pl),di
14700,3863,dismissed,past,they,di
14701,3863,will dismiss,future,I,gelecek
14702,3863,will dismiss,future,you,gelecek
14703,3863,will dismiss,future,he/she,gelecek
14704,3863,will dismiss,future,we,gelecek
14705,3863,will dismiss,future,you (pl),gelecek
14706,3863,will dismiss,future,they,gelecek
14707,3867,resist,present,I,şimdi
14708,3867,resist,present,you,şimdi
14709,3867,resists,present,he/she,şimdi
14710,3867,resist,present,we,şimdi
14711,3867,resist,present,you (pl),şimdi
14712,3867,resist,present,they,şimdi
14713,3867,resisted,past,I,di
14714,3867,resisted,past,you,di
14715,3867,resisted,past,he/she,di
14716,3867,resisted,past,we,di
14717,3867,resisted,past,you (pl),di
14718,3867,resisted,past,they,di
14719,3867,will resist,future,I,gelecek
14720,3867,will resist,future,you,gelecek
14721,3867,will resist,future,he/she,gelecek
14722,3867,will resist,future,we,gelecek
14723,3867,will resist,future,you (pl),gelecek
14724,3867,will resist,future,they,gelecek
14725,3870,correspond,present,I,şimdi
14726,3870,correspond,present,you,şimdi
14727,3870,corresponds,present,he/she,şimdi
14728,3870,correspond,present,we,şimdi
14729,3870,correspond,present,you (pl),şimdi
14730,3870,correspond,present,they,şimdi
14731,3870,corresponded,past,I,di
14732,3870,corresponded,past,you,di
14733,3870,corresponded,past,he/she,di
14734,3870,corresponded,past,we,di
14735,3870,corresponded,past,you (pl),di
14736,3870,corresponded,past,they,di
14737,3870,will correspond,future,I,gelecek
14738,3870,will correspond,future,you,gelecek
14739,3870,will correspond,future,he/she,gelecek
14740,3870,will correspond,future,we,gelecek
14741,3870,will correspond,future,you (pl),gelecek
14742,3870,will correspond,future,they,gelecek
14743,3872,dare,present,I,şimdi
14744,3872,dare,present,you,şimdi
14745,3872,dares,present,he/she,şimdi
14746,3872,dare,present,we,şimdi
14747,3872,dare,present,you (pl),şimdi
14748,3872,dare,present,they,şimdi
14749,3872,dared,past,I,di
14750,3872,dared,past,you,di
14751,3872,dared,past,he/she,di
14752,3872,dared,past,we,di
14753,3872,dared,past,you (pl),di
14754,3872,dared,past,they,di
14755,3872,will dare,future,I,gelecek
14756,3872,will dare,future,you,gelecek
14757,3872,will dare,future,he/she,gelecek
14758,3872,will dare,future,we,gelecek
14759,3872,will dare,future,you (pl),gelecek
14760,3872,will dare,future,they,gelecek
14761,3874,rid,present,I,şimdi
14762,3874,rid,present,you,şimdi
14763,3874,rids,present,he/she,şimdi
14764,3874,rid,present,we,şimdi
14765,3874,rid,present,you (pl),şimdi
14766,3874,rid,present,they,şimdi
14767,3874,rid,past,I,di
14768,3874,rid,past,you,di
14769,3874,rid,past,he/she,di
14770,3874,rid,past,we,di
14771,3874,rid,past,you (pl),di
14772,3874,rid,past,they,di
14773,3874,will rid,future,I,gelecek
14774,3874,will rid,future,you,gelecek
14775,3874,will rid,future,he/she,gelecek
14776,3874,will rid,future,we,gelecek
14777,3874,will rid,future,you (pl),gelecek
14778,3874,will rid,future,they,gelecek
14779,3875,divorce,present,I,şimdi
14780,3875,divorce,present,you,şimdi
14781,3875,divorces,present,he/she,şimdi
14782,3875,divorce,present,we,şimdi
14783,3875,divorce,present,you (pl),şimdi
14784,3875,divorce,present,they,şimdi
14785,3875,divorced,past,I,di
14786,3875,divorced,past,you,di
14787,3875,divorced,past,he/she,di
14788,3875,divorced,past,we,di
14789,3875,divorced,past,you (pl),di
14790,3875,divorced,past,they,di
14791,3875,will divorce,future,I,gelecek
14792,3875,will divorce,future,you,gelecek
14793,3875,will divorce,future,he/she,gelecek
14794,3875,will divorce,future,we,gelecek
14795,3875,will divorce,future,you (pl),gelecek
14796,3875,will divorce,future,they,gelecek
14797,3876,ruin,present,I,şimdi
14798,3876,ruin,present,you,şimdi
14799,3876,ruins,present,he/she,şimdi
14800,3876,ruin,present,we,şimdi
14801,3876,ruin,present,you (pl),şimdi
14802,3876,ruin,present,they,şimdi
14803,3876,ruined,past,I,di
14804,3876,ruined,past,you,di
14805,3876,ruined,past,he/she,di
14806,3876,ruined,past,we,di
14807,3876,ruined,past,you (pl),di
14808,3876,ruined,past,they,di
14809,3876,will ruin,future,I,gelecek
14810,3876,will ruin,future,you,gelecek
14811,3876,will ruin,future,he/she,gelecek
14812,3876,will ruin,future,we,gelecek
14813,3876,will ruin,future,you (pl),gelecek
14814,3876,will ruin,future,they,gelecek
14815,3877,bury,present,I,şimdi
14816,3877,bury,present,you,şimdi
14817,3877,buries,present,he/she,şimdi
14818,3877,bury,present,we,şimdi
14819,3877,bury,present,you (pl),şimdi
14820,3877,bury,present,they,şimdi
14821,3877,buried,past,I,di
14822,3877,buried,past,you,di
14823,3877,buried,past,he/she,di
14824,3877,buried,past,we,di
14825,3877,buried,past,you (pl),di
14826,3877,buried,past,they,di
14827,3877,will bury,future,I,gelecek
14828,3877,will bury,future,you,gelecek
14829,3877,will bury,future,he/she,gelecek
14830,3877,will bury,future,we,gelecek
14831,3877,will bury,future,you (pl),gelecek
14832,3877,will bury,future,they,gelecek
14833,3884,possess,present,I,şimdi
14834,3884,possess,present,you,şimdi
14835,3884,possesses,present,he/she,şimdi
14836,3884,possess,present,we,şimdi
14837,3884,possess,present,you (pl),şimdi
14838,3884,possess,present,they,şimdi
14839,3884,possessed,past,I,di
14840,3884,possessed,past,you,di
14841,3884,possessed,past,he/she,di
14842,3884,possessed,past,we,di
14843,3884,possessed,past,you (pl),di
14844,3884,possessed,past,they,di
14845,3884,will possess,future,I,gelecek
14846,3884,will possess,future,you,gelecek
14847,3884,will possess,future,he/she,gelecek
14848,3884,will possess,future,we,gelecek
14849,3884,will possess,future,you (pl),gelecek
14850,3884,will possess,future,they,gelecek
14851,3887,float,present,I,şimdi
14852,3887,float,present,you,şimdi
14853,3887,floats,present,he/she,şimdi
14854,3887,float,present,we,şimdi
14855,3887,float,present,you (pl),şimdi
14856,3887,float,present,they,şimdi
14857,3887,floated,past,I,di
14858,3887,floated,past,you,di
14859,3887,floated,past,he/she,di
14860,3887,floated,past,we,di
14861,3887,floated,past,you (pl),di
14862,3887,floated,past,they,di
14863,3887,will float,future,I,gelecek
14864,3887,will float,future,you,gelecek
14865,3887,will float,future,he/she,gelecek
14866,3887,will float,future,we,gelecek
14867,3887,will float,future,you (pl),gelecek
14868,3887,will float,future,they,gelecek
14869,3904,depress,present,I,şimdi
14870,3904,depress,present,you,şimdi
14871,3904,depresses,present,he/she,şimdi
14872,3904,depress,present,we,şimdi
14873,3904,depress,present,you (pl),şimdi
14874,3904,depress,present,they,şimdi
14875,3904,depressed,past,I,di
14876,3904,depressed,past,you,di
14877,3904,depressed,past,he/she,di
14878,3904,depressed,past,we,di
14879,3904,depressed,past,you (pl),di
14880,3904,depressed,past,they,di
14881,3904,will depress,future,I,gelecek
14882,3904,will depress,future,you,gelecek
14883,3904,will depress,future,he/she,gelecek
14884,3904,will depress,future,we,gelecek
14885,3904,will depress,future,you (pl),gelecek
14886,3904,will depress,future,they,gelecek
14887,3906,burst,present,I,şimdi
14888,3906,burst,present,you,şimdi
14889,3906,bursts,present,he/she,şimdi
14890,3906,burst,present,we,şimdi
14891,3906,burst,present,you (pl),şimdi
14892,3906,burst,present,they,şimdi
14893,3906,burst,past,I,di
14894,3906,burst,past,you,di
14895,3906,burst,past,he/she,di
14896,3906,burst,past,we,di
14897,3906,burst,past,you (pl),di
14898,3906,burst,past,they,di
14899,3906,will burst,future,I,gelecek
14900,3906,will burst,future,you,gelecek
14901,3906,will burst,future,he/she,gelecek
14902,3906,will burst,future,we,gelecek
14903,3906,will burst,future,you (pl),gelecek
14904,3906,will burst,future,they,gelecek
14905,3910,motivate,present,I,şimdi
14906,3910,motivate,present,you,şimdi
14907,3910,motivates,present,he/she,şimdi
14908,3910,motivate,present,we,şimdi
14909,3910,motivate,present,you (pl),şimdi
14910,3910,motivate,present,they,şimdi
14911,3910,motivated,past,I,di
14912,3910,motivated,past,you,di
14913,3910,motivated,past,he/she,di
14914,3910,motivated,past,we,di
14915,3910,motivated,past,you (pl),di
14916,3910,motivated,past,they,di
14917,3910,will motivate,future,I,gelecek
14918,3910,will motivate,future,you,gelecek
14919,3910,will motivate,future,he/she,gelecek
14920,3910,will motivate,future,we,gelecek
14921,3910,will motivate,future,you (pl),gelecek
14922,3910,will motivate,future,they,gelecek
14923,3913,fulfill,present,I,şimdi
14924,3913,fulfill,present,you,şimdi
14925,3913,fulfills,present,he/she,şimdi
14926,3913,fulfill,present,we,şimdi
14927,3913,fulfill,present,you (pl),şimdi
14928,3913,fulfill,present,they,şimdi
14929,3913,fulfilled,past,I,di
14930,3913,fulfilled,past,you,di
14931,3913,fulfilled,past,he/she,di
14932,3913,fulfilled,past,we,di
14933,3913,fulfilled,past,you (pl),di
14934,3913,fulfilled,past,they,di
14935,3913,will fulfill,future,I,gelecek
14936,3913,will fulfill,future,you,gelecek
14937,3913,will fulfill,future,he/she,gelecek
14938,3913,will fulfill,future,we,gelecek
14939,3913,will fulfill,future,you (pl),gelecek
14940,3913,will fulfill,future,they,gelecek
14941,3915,dedicate,present,I,şimdi
14942,3915,dedicate,present,you,şimdi
14943,3915,dedicates,present,he/she,şimdi
14944,3915,dedicate,present,we,şimdi
14945,3915,dedicate,present,you (pl),şimdi
14946,3915,dedicate,present,they,şimdi
14947,3915,dedicated,past,I,di
14948,3915,dedicated,past,you,di
14949,3915,dedicated,past,he/she,di
14950,3915,dedicated,past,we,di
14951,3915,dedicated,past,you (pl),di
14952,3915,dedicated,past,they,di
14953,3915,will dedicate,future,I,gelecek
14954,3915,will dedicate,future,you,gelecek
14955,3915,will dedicate,future,he/she,gelecek
14956,3915,will dedicate,future,we,gelecek
14957,3915,will dedicate,future,you (pl),gelecek
14958,3915,will dedicate,future,they,gelecek
14959,3919,accomplish,present,I,şimdi
14960,3919,accomplish,present,you,şimdi
14961,3919,accomplishes,present,he/she,şimdi
14962,3919,accomplish,present,we,şimdi
14963,3919,accomplish,present,you (pl),şimdi
14964,3919,accomplish,present,they,şimdi
14965,3919,accomplished,past,I,di
14966,3919,accomplished,past,you,di
14967,3919,accomplished,past,he/she,di
14968,3919,accomplished,past,we,di
14969,3919,accomplished,past,you (pl),di
14970,3919,accomplished,past,they,di
14971,3919,will accomplish,future,I,gelecek
14972,3919,will accomplish,future,you,gelecek
14973,3919,will accomplish,future,he/she,gelecek
14974,3919,will accomplish,future,we,gelecek
14975,3919,will accomplish,future,you (pl),gelecek
14976,3919,will accomplish,future,they,gelecek
14977,3923,brush,present,I,şimdi
14978,3923,brush,present,you,şimdi
14979,3923,brushes,present,he/she,şimdi
14980,3923,brush,present,we,şimdi
14981,3923,brush,present,you (pl),şimdi
14982,3923,brush,present,they,şimdi
14983,3923,brushed,past,I,di
14984,3923,brushed,past,you,di
14985,3923,brushed,past,he/she,di
14986,3923,brushed,past,we,di
14987,3923,brushed,past,you (pl),di
14988,3923,brushed,past,they,di
14989,3923,will brush,future,I,gelecek
14990,3923,will brush,future,you,gelecek
14991,3923,will brush,future,he/she,gelecek
14992,3923,will brush,future,we,gelecek
14993,3923,will brush,future,you (pl),gelecek
14994,3923,will brush,future,they,gelecek
14995,3924,embarrass,present,I,şimdi
14996,3924,embarrass,present,you,şimdi
14997,3924,embarrasses,present,he/she,şimdi
14998,3924,embarrass,present,we,şimdi
14999,3924,embarrass,present,you (pl),şimdi
15000,3924,embarrass,present,they,şimdi
15001,3924,embarrassed,past,I,di
15002,3924,embarrassed,past,you,di
15003,3924,embarrassed,past,he/she,di
15004,3924,embarrassed,past,we,di
15005,3924,embarrassed,past,you (pl),di
15006,3924,embarrassed,past,they,di
15007,3924,will embarrass,future,I,gelecek
15008,3924,will embarrass,future,you,gelecek
15009,3924,will embarrass,future,he/she,gelecek
15010,3924,will embarrass,future,we,gelecek
15011,3924,will embarrass,future,you (pl),gelecek
15012,3924,will embarrass,future,they,gelecek
15013,3930,govern,present,I,şimdi
15014,3930,govern,present,you,şimdi
15015,3930,governs,present,he/she,şimdi
15016,3930,govern,present,we,şimdi
15017,3930,govern,present,you (pl),şimdi
15018,3930,govern,present,they,şimdi
15019,3930,governed,past,I,di
15020,3930,governed,past,you,di
15021,3930,governed,past,he/she,di
15022,3930,governed,past,we,di
15023,3930,governed,past,you (pl),di
15024,3930,governed,past,they,di
15025,3930,will govern,future,I,gelecek
15026,3930,will govern,future,you,gelecek
15027,3930,will govern,future,he/she,gelecek
15028,3930,will govern,future,we,gelecek
15029,3930,will govern,future,you (pl),gelecek
15030,3930,will govern,future,they,gelecek
15031,3931,embrace,present,I,şimdi
15032,3931,embrace,present,you,şimdi
15033,3931,embraces,present,he/she,şimdi
15034,3931,embrace,present,we,şimdi
15035,3931,embrace,present,you (pl),şimdi
15036,3931,embrace,present,they,şimdi
15037,3931,embraced,past,I,di
15038,3931,embraced,past,you,di
15039,3931,embraced,past,he/she,di
15040,3931,embraced,past,we,di
15041,3931,embraced,past,you (pl),di
15042,3931,embraced,past,they,di
15043,3931,will embrace,future,I,gelecek
15044,3931,will embrace,future,you,gelecek
15045,3931,will embrace,future,he/she,gelecek
15046,3931,will embrace,future,we,gelecek
15047,3931,will embrace,future,you (pl),gelecek
15048,3931,will embrace,future,they,gelecek
15049,3932,praise,present,I,şimdi
15050,3932,praise,present,you,şimdi
15051,3932,praises,present,he/she,şimdi
15052,3932,praise,present,we,şimdi
15053,3932,praise,present,you (pl),şimdi
15054,3932,praise,present,they,şimdi
15055,3932,praised,past,I,di
15056,3932,praised,past,you,di
15057,3932,praised,past,he/she,di
15058,3932,praised,past,we,di
15059,3932,praised,past,you (pl),di
15060,3932,praised,past,they,di
15061,3932,will praise,future,I,gelecek
15062,3932,will praise,future,you,gelecek
15063,3932,will praise,future,he/she,gelecek
15064,3932,will praise,future,we,gelecek
15065,3932,will praise,future,you (pl),gelecek
15066,3932,will praise,future,they,gelecek
15067,3934,pump,present,I,şimdi
15068,3934,pump,present,you,şimdi
15069,3934,pumps,present,he/she,şimdi
15070,3934,pump,present,we,şimdi
15071,3934,pump,present,you (pl),şimdi
15072,3934,pump,present,they,şimdi
15073,3934,pumped,past,I,di
15074,3934,pumped,past,you,di
15075,3934,pumped,past,he/she,di
15076,3934,pumped,past,we,di
15077,3934,pumped,past,you (pl),di
15078,3934,pumped,past,they,di
15079,3934,will pump,future,I,gelecek
15080,3934,will pump,future,you,gelecek
15081,3934,will pump,future,he/she,gelecek
15082,3934,will pump,future,we,gelecek
15083,3934,will pump,future,you (pl),gelecek
15084,3934,will pump,future,they,gelecek
15085,3939,weigh,present,I,şimdi
15086,3939,weigh,present,you,şimdi
15087,3939,weighs,present,he/she,şimdi
15088,3939,weigh,present,we,şimdi
15089,3939,weigh,present,you (pl),şimdi
15090,3939,weigh,present,they,şimdi
15091,3939,weighed,past,I,di
15092,3939,weighed,past,you,di
15093,3939,weighed,past,he/she,di
15094,3939,weighed,past,we,di
15095,3939,weighed,past,you (pl),di
15096,3939,weighed,past,they,di
15097,3939,will weigh,future,I,gelecek
15098,3939,will weigh,future,you,gelecek
15099,3939,will weigh,future,he/she,gelecek
15100,3939,will weigh,future,we,gelecek
15101,3939,will weigh,future,you (pl),gelecek
15102,3939,will weigh,future,they,gelecek
15103,3942,modify,present,I,şimdi
15104,3942,modify,present,you,şimdi
15105,3942,modifies,present,he/she,şimdi
15106,3942,modify,present,we,şimdi
15107,3942,modify,present,you (pl),şimdi
15108,3942,modify,present,they,şimdi
15109,3942,modified,past,I,di
15110,3942,modified,past,you,di
15111,3942,modified,past,he/she,di
15112,3942,modified,past,we,di
15113,3942,modified,past,you (pl),di
15114,3942,modified,past,they,di
15115,3942,will modify,future,I,gelecek
15116,3942,will modify,future,you,gelecek
15117,3942,will modify,future,he/she,gelecek
15118,3942,will modify,future,we,gelecek
15119,3942,will modify,future,you (pl),gelecek
15120,3942,will modify,future,they,gelecek
15121,3943,flash,present,I,şimdi
15122,3943,flash,present,you,şimdi
15123,3943,flashes,present,he/she,şimdi
15124,3943,flash,present,we,şimdi
15125,3943,flash,present,you (pl),şimdi
15126,3943,flash,present,they,şimdi
15127,3943,flashed,past,I,di
15128,3943,flashed,past,you,di
15129,3943,flashed,past,he/she,di
15130,3943,flashed,past,we,di
15131,3943,flashed,past,you (pl),di
15132,3943,flashed,past,they,di
15133,3943,will flash,future,I,gelecek
15134,3943,will flash,future,you,gelecek
15135,3943,will flash,future,he/she,gelecek
15136,3943,will flash,future,we,gelecek
15137,3943,will flash,future,you (pl),gelecek
15138,3943,will flash,future,they,gelecek
15139,3947,entertain,present,I,şimdi
15140,3947,entertain,present,you,şimdi
15141,3947,entertains,present,he/she,şimdi
15142,3947,entertain,present,we,şimdi
15143,3947,entertain,present,you (pl),şimdi
15144,3947,entertain,present,they,şimdi
15145,3947,entertained,past,I,di
15146,3947,entertained,past,you,di
15147,3947,entertained,past,he/she,di
15148,3947,entertained,past,we,di
15149,3947,entertained,past,you (pl),di
15150,3947,entertained,past,they,di
15151,3947,will entertain,future,I,gelecek
15152,3947,will entertain,future,you,gelecek
15153,3947,will entertain,future,he/she,gelecek
15154,3947,will entertain,future,we,gelecek
15155,3947,will entertain,future,you (pl),gelecek
15156,3947,will entertain,future,they,gelecek
15157,3949,assign,present,I,şimdi
15158,3949,assign,present,you,şimdi
15159,3949,assigns,present,he/she,şimdi
15160,3949,assign,present,we,şimdi
15161,3949,assign,present,you (pl),şimdi
15162,3949,assign,present,they,şimdi
15163,3949,assigned,past,I,di
15164,3949,assigned,past,you,di
15165,3949,assigned,past,he/she,di
15166,3949,assigned,past,we,di
15167,3949,assigned,past,you (pl),di
15168,3949,assigned,past,they,di
15169,3949,will assign,future,I,gelecek
15170,3949,will assign,future,you,gelecek
15171,3949,will assign,future,he/she,gelecek
15172,3949,will assign,future,we,gelecek
15173,3949,will assign,future,you (pl),gelecek
15174,3949,will assign,future,they,gelecek
15175,3952,injure,present,I,şimdi
15176,3952,injure,present,you,şimdi
15177,3952,injures,present,he/she,şimdi
15178,3952,injure,present,we,şimdi
15179,3952,injure,present,you (pl),şimdi
15180,3952,injure,present,they,şimdi
15181,3952,injured,past,I,di
15182,3952,injured,past,you,di
15183,3952,injured,past,he/she,di
15184,3952,injured,past,we,di
15185,3952,injured,past,you (pl),di
15186,3952,injured,past,they,di
15187,3952,will injure,future,I,gelecek
15188,3952,will injure,future,you,gelecek
15189,3952,will injure,future,he/she,gelecek
15190,3952,will injure,future,we,gelecek
15191,3952,will injure,future,you (pl),gelecek
15192,3952,will injure,future,they,gelecek
15193,3954,twist,present,I,şimdi
15194,3954,twist,present,you,şimdi
15195,3954,twists,present,he/she,şimdi
15196,3954,twist,present,we,şimdi
15197,3954,twist,present,you (pl),şimdi
15198,3954,twist,present,they,şimdi
15199,3954,twisted,past,I,di
15200,3954,twisted,past,you,di
15201,3954,twisted,past,he/she,di
15202,3954,twisted,past,we,di
15203,3954,twisted,past,you (pl),di
15204,3954,twisted,past,they,di
15205,3954,will twist,future,I,gelecek
15206,3954,will twist,future,you,gelecek
15207,3954,will twist,future,he/she,gelecek
15208,3954,will twist,future,we,gelecek
15209,3954,will twist,future,you (pl),gelecek
15210,3954,will twist,future,they,gelecek
15211,3960,exceed,present,I,şimdi
15212,3960,exceed,present,you,şimdi
15213,3960,exceeds,present,he/she,şimdi
15214,3960,exceed,present,we,şimdi
15215,3960,exceed,present,you (pl),şimdi
15216,3960,exceed,present,they,şimdi
15217,3960,exceeded,past,I,di
15218,3960,exceeded,past,you,di
15219,3960,exceeded,past,he/she,di
15220,3960,exceeded,past,we,di
15221,3960,exceeded,past,you (pl),di
15222,3960,exceeded,past,they,di
15223,3960,will exceed,future,I,gelecek
15224,3960,will exceed,future,you,gelecek
15225,3960,will exceed,future,he/she,gelecek
15226,3960,will exceed,future,we,gelecek
15227,3960,will exceed,future,you (pl),gelecek
15228,3960,will exceed,future,they,gelecek
15229,3968,pile,present,I,şimdi
15230,3968,pile,present,you,şimdi
15231,3968,piles,present,he/she,şimdi
15232,3968,pile,present,we,şimdi
15233,3968,pile,present,you (pl),şimdi
15234,3968,pile,present,they,şimdi
15235,3968,piled,past,I,di
15236,3968,piled,past,you,di
15237,3968,piled,past,he/she,di
15238,3968,piled,past,we,di
15239,3968,piled,past,you (pl),di
15240,3968,piled,past,they,di
15241,3968,will pile,future,I,gelecek
15242,3968,will pile,future,you,gelecek
15243,3968,will pile,future,he/she,gelecek
15244,3968,will pile,future,we,gelecek
15245,3968,will pile,future,you (pl),gelecek
15246,3968,will pile,future,they,gelecek
15247,3983,evolve,present,I,şimdi
15248,3983,evolve,present,you,şimdi
15249,3983,evolves,present,he/she,şimdi
15250,3983,evolve,present,we,şimdi
15251,3983,evolve,present,you (pl),şimdi
15252,3983,evolve,present,they,şimdi
15253,3983,evolved,past,I,di
15254,3983,evolved,past,you,di
15255,3983,evolved,past,he/she,di
15256,3983,evolved,past,we,di
15257,3983,evolved,past,you (pl),di
15258,3983,evolved,past,they,di
15259,3983,will evolve,future,I,gelecek
15260,3983,will evolve,future,you,gelecek
15261,3983,will evolve,future,he/she,gelecek
15262,3983,will evolve,future,we,gelecek
15263,3983,will evolve,future,you (pl),gelecek
15264,3983,will evolve,future,they,gelecek
15265,3985,boost,present,I,şimdi
15266,3985,boost,present,you,şimdi
15267,3985,boosts,present,he/she,şimdi
15268,3985,boost,present,we,şimdi
15269,3985,boost,present,you (pl),şimdi
15270,3985,boost,present,they,şimdi
15271,3985,boosted,past,I,di
15272,3985,boosted,past,you,di
15273,3985,boosted,past,he/she,di
15274,3985,boosted,past,we,di
15275,3985,boosted,past,you (pl),di
15276,3985,boosted,past,they,di
15277,3985,will boost,future,I,gelecek
15278,3985,will boost,future,you,gelecek
15279,3985,will boost,future,he/she,gelecek
15280,3985,will boost,future,we,gelecek
15281,3985,will boost,future,you (pl),gelecek
15282,3985,will boost,future,they,gelecek
15283,3995,strengthen,present,I,şimdi
15284,3995,strengthen,present,you,şimdi
15285,3995,strengthens,present,he/she,şimdi
15286,3995,strengthen,present,we,şimdi
15287,3995,strengthen,present,you (pl),şimdi
15288,3995,strengthen,present,they,şimdi
15289,3995,strengthened,past,I,di
15290,3995,strengthened,past,you,di
15291,3995,strengthened,past,he/she,di
15292,3995,strengthened,past,we,di
15293,3995,strengthened,past,you (pl),di
15294,3995,strengthened,past,they,di
15295,3995,will strengthen,future,I,gelecek
15296,3995,will strengthen,future,you,gelecek
15297,3995,will strengthen,future,he/she,gelecek
15298,3995,will strengthen,future,we,gelecek
15299,3995,will strengthen,future,you (pl),gelecek
15300,3995,will strengthen,future,they,gelecek
15301,3998,fold,present,I,şimdi
15302,3998,fold,present,you,şimdi
15303,3998,folds,present,he/she,şimdi
15304,3998,fold,present,we,şimdi
15305,3998,fold,present,you (pl),şimdi
15306,3998,fold,present,they,şimdi
15307,3998,folded,past,I,di
15308,3998,folded,past,you,di
15309,3998,folded,past,he/she,di
15310,3998,folded,past,we,di
15311,3998,folded,past,you (pl),di
15312,3998,folded,past,they,di
15313,3998,will fold,future,I,gelecek
15314,3998,will fold,future,you,gelecek
15315,3998,will fold,future,he/she,gelecek
15316,3998,will fold,future,we,gelecek
15317,3998,will fold,future,you (pl),gelecek
15318,3998,will fold,future,they,gelecek
15319,4000,undergo,present,I,şimdi
15320,4000,undergo,present,you,şimdi
15321,4000,undergoes,present,he/she,şimdi
15322,4000,undergo,present,we,şimdi
15323,4000,undergo,present,you (pl),şimdi
15324,4000,undergo,present,they,şimdi
15325,4000,undergoed,past,I,di
15326,4000,undergoed,past,you,di
15327,4000,undergoed,past,he/she,di
15328,4000,undergoed,past,we,di
15329,4000,undergoed,past,you (pl),di
15330,4000,undergoed,past,they,di
15331,4000,will undergo,future,I,gelecek
15332,4000,will undergo,future,you,gelecek
15333,4000,will undergo,future,he/she,gelecek
15334,4000,will undergo,future,we,gelecek
15335,4000,will undergo,future,you (pl),gelecek
15336,4000,will undergo,future,they,gelecek
15337,4003,pretend,present,I,şimdi
15338,4003,pretend,present,you,şimdi
15339,4003,pretends,present,he/she,şimdi
15340,4003,pretend,present,we,şimdi
15341,4003,pretend,present,you (pl),şimdi
15342,4003,pretend,present,they,şimdi
15343,4003,pretended,past,I,di
15344,4003,pretended,past,you,di
15345,4003,pretended,past,he/she,di
15346,4003,pretended,past,we,di
15347,4003,pretended,past,you (pl),di
15348,4003,pretended,past,they,di
15349,4003,will pretend,future,I,gelecek
15350,4003,will pretend,future,you,gelecek
15351,4003,will pretend,future,he/she,gelecek
15352,4003,will pretend,future,we,gelecek
15353,4003,will pretend,future,you (pl),gelecek
15354,4003,will pretend,future,they,gelecek
15355,4004,allege,present,I,şimdi
15356,4004,allege,present,you,şimdi
15357,4004,alleges,present,he/she,şimdi
15358,4004,allege,present,we,şimdi
15359,4004,allege,present,you (pl),şimdi
15360,4004,allege,present,they,şimdi
15361,4004,alleged,past,I,di
15362,4004,alleged,past,you,di
15363,4004,alleged,past,he/she,di
15364,4004,alleged,past,we,di
15365,4004,alleged,past,you (pl),di
15366,4004,alleged,past,they,di
15367,4004,will allege,future,I,gelecek
15368,4004,will allege,future,you,gelecek
15369,4004,will allege,future,he/she,gelecek
15370,4004,will allege,future,we,gelecek
15371,4004,will allege,future,you (pl),gelecek
15372,4004,will allege,future,they,gelecek
15373,4018,neglect,present,I,şimdi
15374,4018,neglect,present,you,şimdi
15375,4018,neglects,present,he/she,şimdi
15376,4018,neglect,present,we,şimdi
15377,4018,neglect,present,you (pl),şimdi
15378,4018,neglect,present,they,şimdi
15379,4018,neglected,past,I,di
15380,4018,neglected,past,you,di
15381,4018,neglected,past,he/she,di
15382,4018,neglected,past,we,di
15383,4018,neglected,past,you (pl),di
15384,4018,neglected,past,they,di
15385,4018,will neglect,future,I,gelecek
15386,4018,will neglect,future,you,gelecek
15387,4018,will neglect,future,he/she,gelecek
15388,4018,will neglect,future,we,gelecek
15389,4018,will neglect,future,you (pl),gelecek
15390,4018,will neglect,future,they,gelecek
15391,4022,regulate,present,I,şimdi
15392,4022,regulate,present,you,şimdi
15393,4022,regulates,present,he/she,şimdi
15394,4022,regulate,present,we,şimdi
15395,4022,regulate,present,you (pl),şimdi
15396,4022,regulate,present,they,şimdi
15397,4022,regulated,past,I,di
15398,4022,regulated,past,you,di
15399,4022,regulated,past,he/she,di
15400,4022,regulated,past,we,di
15401,4022,regulated,past,you (pl),di
15402,4022,regulated,past,they,di
15403,4022,will regulate,future,I,gelecek
15404,4022,will regulate,future,you,gelecek
15405,4022,will regulate,future,he/she,gelecek
15406,4022,will regulate,future,we,gelecek
15407,4022,will regulate,future,you (pl),gelecek
15408,4022,will regulate,future,they,gelecek
15409,4023,trigger,present,I,şimdi
15410,4023,trigger,present,you,şimdi
15411,4023,triggers,present,he/she,şimdi
15412,4023,trigger,present,we,şimdi
15413,4023,trigger,present,you (pl),şimdi
15414,4023,trigger,present,they,şimdi
15415,4023,triggered,past,I,di
15416,4023,triggered,past,you,di
15417,4023,triggered,past,he/she,di
15418,4023,triggered,past,we,di
15419,4023,triggered,past,you (pl),di
15420,4023,triggered,past,they,di
15421,4023,will trigger,future,I,gelecek
15422,4023,will trigger,future,you,gelecek
15423,4023,will trigger,future,he/she,gelecek
15424,4023,will trigger,future,we,gelecek
15425,4023,will trigger,future,you (pl),gelecek
15426,4023,will trigger,future,they,gelecek
15427,4032,bless,present,I,şimdi
15428,4032,bless,present,you,şimdi
15429,4032,blesses,present,he/she,şimdi
15430,4032,bless,present,we,şimdi
15431,4032,bless,present,you (pl),şimdi
15432,4032,bless,present,they,şimdi
15433,4032,blessed,past,I,di
15434,4032,blessed,past,you,di
15435,4032,blessed,past,he/she,di
15436,4032,blessed,past,we,di
15437,4032,blessed,past,you (pl),di
15438,4032,blessed,past,they,di
15439,4032,will bless,future,I,gelecek
15440,4032,will bless,future,you,gelecek
15441,4032,will bless,future,he/she,gelecek
15442,4032,will bless,future,we,gelecek
15443,4032,will bless,future,you (pl),gelecek
15444,4032,will bless,future,they,gelecek
15445,4040,scan,present,I,şimdi
15446,4040,scan,present,you,şimdi
15447,4040,scans,present,he/she,şimdi
15448,4040,scan,present,we,şimdi
15449,4040,scan,present,you (pl),şimdi
15450,4040,scan,present,they,şimdi
15451,4040,scanned,past,I,di
15452,4040,scanned,past,you,di
15453,4040,scanned,past,he/she,di
15454,4040,scanned,past,we,di
15455,4040,scanned,past,you (pl),di
15456,4040,scanned,past,they,di
15457,4040,will scan,future,I,gelecek
15458,4040,will scan,future,you,gelecek
15459,4040,will scan,future,he/she,gelecek
15460,4040,will scan,future,we,gelecek
15461,4040,will scan,future,you (pl),gelecek
15462,4040,will scan,future,they,gelecek
15463,4043,greet,present,I,şimdi
15464,4043,greet,present,you,şimdi
15465,4043,greets,present,he/she,şimdi
15466,4043,greet,present,we,şimdi
15467,4043,greet,present,you (pl),şimdi
15468,4043,greet,present,they,şimdi
15469,4043,greeted,past,I,di
15470,4043,greeted,past,you,di
15471,4043,greeted,past,he/she,di
15472,4043,greeted,past,we,di
15473,4043,greeted,past,you (pl),di
15474,4043,greeted,past,they,di
15475,4043,will greet,future,I,gelecek
15476,4043,will greet,future,you,gelecek
15477,4043,will greet,future,he/she,gelecek
15478,4043,will greet,future,we,gelecek
15479,4043,will greet,future,you (pl),gelecek
15480,4043,will greet,future,they,gelecek
15481,4048,stimulate,present,I,şimdi
15482,4048,stimulate,present,you,şimdi
15483,4048,stimulates,present,he/she,şimdi
15484,4048,stimulate,present,we,şimdi
15485,4048,stimulate,present,you (pl),şimdi
15486,4048,stimulate,present,they,şimdi
15487,4048,stimulated,past,I,di
15488,4048,stimulated,past,you,di
15489,4048,stimulated,past,he/she,di
15490,4048,stimulated,past,we,di
15491,4048,stimulated,past,you (pl),di
15492,4048,stimulated,past,they,di
15493,4048,will stimulate,future,I,gelecek
15494,4048,will stimulate,future,you,gelecek
15495,4048,will stimulate,future,he/she,gelecek
15496,4048,will stimulate,future,we,gelecek
15497,4048,will stimulate,future,you (pl),gelecek
15498,4048,will stimulate,future,they,gelecek
15499,4054,hesitate,present,I,şimdi
15500,4054,hesitate,present,you,şimdi
15501,4054,hesitates,present,he/she,şimdi
15502,4054,hesitate,present,we,şimdi
15503,4054,hesitate,present,you (pl),şimdi
15504,4054,hesitate,present,they,şimdi
15505,4054,hesitated,past,I,di
15506,4054,hesitated,past,you,di
15507,4054,hesitated,past,he/she,di
15508,4054,hesitated,past,we,di
15509,4054,hesitated,past,you (pl),di
15510,4054,hesitated,past,they,di
15511,4054,will hesitate,future,I,gelecek
15512,4054,will hesitate,future,you,gelecek
15513,4054,will hesitate,future,he/she,gelecek
15514,4054,will hesitate,future,we,gelecek
15515,4054,will hesitate,future,you (pl),gelecek
15516,4054,will hesitate,future,they,gelecek
15517,4059,pray,present,I,şimdi
15518,4059,pray,present,you,şimdi
15519,4059,prays,present,he/she,şimdi
15520,4059,pray,present,we,şimdi
15521,4059,pray,present,you (pl),şimdi
15522,4059,pray,present,they,şimdi
15523,4059,prayed,past,I,di
15524,4059,prayed,past,you,di
15525,4059,prayed,past,he/she,di
15526,4059,prayed,past,we,di
15527,4059,prayed,past,you (pl),di
15528,4059,prayed,past,they,di
15529,4059,will pray,future,I,gelecek
15530,4059,will pray,future,you,gelecek
15531,4059,will pray,future,he/she,gelecek
15532,4059,will pray,future,we,gelecek
15533,4059,will pray,future,you (pl),gelecek
15534,4059,will pray,future,they,gelecek
15535,4066,extract,present,I,şimdi
15536,4066,extract,present,you,şimdi
15537,4066,extracts,present,he/she,şimdi
15538,4066,extract,present,we,şimdi
15539,4066,extract,present,you (pl),şimdi
15540,4066,extract,present,they,şimdi
15541,4066,extracted,past,I,di
15542,4066,extracted,past,you,di
15543,4066,extracted,past,he/she,di
15544,4066,extracted,past,we,di
15545,4066,extracted,past,you (pl),di
15546,4066,extracted,past,they,di
15547,4066,will extract,future,I,gelecek
15548,4066,will extract,future,you,gelecek
15549,4066,will extract,future,he/she,gelecek
15550,4066,will extract,future,we,gelecek
15551,4066,will extract,future,you (pl),gelecek
15552,4066,will extract,future,they,gelecek
15553,4074,consume,present,I,şimdi
15554,4074,consume,present,you,şimdi
15555,4074,consumes,present,he/she,şimdi
15556,4074,consume,present,we,şimdi
15557,4074,consume,present,you (pl),şimdi
15558,4074,consume,present,they,şimdi
15559,4074,consumed,past,I,di
15560,4074,consumed,past,you,di
15561,4074,consumed,past,he/she,di
15562,4074,consumed,past,we,di
15563,4074,consumed,past,you (pl),di
15564,4074,consumed,past,they,di
15565,4074,will consume,future,I,gelecek
15566,4074,will consume,future,you,gelecek
15567,4074,will consume,future,he/she,gelecek
15568,4074,will consume,future,we,gelecek
15569,4074,will consume,future,you (pl),gelecek
15570,4074,will consume,future,they,gelecek
15571,4078,bite,present,I,şimdi
15572,4078,bite,present,you,şimdi
15573,4078,bites,present,he/she,şimdi
15574,4078,bite,present,we,şimdi
15575,4078,bite,present,you (pl),şimdi
15576,4078,bite,present,they,şimdi
15577,4078,bit,past,I,di
15578,4078,bit,past,you,di
15579,4078,bit,past,he/she,di
15580,4078,bit,past,we,di
15581,4078,bit,past,you (pl),di
15582,4078,bit,past,they,di
15583,4078,will bite,future,I,gelecek
15584,4078,will bite,future,you,gelecek
15585,4078,will bite,future,he/she,gelecek
15586,4078,will bite,future,we,gelecek
15587,4078,will bite,future,you (pl),gelecek
15588,4078,will bite,future,they,gelecek
15589,4081,exhaust,present,I,şimdi
15590,4081,exhaust,present,you,şimdi
15591,4081,exhausts,present,he/she,şimdi
15592,4081,exhaust,present,we,şimdi
15593,4081,exhaust,present,you (pl),şimdi
15594,4081,exhaust,present,they,şimdi
15595,4081,exhausted,past,I,di
15596,4081,exhausted,past,you,di
15597,4081,exhausted,past,he/she,di
15598,4081,exhausted,past,we,di
15599,4081,exhausted,past,you (pl),di
15600,4081,exhausted,past,they,di
15601,4081,will exhaust,future,I,gelecek
15602,4081,will exhaust,future,you,gelecek
15603,4081,will exhaust,future,he/she,gelecek
15604,4081,will exhaust,future,we,gelecek
15605,4081,will exhaust,future,you (pl),gelecek
15606,4081,will exhaust,future,they,gelecek
15607,4095,hint,present,I,şimdi
15608,4095,hint,present,you,şimdi
15609,4095,hints,present,he/she,şimdi
15610,4095,hint,present,we,şimdi
15611,4095,hint,present,you (pl),şimdi
15612,4095,hint,present,they,şimdi
15613,4095,hinted,past,I,di
15614,4095,hinted,past,you,di
15615,4095,hinted,past,he/she,di
15616,4095,hinted,past,we,di
15617,4095,hinted,past,you (pl),di
15618,4095,hinted,past,they,di
15619,4095,will hint,future,I,gelecek
15620,4095,will hint,future,you,gelecek
15621,4095,will hint,future,he/she,gelecek
15622,4095,will hint,future,we,gelecek
15623,4095,will hint,future,you (pl),gelecek
15624,4095,will hint,future,they,gelecek
15625,4096,hook,present,I,şimdi
15626,4096,hook,present,you,şimdi
15627,4096,hooks,present,he/she,şimdi
15628,4096,hook,present,we,şimdi
15629,4096,hook,present,you (pl),şimdi
15630,4096,hook,present,they,şimdi
15631,4096,hooked,past,I,di
15632,4096,hooked,past,you,di
15633,4096,hooked,past,he/she,di
15634,4096,hooked,past,we,di
15635,4096,hooked,past,you (pl),di
15636,4096,hooked,past,they,di
15637,4096,will hook,future,I,gelecek
15638,4096,will hook,future,you,gelecek
15639,4096,will hook,future,he/she,gelecek
15640,4096,will hook,future,we,gelecek
15641,4096,will hook,future,you (pl),gelecek
15642,4096,will hook,future,they,gelecek
15643,4099,panic,present,I,şimdi
15644,4099,panic,present,you,şimdi
15645,4099,panics,present,he/she,şimdi
15646,4099,panic,present,we,şimdi
15647,4099,panic,present,you (pl),şimdi
15648,4099,panic,present,they,şimdi
15649,4099,paniced,past,I,di
15650,4099,paniced,past,you,di
15651,4099,paniced,past,he/she,di
15652,4099,paniced,past,we,di
15653,4099,paniced,past,you (pl),di
15654,4099,paniced,past,they,di
15655,4099,will panic,future,I,gelecek
15656,4099,will panic,future,you,gelecek
15657,4099,will panic,future,he/she,gelecek
15658,4099,will panic,future,we,gelecek
15659,4099,will panic,future,you (pl),gelecek
15660,4099,will panic,future,they,gelecek
15661,4105,reckon,present,I,şimdi
15662,4105,reckon,present,you,şimdi
15663,4105,reckons,present,he/she,şimdi
15664,4105,reckon,present,we,şimdi
15665,4105,reckon,present,you (pl),şimdi
15666,4105,reckon,present,they,şimdi
15667,4105,reckoned,past,I,di
15668,4105,reckoned,past,you,di
15669,4105,reckoned,past,he/she,di
15670,4105,reckoned,past,we,di
15671,4105,reckoned,past,you (pl),di
15672,4105,reckoned,past,they,di
15673,4105,will reckon,future,I,gelecek
15674,4105,will reckon,future,you,gelecek
15675,4105,will reckon,future,he/she,gelecek
15676,4105,will reckon,future,we,gelecek
15677,4105,will reckon,future,you (pl),gelecek
15678,4105,will reckon,future,they,gelecek
15679,4109,chase,present,I,şimdi
15680,4109,chase,present,you,şimdi
15681,4109,chases,present,he/she,şimdi
15682,4109,chase,present,we,şimdi
15683,4109,chase,present,you (pl),şimdi
15684,4109,chase,present,they,şimdi
15685,4109,chased,past,I,di
15686,4109,chased,past,you,di
15687,4109,chased,past,he/she,di
15688,4109,chased,past,we,di
15689,4109,chased,past,you (pl),di
15690,4109,chased,past,they,di
15691,4109,will chase,future,I,gelecek
15692,4109,will chase,future,you,gelecek
15693,4109,will chase,future,he/she,gelecek
15694,4109,will chase,future,we,gelecek
15695,4109,will chase,future,you (pl),gelecek
15696,4109,will chase,future,they,gelecek
15697,4115,substitute,present,I,şimdi
15698,4115,substitute,present,you,şimdi
15699,4115,substitutes,present,he/she,şimdi
15700,4115,substitute,present,we,şimdi
15701,4115,substitute,present,you (pl),şimdi
15702,4115,substitute,present,they,şimdi
15703,4115,substituted,past,I,di
15704,4115,substituted,past,you,di
15705,4115,substituted,past,he/she,di
15706,4115,substituted,past,we,di
15707,4115,substituted,past,you (pl),di
15708,4115,substituted,past,they,di
15709,4115,will substitute,future,I,gelecek
15710,4115,will substitute,future,you,gelecek
15711,4115,will substitute,future,he/she,gelecek
15712,4115,will substitute,future,we,gelecek
15713,4115,will substitute,future,you (pl),gelecek
15714,4115,will substitute,future,they,gelecek
15715,4119,filter,present,I,şimdi
15716,4119,filter,present,you,şimdi
15717,4119,filters,present,he/she,şimdi
15718,4119,filter,present,we,şimdi
15719,4119,filter,present,you (pl),şimdi
15720,4119,filter,present,they,şimdi
15721,4119,filtered,past,I,di
15722,4119,filtered,past,you,di
15723,4119,filtered,past,he/she,di
15724,4119,filtered,past,we,di
15725,4119,filtered,past,you (pl),di
15726,4119,filtered,past,they,di
15727,4119,will filter,future,I,gelecek
15728,4119,will filter,future,you,gelecek
15729,4119,will filter,future,he/she,gelecek
15730,4119,will filter,future,we,gelecek
15731,4119,will filter,future,you (pl),gelecek
15732,4119,will filter,future,they,gelecek
15733,4126,situate,present,I,şimdi
15734,4126,situate,present,you,şimdi
15735,4126,situates,present,he/she,şimdi
15736,4126,situate,present,we,şimdi
15737,4126,situate,present,you (pl),şimdi
15738,4126,situate,present,they,şimdi
15739,4126,situated,past,I,di
15740,4126,situated,past,you,di
15741,4126,situated,past,he/she,di
15742,4126,situated,past,we,di
15743,4126,situated,past,you (pl),di
15744,4126,situated,past,they,di
15745,4126,will situate,future,I,gelecek
15746,4126,will situate,future,you,gelecek
15747,4126,will situate,future,he/she,gelecek
15748,4126,will situate,future,we,gelecek
15749,4126,will situate,future,you (pl),gelecek
15750,4126,will situate,future,they,gelecek
15751,4127,summarize,present,I,şimdi
15752,4127,summarize,present,you,şimdi
15753,4127,summarizes,present,he/she,şimdi
15754,4127,summarize,present,we,şimdi
15755,4127,summarize,present,you (pl),şimdi
15756,4127,summarize,present,they,şimdi
15757,4127,summarized,past,I,di
15758,4127,summarized,past,you,di
15759,4127,summarized,past,he/she,di
15760,4127,summarized,past,we,di
15761,4127,summarized,past,you (pl),di
15762,4127,summarized,past,they,di
15763,4127,will summarize,future,I,gelecek
15764,4127,will summarize,future,you,gelecek
15765,4127,will summarize,future,he/she,gelecek
15766,4127,will summarize,future,we,gelecek
15767,4127,will summarize,future,you (pl),gelecek
15768,4127,will summarize,future,they,gelecek
15769,4128,leap,present,I,şimdi
15770,4128,leap,present,you,şimdi
15771,4128,leaps,present,he/she,şimdi
15772,4128,leap,present,we,şimdi
15773,4128,leap,present,you (pl),şimdi
15774,4128,leap,present,they,şimdi
15775,4128,leapt,past,I,di
15776,4128,leapt,past,you,di
15777,4128,leapt,past,he/she,di
15778,4128,leapt,past,we,di
15779,4128,leapt,past,you (pl),di
15780,4128,leapt,past,they,di
15781,4128,will leap,future,I,gelecek
15782,4128,will leap,future,you,gelecek
15783,4128,will leap,future,he/she,gelecek
15784,4128,will leap,future,we,gelecek
15785,4128,will leap,future,you (pl),gelecek
15786,4128,will leap,future,they,gelecek
15787,4129,snap,present,I,şimdi
15788,4129,snap,present,you,şimdi
15789,4129,snaps,present,he/she,şimdi
15790,4129,snap,present,we,şimdi
15791,4129,snap,present,you (pl),şimdi
15792,4129,snap,present,they,şimdi
15793,4129,snapped,past,I,di
15794,4129,snapped,past,you,di
15795,4129,snapped,past,he/she,di
15796,4129,snapped,past,we,di
15797,4129,snapped,past,you (pl),di
15798,4129,snapped,past,they,di
15799,4129,will snap,future,I,gelecek
15800,4129,will snap,future,you,gelecek
15801,4129,will snap,future,he/she,gelecek
15802,4129,will snap,future,we,gelecek
15803,4129,will snap,future,you (pl),gelecek
15804,4129,will snap,future,they,gelecek
15805,4132,swear,present,I,şimdi
15806,4132,swear,present,you,şimdi
15807,4132,swears,present,he/she,şimdi
15808,4132,swear,present,we,şimdi
15809,4132,swear,present,you (pl),şimdi
15810,4132,swear,present,they,şimdi
15811,4132,swore,past,I,di
15812,4132,swore,past,you,di
15813,4132,swore,past,he/she,di
15814,4132,swore,past,we,di
15815,4132,swore,past,you (pl),di
15816,4132,swore,past,they,di
15817,4132,will swear,future,I,gelecek
15818,4132,will swear,future,you,gelecek
15819,4132,will swear,future,he/she,gelecek
15820,4132,will swear,future,we,gelecek
15821,4132,will swear,future,you (pl),gelecek
15822,4132,will swear,future,they,gelecek
15823,4136,comprise,present,I,şimdi
15824,4136,comprise,present,you,şimdi
15825,4136,comprises,present,he/she,şimdi
15826,4136,comprise,present,we,şimdi
15827,4136,comprise,present,you (pl),şimdi
15828,4136,comprise,present,they,şimdi
15829,4136,comprised,past,I,di
15830,4136,comprised,past,you,di
15831,4136,comprised,past,he/she,di
15832,4136,comprised,past,we,di
15833,4136,comprised,past,you (pl),di
15834,4136,comprised,past,they,di
15835,4136,will comprise,future,I,gelecek
15836,4136,will comprise,future,you,gelecek
15837,4136,will comprise,future,he/she,gelecek
15838,4136,will comprise,future,we,gelecek
15839,4136,will comprise,future,you (pl),gelecek
15840,4136,will comprise,future,they,gelecek
15841,4137,stir,present,I,şimdi
15842,4137,stir,present,you,şimdi
15843,4137,stirs,present,he/she,şimdi
15844,4137,stir,present,we,şimdi
15845,4137,stir,present,you (pl),şimdi
15846,4137,stir,present,they,şimdi
15847,4137,stired,past,I,di
15848,4137,stired,past,you,di
15849,4137,stired,past,he/she,di
15850,4137,stired,past,we,di
15851,4137,stired,past,you (pl),di
15852,4137,stired,past,they,di
15853,4137,will stir,future,I,gelecek
15854,4137,will stir,future,you,gelecek
15855,4137,will stir,future,he/she,gelecek
15856,4137,will stir,future,we,gelecek
15857,4137,will stir,future,you (pl),gelecek
15858,4137,will stir,future,they,gelecek
15859,4139,sigh,present,I,şimdi
15860,4139,sigh,present,you,şimdi
15861,4139,sighs,present,he/she,şimdi
15862,4139,sigh,present,we,şimdi
15863,4139,sigh,present,you (pl),şimdi
15864,4139,sigh,present,they,şimdi
15865,4139,sighed,past,I,di
15866,4139,sighed,past,you,di
15867,4139,sighed,past,he/she,di
15868,4139,sighed,past,we,di
15869,4139,sighed,past,you (pl),di
15870,4139,sighed,past,they,di
15871,4139,will sigh,future,I,gelecek
15872,4139,will sigh,future,you,gelecek
15873,4139,will sigh,future,he/she,gelecek
15874,4139,will sigh,future,we,gelecek
15875,4139,will sigh,future,you (pl),gelecek
15876,4139,will sigh,future,they,gelecek
15877,4144,wander,present,I,şimdi
15878,4144,wander,present,you,şimdi
15879,4144,wanders,present,he/she,şimdi
15880,4144,wander,present,we,şimdi
15881,4144,wander,present,you (pl),şimdi
15882,4144,wander,present,they,şimdi
15883,4144,wandered,past,I,di
15884,4144,wandered,past,you,di
15885,4144,wandered,past,he/she,di
15886,4144,wandered,past,we,di
15887,4144,wandered,past,you (pl),di
15888,4144,wandered,past,they,di
15889,4144,will wander,future,I,gelecek
15890,4144,will wander,future,you,gelecek
15891,4144,will wander,future,he/she,gelecek
15892,4144,will wander,future,we,gelecek
15893,4144,will wander,future,you (pl),gelecek
15894,4144,will wander,future,they,gelecek
15895,4150,suspend,present,I,şimdi
15896,4150,suspend,present,you,şimdi
15897,4150,suspends,present,he/she,şimdi
15898,4150,suspend,present,we,şimdi
15899,4150,suspend,present,you (pl),şimdi
15900,4150,suspend,present,they,şimdi
15901,4150,suspended,past,I,di
15902,4150,suspended,past,you,di
15903,4150,suspended,past,he/she,di
15904,4150,suspended,past,we,di
15905,4150,suspended,past,you (pl),di
15906,4150,suspended,past,they,di
15907,4150,will suspend,future,I,gelecek
15908,4150,will suspend,future,you,gelecek
15909,4150,will suspend,future,he/she,gelecek
15910,4150,will suspend,future,we,gelecek
15911,4150,will suspend,future,you (pl),gelecek
15912,4150,will suspend,future,they,gelecek
15913,4154,stain,present,I,şimdi
15914,4154,stain,present,you,şimdi
15915,4154,stains,present,he/she,şimdi
15916,4154,stain,present,we,şimdi
15917,4154,stain,present,you (pl),şimdi
15918,4154,stain,present,they,şimdi
15919,4154,stained,past,I,di
15920,4154,stained,past,you,di
15921,4154,stained,past,he/she,di
15922,4154,stained,past,we,di
15923,4154,stained,past,you (pl),di
15924,4154,stained,past,they,di
15925,4154,will stain,future,I,gelecek
15926,4154,will stain,future,you,gelecek
15927,4154,will stain,future,he/she,gelecek
15928,4154,will stain,future,we,gelecek
15929,4154,will stain,future,you (pl),gelecek
15930,4154,will stain,future,they,gelecek
15931,4158,fool,present,I,şimdi
15932,4158,fool,present,you,şimdi
15933,4158,fools,present,he/she,şimdi
15934,4158,fool,present,we,şimdi
15935,4158,fool,present,you (pl),şimdi
15936,4158,fool,present,they,şimdi
15937,4158,fooled,past,I,di
15938,4158,fooled,past,you,di
15939,4158,fooled,past,he/she,di
15940,4158,fooled,past,we,di
15941,4158,fooled,past,you (pl),di
15942,4158,fooled,past,they,di
15943,4158,will fool,future,I,gelecek
15944,4158,will fool,future,you,gelecek
15945,4158,will fool,future,he/she,gelecek
15946,4158,will fool,future,we,gelecek
15947,4158,will fool,future,you (pl),gelecek
15948,4158,will fool,future,they,gelecek
15949,4160,unite,present,I,şimdi
15950,4160,unite,present,you,şimdi
15951,4160,unites,present,he/she,şimdi
15952,4160,unite,present,we,şimdi
15953,4160,unite,present,you (pl),şimdi
15954,4160,unite,present,they,şimdi
15955,4160,united,past,I,di
15956,4160,united,past,you,di
15957,4160,united,past,he/she,di
15958,4160,united,past,we,di
15959,4160,united,past,you (pl),di
15960,4160,united,past,they,di
15961,4160,will unite,future,I,gelecek
15962,4160,will unite,future,you,gelecek
15963,4160,will unite,future,he/she,gelecek
15964,4160,will unite,future,we,gelecek
15965,4160,will unite,future,you (pl),gelecek
15966,4160,will unite,future,they,gelecek
15967,4162,compute,present,I,şimdi
15968,4162,compute,present,you,şimdi
15969,4162,computes,present,he/she,şimdi
15970,4162,compute,present,we,şimdi
15971,4162,compute,present,you (pl),şimdi
15972,4162,compute,present,they,şimdi
15973,4162,computed,past,I,di
15974,4162,computed,past,you,di
15975,4162,computed,past,he/she,di
15976,4162,computed,past,we,di
15977,4162,computed,past,you (pl),di
15978,4162,computed,past,they,di
15979,4162,will compute,future,I,gelecek
15980,4162,will compute,future,you,gelecek
15981,4162,will compute,future,he/she,gelecek
15982,4162,will compute,future,we,gelecek
15983,4162,will compute,future,you (pl),gelecek
15984,4162,will compute,future,they,gelecek
15985,4164,gaze,present,I,şimdi
15986,4164,gaze,present,you,şimdi
15987,4164,gazes,present,he/she,şimdi
15988,4164,gaze,present,we,şimdi
15989,4164,gaze,present,you (pl),şimdi
15990,4164,gaze,present,they,şimdi
15991,4164,gazed,past,I,di
15992,4164,gazed,past,you,di
15993,4164,gazed,past,he/she,di
15994,4164,gazed,past,we,di
15995,4164,gazed,past,you (pl),di
15996,4164,gazed,past,they,di
15997,4164,will gaze,future,I,gelecek
15998,4164,will gaze,future,you,gelecek
15999,4164,will gaze,future,he/she,gelecek
16000,4164,will gaze,future,we,gelecek
16001,4164,will gaze,future,you (pl),gelecek
16002,4164,will gaze,future,they,gelecek
16003,4165,fade,present,I,şimdi
16004,4165,fade,present,you,şimdi
16005,4165,fades,present,he/she,şimdi
16006,4165,fade,present,we,şimdi
16007,4165,fade,present,you (pl),şimdi
16008,4165,fade,present,they,şimdi
16009,4165,faded,past,I,di
16010,4165,faded,past,you,di
16011,4165,faded,past,he/she,di
16012,4165,faded,past,we,di
16013,4165,faded,past,you (pl),di
16014,4165,faded,past,they,di
16015,4165,will fade,future,I,gelecek
16016,4165,will fade,future,you,gelecek
16017,4165,will fade,future,he/she,gelecek
16018,4165,will fade,future,we,gelecek
16019,4165,will fade,future,you (pl),gelecek
16020,4165,will fade,future,they,gelecek
16021,4181,grin,present,I,şimdi
16022,4181,grin,present,you,şimdi
16023,4181,grins,present,he/she,şimdi
16024,4181,grin,present,we,şimdi
16025,4181,grin,present,you (pl),şimdi
16026,4181,grin,present,they,şimdi
16027,4181,grinned,past,I,di
16028,4181,grinned,past,you,di
16029,4181,grinned,past,he/she,di
16030,4181,grinned,past,we,di
16031,4181,grinned,past,you (pl),di
16032,4181,grinned,past,they,di
16033,4181,will grin,future,I,gelecek
16034,4181,will grin,future,you,gelecek
16035,4181,will grin,future,he/she,gelecek
16036,4181,will grin,future,we,gelecek
16037,4181,will grin,future,you (pl),gelecek
16038,4181,will grin,future,they,gelecek
16039,4186,insure,present,I,şimdi
16040,4186,insure,present,you,şimdi
16041,4186,insures,present,he/she,şimdi
16042,4186,insure,present,we,şimdi
16043,4186,insure,present,you (pl),şimdi
16044,4186,insure,present,they,şimdi
16045,4186,insured,past,I,di
16046,4186,insured,past,you,di
16047,4186,insured,past,he/she,di
16048,4186,insured,past,we,di
16049,4186,insured,past,you (pl),di
16050,4186,insured,past,they,di
16051,4186,will insure,future,I,gelecek
16052,4186,will insure,future,you,gelecek
16053,4186,will insure,future,he/she,gelecek
16054,4186,will insure,future,we,gelecek
16055,4186,will insure,future,you (pl),gelecek
16056,4186,will insure,future,they,gelecek
16057,4188,found,present,I,şimdi
16058,4188,found,present,you,şimdi
16059,4188,founds,present,he/she,şimdi
16060,4188,found,present,we,şimdi
16061,4188,found,present,you (pl),şimdi
16062,4188,found,present,they,şimdi
16063,4188,founded,past,I,di
16064,4188,founded,past,you,di
16065,4188,founded,past,he/she,di
16066,4188,founded,past,we,di
16067,4188,founded,past,you (pl),di
16068,4188,founded,past,they,di
16069,4188,will found,future,I,gelecek
16070,4188,will found,future,you,gelecek
16071,4188,will found,future,he/she,gelecek
16072,4188,will found,future,we,gelecek
16073,4188,will found,future,you (pl),gelecek
16074,4188,will found,future,they,gelecek
