id,word_id,example,translate
1,1,"Hola, ¿cómo estás?","Привет, как дела?"
2,2,"Buenos días, señora Pérez.","Доброе утро, señora Pérez."
3,3,"Buenas tardes, amigos.","Добрый день, друзья."
4,4,"Buenas noches, que descanses.","Добрый вечер, отдыхай."
5,5,"Adiós, hasta mañana.","До свидания, до завтра."
6,6,"Hasta luego, nos vemos pronto.","До скорого, увидимся скоро."
7,7,"¿Me ayudas, por favor?","Поможешь мне, пожалуйста?"
8,8,Gracias por tu ayuda.,Спасибо за твою помощь.
9,9,—Gracias. —De nada.,—Спасибо. —Не за что.
10,10,"Perdón, no te vi.","Простите, я вас не увидел."
11,11,"Lo siento, no puedo ir.","Мне жаль, я не могу пойти."
12,12,"Sí, me gusta mucho.","Да, мне это очень нравится."
13,13,"No, no tengo tiempo.","Нет, у меня нет времени."
14,14,Voy a llamar a mi amigo.,Я собираюсь позвонить другу.
15,15,Yo soy estudiante de español.,Я студент испанского языка.
16,16,Ella está en casa ahora.,Она сейчас дома.
17,17,Mi nombre es Carlos.,Меня зовут Карлос.
18,18,Su apellido es Gómez.,Его фамилия Гомес.
19,19,Ella es una persona amable.,Она добрый человек.
20,20,La clase empieza a las diez.,Занятие начинается в десять.
21,21,El profesor enseña matemáticas en la escuela.,Преподаватель учит математику в школе.
22,22,Soy estudiante de español en la universidad.,Я студент испанского языка в университете.
23,23,El aula está llena de estudiantes.,Аудитория полна студентов.
24,24,Tengo un libro interesante sobre historia.,У меня есть интересная книга по истории.
25,25,Ella escribe en su cuaderno todos los días.,Она пишет в своей тетради каждый день.
26,26,Necesito un boli para firmar el documento.,"Мне нужна ручка, чтобы подписать документ."
27,27,El lápiz está sobre la mesa.,Карандаш лежит на столе.
28,28,La mesa es de madera y muy grande.,Стол из дерева и очень большой.
29,29,La silla es cómoda para estudiar.,Стул удобен для учебы.
30,30,La pizarra está llena de notas.,Доска полна заметок.
31,31,Yo voy al cine esta noche.,Я иду в кино сегодня вечером.
32,32,Tú hablas español muy bien.,Ты говоришь по-испански очень хорошо.
33,33,Él es mi mejor amigo.,Он мой лучший друг.
34,34,Ella estudia en la biblioteca.,Она учится в библиотеке.
35,35,Nosotros vamos a la playa mañana.,Мы идем на пляж завтра.
36,36,Vosotros tenéis clase a las diez.,Вы (мн.) имеете занятие в десять.
37,37,Ellos juegan fútbol en el parque.,Они играют в футбол в парке.
38,38,Usted es muy amable con todos.,Вы (вежл.) очень любезны со всеми.
39,39,Me gusta el té y el café.,Мне нравится чай и кофе.
40,40,¿Quieres té o café?,Ты хочешь чай или кофе?
41,41,"Quiero ir al cine, pero estoy cansado.","Я хочу пойти в кино, но я устал."
42,42,"Me gusta el café, también me gusta el té.","Мне нравится кофе, тоже нравится чай."
43,43,"No tengo dinero, tampoco tengo tiempo.","У меня нет денег, тоже нет времени."
44,44,Mi nacionalidad es rusa.,Моя национальность русская.
45,45,Rusia es un país grande.,Россия — большая страна.
46,46,Ella es española y vive en Madrid.,Она испанка и живет в Мадриде.
47,47,Él es ruso y habla inglés.,Он русский и говорит по-английски.
48,48,El inglés es un idioma muy importante.,Английский язык очень важен.
49,49,El francés es un idioma hermoso.,Французский язык красивый.
50,50,El alemán es difícil de aprender.,Немецкий язык трудно учить.
51,51,El café italiano es muy bueno.,Итальянский кофе очень хороший.
52,52,El chino es un idioma tonal.,Китайский язык — тональный язык.
53,53,El japonés tiene tres alfabetos.,В японском языке три алфавита.
54,54,El arte mexicano es muy colorido.,Мексиканское искусство очень красочное.
55,55,El tango es un baile argentino.,Танго — аргентинский танец.
56,56,El fútbol brasileño es famoso en el mundo.,Бразильский футбол известен во всем мире.
57,57,Ella es estadounidense y vive en Nueva York.,Она американка и живет в Нью-Йорке.
58,58,España es famosa por su cultura.,Испания известна своей культурой.
59,59,Rusia tiene muchos paisajes hermosos.,В России много красивых пейзажей.
60,60,El español es un idioma muy hablado.,Испанский язык очень распространен.
61,61,Yo quiero hablar con mi amigo.,Я хочу поговорить с моим другом.
62,62,Yo quiero vivir en España.,Я хочу жить в Испании.
63,63,Ella trabaja en una oficina.,Она работает в офисе.
64,64,Nosotros estudiamos español todos los días.,Мы учим испанский каждый день.
65,65,Mi profesión es profesora de matemáticas.,Моя профессия - учитель математики.
66,66,El médico cuida a sus pacientes.,Врач заботится о своих пациентах.
67,67,El enfermero ayuda al médico en el hospital.,Медбрат помогает врачу в больнице.
68,68,Mi hermano es ingeniero de software.,Мой брат - инженер-программист.
69,69,Mi hermano es abogado en la ciudad.,Мой брат адвокат в городе.
70,70,El camarero trae la comida a la mesa.,Официант приносит еду к столу.
71,71,El cocinero prepara una cena deliciosa.,Повар готовит вкусный ужин.
72,72,El periodista escribe para un periódico.,Журналист пишет для газеты.
73,73,El artista pinta cuadros hermosos.,Художник рисует красивые картины.
74,74,El músico toca la guitarra en el parque.,Музыкант играет на гитаре в парке.
75,75,La policia ayuda a las personas.,Полиция помогает людям.
76,76,El taxista me lleva al aeropuerto.,Таксист отвозит меня в аэропорт.
77,77,Mi edad es veinte años.,Мой возраст двадцать лет.
78,78,"Mi número de teléfono es seis, cinco, tres.","Мой номер телефона шесть, пять, три."
79,79,¿Tienes un teléfono móvil nuevo?,У тебя есть новый мобильный телефон?
80,80,Envíame un correo electrónico por favor.,"Отправь мне, пожалуйста, электронное письмо."
81,81,¿Cuál es tu dirección en la ciudad?,Какой у тебя адрес в городе?
82,82,Nosotros tenemos un perro grande.,У нас есть большая собака.
83,83,Hay un parque cerca de mi casa.,Недалеко от моего дома есть парк.
84,84,¿Cuánto cuesta este libro en la tienda?,Сколько стоит эта книга в магазине?
85,85,"¿De dónde eres tú, amigo?","Откуда ты, друг?"
86,86,¿Qué quieres comer hoy en el restaurante?,Что ты хочешь поесть сегодня в ресторане?
87,87,Vivo en una ciudad muy grande y bonita.,Я живу в очень большом и красивом городе.
88,88,El pueblo tiene una plaza muy hermosa.,В посёлке есть очень красивая площадь.
89,89,Mi barrio es tranquilo y tiene muchos árboles.,Мой район спокойный и имеет много деревьев.
90,90,La calle está llena de coches y bicicletas.,Улица полна машин и велосипедов.
91,91,Nos encontramos en la plaza del pueblo a las cinco.,Мы встречаемся на площади посёлка в пять.
92,92,El parque es un buen lugar para pasear.,Парк - хорошее место для прогулок.
93,93,El museo tiene muchas exposiciones interesantes.,В музее много интересных выставок.
94,94,Vamos al teatro a ver una obra esta noche.,Мы идём в театр смотреть спектакль этой ночью.
95,95,El cine está cerca de la plaza principal.,Кинотеатр находится рядом с главной площадью.
96,96,El restaurante sirve comida deliciosa y variada.,Ресторан подаёт вкусную и разнообразную еду.
97,97,El bar tiene una buena selección de bebidas.,В баре хороший выбор напитков.
98,98,Me gusta ir al café a tomar un café.,Мне нравится ходить в кафе пить кофе.
99,99,La tienda vende ropa y zapatos nuevos.,Магазин продаёт новую одежду и обувь.
100,100,Voy al supermercado a comprar comida.,"Я иду в супермаркет, чтобы купить еду."
101,101,La farmacia está cerca de mi casa.,Аптека находится рядом с моим домом.
102,102,El hospital está en la ciudad.,Больница находится в городе.
103,103,Voy al banco a retirar dinero.,"Я иду в банк, чтобы снять деньги."
104,104,El correo llega a las diez de la mañana.,Почта приходит в десять утра.
105,105,La estación de tren está muy ocupada.,Вокзал очень занят.
106,106,El aeropuerto está lejos de aquí.,Аэропорт далеко отсюда.
107,107,El hotel tiene buenas habitaciones.,В отеле хорошие номера.
108,108,La iglesia está abierta los domingos.,Церковь открыта по воскресеньям.
109,109,La escuela comienza a las ocho de la mañana.,Школа начинается в восемь утра.
110,110,La universidad ofrece muchas carreras.,Университет предлагает много специальностей.
111,111,La biblioteca tiene muchos libros interesantes.,В библиотеке много интересных книг.
112,112,Voy al gimnasio tres veces a la semana.,Я хожу в спортзал три раза в неделю.
113,113,La playa está llena de turistas en verano.,Пляж полон туристов летом.
114,114,El mar está tranquilo hoy.,Море сегодня спокойное.
115,115,El río es muy largo y bonito.,Река очень длинная и красивая.
116,116,La montaña tiene mucha nieve en invierno.,На горе много снега зимой.
117,117,El norte es más frío que el sur.,"Север холоднее, чем юг."
118,118,Vivo en el sur de España.,Я живу на юге Испании.
119,119,El este es donde sale el sol.,"Восток — это место, где встает солнце."
120,120,El oeste es conocido por sus atardeceres.,Запад известен своими закатами.
121,121,La tienda está cerca de mi casa.,Магазин находится близко от моего дома.
122,122,El parque está lejos de aquí.,Парк находится далеко отсюда.
123,123,El libro está aquí en la mesa.,Книга здесь на столе.
124,124,La estación de tren está allí.,Вокзал находится там.
125,125,La farmacia está a la derecha de la calle.,Аптека находится справа от улицы.
126,126,El banco está a la izquierda del supermercado.,Банк находится слева от супермаркета.
127,127,Voy a ir al cine esta noche.,Я собираюсь идти в кино сегодня вечером.
128,128,Ese perro es muy grande y fuerte.,Такая собака очень большая и сильная.
129,129,Mi gato es pequeño y juguetón.,Мой кот маленький и игривый.
130,130,El vestido es muy bonito y nuevo.,Платье очень красивое и новое.
131,131,Ese edificio es feo y viejo.,То здание некрасивое и старое.
132,132,Me gusta mucho la comida mexicana.,Мне очень нравится мексиканская еда.
133,133,Me encanta viajar por el mundo.,Я обожаю путешествовать по миру.
134,134,Me interesa aprender nuevos idiomas.,Меня интересует изучение новых языков.
135,135,No quiero odiar a nadie en mi vida.,Я не хочу ненавидеть никого в своей жизни.
136,136,Yo prefiero el té en la mañana.,Я предпочитаю чай утром.
137,137,Me gusta escuchar música clásica.,Мне нравится слушать классическую музыку.
138,138,El fútbol es mi deporte favorito.,Футбол — мой любимый вид спорта.
139,139,La lectura es muy importante para mí.,Чтение очень важно для меня.
140,140,El viaje a España fue increíble.,Путешествие в Испанию было невероятным.
141,141,Me gusta tomar fotografías en el parque.,Мне нравится делать фотографии в парке.
142,142,El baile es muy divertido en la fiesta.,Танцы очень веселые на вечеринке.
143,143,La cocina de mi casa es grande y bonita.,Кухня в моем доме большая и красивая.
144,144,Ayer jugué al fútbol con mis amigos.,Вчера я играл в футбол с друзьями.
145,145,Ella juega al tenis los fines de semana.,Она играет в теннис по выходным.
146,146,La natación es mi deporte favorito.,Плавание — мой любимый спорт.
147,147,Me gusta correr por la mañana.,Мне нравится бегать по утрам.
148,148,Me gusta nadar en el mar.,Мне нравится плавать в море.
149,149,Nosotros bailamos en la fiesta de cumpleaños.,Мы танцуем на день рождения.
150,150,Ella canta muy bien en el coro.,Она очень хорошо поет в хоре.
151,151,Me gusta leer libros en mi tiempo libre.,Мне нравится читать книги в свободное время.
152,152,Escucho música mientras estudio.,"Я слушаю музыку, пока учусь."
153,153,Quiero ver una película esta noche.,Я хочу посмотреть фильм сегодня вечером.
154,154,Nosotros viajamos a España en verano.,Мы путешествуем в Испанию летом.
155,155,Me gusta cocinar platos nuevos.,Мне нравится готовить новые блюда.
156,156,Ella pinta cuadros en su tiempo libre.,Она рисует картины в свободное время.
157,157,El niño dibuja en su cuaderno.,Мальчик рисует в своем блокноте.
158,158,Los niños quieren jugar en el parque.,Дети хотят играть в парке.
159,159,Él colecciona monedas antiguas.,Он коллекционирует старинные монеты.
160,160,"En mi tiempo libre, me gusta descansar.",В свободное время мне нравится отдыхать.
161,161,Tengo una afición por la música.,У меня есть увлечение музыкой.
162,162,Me gusta mucho el chocolate.,Мне очень нравится шоколад.
163,163,Ella habla poco en clase.,Она мало говорит на занятиях.
164,164,No tengo nada en mi bolso.,У меня ничего нет в сумке.
165,165,Quiero comer algo delicioso.,Я хочу поесть что-то вкусное.
166,166,Estudia más que su hermano.,"Он учится больше, чем его брат."
167,167,Ella corre menos que él.,"Она бегает меньше, чем он."
168,168,Mi familia es muy unida.,Моя семья очень дружная.
169,169,Mi madre cocina muy bien.,Моя мать очень хорошо готовит.
170,170,Su padre trabaja en una oficina.,Его отец работает в офисе.
171,171,Mi hijo juega en el parque.,Мой сын играет в парке.
172,172,La hija de Ana es muy simpática.,Дочь Аны очень милая.
173,173,Tengo un hermano mayor.,У меня есть старший брат.
174,174,Mi hermana es estudiante.,Моя сестра студентка.
175,175,Mi abuelo vive en el campo.,Мой дедушка живет в деревне.
176,176,La abuela cuenta historias interesantes.,Бабушка рассказывает интересные истории.
177,177,Mi tío tiene un coche nuevo.,У моего дяди новая машина.
178,178,La tía de Juan es muy amable.,Тётя Хуана очень добрая.
179,179,Mi primo juega al fútbol.,Мой двоюродный брат играет в футбол.
180,180,La prima de Marta es artista.,Двоюродная сестра Марты художник.
181,181,Mi marido trabaja en una oficina.,Мой муж работает в офисе.
182,182,La mujer compra frutas en el mercado.,Жена покупает фрукты на рынке.
183,183,Mi novio es muy simpático y divertido.,Мой парень очень симпатичный и веселый.
184,184,La novia lleva un vestido blanco hermoso.,Девушка носит красивое белое платье.
185,185,Tengo un amigo que vive en España.,"У меня есть друг, который живет в Испании."
186,186,Mi amiga estudia en la universidad.,Моя подруга учится в университете.
187,187,Tengo una mascota que es un perro.,"У меня есть питомец, который собака."
188,188,Me levanto temprano cada día.,Я встаю рано каждый день.
189,189,Ellos se acuestan temprano todos los días.,Они ложатся спать рано каждый день.
190,190,Me despierto a las siete de la mañana.,Я просыпаюсь в семь утра.
191,191,Me ducho antes de ir a trabajar.,"Я принимаю душ перед тем, как идти на работу."
192,192,Ella se viste rápidamente para salir.,"Она быстро одевается, чтобы выйти."
193,193,Desayuno café y tostadas cada día.,Я завтракаю кофе и тостами каждый день.
194,194,Nosotros almorzamos en un restaurante cerca de casa.,Мы обедаем в ресторане рядом с домом.
195,195,Vamos a cenar a las ocho.,Мы будем ужинать в восемь.
196,196,Yo vuelvo a casa después del trabajo.,Я возвращаюсь домой после работы.
197,197,Los niños duermen bien por la noche.,Дети спят хорошо ночью.
198,198,El lunes empiezo un nuevo trabajo.,В понедельник я начинаю новую работу.
199,199,El martes tengo una reunión importante.,Во вторник у меня важная встреча.
200,200,El miércoles voy al cine con amigos.,В среду я иду в кино с друзьями.
201,201,El jueves tengo una reunión importante.,В четверг у меня важная встреча.
202,202,El viernes vamos al cine con amigos.,В пятницу мы идем в кино с друзьями.
203,203,El sábado descanso y leo un libro.,В субботу я отдыхаю и читаю книгу.
204,204,El domingo es un día para la familia.,В воскресенье день для семьи.
205,205,La clase empieza a las tres de la hora.,Урок начинается в три часа.
206,206,"Espera un minuto, por favor.","Подожди минуту, пожалуйста."
207,207,Siempre voy al mercado los sábados.,Я всегда хожу на рынок по субботам.
208,208,A veces me gusta cocinar en casa.,Иногда мне нравится готовить дома.
209,209,Nunca bebo café por la noche.,Я никогда не пью кофе вечером.
210,210,Voy al gimnasio todos los días.,Я хожу в спортзал каждый день.
211,211,La comida está lista en la mesa.,Еда готова на столе.
212,212,"Quiero una bebida fría, por favor.","Я хочу холодный напиток, пожалуйста."
213,213,El desayuno es mi comida favorita.,Завтрак — моя любимая еда.
214,214,Hoy tengo un almuerzo con mis colegas.,Сегодня у меня обед с коллегами.
215,215,La cena será a las ocho de la noche.,Ужин будет в восемь вечера.
216,216,Me gusta comer pan con mantequilla.,Мне нравится есть хлеб с маслом.
217,217,Uso aceite de oliva para cocinar.,Я использую оливковое масло для готовки.
218,218,No olvides la sal para la sopa.,Не забудь соль для супа.
219,219,"Añade azúcar al té, por favor.","Добавь сахар в чай, пожалуйста."
220,220,Me gusta la leche con mis cereales.,Мне нравится молоко с моими хлопьями.
221,221,Quiero un vaso de agua.,Я хочу стакан воды.
222,222,Ella toma té por la mañana.,Она пьет чай утром.
223,223,El zumo de naranja es delicioso.,Апельсиновый сок вкусный.
224,224,Nos gusta el vino tinto.,Нам нравится красное вино.
225,225,Él bebe cerveza en el bar.,Он пьет пиво в баре.
226,226,La fruta es buena para la salud.,Фрукты полезны для здоровья.
227,227,Tengo una manzana roja.,У меня есть красное яблоко.
228,228,La naranja es cítrica y dulce.,Апельсин кислый и сладкий.
229,229,El plátano está maduro y rico.,Банан спелый и вкусный.
230,230,Las uvas son pequeñas y moradas.,Виноград маленький и фиолетовый.
231,231,Me encanta la fresa fresca.,Мне нравится свежая клубника.
232,232,La verdura es importante en la dieta.,Овощи важны в рационе.
233,233,El tomate es rojo y jugoso.,Помидор красный и сочный.
234,234,La patata se puede cocinar de muchas formas.,Картофель можно готовить разными способами.
235,235,La cebolla hace llorar a la gente.,Лук заставляет людей плакать.
236,236,El ajo da sabor a la comida.,Чеснок придает вкус еде.
237,237,La lechuga es verde y crujiente.,Салат-латук зеленый и хрустящий.
238,238,La carne de res es muy sabrosa.,Говядина очень вкусная.
239,239,El pollo asado es mi favorito.,Запеченная курица моя любимая.
240,240,El pescado es fresco y saludable.,Рыба свежая и полезная.
241,241,Me gusta comer un huevo para el desayuno.,Мне нравится есть яйцо на завтрак.
242,242,El queso es muy rico en mi país.,Сыр очень вкусный в моей стране.
243,243,Cocino arroz con pollo para la cena.,Я готовлю рис с курицей на ужин.
244,244,La pasta se cocina en agua hirviendo.,Паста варится в кипящей воде.
245,245,Hoy quiero comer sopa de verduras.,Сегодня я хочу поесть овощной суп.
246,246,Ella prepara una ensalada fresca para el almuerzo.,Она готовит свежий салат на обед.
247,247,Vamos a comer en un restaurante italiano.,Мы пойдём поесть в итальянский ресторан.
248,248,Quiero beber agua fría después de correr.,Я хочу пить холодную воду после бега.
249,249,Voy a probar la comida nueva en el mercado.,Я собираюсь попробовать новую еду на рынке.
250,250,Voy a pedir una pizza grande para la cena.,Я собираюсь заказать большую пиццу на ужин.
251,251,"Por favor, trae la cuenta, amigo.","Пожалуйста, принеси счёт, друг."
252,252,Este pastel es muy rico y delicioso.,Этот торт очень вкусный и аппетитный.
253,253,Me gustan los postres dulces y sabrosos.,Мне нравятся сладкие и вкусные десерты.
254,254,El pescado está un poco salado hoy.,Рыба сегодня немного солёная.
255,255,"La salsa es muy picante, ten cuidado.","Соус очень острый, будь осторожен."
256,256,Necesito comprar ropa nueva para el verano.,Мне нужно купить новую одежду на лето.
257,257,Me pongo una camisa blanca para la fiesta.,Я надеваю белую рубашку на вечеринку.
258,258,Ella lleva una camiseta azul hoy.,Сегодня она носит синюю футболку.
259,259,Me compré un pantalón nuevo ayer.,Вчера я купил новые брюки.
260,260,Los vaqueros son mi tipo de pantalones favoritos.,Джинсы — мой любимый тип брюк.
261,261,Ella lleva una falda bonita.,Она носит красивую юбку.
262,262,El vestido es de color azul.,Платье синего цвета.
263,263,Tengo una chaqueta nueva.,У меня есть новая куртка.
264,264,El abrigo es muy cálido.,Пальто очень тёплое.
265,265,Mis zapatos son cómodos.,Мои туфли удобные.
266,266,Ella usa botas negras.,Она носит чёрные ботинки.
267,267,Mis zapatillas son rojas.,Мои кроссовки красные.
268,268,Él lleva un sombrero grande.,Он носит большую шляпу.
269,269,La gorra es de color verde.,Кепка зелёного цвета.
270,270,Tengo una bufanda blanca.,У меня есть белый шарф.
271,271,Los guantes son de cuero.,Перчатки из кожи.
272,272,Mis calcetines son grises.,Мои носки серые.
273,273,Mi color favorito es rojo.,Мой любимый цвет красный.
274,274,El coche es rojo.,Машина красная.
275,275,El cielo es azul hoy.,Небо сегодня синее.
276,276,La hierba es verde en verano.,Трава зелёная летом.
277,277,El sol es amarillo.,Солнце жёлтое.
278,278,El gato es negro.,Кот чёрный.
279,279,El coche es blanco y muy rápido.,Машина белая и очень быстрая.
280,280,El coche es gris.,Машина серая.
281,281,El sofá es de color marrón.,Диван коричневого цвета.
282,282,Ella lleva un vestido rosa.,На ней розовое платье.
283,283,Hoy llevo una camisa nueva.,Сегодня я ношу новую рубашку.
284,284,Él se pone una chaqueta porque hace frío.,"Он надевает куртку, потому что холодно."
285,285,Él se quita las gafas al entrar.,"Он снимает очки, входя."
286,286,Voy a comprar pan en la tienda.,Я собираюсь купить хлеб в магазине.
287,287,Ellos venden frutas frescas en el mercado.,Они продают свежие фрукты на рынке.
288,288,Voy a pagar con tarjeta de crédito.,Я собираюсь платить кредитной картой.
289,289,Este libro cuesta diez euros.,Эта книга стоит десять евро.
290,290,El vestido es muy barato ahora.,Платье сейчас очень дешёвое.
291,291,Ese coche es muy caro para mí.,Эта машина для меня очень дорогая.
292,292,¿Cuál es tu talla de zapatos?,Какой у тебя размер обуви?
293,293,Las rebajas empiezan la próxima semana.,Скидки начинаются на следующей неделе.
294,294,Voy al probador para probarme esta ropa.,"Я иду в примерочную, чтобы примерить эту одежду."
295,295,Necesito una tarjeta para pagar.,"Мне нужна карта, чтобы заплатить."
296,296,La descripción del producto es clara.,Описание товара ясное.
297,297,Ella tiene el pelo largo y lacio.,У неё длинные прямые волосы.
298,298,Sus ojos son de color verde.,Её глаза зелёного цвета.
299,299,Él es muy alto para su edad.,Он очень высокий для своего возраста.
300,300,El perro es bajo y gordo.,Собака низкая и толстая.
301,301,Él es delgado y alto.,Он худой и высокий.
302,302,Mi perro es gordo y feliz.,Моя собака полная и счастливая.
303,303,Ella es joven y estudiosa.,Она молодая и прилежная.
304,304,Mi abuelo es mayor que mi abuela.,Мой дедушка старше бабушки.
305,305,El profesor es muy simpático.,Учитель очень милый.
306,306,Ese hombre es muy antipático.,Тот человек очень неприятный.
307,307,Mi hermana es inteligente y rápida.,Моя сестра умная и быстрая.
308,308,El juego es muy divertido para los niños.,Игра очень весёлая для детей.
309,309,El examen es serio y difícil.,Экзамен серьёзный и трудный.
310,310,Él es tímido en las fiestas.,Он застенчив на вечеринках.
311,311,Mi amigo es muy extrovertido y divertido.,Мой друг очень экстраверт и веселый.
312,312,Mi padre es un hombre trabajador.,Мой отец трудолюбивый человек.
313,313,El gato es perezoso y duerme todo el día.,Кот ленивый и спит весь день.
314,314,El camarero es muy amable y servicial.,Официант очень любезный и услужливый.
315,315,Su carácter es fuerte y decidido.,Его характер сильный и решительный.
316,316,Parece que va a llover hoy.,"Кажется, сегодня будет дождь."
317,317,Ella lleva gafas azules.,Она носит синие очки.
318,318,Él tiene una barba larga y negra.,У него длинная чёрная борода.
319,319,Su bigote es muy elegante.,Его усы очень элегантные.
320,320,Su sonrisa es contagiosa y hermosa.,Её улыбка заразительна и красива.
321,321,El cuerpo necesita agua para funcionar.,"Тело нуждается в воде, чтобы функционировать."
322,322,Me duele la cabeza hoy.,У меня сегодня болит голова.
323,323,Ella levanta la mano en clase.,Она поднимает руку на уроке.
324,324,Él se lastimó el pie jugando.,"Он повредил ногу, играя."
325,325,Tengo mucha experiencia en este trabajo.,У меня много опыта в этой работе.
326,326,Voy a visitar a mis abuelos mañana.,Я собираюсь посетить своих бабушку и дедушку завтра.
327,327,Quiero conocer a tus amigos.,Я хочу познакомиться с твоими друзьями.
328,328,Voy a hacer la cena esta noche.,Я собираюсь сделать ужин сегодня вечером.
329,329,Quiero salir con mis amigos mañana.,Я хочу выйти с друзьями завтра.
330,330,Ellos llegan tarde a la reunión.,Они опаздывают на встречу.
331,331,Vamos a pasar tiempo juntos este fin de semana.,Мы собираемся провести время вместе в эти выходные.
332,332,Algunas veces voy al cine solo.,Иногда я хожу в кино один.
333,333,¿Has viajado a España alguna vez?,Ты когда-нибудь ездил в Испанию?
334,334,Todavía no he comido nada hoy.,Я ещё не ел ничего сегодня.
335,335,Ya he terminado mi tarea.,Я уже закончил своё задание.
336,336,La última vez que fui a la playa fue en verano.,В последний раз я был на пляже летом.
337,337,Este finde vamos a la montaña.,В эти выходные мы едем в горы.
338,338,Mis vacaciones empiezan en julio.,Мои каникулы начинаются в июле.
339,339,La fiesta es el sábado por la noche.,Вечеринка в субботу вечером.
340,340,Celebro mi cumpleaños con amigos.,Я отмечаю свой день рождения с друзьями.
341,341,Hoy tengo un regalo para ti.,Сегодня у меня есть подарок для тебя.
342,342,Me gusta tomar una foto de la playa.,Мне нравится делать фото пляжа.
343,343,Este recuerdo es de mis vacaciones.,Этот сувенир из моего отпуска.
344,344,El año pasado viajé a España.,В прошлый год я путешествовал в Испанию.
345,345,El español es una lengua hermosa.,Испанский язык красивый.
346,346,Ella tiene un acento muy bonito.,У неё очень красивый акцент.
347,347,La pronunciación en español es importante.,Произношение на испанском языке важно.
348,348,Quiero aprender más vocabulario en español.,Я хочу выучить больше словарного запаса на испанском.
349,349,La gramática española tiene reglas específicas.,Испанская грамматика имеет свои правила.
350,350,Puedo traducir este texto al español.,Я могу перевести этот текст на испанский.
351,351,Es fácil entender las instrucciones.,Легко понять инструкции.
352,352,Voy a explicar la lección de hoy.,Я объясню урок сегодня.
353,353,"Puedes repetir la frase, por favor.","Ты можешь повторить фразу, пожалуйста."
354,354,A veces es normal equivocarse.,Иногда нормально ошибаться.
355,355,Quiero mejorar mi español este año.,Я хочу улучшить свой испанский в этом году.
356,356,Es importante practicar todos los días.,Важно практиковать каждый день.
357,357,La dificultad del examen fue alta.,Сложность экзамена была высокой.
358,358,Este ejercicio es muy fácil de hacer.,Это упражнение очень лёгкое для выполнения.
359,359,El examen fue más difícil de lo esperado.,"Экзамен был труднее, чем ожидалось."
360,360,Su español es muy fluido y fácil de entender.,Его испанский очень беглый и легкий для понимания.
361,361,Soy nativo de México.,Я родом из Мексики.
362,362,Mi amigo es bilingüe y habla inglés y español.,Мой друг двуязычный и говорит на английском и испанском.
363,363,Me siento feliz cuando estoy contigo.,"Я чувствую себя счастливым, когда я с тобой."
364,364,La emoción de la fiesta fue increíble.,Эмоция на вечеринке была невероятной.
365,365,La alegría de los niños es contagiosa.,Радость детей заразительна.
366,366,Siento tristeza cuando veo películas melancólicas.,"Я чувствую грусть, когда смотрю меланхоличные фильмы."
367,367,El miedo a la oscuridad es común en los niños.,Страх перед темнотой распространен среди детей.
368,368,La rabia puede ser difícil de controlar a veces.,Ярость иногда бывает трудно контролировать.
369,369,Estoy nervioso antes de la presentación.,Я нервный перед презентацией.
370,370,Es importante sentirse tranquilo en situaciones difíciles.,Важно чувствовать себя спокойным в трудных ситуациях.
371,371,Él está enfadado porque perdió su libro.,"Он злой, потому что потерял свою книгу."
372,372,Estoy contento con los resultados de mi examen.,Я доволен результатами своего экзамена.
373,373,Nos llevamos bien desde que nos conocimos.,"Мы ладим с тех пор, как познакомились."
374,374,A Juan le cae bien su nuevo compañero.,Хуану нравится его новый коллега.
375,375,Estoy leyendo la biografía de un famoso escritor.,Я читаю биографию известного писателя.
376,376,Ella nació en una pequeña ciudad.,Она родилась в маленьком городе.
377,377,Los niños crecen rápido en los primeros años.,Дети быстро растут в первые годы.
378,378,Voy a graduarme el próximo año de la universidad.,Я закончу вуз в следующем году.
379,379,Ellos quieren casarse en la playa el verano próximo.,Они хотят жениться на пляже следующим летом.
380,380,Decidieron divorciarse después de muchos años juntos.,Они решили развестись после многих лет вместе.
381,381,Los árboles pueden morir sin agua.,Деревья могут умирать без воды.
382,382,Decidí mudarse a una nueva ciudad.,Я решил переехать в новый город.
383,383,Voy a empezar un nuevo libro hoy.,Я собираюсь начать новую книгу сегодня.
384,384,Ella quiere terminar su tarea temprano.,Она хочет закончить свое задание рано.
385,385,El equipo espera ganar el partido mañana.,Команда надеется выиграть матч завтра.
386,386,No quiero perder mi tiempo en esto.,Я не хочу терять свое время на это.
387,387,Quiero descubrir nuevos lugares en mi viaje.,Я хочу открыть новые места в своей поездке.
388,388,Él es un actor famoso en España.,Он знаменитый актер в Испании.
389,389,Juan es un empresario muy exitoso.,Хуан - очень успешный бизнесмен.
390,390,Recuerdo mi infancia con mucha alegría.,Я помню свое детство с большой радостью.
391,391,La juventud es una etapa muy importante.,Молодость — это очень важный этап.
392,392,La edad adulta trae muchas responsabilidades.,Взрослая жизнь приносит много ответственности.
393,393,Él está estudiando para su carrera en medicina.,Он учится для своей карьеры в медицине.
394,394,Ganó un premio por su excelente trabajo.,Он получил премию за свою отличную работу.
395,395,El éxito requiere esfuerzo y dedicación.,Успех требует усилий и преданности.
396,396,"El fracaso no es el fin, es una lección.","Неудача — это не конец, это урок."
397,397,Vivo en una casa cerca del parque.,Я живу в доме рядом с парком.
398,398,Trabajo aquí desde hace tres años.,Я работаю здесь с трех лет.
399,399,La tienda está abierta hasta las diez de la noche.,Магазин открыт до десяти часов вечера.
400,400,"Durante el verano, me gusta viajar.",Летом мне нравится путешествовать.
401,401,Hace frío en la mañana.,Утром холодно.
402,402,Vivo en una casa grande.,Я живу в большом доме.
403,403,Mi piso tiene tres habitaciones.,В моей квартире три комнаты.
404,404,La habitación está muy limpia.,Комната очень чистая.
405,405,El salón es muy acogedor.,Гостиная очень уютная.
406,406,El baño tiene una ducha nueva.,В ванной есть новый душ.
407,407,El dormitorio está al final del pasillo.,Спальня в конце коридора.
408,408,El pasillo es largo y estrecho.,Коридор длинный и узкий.
409,409,Me gusta tomar café en la terraza.,Мне нравится пить кофе на террасе.
410,410,El balcón tiene vistas al mar.,С балкона вид на море.
411,411,El jardín tiene muchas flores.,В саду много цветов.
412,412,El garaje está lleno de herramientas.,Гараж полон инструментов.
413,413,El ascensor no funciona hoy.,Лифт сегодня не работает.
414,414,La escalera es de madera.,Лестница деревянная.
415,415,El mueble es muy antiguo.,Мебель очень старая.
416,416,El sofá es cómodo y grande.,Диван удобный и большой.
417,417,El sillón está en la esquina.,Кресло стоит в углу.
418,418,La estantería tiene muchos libros.,На стеллаже много книг.
419,419,El armario está lleno de ropa.,Шкаф полон одежды.
420,420,La cama es muy cómoda.,Кровать очень удобная.
421,421,La lámpara está sobre la mesa.,Лампа стоит на столе.
422,422,Tengo una alfombra roja en el salón.,У меня в гостиной есть красный ковёр.
423,423,Las cortinas son de color azul claro.,Шторы светло-голубого цвета.
424,424,La nevera está llena de comida.,Холодильник полон еды.
425,425,La lavadora está en la cocina.,Стиральная машина находится на кухне.
426,426,Quiero alquilar un apartamento en la ciudad.,Я хочу снять квартиру в городе.
427,427,Voy a comparar los precios de los coches.,Я собираюсь сравнить цены на автомобили.
428,428,Este libro es más interesante que el otro.,"Эта книга более интересная, чем другая."
429,429,Mi hermano es tan alto como yo.,"Мой брат такой же высокий, как я."
430,430,Este sofá es muy cómodo para sentarse.,Этот диван очень удобный для сидения.
431,431,El cuarto es luminoso y agradable.,Комната светлая и приятная.
432,432,El barrio es muy ruidoso por la noche.,Район очень шумный ночью.
433,433,El apartamento está amueblado y listo para vivir.,Квартира меблирована и готова к заселению.
434,434,Mi vecino tiene un perro grande.,У моего соседа есть большая собака.
435,435,Tengo una receta para hacer pastel.,"У меня есть рецепт, как приготовить торт."
436,436,El ingrediente principal es el chocolate.,Основной ингредиент - это шоколад.
437,437,Agrega una cucharada de azúcar al café.,Добавь столовую ложку сахара в кофе.
438,438,Compré un kilo de manzanas hoy.,Я купил килограмм яблок сегодня.
439,439,Necesito un litro de leche para la receta.,Мне нужен литр молока для рецепта.
440,440,Corta un trozo de pan para la cena.,Нарежь кусок хлеба для ужина.
441,441,Voy a cortar la cebolla para la ensalada.,Я собираюсь нарезать лук для салата.
442,442,Es importante mezclar bien los ingredientes.,Важно хорошо смешать ингредиенты.
443,443,Me gusta freír las patatas en aceite.,Мне нравится жарить картошку на масле.
444,444,Voy a hervir agua para el té.,Я собираюсь кипятить воду для чая.
445,445,Ella quiere hornear un pastel para la fiesta.,Она хочет испечь торт для вечеринки.
446,446,Puedes añadir sal al plato si quieres.,"Ты можешь добавить соль в блюдо, если хочешь."
447,447,Voy a servir la cena a las siete.,Я подам ужин в семь.
448,448,El ejercicio diario es un buen hábito.,Ежедневные упражнения — это хорошая привычка.
449,449,Sigue una dieta equilibrada para estar sano.,"Следуй сбалансированному рациону, чтобы быть здоровым."
450,450,Mi amigo es vegetariano y no come carne.,Мой друг — вегетарианец и не ест мясо.
451,451,Tengo alergia a los frutos secos.,У меня аллергия на орехи.
452,452,Comer frutas y verduras es saludable.,Есть фрукты и овощи полезно.
453,453,El pan de mi abuela es casero.,Хлеб у бабушки домашний.
454,454,Es importante tirar la basura en su lugar.,Важно выбрасывать мусор в его место.
455,455,El reciclaje ayuda a cuidar el medio ambiente.,Переработка помогает заботиться об окружающей среде.
456,456,Voy al mercado a comprar frutas frescas.,"Я иду на рынок, чтобы купить свежие фрукты."
457,457,Haz una lista de la compra antes de ir al supermercado.,Составь список покупок перед походом в супермаркет.
458,458,Te doy un consejo sobre la alimentación.,Я даю тебе совет по питанию.
459,459,Quiero recomendarte un buen restaurante.,Я хочу порекомендовать тебе хороший ресторан.
460,460,Debo estudiar para el examen mañana.,Я должен учиться к экзамену завтра.
461,461,Tengo que ir al médico hoy.,Я должен идти к врачу сегодня.
462,462,Hay que comer frutas para estar sano.,"Нужно есть фрукты, чтобы быть здоровым."
463,463,Está prohibido fumar en este lugar.,Курить в этом месте запрещено.
464,464,Aquí está permitido aparcar el coche.,Здесь разрешено парковать машину.
465,465,La salud es muy importante para todos.,Здоровье очень важно для всех.
466,466,Siento un dolor en el estómago.,Я чувствую боль в желудке.
467,467,Mi estómago está un poco irritado hoy.,Мой желудок сегодня немного раздражен.
468,468,Me duele la garganta cuando trago.,"У меня болит горло, когда я глотаю."
469,469,Tengo tos y no puedo dormir bien.,"У меня кашель, и я не могу хорошо спать."
470,470,Ella tiene fiebre y necesita descansar.,"У нее температура, и ей нужно отдохнуть."
471,471,Estoy resfriado y no voy a trabajar.,Я простудился и не пойду на работу.
472,472,La gripe puede ser muy contagiosa.,Грипп может быть очень заразным.
473,473,Tengo una herida en la mano.,У меня рана на руке.
474,474,Necesito medicina para el resfriado.,Мне нужно лекарство от простуды.
475,475,Toma una pastilla para el dolor de cabeza.,Прими таблетку от головной боли.
476,476,Él está enfermo y no puede salir.,Он больной и не может выйти.
477,477,Es importante comer sano todos los días.,Важно питаться здоровой пищей каждый день.
478,478,Voy a descansar un poco después del trabajo.,Я собираюсь немного отдохнуть после работы.
479,479,Debes cuidarte cuando estás enfermo.,"Ты должен заботиться о себе, когда болен."
480,480,Es bueno beber agua todos los días.,Полезно пить воду каждый день.
481,481,Me gusta hacer deporte todos los días.,Мне нравится заниматься спортом каждый день.
482,482,Ayer vi una película muy interesante.,Вчера я посмотрел очень интересный фильм.
483,483,La comedia que vimos fue muy divertida.,"Комедия, которую мы посмотрели, была очень смешной."
484,484,El drama que actuaron fue muy emotivo.,"Драма, которую они сыграли, была очень трогательной."
485,485,No me gustan las películas de terror.,Мне не нравятся фильмы ужасов.
486,486,El documental sobre la naturaleza es fascinante.,Документальный фильм о природе увлекателен.
487,487,Ese actor es muy famoso en España.,Этот актёр очень известен в Испании.
488,488,La actriz principal ganó un premio.,Главная актриса получила награду.
489,489,El director de la película es muy talentoso.,Режиссёр фильма очень талантлив.
490,490,Compré una entrada para el cine.,Я купил билет в кино.
491,491,La sesión de la tarde empieza a las seis.,Сеанс вечером начинается в шесть.
492,492,Pongo subtitulos en la película.,Я включаю субтитры к фильму.
493,493,Es importante valorar el trabajo de los demás.,Важно оценивать работу других.
494,494,El libro que leí fue muy aburrido.,"Книга, которую я прочитал, была очень скучной."
495,495,El partido de fútbol fue emocionante y divertido.,Футбольный матч был захватывающим и веселым.
496,496,La historia de esa película es muy original.,История этого фильма очень оригинальная.
497,497,La trama era un poco predecible para mí.,Сюжет был для меня немного предсказуемым.
498,498,Tu opinión es muy importante para mí.,Твое мнение очень важно для меня.
499,499,Estoy de acuerdo con tu idea sobre la película.,Я согласен с твоей идеей о фильме.
500,500,Estamos en desacuerdo sobre qué ver esta noche.,"Мы не согласны по поводу того, что смотреть сегодня вечером."
501,501,Compré un billete para el tren.,Я купил билет на поезд.
502,502,Ella lleva una maleta grande.,Она несёт большой чемодан.
503,503,Necesito mi pasaporte para viajar.,Мне нужен мой паспорт для поездки.
504,504,Buscamos un alojamiento cómodo.,Мы ищем удобное жильё.
505,505,Tengo una reserva en el hotel.,У меня есть бронь в отеле.
506,506,La recepción está abierta las 24 horas.,Ресепшен открыт круглосуточно.
507,507,"Queremos una habitación doble, por favor.","Мы хотим двухместный номер, пожалуйста."
508,508,El hotel ofrece desayuno incluido.,Отель предлагает завтрак включён.
509,509,El vuelo tiene un retraso de dos horas.,Рейс задерживается на два часа.
510,510,No puedo llevar todo mi equipaje.,Я не могу взять весь свой багаж.
511,511,Voy a facturar mi equipaje ahora.,Я собираюсь сдать багаж сейчас.
512,512,Es hora de embarcar en el avión.,Время садиться на борт самолёта.
513,513,El avión va a aterrizar en diez minutos.,Самолёт приземлится через десять минут.
514,514,El avión despega a las cinco de la tarde.,Самолёт взлетает в пять часов вечера.
515,515,No quiero perder el vuelo a Madrid.,Я не хочу опоздать на рейс в Мадрид.
516,516,Necesito un mapa de la ciudad.,Мне нужна карта города.
517,517,El guía nos mostró los lugares interesantes.,Гид показал нам интересные места.
518,518,El turista pregunta por el camino.,Турист спрашивает дорогу.
519,519,Hicimos una excursión al parque nacional.,Мы сделали экскурсию в национальный парк.
520,520,Me duele el brazo después del ejercicio.,У меня болит рука после тренировки.
521,521,Me duele la pierna después de correr.,У меня болит нога после бега.
522,522,Me lastimé la rodilla jugando al fútbol.,"Я повредил колено, играя в футбол."
523,523,Tengo dolor en la espalda por trabajar mucho.,У меня болит спина от долгой работы.
524,524,Me duele el cuello por dormir mal.,У меня болит шея из-за плохого сна.
525,525,No puedo levantar el hombro después del ejercicio.,Я не могу поднять плечо после тренировки.
526,526,Me corté el dedo mientras cocinaba.,"Я порезал палец, когда готовил."
527,527,Tengo algo en el ojo y no puedo verlo bien.,"У меня что-то в глазу, и я не могу хорошо видеть."
528,528,No escucho bien con el oído izquierdo.,Я не слышу хорошо левым ухом.
529,529,Me duele la nariz por el frío.,У меня болит нос от холода.
530,530,Me lastimé la boca al comer.,"Я повредил рот, когда ел."
531,531,Tengo un diente cariado que necesito cuidar.,"У меня есть больной зуб, за которым нужно ухаживать."
532,532,Mi corazón late rápido cuando estoy nervioso.,"Мое сердце быстро бьется, когда я нервничаю."
533,533,Hoy tengo un buen estado de ánimo.,Сегодня у меня хорошее настроение.
534,534,Necesito un poco de ánimo para trabajar.,"Мне нужно немного настроения, чтобы работать."
535,535,Estoy cansado después de un largo día.,Я уставший после долгого дня.
536,536,Me siento estresado por el trabajo.,Я чувствую себя в стрессе из-за работы.
537,537,Me siento relajado en la playa.,Я чувствую себя расслабленным на пляже.
538,538,Estoy preocupado por el examen de mañana.,Я обеспокоен завтрашним экзаменом.
539,539,Estoy ilusionado por el viaje que haré.,"Я полный надежд по поводу поездки, которую собираюсь сделать."
540,540,Me siento decepcionado con los resultados.,Я разочарован результатами.
541,541,Me enojo cuando no me escuchan.,"Я злюсь, когда меня не слушают."
542,542,Me alegro de verte hoy.,Я рад тебя видеть сегодня.
543,543,No quiero preocuparme por el futuro.,Я не хочу беспокоиться о будущем.
544,544,Es importante relajarse después del trabajo.,Важно расслабляться после работы.
545,545,Antes vivía en otra ciudad.,Раньше я жил в другом городе.
546,546,Ahora estoy aprendiendo español.,Сейчас я учу испанский.
547,547,Me estoy acostumbrando a este clima.,Я привыкаю к этому климату.
548,548,Solemos ir al parque los domingos.,Мы имеем обыкновение ходить в парк по воскресеньям.
549,549,Es una costumbre celebrar el cumpleaños.,Это обычай отмечать день рождения.
550,550,La tradición de la Navidad es muy bonita.,Традиция Рождества очень красивая.
551,551,Quiero cambiar mi estilo de vida.,Я хочу изменить свой образ жизни.
552,552,La situación puede empeorar si no actuamos.,"Ситуация может ухудшиться, если мы не действуем."
553,553,Voy a seguir estudiando hasta tarde.,Я буду продолжать учиться до позднего времени.
554,554,Debo dejar de comer tanta azúcar.,Я должен перестать есть столько сахара.
555,555,Todavía no he terminado mi tarea.,Я ещё не закончил своё задание.
556,556,Ya no tengo tiempo para eso.,У меня уже нет времени на это.
557,557,"En aquella época, todo era diferente.",В ту эпоху всё было иначе.
558,558,"Cuando era pequeño, soñaba con viajar.","Когда я был маленьким, я мечтал о путешествиях."
559,559,Me gusta el español cada vez más.,Мне всё больше нравится испанский.
560,560,"Al contrario, me gusta mucho este lugar.","Наоборот, мне очень нравится это место."
561,561,Mi abuelo siempre cuenta una anécdota divertida.,Мой дедушка всегда рассказывает забавный анекдот.
562,562,"De repente, comenzó a llover muy fuerte.",Вдруг начался сильный дождь.
563,563,"Yo llegué tarde, entonces no vi la película.","Я пришёл поздно, тогда я не увидел фильм."
564,564,"Vamos a comer, y luego iremos al cine.","Мы поедим, а потом пойдём в кино."
565,565,"Al final, todos se rieron de la broma.",В итоге все посмеялись над шуткой.
566,566,"Estaba cansado, por eso no fui a la fiesta.","Я был уставшим, поэтому не пошёл на вечеринку."
567,567,Escuchamos música mientras cocinamos la cena.,"Мы слушали музыку, пока готовили ужин."
568,568,Me llamaste cuando estaba en la tienda.,"Ты позвонил мне, когда я был в магазине."
569,569,Voy a contar una historia interesante.,Я собираюсь рассказать интересную историю.
570,570,No sé qué va a ocurrir mañana.,"Я не знаю, что произойдет завтра."
571,571,Nos encontramos en el parque a las cinco.,Мы встретились в парке в пять.
572,572,Es fácil perderse en esta ciudad grande.,Легко заблудиться в этом большом городе.
573,573,Ella se asustó cuando vio la película de terror.,"Она испугалась, когда увидела фильм ужасов."
574,574,Nos reímos mucho durante la película.,Мы много смеялись во время фильма.
575,575,El niño empezó a llorar por el juguete.,Мальчик начал плакать из-за игрушки.
576,576,La fiesta fue una sorpresa para todos.,Вечеринка была сюрпризом для всех.
577,577,Fue una casualidad que nos encontramos aquí.,"Это была случайность, что мы встретились здесь."
578,578,El paisaje es increíble en esta región.,Пейзаж невероятный в этом регионе.
579,579,El resultado fue inesperado para todos nosotros.,Результат оказался неожиданным для всех нас.
580,580,Estoy buscando trabajo en el extranjero.,Я ищу работу за границей.
581,581,Es difícil encontrar empleo en esta ciudad.,Трудно найти занятость в этом городе.
582,582,El paro ha aumentado en el último año.,Безработица увеличилась за последний год.
583,583,Tengo una entrevista mañana por la tarde.,У меня собеседование завтра после обеда.
584,584,Debes actualizar tu currículum antes de aplicar.,Тебе нужно обновить резюме перед подачей заявки.
585,585,Mi jefe siempre me da buenos consejos.,Мой начальник всегда даёт мне хорошие советы.
586,586,Mi compañero de trabajo es muy amable.,Мой коллега по работе очень добрый.
587,587,El horario de trabajo es de nueve a cinco.,График работы с девяти до пяти.
588,588,El sueldo en esta empresa es bastante bueno.,Зарплата в этой компании довольно хорошая.
589,589,Firmé un contrato por un año.,Я подписал контракт на год.
590,590,Ser autónomo tiene sus ventajas y desventajas.,Быть самозанятым имеет свои плюсы и минусы.
591,591,El becario está aprendiendo mucho en la empresa.,Стажёр многому учится в компании.
592,592,La reunión es a las diez de la mañana.,Совещание в десять утра.
593,593,El plazo para entregar el proyecto es mañana.,Срок сдачи проекта завтра.
594,594,Tengo una tarea importante que terminar hoy.,"У меня есть важная задача, которую нужно закончить сегодня."
595,595,Voy a solicitar un aumento de sueldo.,Я собираюсь подать заявку на повышение зарплаты.
596,596,La empresa va a contratar nuevos empleados.,Компания собирается нанять новых сотрудников.
597,597,El jefe decidió despedir a dos trabajadores.,Начальник решил уволить двух работников.
598,598,Ella espera ascender en su trabajo pronto.,Она надеется скоро повыситься на работе.
599,599,Es importante formarse continuamente en tu profesión.,Важно постоянно обучаться в своей профессии.
600,600,Voy a encargarme de la presentación.,Я отвечу за презентацию.
601,601,El trabajo puede ser muy estresante a veces.,Работа может быть очень стрессовой иногда.
602,602,Ese empleo es bien pagado y tiene buenos beneficios.,Эта работа хорошо оплачивается и имеет хорошие льготы.
603,603,Busco un trabajo temporal para el verano.,Я ищу временную работу на лето.
604,604,Él tiene un contrato fijo en la empresa.,У него постоянный контракт в компании.
605,605,"El futuro es incierto, pero hay que planearlo.","Будущее неопределенно, но его нужно планировать."
606,606,Tengo un plan para mejorar mi español.,У меня есть план по улучшению моего испанского.
607,607,El proyecto necesita más tiempo para completarse.,Проекту нужно больше времени для завершения.
608,608,Mi objetivo es viajar por el mundo algún día.,Моя цель — путешествовать по миру когда-нибудь.
609,609,Mi sueño es abrir un restaurante algún día.,Моя мечта — открыть ресторан когда-нибудь.
610,610,Esta es una gran oportunidad para aprender.,Это отличная возможность для обучения.
611,611,La previsión del tiempo dice que lloverá mañana.,"Прогноз погоды говорит, что завтра будет дождь."
612,612,Tengo la intención de estudiar más este año.,У меня есть намерение учиться больше в этом году.
613,613,Pienso que deberíamos salir a caminar.,"Я думаю, что нам следует выйти на прогулку."
614,614,Voy a ir al cine esta noche.,Я собираюсь пойти в кино сегодня вечером.
615,615,Quiero aprender a tocar la guitarra.,Я хочу научиться играть на гитаре.
616,616,Espero que todo salga bien en el examen.,"Я надеюсь, что все пройдет хорошо на экзамене."
617,617,Te prometo que haré mi mejor esfuerzo.,"Я обещаю, что сделаю все возможное."
618,618,Puedo imaginar un futuro lleno de posibilidades.,"Я могу представить будущее, полное возможностей."
619,619,"Dentro de una semana, estaré de vacaciones.",Через неделю я буду в отпуске.
620,620,El año que viene quiero viajar a España.,В следующем году я хочу поехать в Испанию.
621,621,Estoy seguro de que llegaré a tiempo.,Я наверняка приеду вовремя.
622,622,Es probable que llueva mañana.,"Вероятно, завтра будет дождь."
623,623,Es posible que tengamos una reunión más tarde.,"Возможно, у нас будет встреча позже."
624,624,La norma exige que todos usen casco.,"Норма требует, чтобы все носили шлем."
625,625,La ley protege los derechos de los ciudadanos.,Закон защищает права граждан.
626,626,La prohibición de fumar es muy clara aquí.,Запрет на курение здесь очень ясен.
627,627,Necesito un permiso para estacionar aquí.,"Мне нужно разрешение, чтобы припарковаться здесь."
628,628,Recibí una multa por estacionar mal.,Я получил штраф за неправильную парковку.
629,629,Todos tienen derecho a expresarse libremente.,У всех есть право свободно выражать себя.
630,630,La condición para entrar es tener una invitación.,Условие для входа - иметь приглашение.
631,631,El jefe va a prohibir el uso del teléfono.,Начальник собирается запретить использование телефона.
632,632,La escuela permite a los estudiantes trabajar en grupo.,Школа разрешает студентам работать в группе.
633,633,El profesor obliga a los alumnos a estudiar.,Учитель обязывает учеников учиться.
634,634,Es importante respetar las reglas del juego.,Важно уважать правила игры.
635,635,"Si estudias, aprobarás el examen.","Если ты будешь учиться, ты сдашь экзамен."
636,636,No iré a la fiesta a menos que me invites.,"Я не пойду на вечеринку, если только ты не пригласишь меня."
637,637,Puedes salir siempre que termines tus tareas.,"Ты можешь выйти при условии, что закончишь свои задания."
638,638,"En caso de emergencia, llama a este número.",В случае чрезвычайной ситуации позвони по этому номеру.
639,639,Es obligatorio llevar el uniforme en la escuela.,В школе обязательно носить форму.
640,640,El curso de arte es opcional para los estudiantes.,Курс искусства является необязательным для студентов.
641,641,El relato que escuché fue muy interesante.,"Рассказ, который я услышал, был очень интересным."
642,642,Cada detalle de la historia es importante.,Каждая деталь истории важна.
643,643,El desenlace de la película me sorprendió mucho.,Развязка фильма меня очень удивила.
644,644,El protagonista de la novela es un héroe valiente.,Протагонист романа — смелый герой.
645,645,Voy a narrar lo que sucedió ayer.,"Я собираюсь повествовать о том, что случилось вчера."
646,646,Ella puede describir el paisaje con mucha precisión.,Она может описывать пейзаж с большой точностью.
647,647,Siempre suceden cosas inesperadas en la vida.,В жизни всегда случаются неожиданные вещи.
648,648,El experimento resultó ser un gran éxito.,Эксперимент оказался большим успехом.
649,649,"De pronto, escuché un ruido extraño.",Вдруг я услышал странный звук.
650,650,"En aquel momento, no sabía qué hacer.","В тот момент я не знал, что делать."
651,651,"Quería salir, sin embargo, estaba lloviendo.","Я хотел выйти, однако шёл дождь."
652,652,"Además de estudiar, trabaja en una tienda.","Кроме того, он работает в магазине."
653,653,"Por un lado, es un buen plan.","С одной стороны, это хороший план."
654,654,"Por otro lado, podría ser arriesgado.","С другой стороны, это может быть рискованно."
655,655,La instrucción fue clara y fácil de seguir.,Инструкция была ясной и лёгкой для понимания.
656,656,La advertencia sobre el clima fue muy útil.,Предупреждение о погоде было очень полезным.
657,657,Voy a sugerir una nueva idea en la reunión.,Я собираюсь предложить новую идею на встрече.
658,658,Te aconsejo que descanses un poco.,Я советую тебе немного отдохнуть.
659,659,Debemos evitar los errores comunes en el trabajo.,Мы должны избегать распространённых ошибок на работе.
660,660,Voy a intentar resolver el problema hoy.,Я собираюсь попытаться решить проблему сегодня.
661,661,Voy a conseguir un trabajo nuevo este año.,Я собираюсь добиваться новой работы в этом году.
662,662,Ella logró terminar su proyecto a tiempo.,Она достигла завершить свой проект вовремя.
663,663,El imperativo se usa para dar órdenes.,"Повелительное наклонение используется для того, чтобы давать команды."
664,664,Se recomienda estudiar todos los días para aprender mejor.,"Рекомендуется учиться каждый день, чтобы лучше усваивать материал."
665,665,Es mejor hablar con claridad en una presentación.,Лучше говорить четко на презентации.
666,666,Lo más importante es ser honesto contigo mismo.,Самое важное — быть честным с самим собой.
667,667,Mi deseo es viajar por todo el mundo.,Мое желание — путешествовать по всему миру.
668,668,El sentimiento de felicidad es contagioso.,Чувство счастья заразительно.
669,669,Siempre hay esperanza en tiempos difíciles.,Всегда есть надежда в трудные времена.
670,670,Siento pena por lo que le sucedió.,"Мне жаль за то, что с ним случилось."
671,671,Deseo que todos sean felices en la vida.,"Я желаю, чтобы все были счастливы в жизни."
672,672,Ojalá podamos ir de vacaciones pronto.,Хоть бы мы смогли поехать в отпуск скоро.
673,673,Temo que no lleguemos a tiempo.,"Я боюсь, что мы не успеем вовремя."
674,674,Espero que todo salga bien en el examen.,"Я надеюсь, что все пройдет хорошо на экзамене."
675,675,Siento que es importante ayudar a los demás.,"Мне жаль, что важно помогать другим."
676,676,Me da pena ver a los animales en la calle.,Мне жаль видеть животных на улице.
677,677,Me da igual si llueve o hace sol.,"Мне все равно, дождь или солнце."
678,678,El subjuntivo se usa en situaciones hipotéticas.,Сослагательное наклонение используется в гипотетических ситуациях.
679,679,El objeto de estudio es muy interesante.,Предмет изучения очень интересный.
680,680,La forma del edificio es moderna y atractiva.,Форма здания современная и привлекательная.
681,681,El material de la mesa es muy resistente.,Материал стола очень прочный.
682,682,La silla está hecha de madera clara.,Стул сделан из светлого дерева.
683,683,El marco de la puerta es de metal.,Рама двери из металла.
684,684,Este juguete está hecho de plástico reciclado.,Эта игрушка сделана из переработанного пластика.
685,685,La ventana está hecha de cristal doble.,Окно сделано из двойного стекла.
686,686,Compré una tela bonita para la camisa.,Я купил красивую ткань для рубашки.
687,687,Necesito papel para imprimir el documento.,"Мне нужна бумага, чтобы распечатать документ."
688,688,El plato es redondo y muy grande.,Тарелка круглая и очень большая.
689,689,El cuadro en la pared es cuadrado.,Картина на стене квадратная.
690,690,La mesa es rectangular y tiene cuatro patas.,Стол прямоугольный и имеет четыре ноги.
691,691,Este sofá es muy suave y cómodo.,Этот диван очень мягкий и удобный.
692,692,El suelo de la cocina es duro y frío.,Пол на кухне твёрдый и холодный.
693,693,Este bolso es ligero y fácil de llevar.,Эта сумка лёгкая и её легко носить.
694,694,El libro es pesado y difícil de cargar.,Книга тяжёлая и трудная для переноски.
695,695,Este programa sirve para mejorar tu español.,Эта программа служит для улучшения твоего испанского.
696,696,Este mueble está hecho de madera.,Эта мебель сделана из дерева.
697,697,La máquina no funciona correctamente hoy.,Машина сегодня не работает правильно.
698,698,La sociedad necesita más igualdad y justicia.,Обществу нужно больше равенства и справедливости.
699,699,La política del país está cambiando rápidamente.,Политика страны быстро меняется.
700,700,El gobierno anunció nuevas medidas económicas.,Правительство объявило о новых экономических мерах.
701,701,La elección de este año es muy importante.,Выборы в этом году очень важны.
702,702,Cada voto cuenta en la democracia.,Каждый голос важен в демократии.
703,703,El partido político ganó las elecciones.,Политическая партия выиграла выборы.
704,704,La noticia sobre las elecciones fue sorprendente.,Новость о выборах была удивительной.
705,705,La prensa informa sobre la situación actual.,Пресса информирует о текущей ситуации.
706,706,La manifestación fue pacífica y organizada.,Манифестация была мирной и организованной.
707,707,Es importante votar en las elecciones.,Важно голосовать на выборах.
708,708,Decidí protestar por mis derechos.,Я решил протестовать за свои права.
709,709,Es bueno informarse antes de votar.,Хорошо информироваться перед голосованием.
710,710,Vamos a debatir sobre el futuro del país.,Давайте обсудим будущее страны.
711,711,Es justo que todos tengan voz en la elección.,"Справедливо, что у всех есть голос на выборах."
712,712,Es injusto que algunos no puedan votar.,"Несправедливо, что некоторые не могут голосовать."
713,713,Un sistema democrático permite la participación de todos.,Демократическая система позволяет участие всех.
714,714,Un gobierno corrupto afecta a la sociedad.,Коррумпированное правительство влияет на общество.
715,715,Su personalidad es muy carismática y atractiva.,Его личность очень харизматична и привлекательна.
716,716,La honestidad es un rasgo muy valorado.,Честность — это очень ценная черта.
717,717,La actitud positiva puede cambiar muchas cosas.,Позитивное отношение может изменить многое.
718,718,Es generoso ayudar a quienes lo necesitan.,"Щедро помогать тем, кто в этом нуждается."
719,719,"No seas egoísta, piensa en los demás.","Не будь эгоистичным, думай о других."
720,720,Es sincero en sus opiniones y sentimientos.,Он искренен в своих мнениях и чувствах.
721,721,Ese documento es falso y no tiene valor.,Этот документ фальшивый и не имеет ценности.
722,722,"Siempre es optimista, incluso en tiempos difíciles.","Он всегда оптимистичен, даже в трудные времена."
723,723,Ella tiende a ser pesimista sobre el futuro.,Она склонна быть пессимистом относительно будущего.
724,724,Es importante ser responsable en el trabajo.,Важно быть ответственным на работе.
725,725,A veces soy muy impulsivo en mis decisiones.,Иногда я очень импульсивен в своих решениях.
726,726,Ella es muy sensible y se emociona fácilmente.,Она очень чувствительна и легко волнуется.
727,727,Él se siente seguro de sí mismo en las presentaciones.,Он чувствует себя уверенным в себе на презентациях.
728,728,Te pareces a tu madre en muchas cosas.,Ты похожа на свою маму во многом.
729,729,Es importante comportarse bien en la escuela.,Важно хорошо вести себя в школе.
730,730,Debemos cuidar el medioambiente para las futuras generaciones.,Мы должны заботиться об окружающей среде для будущих поколений.
731,731,La contaminación del aire es un gran problema hoy en día.,Загрязнение воздуха — это большая проблема сегодня.
732,732,El residuo de plástico es muy dañino para los océanos.,Пластиковые отходы очень вредны для океанов.
733,733,La energía solar es una fuente renovable.,Солнечная энергия — это возобновляемый источник.
734,734,El cambio climático afecta a todo el planeta.,Изменение климата влияет на всю планету.
735,735,Cada especie tiene un papel importante en el ecosistema.,Каждый вид играет важную роль в экосистеме.
736,736,Es nuestro deber proteger la naturaleza.,Это наш долг защищать природу.
737,737,No debemos contaminar los ríos con basura.,Мы не должны загрязнять реки мусором.
738,738,Es bueno ahorrar agua en verano.,Хорошо экономить воду летом.
739,739,Es importante reciclar papel y plástico.,Важно перерабатывать бумагу и пластик.
740,740,Las energías renovables son el futuro del planeta.,Возобновляемые источники энергии — это будущее планеты.
741,741,Buscamos soluciones sostenibles para el medio ambiente.,Мы ищем устойчивые решения для окружающей среды.
742,742,Es importante usar productos ecológicos en casa.,Важно использовать экологичные продукты дома.
743,743,Muchas especies están en peligro de extinción.,Многие виды находятся под угрозой исчезновения.
744,744,"Me gusta el café, aunque prefiero el té.","Мне нравится кофе, хотя я предпочитаю чай."
745,745,"No tengo tiempo, así que iré mañana.","У меня нет времени, так что я пойду завтра."
746,746,"El examen es mañana, o sea, debo estudiar hoy.","Экзамен завтра, то есть я должен учиться сегодня."
747,747,"Necesitamos más recursos, es decir, más dinero.","Нам нужно больше ресурсов, то есть больше денег."
748,748,"No estudiaste, por tanto, no aprobarás.","Ты не учился, следовательно, ты не сдашь."
749,749,"Ella prefiere el verano; en cambio, yo amo el invierno.",Она предпочитает лето; зато я люблю зиму.
750,750,"No me gusta la lluvia, de todas formas saldré.","Мне не нравится дождь, в любом случае я выйду."
751,751,Un conector une dos ideas en una frase.,Связка соединяет две идеи в предложении.
752,752,Tu argumento no es suficiente para convencerme.,"Твой аргумент недостаточен, чтобы убедить меня."
753,753,Opino que deberíamos cambiar de estrategia.,"Я считаю, что нам следует изменить стратегию."
754,754,Estamos de acuerdo en el plan de trabajo.,Мы согласны с планом работы.
755,755,"A veces, discrepo de sus opiniones sobre política.",Иногда я не согласен с его мнениями о политике.
756,756,Es necesario matizar nuestras afirmaciones para ser claros.,"Необходимо уточнять наши утверждения, чтобы быть ясными."
757,757,El estilo indirecto se usa para reportar lo que alguien dijo.,"Косвенная речь используется для передачи того, что кто-то сказал."
758,758,Ella afirma que vendrá a la fiesta.,"Она утверждает, что придет на вечеринку."
759,759,Voy a preguntar sobre la reunión más tarde.,Я собираюсь спросить о встрече позже.
760,760,Siempre trato de responder a las preguntas de mis alumnos.,Я всегда стараюсь отвечать на вопросы своих учеников.
761,761,Ella suele decir que le gusta el chocolate.,"Она часто говорит, что ей нравится шоколад."
762,762,Voy a preguntar si hay una reunión hoy.,"Я собираюсь спросить, есть ли сегодня собрание."
763,763,"Según el informe, las ventas han aumentado.","Согласно отчету, продажи увеличились."
764,764,"Al parecer, va a llover esta tarde.","По-видимому, сегодня днем будет дождь."
765,765,Hay un rumor sobre un nuevo proyecto en la empresa.,Существует слух о новом проекте в компании.
766,766,La cita del libro es muy inspiradora.,Цитата из книги очень вдохновляющая.
767,767,La fuente de la información es confiable.,Источник информации надежный.
768,768,La identidad cultural es importante para la sociedad.,Культурная идентичность важна для общества.
769,769,El origen de esta tradición es muy antiguo.,Происхождение этой традиции очень древнее.
770,770,Los estereotipos pueden ser dañinos y falsos.,Стереотипы могут быть вредными и ложными.
771,771,El prejuicio puede afectar las relaciones entre personas.,Предрассудок может повлиять на отношения между людьми.
772,772,La diversidad en el equipo es muy valiosa.,Разнообразие в команде очень ценно.
773,773,La integración de diferentes culturas es un desafío.,Интеграция различных культур является вызовом.
774,774,Es difícil encajar en un grupo nuevo.,Трудно вписаться в новую группу.
775,775,No debemos discriminar a nadie por su origen.,Мы не должны дискриминировать никого по его происхождению.
776,776,Es importante incluir a todos en la conversación.,Важно включать всех в разговор.
777,777,Ella quiere pertenecer a un grupo de voluntarios.,Она хочет принадлежать к группе волонтеров.
778,778,Es bueno ser abierto de mente en las discusiones.,Хорошо быть широких взглядов в обсуждениях.
779,779,Él es muy cerrado a nuevas ideas.,Он очень закрыт для новых идей.
780,780,Los medios de comunicación juegan un papel importante.,СМИ играют важную роль.
781,781,El titular del artículo es muy impactante.,Заголовок статьи очень впечатляющий.
782,782,El sesgo en las noticias puede alterar la verdad.,Предвзятость в новостях может исказить правду.
783,783,La desinformación se propaga rápidamente en redes sociales.,Дезинформация быстро распространяется в социальных сетях.
784,784,Es importante filtrar la información antes de compartirla.,Важно фильтровать информацию перед её распространением.
785,785,Debemos contrastar las fuentes para verificar los hechos.,"Мы должны сверять источники, чтобы проверить факты."
786,786,El video se puede viralizar en pocas horas.,Видео может стать вирусным за несколько часов.
787,787,El estudio fue realizado con un enfoque riguroso.,Исследование было проведено с строгим подходом.
788,788,El artículo tiene un tono sensacionalista que asusta.,"Статья имеет сенсационный тон, который пугает."
789,789,Siempre busco una fuente fiable antes de creer algo.,"Я всегда ищу надёжный источник, прежде чем во что-то верить."
790,790,Vivimos en una burbuja informativa que distorsiona la realidad.,"Мы живём в информационном пузыре, который искажает реальность."
791,791,El consumo responsable es clave para un futuro sostenible.,Ответственное потребление является ключом к устойчивому будущему.
792,792,Esa marca es conocida por su calidad y durabilidad.,Этот бренд известен своим качеством и долговечностью.
793,793,La publicidad engañosa puede perjudicar a los consumidores.,Обманчивая реклама может навредить потребителям.
794,794,La moda rápida contribuye al desperdicio ambiental.,Быстрая мода способствует экологическим отходам.
795,795,Comprar ropa de segunda mano es una buena opción.,Покупка одежды секонд-хенд — это хороший выбор.
796,796,Es mejor consumir productos locales y frescos.,Лучше потреблять местные и свежие продукты.
797,797,No debemos desperdiciar los recursos naturales.,Мы не должны транжирить природные ресурсы.
798,798,No me gusta presumir de mis logros.,Мне не нравится хвастаться своими достижениями.
799,799,Es importante tener un comportamiento ético en los negocios.,Важно вести этичное поведение в бизнесе.
800,800,Su coche ostentoso atrae muchas miradas.,Его показной автомобиль привлекает много взглядов.
801,801,La huella de carbono afecta al medio ambiente.,Углеродный след влияет на окружающую среду.
802,802,La energía renovable es esencial para el futuro.,Возобновляемая энергия необходима для будущего.
803,803,El calentamiento global es un problema serio hoy.,Глобальное потепление — это серьезная проблема сегодня.
804,804,La biodiversidad es importante para la salud del planeta.,Биоразнообразие важно для здоровья планеты.
805,805,Es necesario mitigar los efectos del cambio climático.,Необходимо смягчать последствия изменения климата.
806,806,Debemos compensar nuestras emisiones de carbono.,Мы должны компенсировать наши выбросы углерода.
807,807,El daño al ecosistema puede ser irreversible.,Ущерб экосистеме может быть необратимым.
808,808,El turismo puede traer beneficios económicos significativos.,Туризм может принести значительные экономические выгоды.
809,809,La masificación del turismo afecta a la calidad de vida.,Массовость туризма влияет на качество жизни.
810,810,El patrimonio cultural debe ser protegido y valorado.,Культурное наследие должно быть защищено и оценено.
811,811,La temporada alta atrae a muchos visitantes cada año.,Высокий сезон привлекает много посетителей каждый год.
812,812,El turismo sostenible ayuda a preservar el medio ambiente.,Устойчивый туризм помогает сохранять окружающую среду.
813,813,Queremos desestacionalizar el turismo en nuestra región.,Мы хотим сглаживать сезонность туризма в нашем регионе.
814,814,Saturar los destinos turísticos puede ser problemático.,Переполнение туристических направлений может быть проблематичным.
815,815,El arte moderno puede ser auténtico y sorprendente.,Современное искусство может быть подлинным и удивительным.
816,816,El centro de la ciudad está masificado en verano.,Центр города переполнен туристами летом.
817,817,La competición entre los equipos es muy intensa.,Соревнование между командами очень напряженное.
818,818,El dopaje en el deporte es inaceptable y dañino.,Допинг в спорте неприемлем и вреден.
819,819,El aficionado al fútbol anima a su equipo con pasión.,Болельщик футбола поддерживает свою команду с энтузиазмом.
820,820,El rendimiento del atleta mejoró con el entrenamiento.,Результат спортсмена улучшился с тренировками.
821,821,La disciplina es clave para alcanzar tus metas.,Дисциплина является ключом к достижению твоих целей.
822,822,Es importante entrenar todos los días para mejorar.,"Важно тренироваться каждый день, чтобы улучшиться."
823,823,Siempre debemos esforzarnos por superarnos a nosotros mismos.,Мы всегда должны стараться превосходить себя.
824,824,El ambiente laboral es muy competitivo hoy en día.,Рабочая обстановка сегодня очень соревновательная.
825,825,Participé en un torneo amateur el fin de semana.,Я участвовал в любительском турнире в выходные.
826,826,Nuestra relación ha crecido mucho en el último año.,Наши отношения значительно укрепились за последний год.
827,827,Mi pareja y yo vamos al cine esta noche.,Моя пара и я идем в кино сегодня вечером.
828,828,El conflicto entre ellos se resolvió rápidamente.,Конфликт между ними разрешился быстро.
829,829,Los celos pueden dañar una buena relación.,Ревность может повредить хорошие отношения.
830,830,La confianza es fundamental en cualquier amistad.,Доверие является основополагающим в любой дружбе.
831,831,"La ruptura fue difícil, pero necesaria para ambos.","Разрыв был трудным, но необходимым для обоих."
832,832,Es importante comprometerse con tus objetivos personales.,Важно брать обязательства по отношению к своим личным целям.
833,833,Decidieron romper su relación después de muchas discusiones.,Они решили разорвать свои отношения после многих споров.
834,834,Es posible reconstruir una amistad después de una pelea.,Возможно восстановить дружбу после ссоры.
835,835,El aire en la fábrica es muy tóxico.,Воздух на фабрике очень токсичный.
836,836,Buscamos un ambiente estable para trabajar mejor.,Мы ищем стабильную обстановку для лучшей работы.
837,837,La educación es un derecho fundamental para todos.,Образование является основным правом для всех.
838,838,La competencia en el mercado es muy alta actualmente.,Конкуренция на рынке сейчас очень высокая.
839,839,El fracaso escolar puede afectar el futuro de un niño.,Школьная неуспеваемость может повлиять на будущее ребенка.
840,840,Ella recibió una beca para estudiar en el extranjero.,Она получила стипендию для учебы за границей.
841,841,La formación continua es clave para el desarrollo profesional.,Непрерывное обучение является ключом к профессиональному развитию.
842,842,El analfabetismo sigue siendo un gran problema en algunas regiones.,Неграмотность по-прежнему является большой проблемой в некоторых регионах.
843,843,Es importante evaluar los resultados del proyecto regularmente.,Важно регулярно оценивать результаты проекта.
844,844,El profesor sabe cómo motivar a sus alumnos para aprender.,"Учитель знает, как мотивировать своих учеников к обучению."
845,845,Un sistema equitativo beneficia a toda la sociedad.,Справедливая система приносит пользу всему обществу.
846,846,El proceso de selección fue muy selectivo este año.,Процесс отбора был очень избирательным в этом году.
847,847,El ensayo de la obra se llevará a cabo mañana.,Репетиция пьесы пройдет завтра.
848,848,El escenario estaba decorado para la gran presentación.,Сцена была украшена для большого представления.
849,849,El público aplaudió al final de la actuación.,Публика аплодировала в конце выступления.
850,850,La crítica de la película fue muy positiva.,Рецензия на фильм была очень положительной.
851,851,Su última obra ha recibido muchos elogios.,Его последнее произведение получило много похвал.
852,852,Ellos van a representar una famosa obra de teatro.,Они собираются поставить знаменитую пьесу.
853,853,Todos comenzaron a aplaudir al final del concierto.,Все начали аплодировать в конце концерта.
854,854,La película tenía un final conmovedor que todos disfrutaron.,"У фильма был трогательный финал, который всем понравился."
855,855,El diseño innovador atrajo la atención de muchos visitantes.,Новаторский дизайн привлек внимание многих посетителей.
856,856,La mediación puede ayudar a resolver conflictos de manera pacífica.,Медиация может помочь разрешить конфликты мирным путем.
857,857,"La negociación fue larga, pero al final se llegó a un acuerdo.","Переговоры были долгими, но в конце концов было достигнуто соглашение."
858,858,El consenso entre los miembros del equipo fue fundamental.,Консенсус среди членов команды был основополагающим.
859,859,Hicieron una concesión para llegar a un acuerdo final.,"Они сделали уступку, чтобы достичь окончательного соглашения."
860,860,"Desde su punto de vista, la decisión era la correcta.","С его точки зрения, решение было правильным."
861,861,Es importante mediar en conflictos familiares.,Важно посредничать в семейных конфликтах.
862,862,A veces hay que ceder para llegar a un acuerdo.,"Иногда нужно уступать, чтобы достичь соглашения."
863,863,No se puede imponer una idea sin diálogo.,Нельзя навязывать идею без диалога.
864,864,Su comentario fue muy constructivo para el proyecto.,Его комментарий был очень конструктивным для проекта.
865,865,El reportaje sobre el medio ambiente fue impactante.,Репортаж о окружающей среде был впечатляющим.
866,866,La crónica del evento fue publicada en el periódico.,Хроника события была опубликована в газете.
867,867,El enfoque del artículo es muy interesante.,Ракурс статьи очень интересный.
868,868,Voy a redactar un informe sobre el tema.,Я собираюсь написать текст по этой теме.
869,869,Es fundamental contrastar fuentes antes de publicar.,Очень важно сверять источники перед публикацией.
870,870,El artículo es tendencioso y no presenta todos los hechos.,Статья тенденциозна и не представляет все факты.
871,871,El subjuntivo imperfecto se usa en oraciones condicionales.,Имперфект субхунтива используется в условных предложениях.
872,872,Una condición irreal puede cambiar el resultado.,Нереальное условие может изменить результат.
873,873,Habla como si supiera todo sobre el tema.,"Он говорит, как будто знает всё по этой теме."
874,874,"Quiero que venga, quiera que lo haga o no.","Я хочу, чтобы он пришёл, чтобы ни было."
875,875,"Por más que intente, no puedo entenderlo.","Как ни стараюсь, я не могу это понять."
876,876,A veces es difícil conceder un punto de vista diferente.,Иногда трудно допускать другую точку зрения.
877,877,Es un escenario hipotético que debemos considerar.,"Это гипотетический сценарий, который мы должны рассмотреть."
878,878,El análisis contrafactual es útil en historia.,Контрфактический анализ полезен в истории.
879,879,El matiz de su voz indicaba su descontento.,Нюанс его голоса указывал на его недовольство.
880,880,El mundo está lleno de maravillas por descubrir.,"Мир полон чудес, которые нужно открыть."
881,881,Esta palabra es muy importante en español.,Это слово очень важно в испанском.
882,882,Tengo una pregunta sobre la tarea.,У меня есть вопрос о домашнем задании.
883,883,La respuesta está en el libro.,Ответ в книге.
884,884,Aquí tienes un ejemplo de la frase.,Вот пример фразы.
885,885,Cometí un error en el examen.,Я допустил ошибку на экзамене.
886,886,La página dos es muy interesante.,Вторая страница очень интересная.
887,887,La letra de esta canción es hermosa.,Текст этой песни красивый.
888,888,El cartel está en la pared.,Плакат на стене.
889,889,Mi mochila es de color azul.,Мой рюкзак синего цвета.
890,890,La carpeta tiene muchos documentos.,В папке много документов.
891,891,Voy a abrir la ventana ahora.,Я собираюсь открыть окно сейчас.
892,892,Voy a cerrar la puerta ahora.,Я сейчас закрою дверь.
893,893,Voy a escribir una carta a mi amigo.,Я собираюсь написать письмо другу.
894,894,Quiero mirar una película esta noche.,Я хочу посмотреть фильм сегодня вечером.
895,895,Vamos a entrar en la clase ahora.,Мы сейчас войдем в класс.
896,896,Ella quiere sentarse en la silla.,Она хочет сесть на стул.
897,897,Debes levantar la mano para hablar.,"Ты должен поднять руку, чтобы говорить."
898,898,Necesito un formulario para inscribirme.,Мне нужен бланк для регистрации.
899,899,"Dame tu número de teléfono, por favor.","Дай мне свой номер телефона, пожалуйста."
900,900,Visito una web interesante todos los días.,Я посещаю интересный сайт каждый день.
901,901,El usuario debe crear una cuenta.,Пользователь должен создать аккаунт.
902,902,Necesito una contraseña para entrar.,Мне нужен пароль для входа.
903,903,Ella tiene un perfil en la red social.,У неё есть профиль в социальной сети.
904,904,Voy a llenar el formulario ahora.,Я собираюсь заполнить форму сейчас.
905,905,Es importante firmar el contrato.,Важно подписать контракт.
906,906,Voy a enviar el paquete mañana.,Я отправлю посылку завтра.
907,907,Espero recibir tu carta pronto.,Я надеюсь получить твоё письмо скоро.
908,908,El edificio es muy alto y moderno.,Здание очень высокое и современное.
909,909,Cruzamos el puente para llegar al parque.,"Мы пересекли мост, чтобы добраться до парка."
910,910,El semáforo está en rojo ahora.,Светофор сейчас красный.
911,911,La tienda está en la esquina de la calle.,Магазин находится на углу улицы.
912,912,El centro de la ciudad es muy bonito.,Центр города очень красивый.
913,913,Vivo en las afueras de la ciudad.,Я живу на окраине города.
914,914,El tráfico es muy lento hoy.,Движение сегодня очень медленное.
915,915,Hay un aparcamiento cerca de aquí.,Здесь рядом есть парковка.
916,916,El metro llega cada diez minutos.,Метро приходит каждые десять минут.
917,917,El autobús sale a las ocho de la mañana.,Автобус уходит в восемь утра.
918,918,Voy a tomar un taxi a la estación.,Я возьму такси до станции.
919,919,Me gusta andar en bici los fines de semana.,Мне нравится кататься на велосипеде по выходным.
920,920,La habitación está arriba en el segundo piso.,Комната находится наверху на втором этаже.
921,921,El perro está abajo de la mesa.,Собака внизу под столом.
922,922,Los juguetes están dentro de la caja.,Игрушки внутри коробки.
923,923,Los niños juegan fuera en el parque.,Дети играют снаружи в парке.
924,924,Ella toca un instrumento en la escuela.,Она играет на инструменте в школе.
925,925,Mi hermano quiere aprender a tocar la guitarra.,Мой брат хочет научиться играть на гитаре.
926,926,El piano está en la sala de estar.,Пианино в гостиной.
927,927,Me gusta esta canción de amor.,Мне нравится эта песня о любви.
928,928,Vamos al concierto el sábado.,Мы идём на концерт в субботу.
929,929,Mi equipo ganó el partido ayer.,Моя команда выиграла матч вчера.
930,930,El despertador suena a las siete.,Будильник звонит в семь.
931,931,Me gusta tomar una ducha por la mañana.,Мне нравится принимать душ утром.
932,932,Necesito un cepillo para el cabello.,Мне нужна щётка для волос.
933,933,El jabón está en el baño.,Мыло в ванной.
934,934,"Por favor, dame una toalla seca.","Пожалуйста, дай мне сухое полотенце."
935,935,Es importante tener un descanso durante el trabajo.,Важно делать перерыв во время работы.
936,936,Me cepillo los dientes cada mañana.,Я чищу зубы каждое утро.
937,937,Es bueno lavarse las manos antes de comer.,Хорошо мыть руки перед едой.
938,938,Él se afeita todos los días.,Он бреется каждый день.
939,939,Ella se maquilla antes de salir.,Она красится перед выходом.
940,940,Necesito una cucharilla para el café.,Мне нужна чайная ложка для кофе.
941,941,El tenedor está en la mesa.,Вилка на столе.
942,942,Necesito un cuchillo para cortar el pan.,"Мне нужен нож, чтобы нарезать хлеб."
943,943,El plato es de cerámica blanca.,Тарелка из белой керамики.
944,944,Ella bebe agua en un vaso.,Она пьет воду из стакана.
945,945,Me gusta el café en esta taza.,Мне нравится кофе в этой чашке.
946,946,"Pasa la servilleta, por favor.","Передай салфетку, пожалуйста."
947,947,El menú del día es muy variado.,Меню дня очень разнообразное.
948,948,El postre es un pastel de chocolate.,Десерт — это шоколадный торт.
949,949,El entrante son ensaladas frescas.,Закуска — это свежие салаты.
950,950,Ella lleva un bolso rojo.,Она носит красную сумку.
951,951,Perdí mi cartera en el coche.,Я потерял свой кошелек в машине.
952,952,Mi reloj es muy antiguo.,Мои часы очень старинные.
953,953,Él lleva gafas de sol grandes.,Он носит большие солнечные очки.
954,954,Hoy necesito un paraguas porque llueve.,"Сегодня мне нужен зонт, потому что идет дождь."
955,955,Me pongo la sudadera en invierno.,Я надеваю толстовку зимой.
956,956,El bañador es azul y blanco.,Купальник синий и белый.
957,957,Mi cinturón es de cuero negro.,Мой ремень из черной кожи.
958,958,Ella tiene el pelo rubio y largo.,У нее светлые и длинные волосы.
959,959,Él es moreno y alto.,Он брюнет и высокий.
960,960,Mi amigo es pelirrojo y divertido.,Мой друг рыжий и веселый.
961,961,Él es calvo y tiene una sonrisa bonita.,Он лысый и у него красивая улыбка.
962,962,Su cabello es rizado y muy bonito.,Её волосы кудрявые и очень красивые.
963,963,Prefiero el pelo liso en lugar de rizado.,Я предпочитаю прямые волосы вместо кудрявых.
964,964,Ella siempre está alegre y sonriente.,Она всегда весёлая и улыбается.
965,965,Hoy me siento un poco triste por el clima.,Сегодня я чувствую себя немного грустным из-за погоды.
966,966,No seas grosero con tus amigos.,Не будь грубым с друзьями.
967,967,Quiero aprender español este año.,Я хочу учить испанский в этом году.
968,968,Voy a enseñar a mi hermana a nadar.,Я собираюсь преподавать своей сестре плавание.
969,969,Debo decidir qué película ver esta noche.,"Я должен решить, какой фильм посмотреть сегодня вечером."
970,970,No quiero olvidar mis llaves otra vez.,Я не хочу снова забывать свои ключи.
971,971,Quiero recordar tu nombre.,Я хочу помнить твое имя.
972,972,Voy a ayudar a mi madre en la cocina.,Я собираюсь помочь маме на кухне.
973,973,Necesito un poco de tiempo para descansar.,"Мне нужно немного времени, чтобы отдохнуть."
974,974,Voy a buscar mi teléfono en la casa.,Я буду искать свой телефон в доме.
975,975,Espero encontrar un buen trabajo pronto.,Я надеюсь скоро найти хорошую работу.
976,976,El dialecto de esta región es muy interesante.,Диалект этого региона очень интересный.
977,977,La jerga de los jóvenes cambia rápidamente.,Жаргон молодежи быстро меняется.
978,978,La traducción de este texto es complicada.,Перевод этого текста сложный.
979,979,Siempre llevo un diccionario cuando viajo.,"Я всегда беру словарь, когда путешествую."
980,980,No debes dudar de tus habilidades.,Ты не должен сомневаться в своих способностях.
981,981,No quiero confundir a mis amigos.,Я не хочу путать своих друзей.
982,982,Ella quiere aclarar sus dudas sobre el tema.,Она хочет прояснить свои сомнения по этой теме.
983,983,Voy a resumir la historia en tres frases.,Я собираюсь резюмировать историю в трех предложениях.
984,984,Su logro es muy impresionante para todos.,Его достижение очень впечатляющее для всех.
985,985,Mi meta es aprender español este año.,Моя цель — выучить испанский в этом году.
986,986,Estamos en una etapa importante de la vida.,Мы находимся на важном этапе жизни.
987,987,El legado de su abuelo es muy valioso.,Наследие его деда очень ценно.
988,988,Ellos quieren fundar una nueva empresa pronto.,Они хотят основать новую компанию скоро.
989,989,Voy a publicar mi primer libro el próximo mes.,Я собираюсь опубликовать свою первую книгу в следующем месяце.
990,990,Él quiere inventar un nuevo dispositivo.,Он хочет изобрести новое устройство.
991,991,Ella va a dirigir el proyecto desde el inicio.,Она будет руководить проектом с самого начала.
992,992,El inquilino paga la renta cada mes.,Арендатор платит аренду каждый месяц.
993,993,Tienen una hipoteca para comprar la casa.,"У них есть ипотека, чтобы купить дом."
994,994,La comunidad organiza eventos cada semana.,Сообщество организует мероприятия каждую неделю.
995,995,"El horno está caliente, listo para cocinar.","Духовка горячая, готова к приготовлению."
996,996,Necesito una sartén para freír los huevos.,"Мне нужна сковорода, чтобы жарить яйца."
997,997,"La cazuela está en la estufa, hirviendo.","Кастрюля на плите, кипит."
998,998,Voy a calentar la comida en el microondas.,Я собираюсь разогреть еду в микроволновке.
999,999,Voy a pelar las manzanas para la ensalada.,Я собираюсь почистить яблоки для салата.
1000,1000,Ella va a picar las verduras para la sopa.,Она собирается нарезать овощи для супа.
1001,1001,Es importante remover bien la sopa antes de servirla.,Важно хорошо помешивать суп перед подачей.
1002,1002,Ella siempre sabe cómo sazonar la carne para que esté deliciosa.,"Она всегда знает, как приправлять мясо, чтобы оно было вкусным."
1003,1003,Un síntoma común de la gripe es la fiebre.,Общий симптом гриппа — это температура.
1004,1004,Tengo una cita médica para el viernes por la tarde.,У меня запись к врачу на пятницу после обеда.
1005,1005,"Si tienes una urgencia, ve al hospital más cercano.","Если у тебя неотложка, иди в ближайшую больницу."
1006,1006,Es mejor tener un seguro médico antes de viajar.,Лучше иметь медстраховку перед поездкой.
1007,1007,"Cuando tengo un resfriado, empiezo a toser mucho.","Когда у меня простуда, я начинаю много кашлять."
1008,1008,"A veces, al polvo me hace estornudar.",Иногда от пыли у меня начинается чихание.
1009,1009,"Si te cortas, puedes empezar a sangrar.","Если ты порежешься, ты можешь начать кровоточить."
1010,1010,Los médicos saben cómo curar muchas enfermedades.,"Врачи знают, как лечить многие болезни."
1011,1011,Compré los boletos en la taquilla del cine.,Я купил билеты в кассе кинотеатра.
1012,1012,El reparto de la película es muy talentoso.,Актёрский состав фильма очень талантлив.
1013,1013,El guion de la obra es muy interesante.,Сценарий пьесы очень интересный.
1014,1014,El estreno de la película será el próximo mes.,Премьера фильма состоится в следующем месяце.
1015,1015,Nuestro vuelo tiene una escala en Madrid.,Наш рейс имеет пересадку в Мадриде.
1016,1016,"Por favor, elige un asiento cómodo en el tren.","Пожалуйста, выбери удобное сиденье в поезде."
1017,1017,Prefiero el asiento de ventanilla en el avión.,Я предпочитаю место у иллюминатора в самолёте.
1018,1018,Debemos pasar por la aduana al llegar al país.,Мы должны пройти через таможню по прибытии в страну.
1019,1019,Necesito una visa para viajar a España.,Мне нужна виза для поездки в Испанию.
1020,1020,El seguro de viaje es muy importante para turistas.,Страховка поездки очень важна для туристов.
1021,1021,Me duele la muñeca después de escribir mucho.,У меня болит запястье после долгого письма.
1022,1022,Me torcí el tobillo jugando al fútbol.,"Я подвернул лодыжку, играя в футбол."
1023,1023,Él se golpeó el codo contra la mesa.,Он ударился локтем о стол.
1024,1024,El pulmón es importante para respirar bien.,Лёгкое важно для хорошего дыхания.
1025,1025,El hígado ayuda a digerir los alimentos.,Печень помогает переваривать пищу.
1026,1026,La sangre es esencial para la vida.,Кровь необходима для жизни.
1027,1027,El hueso se rompió durante el accidente.,Кость сломалась во время аварии.
1028,1028,El músculo se siente tenso después de hacer ejercicio.,Мышца чувствует напряжение после тренировки.
1029,1029,"Antiguamente, la gente viajaba en carro.",В старину люди путешествовали на повозках.
1030,1030,"Actualmente, trabajo desde casa todos los días.",В настоящее время я работаю из дома каждый день.
1031,1031,"Habitualmente, desayuno a las siete de la mañana.",Обычно я завтракаю в семь утра.
1032,1032,Raramente voy al cine los fines de semana.,Я редко хожу в кино по выходным.
1033,1033,"Para colmo, olvidé mi paraguas en casa.",В довершение всего я забыл свой зонт дома.
1034,1034,Menos mal que llegué a tiempo a la reunión.,Хорошо хоть я пришёл вовремя на встречу.
1035,1035,Por poco no llegamos al tren a tiempo.,Едва не опоздали на поезд.
1036,1036,Lo vi de casualidad en el mercado.,Я случайно увидел его на рынке.
1037,1037,Recibí mi nómina a finales de mes.,Я получил свой расчётный лист в конце месяца.
1038,1038,Ella está de baja laboral por enfermedad.,Она на больничном из-за болезни.
1039,1039,El teletrabajo se ha vuelto muy común ahora.,Удалёнка стала очень распространённой сейчас.
1040,1040,El convenio protege los derechos de los trabajadores.,Коллективный договор защищает права работников.
1041,1041,El sindicato defiende los derechos de los trabajadores.,Профсоюз защищает права работников.
1042,1042,Es importante prever los problemas antes de actuar.,"Важно предвидеть проблемы перед тем, как действовать."
1043,1043,Voy a plantear mis ideas en la reunión de mañana.,Я собираюсь поставить свои идеи на завтрашнем собрании.
1044,1044,Decidimos posponer la reunión para la próxima semana.,Мы решили отложить собрание на следующую неделю.
1045,1045,Es posible adelantar el proyecto si trabajamos juntos.,"Можно приблизить проект, если мы будем работать вместе."
1046,1046,La sanción por no pagar el impuesto es muy alta.,Штраф за неуплату налога очень высок.
1047,1047,La normativa actual no permite el uso de plásticos.,Текущий норматив не позволяет использовать пластик.
1048,1048,Hay una excepción a la regla que debemos considerar.,"Есть исключение из правила, которое мы должны учесть."
1049,1049,Este curso tiene un requisito de conocimientos previos.,У этого курса есть требование о предварительных знаниях.
1050,1050,Cada ciudadano tiene derechos y deberes en la sociedad.,Каждый гражданин имеет права и обязанности в обществе.
1051,1051,El impuesto sobre la renta se paga cada año.,Налог на доходы платится каждый год.
1052,1052,La campaña electoral comienza en dos semanas.,Избирательная кампания начинается через две недели.
1053,1053,El escaño del diputado está vacío hoy.,Электронный мандат депутата сегодня пуст.
1054,1054,El vertido de desechos contamina el río.,Сброс отходов загрязняет реку.
1055,1055,La sequía afecta a los cultivos de la región.,Засуха влияет на урожай в регионе.
1056,1056,El incendio forestal destruyó miles de hectáreas de bosque.,Лесной пожар уничтожил тысячи гектаров леса.
1057,1057,La tortuga es una especie en peligro de extinción.,Черепаха является вымирающим видом.
1058,1058,El arraigo cultural es muy fuerte en esta comunidad.,Культурная укоренённость очень сильна в этом сообществе.
1059,1059,La diáspora judía se ha extendido por todo el mundo.,Еврейская диаспора распространилась по всему миру.
1060,1060,La convivencia pacífica es esencial para la sociedad.,Мирное сосуществование необходимо для общества.
1061,1061,El algoritmo determina cómo se muestran los resultados.,"Алгоритм определяет, как отображаются результаты."
1062,1062,"El clickbait atrae a muchos lectores, pero no siempre es útil.","Кликбейт привлекает многих читателей, но не всегда полезен."
1063,1063,El filtrado de información es esencial en la era digital.,Фильтрация информации необходима в цифровую эпоху.
1064,1064,La economía circular promueve el reciclaje y la sostenibilidad.,Циркулярная экономика способствует переработке и устойчивому развитию.
1065,1065,El greenwashing engaña a los consumidores sobre la sostenibilidad.,Гринвошинг обманывает потребителей о устойчивом развитии.
1066,1066,La transición energética es clave para combatir el cambio climático.,Энергопереход является ключевым для борьбы с изменением климата.
1067,1067,"A veces, coquetear puede ser divertido en una fiesta.",Иногда флиртовать может быть весело на вечеринке.
1068,1068,Es importante superar los obstáculos para alcanzar tus metas.,"Важно преодолевать препятствия, чтобы достичь своих целей."
1069,1069,Las personas deben apoyarse mutuamente en tiempos difíciles.,Люди должны опираться друг на друга в трудные времена.
1070,1070,El abandono escolar afecta el futuro de muchos jóvenes.,Отсев из школы влияет на будущее многих молодых людей.
1071,1071,La brecha educativa es un problema en muchas comunidades.,Образовательный разрыв является проблемой во многих сообществах.
1072,1072,Tengo uno perro y dos gatos en casa.,У меня есть одна собака и два кота дома.
1073,1073,Ella compró dos libros en la librería.,Она купила две книги в книжном магазине.
1074,1074,Tengo tres amigos que vienen a la fiesta.,"У меня есть три друга, которые приходят на вечеринку."
1075,1075,Cuatro estudiantes presentaron su proyecto hoy.,Четыре студента представили свой проект сегодня.
1076,1076,Hay cinco manzanas en la mesa.,На столе пять яблок.
1077,1077,Seis personas asistieron a la reunión.,На встречу пришло шесть человек.
1078,1078,Siete días son suficientes para un viaje corto.,Семь дней достаточно для короткой поездки.
1079,1079,Ocho horas de sueño son recomendables para la salud.,Восемь часов сна рекомендуется для здоровья.
1080,1080,Nueve es mi número favorito.,Девять – это мое любимое число.
1081,1081,Tengo diez manzanas en la bolsa.,У меня в сумке десять яблок.
1082,1082,Ella tiene veinte años y estudia español.,"Ей двадцать лет, и она изучает испанский."
1083,1083,El libro cuesta cien euros en la tienda.,Книга стоит сто евро в магазине.
1084,1084,Este año voy a viajar a España.,В этом году я поеду в Испанию.
1085,1085,El mes pasado fue muy interesante.,Прошлый месяц был очень интересным.
1086,1086,La próxima semana tengo un examen importante.,На следующей неделе у меня важный экзамен.
1087,1087,Hoy es un día soleado y bonito.,Сегодня солнечный и красивый день.
1088,1088,Voy a Portugal en mis vacaciones.,Я еду в Португалию на свои каникулы.
1089,1089,Marruecos es un país muy diverso.,Марокко - это очень разнообразная страна.
1090,1090,Chile tiene montañas y playas hermosas.,В Чили есть красивые горы и пляжи.
1091,1091,Colombia es famosa por su café y flores.,Колумбия известна своим кофе и цветами.
1092,1092,"En Perú, la comida es deliciosa y variada.",В Перу еда вкусная и разнообразная.
1093,1093,Cuba tiene una rica cultura y música alegre.,На Кубе богатая культура и веселая музыка.
1094,1094,Mi hermano es arquitecto y diseña casas.,Мой брат архитектор и проектирует дома.
1095,1095,Soy informático y trabajo con computadoras.,Я айтишник и работаю с компьютерами.
1096,1096,Ella es traductora y habla tres idiomas.,Она переводчик и говорит на трех языках.
1097,1097,El peluquero corta el cabello muy bien.,Парикмахер очень хорошо стрижет волосы.
1098,1098,El mecánico repara coches en su taller.,Механик ремонтирует машины в своей мастерской.
1099,1099,El bombero apaga incendios y ayuda a la gente.,Пожарный тушит пожары и помогает людям.
1100,1100,La panadería vende pan fresco y delicioso.,Булочная продает свежий и вкусный хлеб.
1101,1101,Voy a la carnicería a comprar carne.,"Я иду в мясную, чтобы купить мясо."
1102,1102,La pescadería está cerca de mi casa.,Рыбный магазин находится рядом с моим домом.
1103,1103,Ella compra frutas en la frutería.,Она покупает фрукты в фруктовом магазине.
1104,1104,Me gusta leer en la librería.,Мне нравится читать в книжном.
1105,1105,El kiosco vende revistas y dulces.,Киоск продает журналы и сладости.
1106,1106,Voy al estanco a comprar tabaco.,"Я иду в табачный киоск, чтобы купить табак."
1107,1107,La gasolinera está abierta las 24 horas.,Заправка открыта 24 часа.
1108,1108,La comisaría está en el centro de la ciudad.,Полиция находится в центре города.
1109,1109,El ayuntamiento organiza eventos para todos.,Мэрия организует мероприятия для всех.
1110,1110,El estadio tiene muchos aficionados hoy.,Стадион сегодня полон болельщиков.
1111,1111,La piscina está llena de gente en verano.,Бассейн полон людей летом.
1112,1112,Me gusta jugar ajedrez con mis amigos.,Мне нравится играть в шахматы с друзьями.
1113,1113,Los niños juegan a un videojuego nuevo.,Дети играют в новую видеоигру.
1114,1114,Hacemos senderismo los fines de semana.,Мы занимаемся пешим туризмом по выходным.
1115,1115,El ciclismo es mi deporte favorito.,Велоспорт - мой любимый вид спорта.
1116,1116,Practico yoga para relajarme.,"Я занимаюсь йогой, чтобы расслабиться."
1117,1117,La jardinería es un pasatiempo muy bonito.,Садоводство - это очень красивое хобби.
1118,1118,Hago manualidades con mis hijos.,Я занимаюсь рукоделием с детьми.
1119,1119,Enero es el primer mes del año.,Январь - первый месяц года.
1120,1120,Febrero tiene 28 días en general.,В феврале обычно 28 дней.
1121,1121,Marzo es el tercer mes del año.,Март — третий месяц года.
1122,1122,"En abril, las flores empiezan a crecer.",В апреле цветы начинают расти.
1123,1123,Mayo es un mes muy bonito.,Май — очень красивый месяц.
1124,1124,Junio es el comienzo del verano.,Июнь — начало лета.
1125,1125,En julio hace mucho calor.,В июле очень жарко.
1126,1126,Agosto es un mes de vacaciones.,Август — месяц отпусков.
1127,1127,Septiembre es el mes de la vuelta al colegio.,Сентябрь — месяц возвращения в школу.
1128,1128,"En octubre, las hojas cambian de color.",В октябре листья меняют цвет.
1129,1129,Noviembre es un mes de otoño.,Ноябрь — осенний месяц.
1130,1130,Diciembre es el último mes del año.,Декабрь — последний месяц года.
1131,1131,Me gusta el jamón en el desayuno.,Мне нравится хамон на завтрак.
1132,1132,El chorizo es un embutido español.,Чоризо — испанская колбаса.
1133,1133,La tortilla española es muy famosa.,Испанская тортилья очень известна.
1134,1134,La paella es un plato típico de España.,Паэлья — традиционное блюдо Испании.
1135,1135,El gazpacho es una sopa fría deliciosa.,Гаспачо — это вкусный холодный суп.
1136,1136,Me encanta comer tapas con amigos.,Мне нравится есть тапас с друзьями.
1137,1137,Los churros son un dulce muy popular.,Чуррос — очень популярное сладкое.
1138,1138,El flan es un postre muy rico.,Флан — это очень вкусный десерт.
1139,1139,Las aceitunas son un buen aperitivo.,Оливки — хорошая закуска.
1140,1140,Los garbanzos son saludables y nutritivos.,Нут полезен и питателен.
1141,1141,Me gusta comer lentejas en el almuerzo.,Мне нравится есть чечевицу на обед.
1142,1142,El atún es muy sabroso en ensaladas.,Тунец очень вкусный в салатах.
1143,1143,Ella lleva pendientes de oro hoy.,Сегодня она носит золотые серьги.
1144,1144,Compré un collar nuevo para mi hermana.,Я купил новое ожерелье для своей сестры.
1145,1145,Él le dio un anillo de compromiso.,Он подарил ей обручальное кольцо.
1146,1146,La pulsera que tengo es de plata.,"Браслет, который у меня есть, серебряный."
1147,1147,Ella tiene un moño muy bonito hoy.,У нее сегодня очень красивый пучок.
1148,1148,Me hice una trenza para la fiesta.,Я заплела косу для вечеринки.
1149,1149,El maquillaje de ella es muy natural.,Ее макияж очень естественный.
1150,1150,Me gusta el perfume de flores.,Мне нравится цветочный духи.
1151,1151,Mis cejas son muy gruesas.,Мои брови очень густые.
1152,1152,Ella tiene pestañas largas y bonitas.,У нее длинные и красивые ресницы.
1153,1153,Me duele la mejilla por la caída.,У меня болит щека из-за падения.
1154,1154,Su mentón es muy bien definido.,У него хорошо очерченный подбородок.
1155,1155,Tengo arrugas en la frente.,У меня морщины на лбу.
1156,1156,Ella tiene labios rojos y bonitos.,У нее красные и красивые губы.
1157,1157,Tengo pecas en la cara en verano.,У меня веснушки на лице летом.
1158,1158,Las arrugas aparecen con la edad.,Морщины появляются с возрастом.
1159,1159,El castillo está en la cima de la colina.,Замок находится на вершине холма.
1160,1160,La catedral es muy grande y hermosa.,Собор очень большой и красивый.
1161,1161,La isla es muy bonita en verano.,Остров очень красив летом.
1162,1162,El lago tiene agua clara y fría.,Озеро имеет чистую и холодную воду.
1163,1163,El bosque está lleno de árboles altos.,Лес полон высоких деревьев.
1164,1164,Voy a contestar la pregunta ahora.,Я собираюсь ответить на вопрос сейчас.
1165,1165,Ella va a presentar su proyecto mañana.,Она собирается представить свой проект завтра.
1166,1166,Nos gusta saludarnos en la mañana.,Нам нравится здороваться утром.
1167,1167,Es difícil despedirse de los amigos.,Трудно прощаться с друзьями.
1168,1168,Me gusta caminar por el parque.,Мне нравится идти пешком по парку.
1169,1169,Voy a coger el autobús a las ocho.,Я собираюсь сесть на автобус в восемь.
1170,1170,Debemos bajar por las escaleras ahora.,Нам нужно спуститься по лестнице сейчас.
1171,1171,Quiero subir a la montaña este verano.,Я хочу подняться на гору этим летом.
1172,1172,Es seguro cruzar la calle aquí.,Здесь безопасно переходить улицу.
1173,1173,Debemos parar en la próxima estación.,Нам нужно остановиться на следующей станции.
1174,1174,Voy a invitar a mis amigos a la fiesta.,Я собираюсь пригласить своих друзей на вечеринку.
1175,1175,Es bueno compartir tus juguetes con otros.,Хорошо делиться своими игрушками с другими.
1176,1176,Me siento frustrado por no entender.,"Я чувствую себя расстроенным, потому что не понимаю."
1177,1177,Estoy motivado para aprender español.,Я мотивирован учить испанский.
1178,1178,Él está confundido con las instrucciones.,Он сбит с толку инструкциями.
1179,1179,Estoy orgulloso de mis logros.,Я горжусь своими достижениями.
1180,1180,Me siento avergonzado por lo que dije.,"Мне стыдно за то, что я сказал."
1181,1181,Él es muy celoso con sus amigos.,Он очень ревнивый по отношению к своим друзьям.
1182,1182,La guerra terminó hace muchos años.,Война закончилась много лет назад.
1183,1183,Queremos vivir en paz y armonía.,Мы хотим жить в мире и гармонии.
1184,1184,El descubrimiento fue sorprendente para todos.,Открытие было неожиданным для всех.
1185,1185,Su invento cambió la forma de trabajar.,Его изобретение изменило способ работы.
1186,1186,La independencia es importante para el país.,Независимость важна для страны.
1187,1187,La revolución trajo muchos cambios sociales.,Революция принесла много социальных изменений.
1188,1188,Vivo en un ático con buena vista.,Я живу в мансарде с хорошим видом.
1189,1189,El dúplex tiene dos plantas y es cómodo.,Двухуровневая квартира имеет два этажа и удобна.
1190,1190,El adosado es perfecto para una familia.,Таунхаус идеально подходит для семьи.
1191,1191,El chalet tiene un jardín grande y bonito.,Коттедж имеет большой и красивый сад.
1192,1192,El estudio es pequeño pero muy acogedor.,"Студия маленькая, но очень уютная."
1193,1193,Guardamos cosas viejas en el trastero.,Мы храним старые вещи в кладовке.
1194,1194,El caldo de pollo está muy sabroso.,Куриный бульон очень вкусный.
1195,1195,Me gusta la salsa de tomate en la pasta.,Мне нравится томатный соус с пастой.
1196,1196,El pescado rebozado es mi favorito.,Рыба в кляре - моя любимая.
1197,1197,Las verduras al horno son saludables.,Запечённые овощи полезны.
1198,1198,Me encanta el pollo a la plancha.,Мне нравится курица на гриле.
1199,1199,El pescado crudo es un plato típico.,Сырой рыбы - это традиционное блюдо.
1200,1200,La tensión en la reunión era palpable.,Давление на встрече было ощутимым.
1201,1201,El mareo me hace sentir muy mal.,Головокружение заставляет меня чувствовать себя очень плохо.
1202,1202,Ella tiene náuseas después de comer.,У неё тошнота после еды.
1203,1203,Me hice un esguince en el tobillo ayer.,Я получил растяжение лодыжки вчера.
1204,1204,La fractura de su brazo necesita tratamiento.,Перелом её руки нуждается в лечении.
1205,1205,Nos quedamos en un albergue en la ciudad.,Мы остановились в хостеле в городе.
1206,1206,Vamos de camping este fin de semana.,Мы едем в кемпинг в эти выходные.
1207,1207,La pensión incluye desayuno y cena.,Пансион включает завтрак и ужин.
1208,1208,"Quiero reservar una habitación individual, por favor.","Я хочу забронировать одноместный номер, пожалуйста."
1209,1209,La habitación tiene una hermosa vista al mar.,У номера прекрасный вид на море.
1210,1210,Me gusta abrazar a mis amigos.,Мне нравится обнимать своих друзей.
1211,1211,Voy a besar a mi madre en la frente.,Я собираюсь поцеловать маму в лоб.
1212,1212,Siempre trato de sonreír a los demás.,Я всегда стараюсь улыбаться другим.
1213,1213,No es bueno gritar en la biblioteca.,Не хорошо кричать в библиотеке.
1214,1214,Ella suele suspirar cuando está cansada.,"Она обычно вздыхает, когда устала."
1215,1215,Los niños juegan con la videoconsola en casa.,Дети играют с игровой приставкой дома.
1216,1216,Encontré una casete vieja en el armario.,Я нашёл старую кассету в шкафу.
1217,1217,Escucho música en mi walkman mientras camino.,"Я слушаю музыку на своём плейере, пока иду."
1218,1218,Voy a escribir una carta a mi abuela.,Я собираюсь написать письмо бабушке.
1219,1219,La cabina telefónica está al final de la calle.,Телефонная будка находится в конце улицы.
1220,1220,Tengo un disco de vinilo de mi banda favorita.,У меня есть виниловая пластинка моей любимой группы.
1221,1221,"A veces, tropezamos con las piedras en el camino.",Иногда мы спотыкаемся о камни на дороге.
1222,1222,Es fácil caerse si no miras donde vas.,"Легко упасть, если не смотришь, куда идешь."
1223,1223,"Al final, se descubrió como una gran artista.","В конце концов, она обнаружила себя как великого художника."
1224,1224,Necesito actualizar mi currículum vitae para el trabajo.,Мне нужно обновить резюме для работы.
1225,1225,La carta de presentación es importante para conseguir entrevistas.,Сопроводительное письмо важно для получения интервью.
1226,1226,Trabajo a jornada completa en una oficina.,Я работаю полный день в офисе.
1227,1227,Ella prefiere un trabajo de media jornada.,Она предпочитает работу на полставки.
1228,1228,A veces hago horas extra para ganar más dinero.,"Иногда я работаю сверхурочно, чтобы заработать больше денег."
1229,1229,Ella está de baja por maternidad desde hace tres meses.,Она в декрете уже три месяца.
1230,1230,La jubilación llega después de muchos años de trabajo.,Пенсия приходит после многих лет работы.
1231,1231,Es importante tener un ahorro para emergencias.,Важно иметь накопления на случай чрезвычайных ситуаций.
1232,1232,La inversión en educación es muy valiosa.,Инвестиции в образование очень ценны.
1233,1233,El emprendimiento puede ser arriesgado pero gratificante.,"Предпринимательство может быть рискованным, но вознаграждающим."
1234,1234,No debes exagerar los problemas que tienes.,"Не стоит преувеличивать проблемы, которые у тебя есть."
1235,1235,Voy a calentar la comida en el microondas.,Я собираюсь разогреть еду в микроволновке.
1236,1236,Es bueno estirar antes de hacer ejercicio.,"Хорошо растягиваться перед тем, как заниматься спортом."
1237,1237,Es importante hidratarse durante el verano.,Важно пить воду летом.
1238,1238,Debes calmarse antes de tomar una decisión.,"Ты должен успокоиться перед тем, как принять решение."
1239,1239,Es bueno respirar profundamente para relajarse.,"Полезно дышать глубоко, чтобы расслабиться."
1240,1240,La ilusión de un nuevo comienzo es emocionante.,Радость ожидания нового начала волнует.
1241,1241,La decepción fue grande cuando no vino.,"Разочарование было большим, когда он не пришёл."
1242,1242,Siento orgullo por mis logros en la vida.,Я горжусь своими достижениями в жизни.
1243,1243,Me dio vergüenza hablar en público.,Мне стало стыдно говорить на публике.
1244,1244,La envidia no es buena para la amistad.,Зависть не приносит пользы дружбе.
1245,1245,El asa de la taza está rota.,Ручка чашки сломана.
1246,1246,No encuentro la tapa de la olla.,Я не могу найти крышку кастрюли.
1247,1247,La rueda del coche está pinchada.,Колесо машины проколото.
1248,1248,La pantalla del ordenador está apagada.,Экран компьютера выключен.
1249,1249,Presiona el botón para encender la luz.,"Нажми кнопку, чтобы включить свет."
1250,1250,El cable de carga está dañado.,Кабель зарядки повреждён.
1251,1251,Necesito una pila nueva para el control remoto.,Мне нужна новая батарейка для пульта.
1252,1252,El enchufe está detrás del sofá.,Розетка находится за диваном.
1253,1253,La huelga duró más de una semana.,Забастовка длилась больше недели.
1254,1254,El manifestante pidió cambios en la ley.,Демонстрант потребовал изменений в законе.
1255,1255,La urna fue colocada en el centro de la sala.,Урна была установлена в центре зала.
1256,1256,Él es un chico introvertido y reservado.,Он интровертированный и сдержанный парень.
1257,1257,Él es muy empático con sus amigos.,Он очень эмпатичный по отношению к своим друзьям.
1258,1258,Su comportamiento narcisista molesta a los demás.,Его нарциссическое поведение раздражает других.
1259,1259,Necesitamos un informe resolutivo.,Нам нужен итоговый отчёт.
1260,1260,Soy indeciso cuando tengo que tomar decisiones.,"Я нерешительный, когда мне нужно принимать решения."
1261,1261,El plástico de un solo uso contamina el medio ambiente.,Одноразовый пластик загрязняет окружающую среду.
1262,1262,Debemos separar la basura en el contenedor adecuado.,Мы должны разделять мусор в подходящий контейнер.
1263,1263,El punto limpio acepta residuos especiales para reciclar.,Пункт вторсырья принимает специальные отходы для переработки.
1264,1264,Es importante reducir nuestra huella ecológica cada año.,Важно сокращать наш экологический след каждый год.
1265,1265,"En primer lugar, necesitamos más conciencia ambiental.","Во-первых, нам нужно больше экологического сознания."
1266,1266,"En segundo lugar, debemos fomentar el reciclaje.","Во-вторых, мы должны поощрять переработку."
1267,1267,"Por último, todos podemos hacer un cambio positivo.","Наконец, мы все можем внести положительные изменения."
1268,1268,"Dicho esto, es hora de actuar por el planeta.","Сказав это, пора действовать ради планеты."
1269,1269,"Ahora bien, debemos encontrar soluciones sostenibles.",Однако мы должны найти устойчивые решения.
1270,1270,"En definitiva, la educación es clave para el cambio.",В итоге образование является ключом к изменениям.
1271,1271,Debemos asegurar que todos participen en la limpieza.,"Мы должны заверить, что все участвуют в уборке."
1272,1272,No se puede negar que el cambio climático es real.,"Нельзя отрицать, что изменение климата реально."
1273,1273,Es difícil admitir que necesitamos cambiar nuestros hábitos.,"Трудно признать, что нам нужно изменить наши привычки."
1274,1274,El jefe suele ordenar tareas a sus empleados.,Начальник обычно приказывает задачи своим сотрудникам.
1275,1275,El acento regional de esta zona es muy distintivo.,Региональный акцент этой зоны очень выразителен.
1276,1276,La costumbre local incluye celebrar fiestas en la plaza.,Местный обычай включает празднование фестивалей на площади.
1277,1277,La fiesta nacional se celebra con desfiles y fuegos artificiales.,Национальный праздник отмечается парадами и фейерверками.
1278,1278,El himno nacional suena antes de cada evento deportivo.,Гимн страны звучит перед каждым спортивным событием.
1279,1279,El titular clickbait atrajo la atención de muchos lectores.,Кликбейт-заголовок привлек внимание многих читателей.
1280,1280,El periodismo de investigación es fundamental para la verdad.,Расследовательская журналистика важна для правды.
1281,1281,La libertad de prensa es fundamental en una democracia.,Свобода прессы является основополагающей в демократии.
1282,1282,La censura limita la expresión de ideas en la sociedad.,Цензура ограничивает выражение идей в обществе.
1283,1283,La obsolescencia programada afecta la durabilidad de los productos.,Запланированное устаревание влияет на долговечность продуктов.
1284,1284,El consumo responsable ayuda a proteger el medio ambiente.,Ответственное потребление помогает защищать окружающую среду.
1285,1285,El comercio justo promueve mejores condiciones laborales para todos.,Справедливая торговля способствует улучшению условий труда для всех.
1286,1286,La economía colaborativa fomenta el uso compartido de recursos.,Шеринг-экономика содействует совместному использованию ресурсов.
1287,1287,Las emisiones de gases contaminantes afectan la salud pública.,Выбросы загрязняющих газов влияют на общественное здоровье.
1288,1288,El deshielo de los glaciares es un problema ambiental grave.,Таяние льдов является серьезной экологической проблемой.
1289,1289,La escasez de agua es un desafío en muchas regiones del mundo.,Нехватка воды является проблемой во многих регионах мира.
1290,1290,La gestión de residuos nucleares es crucial para la seguridad.,Управление ядерными отходами имеет решающее значение для безопасности.
1291,1291,El vehículo eléctrico reduce la contaminación en las ciudades.,Электромобиль снижает загрязнение в городах.
1292,1292,El turismo de masas puede dañar los destinos turísticos locales.,Массовый туризм может навредить местным туристическим направлениям.
1293,1293,"La gentrificación transforma barrios, pero desplaza a sus habitantes.","Джентрификация трансформирует районы, но вытесняет их жителей."
1294,1294,El alquiler vacacional ha crecido en popularidad en los últimos años.,Посуточная аренда возросла в популярности за последние годы.
1295,1295,La tasa turística se utiliza para mejorar la infraestructura local.,Туристический сбор используется для улучшения местной инфраструктуры.
1296,1296,El juego limpio es esencial en todas las competiciones deportivas.,Честная игра является важной в любых спортивных соревнованиях.
1297,1297,La apuesta en el deporte puede ser arriesgada y emocionante.,Ставка на спорт может быть рискованной и захватывающей.
1298,1298,La violencia en el deporte debe ser condenada por todos.,Насилие в спорте должно осуждаться всеми.
1299,1299,El deporte adaptado permite a todos participar en actividades físicas.,Адаптивный спорт позволяет всем участвовать в физических активностях.
1300,1300,Respetar el espacio personal de los demás es muy importante.,Уважение личного пространства других очень важно.
1301,1301,La dependencia emocional puede afectar las relaciones personales.,Эмоциональная зависимость может повлиять на личные отношения.
1302,1302,Es importante establecer un límite en las discusiones.,Важно установить границу в обсуждениях.
1303,1303,La educación pública debe ser accesible para todos.,Государственное образование должно быть доступно для всех.
1304,1304,Ella decidió estudiar en una universidad privada por su prestigio.,Она решила учиться в частном вузе из-за его престижа.
1305,1305,Mis notas en el examen mejoraron este semestre.,Мои оценки на экзамене улучшились в этом семестре.
1306,1306,La selectividad es un proceso estresante para los estudiantes.,Вступительные экзамены — это стрессовый процесс для студентов.
1307,1307,La platea estaba llena para la función de esta noche.,Партер был полон на сегодняшнем представлении.
1308,1308,Nos sentamos en el palco para disfrutar del espectáculo.,"Мы сели в ложе, чтобы насладиться спектаклем."
1309,1309,El telón se levantó y comenzó la obra de teatro.,"Занавес поднялся, и началась пьеса."
1310,1310,Los técnicos trabajan en la tramoya antes del show.,Техники работают за кулисами перед шоу.
1311,1311,La entrada agotada sorprendió a todos los fanáticos.,Аншлаг удивил всех фанатов.
1312,1312,La tercera vía puede ofrecer soluciones innovadoras.,Третья сторона может предложить инновационные решения.
1313,1313,Firmamos un acuerdo para colaborar en el proyecto.,Мы подписали соглашение о сотрудничестве в проекте.
1314,1314,El impasse en las negociaciones requiere una nueva estrategia.,Тупик в переговорах требует новой стратегии.
1315,1315,Actuamos siempre de buena fe en nuestros negocios.,Мы всегда действуем добросовестно в нашем бизнесе.
1316,1316,El lead del artículo capta la atención del lector.,Вводка статьи привлекает внимание читателя.
1317,1317,La entradilla debe resumir el contenido principal.,Вводка должна подводить итог основному содержанию.
1318,1318,El cierre del libro fue inesperado y conmovedor.,Концовка книги была неожиданной и трогательной.
1319,1319,El periodista citó una fuente anónima en su reportaje.,Журналист сослался на анонимный источник в своем репортаже.
1320,1320,Ella se fue como si nada hubiera pasado.,"Она ушла, как ни в чём не бывало."
1321,1321,Ni que decir tiene que todos estamos de acuerdo.,"Само собой, что мы все согласны."
1322,1322,"No salí, puesto que estaba lloviendo mucho.","Я не вышел, поскольку шёл сильный дождь."
1323,1323,Te ayudaré a condición de que llegues a tiempo.,"Я помогу тебе при условии, что ты придёшь вовремя."
1324,1324,Ella habla portugués y español con fluidez.,Она свободно говорит на португальском и испанском.
1325,1325,El árabe es un idioma muy interesante.,Арабский язык очень интересный.
1326,1326,Mi amigo estudia turco en la universidad.,Мой друг изучает турецкий в университете.
1327,1327,"El griego es difícil, pero fascinante.","Греческий язык трудный, но увлекательный."
1328,1328,El polaco tiene una gramática compleja.,Польский язык имеет сложную грамматику.
1329,1329,El sueco es hablado en Suecia y Finlandia.,На шведском говорят в Швеции и Финляндии.
1330,1330,Llegué temprano a la reunión de trabajo.,Я пришёл рано на рабочую встречу.
1331,1331,Salí tarde y perdí el autobús.,Я вышел поздно и пропустил автобус.
1332,1332,"Después de la cena, vimos una película.",После ужина мы посмотрели фильм.
1333,1333,Vivo en un barrio céntrico de la ciudad.,Я живу в центральном районе города.
1334,1334,Buscamos un apartamento en una zona residencial.,Мы ищем квартиру в жилом районе.
1335,1335,La zona industrial está lejos del centro.,Промышленная зона находится далеко от центра.
1336,1336,Este lugar es muy turístico en verano.,Это место очень туристическое летом.
1337,1337,El ambiente universitario es muy dinámico.,Университетская атмосфера очень динамичная.
1338,1338,La policía puede multar a los conductores imprudentes.,Полиция может штрафовать неосторожных водителей.
1339,1339,Es importante denunciar cualquier acto de corrupción.,Важно заявлять о любых актах коррупции.
1340,1340,Debemos cumplir con las reglas de seguridad.,Мы должны соблюдать правила безопасности.
1341,1341,No quiero infringir las reglas del juego.,Я не хочу нарушать правила игры.
1342,1342,Es importante regular el uso del agua.,Важно регулировать использование воды.
1343,1343,El tiempo hoy es muy bonito.,Сегодня погода очень хорошая.
1344,1344,Esta es la primera vez que visito España.,Это мой первый раз в Испании.
1345,1345,Cada parte del libro es interesante.,Каждая часть книги интересна.
1346,1346,La vida es un viaje lleno de sorpresas.,"Жизнь — это путешествие, полное сюрпризов."
1347,1347,Este es un momento especial para nosotros.,Это особенный момент для нас.
1348,1348,Esa cosa no es mía.,Та вещь не моя.
1349,1349,Este lugar es muy tranquilo.,Это место очень спокойное.
1350,1350,El hombre lleva un sombrero negro.,Мужчина носит черную шляпу.
1351,1351,El niño juega en el parque.,Ребёнок играет в парке.
1352,1352,La niña canta una canción hermosa.,Девочка поёт красивую песню.
1353,1353,La gente en la fiesta está muy feliz.,Люди на вечеринке очень счастливы.
1354,1354,Tengo un problema con mi computadora.,У меня проблема с компьютером.
1355,1355,"En este caso, necesitamos más información.",В этом случае нам нужна дополнительная информация.
1356,1356,El punto de encuentro es en la plaza.,Место встречи — на площади.
1357,1357,El grupo de amigos se reúne todos los viernes.,Группа друзей собирается каждую пятницу.
1358,1358,Puedo ayudarte con tus tareas.,Я могу помочь тебе с твоими заданиями.
1359,1359,Quiero saber más sobre la cultura española.,Я хочу узнать больше о испанской культуре.
1360,1360,Voy a poner el libro en la mesa.,Я положу книгу на стол.
1361,1361,Voy a dar un regalo a mi amigo.,Я собираюсь подарить подарок своему другу.
1362,1362,Ella quiere decir algo importante hoy.,Она хочет сказать что-то важное сегодня.
1363,1363,Voy a venir a la fiesta mañana.,Я приду на вечеринку завтра.
1364,1364,Puedes traer tu libro a la clase.,Ты можешь принести свою книгу на урок.
1365,1365,Vamos a quedar en el parque a las cinco.,Мы договоримся встретиться в парке в пять.
1366,1366,Creo que mañana lloverá.,"Я верю, что завтра будет дождь."
1367,1367,Siento mucho frío en esta habitación.,Мне очень холодно в этой комнате.
1368,1368,Voy a dejar mis cosas en la mesa.,Я оставлю свои вещи на столе.
1369,1369,Ella quiere tomar un café después de la clase.,Она хочет выпить кофе после урока.
1370,1370,Voy a usar mi chaqueta nueva hoy.,Я собираюсь надеть свою новую куртку сегодня.
1371,1371,"Tienes razón, eso es muy importante.","Ты прав, это очень важно."
1372,1372,No tiene sentido discutir sobre eso.,Нет смысла спорить об этом.
1373,1373,Hay muchas maneras de resolver este problema.,Есть много способов решить эту проблему.
1374,1374,El nivel de español de Juan es muy alto.,Уровень испанского Хуана очень высокий.
1375,1375,El cambio es necesario para mejorar.,Изменение необходимо для улучшения.
1376,1376,El desarrollo de la ciudad es muy rápido.,Развитие города идет очень быстро.
1377,1377,El resultado del examen fue sorprendente.,Результат экзамена был удивительным.
1378,1378,El efecto de la música es relajante.,Эффект музыки расслабляющий.
1379,1379,La causa del problema es muy clara.,Причина проблемы очень ясна.
1380,1380,El fin de la historia es emocionante.,Конец истории захватывающий.
1381,1381,El medio ambiente es muy importante para todos.,Среда обитания очень важна для всех.
1382,1382,El sistema educativo necesita muchas mejoras.,Система образования нуждается в многих улучшениях.
1383,1383,El proceso de aprendizaje lleva tiempo y esfuerzo.,Процесс обучения требует времени и усилий.
1384,1384,Hay un tipo de comida que me gusta mucho.,"Есть тип еды, который мне очень нравится."
1385,1385,El servicio al cliente es fundamental en esta empresa.,Обслуживание клиентов является основным в этой компании.
1386,1386,La actividad física es buena para la salud.,Физическая активность полезна для здоровья.
1387,1387,La situación económica está mejorando lentamente.,Экономическая ситуация медленно улучшается.
1388,1388,Voy a ofrecer ayuda a mis amigos.,Я собираюсь предложить помощь своим друзьям.
1389,1389,Es importante aceptar las críticas constructivas.,Важно принимать конструктивную критику.
1390,1390,Decidí rechazar la oferta de trabajo.,Я решил отклонить предложение о работе.
1391,1391,Puedo elegir entre muchas opciones diferentes.,Я могу выбрать из множества различных вариантов.
1392,1392,Quiero aumentar mis conocimientos sobre este tema.,Я хочу увеличить свои знания по этой теме.
1393,1393,Es necesario reducir el consumo de energía.,Необходимо сократить потребление энергии.
1394,1394,Debemos mantener la calma en situaciones difíciles.,Мы должны поддерживать спокойствие в трудных ситуациях.
1395,1395,El profesor exige que estudiemos para el examen.,"Учитель требует, чтобы мы учились к экзамену."
1396,1396,Voy a proponer una nueva idea en la reunión.,Я собираюсь предложить новую идею на встрече.
1397,1397,Necesitamos resolver este problema pronto.,Нам нужно решить эту проблему скоро.
1398,1398,Existen muchas formas de aprender un idioma.,Существует много способов изучать язык.
1399,1399,El éxito depende de nuestro esfuerzo y dedicación.,Успех зависит от наших усилий и преданности.
1400,1400,La cultura de este país es muy rica y diversa.,Культура этой страны очень богата и разнообразна.
1401,1401,La economía de este país está mejorando.,Экономика этой страны улучшается.
1402,1402,Mi hermano trabaja en una empresa grande.,Мой брат работает в большой компании.
1403,1403,Este producto es muy popular entre los jóvenes.,Этот продукт очень популярен среди молодежи.
1404,1404,La calidad de este servicio es excelente.,Качество этой услуги отличное.
1405,1405,La cantidad de comida es suficiente para todos.,Количество еды достаточно для всех.
1406,1406,El precio de la gasolina ha subido mucho.,Цена на бензин сильно поднялась.
1407,1407,El cliente siempre tiene la razón en el negocio.,Клиент всегда прав в бизнесе.
1408,1408,El agua es un recurso muy valioso.,Вода — это очень ценный ресурс.
1409,1409,Una ventaja de este producto es su durabilidad.,Преимущество этого продукта — его долговечность.
1410,1410,La desventaja de trabajar mucho es el estrés.,Недостаток много работать — это стресс.
1411,1411,Invertir en acciones siempre conlleva un riesgo.,Инвестирование в акции всегда связано с риском.
1412,1412,El beneficio de la empresa ha aumentado este año.,Прибыль компании увеличилась в этом году.
1413,1413,La pérdida de dinero fue inesperada para todos.,Потеря денег была неожиданной для всех.
1414,1414,El salario mínimo en este país es bajo.,Минимальная зарплата в этой стране низкая.
1415,1415,La pobreza afecta a muchas familias en el mundo.,Бедность затрагивает многие семьи в мире.
1416,1416,La riqueza de una nación se mide por su economía.,Богатство нации измеряется по её экономике.
1417,1417,Es importante analizar los datos antes de decidir.,"Важно анализировать данные перед тем, как принимать решение."
1418,1418,Quiero demostrar que mi idea es viable.,"Я хочу доказать, что моя идея жизнеспособна."
1419,1419,Voy a indicar el camino a seguir.,"Я укажу путь, который нужно следовать."
1420,1420,Voy a señalar los errores en el informe.,Я отмечу ошибки в отчете.
1421,1421,Es importante destacar los logros del equipo.,Важно выделить достижения команды.
1422,1422,Supongo que llegarás a tiempo a la reunión.,"Я предполагаю, что ты придешь вовремя на встречу."
1423,1423,Este gesto significa mucho para mí.,Этот жест много значит для меня.
1424,1424,Debemos considerar todas las opciones disponibles.,Мы должны рассмотреть все доступные варианты.
1425,1425,Es importante reconocer los errores para mejorar.,"Важно признавать ошибки, чтобы улучшиться."
1426,1426,Voy a comentar sobre el nuevo proyecto mañana.,Я собираюсь прокомментировать новый проект завтра.
1427,1427,Es importante mantener una buena comunicación.,Важно поддерживать хорошую коммуникацию.
1428,1428,Es necesario estudiar para aprobar el examen.,"Необходимо учиться, чтобы сдать экзамен."
1429,1429,El mensaje es claro y fácil de entender.,Сообщение ясное и легко понимаемое.
1430,1430,El pasillo está muy oscuro por la noche.,Коридор очень темный ночью.
1431,1431,El problema principal es la falta de recursos.,Главная проблема - это нехватка ресурсов.
1432,1432,Es básico conocer las reglas del juego.,Базово знать правила игры.
1433,1433,"En general, la reunión fue muy productiva.","В общем, встреча была очень продуктивной."
1434,1434,Tengo una opinión particular sobre este tema.,У меня есть частное мнение по этому вопросу.
1435,1435,Hoy es un día especial para todos nosotros.,Сегодня особенный день для всех нас.
1436,1436,Es normal sentirse un poco nervioso antes de hablar.,Это нормально немного нервничать перед выступлением.
1437,1437,Es raro ver a Juan en esta parte de la ciudad.,Редко видеть Хуана в этой части города.
1438,1438,Es común que llueva en esta época del año.,Обычно в это время года идет дождь.
1439,1439,Cada uno debe cuidar su propio bienestar.,Каждый должен заботиться о своем собственном благополучии.
1440,1440,No debes interferir en asuntos ajenos.,Не следует вмешиваться в чужие дела.
1441,1441,El tema actual es muy interesante.,Текущая тема очень интересная.
1442,1442,Visité un museo con arte antiguo.,Я посетил музей с древним искусством.
1443,1443,Su estilo de vida es bastante moderno.,Его образ жизни довольно современный.
1444,1444,Este libro está completo y listo para leer.,Эта книга полная и готова к чтению.
1445,1445,El salón está vacío sin muebles.,Гостиная пуста без мебели.
1446,1446,El vaso está lleno de agua.,Стакан полон воды.
1447,1447,Hoy tengo el día libre para descansar.,Сегодня у меня свободный день для отдыха.
1448,1448,El impacto del cambio climático es preocupante.,Воздействие изменения климата вызывает беспокойство.
1449,1449,El alcance del proyecto es muy amplio.,Охват проекта очень широкий.
1450,1450,El criterio para seleccionar candidatos es estricto.,Критерий для отбора кандидатов строгий.
1451,1451,Su planteamiento del problema es muy claro.,Его постановка проблемы очень ясная.
1452,1452,El balance de la empresa es positivo este año.,Баланс компании положительный в этом году.
1453,1453,Hay una tendencia creciente en el uso de tecnología.,Существует растущая тенденция в использовании технологий.
1454,1454,El fenómeno de la migración es complejo.,Явление миграции является сложным.
1455,1455,Es importante entender el contexto cultural.,Важно понимать культурный контекст.
1456,1456,Su perspectiva sobre el tema es interesante.,Его перспектива по этой теме интересна.
1457,1457,El reto de aprender un idioma es emocionante.,Вызов изучения языка захватывающий.
1458,1458,La amenaza del cambio climático es real.,Угроза изменения климата реальна.
1459,1459,Necesitamos una estrategia clara para avanzar.,Нам нужна четкая стратегия для продвижения.
1460,1460,La medida fue aprobada por el consejo.,Мера была одобрена советом.
1461,1461,La política pública debe ser inclusiva y justa.,Госполитика должна быть инклюзивной и справедливой.
1462,1462,La transparencia en el gobierno es fundamental para la confianza.,Прозрачность в правительстве имеет основополагающее значение для доверия.
1463,1463,La rendición de cuentas es clave en la gestión pública.,Подотчётность является ключевым моментом в управлении государственными делами.
1464,1464,La participación ciudadana mejora la calidad de las decisiones.,Участие граждан улучшает качество принимаемых решений.
1465,1465,Es necesario abordar los problemas sociales con seriedad.,Необходимо поднимать социальные проблемы с серьёзностью.
1466,1466,Debemos fomentar el diálogo entre diferentes comunidades.,Мы должны поощрять диалог между различными сообществами.
1467,1467,El gobierno quiere impulsar el desarrollo sostenible.,Правительство хочет стимулировать устойчивое развитие.
1468,1468,Es importante garantizar los derechos de todos los ciudadanos.,Важно гарантировать права всех граждан.
1469,1469,Es saludable cuestionar las decisiones de los líderes.,Полезно ставить под вопрос решения лидеров.
1470,1470,Ellos reivindican sus derechos laborales constantemente.,Они постоянно требуют своих трудовых прав.
1471,1471,Los partidos deben pactar para lograr un acuerdo.,"Партии должны договариваться, чтобы достичь соглашения."
1472,1472,Es importante relativizar los problemas para encontrar soluciones.,"Важно релятивизировать проблемы, чтобы найти решения."
1473,1473,Queremos profundizar en el análisis de los datos.,Мы хотим углублять анализ данных.
1474,1474,Es necesario ampliar el acceso a la educación.,Необходимо расширять доступ к образованию.
1475,1475,A veces es necesario restringir ciertas libertades.,Иногда необходимо ограничивать определённые свободы.
1476,1476,La información relevante debe ser compartida con todos.,Релевантная информация должна быть доступна всем.
1477,1477,El cambio fue significativo para la comunidad local.,Изменение было значимым для местного сообщества.
1478,1478,Es crucial tomar decisiones informadas en este momento.,Ключевым является принятие обоснованных решений в этот момент.
1479,1479,El problema secundario puede ser resuelto más tarde.,Второстепенную проблему можно решить позже.
1480,1480,Es evidente que necesitamos un cambio en la política.,"Очевидно, что нам нужно изменить политику."
1481,1481,Es dudoso que lleguen a tiempo.,"Сомнительно, что они придут вовремя."
1482,1482,El proyecto es viable si tenemos apoyo.,"Проект жизнеспособен, если у нас будет поддержка."
1483,1483,Su comportamiento es insostenible en el trabajo.,Его поведение на работе несостоятельно.
1484,1484,Ese modelo de teléfono ya está obsoleto.,Эта модель телефона уже устарела.
1485,1485,La distribución de recursos es desigual en la sociedad.,Распределение ресурсов в обществе неравное.
1486,1486,"En español, el plural se forma fácilmente.",В испанском языке множественное число образуется легко.
1487,1487,El grupo es homogéneo en sus opiniones.,Группа однородна в своих мнениях.
1488,1488,El grupo de estudiantes es muy heterogéneo en sus intereses.,Группа студентов очень разнородная по своим интересам.
1489,1489,El coche es rojo y rápido.,Машина красная и быстрая.
1490,1490,Vengo de la tienda ahora mismo.,Я только что пришел из магазина.
1491,1491,Voy a la playa este fin de semana.,Я еду на пляж в эти выходные.
1492,1492,Quiero comprar un libro nuevo.,Я хочу купить новую книгу.
1493,1493,Se dice que la verdad duele.,"Говорят, что правда больно."
1494,1494,Quiero un coche que sea económico.,"Я хочу машину, которая экономичная."
1495,1495,Vengo del parque después de correr.,Я пришел из парка после пробежки.
1496,1496,Pasamos por la plaza todos los días.,Мы проходим через площадь каждый день.
1497,1497,Voy al cine con mis amigos.,Я иду в кино с друзьями.
1498,1498,"Esto es para ti, un regalo especial.","Это для тебя, особенный подарок."
1499,1499,Voy al médico mañana por la mañana.,Я иду к врачу завтра утром.
1500,1500,Lo que dijiste es muy interesante.,"То, что ты сказал, очень интересно."
1501,1501,Me gusta el café como el té.,Мне нравится кофе как чай.
1502,1502,Le doy un regalo a mi amigo.,Я даю подарок своему другу.
1503,1503,"Quiero más agua, por favor.","Я хочу больше воды, пожалуйста."
1504,1504,Todo está listo para la fiesta.,Всё готово к вечеринке.
1505,1505,Me gusta mucho este libro.,Мне очень нравится эта книга.
1506,1506,Ese coche es muy rápido.,Тот автомобиль очень быстрый.
1507,1507,Quiero otro trozo de pastel.,Я хочу другой кусок торта.
1508,1508,Hay muchas personas en la fiesta.,На вечеринке много людей.
1509,1509,Hablamos sobre la película anoche.,Мы говорили о фильме прошлой ночью.
1510,1510,El gato está entre los dos perros.,Кот находится между двумя собаками.
1511,1511,No puedo vivir sin ti.,Я не могу жить без тебя.
1512,1512,Yo mismo lo haré mañana.,Я сам сделаю это завтра.
1513,1513,El primero en llegar fue Juan.,Первым пришёл Хуан.
1514,1514,El clima hoy es muy agradable.,Погода сегодня очень приятная.
1515,1515,¿Hay alguno más en la lista?,Есть ещё кто-нибудь в списке?
1516,1516,Nos vemos en el cine esta noche.,Мы увидимся в кино сегодня вечером.
1517,1517,"No voy, porque estoy cansado.","Я не иду, потому что я устал."
1518,1518,Solo quiero descansar un poco.,Я только хочу немного отдохнуть.
1519,1519,Tengo un nuevo teléfono móvil.,У меня новый мобильный телефон.
1520,1520,Te veo mañana en la escuela.,Я увижу тебя завтра в школе.
1521,1521,No tengo ni tiempo ni dinero.,"У меня нет ни времени, ни денег."
1522,1522,Aquel niño juega en el parque.,Тот мальчик играет в парке.
1523,1523,No sé donde guardé mis llaves.,"Я не знаю, где я положил свои ключи."
1524,1524,El último tren sale a las diez.,Последний поезд отправляется в десять.
1525,1525,Cada día es una nueva oportunidad.,Каждый день — это новая возможность.
1526,1526,Ella es tan amable y simpática.,Она так мила и дружелюбна.
1527,1527,Así se hace una buena tortilla.,Так делается хорошая тортилья.
1528,1528,Este libro es muy bueno para aprender.,Эта книга очень хороша для изучения.
1529,1529,El presidente dará un discurso mañana.,Президент даст речь завтра.
1530,1530,El estado necesita más recursos.,Государству нужно больше ресурсов.
1531,1531,Todo está bien en mi casa.,Все хорошо в моем доме.
1532,1532,"No quiero café, sino té.","Я не хочу кофе, а чай."
1533,1533,Es un tema político muy importante.,Это очень важная политическая тема.
1534,1534,Voy a tratar de llegar a tiempo.,Я постараюсь прийти вовремя.
1535,1535,El equipo nacional ganó el partido.,Национальная команда выиграла матч.
1536,1536,Hay un millón de estrellas en el cielo.,В небе миллион звезд.
1537,1537,Luchamos contra la injusticia.,Мы боремся против несправедливости.
1538,1538,Hablamos ante un gran público.,Мы говорили перед большой аудиторией.
1539,1539,Ayer fui al cine con amigos.,Вчера я ходил в кино с друзьями.
1540,1540,Caminamos hacia la playa.,Мы идем к пляжу.
1541,1541,El evento es muy social y divertido.,Мероприятие очень социальное и веселое.
1542,1542,Vamos a realizar una fiesta este sábado.,Мы собираемся провести вечеринку в эту субботу.
1543,1543,"No tengo dinero, pues no puedo comprarlo.","У меня нет денег, итак я не могу это купить."
1544,1544,Quiero menos azúcar en mi café.,Я хочу меньше сахара в своем кофе.
1545,1545,Hoy hace buen tiempo para pasear.,Сегодня хорошая погода для прогулки.
1546,1546,La fábrica produce muchos juguetes cada año.,Фабрика производит много игрушек каждый год.
1547,1547,Casi todos los días voy al gimnasio.,Почти каждый день я хожу в спортзал.
1548,1548,Quiero crear una nueva canción este mes.,Я хочу создать новую песню в этом месяце.
1549,1549,¿Cómo llego a tu casa desde aquí?,Как я доберусь до твоего дома отсюда?
1550,1550,No tengo ninguno de esos libros.,У меня нет ни одной из этих книг.
1551,1551,Es un coche muy económico y eficiente.,Это очень экономичный и эффективный автомобиль.
1552,1552,El segundo capítulo es muy interesante.,Вторая глава очень интересная.
1553,1553,El señor Gómez es mi profesor de español.,Сеньор Гомес - мой преподаватель испанского.
1554,1554,La noche es tranquila y hermosa.,Ночь спокойная и красивая.
1555,1555,Este libro es mejor que el anterior.,Эта книга лучше предыдущей.
1556,1556,Me gusta mucho la historia de España.,Мне очень нравится история Испании.
1557,1557,Vamos a comer tras la reunión.,Мы поедим после встречи.
1558,1558,El camino es largo y cansado.,Дорога длинная и утомительная.
1559,1559,Tengo varios amigos en esta ciudad.,У меня есть несколько друзей в этом городе.
1560,1560,La fuerza del viento es muy fuerte hoy.,Сила ветра сегодня очень сильная.
1561,1561,El hecho es muy importante para nosotros.,Этот факт очень важен для нас.
1562,1562,"El regalo es para mí, gracias.","Подарок для меня, спасибо."
1563,1563,No tengo tanto dinero hoy.,У меня сегодня нет столько денег.
1564,1564,Ella tiene un perro único y especial.,У неё есть единственная и особенная собака.
1565,1565,Puedes elegir cualquiera de los libros.,Ты можешь выбрать любой из книг.
1566,1566,Aún no he terminado mi tarea.,Я ещё не закончил своё задание.
1567,1567,Voy a comenzar a estudiar español.,Я собираюсь начать учить испанский.
1568,1568,No he visto tal cosa antes.,Я никогда не видел такой вещи раньше.
1569,1569,El siglo veinte fue muy interesante.,Двадцатый век был очень интересным.
1570,1570,El ministro habló en la conferencia.,Министр говорил на конференции.
1571,1571,Las estrellas comienzan a aparecer en la noche.,Звёзды начинают появляться ночью.
1572,1572,Quiero convertir mis sueños en realidad.,Я хочу превратить свои мечты в реальность.
1573,1573,La acción de la película fue emocionante.,Действие фильма было захватывающим.
1574,1574,El coche está de lado en la calle.,Машина стоит сбоку на улице.
1575,1575,Nadie sabe la respuesta correcta.,Никто не знает правильного ответа.
1576,1576,Voy a utilizar mi computadora para trabajar.,Я буду использовать свой компьютер для работы.
1577,1577,El próximo tren llega a las cinco.,Следующий поезд приходит в пять.
1578,1578,El ser humano es curioso por naturaleza.,Человек по своей природе любопытен.
1579,1579,La realidad a veces es difícil de aceptar.,Реальность иногда трудно принять.
1580,1580,El programa comienza a las ocho de la noche.,Программа начинается в восемь вечера.
1581,1581,Hay cierto libro que quiero leer.,"Есть некая книга, которую я хочу прочитать."
1582,1582,La tierra es muy fértil aquí.,Земля здесь очень плодородная.
1583,1583,Voy a acabar mi tarea ahora.,Я собираюсь закончить своё задание сейчас.
1584,1584,Tengo una idea para la fiesta.,У меня есть идея для вечеринки.
1585,1585,Quiero mostrarte mi casa.,Я хочу показать тебе свой дом.
1586,1586,Esta zona es muy tranquila.,Эта зона очень спокойная.
1587,1587,Vamos a formar un grupo para estudiar.,Давайте создадим группу для учёбы.
1588,1588,El tema de la clase es interesante.,Тема урока интересная.
1589,1589,La muerte es parte de la vida.,Смерть — это часть жизни.
1590,1590,El principio del año es en enero.,Начало года в январе.
1591,1591,"No puedo ir, ya que estoy enfermo.","Я не могу пойти, поскольку я болен."
1592,1592,Tengo interés en aprender español.,У меня есть интерес к изучению испанского.
1593,1593,Este libro es distinto de los demás.,Эта книга отличается от остальных.
1594,1594,La organización es internacional y ayuda a muchos.,Организация международная и помогает многим.
1595,1595,El sector de tecnología crece rápidamente.,Сектор технологий быстро растёт.
1596,1596,"Dame un paso hacia adelante, por favor.","Дай мне шаг вперёд, пожалуйста."
1597,1597,Incluso los niños pueden participar.,Даже дети могут участвовать.
1598,1598,Necesito más información sobre el proyecto.,Мне нужно больше информации о проекте.
1599,1599,Su voz es muy melodiosa.,Её голос очень мелодичный.
1600,1600,El valor de la amistad es inmenso.,Ценность дружбы огромна.
1601,1601,La figura en la pintura es muy bonita.,Фигура на картине очень красивая.
1602,1602,Quiero establecer una nueva amistad.,Я хочу установить новую дружбу.
1603,1603,Ambos amigos llegaron a la fiesta.,Оба друга пришли на вечеринку.
1604,1604,La verdad es importante para todos.,Правда важна для всех.
1605,1605,El movimiento del coche es rápido.,Движение машины быстрое.
1606,1606,El capítulo anterior fue interesante.,Предыдущая глава была интересной.
1607,1607,Vimos la película a través de la ventana.,Мы смотрели фильм через окно.
1608,1608,La puerta está abierta para todos.,Дверь открыта для всех.
1609,1609,Voy a obtener un nuevo trabajo pronto.,Я скоро получу новую работу.
1610,1610,Hay posibilidad de lluvia hoy.,Сегодня есть возможность дождя.
1611,1611,La casa está frente a la escuela.,Дом находится напротив школы.
1612,1612,Espero alcanzar mis metas este año.,Я надеюсь достичь своих целей в этом году.
1613,1613,"A veces, es fácil caer en la trampa.",Иногда легко попасть в ловушку.
1614,1614,El fondo del mar es muy profundo.,Дно моря очень глубокое.
1615,1615,La imagen es clara y colorida.,Изображение четкое и цветное.
1616,1616,El orden en la casa es necesario.,Порядок в доме необходим.
1617,1617,La luz del sol es brillante hoy.,Свет солнца сегодня яркий.
1618,1618,El final de la película fue sorprendente.,Конец фильма был неожиданным.
1619,1619,El siguiente tren llega a las diez.,Следующий поезд прибывает в десять.
1620,1620,La policía llegó rápidamente al lugar.,Полиция быстро приехала на место.
1621,1621,La peseta ya no es la moneda de España.,Песета больше не является валютой Испании.
1622,1622,Soy miembro de un club de lectura.,Я член клуба чтения.
1623,1623,Este es un modo fácil de aprender español.,Это простой способ учить испанский.
1624,1624,Puedo oír la música desde aquí.,Я могу слышать музыку отсюда.
1625,1625,Hay una necesidad de más información.,Существует необходимость в большей информации.
1626,1626,Vivo en los Estados Unidos desde hace cinco años.,Я живу в Соединённых Штатах уже пять лет.
1627,1627,La comisión se reúne cada mes.,Комиссия собирается каждый месяц.
1628,1628,Este libro es diferente de los demás.,Эта книга отличается от остальных.
1629,1629,El campo es muy tranquilo y bonito.,Сельская местность очень спокойная и красивая.
1630,1630,La organización ayuda a muchas personas necesitadas.,Организация помогает многим нуждающимся людям.
1631,1631,El don de la música es especial.,Дар музыки особенный.
1632,1632,El camino hacia la playa es largo.,Дорога к пляжу длинная.
1633,1633,Voy a sentar a los niños en la mesa.,Я посажу детей за стол.
1634,1634,Ellos constituyen un buen equipo de trabajo.,Они составляют хорошую рабочую команду.
1635,1635,Voy a referir la historia a mis amigos.,Я расскажу историю своим друзьям.
1636,1636,La mayoría de las personas prefieren el verano.,Большинство людей предпочитает лето.
1637,1637,Voy a sacar la basura ahora.,Я сейчас вынесу мусор.
1638,1638,Tomé una decisión importante hoy.,Я принял важное решение сегодня.
1639,1639,La función del profesor es enseñar.,Функция учителя — учить.
1640,1640,"Necesito lápices, papel, etcétera.","Мне нужны карандаши, бумага и так далее."
1641,1641,Hay mucho espacio en esta habitación.,В этой комнате много пространства.
1642,1642,Quiero continuar mis estudios en la universidad.,Я хочу продолжать учёбу в университете.
1643,1643,Él es un ciudadano europeo muy orgulloso.,Он очень гордый европейский гражданин.
1644,1644,La base del edificio es muy sólida.,Основа здания очень прочная.
1645,1645,La seguridad es muy importante para todos.,Безопасность очень важна для всех.
1646,1646,"A partir de mañana, tengo vacaciones.",Начиная с завтрашнего дня у меня каникулы.
1647,1647,Quiero desarrollar mis habilidades en español.,Я хочу развивать свои навыки в испанском.
1648,1648,La música pop es muy popular entre los jóvenes.,Поп-музыка очень популярна среди молодежи.
1649,1649,El uniforme militar es de color verde.,Военная форма зелёного цвета.
1650,1650,Ella es la autora de un libro famoso.,Она автор известной книги.
1651,1651,El castillo tiene un aspecto real y majestuoso.,Замок выглядит королевским и величественным.
1652,1652,El clima hoy es malo para salir.,Сегодняшняя погода плохая для выхода.
1653,1653,Voy a iniciar un nuevo proyecto este mes.,Я собираюсь начать новый проект в этом месяце.
1654,1654,La investigación sobre el clima es muy interesante.,Исследование климата очень интересно.
1655,1655,El juego de mesa es divertido para todos.,Настольная игра интересна для всех.
1656,1656,Hay ciento veinte personas en la fiesta.,На вечеринке сто двадцать человек.
1657,1657,Madrid es la capital de España.,Мадрид — столица Испании.
1658,1658,La libertad es un derecho fundamental.,Свобода — это основное право.
1659,1659,"En caso de emergencia, llama al 112.",В случае экстренной ситуации позвони по номеру 112.
1660,1660,El amor es lo más importante en la vida.,Любовь — это самое важное в жизни.
1661,1661,Me gusta mucho el arte moderno.,Мне очень нравится современное искусство.
1662,1662,El libro es viejo y está dañado.,Книга старая и повреждена.
1663,1663,No tengo suficiente dinero para comprarlo.,"У меня недостаточно денег, чтобы это купить."
1664,1664,La producción de frutas es importante aquí.,Производство фруктов здесь важно.
1665,1665,Voy a levantar la caja del suelo.,Я подниму коробку с пола.
1666,1666,El rey vive en un gran palacio.,Король живет в большом дворце.
1667,1667,Esta es una buena ocasión para celebrar.,Это хорошая возможность для празднования.
1668,1668,La población de la ciudad está creciendo.,Население города растет.
1669,1669,México es un país muy bonito.,Мексика — это очень красивая страна.
1670,1670,Tengo una duda sobre la tarea.,У меня есть сомнение по поводу задания.
1671,1671,Hay una falta de agua en esta región.,В этом регионе не хватает воды.
1672,1672,La línea del tren pasa por aquí.,Линия поезда проходит здесь.
1673,1673,El aspecto de la casa es muy bonito.,Вид дома очень красивый.
1674,1674,El libro está ahí en la mesa.,"Книга там, на столе."
1675,1675,Voy a ocupar este espacio para mis cosas.,Я займусь этим местом для своих вещей.
1676,1676,El menú es diverso y delicioso.,Меню разнообразное и вкусное.
1677,1677,Voy a informar a mi jefe sobre el problema.,Я сообщу своему начальнику о проблеме.
1678,1678,La autoridad local decidió cambiar las reglas.,Местные власти решили изменить правила.
1679,1679,El acto de la obra fue muy emocionante.,Акт спектакля был очень волнующим.
1680,1680,Su presencia en la fiesta fue muy importante.,Его присутствие на вечеринке было очень важным.
1681,1681,El tercero en la fila es mi amigo.,Третий в очереди - мой друг.
1682,1682,Ella es muy fuerte y valiente.,Она очень сильная и смелая.
1683,1683,Tengo un dato interesante sobre la historia.,У меня есть интересный факт о истории.
1684,1684,La vista desde la montaña es hermosa.,Вид с горы красивый.
1685,1685,Este asunto es muy importante para mí.,Этот вопрос очень важен для меня.
1686,1686,El agua es un elemento esencial para la vida.,Вода - это необходимый элемент для жизни.
1687,1687,"A pesar de la lluvia, salimos a caminar.","Несмотря на дождь, мы вышли на прогулку."
1688,1688,El resto de la comida está en la nevera.,Остаток еды в холодильнике.
1689,1689,Mi ex está en la misma ciudad ahora.,Мой бывший сейчас в том же городе.
1690,1690,Los demás estudiantes no han llegado aún.,Остальные студенты еще не пришли.
1691,1691,La consecuencia de su acción fue negativa.,Последствие его действия было негативным.
1692,1692,Es fácil comprender este tema.,Легко понять эту тему.
1693,1693,Su posición en la empresa es importante.,Его положение в компании важно.
1694,1694,Voy a observar las estrellas esta noche.,Я собираюсь наблюдать за звездами этой ночью.
1695,1695,No quiero sufrir más por esta situación.,Я не хочу больше страдать из-за этой ситуации.
1696,1696,Leí un artículo interesante en la revista.,Я прочитал интересную статью в журнале.
1697,1697,El peso de la caja es muy ligero.,Вес коробки очень легкий.
1698,1698,La casa está junto a la playa.,Дом находится рядом с пляжем.
1699,1699,El dólar está subiendo en el mercado.,Доллар растет на рынке.
1700,1700,Voy a dedicar tiempo a mis estudios.,Я собираюсь посвятить время своим учебе.
1701,1701,El aire es fresco en la mañana.,Воздух свежий утром.
1702,1702,Vamos a unir nuestras fuerzas para ayudar.,"Мы объединим наши силы, чтобы помочь."
1703,1703,El técnico arregla la computadora.,Техник чинит компьютер.
1704,1704,El congreso será en octubre.,Конгресс будет в октябре.
1705,1705,Mañana tengo una reunión importante.,Утром у меня важная встреча.
1706,1706,El paisaje es muy natural y bonito.,Пейзаж очень естественный и красивый.
1707,1707,Estoy viendo una serie interesante en la televisión.,Я смотрю интересную серию по телевизору.
1708,1708,Llegaré pronto a la fiesta.,Я скоро приеду на праздник.
1709,1709,Esta época del año es muy hermosa.,Этот период года очень красивый.
1710,1710,Ella es la menor de tres hermanos.,Она младшая из троих братьев.
1711,1711,Voy a anunciar la buena noticia.,Я собираюсь объявить хорошую новость.
1712,1712,Es un derecho civil muy importante.,Это очень важное гражданское право.
1713,1713,La región tiene muchas montañas.,В регионе много гор.
1714,1714,El uso del teléfono es común hoy en día.,Использование телефона сегодня распространено.
1715,1715,Se comunicaron mediante correos electrónicos.,Они общались посредством электронных писем.
1716,1716,La comunicación es clave en las relaciones.,Связь ключевая в отношениях.
1717,1717,La enfermedad necesita tratamiento rápido.,Болезнь требует быстрого лечения.
1718,1718,Ella tiene una gran capacidad para aprender.,У неё большая способность к обучению.
1719,1719,Hay una gran diferencia entre los dos.,Есть большая разница между двумя.
1720,1720,El secretario toma notas en la reunión.,Секретарь делает заметки на встрече.
1721,1721,El libro tiene un dicho interesante.,В книге есть интересная пословица.
1722,1722,Voy a detener el coche aquí.,Я собираюсь остановить машину здесь.
1723,1723,El ruido puede provocar problemas.,Шум может вызывать проблемы.
1724,1724,Ella quiere manifestar su opinión.,Она хочет выразить свое мнение.
1725,1725,"Me gusta el café, así como el té.","Мне нравится кофе, а также чай."
1726,1726,El presidente va a declarar algo importante.,Президент собирается объявить что-то важное.
1727,1727,Este edificio es superior al anterior.,Это здание выше предыдущего.
1728,1728,El término es muy complicado.,Этот термин очень сложный.
1729,1729,El clima hoy es contrario al de ayer.,Сегодняшняя погода противоположна вчерашней.
1730,1730,El ministerio anunció nuevas leyes.,Министерство объявило новые законы.
1731,1731,Quiero participar en la reunión.,Я хочу участвовать в собрании.
1732,1732,Es importante expresar tus sentimientos.,Важно выражать свои чувства.
1733,1733,La operación fue un éxito.,Операция прошла успешно.
1734,1734,Tienes que tener control sobre la situación.,Ты должен контролировать ситуацию.
1735,1735,Ella ocupa un cargo importante en la empresa.,Она занимает важную должность в компании.
1736,1736,La defensa del proyecto es mañana.,Защита проекта завтра.
1737,1737,Ella tiene una cara muy amable.,У нее очень дружелюбное лицо.
1738,1738,Vamos a celebrar su cumpleaños hoy.,Мы будем отмечать ее день рождения сегодня.
1739,1739,El juez tomó una decisión justa.,Судья принял справедливое решение.
1740,1740,Necesitamos una prueba para avanzar.,Нам нужна доказательство для продвижения.
1741,1741,La crisis afecta a muchas personas.,Кризис затрагивает многих людей.
1742,1742,Me gusta tocar la guitarra en mi tiempo libre.,Мне нравится играть на гитаре в свободное время.
1743,1743,El clima puede afectar nuestra salud.,Климат может влиять на наше здоровье.
1744,1744,El cuadro en la pared es muy bonito.,Картина на стене очень красивая.
1745,1745,Veo la televisión por la noche.,Я смотрю телевидение вечером.
1746,1746,El documento es oficial y debe firmarse.,Документ официальный и должен быть подписан.
1747,1747,Europa es un continente diverso.,Европа — это разнообразный континент.
1748,1748,La institución ayuda a los estudiantes a aprender.,Учреждение помогает студентам учиться.
1749,1749,El doctor me dio buenos consejos.,Доктор дал мне хорошие советы.
1750,1750,Tengo un espacio privado en mi casa.,У меня есть личное пространство в моем доме.
1751,1751,La plaza central es muy bonita.,Центральная площадь очень красивая.
1752,1752,Voy a echar agua en la planta.,Я собираюсь полить растение.
1753,1753,La justicia es importante para todos.,Правосудие важно для всех.
1754,1754,La administración de la empresa es eficiente.,Управление компанией эффективно.
1755,1755,La unidad es clave para el éxito.,Единство — это ключ к успеху.
1756,1756,Voy a acompañar a mi amigo al cine.,Я пойду сопровождать моего друга в кино.
1757,1757,Voy a preparar la cena para mi familia.,Я собираюсь приготовить ужин для своей семьи.
1758,1758,Es importante actuar con responsabilidad.,Важно действовать ответственно.
1759,1759,Esta área es perfecta para un picnic.,Эта зона идеально подходит для пикника.
1760,1760,La compañía ofrece buenos servicios.,Компания предлагает хорошие услуги.
1761,1761,El interior de la casa es muy bonito.,Внутренность дома очень красивая.
1762,1762,No quiero abandonar a mis amigos.,Я не хочу покидать своих друзей.
1763,1763,Necesito tu atención para hablar.,"Мне нужно твое внимание, чтобы поговорить."
1764,1764,Voy a colocar los libros en la mesa.,Я собираюсь разместить книги на столе.
1765,1765,Debemos situar la cama en la esquina.,Мы должны расположить кровать в углу.
1766,1766,Voy a acercar la silla a la mesa.,Я собираюсь приблизить стул к столу.
1767,1767,La estructura del edificio es moderna.,Структура здания современная.
1768,1768,Ellos pretenden estudiar en el extranjero.,Они намерены учиться за границей.
1769,1769,Este lugar es muy histórico y famoso.,Это место очень историческое и знаменитое.
1770,1770,El festival es un evento cultural importante.,Фестиваль — это важное культурное событие.
1771,1771,El conjunto de reglas es fácil de entender.,Совокупность правил легко понять.
1772,1772,Es un verdadero placer conocerte.,Это истинное удовольствие познакомиться с тобой.
1773,1773,Ellos creen en un solo dios.,Они верят в единого бога.
1774,1774,El texto del libro es interesante.,Текст книги интересный.
1775,1775,"Además de estudiar, trabajo en la tarde.","Помимо учебы, я работаю по вечерам."
1776,1776,Voy a aplicar la crema en la piel.,Я собираюсь применять крем на кожу.
1777,1777,Necesito tu apoyo en este proyecto.,Мне нужна твоя поддержка в этом проекте.
1778,1778,Ella es un modelo a seguir para muchos.,Она является образцом для подражания для многих.
1779,1779,Voy a mover la mesa un poco.,Я собираюсь немного двигать стол.
1780,1780,Apenas tengo tiempo para descansar.,Я едва имею время отдохнуть.
1781,1781,El título del libro es interesante.,Заголовок книги интересный.
1782,1782,El conocimiento es muy valioso en la vida.,Знание очень ценное в жизни.
1783,1783,El esfuerzo trae buenos resultados.,Усилие приносит хорошие результаты.
1784,1784,El personal de la tienda es amable.,Персонал магазина дружелюбный.
1785,1785,El paciente necesita descansar más.,Пациенту нужно больше отдыхать.
1786,1786,Voy a cubrir la mesa con un mantel.,Я собираюсь покрыть стол скатертью.
1787,1787,Voy a entregar la carta mañana.,Я собираюсь вручить письмо завтра.
1788,1788,La importancia de la educación es clara.,Важность образования очевидна.
1789,1789,Voy a meter las frutas en la nevera.,Я собираюсь положить фрукты в холодильник.
1790,1790,Alguien me llamó por teléfono.,Кто-то позвонил мне по телефону.
1791,1791,"La tienda está allá, cerca del parque.","Магазин там, рядом с парком."
1792,1792,La declaración fue muy clara y precisa.,Заявление было очень ясным и точным.
1793,1793,El silencio en la biblioteca es necesario.,Тишина в библиотеке необходима.
1794,1794,Dispongo de tiempo para ayudarte hoy.,"У меня есть время, чтобы помочь тебе сегодня."
1795,1795,Cada nación tiene su propia cultura.,Каждая нация имеет свою культуру.
1796,1796,Voy a reunir a mis amigos este fin de semana.,Я собираюсь собрать своих друзей в эти выходные.
1797,1797,El presente es un regalo muy especial.,Настоящее — это очень особенный подарок.
1798,1798,Es un problema grave que debemos resolver.,"Это серьёзная проблема, которую мы должны решить."
1799,1799,El suelo de la casa es de madera.,Пол в доме деревянный.
1800,1800,El evento mundial atraerá a muchas personas.,Мировое событие привлечет много людей.
1801,1801,Voy a apoyar a mi amigo en su proyecto.,Я поддержу своего друга в его проекте.
1802,1802,El regalo corresponde a su cumpleaños.,Подарок соответствует её дню рождения.
1803,1803,La fecha de la reunión es el lunes.,Дата встречи — понедельник.
1804,1804,Ella es capaz de resolver el problema.,Она способна решить эту проблему.
1805,1805,La ciencia es muy importante para la sociedad.,Наука очень важна для общества.
1806,1806,Necesitamos una solución rápida para el problema.,Нам нужно быстрое решение для проблемы.
1807,1807,Al final del camino hay un cabo hermoso.,В конце дороги есть красивый мыс.
1808,1808,El sol brilla en el cielo hoy.,Солнце сегодня светит в небе.
1809,1809,Me gusta andar por el parque cada mañana.,Мне нравится ходить по парку каждое утро.
1810,1810,La lucha por la justicia es importante.,Борьба за справедливость важна.
1811,1811,"Me gustan las frutas, especialmente las fresas.","Мне нравятся фрукты, особенно клубника."
1812,1812,El ejército protege al país en tiempos de guerra.,Армия защищает страну в военное время.
1813,1813,La naturaleza es hermosa en primavera.,Природа прекрасна весной.
1814,1814,Quizá vayamos al cine esta noche.,"Возможно, мы пойдем в кино сегодня вечером."
1815,1815,Voy a citar a mi amigo para la reunión.,Я назначу встречу с другом.
1816,1816,El diputado habló sobre la nueva ley.,Депутат говорил о новом законе.
1817,1817,Él es un estudiante norteamericano.,Он североамериканский студент.
1818,1818,El encuentro será en la plaza central.,Встреча будет на центральной площади.
1819,1819,¿Dónde está el restaurante más cercano?,Где находится ближайший ресторан?
1820,1820,Falta un libro en la estantería.,На полке не хватает одной книги.
1821,1821,El personaje de la historia es muy interesante.,Персонаж этой истории очень интересный.
1822,1822,La materia en la clase es muy fácil.,Материя на уроке очень легкая.
1823,1823,Voy a definir la palabra en la pizarra.,Я собираюсь определить слово на доске.
1824,1824,Es importante permanecer en calma durante la tormenta.,Важно оставаться спокойным во время шторма.
1825,1825,Ellos quieren construir una casa nueva.,Они хотят построить новый дом.
1826,1826,Voy a agregar más sal a la comida.,Я добавлю больше соли в еду.
1827,1827,Ella puede sostener el libro con una mano.,Она может поддерживать книгу одной рукой.
1828,1828,El organismo humano necesita agua.,Организм человека нуждается в воде.
1829,1829,El informe sobre el proyecto es muy detallado.,Доклад о проекте очень подробный.
1830,1830,Siempre ofrezco ayuda a mis amigos.,Я всегда предлагаю помощь своим друзьям.
1831,1831,El motivo de su viaje es trabajar.,Причина его поездки - работать.
1832,1832,El concepto de libertad es muy importante.,Понятие свободы очень важно.
1833,1833,Las elecciones tienen un sistema electoral justo.,Выборы имеют справедливую избирательную систему.
1834,1834,La reforma educativa es necesaria en este país.,Образовательная реформа необходима в этой стране.
1835,1835,El régimen político cambió hace cinco años.,Политический режим изменился пять лет назад.
1836,1836,No debes matar a los insectos sin razón.,Ты не должен убивать насекомых без причины.
1837,1837,El tribunal decidirá sobre el caso mañana.,Трибунал решит по делу завтра.
1838,1838,La expresión de su rostro muestra sorpresa.,Выражение ее лица показывает удивление.
1839,1839,El entrenamiento físico es importante para la salud.,Физические тренировки важны для здоровья.
1840,1840,El pasado siempre influye en nuestro futuro.,Прошлое всегда влияет на наше будущее.
1841,1841,El cuarto interno es muy cómodo.,Внутренний номер очень удобный.
1842,1842,La planta de mi casa es muy bonita.,Растение в моем доме очень красивое.
1843,1843,El libro está encima de la mesa.,Книга находится сверху на столе.
1844,1844,El tiempo es un factor importante.,Время является важным фактором.
1845,1845,Necesito un documento para el trabajo.,Мне нужен документ для работы.
1846,1846,Pueden surgir problemas en el camino.,Могут возникнуть проблемы на пути.
1847,1847,Es importante defender tus derechos.,Важно защищать свои права.
1848,1848,Dame una vuelta por el parque.,Сделай мне оборот по парку.
1849,1849,Voy a hallar la solución pronto.,Я скоро найду решение.
1850,1850,El café está demasiado caliente.,Кофе слишком горячий.
1851,1851,Voy a recoger mis cosas ahora.,Я сейчас соберу свои вещи.
1852,1852,El tratamiento fue muy efectivo.,Лечение было очень эффективным.
1853,1853,La construcción del puente comenzó ayer.,Строительство моста началось вчера.
1854,1854,La formación es clave para el éxito.,Образование является ключом к успеху.
1855,1855,La industria automotriz crece rápidamente.,Автомобильная промышленность быстро растет.
1856,1856,El jugador marcó un gol impresionante.,Игрок забил впечатляющий гол.
1857,1857,La asociación ayuda a muchas personas.,Ассоциация помогает многим людям.
1858,1858,Voy a regresar a casa más tarde.,Я вернусь домой позже.
1859,1859,La cámara está lista para tomar fotos.,Камера готова делать фотографии.
1860,1860,El funcionario firmó los documentos.,Чиновник подписал документы.
1861,1861,La propuesta fue bien recibida por todos.,Предложение было хорошо воспринято всеми.
1862,1862,El arma estaba guardada en un lugar seguro.,Оружие было спрятано в безопасном месте.
1863,1863,La existencia de vida en otros planetas es posible.,Существование жизни на других планетах возможно.
1864,1864,El grado de dificultad de este examen es alto.,Степень сложности этого экзамена высокая.
1865,1865,Debo advertir que la lluvia será fuerte hoy.,"Я должен предупредить, что дождь будет сильным сегодня."
1866,1866,El total de la cuenta es muy alto.,Общая сумма счета очень высокая.
1867,1867,Ella es la representante de nuestra empresa.,Она является представителем нашей компании.
1868,1868,El muchacho juega en el parque cada tarde.,Мальчик играет в парке каждый вечер.
1869,1869,El período de vacaciones es muy corto este año.,Период каникул в этом году очень короткий.
1870,1870,El líder del grupo tomó una buena decisión.,Лидер группы принял хорошее решение.
1871,1871,Tal vez vayamos al cine esta noche.,"Возможно, мы пойдем в кино сегодня вечером."
1872,1872,La propiedad de la casa es de mi abuelo.,Собственность на дом принадлежит моему дедушке.
1873,1873,El candidato habló sobre sus ideas en la reunión.,Кандидат говорил о своих идеях на встрече.
1874,1874,El crecimiento de la planta es muy rápido.,Рост растения очень быстрый.
1875,1875,El dirigente explicó su plan a todos.,Руководитель объяснил свой план всем.
1876,1876,Quiero adquirir más conocimientos sobre este tema.,Я хочу приобрести больше знаний по этой теме.
1877,1877,El salón es amplio y cómodo para todos.,Зал широкий и удобный для всех.
1878,1878,Ella estudia mientras que él trabaja.,"Она учится, в то время как он работает."
1879,1879,"Quiero exactamente eso, precisamente lo que dijiste.","Я хочу именно это, как раз то, что ты сказал."
1880,1880,No quiero impedir que tú hables.,"Я не хочу препятствовать тому, чтобы ты говорил."
1881,1881,La vía del tren está muy cerca de aquí.,Железнодорожный путь находится очень близко отсюда.
1882,1882,Gira a la izquierda en la próxima esquina.,Поверни налево на следующем углу.
1883,1883,Tengo suficiente dinero para comprar la comida.,"У меня достаточно денег, чтобы купить еду."
1884,1884,América es un continente muy diverso.,Америка — это очень разнообразный континент.
1885,1885,Hoy me siento mal y no quiero salir.,Сегодня я чувствую себя плохо и не хочу выходить.
1886,1886,Francia es famosa por su comida y vino.,Франция известна своей едой и вином.
1887,1887,Voy a organizar una fiesta para mi cumpleaños.,Я собираюсь организовать вечеринку на свой день рождения.
1888,1888,Las estrellas desaparecen cuando sale el sol.,"Звезды исчезают, когда встает солнце."
1889,1889,Espero aprobar el examen de matemáticas.,Надеюсь сдать экзамен по математике.
1890,1890,El mercado local tiene frutas frescas.,Местный рынок имеет свежие фрукты.
1891,1891,Escucho la radio mientras cocino.,"Я слушаю радио, пока готовлю."
1892,1892,Su mirada era muy intensa y profunda.,Его взгляд был очень интенсивным и глубоким.
1893,1893,El curso de español empieza la próxima semana.,Курс испанского языка начинается на следующей неделе.
1894,1894,El proyecto tiene un objetivo determinado.,У проекта есть определённая цель.
1895,1895,Este frasco puede contener un litro de agua.,Этот флакон может содержать один литр воды.
1896,1896,Ellos poseen una casa en la playa.,У них есть дом на пляже.
1897,1897,El clima característico de esta región es cálido.,Характерный климат этого региона теплый.
1898,1898,La práctica es esencial para aprender un idioma.,Практика необходима для изучения языка.
1899,1899,El camino directo a la playa es muy bonito.,Прямой путь к пляжу очень красивый.
1900,1900,El crítico de cine escribió una reseña positiva.,Кинокритик написал положительный отзыв.
1901,1901,El contenido del libro es muy interesante.,Содержание книги очень интересное.
1902,1902,Mi maestro de español es muy amable.,Мой учитель испанского очень добрый.
1903,1903,Debemos enfrentar nuestros miedos juntos.,Мы должны столкнуться со своими страхами вместе.
1904,1904,Hay una cuestión importante que discutir.,Есть важный вопрос для обсуждения.
1905,1905,El anuncio comercial fue muy creativo.,Рекламное объявление было очень креативным.
1906,1906,El perro es un animal muy leal.,Собака — очень верное животное.
1907,1907,Tengo buena memoria para los nombres.,У меня хорошая память на имена.
1908,1908,El océano es muy profundo en este lugar.,Океан здесь очень глубокий.
1909,1909,El partido socialista busca la igualdad.,Социалистическая партия стремится к равенству.
1910,1910,El juicio comenzará a las diez de la mañana.,Суд начнется в десять утра.
1911,1911,Este trámite requiere paciencia.,Эта процедура требует терпения.
1912,1912,Voy a lanzar la pelota al perro.,Я собираюсь бросить мяч собаке.
1913,1913,El salido del tren fue muy rápido.,Выход поезда был очень быстрым.
1914,1914,Escribo en mi diario cada noche.,Я пишу в своем дневнике каждую ночь.
1915,1915,El corte de pelo es muy moderno.,Стрижка очень современная.
1916,1916,El análisis de los datos es necesario.,Анализ данных необходим.
1917,1917,La educación es fundamental para el desarrollo.,Образование является основополагающим для развития.
1918,1918,La mitad del pastel es para ti.,Половина торта для тебя.
1919,1919,Ella sabe conducir muy bien.,Она хорошо умеет водить.
1920,1920,La marcha del proyecto es muy lenta.,Ход проекта очень медленный.
1921,1921,La sala está llena de gente.,Зал полон людей.
1922,1922,Es importante determinar la causa del problema.,Важно определить причину проблемы.
1923,1923,Voy a relacionar las ideas principales.,Я свяжу основные идеи.
1924,1924,El transporte municipal es muy útil.,Муниципальный транспорт очень полезен.
1925,1925,Voy a mencionar a mis amigos en la reunión.,Я упомяну своих друзей на встрече.
1926,1926,Los dos coches son igual de rápidos.,Оба автомобиля одинаково быстрые.
1927,1927,El informe financiero es muy detallado.,Финансовый отчет очень подробный.
1928,1928,"Finalmente, llegamos a un acuerdo.","Наконец, мы пришли к соглашению."
1929,1929,La democracia es fundamental para la sociedad.,Демократия является основополагающей для общества.
1930,1930,Hubo un aumento en los precios este mes.,В этом месяце произошло увеличение цен.
1931,1931,La responsabilidad es importante en el trabajo.,Ответственность важна на работе.
1932,1932,La venta de entradas comienza mañana.,Продажа билетов начинается завтра.
1933,1933,La oposición criticó la nueva ley.,Оппозиция раскритиковала новый закон.
1934,1934,Tengo una visita programada para mañana.,У меня запланирован визит на завтра.
1935,1935,Necesito una respuesta inmediata.,Мне нужен немедленный ответ.
1936,1936,La creación de este proyecto fue un éxito.,Создание этого проекта было успешным.
1937,1937,Tienes que mantener el contacto con ellos.,Ты должен поддерживать контакт с ними.
1938,1938,El fuego en la chimenea es acogedor.,Огонь в камине уютный.
1939,1939,El descubrimiento científico fue sorprendente.,Научное открытие было удивительным.
1940,1940,Voy a hablar de ti en la reunión.,Я буду говорить о тебе на встрече.
1941,1941,La teoría es importante para entender el mundo.,Теория важна для понимания мира.
1942,1942,Hoy hace bastante calor para salir.,"Сегодня довольно жарко, чтобы выходить."
1943,1943,Voy a quitar la mesa después de cenar.,Я уберу стол после ужина.
1944,1944,Mi esposo trabaja en una oficina en la ciudad.,Мой супруг работает в офисе в городе.
1945,1945,El terreno es ideal para construir una casa.,Участок идеален для строительства дома.
1946,1946,Voy a confirmar la reserva para el hotel.,Я собираюсь подтвердить бронь в отеле.
1947,1947,El comercio en esta zona ha crecido mucho.,Торговля в этой зоне сильно выросла.
1948,1948,Es una solución simple para un problema complicado.,Это простое решение для сложной проблемы.
1949,1949,¿Me puedes hacer un favor y ayudarme?,Ты можешь сделать мне одолжение и помочь?
1950,1950,El golpe fue tan fuerte que me sorprendió.,"Удар был таким сильным, что я удивился."
1951,1951,Ella siempre insiste en llegar temprano.,"Она всегда настаивает на том, чтобы приходить рано."
1952,1952,"En cuanto a la comida, todo estaba delicioso.","Что касается еды, всё было вкусно."
1953,1953,La presión arterial debe ser controlada regularmente.,Артериальное давление должно контролироваться регулярно.
1954,1954,El diseño exterior de la casa es muy moderno.,Внешний дизайн дома очень современный.
1955,1955,Es importante tener conciencia de nuestros actos.,Важно иметь сознание наших поступков.
1956,1956,"Debido a la lluvia, el partido fue cancelado.",Из-за дождя матч был отменен.
1957,1957,Quiero integrar más frutas en mi dieta.,Я хочу включить больше фруктов в свой рацион.
1958,1958,Me preocupa el futuro de nuestros hijos.,Меня беспокоит будущее наших детей.
1959,1959,El máximo de personas permitidas es diez.,Максимум разрешённых людей - десять.
1960,1960,El negocio ha crecido gracias a nuevas ideas.,Бизнес вырос благодаря новым идеям.
1961,1961,Vamos a concluir la reunión ahora.,Давайте завершим встречу сейчас.
1962,1962,La tienda está a la derecha de la plaza.,Магазин находится справа от площади.
1963,1963,Vamos a basar nuestra decisión en los hechos.,Мы будем основывать наше решение на фактах.
1964,1964,No importa lo que digan los demás.,"Неважно, что говорят другие."
1965,1965,Voy a marcar el número de teléfono.,Я собираюсь набрать номер телефона.
1966,1966,Ella es una profesional en su trabajo.,Она профессионал в своей работе.
1967,1967,Mira atrás antes de cruzar la calle.,"Смотри назад перед тем, как перейти улицу."
1968,1968,Vamos a acordar un lugar para encontrarnos.,Давайте договоримся о месте встречи.
1969,1969,Hago ejercicio todos los días para estar saludable.,"Я занимаюсь спортом каждый день, чтобы быть здоровым."
1970,1970,Debemos fijar una fecha para la reunión.,Мы должны установить дату для встречи.
1971,1971,Ella tiene un puesto importante en la empresa.,У нее важная должность в компании.
1972,1972,El ingreso de este mes fue muy alto.,Доход в этом месяце был очень высоким.
1973,1973,Estoy leyendo una novela interesante ahora.,Я сейчас читаю интересный роман.
1974,1974,Debemos aprovechar el buen tiempo para salir.,"Мы должны воспользоваться хорошей погодой, чтобы выйти."
1975,1975,Espero que tengas buena suerte en el examen.,"Надеюсь, у тебя будет удача на экзамене."
1976,1976,Su pensamiento es muy creativo y original.,Его мышление очень креативное и оригинальное.
1977,1977,El grupo era numeroso y diverso.,Группа была многочисленной и разнообразной.
1978,1978,Este método es muy eficaz para aprender.,Этот метод очень эффективен для обучения.
1979,1979,Leo el periódico cada mañana con mi café.,Я читаю газету каждое утро с кофе.
1980,1980,Su estilo de vestir es muy elegante.,Его стиль одежды очень элегантный.
1981,1981,Voy al club de lectura cada semana.,Я хожу в клуб чтения каждую неделю.
1982,1982,El departamento de ventas está muy ocupado hoy.,Отдел продаж сегодня очень занят.
1983,1983,La república que visité es muy hermosa.,"Республика, которую я посетил, очень красивая."
1984,1984,Su rostro refleja mucha felicidad.,Её лицо отражает много счастья.
1985,1985,La voluntad de los estudiantes es muy fuerte.,Воля студентов очень сильна.
1986,1986,"En esta circunstancia, debemos actuar con calma.",В этой ситуации мы должны действовать спокойно.
1987,1987,El perro es muy vivo y juguetón.,Собака очень живая и игривая.
1988,1988,Siempre acudo a mis amigos en problemas.,Я всегда прихожу на помощь своим друзьям в беде.
1989,1989,La escena de la película fue muy emocionante.,Сцена фильма была очень захватывающей.
1990,1990,No tengo ni siquiera un euro para comprar.,"У меня даже нет одного евро, чтобы купить."
1991,1991,El silencio en la biblioteca es absoluto.,Тишина в библиотеке абсолютная.
1992,1992,Avanza adelante con confianza y valentía.,Иди вперёд с уверенностью и смелостью.
1993,1993,El agente de viajes me ayudó a planear todo.,Агент по путешествиям помог мне спланировать всё.
1994,1994,El escritor firmó libros en la feria.,Писатель подписывал книги на ярмарке.
1995,1995,"Pese a la lluvia, salimos a caminar.","Несмотря на дождь, мы вышли гулять."
1996,1996,La altura del edificio es impresionante.,Высота здания впечатляет.
1997,1997,Voy a extender la mesa para más personas.,Я собираюсь расширить стол для большего количества людей.
1998,1998,El cielo está lleno de estrellas esta noche.,Небо полно звёзд этой ночью.
1999,1999,Quiero adoptar un perro de la perrera.,Я хочу усыновить собаку из приюта.
2000,2000,Estoy dispuesto a ayudar en lo que necesites.,"Я готов помочь во всём, что тебе нужно."
2001,2001,Voy a vestir a mi hijo para la fiesta.,Я одену своего сына на праздник.
2002,2002,Vamos a efectuar el pago mañana.,Мы осуществим платеж завтра.
2003,2003,Mi cuarto es muy pequeño pero acogedor.,"Моя комната очень маленькая, но уютная."
2004,2004,Quiero recuperar mi libro de la biblioteca.,Я хочу вернуть свою книгу из библиотеки.
2005,2005,La entidad local ayuda a muchas personas.,Местная организация помогает многим людям.
2006,2006,Este sitio es perfecto para un picnic.,Это место идеально подходит для пикника.
2007,2007,La aplicación es fácil de usar y gratuita.,Это приложение легко использовать и оно бесплатное.
2008,2008,Es un lugar adecuado para trabajar en silencio.,Это подходящее место для работы в тишине.
2009,2009,Aun los días fríos me gusta salir.,Даже в холодные дни мне нравится выходить.
2010,2010,El perro de mi vecino es enorme y amigable.,Собака моего соседа огромная и дружелюбная.
2011,2011,Me gusta contemplar las estrellas por la noche.,Мне нравится созерцать звезды ночью.
2012,2012,Leí el capítulo tres de mi libro favorito.,Я прочитал третью главу своей любимой книги.
2013,2013,Voy a guardar los documentos en la carpeta.,Я собираюсь хранить документы в папке.
2014,2014,Vivo en una provincia tranquila y hermosa.,Я живу в тихой и красивой провинции.
2015,2015,Ella va a asumir la responsabilidad del proyecto.,Она возьмет на себя ответственность за проект.
2016,2016,El curso consiste en varias lecciones prácticas.,Курс состоит из нескольких практических занятий.
2017,2017,"Gracias a ti, aprendí mucho este año.","Благодаря тебе, я многому научился в этом году."
2018,2018,Voy a registrar mi nueva dirección en la oficina.,Я собираюсь зарегистрировать свой новый адрес в офисе.
2019,2019,Mi coche es rojo y muy rápido.,Моя машина красная и очень быстрая.
2020,2020,Voy a asistir a la reunión mañana.,Я собираюсь присутствовать на встрече завтра.
2021,2021,Es importante controlar el tiempo en el examen.,Важно контролировать время на экзамене.
2022,2022,Este es el acuerdo definitivo entre las partes.,Это окончательное соглашение между сторонами.
2023,2023,Vamos a denominar a nuestro proyecto 'Futuro Verde'.,Мы назовём наш проект 'Зелёное Будущее'.
2024,2024,El coche es muy rápido en la carretera.,Машина очень быстрая на дороге.
2025,2025,La piedra en el camino es muy grande.,Камень на пути очень большой.
2026,2026,Hizo un gesto amable hacia su amigo.,Он сделал дружелюбный жест своему другу.
2027,2027,No debes acusar a alguien sin pruebas.,Ты не должен обвинять кого-то без доказательств.
2028,2028,El profesor va a someter a los alumnos a un examen.,Учитель подвергнет учеников экзамену.
2029,2029,La distancia entre las dos ciudades es larga.,Расстояние между двумя городами большое.
2030,2030,La pintura en la pared es muy colorida.,Живопись на стене очень яркая.
2031,2031,Ella estudia en un instituto muy famoso.,Она учится в очень известном институте.
2032,2032,No caben más libros en la estantería.,Больше книг не вмещается на полке.
2033,2033,El destino de nuestras vidas es incierto.,Судьба нашей жизни неопределённа.
2034,2034,La demanda de productos ecológicos está creciendo.,Спрос на экологически чистые продукты растёт.
2035,2035,El vestido es un poco corto para mí.,Платье для меня немного короткое.
2036,2036,El mínimo de personas para el viaje es cinco.,Минимум человек для поездки — пять.
2037,2037,Su actuación en la obra fue impresionante.,Его выступление в спектакле было впечатляющим.
2038,2038,La violencia no es la solución a los problemas.,Насилие не является решением проблем.
2039,2039,París es una ciudad hermosa y romántica.,Париж — это прекрасный и романтичный город.
2040,2040,Es mejor separar los residuos para reciclar.,Лучше разделять отходы для переработки.
2041,2041,Voy a introducir un nuevo sistema en la empresa.,Я собираюсь ввести новую систему в компанию.
2042,2042,"De acuerdo con el informe, todo está bien.","В соответствии с отчетом, все в порядке."
2043,2043,Siempre me gusta reír con mis amigos.,Мне всегда нравится смеяться с друзьями.
2044,2044,La cifra de ventas ha aumentado este mes.,Цифра продаж увеличилась в этом месяце.
2045,2045,La exposición de arte es muy interesante.,Выставка искусства очень интересная.
2046,2046,"Solamente quiero un café, por favor.","Мне только нужен кофе, пожалуйста."
2047,2047,Nuestra conversación fue muy divertida ayer.,Наш разговор был очень веселым вчера.
2048,2048,He recibido un mensaje importante hoy.,Я получил важное сообщение сегодня.
2049,2049,Queremos generar más empleo en la región.,Мы хотим создать больше рабочих мест в регионе.
2050,2050,Es imposible terminar el proyecto en una semana.,Невозможно закончить проект за неделю.
2051,2051,Ella lee una revista sobre moda cada mes.,Она читает журнал о моде каждый месяц.
2052,2052,El chico juega en el parque todos los días.,Мальчик играет в парке каждый день.
2053,2053,"Asimismo, necesitamos más apoyo financiero.",Также нам нужна большая финансовая поддержка.
2054,2054,El sistema judicial debe ser justo para todos.,Судебная система должна быть справедливой для всех.
2055,2055,Este libro puede valer mucho dinero en el futuro.,Эта книга может стоить много денег в будущем.
2056,2056,La pieza de teatro fue muy emocionante.,Пьеса была очень захватывающей.
2057,2057,El discurso del presidente fue inspirador.,Речь президента была вдохновляющей.
2058,2058,La constitución protege nuestros derechos básicos.,Конституция защищает наши основные права.
2059,2059,Hemos vivido muchos cambios en esta década.,Мы пережили много изменений за это десятилетие.
2060,2060,Voy a retirar el dinero del banco mañana.,Я собираюсь снять деньги из банка завтра.
2061,2061,Vamos a incorporar nuevas ideas en el proyecto.,Мы собираемся включить новые идеи в проект.
2062,2062,Es peligroso caminar solo por la noche.,Опасно гулять одному ночью.
2063,2063,El alcalde habló sobre el nuevo parque en la ciudad.,Мэр говорил о новом парке в городе.
2064,2064,El agua es un alimento esencial para la vida.,Вода — это основная пища для жизни.
2065,2065,El collar está hecho de oro puro.,Ожерелье сделано из чистого золота.
2066,2066,Voy a mandar un mensaje a mi amigo.,Я собираюсь послать сообщение своему другу.
2067,2067,El lenguaje es una herramienta importante para comunicarse.,Язык — это важный инструмент для общения.
2068,2068,Trato de convencer a mi hermana de ir al cine.,Я пытаюсь убедить сестру пойти в кино.
2069,2069,La víctima del accidente fue llevada al hospital.,Жертву аварии отвезли в больницу.
2070,2070,El empresario presentó su nuevo plan de negocios.,Предприниматель представил свой новый бизнес-план.
2071,2071,Sus ideas son similares a las mías.,Его идеи похожи на мои.
2072,2072,La intervención del gobierno fue necesaria en la crisis.,Вмешательство правительства было необходимо в кризисе.
2073,2073,Estoy listo para comenzar la reunión ahora.,Я готов начать встречу сейчас.
2074,2074,La gestión del tiempo es muy importante en el trabajo.,Управление временем очень важно на работе.
2075,2075,El gasto en comida ha aumentado este mes.,Расходы на еду увеличились в этом месяце.
2076,2076,Este territorio es conocido por su belleza natural.,Эта территория известна своей природной красотой.
2077,2077,La empresa va a emplear a más trabajadores este año.,Компания собирается нанять больше работников в этом году.
2078,2078,El cuadro está en un marco muy bonito.,Картина в очень красивой рамке.
2079,2079,Hoy tengo una jornada larga en el trabajo.,Сегодня у меня длинный рабочий день.
2080,2080,Esa es la casa a la que quiero ir.,"Это дом, к которому я хочу пойти."
2081,2081,El ambiente aquí es muy relajante.,Обстановка здесь очень расслабляющая.
2082,2082,El presupuesto para el proyecto es limitado.,Бюджет для проекта ограничен.
2083,2083,Voy a comprobar si la puerta está cerrada.,"Я собираюсь проверить, закрыта ли дверь."
2084,2084,La comida tradicional de España es deliciosa.,Традиционная еда Испании вкусная.
2085,2085,Mi vehículo está en el taller ahora.,Мое транспортное средство сейчас в мастерской.
2086,2086,Es importante atender a los clientes siempre.,Важно всегда обслуживать клиентов.
2087,2087,La red de transporte es muy eficiente.,Сеть транспорта очень эффективна.
2088,2088,Voy a exponer mis ideas en la reunión.,Я собираюсь изложить свои идеи на встрече.
2089,2089,El hombre pobre necesita ayuda urgentemente.,Бедному человеку срочно нужна помощь.
2090,2090,El salón estaba pleno de gente.,Зал был полон людей.
2091,2091,La hoja del árbol es verde y brillante.,Лист дерева зеленый и блестящий.
2092,2092,La piel del bebé es muy suave.,Кожа ребенка очень мягкая.
2093,2093,Vamos a partir hacia la playa mañana.,Мы собираемся отправиться на пляж завтра.
2094,2094,"No obstante, ella decidió seguir adelante.","Тем не менее, она решила продолжить."
2095,2095,Cada individuo tiene sus propias metas.,Каждый индивид имеет свои собственные цели.
2096,2096,He leído un libro reciente sobre historia.,Я прочитал недавнюю книгу о истории.
2097,2097,La música toca el alma de las personas.,Музыка трогает душу людей.
2098,2098,Necesito un ejemplo concreto para entender.,Мне нужен конкретный пример для понимания.
2099,2099,El mercado está abierto todos los días.,Рынок открыт каждый день.
2100,2100,Nunca he visto algo así jamás.,Я никогда не видел ничего подобного.
2101,2101,El procedimiento es simple y rápido.,Процедура простая и быстрая.
2102,2102,El espíritu de la fiesta es muy alegre.,Дух праздника очень радостный.
2103,2103,Hoy tengo un pensamiento positivo sobre el futuro.,Сегодня у меня положительное мышление о будущем.
2104,2104,Es un lugar muy extraño para vivir.,Это очень странное место для жизни.
2105,2105,Tengo un gusto especial por la música clásica.,У меня особый вкус к классической музыке.
2106,2106,Me sorprende tu habilidad para bailar.,Меня удивляет твоя способность танцевать.
2107,2107,La flor en el jardín es hermosa.,Цветок в саду красивый.
2108,2108,La lluvia puede causar inundaciones en la ciudad.,Дождь может вызывать наводнения в городе.
2109,2109,Debemos avanzar en nuestro proyecto juntos.,Мы должны продвигаться в нашем проекте вместе.
2110,2110,El grupo armado llegó a la ciudad anoche.,Вооружённая группа пришла в город прошлой ночью.
2111,2111,La masa está lista para hacer el pan.,Тесто готово для приготовления хлеба.
2112,2112,El viento sopla fuerte hoy.,Ветер сегодня дует сильно.
2113,2113,Caminamos alrededor del parque todos los días.,Мы гуляем вокруг парка каждый день.
2114,2114,Es un ambiente familiar y acogedor.,Это семейная и уютная обстановка.
2115,2115,Su reacción fue muy inesperada para todos.,Его реакция была очень неожиданной для всех.
2116,2116,Es importante conservar el agua en verano.,Важно сохранять воду летом.
2117,2117,Trabajo en una oficina en el centro de la ciudad.,Я работаю в офисе в центре города.
2118,2118,El alumno estudia mucho para sus exámenes.,Ученик много учится к своим экзаменам.
2119,2119,Mi propósito es mejorar mi español este año.,Моя цель — улучшить мой испанский в этом году.
2120,2120,El comité se reunirá el próximo viernes.,Комитет соберётся в следующую пятницу.
2121,2121,El palacio está en el centro de la ciudad.,Дворец находится в центре города.
2122,2122,Recibí una buena nota en el examen.,Я получил хорошую оценку на экзамене.
2123,2123,Quiero leer la nueva versión del libro.,Я хочу прочитать новую версию книги.
2124,2124,La referencia está en la última página.,Ссылка находится на последней странице.
2125,2125,Su disposición para ayudar es admirable.,Его готовность помочь восхитительна.
2126,2126,El agua es un recurso escaso en esta región.,Вода является скудным ресурсом в этом регионе.
2127,2127,La junta se reunirá mañana por la tarde.,Совет соберется завтра после обеда.
2128,2128,Voy a ejercer mi derecho a votar.,Я собираюсь осуществить свое право голоса.
2129,2129,Necesito el documento correspondiente para el trámite.,Мне нужен соответствующий документ для процедуры.
2130,2130,Las fechas de las reuniones coinciden este mes.,Даты встреч совпадают в этом месяце.
2131,2131,Él es muy religioso y va a la iglesia.,Он очень религиозен и ходит в церковь.
2132,2132,Este libro es peor que el anterior.,Эта книга хуже предыдущей.
2133,2133,El guardia cuida la entrada del edificio.,Охранник охраняет вход в здание.
2134,2134,Es preciso terminar el trabajo hoy.,Необходимо закончить работу сегодня.
2135,2135,"Respecto a tu pregunta, no tengo respuesta.","Относительно твоего вопроса, у меня нет ответа."
2136,2136,Su influencia en el grupo es muy fuerte.,Его влияние в группе очень сильно.
2137,2137,Voy a despertar a los niños a las siete.,Я собираюсь разбудить детей в семь.
2138,2138,Necesitamos limitar el uso de plástico.,Нам нужно ограничить использование пластика.
2139,2139,Me gusta sentarme en la sombra del árbol.,Мне нравится сидеть в тени дерева.
2140,2140,Ella tiene amigos extranjeros de muchos países.,У нее есть иностранные друзья из многих стран.
2141,2141,La temperatura hoy es muy alta.,Сегодня температура очень высокая.
2142,2142,Vamos a rodear el parque con flores.,Мы окружим парк цветами.
2143,2143,La pared de mi casa es blanca.,Стена моего дома белая.
2144,2144,Quiero instalar una nueva lámpara.,Я хочу установить новую лампу.
2145,2145,Es necesario intervenir en esta situación.,Необходимо вмешаться в эту ситуацию.
2146,2146,Todos podemos contribuir al proyecto.,Все мы можем внести вклад в проект.
2147,2147,El aire aquí es muy puro y fresco.,Воздух здесь очень чистый и свежий.
2148,2148,Necesito identificar el problema rápidamente.,Мне нужно быстро опознать проблему.
2149,2149,No debes tirar basura en la calle.,Не стоит бросать мусор на улице.
2150,2150,Su labor es muy importante para el equipo.,Его труд очень важен для команды.
2151,2151,Argentina es un país hermoso y grande.,Аргентина — это красивая и большая страна.
2152,2152,Esto puede implicar un gran cambio.,Это может подразумевать большие изменения.
2153,2153,La cadena de tiendas está en venta.,Сеть магазинов выставлена на продажу.
2154,2154,La unión hace la fuerza en el trabajo.,Союз дает силу в работе.
2155,2155,Tengo una visión clara de mi futuro.,У меня есть ясное видение своего будущего.
2156,2156,Asistiré a la conferencia el próximo viernes.,Я пойду на конференцию в следующую пятницу.
2157,2157,El transporte urbano es muy eficiente aquí.,Городской транспорт здесь очень эффективен.
2158,2158,El perro está detrás de la puerta.,Собака за дверью.
2159,2159,"En verano, me gusta ir a la playa.",Летом мне нравится ходить на пляж.
2160,2160,La representación fue muy emocionante.,Представление было очень захватывающим.
2161,2161,La superficie del agua está tranquila.,Поверхность воды спокойна.
2162,2162,La selección de frutas es muy importante.,Отбор фруктов очень важен.
2163,2163,Abre la ventana para que entre aire.,"Открой окно, чтобы вошел воздух."
2164,2164,Voy a prestar mi libro a Juan.,Я собираюсь одолжить свою книгу Хуану.
2165,2165,Ella quiere componer una canción nueva.,Она хочет сочинить новую песню.
2166,2166,El poeta escribió un hermoso poema.,Поэт написал красивое стихотворение.
2167,2167,La temporada de verano comienza en junio.,Летний сезон начинается в июне.
2168,2168,El caballo corre rápido en el campo.,Лошадь быстро бегает по полю.
2169,2169,El ataque de los pájaros fue sorprendente.,Атака птиц была неожиданной.
2170,2170,Camino un kilómetro cada día.,Я хожу один километр каждый день.
2171,2171,Mis hijos van al colegio en bicicleta.,Мои дети ездят в школу на велосипеде.
2172,2172,El consejo jurídico es muy útil.,Юридический совет очень полезен.
2173,2173,Estamos en la fase final del proyecto.,Мы находимся на финальной фазе проекта.
2174,2174,La conducta de los niños es buena.,Поведение детей хорошее.
2175,2175,El soldado protege a su país.,Солдат защищает свою страну.
2176,2176,Ella dijo una frase muy interesante.,Она сказала очень интересную фразу.
2177,2177,Tengo un compromiso importante hoy.,У меня сегодня важное обязательство.
2178,2178,El diálogo entre ellos fue muy corto.,Диалог между ними был очень коротким.
2179,2179,Realmente me gusta este lugar.,Мне действительно нравится это место.
2180,2180,Tengo una sensación de alegría hoy.,У меня сегодня ощущение радости.
2181,2181,El acceso a la información es muy importante.,Доступ к информации очень важен.
2182,2182,Voy a facilitar la información que necesitas.,"Я предоставлю информацию, которая тебе нужна."
2183,2183,El festival tiene un enfoque regional muy interesante.,Фестиваль имеет очень интересный региональный акцент.
2184,2184,El árbol en el parque es muy alto.,Дерево в парке очень высокое.
2185,2185,La frecuencia de los trenes es bastante alta.,Частота поездов довольно высокая.
2186,2186,Necesito un crédito para comprar un coche.,"Мне нужен кредит, чтобы купить машину."
2187,2187,Con dos horas basta para terminar el trabajo.,"Двух часов хватает, чтобы закончить работу."
2188,2188,La muestra de arte es muy interesante.,Выставка искусства очень интересная.
2189,2189,La droga puede ser peligrosa si se usa mal.,"Наркотик может быть опасен, если его неправильно использовать."
2190,2190,El parlamento discute nuevas leyes cada semana.,Парламент обсуждает новые законы каждую неделю.
2191,2191,El transporte público es muy eficiente en la ciudad.,Общественный транспорт в городе очень эффективен.
2192,2192,Os veo en la fiesta esta noche.,Я вижу вас на вечеринке этой ночью.
2193,2193,Cometer un delito tiene consecuencias graves.,Совершение преступления имеет серьезные последствия.
2194,2194,Todos merecen una segunda oportunidad.,Все заслуживают второго шанса.
2195,2195,Necesito un consejo específico sobre este tema.,Мне нужен конкретный совет по этой теме.
2196,2196,Quiero transformar mi habitación en un estudio.,Я хочу преобразовать свою комнату в студию.
2197,2197,La victoria del equipo fue muy emocionante.,Победа команды была очень захватывающей.
2198,2198,"En un instante, todo cambió.",В мгновение ока все изменилось.
2199,2199,Su triunfo fue celebrado por todos.,Его триумф был отпразднован всеми.
2200,2200,El ritmo de la música es muy pegajoso.,Ритм музыки очень запоминающийся.
2201,2201,Debemos proceder con cuidado en este proyecto.,Мы должны приступать к этому проекту осторожно.
2202,2202,Ella me habló directamente sobre el problema.,Она поговорила со мной напрямую о проблеме.
2203,2203,El tono de su voz era muy amable.,Тон её голоса был очень добрым.
2204,2204,Trabajamos en el ámbito de la educación.,Мы работаем в сфере образования.
2205,2205,Hice un intento de ayudarle con su tarea.,Я сделал попытку помочь ему с его заданием.
2206,2206,Es importante tener un contrato legal.,Важно иметь законный контракт.
2207,2207,Buscamos una vivienda cerca del centro.,Мы ищем жильё рядом с центром.
2208,2208,Ella tiene un par de zapatos nuevos.,У неё есть новая пара обуви.
2209,2209,El informe revela información interesante.,Отчёт раскрывает интересную информацию.
2210,2210,Mi perro juega en el jardín.,Моя собака играет в саду.
2211,2211,Quiero salvar el árbol en mi jardín.,Я хочу спасти дерево в своём саду.
2212,2212,Voy a apuntar la dirección en mi cuaderno.,Я собираюсь записать адрес в своём блокноте.
2213,2213,Ella tiende a llegar tarde.,Она склонна опаздывать.
2214,2214,Debemos sumar todos los gastos del mes.,Мы должны сложить все расходы за месяц.
2215,2215,El debate fue muy interesante y educativo.,Дебаты были очень интересными и познавательными.
2216,2216,El mecanismo de la puerta está roto.,Механизм двери сломан.
2217,2217,La instalación del nuevo sistema fue rápida.,Установка новой системы прошла быстро.
2218,2218,El gobierno destina fondos para la educación.,Правительство предназначает средства на образование.
2219,2219,La iniciativa fue bien recibida por todos.,Инициатива была хорошо воспринята всеми.
2220,2220,"Hoy hace frío, así que llevo abrigo.","Сегодня холодно, поэтому я ношу пальто."
2221,2221,El sujeto de la oración es importante.,Субъект в предложении важен.
2222,2222,Ella tiene mucha gracia al bailar.,"У неё много грации, когда она танцует."
2223,2223,El plano de la ciudad es muy detallado.,План города очень детализирован.
2224,2224,El pago se realiza al final del mes.,Платёж производится в конце месяца.
2225,2225,El toro es un animal fuerte y grande.,Бык — это сильное и большое животное.
2226,2226,El comienzo del año es en enero.,Начало года в январе.
2227,2227,La tecnología avanza rápidamente hoy en día.,Технология быстро развивается в наши дни.
2228,2228,Quiero casar a mi hermana el próximo año.,Я хочу женить сестру в следующем году.
2229,2229,El deudo del fallecido asistió al funeral.,Родственник умершего присутствовал на похоронах.
2230,2230,El carretero lleva la carga a la ciudad.,Погонщик везёт груз в город.
2231,2231,Hablamos acerca de la nueva película.,Мы говорили о новом фильме.
2232,2232,La evolución de las especies es fascinante.,Эволюция видов fascinante.
2233,2233,La casa es muy bonita y grande.,Дом очень красивый и большой.
2234,2234,La caja está llena de juguetes.,Коробка полна игрушек.
2235,2235,Voy a trasladar la mesa a otra habitación.,Я собираюсь переместить стол в другую комнату.
2236,2236,Estoy totalmente de acuerdo con tu opinión.,Я полностью согласен с твоим мнением.
2237,2237,La raíz del problema es la falta de comunicación.,Корень проблемы — это отсутствие общения.
2238,2238,Nuestra generación enfrenta muchos desafíos.,Наше поколение сталкивается с множеством вызовов.
2239,2239,El profesor va a calificar los exámenes hoy.,Учитель будет оценивать экзамены сегодня.
2240,2240,El café cubano es muy popular en el mundo.,Кубинский кофе очень популярен в мире.
2241,2241,Voy a interpretar una canción en la fiesta.,Я собираюсь исполнить песню на вечеринке.
2242,2242,¿Has notado el cambio en el clima?,Ты заметил изменения в погоде?
2243,2243,El espejo refleja la luz del sol.,Зеркало отражает солнечный свет.
2244,2244,Este coche es eléctrico y muy silencioso.,Эта машина электрическая и очень тихая.
2245,2245,Hablamos en torno a la situación actual.,Мы говорили вокруг текущей ситуации.
2246,2246,Vamos a elaborar un plan para el proyecto.,Мы собираемся разработать план для проекта.
2247,2247,La edición del libro salió el mes pasado.,Издание книги вышло в прошлом месяце.
2248,2248,La audiencia aplaudió al final de la obra.,Аудитория аплодировала в конце спектакля.
2249,2249,Trabajo en una agencia de publicidad.,Я работаю в рекламном агентстве.
2250,2250,El informe previo fue muy útil.,Предварительный отчет был очень полезен.
2251,2251,Necesito un resumen breve de la reunión.,Мне нужно краткое резюме встречи.
2252,2252,La asamblea se realizará el próximo viernes.,Собрание пройдет в следующую пятницу.
2253,2253,No debes cometer el mismo error otra vez.,Ты не должен совершать ту же ошибку снова.
2254,2254,Vamos a recorrer la ciudad este fin de semana.,Мы собираемся проехать по городу в эти выходные.
2255,2255,La presidencia del país cambió el año pasado.,Президентство в стране сменилось в прошлом году.
2256,2256,Pasamos las vacaciones en la costa del mar.,Мы провели отпуск на побережье моря.
2257,2257,El volumen de este libro es muy interesante.,Объём этой книги очень интересен.
2258,2258,Es importante vencer tus miedos.,Важно побеждать свои страхи.
2259,2259,La protección del medio ambiente es esencial.,Защита окружающей среды необходима.
2260,2260,El calor del verano es muy intenso aquí.,Жара лета здесь очень сильная.
2261,2261,"Quiero un café doble, por favor.","Я хочу двойной кофе, пожалуйста."
2262,2262,La estrella brilla en el cielo.,Звезда светит на небе.
2263,2263,El horario laboral es de nueve a cinco.,Рабочее время с девяти до пяти.
2264,2264,La tasa de interés ha subido este año.,Ставка процента в этом году увеличилась.
2265,2265,Él es un ciudadano americano.,Он гражданин Америки.
2266,2266,Voy a cobrar mi salario mañana.,Я собираюсь получить свою зарплату завтра.
2267,2267,Estimo que llegaré a las cinco.,"Я считаю, что прибуду в пять."
2268,2268,El trabajo externo es muy interesante.,Внешняя работа очень интересная.
2269,2269,Siempre amaré a mi familia.,Я всегда буду любить свою семью.
2270,2270,Hay una oferta especial en el supermercado.,В супермаркете есть специальное предложение.
2271,2271,La radio va a emitir un nuevo programa.,Радио собирается выпустить новую программу.
2272,2272,Simplemente quiero descansar un poco.,Я просто хочу немного отдохнуть.
2273,2273,Necesito la clave para abrir la puerta.,"Мне нужен ключ, чтобы открыть дверь."
2274,2274,El teléfono va a sonar en un momento.,Телефон скоро зазвонит.
2275,2275,El avión sale a las tres de la tarde.,Самолёт вылетает в три часа дня.
2276,2276,Ella está muy feliz hoy.,Она сегодня очень счастлива.
2277,2277,Quiero escapar de la rutina diaria.,Я хочу избежать повседневной рутины.
2278,2278,El gobernador visitará nuestra ciudad mañana.,Губернатор посетит наш город завтра.
2279,2279,Quiero aportar ideas nuevas al proyecto.,Я хочу внести новые идеи в проект.
2280,2280,La empresa puede proporcionar más información.,Компания может предоставить больше информации.
2281,2281,El estilo artístico de esta pintura es hermoso.,Художественный стиль этой картины прекрасен.
2282,2282,Este libro es un clásico de la literatura.,Эта книга — классика литературы.
2283,2283,Voy a descansar un rato en el sofá.,Я собираюсь отдохнуть немного на диване.
2284,2284,Italia es famosa por su deliciosa comida.,Италия знаменита своей вкусной едой.
2285,2285,El sonido de la guitarra es muy agradable.,Звук гитары очень приятен.
2286,2286,El gobierno federal toma decisiones importantes.,Федеральное правительство принимает важные решения.
2287,2287,Quiero eliminar el ruido de la habitación.,Я хочу устранить шум в комнате.
2288,2288,Este aparato es muy útil en la cocina.,Этот прибор очень полезен на кухне.
2289,2289,El ejecutivo presentó un nuevo plan de negocios.,Руководитель представил новый бизнес-план.
2290,2290,El supermercado está muy cercano a mi casa.,Супермаркет очень близко к моему дому.
2291,2291,El profesor va a convocar a todos los estudiantes.,Профессор собирается вызвать всех студентов.
2292,2292,"Si bien está lloviendo, saldremos a caminar.","Хотя идет дождь, мы выйдем на прогулку."
2293,2293,Los niños jugaron juntos en el parque.,Дети играли вместе в парке.
2294,2294,El lector disfrutó mucho del nuevo libro.,Читатель очень понравился новая книга.
2295,2295,Ella levantó la copa para brindar por su amigo.,"Она подняла бокал, чтобы выпить за своего друга."
2296,2296,El criminal fue enviado a la cárcel por años.,Преступник был отправлен в тюрьму на годы.
2297,2297,Busco una solución permanente a este problema.,Я ищу постоянное решение этой проблемы.
2298,2298,La educación sexual es importante para los jóvenes.,Сексуальное образование важно для молодежи.
2299,2299,Tienes la opción de elegir entre varias actividades.,У тебя есть вариант выбрать из нескольких мероприятий.
2300,2300,La velocidad del coche es muy alta.,Скорость машины очень высокая.
2301,2301,Es importante figurar en la lista de invitados.,Важно фигурировать в списке приглашённых.
2302,2302,Mi mamá siempre me ayuda con mis tareas.,Моя мама всегда помогает мне с домашними заданиями.
2303,2303,El gol fue muy emocionante para todos los aficionados.,Гол был очень захватывающим для всех болельщиков.
2304,2304,La literatura española es muy rica y variada.,Испанская литература очень богата и разнообразна.
2305,2305,El parque está frente al museo de arte.,Парк находится перед музеем искусства.
2306,2306,El respeto es fundamental en cualquier relación.,Уважение является основополагающим в любых отношениях.
2307,2307,Su ausencia se notó en la reunión de hoy.,Его отсутствие было заметно на сегодняшней встрече.
2308,2308,Alemania es conocida por su historia y cultura.,Германия известна своей историей и культурой.
2309,2309,El informe posterior fue muy detallado.,Последующий отчет был очень детальным.
2310,2310,Cada habitante de la ciudad tiene su historia.,У каждого жителя города есть своя история.
2311,2311,El corazón es un órgano vital para el cuerpo.,Сердце — это жизненно важный орган для тела.
2312,2312,Ella es una mujer independiente y fuerte.,Она независимая и сильная женщина.
2313,2313,Su comportamiento fue muy sorprendente en la fiesta.,Его поведение было очень неожиданным на вечеринке.
2314,2314,El documental sobre la naturaleza es muy interesante.,Документальный фильм о природе очень интересный.
2315,2315,El signo de la paz es conocido en todo el mundo.,Знак мира известен во всем мире.
2316,2316,La actualidad política es muy cambiante.,Современная политическая ситуация очень изменчива.
2317,2317,La firma del contrato fue un gran paso.,Подпись контракта стала большим шагом.
2318,2318,El puerto de la ciudad recibe muchos barcos.,Порт города принимает много кораблей.
2319,2319,El cuidado de los niños es muy importante.,Забота о детях очень важна.
2320,2320,El tamaño de la casa es perfecto para nosotros.,Размер дома идеален для нас.
2321,2321,El espectáculo fue muy emocionante y divertido.,Спектакль был очень захватывающим и интересным.
2322,2322,La división de tareas es importante en el trabajo.,Деление задач важно на работе.
2323,2323,Me gusta el estilo musical de esta banda.,Мне нравится музыкальный стиль этой группы.
2324,2324,Tengo una preocupación por la salud de mi amigo.,У меня есть беспокойство о здоровье моего друга.
2325,2325,Vamos a discutir el plan en la reunión.,Давайте обсудим план на собрании.
2326,2326,Es habitual que ella llegue tarde a las clases.,Обычно она приходит поздно на занятия.
2327,2327,El perro estaba muerto en la carretera.,Собака была мертва на дороге.
2328,2328,Necesito comunicarte una buena noticia.,Мне нужно сообщить тебе хорошую новость.
2329,2329,Hubo un accidente en la carretera principal.,На главной дороге произошел несчастный случай.
2330,2330,El derecho constitucional protege nuestras libertades.,Конституционное право защищает наши свободы.
2331,2331,El gobierno va a otorgar más fondos para la educación.,Правительство предоставит больше средств для образования.
2332,2332,Voy a modificar el documento antes de enviarlo.,Я изменю документ перед его отправкой.
2333,2333,La impresión de este libro es de alta calidad.,Печать этой книги высокого качества.
2334,2334,La fórmula del éxito es trabajar duro y ser constante.,Формула успеха — это усердная работа и постоянство.
2335,2335,La banda tocará en el parque este fin de semana.,Группа будет играть в парке в эти выходные.
2336,2336,Nos conviene salir temprano.,Нам лучше выйти пораньше.
2337,2337,El nivel inferior del edificio está cerrado.,Нижний уровень здания закрыт.
2338,2338,La enseñanza es fundamental para el desarrollo personal.,Обучение является основополагающим для личностного развития.
2339,2339,Me gusta practicar deportes deportivos en el verano.,Мне нравится заниматься спортивными видами летом.
2340,2340,Quizás vayamos al cine esta noche.,"Возможно, мы пойдем в кино сегодня вечером."
2341,2341,El coche está delante de la casa.,Машина стоит спереди дома.
2342,2342,Ella tiene un acento británico muy bonito.,У неё очень красивый британский акцент.
2343,2343,Esta película es de la categoría de comedia.,Этот фильм относится к категории комедий.
2344,2344,El fiscal presentó pruebas en el juicio.,Прокурор представил доказательства на суде.
2345,2345,El vestido es de color femenino y elegante.,Платье женского цвета и элегантное.
2346,2346,Hay mil razones para estudiar idiomas.,Есть тысяча причин учить языки.
2347,2347,La conclusión del libro fue sorprendente.,Заключение книги было удивительным.
2348,2348,Prácticamente todos los estudiantes aprobaron el examen.,Практически все студенты сдали экзамен.
2349,2349,El género de la música que prefiero es el rock.,"Жанр музыки, который я предпочитаю, — рок."
2350,2350,El príncipe asistió a la ceremonia con su familia.,Принц присутствовал на церемонии со своей семьёй.
2351,2351,Es fácil distinguir entre los dos tipos de flores.,Легко различать два типа цветов.
2352,2352,Es importante dominar varios idiomas para viajar.,Важно владеть несколькими языками для путешествий.
2353,2353,Llevo una bolsa grande para las compras.,Я ношу большую сумку для покупок.
2354,2354,Voy a sustituir el azúcar por miel en la receta.,Я заменю сахар на мёд в рецепте.
2355,2355,Voy a nombrar a un nuevo líder del equipo.,Я назначу нового руководителя команды.
2356,2356,El proyecto es financiado por el gobierno estatal.,Проект финансируется государством.
2357,2357,Las vacaciones duran dos semanas.,Каникулы длятся две недели.
2358,2358,El pan está recién horneado y caliente.,Хлеб только что испечён и горячий.
2359,2359,"El sol está muy intenso hoy, usa protector.","Солнце сегодня очень интенсивное, используй защиту."
2360,2360,Cada persona tiene un estilo individual.,У каждого человека есть индивидуальный стиль.
2361,2361,La misión es ayudar a los demás.,Миссия заключается в помощи другим.
2362,2362,El idioma catalán se habla en Cataluña.,Каталонский язык говорят в Каталонии.
2363,2363,El edificio es muy elevado y moderno.,Здание очень высокое и современное.
2364,2364,La presentación fue interesante y clara.,Презентация была интересной и ясной.
2365,2365,Es importante pronunciar bien las palabras.,Важно правильно произносить слова.
2366,2366,El portavoz dio un comunicado a la prensa.,Представитель сделал заявление для прессы.
2367,2367,La historia tiene una lección moral importante.,У этой истории есть важный моральный урок.
2368,2368,El enemigo está más cerca de lo que pensamos.,"Враг ближе, чем мы думаем."
2369,2369,Necesito una explicación sobre este tema.,Мне нужно объяснение по этой теме.
2370,2370,Debemos luchar por nuestros derechos.,Мы должны бороться за свои права.
2371,2371,Es frecuente ver turistas en esta ciudad.,Часто можно увидеть туристов в этом городе.
2372,2372,"Por supuesto, puedo ayudarte con eso.","Конечно, я могу помочь с этим."
2373,2373,El trabajo colectivo es muy efectivo.,Коллективная работа очень эффективна.
2374,2374,El clima aquí es seco y cálido.,Климат здесь сухой и теплый.
2375,2375,Queremos disminuir el uso de plásticos.,Мы хотим уменьшить использование пластиков.
2376,2376,Es importante condenar la violencia en todas sus formas.,Важно осуждать насилие во всех его формах.
2377,2377,La lluvia es necesaria para las plantas.,Дождь необходим растениям.
2378,2378,Debemos precisar los detalles de la reunión.,Мы должны уточнить детали встречи.
2379,2379,El libro está entero y en buen estado.,Книга целая и в хорошем состоянии.
2380,2380,La hacienda tiene muchos animales y cultivos.,Усадьба имеет много животных и посевов.
2381,2381,La frontera entre los dos países es larga.,Граница между двумя странами длинная.
2382,2382,Hubo un incremento en las ventas este mes.,В этом месяце был прирост продаж.
2383,2383,El margen de error es muy pequeño.,Край ошибки очень маленький.
2384,2384,El precio es relativo a la calidad del producto.,Цена относительна к качеству продукта.
2385,2385,Es difícil justificar su comportamiento.,Трудно оправдать его поведение.
2386,2386,Debemos esperar por lo menos una hora.,Мы должны подождать по крайней мере час.
2387,2387,Venezuela tiene paisajes muy hermosos.,Венесуэла имеет очень красивые пейзажи.
2388,2388,El dueño del restaurante es muy amable.,Хозяин ресторана очень добрый.
2389,2389,Escuché un grito en la calle anoche.,Я услышал крик на улице прошлой ночью.
2390,2390,Es difícil percibir el cambio en su actitud.,Трудно воспринимать изменения в его поведении.
2391,2391,El canal de televisión transmite noticias todo el día.,Канал телевидения транслирует новости весь день.
2392,2392,Es importante manejar bien en la carretera.,Важно хорошо управлять на дороге.
2393,2393,El idioma vasco es único en España.,Баскский язык уникален в Испании.
2394,2394,Siempre uso una regla para dibujar líneas rectas.,"Я всегда использую линейку, чтобы рисовать прямые линии."
2395,2395,La corriente del río es muy fuerte hoy.,Течение реки сегодня очень сильное.
2396,2396,El extremo de la calle está bloqueado.,Край улицы заблокирован.
2397,2397,La dimensión del problema es más grande de lo que pensamos.,"Размер проблемы больше, чем мы думали."
2398,2398,Vamos a marchar juntos en la protesta.,Мы пойдем вместе на протест.
2399,2399,El daño causado por la tormenta fue considerable.,"Ущерб, причиненный штормом, был значительным."
2400,2400,Él es muy activo en su tiempo libre.,Он очень активен в свободное время.
2401,2401,No quiero destruir nuestra amistad.,Я не хочу разрушать нашу дружбу.
2402,2402,El tratado fue firmado en el año pasado.,Договор был подписан в прошлом году.
2403,2403,Voy a atravesar el puente mañana.,Я собираюсь пересечь мост завтра.
2404,2404,No hay nada semejante en esta ciudad.,В этом городе нет ничего подобного.
2405,2405,La señal indica que debemos parar.,"Знак указывает, что мы должны остановиться."
2406,2406,La distribución de alimentos es muy importante.,Распределение продуктов питания очень важно.
2407,2407,La aparición de la estrella fue sorprendente.,Появление звезды было неожиданным.
2408,2408,La federación de países trabaja unida.,Федерация стран работает вместе.
2409,2409,La máquina está funcionando correctamente hoy.,Машина работает правильно сегодня.
2410,2410,La carga del camión es muy pesada.,Груз грузовика очень тяжелый.
2411,2411,"El resultado fue negativo, pero no perdemos la esperanza.","Результат был отрицательным, но мы не теряем надежды."
2412,2412,Queremos elevar el nivel de educación en el país.,Мы хотим повысить уровень образования в стране.
2413,2413,No debes amenazar a tus amigos.,Ты не должен угрожать своим друзьям.
2414,2414,La sede de la empresa está en Madrid.,Штаб-квартира компании находится в Мадриде.
2415,2415,El proceso es bastante sencillo de entender.,Процесс довольно просто понять.
2416,2416,Formamos una alianza para ayudar a los necesitados.,"Мы создали союз, чтобы помочь нуждающимся."
2417,2417,La historia caracteriza a los personajes de manera única.,История уникально характеризует персонажей.
2418,2418,El acontecimiento fue cubierto por todos los medios.,Событие освещалось всеми СМИ.
2419,2419,Siento temor ante la oscuridad de la noche.,Я чувствую страх перед темнотой ночи.
2420,2420,Él se golpeó el pecho al reír.,"Он ударил себя по груди, смеясь."
2421,2421,El pintor está trabajando en una nueva obra.,Художник работает над новой работой.
2422,2422,La llegada del tren fue puntual esta vez.,Прибытие поезда было вовремя на этот раз.
2423,2423,El ruido de la calle me despertó esta mañana.,Шум с улицы разбудил меня сегодня утром.
2424,2424,Me enteré de la noticia por un amigo.,Я узнал новость от друга.
2425,2425,La liga de fútbol tiene muchos equipos talentosos.,Лига футбола имеет много талантливых команд.
2426,2426,La resolución del problema fue rápida y efectiva.,Решение проблемы было быстрым и эффективным.
2427,2427,El paisaje en primavera es realmente hermoso.,Пейзаж весной действительно красивый.
2428,2428,Voy a esconder el regalo hasta su cumpleaños.,Я собираюсь спрятать подарок до его дня рождения.
2429,2429,El médico va a operar a la paciente mañana.,Врач будет оперировать пациентку завтра.
2430,2430,El festival literario atrae a muchos escritores.,Литературный фестиваль привлекает многих писателей.
2431,2431,Fue un día extraordinario para todos nosotros.,Это был чрезвычайный день для всех нас.
2432,2432,El matrimonio es una unión importante en la vida.,Брак — это важный союз в жизни.
2433,2433,El gato está escondido debajo de la mesa.,Кот прячется под столом.
2434,2434,El poder supremo está en manos del pueblo.,Верховная власть находится в руках народа.
2435,2435,Su interpretación de la canción fue muy emotiva.,Его исполнение песни было очень эмоциональным.
2436,2436,Siempre hay una alternativa a cada problema.,Всегда есть альтернатива каждой проблеме.
2437,2437,Es difícil ubicar la casa en esta calle.,Трудно найти дом на этой улице.
2438,2438,No se puede atribuir todo el éxito a una sola persona.,Нельзя приписывать весь успех только одному человеку.
2439,2439,La célula es la unidad básica de la vida.,Клетка — это основная единица жизни.
2440,2440,"Junto con mis amigos, fui al cine.",Вместе с друзьями я пошел в кино.
2441,2441,El problema es más complejo de lo que pensaba.,"Проблема сложнее, чем я думал."
2442,2442,El agua es esencial para la vida.,Вода является существенной для жизни.
2443,2443,El informe anual se publicará en diciembre.,Годовой отчет будет опубликован в декабре.
2444,2444,Tienes la obligación de cumplir con tus tareas.,У тебя есть обязанность выполнять свои задания.
2445,2445,La fase inicial del proyecto fue un éxito.,Начальная фаза проекта была успешной.
2446,2446,Voy a devolver el libro a la biblioteca.,Я собираюсь вернуть книгу в библиотеку.
2447,2447,Necesitamos investigar más sobre este tema.,Нам нужно больше исследовать эту тему.
2448,2448,La temperatura es constante en esta habitación.,Температура постоянна в этой комнате.
2449,2449,El atardecer en la playa es bello.,Закат на пляже прекрасен.
2450,2450,Hoy es el doce de octubre.,Сегодня двенадцатое октября.
2451,2451,El invento fue revolucionario para la industria.,Изобретение было революционным для промышленности.
2452,2452,El resultado del examen fue perfecto.,Результат экзамена был совершенным.
2453,2453,El testigo vio todo lo que ocurrió.,"Свидетель видел всё, что произошло."
2454,2454,La fe puede mover montañas.,Вера может сдвинуть горы.
2455,2455,No me atrevo a hablar en público.,Я не осмеливаюсь говорить на публике.
2456,2456,Probablemente iré al cine esta noche.,"Вероятно, я пойду в кино сегодня вечером."
2457,2457,La sección de deportes es muy interesante.,Раздел о спорте очень интересный.
2458,2458,Compré un disco nuevo de mi banda favorita.,Я купил новую пластинку своей любимой группы.
2459,2459,Ella se pintó el labio de rojo.,Она накрасила губу красным.
2460,2460,El decreto fue firmado por el presidente.,Указ был подписан президентом.
2461,2461,El programa favorece el desarrollo de las comunidades.,Программа способствует развитию сообществ.
2462,2462,El trabajo administrativo es muy importante en la empresa.,Административная работа очень важна в компании.
2463,2463,Vamos a dividir el pastel en ocho partes.,Мы разделим торт на восемь частей.
2464,2464,Voy a pegar el cartel en la pared.,Я наклею плакат на стену.
2465,2465,Ella quiere reclamar su dinero en la tienda.,Она хочет потребовать свои деньги в магазине.
2466,2466,Voy a encargar una pizza para la cena.,Я закажу пиццу на ужин.
2467,2467,El herido fue llevado al hospital rápidamente.,Раненого быстро доставили в больницу.
2468,2468,La cultura occidental ha influido en muchos países.,Западная культура оказала влияние на многие страны.
2469,2469,El capitán del barco dio órdenes a la tripulación.,Капитан корабля отдал команды экипажу.
2470,2470,Nos reuniremos posteriormente para discutir el proyecto.,"Мы встретимся впоследствии, чтобы обсудить проект."
2471,2471,El funcionamiento del sistema es muy eficiente.,Функционирование системы очень эффективно.
2472,2472,Brasil es conocido por su carnaval y su fútbol.,Бразилия известна своим карнавальным праздником и футболом.
2473,2473,"Igualmente, necesitamos más tiempo para completar el trabajo.","Равным образом, нам нужно больше времени для завершения работы."
2474,2474,Debes hacer un registro de tus gastos mensuales.,Ты должен вести учет своих ежемесячных расходов.
2475,2475,Buenos Aires es una ciudad vibrante y multicultural.,Буэнос-Айрес — это яркий и многонациональный город.
2476,2476,Es peligroso caminar solo por la noche.,Опасно гулять одному ночью.
2477,2477,Firmamos un pacto para trabajar juntos en el futuro.,Мы подписали соглашение о совместной работе в будущем.
2478,2478,Los niños quieren saltar en la cama elástica.,Дети хотят прыгать на батуте.
2479,2479,Ella guarda el secreto de su cumpleaños.,Она хранит секрет своего дня рождения.
2480,2480,La filosofía es una materia fascinante en la universidad.,Философия — это увлекательный предмет в университете.
2481,2481,El empleado trabaja en la oficina todos los días.,Служащий работает в офисе каждый день.
2482,2482,El partido comunista tiene muchas ideas interesantes.,Коммунистическая партия имеет много интересных идей.
2483,2483,La comida en ese restaurante es excelente y deliciosa.,Еда в этом ресторане отличная и вкусная.
2484,2484,La reducción de costos es importante para la empresa.,Сокращение издержек важно для компании.
2485,2485,El costo de la vivienda ha aumentado en los últimos años.,Стоимость жилья возросла за последние годы.
2486,2486,El árbol caído bloquea la carretera principal.,Павшее дерево блокирует главную дорогу.
2487,2487,La mente humana es muy compleja y fascinante.,Человеческий ум очень сложен и увлекателен.
2488,2488,Debemos actuar inmediatamente para resolver el problema.,"Мы должны действовать немедленно, чтобы решить проблему."
2489,2489,La búsqueda de empleo puede ser un proceso largo.,Поиск работы может быть долгим процессом.
2490,2490,La concentración es clave para estudiar eficazmente.,Концентрация является ключом к эффективному обучению.
2491,2491,Las palabras pueden derivar de diferentes lenguas.,Слова могут происходить из разных языков.
2492,2492,La sustancia química es peligrosa si no se maneja bien.,"Химическое вещество опасно, если с ним неправильно обращаться."
2493,2493,Ella va a presidir la reunión de mañana.,Она будет председательствовать на завтрашнем собрании.
2494,2494,El ciclo de vida de una mariposa es fascinante.,Цикл жизни бабочки увлекателен.
2495,2495,El gas natural es una fuente de energía importante.,Природный газ является важным источником энергии.
2496,2496,No debes ocultar la verdad a tus amigos.,Ты не должен скрывать правду от своих друзей.
2497,2497,Puedes venir conmigo al cine esta noche.,Ты можешь пойти со мной в кино сегодня вечером.
2498,2498,El componente principal de este dispositivo es la batería.,Основным компонентом этого устройства является батарея.
2499,2499,Nueva York es una ciudad llena de vida y cultura.,"Нью-Йорк — это город, полный жизни и культуры."
2500,2500,El índice de satisfacción del cliente ha mejorado este año.,Индекс удовлетворенности клиентов улучшился в этом году.
2501,2501,El crimen en la ciudad ha aumentado este año.,Преступление в городе увеличилось в этом году.
2502,2502,El programa educativo es muy interesante para los niños.,Образовательная программа очень интересна для детей.
2503,2503,La música latinoamericana es popular en todo el mundo.,Латиноамериканская музыка популярна во всем мире.
2504,2504,La protesta se llevó a cabo en la plaza principal.,Протест прошел на главной площади.
2505,2505,La resistencia de los estudiantes fue admirable durante la huelga.,Сопротивление студентов было восхитительным во время забастовки.
2506,2506,Tu comentario sobre la película fue muy acertado.,Твой комментарий о фильме был очень точным.
2507,2507,La facultad de medicina tiene muchos estudiantes este año.,Факультет медицины имеет много студентов в этом году.
2508,2508,Es importante cuidar de nuestra salud todos los días.,Важно заботиться о нашем здоровье каждый день.
2509,2509,El problema existente requiere una solución rápida.,Существующая проблема требует быстрого решения.
2510,2510,"Solo quiero un café, nada más por favor.","Я просто хочу кофе, только это, пожалуйста."
2511,2511,Es bueno apreciar las cosas simples de la vida.,Хорошо ценить простые вещи в жизни.
2512,2512,Mira en el espejo antes de salir de casa.,Посмотри в зеркало перед выходом из дома.
2513,2513,Voy a consultar a un experto sobre este tema.,Я собираюсь проконсультироваться с экспертом по этой теме.
2514,2514,El experto en tecnología dio una charla interesante.,Эксперт в области технологий провел интересную лекцию.
2515,2515,El asesinato del político causó gran conmoción en el país.,Убийство политика вызвало большую сенсацию в стране.
2516,2516,La continuación de la historia es aún más emocionante.,Продолжение истории еще более захватывающее.
2517,2517,Decidió huir de la ciudad por un tiempo.,Он решил сбежать из города на время.
2518,2518,La colaboración entre las empresas fue muy exitosa.,Сотрудничество между компаниями было очень успешным.
2519,2519,El avance en la tecnología ha cambiado nuestras vidas.,Продвижение в технологии изменило наши жизни.
2520,2520,"No estudiaste, por lo tanto no pasaste el examen.","Ты не учился, поэтому ты не сдал экзамен."
2521,2521,Él pasó un año en prisión por el delito.,Он провёл год в тюрьме за преступление.
2522,2522,Es importante transmitir el mensaje correctamente.,Важно правильно передавать сообщение.
2523,2523,El papa habló sobre la paz mundial.,Папа говорил о мировом мире.
2524,2524,Debemos confiar en nuestros amigos siempre.,Мы всегда должны доверять нашим друзьям.
2525,2525,La partida del tren es a las seis.,Отъезд поезда в шесть.
2526,2526,Es mejor alejarse de los problemas.,Лучше отдалиться от проблем.
2527,2527,El debate parlamentario fue muy interesante.,Парламентская дискуссия была очень интересной.
2528,2528,He ido a la playa seguido este verano.,Я часто ходил на пляж этим летом.
2529,2529,Voy a medir la longitud de la mesa.,Я собираюсь измерить длину стола.
2530,2530,No es mi culpa que llegara tarde.,"Это не моя вина, что я опоздал."
2531,2531,El acuerdo sindical fue firmado ayer.,Профсоюзное соглашение было подписано вчера.
2532,2532,El preso fue liberado después de diez años.,Заключённый был освобождён после десяти лет.
2533,2533,La realización del proyecto tomó más tiempo.,Осуществление проекта заняло больше времени.
2534,2534,Quiero incrementar mis conocimientos en español.,Я хочу увеличить свои знания испанского.
2535,2535,El indio vivía en una cabaña en el bosque.,Индейец жил в хижине в лесу.
2536,2536,La paciencia es una gran virtud en la vida.,Терпение — это великая добродетель в жизни.
2537,2537,Tuvimos una discusión sobre el clima.,У нас была дискуссия о климате.
2538,2538,El sexo es un tema importante en la sociedad.,Секс — важная тема в обществе.
2539,2539,La fundación ayuda a muchas personas necesitadas.,Фонд помогает многим нуждающимся.
2540,2540,Su postura en la reunión fue firme.,Его позиция на встрече была твёрдой.
2541,2541,Me gusta leer poesía en mis ratos libres.,Мне нравится читать поэзию в свободное время.
2542,2542,El coche va muy lento en el tráfico.,Машина едет очень медленно в пробке.
2543,2543,No debes ignorar los consejos de tus amigos.,Ты не должен игнорировать советы своих друзей.
2544,2544,A veces me siento un poco loco por mis ideas.,Иногда я чувствую себя немного сумасшедшим из-за своих идей.
2545,2545,Voy a ingresar dinero en mi cuenta bancaria.,Я собираюсь внести деньги на свой банковский счёт.
2546,2546,El barco zarpa a las diez de la mañana.,Корабль отплывает в десять утра.
2547,2547,Hice una denuncia sobre el ruido en la calle.,Я подал жалобу на шум на улице.
2548,2548,Únicamente quiero saber la verdad sobre lo que pasó.,"Я исключительно хочу знать правду о том, что произошло."
2549,2549,La luna brilla muy fuerte esta noche.,Луна светит очень ярко этой ночью.
2550,2550,La compra de la casa fue un gran paso.,Покупка дома была большим шагом.
2551,2551,El espectador aplaudió al final de la obra.,Зритель аплодировал в конце спектакля.
2552,2552,Me gusta soñar con viajar por el mundo.,Мне нравится мечтать о путешествиях по миру.
2553,2553,El vicepresidente dará un discurso mañana.,Вице-президент выступит с речью завтра.
2554,2554,La elección presidencial será en noviembre.,Президентские выборы будут в ноябре.
2555,2555,La batalla fue muy intensa y duró horas.,Битва была очень напряжённой и длилась часы.
2556,2556,La concepción de este proyecto fue muy creativa.,Концепция этого проекта была очень креативной.
2557,2557,Ella carece de tiempo para terminar su trabajo.,"У неё нет времени, чтобы закончить свою работу."
2558,2558,No quiero comprometer nuestra amistad por un malentendido.,Я не хочу компрометировать нашу дружбу из-за недоразумения.
2559,2559,La localidad tiene muchos lugares interesantes para visitar.,В населённом пункте много интересных мест для посещения.
2560,2560,Tienes que seguir tu pasión para ser feliz.,"Ты должен следовать своей страсти, чтобы быть счастливым."
2561,2561,El código de conducta es muy importante.,Кодекс поведения очень важен.
2562,2562,Estudiamos principalmente para mejorar nuestras habilidades.,"Мы учимся главным образом, чтобы улучшить наши навыки."
2563,2563,Voy a montar la bicicleta en el parque.,Я собираюсь покататься на велосипеде в парке.
2564,2564,El municipio organiza eventos culturales cada mes.,Муниципалитет организует культурные мероприятия каждый месяц.
2565,2565,Es importante mantener el equilibrio en la vida.,Важно сохранять равновесие в жизни.
2566,2566,El método que usaron fue muy efectivo.,"Метод, который они использовали, был очень действенным."
2567,2567,No debes arrastrar la caja por el suelo.,Не следует тащить коробку по полу.
2568,2568,El porcentaje de estudiantes aprobados aumentó este año.,"Процент студентов, сдавших экзамены, увеличился в этом году."
2569,2569,El clima en esta región es muy variado.,Климат в этом регионе очень разнообразен.
2570,2570,Ella tiene mucha gana de viajar por el mundo.,У неё есть большое желание путешествовать по миру.
2571,2571,¿Acaso sabes dónde está mi libro?,"Разве ты знаешь, где моя книга?"
2572,2572,Voy a encender la luz porque está oscuro.,"Я собираюсь зажечь свет, потому что темно."
2573,2573,La policía tiene que perseguir a los criminales.,Полиции нужно преследовать преступников.
2574,2574,El senador habló sobre la nueva ley en el congreso.,Сенатор говорил о новом законе на конгрессе.
2575,2575,Es importante cuidar de la salud mental.,Важно заботиться о психическом здоровье.
2576,2576,El perro no va a atacar si está tranquilo.,"Собака не будет атаковать, если она спокойна."
2577,2577,Debemos tener en consideración las opiniones de todos.,Мы должны учитывать мнения всех.
2578,2578,El flujo de trabajo debe ser continuo para ser eficiente.,"Поток работы должен быть непрерывным, чтобы быть эффективным."
2579,2579,La moneda de este país es muy fuerte.,Валюта этой страны очень сильная.
2580,2580,Es lógico pensar que debemos ahorrar dinero.,"Логично думать, что мы должны экономить деньги."
2581,2581,Tengo quince años y me gusta viajar.,"Мне пятнадцать лет, и мне нравится путешествовать."
2582,2582,Es importante negociar los precios antes de comprar.,Важно вести переговоры о ценах перед покупкой.
2583,2583,La solución tiene múltiples beneficios para todos.,Это решение имеет множественные преимущества для всех.
2584,2584,"Generalmente, voy al gimnasio por la tarde.","Как правило, я хожу в спортзал днем."
2585,2585,Por fin hemos terminado el proyecto juntos.,"Наконец, мы закончили проект вместе."
2586,2586,Queremos promover la lectura entre los jóvenes.,Мы хотим продвигать чтение среди молодежи.
2587,2587,Su última publicación ha sido muy bien recibida.,Его последняя публикация была очень хорошо принята.
2588,2588,El establecimiento cierra a las diez de la noche.,Заведение закрывается в десять часов вечера.
2589,2589,Es mejor callar si no tienes algo bueno que decir.,"Лучше молчать, если у тебя нет ничего хорошего, чтобы сказать."
2590,2590,Me gusta disfrutar de una buena película los fines de semana.,Мне нравится наслаждаться хорошим фильмом по выходным.
2591,2591,Decidí recurrir a un abogado para este caso.,Я решил прибегнуть к адвокату для этого дела.
2592,2592,Mi hogar siempre será un lugar especial para mí.,Мой дом всегда будет особым местом для меня.
2593,2593,El automóvil que compré es muy económico.,"Автомобиль, который я купил, очень экономичный."
2594,2594,Es importante vincular teoría y práctica en la educación.,Важно связывать теорию и практику в образовании.
2595,2595,La composición de este texto es muy interesante.,Состав этого текста очень интересен.
2596,2596,El diseño de la nueva oficina es moderno y funcional.,Дизайн нового офиса современный и функциональный.
2597,2597,Voy a Londres para visitar a unos amigos.,"Я еду в Лондон, чтобы навестить друзей."
2598,2598,La recuperación económica está tomando más tiempo de lo esperado.,"Экономическое восстановление занимает больше времени, чем ожидалось."
2599,2599,El inicio del curso es el próximo mes.,Начало курса будет в следующем месяце.
2600,2600,El fruto del trabajo duro siempre vale la pena.,Плод упорного труда всегда того стоит.
2601,2601,El paisaje de esta región es impresionante.,Пейзаж в этом районе впечатляющий.
2602,2602,La belleza de la naturaleza me inspira.,Красота природы вдохновляет меня.
2603,2603,Es un artista notable en su campo.,Он выдающийся художник в своей области.
2604,2604,La depresión puede afectar a muchas personas.,Депрессия может затрагивать многих людей.
2605,2605,La corrupción es un problema en muchos países.,Коррупция является проблемой во многих странах.
2606,2606,El esquema del proyecto está listo para presentar.,Схема проекта готова к представлению.
2607,2607,Es difícil oponer argumentos sólidos.,Трудно противопоставить убедительные аргументы.
2608,2608,Decidí encerrar mis secretos en un diario.,Я решил запереть свои секреты в дневнике.
2609,2609,La religión juega un papel importante en su vida.,Религия играет важную роль в его жизни.
2610,2610,El reconocimiento de su trabajo fue muy gratificante.,Признание его работы было очень приятным.
2611,2611,Quiero experimentar nuevas culturas durante mis viajes.,Я хочу испытывать новые культуры во время своих поездок.
2612,2612,La sentencia del juez fue muy dura.,Приговор судьи был очень строгим.
2613,2613,La autonomía es esencial para tomar decisiones.,Автономия необходима для принятия решений.
2614,2614,La Tierra es un planeta lleno de vida.,"Земля — это планета, полная жизни."
2615,2615,Llegaré aproximadamente a las cinco de la tarde.,Я приеду приблизительно в пять вечера.
2616,2616,Decidí confesar mis errores a mis amigos.,Я решил признаться в своих ошибках друзьям.
2617,2617,El café está demasiado caliente para beber.,"Кофе слишком горячий, чтобы пить."
2618,2618,Es un honor recibir este premio.,Для меня честь получить эту награду.
2619,2619,Él es católico y asiste a misa cada domingo.,Он католик и ходит на мессу каждое воскресенье.
2620,2620,Necesito completar este informe antes de mañana.,Мне нужно завершить этот отчет до завтра.
2621,2621,El embajador habló sobre la paz en la reunión.,Посол говорил о мире на встрече.
2622,2622,"Es fácil criticar, pero es mejor ayudar.","Легко критиковать, но лучше помочь."
2623,2623,Voy a calcular el costo del viaje ahora.,Я собираюсь рассчитать стоимость поездки сейчас.
2624,2624,La tabla de datos es muy útil para el análisis.,Таблица данных очень полезна для анализа.
2625,2625,Roma es una ciudad llena de historia y cultura.,"Рим — это город, полный истории и культуры."
2626,2626,Ella tiene una vida intelectual muy activa y rica.,У неё очень активная и богатая интеллектуальная жизнь.
2627,2627,Mi socio y yo estamos trabajando en un nuevo proyecto.,Мой партнёр и я работаем над новым проектом.
2628,2628,Dibuja un círculo grande en la pizarra.,Нарисуй большой круг на доске.
2629,2629,Necesito plata para comprar un regalo especial.,"Мне нужны деньги, чтобы купить особый подарок."
2630,2630,Voy a colgar el cuadro en la pared ahora.,Я собираюсь повесить картину на стену сейчас.
2631,2631,"La presentación salió perfectamente, todos estaban felices.","Презентация прошла идеально, все были довольны."
2632,2632,El dominio de varios idiomas es muy útil hoy en día.,Владение несколькими языками очень полезно в наши дни.
2633,2633,No debes interrumpir a los demás cuando hablan.,"Ты не должен прерывать других, когда они говорят."
2634,2634,El líder es poderoso y tiene muchas influencias.,Лидер могущественный и имеет много влияний.
2635,2635,Ella explicó claramente su punto de vista sobre el tema.,Она ясно объяснила свою точку зрения по этому вопросу.
2636,2636,La apertura del nuevo centro cultural será el próximo mes.,Открытие нового культурного центра состоится в следующем месяце.
2637,2637,Este periodo del año es muy importante para las ventas.,Этот период года очень важен для продаж.
2638,2638,El campeón del torneo recibió un gran trofeo.,Чемпион турнира получил большой трофей.
2639,2639,Mi despacho está en el tercer piso del edificio.,Мой кабинет находится на третьем этаже здания.
2640,2640,Presenté una petición para mejorar el servicio.,Я подал просьбу о улучшении сервиса.
2641,2641,La reflexión sobre la vida es muy importante.,Размышление о жизни очень важно.
2642,2642,El cuento que leí anoche me hizo pensar.,"Рассказ, который я прочитал прошлой ночью, заставил меня задуматься."
2643,2643,El cristiano busca la paz en su corazón.,Христианин ищет мир в своем сердце.
2644,2644,Tu observación sobre el clima fue acertada.,Твое замечание о погоде было точным.
2645,2645,El investigador encontró nuevas evidencias en el caso.,Исследователь нашел новые доказательства по делу.
2646,2646,La garantía del producto dura dos años.,Гарантия на продукт составляет два года.
2647,2647,La película policial fue muy emocionante.,Полицейский фильм был очень захватывающим.
2648,2648,"En respecto a tu opinión, estoy de acuerdo.","Что касается твоего мнения, я согласен."
2649,2649,Voy a arrancar el coche ahora mismo.,Я сейчас заведу машину.
2650,2650,Recientemente visité a mis abuelos en el campo.,Недавно я навещал бабушку и дедушку в деревне.
2651,2651,El vuelo a Madrid sale a las tres de la tarde.,Рейс в Мадрид вылетает в три часа дня.
2652,2652,La pista del baile estaba llena de gente.,Дорожка для танцев была полна людей.
2653,2653,La transformación de la ciudad es impresionante.,Преобразование города впечатляет.
2654,2654,No es correcto juzgar a las personas sin conocerlas.,"Неправильно судить людей, не зная их."
2655,2655,No quiero tardar mucho en llegar a casa.,Я не хочу долго добираться до дома.
2656,2656,"Ah, no sabía que venías hoy.","Ах, я не знал, что ты придешь сегодня."
2657,2657,El amor es un valor universal en todas las culturas.,Любовь — это универсальная ценность во всех культурах.
2658,2658,La rama del árbol se rompió con el viento.,Ветвь дерева сломалась от ветра.
2659,2659,La modificación del proyecto fue necesaria para avanzar.,Изменение проекта было необходимо для продвижения.
2660,2660,El papel que usé es muy fino y delicado.,"Бумага, которую я использовал, очень тонкая и деликатная."
2661,2661,El transporte aéreo es muy rápido.,Воздушный транспорт очень быстрый.
2662,2662,Santiago es la capital de Chile.,Сантьяго — столица Чили.
2663,2663,La moda cambia cada temporada.,Мода меняется каждый сезон.
2664,2664,El atentado causó muchas preocupaciones.,Покушение вызвало много беспокойства.
2665,2665,Guatemala tiene una rica cultura.,Гватемала имеет богатую культуру.
2666,2666,No puedo soportar el ruido.,Я не могу терпеть шум.
2667,2667,La preparación para el examen fue intensa.,Подготовка к экзамену была интенсивной.
2668,2668,A veces me equivoco al hablar.,"Иногда я ошибаюсь, когда говорю."
2669,2669,Washington es una ciudad muy histórica.,Вашингтон — очень исторический город.
2670,2670,El agua es un compuesto químico.,Вода — это химическое соединение.
2671,2671,Voy a subrayar las partes importantes.,Я собираюсь подчеркнуть важные части.
2672,2672,Pasamos a través del túnel.,Мы прошли через туннель.
2673,2673,El productor del filme es muy famoso.,Продюсер фильма очень знаменит.
2674,2674,La inteligencia es clave para el éxito.,Ум — это ключ к успеху.
2675,2675,El cadáver fue encontrado en el bosque.,Труп был найден в лесу.
2676,2676,Es difícil perdonar a alguien que te hiere.,"Трудно простить кого-то, кто тебя ранит."
2677,2677,El significado de la palabra es importante.,Значение слова важно.
2678,2678,"Al igual que tú, yo también quiero viajar.","Так же как и ты, я тоже хочу путешествовать."
2679,2679,El cambio climático es un problema global.,Изменение климата — это глобальная проблема.
2680,2680,El olor de las flores es agradable.,Запах цветов приятный.
2681,2681,El sistema penal necesita reformas importantes.,Уголовная система нуждается в важных реформах.
2682,2682,Es difícil resistir la tentación de comer dulces.,Сложно сопротивляться искушению есть сладости.
2683,2683,El avance tecnológico cambia nuestras vidas rápidamente.,Технологический прогресс быстро меняет нашу жизнь.
2684,2684,El festival de música se celebrará en el parque.,Музыкальный фестиваль пройдет в парке.
2685,2685,El servicio de atención al cliente es telefónico.,Служба поддержки клиентов работает по телефону.
2686,2686,Es un placer conocerte en persona.,Это удовольствие встретить тебя лично.
2687,2687,Decidí renunciar a mi trabajo por motivos personales.,Я решил отказаться от своей работы по личным причинам.
2688,2688,Mi papá siempre me apoya en mis decisiones.,Мой папа всегда поддерживает меня в моих решениях.
2689,2689,Las redes sociales pueden influir en nuestra opinión.,Социальные сети могут влиять на наше мнение.
2690,2690,La punta del lápiz está rota y no escribe.,Кончик карандаша сломан и не пишет.
2691,2691,El policía tuvo que disparar para detener al ladrón.,"Полицейскому пришлось стрелять, чтобы остановить вора."
2692,2692,No debes golpear a los demás en un juego.,Не следует ударять других во время игры.
2693,2693,El océano es inmenso y misterioso.,Океан огромный и таинственный.
2694,2694,La definición de la palabra es muy importante.,Определение слова очень важно.
2695,2695,La acusación fue desmentida por el testigo.,Обвинение было опровергнуто свидетелем.
2696,2696,Compré un auto nuevo para viajar.,Я купил новое авто для путешествий.
2697,2697,"Desde luego, iré a la fiesta contigo.","Разумеется, я пойду на вечеринку с тобой."
2698,2698,El coronel dio una orden clara a sus soldados.,Полковник дал четкий приказ своим солдатам.
2699,2699,Ella tiene una postura firme sobre el asunto.,У нее твёрдая позиция по этому вопросу.
2700,2700,Es mejor soltar el globo en el aire.,Лучше отпустить шарик в воздух.
2701,2701,Es importante detectar problemas a tiempo.,Важно обнаруживать проблемы вовремя.
2702,2702,Hablamos en relación con el nuevo proyecto.,Мы говорили в связи с новым проектом.
2703,2703,El presunto autor fue arrestado ayer.,Предполагаемый автор был арестован вчера.
2704,2704,Voy a cargar las maletas en el coche.,Я собираюсь загрузить чемоданы в машину.
2705,2705,Decidieron suspender la reunión por falta de asistentes.,Они решили приостановить встречу из-за отсутствия участников.
2706,2706,El artista va a ejecutar su obra en el festival.,Художник собирается исполнить свое произведение на фестивале.
2707,2707,Necesitamos un especialista en informática para este trabajo.,Нам нужен специалист по информатике для этой работы.
2708,2708,Este consejo es muy útil para los estudiantes.,Этот совет очень полезен для студентов.
2709,2709,Vamos a finalizar el proyecto esta semana.,Мы завершим проект на этой неделе.
2710,2710,El alcohol puede afectar tu salud si lo consumes en exceso.,"Алкоголь может повредить твоему здоровью, если ты употребляешь его в избытке."
2711,2711,Los estudiantes conforman un grupo diverso.,Студенты составляют разнообразную группу.
2712,2712,El tren sale a las ocho de la mañana.,Поезд отправляется в восемь утра.
2713,2713,Prefiero comprar productos orgánicos en el mercado.,Я предпочитаю покупать органические продукты на рынке.
2714,2714,La utilización de recursos naturales es importante.,Использование природных ресурсов очень важно.
2715,2715,El mando de la televisión está en la mesa.,Пульт от телевизора на столе.
2716,2716,La potencia de este motor es impresionante.,Мощность этого двигателя впечатляет.
2717,2717,Quiero invertir en un nuevo negocio este año.,Я хочу инвестировать в новый бизнес в этом году.
2718,2718,"Es un problema menudo, pero debemos solucionarlo.","Это мелкая проблема, но мы должны ее решить."
2719,2719,Ella quiere alzar la voz por los derechos humanos.,Она хочет поднять голос за права человека.
2720,2720,Vamos a gozar de unas vacaciones en la playa.,Мы собираемся наслаждаться отпуском на пляже.
2721,2721,El progreso en la tecnología es impresionante.,Прогресс в технологиях впечатляющий.
2722,2722,"Todos llegaron, salvo Juan que se quedó en casa.","Все пришли, кроме Хуана, который остался дома."
2723,2723,La patria es un lugar que todos amamos.,"Родина — это место, которое мы все любим."
2724,2724,Es difícil acceder a la información que necesitas.,"Трудно получить доступ к информации, которая тебе нужна."
2725,2725,Muchos animales pueden padecer de enfermedades.,Многие животные могут страдать от болезней.
2726,2726,El campesino trabaja duro en el campo.,Крестьянин усердно работает в поле.
2727,2727,Vi un anuncio interesante en la televisión.,Я видел интересное объявление по телевизору.
2728,2728,Su residencia está cerca de la playa.,Его резиденция находится рядом с пляжем.
2729,2729,Seguramente lloverá mañana por la tarde.,Наверняка завтра днем будет дождь.
2730,2730,El nuevo método es muy eficaz para aprender idiomas.,Новый метод очень эффективен для изучения языков.
2731,2731,Es importante ser consciente de nuestros errores.,Важно осознавать наши ошибки.
2732,2732,"Nuevamente, tenemos que discutir este tema.",Вновь нам нужно обсудить эту тему.
2733,2733,El cultivo de vegetales es esencial para la salud.,Выращивание овощей необходимо для здоровья.
2734,2734,El libro tiene un enfoque infantil y divertido.,Книга имеет детский и веселый подход.
2735,2735,Este autor es muy conocido en el mundo literario.,Этот автор очень известен в литературном мире.
2736,2736,Voy a envolver el regalo con papel de colores.,Я собираюсь обернуть подарок цветной бумагой.
2737,2737,La solidaridad entre las personas es fundamental.,Солидарность между людьми является основополагающей.
2738,2738,Debes presentar tu instancia en la oficina.,Ты должен подать свое заявление в офис.
2739,2739,La cooperación entre países es muy importante.,Сотрудничество между странами очень важно.
2740,2740,La exportación de productos ha aumentado este año.,Экспорт продукции увеличился в этом году.
2741,2741,Tengo hambre y quiero comer algo.,Я голоден и хочу что-то поесть.
2742,2742,El consejero me dio buenos consejos para estudiar.,Советник дал мне хорошие советы по учёбе.
2743,2743,Mi padre aprendió un oficio muy interesante.,Мой отец выучил очень интересное ремесло.
2744,2744,Ella terminó el trabajo rápidamente y salió.,Она быстро закончила работу и вышла.
2745,2745,El lejano país tiene muchas tradiciones.,В далёкой стране много традиций.
2746,2746,Su idea fue brillante y todos la aprobaron.,"Её идея была блестящей, и все её одобрили."
2747,2747,Recibí una llamada importante esta mañana.,Я получил важный звонок сегодня утром.
2748,2748,El entorno de la ciudad es muy bonito.,Окружение города очень красивое.
2749,2749,Escribí un poema sobre la naturaleza.,Я написал стихотворение о природе.
2750,2750,La columna del edificio es muy alta.,Колонна здания очень высокая.
2751,2751,Las lluvias pueden originar inundaciones graves.,Дожди могут порождать серьёзные наводнения.
2752,2752,"En cuanto llegues, comenzamos la reunión.","Как только ты приедешь, мы начнём встречу."
2753,2753,La intensidad de la luz es muy fuerte aquí.,Интенсивность света здесь очень сильная.
2754,2754,Es inaceptable asesinar a personas inocentes.,Убивать невинных людей недопустимо.
2755,2755,El héroe de la historia salvó a todos.,Герой истории спас всех.
2756,2756,Su risa contagiosa alegra a todos.,Её заразительный смех радует всех.
2757,2757,La capa del superhéroe es roja y brillante.,Плащ супергероя красный и блестящий.
2758,2758,Siempre soñé con una aventura en el mar.,Я всегда мечтал о приключении на море.
2759,2759,El filme era violento y no me gustó.,"Фильм был насильственным, и он мне не понравился."
2760,2760,El polvo en la casa me hace estornudar.,Пыль в доме заставляет меня чихать.
2761,2761,La tropa avanzó con valentía hacia el enemigo.,Войско смело продвигалось к врагу.
2762,2762,Hicimos una pausa para descansar un momento.,"Мы сделали паузу, чтобы немного отдохнуть."
2763,2763,Voy a seleccionar las mejores fotos para el álbum.,Я отберу лучшие фотографии для альбома.
2764,2764,No debes quemar basura en el jardín.,Ты не должен жечь мусор в саду.
2765,2765,La elaboración del proyecto tomó más tiempo del esperado.,"Разработка проекта заняла больше времени, чем ожидалось."
2766,2766,La liberación de los prisioneros fue un gran alivio.,Освобождение заключенных было большим облегчением.
2767,2767,No es correcto robar a los demás.,Не правильно красть у других.
2768,2768,La población de la ciudad es cada vez más creciente.,Население города становится все более растущим.
2769,2769,Debemos procurar soluciones para los problemas actuales.,Мы должны стараться найти решения для текущих проблем.
2770,2770,Nicaragua es un país muy hermoso en Centroamérica.,Никарагуа — это очень красивое país в Центральной Америке.
2771,2771,Miami es conocido por sus playas y clima cálido.,Майами известен своими пляжами и теплым климатом.
2772,2772,Es correcto seguir las reglas en el trabajo.,Правильно следовать правилам на работе.
2773,2773,El brazo izquierdo me duele un poco.,У меня немного болит левую руку.
2774,2774,La amistad es un tesoro que hay que cuidar.,"Дружба — это сокровище, которое нужно беречь."
2775,2775,El motor del coche necesita ser reparado.,Двигатель машины нужно отремонтировать.
2776,2776,Me estoy acostumbrando a vivir en esta ciudad.,Я привыкаю жить в этом городе.
2777,2777,Debes girar a la derecha en el próximo semáforo.,Ты должен повернуть направо на следующем светофоре.
2778,2778,"Con respecto a tu pregunta, aquí está la respuesta.","Относительно твоего вопроса, вот ответ."
2779,2779,Es curioso cómo cambian las cosas con el tiempo.,"Любопытно, как со временем меняются вещи."
2780,2780,Su opinión es muy liberal sobre los derechos humanos.,Его мнение очень либеральное по поводу прав человека.
2781,2781,Es importante formular bien las preguntas en clase.,Важно правильно формулировать вопросы на уроке.
2782,2782,El presidente debe gobernar con justicia y transparencia.,Президент должен управлять справедливо и прозрачно.
2783,2783,Me encanta el café colombiano por su sabor único.,Мне нравится колумбийский кофе за его уникальный вкус.
2784,2784,El exceso de azúcar no es bueno para la salud.,Избыток сахара не полезен для здоровья.
2785,2785,Me gusta caminar en la madrugada cuando todo está tranquilo.,"Мне нравится гулять рано утром, когда всё спокойно."
2786,2786,La cumbre de líderes se celebrará en la próxima semana.,Саммит лидеров пройдет на следующей неделе.
2787,2787,La energía nuclear es un tema de gran debate hoy en día.,Ядерная энергия — это тема большого обсуждения сегодня.
2788,2788,Ella hizo un dibujo hermoso para su madre.,Она сделала красивый рисунок для своей матери.
2789,2789,La derrota del equipo fue inesperada para todos.,Поражение команды стало неожиданным для всех.
2790,2790,Es necesario desplazar los muebles para limpiar mejor.,"Необходимо переместить мебель, чтобы лучше убрать."
2791,2791,El profesor intenta orientar a los estudiantes en su carrera.,Учитель пытается ориентировать студентов в их карьере.
2792,2792,Él es el quinto en la fila para comprar entradas.,"Он пятый в очереди, чтобы купить билеты."
2793,2793,El propietario del restaurante es muy amable con sus clientes.,Собственник ресторана очень добр к своим клиентам.
2794,2794,Vamos a repartir los libros entre los estudiantes.,Мы собираемся раздать книги студентам.
2795,2795,El torneo de fútbol se llevará a cabo en julio.,Футбольный турнир пройдет в июле.
2796,2796,Quiero proyectar mis ideas en la presentación.,Я хочу представить свои идеи на презентации.
2797,2797,La paloma es un símbolo de paz en muchas culturas.,Голубь является символом мира во многих культурах.
2798,2798,El volcán puede arrojar ceniza durante la erupción.,Вулкан может выбрасывать пепел во время извержения.
2799,2799,Cada estudiante debe entregar su respectivo trabajo a tiempo.,Каждый студент должен сдать свою соответствующую работу вовремя.
2800,2800,La geografía de este país es muy diversa y hermosa.,География этой страны очень разнообразна и красива.
2801,2801,La suma de dos y dos es cuatro.,Сумма двух и двух равна четырем.
2802,2802,Hice una consulta sobre el horario de clases.,Я сделал запрос о расписании занятий.
2803,2803,El cuarto está muy limpio y ordenado.,Комната очень чистая и аккуратная.
2804,2804,Vivo en una zona rural cerca de la montaña.,Я живу в сельской местности рядом с горой.
2805,2805,Participé en un concurso de fotografía el año pasado.,Я участвовал в конкурсе фотографии в прошлом году.
2806,2806,Este libro tiene consejos prácticos para la vida diaria.,Эта книга содержит практические советы для повседневной жизни.
2807,2807,No quiero herir tus sentimientos con mis palabras.,Я не хочу ранить твои чувства своими словами.
2808,2808,Ten cuidado con el borde de la mesa.,Будь осторожен с краем стола.
2809,2809,Los precios pueden variar según la temporada.,Цены могут меняться в зависимости от сезона.
2810,2810,La exigencia de este trabajo es bastante alta.,Требование к этой работе довольно высокое.
2811,2811,El comandante dio órdenes claras a sus tropas.,Командир дал четкие команды своим войскам.
2812,2812,Es fácil asociar esa canción con buenos recuerdos.,Легко ассоциировать эту песню с хорошими воспоминаниями.
2813,2813,El obispo visitó nuestra iglesia el domingo pasado.,Епископ посетил нашу церковь в прошлое воскресенье.
2814,2814,Quiero liberar a los animales atrapados en la trampa.,"Я хочу освободить животных, попавших в ловушку."
2815,2815,El cerebro humano es muy complejo y fascinante.,Человеческий мозг очень сложный и увлекательный.
2816,2816,El debate ideológico ha durado muchos años.,Идеологическая дискуссия продолжается много лет.
2817,2817,Me gusta volar en avión cuando viajo.,"Мне нравится летать на самолете, когда я путешествую."
2818,2818,La asistencia a la reunión fue bastante alta.,Посещаемость на встрече была довольно высокой.
2819,2819,El director va a designar un nuevo líder para el proyecto.,Директор назначит нового руководителя для проекта.
2820,2820,En el mercado hay una gran variedad de frutas.,На рынке есть большое разнообразие фруктов.
2821,2821,Estoy completamente de acuerdo con tu opinión.,Я полностью согласен с твоим мнением.
2822,2822,El documento es procedente para el trámite.,Документ является происходящим для оформления.
2823,2823,El impulso de la idea fue muy fuerte.,Импульс идеи был очень сильным.
2824,2824,El tiro fue preciso y alcanzó el objetivo.,Выстрел был точным и достиг цели.
2825,2825,Tengo una colección de monedas antiguas.,У меня есть коллекция древних монет.
2826,2826,El aire fresco de la mañana es agradable.,Свежий утренний воздух приятен.
2827,2827,La bandera ondea en el viento.,Флаг развевается на ветру.
2828,2828,Es importante concentrar la atención en la tarea.,Важно концентрировать внимание на задаче.
2829,2829,Ella va a encabezar el nuevo proyecto.,Она будет возглавлять новый проект.
2830,2830,El sistema legislativo necesita reformas.,Законодательная система нуждается в реформах.
2831,2831,El sistema monetario de este país es estable.,Монетарная система этой страны стабильна.
2832,2832,¿Cuándo vamos a la playa este verano?,Когда мы поедем на пляж этим летом?
2833,2833,La entrega del paquete será mañana.,Доставка посылки будет завтра.
2834,2834,La secretaría está abierta hasta las cinco.,Канцелярия открыта до пяти.
2835,2835,El suceso fue reportado en las noticias.,Происшествие было сообщено в новостях.
2836,2836,Decidí ir al cine en lugar de quedarme en casa.,"Я решил пойти в кино вместо того, чтобы оставаться дома."
2837,2837,La proporción de estudiantes ha aumentado este año.,Доля студентов увеличилась в этом году.
2838,2838,El núcleo de la cuestión es muy complejo.,Ядро вопроса очень сложно.
2839,2839,Su humor siempre mejora el ambiente.,Его настроение всегда улучшает атмосферу.
2840,2840,El avión va a descender en unos minutos.,Самолет собирается спуститься через несколько минут.
2841,2841,El niño es un poco débil para su edad.,Ребёнок немного слабый для своего возраста.
2842,2842,No quiero hundir mi barco en el lago.,Я не хочу потопить свою лодку в озере.
2843,2843,La dependencia del azúcar es un problema común.,Зависимость от сахара — это распространённая проблема.
2844,2844,El sistema sanitario necesita más recursos.,Система здравоохранения нуждается в большем количестве ресурсов.
2845,2845,El laboratorio está cerrado por mantenimiento hoy.,Лаборатория сегодня закрыта на обслуживание.
2846,2846,El patio de la casa es muy bonito en verano.,Двор дома очень красив летом.
2847,2847,Voy a inclinar la silla hacia atrás.,Я собираюсь наклонить стул назад.
2848,2848,La delegación llegó a la reunión a tiempo.,Делегация пришла на встречу вовремя.
2849,2849,Siempre trato de saludar a mis vecinos.,Я всегда стараюсь здороваться с соседями.
2850,2850,El informe gubernamental fue publicado ayer.,Правительственный отчет был опубликован вчера.
2851,2851,Dimos un paseo por el parque el domingo.,Мы прогулялись по парку в воскресенье.
2852,2852,La bomba de agua necesita ser reparada.,Насос для воды нужно отремонтировать.
2853,2853,El directivo tomó una decisión importante hoy.,Руководитель сегодня принял важное решение.
2854,2854,La avenida principal está llena de gente.,Главный проспект полон людей.
2855,2855,El artista pintó un desnudo en su última obra.,Художник написал голый натюрморт в своём последнем произведении.
2856,2856,"La espera fue larga, pero valió la pena.","Ожидание было долгим, но это того стоило."
2857,2857,"A partir del lunes, todo cambiará.",Начиная с понедельника всё изменится.
2858,2858,Transcurrió una hora antes de que llegara.,"Прошла час, прежде чем он пришёл."
2859,2859,El petróleo es un recurso muy valioso.,Нефть — это очень ценный ресурс.
2860,2860,No sé cuanto tiempo tardaré en llegar.,"Я не знаю, сколько времени мне потребуется, чтобы добраться."
2861,2861,El proyecto comunitario mejoró la vida de todos.,Общественный проект улучшил жизнь всех.
2862,2862,Mi abuelo falleció el año pasado.,Мой дедушка скончался в прошлом году.
2863,2863,Ella quiere especializarse en medicina.,Она хочет специализироваться в медицине.
2864,2864,El coste del viaje fue muy alto.,Стоимость поездки была очень высокой.
2865,2865,Sus ideas son demasiado radicales para mí.,Его идеи слишком радикальные для меня.
2866,2866,El profesor va a dictar una nueva lección.,Учитель собирается издать новый урок.
2867,2867,El clima fue terrible durante las vacaciones.,Погода была ужасной во время отпуска.
2868,2868,Me gusta el arte contemporáneo.,Мне нравится современное искусство.
2869,2869,El ruido en la ciudad es excesivo.,Шум в городе чрезмерный.
2870,2870,Es importante acumular ahorros para el futuro.,Важно накапливать сбережения на будущее.
2871,2871,La extensión del río es impresionante.,Протяжение реки впечатляющее.
2872,2872,La música puede atraer a muchas personas.,Музыка может привлечь много людей.
2873,2873,El bloque de apartamentos es muy moderno.,Жилой блок очень современный.
2874,2874,El equipo disputará el campeonato este fin de semana.,Команда будет оспаривать чемпионат в эти выходные.
2875,2875,El informe ambiental fue muy positivo.,Экологический отчет был очень положительным.
2876,2876,Hoy tuve un día muy productivo en el trabajo.,Сегодня у меня был очень продуктивный день на работе.
2877,2877,El seno de la familia es muy importante.,Лоно семьи очень важно.
2878,2878,La emisión de gases contaminantes debe reducirse.,Выпуск загрязняющих газов должен быть сокращен.
2879,2879,El país enfrenta un déficit económico grave.,Страна сталкивается с серьезным экономическим дефицитом.
2880,2880,La educación primario es fundamental para todos.,Начальное образование является основополагающим для всех.
2881,2881,Tengo treinta años y me siento bien.,"Мне тридцать лет, и я чувствую себя хорошо."
2882,2882,Estudio cine latinoamericano.,Я изучаю латиноамериканское кино.
2883,2883,Estoy absolutamente seguro de mi decisión.,Я абсолютно уверен в своем решении.
2884,2884,La soledad a veces puede ser reconfortante.,Одиночество иногда может быть утешительным.
2885,2885,El emisor de la carta no puso su nombre.,Эмитент письма не указал свое имя.
2886,2886,Quiero asomar la cabeza por la ventana.,Я хочу показать голову в окно.
2887,2887,El patrón de la fábrica es muy estricto.,Хозяин фабрики очень строгий.
2888,2888,El retrato en la pared es de mi abuela.,Портрет на стене принадлежит моей бабушке.
2889,2889,La clasificación de los libros es muy importante.,Классификация книг очень важна.
2890,2890,Decidí emprender un nuevo proyecto este año.,Я решил предпринять новый проект в этом году.
2891,2891,El invierno en esta ciudad es muy frío.,Зима в этом городе очень холодная.
2892,2892,Sufrí una lesión durante el partido de fútbol.,Я получил травму во время футбольного матча.
2893,2893,El ambiente empresarial es muy competitivo hoy en día.,Предпринимательская среда сегодня очень конкурентная.
2894,2894,Definitivamente quiero viajar a España este verano.,Я окончательно хочу поехать в Испанию этим летом.
2895,2895,"Estudió mucho, de modo que aprobó el examen.","Он много учился, так что сдал экзамен."
2896,2896,Necesito adaptar este texto para el público joven.,Мне нужно приспособить этот текст для молодежной аудитории.
2897,2897,La busca de la verdad es fundamental en la vida.,Поиск правды является основополагающим в жизни.
2898,2898,El remedio para el dolor de cabeza es descansar.,Средство от головной боли — это отдых.
2899,2899,La duración de la película es de dos horas.,Продолжительность фильма составляет два часа.
2900,2900,Debemos descartar las opciones menos viables.,Мы должны отбрасывать наименее жизнеспособные варианты.
2901,2901,La producción agrícola es muy importante para el país.,Сельскохозяйственное производство очень важно для страны.
2902,2902,Es difícil concebir un mundo sin paz.,Трудно задумать мир без мира.
2903,2903,La ejecución del plan fue un éxito total.,Исполнение плана было полным успехом.
2904,2904,La humanidad enfrenta muchos desafíos en la actualidad.,Человечество сталкивается с многими вызовами в настоящее время.
2905,2905,El santo patrón de la ciudad es muy venerado.,Святой покровитель города очень почитаем.
2906,2906,La totalidad del proyecto se completará en junio.,Совокупность проекта будет завершена в июне.
2907,2907,La academia ofrece cursos de arte y música.,Академия предлагает курсы по искусству и музыке.
2908,2908,"Exactamente a las tres, comenzó la reunión.",Точно в три часа началась встреча.
2909,2909,La dictadura afectó a muchas personas en el país.,Диктатура затронула многих людей в стране.
2910,2910,No puedo desconocer los problemas que hay.,Я не могу игнорировать существующие проблемы.
2911,2911,El parque está junto al río.,Парк находится рядом с рекой.
2912,2912,La mezcla de colores es muy atractiva.,Смесь цветов очень привлекательна.
2913,2913,Vamos a distribuir los libros entre los estudiantes.,Мы собираемся распределить книги среди студентов.
2914,2914,El clima es favorable para la cosecha este año.,Климат благоприятный для сбора урожая в этом году.
2915,2915,El nacimiento de un niño es un momento especial.,Рождение ребенка — это особенный момент.
2916,2916,La agricultura es esencial para la economía local.,Сельское хозяйство имеет важное значение для местной экономики.
2917,2917,Es vital cuidar el medio ambiente para el futuro.,Жизненно важно заботиться об окружающей среде для будущего.
2918,2918,El eje de la conversación fue la educación.,Ось разговора была образованием.
2919,2919,La orquesta tocará en el auditorio esta noche.,Оркестр будет играть в аудитории этой ночью.
2920,2920,Su testimonio fue clave en el juicio.,Его свидетельство было ключевым в суде.
2921,2921,El enfrentamiento entre los equipos fue muy emocionante.,Столкновение между командами было очень захватывающим.
2922,2922,Es un problema cotidiano para nosotros.,Это повседневная проблема для нас.
2923,2923,Hubo una alteración en el horario del tren.,Произошло изменение в расписании поезда.
2924,2924,El médico me dio un diagnóstico claro y preciso.,Врач дал мне ясный и точный диагноз.
2925,2925,Voy a optar por el camino más corto para llegar.,"Я выберу самый короткий путь, чтобы добраться."
2926,2926,"Fundamentalmente, todos queremos ser felices.","В основном, все мы хотим быть счастливыми."
2927,2927,Voy a arreglar la silla que está rota.,"Я собираюсь починить стул, который сломан."
2928,2928,La ceremonia de graduación será el próximo mes.,Церемония выпуска состоится в следующем месяце.
2929,2929,El estatuto de la organización fue actualizado recientemente.,Устав организации был обновлен недавно.
2930,2930,La carne es una buena fuente de proteína.,Мясо является хорошим источником белка.
2931,2931,Este partido es decisivo para el campeonato.,Этот матч решающий для чемпионата.
2932,2932,Es importante colaborar con otros en el proyecto.,Важно сотрудничать с другими в проекте.
2933,2933,La encuesta mostró que la mayoría prefiere el verano.,"Опрос показал, что большинство предпочитает лето."
2934,2934,Debemos combatir el cambio climático juntos.,Мы должны бороться с изменением климата вместе.
2935,2935,Compré una botella de agua para el viaje.,Я купил бутылку воды для поездки.
2936,2936,El universo es vasto y lleno de misterios.,Вселенная огромна и полна тайн.
2937,2937,El vino chileno es famoso en todo el mundo.,Чилийское вино известно во всем мире.
2938,2938,Él lleva un traje elegante para la reunión.,Он носит элегантный костюм для встречи.
2939,2939,Es importante alimentar bien a los niños.,Важно хорошо кормить детей.
2940,2940,El madrileño disfruta de la vida en la ciudad.,Мадридец наслаждается жизнью в городе.
2941,2941,Hay una fila larga en la tienda.,В магазине длинная очередь.
2942,2942,El camino es muy estrecho para dos coches.,Дорога очень узкая для двух машин.
2943,2943,El escándalo afectó a muchos políticos importantes.,Скандал затронул многих важных политиков.
2944,2944,El proyecto está pendiente de aprobación.,Проект ожидает одобрения.
2945,2945,El tejido de esta camisa es muy suave.,Ткань этой рубашки очень мягкая.
2946,2946,Inglaterra tiene una rica historia cultural.,В Англии богатая культурная история.
2947,2947,El muro del jardín necesita ser reparado.,Стена сада нуждается в ремонте.
2948,2948,Hablamos respecto de los nuevos proyectos.,Мы говорили относительно новых проектов.
2949,2949,La fábrica produce juguetes para niños.,Фабрика производит игрушки для детей.
2950,2950,"Naturalmente, todos quieren ser felices.","Естественно, все хотят быть счастливыми."
2951,2951,El cambio institucional es necesario en este momento.,Институциональные изменения необходимы в данный момент.
2952,2952,Vamos a fabricar muebles de madera.,Мы будем изготавливать мебель из дерева.
2953,2953,Ella va a desempeñar un papel importante en el proyecto.,Она будет исполнять важную роль в проекте.
2954,2954,El hierro es un material muy resistente.,Железо — это очень прочный материал.
2955,2955,El autor del libro es todavía desconocido.,Автор книги все еще неизвестен.
2956,2956,Nuestro rival ha mejorado su estrategia.,Наш соперник улучшил свою стратегию.
2957,2957,Debemos apartar los problemas personales del trabajo.,Мы должны отстранять личные проблемы от работы.
2958,2958,La familia decidió acoger a un niño en su hogar.,Семья решила приютить ребенка в своем доме.
2959,2959,Vamos a inaugurar el nuevo centro cultural mañana.,Мы откроем новый культурный центр завтра.
2960,2960,Me duele la oreja después de nadar.,У меня болит ухо после плавания.
2961,2961,No quiero alterar el plan que tenemos.,Я не хочу изменять наш план.
2962,2962,Voy a escoger un libro interesante para leer.,Я выберу интересную книгу для чтения.
2963,2963,El taller de cerámica es muy divertido.,Мастерская по керамике очень веселая.
2964,2964,Su regreso fue una gran sorpresa para todos.,Его возвращение стало большой неожиданностью для всех.
2965,2965,Es importante revisar los documentos antes de enviarlos.,Важно проверять документы перед отправкой.
2966,2966,Quiero agradecerte por tu ayuda hoy.,Я хочу поблагодарить тебя за твою помощь сегодня.
2967,2967,La ruta hacia la playa es muy bonita.,Маршрут к пляжу очень красивый.
2968,2968,El rayo iluminó el cielo durante la tormenta.,Молния осветила небо во время шторма.
2969,2969,Este material es muy sólido y duradero.,Этот материал очень твердый и прочный.
2970,2970,La dosis recomendada es de dos pastillas al día.,Рекомендуемая доза составляет две таблетки в день.
2971,2971,La inflación afecta el costo de la vida.,Инфляция влияет на стоимость жизни.
2972,2972,El arte soviético es muy interesante y diverso.,Советское искусство очень интересно и разнообразно.
2973,2973,Tengo un examen de matemáticas la próxima semana.,У меня экзамен по математике на следующей неделе.
2974,2974,El mapa geográfico muestra todos los países del mundo.,Географическая карта показывает все страны мира.
2975,2975,La toma de fotos fue muy divertida en la fiesta.,Съёмка фотографий была очень веселой на вечеринке.
2976,2976,Siento angustia cuando pienso en el futuro.,"Я чувствую тоску, когда думаю о будущем."
2977,2977,El enfoque teórico es importante en esta investigación.,Теоретический подход важен в этом исследовании.
2978,2978,Este nuevo proyecto beneficiará a muchas personas.,Этот новый проект принесет пользу многим людям.
2979,2979,La orientación sobre el curso es el lunes.,Ориентация по курсу в понедельник.
2980,2980,La explotación de recursos naturales debe ser sostenible.,Эксплуатация природных ресурсов должна быть устойчивой.
2981,2981,La reunión fue muy formal y seria.,Встреча была очень формальной и серьёзной.
2982,2982,El cáncer es una enfermedad que afecta a muchas personas.,"Рак — это болезнь, которая поражает многих людей."
2983,2983,El cálculo de los gastos es muy importante.,Расчёт расходов очень важен.
2984,2984,Se formó una coalición entre varios partidos políticos.,Сформировалась коалиция между несколькими политическими партиями.
2985,2985,El sacerdote dio un sermón inspirador el domingo.,Священник произнёс вдохновляющую проповедь в воскресенье.
2986,2986,El sistema bancario ha cambiado mucho en los últimos años.,Банковская система сильно изменилась за последние годы.
2987,2987,En el documento consta tu nombre y dirección.,В документе указаны твоё имя и адрес.
2988,2988,La eficacia de este tratamiento es muy alta.,Эффективность этого лечения очень высока.
2989,2989,Este producto es exclusivamente para clientes VIP.,Этот продукт исключительно для VIP-клиентов.
2990,2990,Es importante difundir información veraz y útil.,Важно распространять правдивую и полезную информацию.
2991,2991,Tu estancia en el hotel fue muy agradable.,Твоё пребывание в отеле было очень приятным.
2992,2992,Es necesario reforzar la seguridad en el evento.,Необходимо укрепить безопасность на мероприятии.
2993,2993,El templo está abierto todos los días para los visitantes.,Храм открыт для посетителей каждый день.
2994,2994,Ella tiene una fortuna considerable gracias a su negocio.,У неё значительное состояние благодаря её бизнесу.
2995,2995,El techo de la casa necesita reparaciones urgentes.,Крыша дома нуждается в срочном ремонте.
2996,2996,El continente africano tiene una gran diversidad cultural.,Африканский континент обладает большим культурным разнообразием.
2997,2997,Japón es conocido por su tecnología avanzada y cultura.,Япония известна своей продвинутой технологией и культурой.
2998,2998,Voy a grabar una canción en el estudio mañana.,Я собираюсь записать песню в студии завтра.
2999,2999,La promoción del producto comienza la próxima semana.,Продвижение продукта начинается на следующей неделе.
3000,3000,La facilidad de uso de esta aplicación es sorprendente.,Удобство использования этого приложения удивительно.
3001,3001,La luna ilumina el camino en la noche.,Луна освещает путь ночью.
3002,3002,Ella siempre anima a sus amigos a ser positivos.,Она всегда воодушевляет своих друзей быть позитивными.
3003,3003,La evaluación del proyecto será el próximo mes.,Оценка проекта будет в следующем месяце.
3004,3004,Vamos a brindar por el éxito de todos.,Давайте предложим тост за успех всех.
3005,3005,La transición entre el día y la noche es hermosa.,Переход от дня к ночи красив.
3006,3006,Me gusta ir a la ópera los fines de semana.,Мне нравится ходить в оперу по выходным.
3007,3007,El homenaje a los artistas fue muy emotivo.,Дань уважения артистам была очень трогательной.
3008,3008,Su tesis sobre la historia del arte fue excelente.,Его диссертация по истории искусства была отличной.
3009,3009,La novedad de este producto atrae a muchos clientes.,Новинка этого продукта привлекает многих клиентов.
3010,3010,¡Ay! Me duele la cabeza.,Ай! У меня болит голова.
3011,3011,"Los premios fueron entregados a Juan y María, respectivamente.",Награды были вручены Хуану и Марии соответственно.
3012,3012,La galería de arte tiene muchas obras interesantes.,Галерея искусства имеет много интересных произведений.
3013,3013,Voy a lavar los platos después de la cena.,Я собираюсь помыть посуду после ужина.
3014,3014,Su afirmación fue respaldada por pruebas sólidas.,Его утверждение было подтверждено вескими доказательствами.
3015,3015,La imaginación es clave para crear nuevas ideas.,Воображение является ключом к созданию новых идей.
3016,3016,"Quiero ir al cine, mas no tengo tiempo.","Я хочу пойти в кино, но у меня нет времени."
3017,3017,El descenso de temperaturas es notable en invierno.,Снижение температур заметно зимой.
3018,3018,Me gusta pasear por el parque los domingos.,Мне нравится гулять по парку по воскресеньям.
3019,3019,La satisfacción de los clientes es nuestra prioridad.,Удовлетворение клиентов является нашим приоритетом.
3020,3020,Él camina lentamente para disfrutar del paisaje.,"Он идет медленно, чтобы насладиться пейзажем."
3021,3021,Es importante empujar la puerta con cuidado.,Важно толкать дверь осторожно.
3022,3022,El informe clínico fue muy detallado.,Клинический отчет был очень подробным.
3023,3023,Voy a limpiar la casa este fin de semana.,Я собираюсь чистить дом в эти выходные.
3024,3024,El artículo es muy informativo sobre el tema.,Статья очень информационная по этой теме.
3025,3025,"Por favor, apaga la luz antes de salir.","Пожалуйста, погаси свет перед выходом."
3026,3026,El promedio de las notas es bastante alto.,Среднее значение оценок довольно высокое.
3027,3027,La redacción de su ensayo fue excelente.,Редакция его эссе была отличной.
3028,3028,Este año espero rendir mejor en mis exámenes.,В этом году я надеюсь сдавать лучше на своих экзаменах.
3029,3029,El anciano vive solo en su casa.,Пожилой человек живет один в своем доме.
3030,3030,Los niños deben obedecer a sus padres.,Дети должны повиноваться своим родителям.
3031,3031,El gobierno autonómico tiene nuevas leyes.,Автономное правительство имеет новые законы.
3032,3032,El comunicado oficial se publicó ayer.,Официальное сообщение было опубликовано вчера.
3033,3033,La danza es una forma de expresión artística.,Танец — это форма художественного выражения.
3034,3034,El obrero trabaja en la construcción del puente.,Рабочий работает на строительстве моста.
3035,3035,El último episodio de la serie fue emocionante.,Последний эпизод сериала был захватывающим.
3036,3036,La estabilidad económica es fundamental para el país.,Экономическая стабильность является основополагающей для страны.
3037,3037,El consumidor tiene derechos que deben respetarse.,"Потребитель имеет права, которые должны соблюдаться."
3038,3038,Es difícil diferenciar entre los dos productos.,Трудно различать между двумя продуктами.
3039,3039,Este objeto es completamente inútil ahora.,Этот предмет сейчас совершенно бесполезен.
3040,3040,El terreno solar es perfecto para construir una casa.,Солнечный участок идеально подходит для строительства дома.
3041,3041,El campeonato de fútbol comienza el próximo mes.,Чемпионат по футболу начинается в следующем месяце.
3042,3042,Apreta el botón para encender la luz.,"Нажми на кнопку, чтобы включить свет."
3043,3043,El combate entre los dos boxeadores fue emocionante.,Бой между двумя боксёрами был захватывающим.
3044,3044,Su canto es muy melodioso y agradable.,Его пение очень мелодичное и приятное.
3045,3045,Es difícil localizar el problema en el sistema.,Сложно обнаружить проблему в системе.
3046,3046,Presenté la solicitud para el nuevo trabajo ayer.,Я подал заявление на новую работу вчера.
3047,3047,El manejo de la situación requiere paciencia.,Управление ситуацией требует терпения.
3048,3048,La difusión de información es muy importante hoy en día.,Распространение информации очень важно в наше время.
3049,3049,Es una cuestión de tiempo antes de que lleguen.,"Это вопрос времени, прежде чем они придут."
3050,3050,No quiero asustar a los niños con historias de fantasmas.,Я не хочу пугать детей историями о привидениях.
3051,3051,Es típico de ella llegar tarde a las reuniones.,Для неё типично опаздывать на встречи.
3052,3052,"Es un mero accidente, no te preocupes.","Это всего лишь случайность, не переживай."
3053,3053,La nube cubre el sol y hace sombra.,Облако закрывает солнце и создает тень.
3054,3054,Quiero diseñar una casa moderna y funcional.,Я хочу спроектировать современный и функциональный дом.
3055,3055,El estudio biológico se centra en la vida marina.,Биологическое исследование сосредоточено на морской жизни.
3056,3056,La arena de la playa es muy suave y cálida.,Песок на пляже очень мягкий и тёплый.
3057,3057,Fumar en lugares públicos está prohibido aquí.,Курить в общественных местах здесь запрещено.
3058,3058,No quiero gastar tanto dinero en ropa.,Я не хочу тратить так много денег на одежду.
3059,3059,La nueva legislación afecta a muchas empresas.,Новое законодательство затрагивает многие компании.
3060,3060,El apoyo psicológico es esencial en momentos difíciles.,Психологическая поддержка необходима в трудные времена.
3061,3061,Su trabajo es muy destacado en la comunidad.,Его работа очень выдающаяся в сообществе.
3062,3062,El pato nada en el lago todos los días.,Утка плавает в озере каждый день.
3063,3063,La cosecha fue abundante este año.,Урожай в этом году был обильным.
3064,3064,El imperio romano fue muy poderoso.,Римская империя была очень могущественной.
3065,3065,La claridad de sus ideas es impresionante.,Ясность его идей впечатляет.
3066,3066,Decir una mentira nunca es una buena opción.,Говорить ложь никогда не является хорошим выбором.
3067,3067,Voy a anotar la dirección en mi cuaderno.,Я запишу адрес в своем блокноте.
3068,3068,La profundidad del océano es asombrosa.,Глубина океана удивительна.
3069,3069,El uniforme escolar es obligatorio en esta escuela.,Школьная форма обязательна в этой школе.
3070,3070,El defensor del acusado presentó pruebas importantes.,Защитник обвиняемого представил важные доказательства.
3071,3071,El reflejo en el agua era muy bonito.,Отражение в воде было очень красивым.
3072,3072,El rechazo a su propuesta fue inesperado.,Отказ от его предложения был неожиданным.
3073,3073,Voy a remitir tu solicitud al departamento adecuado.,Я отправлю твою заявку в соответствующий отдел.
3074,3074,El piloto aterrizó el avión sin problemas.,Пилот приземлил самолет без проблем.
3075,3075,Necesito autorizar el pago antes de continuar.,"Мне нужно разрешить платеж перед тем, как продолжить."
3076,3076,Voy a entrevistar a varios candidatos mañana.,Я буду интервьюировать нескольких кандидатов завтра.
3077,3077,Es conveniente tener un plan de emergencia.,Удобно иметь план действий на случай чрезвычайной ситуации.
3078,3078,El mantenimiento del edificio es muy importante.,Обслуживание здания очень важно.
3079,3079,Debemos centrar nuestros esfuerzos en el proyecto.,Мы должны сосредоточить наши усилия на проекте.
3080,3080,El estímulo económico ayudó a muchas empresas.,Экономический стимул помог многим компаниям.
3081,3081,El recorrido del tren es muy interesante.,Маршрут поезда очень интересный.
3082,3082,Necesito abrir el archivo que me enviaste.,"Мне нужно открыть файл, который ты мне отправил."
3083,3083,Hubo un incidente en la reunión de ayer.,Вчера на собрании произошел инцидент.
3084,3084,El delegado presentó su informe al grupo.,Делегат представил свой отчет группе.
3085,3085,Decidí quedarme en casa en vez de salir.,"Я решил остаться дома вместо того, чтобы выходить."
3086,3086,La cultura indígena es muy rica y diversa.,Коренная культура очень богата и разнообразна.
3087,3087,No quiero molestar a mis vecinos con ruido.,Я не хочу беспокоить своих соседей шумом.
3088,3088,Es difícil satisfacer todas las expectativas de la gente.,Сложно удовлетворить все ожидания людей.
3089,3089,Él tiene ideas conservadoras sobre la educación.,У него консервативные идеи о образовании.
3090,3090,La hipótesis necesita más pruebas para ser válida.,"Гипотеза требует больше доказательств, чтобы быть действительной."
3091,3091,Siempre aspiro a ser mejor en mi trabajo.,Я всегда стремлюсь быть лучше в своей работе.
3092,3092,La convocatoria para el concurso es este viernes.,Созыв для конкурса в эту пятницу.
3093,3093,El sida es una enfermedad que requiere atención.,"СПИД — это болезнь, требующая внимания."
3094,3094,Ella derramó una lágrima al ver la película.,"Она пролила слезу, когда смотрела фильм."
3095,3095,El salto que dio fue impresionante y sorprendente.,"Прыжок, который он сделал, был впечатляющим и удивительным."
3096,3096,Es digno de respeto por su trabajo duro.,Он достоин уважения за свою тяжелую работу.
3097,3097,Voy a examinar los documentos antes de firmar.,Я собираюсь исследовать документы перед подписанием.
3098,3098,El árbol comienza a desprender sus hojas en otoño.,Дерево начинает отделять свои листья осенью.
3099,3099,El trato entre las dos empresas fue beneficioso.,Сделка между двумя компаниями была выгодной.
3100,3100,Puedo reproducir la canción en mi computadora.,Я могу воспроизвести песню на своем компьютере.
3101,3101,Es importante penetrar en la mente de los lectores.,Важно проникать в умы читателей.
3102,3102,Es un restaurante íntimo y tranquilo.,Это камерный и тихий ресторан.
3103,3103,Voy a extraer la información necesaria del documento.,Я собираюсь извлечь необходимую информацию из документа.
3104,3104,La renta mensual de este apartamento es muy alta.,Ежемесячная рента за эту квартиру очень высокая.
3105,3105,El valle es hermoso en primavera con flores.,Долина прекрасна весной с цветами.
3106,3106,La roca en la playa es muy grande y pesada.,Скала на пляже очень большая и тяжёлая.
3107,3107,El informe muestra una baja en las ventas este mes.,Отчёт показывает снижение продаж в этом месяце.
3108,3108,La evidencia presentada fue convincente para el jurado.,Представленные доказательства были убедительными для присяжных.
3109,3109,El gabinete se reunirá para discutir nuevas políticas.,"Кабинет министров соберётся, чтобы обсудить новые политики."
3110,3110,Ella es la amante de un famoso escritor.,Она любовница известного писателя.
3111,3111,El reino medieval tenía muchas tradiciones interesantes.,Средневековое королевство имело много интересных традиций.
3112,3112,La arquitectura de esta ciudad es impresionante y variada.,Архитектура этого города впечатляющая и разнообразная.
3113,3113,El ácido en la fruta le da un sabor refrescante.,Кислота в фрукте придаёт освежающий вкус.
3114,3114,La variación del clima afecta a la agricultura.,Изменение климата влияет на сельское хозяйство.
3115,3115,La colonia que uso tiene un aroma muy fresco.,"Одеколон, который я использую, имеет очень свежий аромат."
3116,3116,Su estilo de vida es bastante provincial y tranquilo.,Его стиль жизни довольно провинциальный и спокойный.
3117,3117,Necesito un hilo más fuerte para coser.,Мне нужна нить покрепче для шитья.
3118,3118,Los Juegos Olímpicos son un evento muy esperado cada cuatro años.,"Олимпийские игры — это событие, которое ожидают каждые четыре года."
3119,3119,La mejora en su rendimiento fue notable este año.,Улучшение в его производительности было заметным в этом году.
3120,3120,Hoy es el once de noviembre y hay una fiesta.,"Сегодня одиннадцатое ноября, и есть праздник."
3121,3121,La dama en el vestido rojo es hermosa.,Дама в красном платье красивая.
3122,3122,Debemos cesar la discusión por un momento.,Мы должны прекратить обсуждение на минуту.
3123,3123,El misterio de la desaparición sigue sin resolverse.,Тайна исчезновения по-прежнему не решена.
3124,3124,Recibí un paquete sorpresa en mi casa.,Я получил неожиданный пакет у себя дома.
3125,3125,El amor verdadero es eterno y sincero.,Истинная любовь вечна и искрення.
3126,3126,El senado aprobó la nueva ley ayer.,Сенат одобрил новый закон вчера.
3127,3127,No quiero engañar a mis amigos nunca.,Я никогда не хочу обманывать своих друзей.
3128,3128,La circulación de vehículos es muy densa hoy.,Движение автомобилей сегодня очень плотное.
3129,3129,Este medicamento es muy efectivo para el dolor.,Это лекарство очень эффективно против боли.
3130,3130,Tengo expectativas altas para este proyecto.,У меня высокие ожидания от этого проекта.
3131,3131,El trastorno del sueño afecta a muchas personas.,Расстройство сна затрагивает многих людей.
3132,3132,Compré un libro electrónico para leer en vacaciones.,"Я купил электронную книгу, чтобы читать на каникулах."
3133,3133,La atmósfera en la fiesta era muy alegre.,Атмосфера на вечеринке была очень веселой.
3134,3134,Voy a cocer las verduras para la cena.,Я собираюсь сварить овощи на ужин.
3135,3135,Mi colega me ayudó con el informe.,Мой коллега помог мне с отчетом.
3136,3136,La alimentación saludable es importante para todos.,Здоровое питание важно для всех.
3137,3137,El apartado de correos está cerca de mi casa.,Почтовый ящик находится недалеко от моего дома.
3138,3138,El caballero le abrió la puerta a la dama.,Кавалер открыл дверь даме.
3139,3139,El gato negro duerme en la ventana.,Черный кот спит на окне.
3140,3140,El pájaro canta en la mañana.,Птица поет утром.
3141,3141,El magistrado tomó una decisión justa.,Магистрат вынес справедливое решение.
3142,3142,Este libro es un ejemplar muy interesante.,Эта книга является очень интересным экземпляром.
3143,3143,El comando militar llegó a tiempo para ayudar.,"Военный отряд прибыл вовремя, чтобы помочь."
3144,3144,Voy a agarrar la bolsa de la compra.,Я собираюсь схватить сумку с покупками.
3145,3145,El informe tiene datos exactos sobre las ventas.,Отчет содержит точные данные о продажах.
3146,3146,El camión transporta mercancías pesadas.,Грузовик перевозит тяжелые товары.
3147,3147,El emperador decidió visitar su reino.,Император решил посетить своё королевство.
3148,3148,El intercambio de ideas es muy importante.,Обмен идеями очень важен.
3149,3149,La celebración del aniversario fue muy divertida.,Празднование годовщины было очень веселым.
3150,3150,Ella siempre trabaja con mucho entusiasmo.,Она всегда работает с большим энтузиазмом.
3151,3151,Miguel es un gran amigo de la familia.,Мигель — хороший друг семьи.
3152,3152,El prestigio de la universidad es muy alto.,Престиж университета очень высок.
3153,3153,La ampliación del edificio comenzará en junio.,Расширение здания начнется в июне.
3154,3154,Vender productos ilegales es un delito.,Продажа незаконных товаров является преступлением.
3155,3155,El cumplimiento de las normas es esencial.,Соблюдение норм является необходимым.
3156,3156,Empiezo a sospechar que algo no está bien.,"Я начинаю подозревать, что что-то не так."
3157,3157,El evento fue un éxito masivo con miles de asistentes.,Мероприятие стало массовым успехом с тысячами участников.
3158,3158,El arte peruano es muy diverso y colorido.,Перуанское искусство очень разнообразно и красочно.
3159,3159,Queremos consolidar nuestra posición en el mercado.,Мы хотим укрепить свои позиции на рынке.
3160,3160,Es difícil sobrevivir en condiciones extremas.,Трудно выжить в экстремальных условиях.
3161,3161,El juzgado decidió el caso a favor del demandante.,Суд решил дело в пользу истца.
3162,3162,Es importante combinar diferentes colores en la decoración.,Важно сочетать разные цвета в декоре.
3163,3163,Encontré una moneda en el bolsillo de mi abrigo.,Я нашёл монету в кармане своего пальто.
3164,3164,Necesitamos conectar la computadora a la red.,Нам нужно соединить компьютер с сетью.
3165,3165,No se puede generalizar sobre todos los casos sin datos.,Нельзя обобщать все случаи без данных.
3166,3166,"A veces, me siento solitario en una multitud.",Иногда я чувствую себя одиноким среди толпы.
3167,3167,La aprobación del proyecto llegó más tarde de lo esperado.,"Одобрение проекта пришло позже, чем ожидалось."
3168,3168,Vamos a renovar el contrato el próximo mes.,Мы собираемся обновить контракт в следующем месяце.
3169,3169,Es importante saber cómo reaccionar ante situaciones difíciles.,"Важно знать, как реагировать на трудные ситуации."
3170,3170,"Me gusta el arte, particularmente la pintura moderna.","Мне нравится искусство, в особенности современная живопись."
3171,3171,La ideología del partido se basa en la igualdad.,Идеология партии основана на равенстве.
3172,3172,El equipo logró derrotar a su rival en la final.,Команда смогла нанести поражение своему сопернику в финале.
3173,3173,Es mejor evitar el exceso de grasa en la dieta.,Лучше избегать избытка жира в рационе.
3174,3174,El color azul es considerado masculino en muchas culturas.,Синий цвет считается мужским во многих культурах.
3175,3175,Decidieron exhibir sus obras en la galería local.,Они решили выставить свои работы в местной галерее.
3176,3176,El concejal propuso nuevas leyes para mejorar la ciudad.,Муниципальный советник предложил новые законы для улучшения города.
3177,3177,Anoche vimos una película muy interesante.,Вчера вечером мы посмотрели очень интересный фильм.
3178,3178,"Anteriormente, había trabajado en una empresa similar.",Ранее я работал в аналогичной компании.
3179,3179,La china es un país con una rica historia.,Китай — это страна с богатой историей.
3180,3180,El teniente lideró su escuadrón con valentía.,Лейтенант смело возглавил свой отряд.
3181,3181,El humo del fuego cubrió el cielo.,Дым от огня закрыл небо.
3182,3182,Este vaso es muy delicado y se puede romper fácilmente.,Этот стакан очень деликатный и его легко разбить.
3183,3183,El reglamento de la competencia es muy estricto.,Регламент соревнования очень строгий.
3184,3184,Su cambio de actitud fue dramático y sorprendió a todos.,Его изменение отношения было драматическим и удивило всех.
3185,3185,"Aparte de estudiar, también trabajo los fines de semana.","Помимо учёбы, я также работаю по выходным."
3186,3186,La infección se propagó rápidamente entre los pacientes.,Инфекция быстро распространилась среди пациентов.
3187,3187,La decisión del jurado generó mucha polémica en la comunidad.,Решение жюри вызвало много споров в сообществе.
3188,3188,La virgen es un símbolo importante en muchas culturas.,Дева является важным символом во многих культурах.
3189,3189,El dolor de muelas es muy agudo y constante.,Зубная боль очень острая и постоянная.
3190,3190,El café venezolano es conocido por su calidad excepcional.,Венесуэльский кофе известен своим исключительным качеством.
3191,3191,La ley vigente protege los derechos de los trabajadores.,Действующий закон защищает права работников.
3192,3192,El cura de la iglesia organiza actividades para los jóvenes.,Священник церкви организует мероприятия для молодежи.
3193,3193,La guerrilla luchó por la libertad en la región montañosa.,Партизанская война боролась за свободу в горной местности.
3194,3194,En el rincón de la habitación hay una planta hermosa.,В углу комнаты стоит красивое растение.
3195,3195,"A medida que pasa el tiempo, todo se vuelve más claro.","По мере того как проходит время, всё становится более ясным."
3196,3196,La lima se utiliza para suavizar las superficies ásperas.,Напильник используется для сглаживания шероховатых поверхностей.
3197,3197,La feria del libro se celebra cada año en la ciudad.,Ярмарка книг проходит каждый год в городе.
3198,3198,El desarrollo agrario es fundamental para la economía del país.,Аграрное развитие имеет основополагающее значение для экономики страны.
3199,3199,El manifiesto del grupo fue publicado en las redes sociales.,Манифест группы был опубликован в социальных сетях.
3200,3200,Voy a reiterar mi solicitud para que la consideren.,"Я собираюсь повторить свою просьбу, чтобы её рассмотрели."
3201,3201,El lugar tiene un significado sagrado para la comunidad.,Это место имеет священное значение для сообщества.
3202,3202,Este queso proviene de España.,Этот сыр родом из Испании.
3203,3203,Es imprescindible estudiar para aprobar el examen.,"Необходимо учиться, чтобы сдать экзамен."
3204,3204,Decidí proseguir con mis estudios en el extranjero.,Я решил продолжить учёбу за границей.
3205,3205,Debemos consultar el informe previamente a la reunión.,Мы должны ознакомиться с отчетом предварительно перед встречей.
3206,3206,La confusión en la clase fue evidente durante la explicación.,Путаница в классе была очевидна во время объяснения.
3207,3207,La banca digital está creciendo rápidamente en el país.,Цифровой банковский сектор быстро растет в стране.
3208,3208,El cantante ofreció un concierto inolvidable anoche.,Певец дал незабываемый концерт прошлой ночью.
3209,3209,Su candidatura fue apoyada por muchos ciudadanos.,Его кандидатура была поддержана многими гражданами.
3210,3210,Voy a depositar el cheque en el banco hoy.,Я собираюсь внести чек в банк сегодня.
3211,3211,La editorial publicó un libro muy interesante este mes.,Издательство выпустило очень интересную книгу в этом месяце.
3212,3212,Israel es conocido por su rica historia y cultura.,Израиль известен своей богатой историей и культурой.
3213,3213,Encontrar un trabajo ideal puede llevar tiempo.,Найти идеальную работу может занять время.
3214,3214,Escribí un verso sobre la belleza de la naturaleza.,Я написал стих о красоте природы.
3215,3215,El consumo de tabaco es perjudicial para la salud.,Употребление табака вредно для здоровья.
3216,3216,Pedí vacación en agosto.,Я взял отпуск в августе.
3217,3217,La infraestructura del país necesita muchas mejoras.,Инфраструктура страны нуждается в многочисленных улучшениях.
3218,3218,Vive en el lado opuesto de la calle.,Он живёт на противоположной стороне улицы.
3219,3219,Voy a regalarle un libro a mi amigo por su cumpleaños.,Я собираюсь подарить другу книгу на день рождения.
3220,3220,La escuela decidió expulsar al estudiante por su comportamiento.,Школа решила изгнать ученика за его поведение.
3221,3221,El pueblo está aislado del resto del país.,Этот город изолирован от остальной страны.
3222,3222,El problema es más complicado de lo que parecía.,"Проблема сложнее, чем казалось."
3223,3223,Es importante circular la información entre todos los empleados.,Важно распространять информацию среди всех сотрудников.
3224,3224,El programa juvenil promueve actividades culturales.,Юношеская программа продвигает культурные мероприятия.
3225,3225,El escrito debe ser claro y conciso.,Документ должен быть ясным и лаконичным.
3226,3226,El aprendizaje de un nuevo idioma requiere tiempo.,Изучение нового языка требует времени.
3227,3227,El visitante llegó temprano al museo.,Посетитель пришёл рано в музей.
3228,3228,El horizonte se ve hermoso al atardecer.,Горизонт выглядит прекрасно на закате.
3229,3229,La expansión de la empresa fue rápida el año pasado.,Экспансия компании была быстрой в прошлом году.
3230,3230,Hoy voy a estrenar un vestido nuevo.,Сегодня я впервые надену новое платье.
3231,3231,Vivo en un distrito tranquilo de la ciudad.,Я живу в спокойном районе города.
3232,3232,La dignidad humana debe ser respetada siempre.,Человеческое достоинство должно всегда уважаться.
3233,3233,El enfoque académico de la investigación es fundamental.,Академический подход к исследованию имеет решающее значение.
3234,3234,Es difícil aguantar el frío en invierno.,Трудно терпеть холод зимой.
3235,3235,El corredor de la escuela es muy largo.,Коридор в школе очень длинный.
3236,3236,El estudio genético puede ayudar a entender enfermedades.,Генетическое исследование может помочь понять болезни.
3237,3237,La sensibilidad al tacto varía entre las personas.,Чувствительность к прикосновениям варьируется между людьми.
3238,3238,Decidí prolongar mis vacaciones una semana más.,Я решил продлить свой отпуск на ещё одну неделю.
3239,3239,El paisaje desde la montaña es magnífico.,Пейзаж с горы великолепен.
3240,3240,El coche está muy sucio después del viaje.,Машина очень грязная после поездки.
3241,3241,La cultura oriental es muy rica y diversa.,Восточная культура очень богата и разнообразна.
3242,3242,El camión transporta cinco toneladas de frutas.,Грузовик перевозит пять тонн фруктов.
3243,3243,"Por cierto, ¿has visto mi libro en la mesa?","Кстати, ты видел мою книгу на столе?"
3244,3244,El entrenador del equipo es muy estricto pero justo.,"Тренер команды очень строгий, но справедливый."
3245,3245,Voy a acostar a los niños pronto.,Я собираюсь уложить детей спать скоро.
3246,3246,Bolivia tiene paisajes impresionantes y variados.,В Боливии потрясающие и разнообразные пейзажи.
3247,3247,Hice una promesa de no mentir nunca más.,Я дал обещание больше никогда не лгать.
3248,3248,La torre de la iglesia es muy alta y antigua.,Башня церкви очень высокая и старая.
3249,3249,El profesor aludió a un libro famoso en su clase.,Профессор намекнул на известную книгу на своем уроке.
3250,3250,"Siempre te quejas de todo, ¿por qué?","Ты всегда жалуешься на всё, почему?"
3251,3251,"Efectivamente, el proyecto fue un gran éxito.","Действительно, проект оказался большим успехом."
3252,3252,La programación de la conferencia está lista y publicada.,Программа конференции готова и опубликована.
3253,3253,Puedes aprender español fácilmente si practicas.,"Ты можешь легко выучить испанский, если будешь практиковаться."
3254,3254,La felicidad se encuentra en las pequeñas cosas de la vida.,Счастье находится в мелочах жизни.
3255,3255,Hice un depósito en mi cuenta bancaria ayer.,Я сделал вклад на свой банковский счет вчера.
3256,3256,Es importante estimular la creatividad en los niños.,Важно стимулировать креативность у детей.
3257,3257,El globo estalló de repente y asustó a todos.,Шарик внезапно взорвался и напугал всех.
3258,3258,Las leyes deben regir para todos por igual.,Законы должны действовать для всех одинаково.
3259,3259,Un buen amigo es siempre fiel y leal.,Хороший друг всегда верен и предан.
3260,3260,La limitación de recursos afecta el proyecto.,Ограничение ресурсов влияет на проект.
3261,3261,La historia del esclavo es muy conmovedora.,История раба очень трогательная.
3262,3262,Los niños juegan afuera en el parque.,Дети играют снаружи в парке.
3263,3263,El terrorismo afecta a muchas sociedades hoy en día.,Терроризм затрагивает многие общества сегодня.
3264,3264,Es importante corregir los errores en el examen.,Важно исправлять ошибки в экзамене.
3265,3265,La Habana es una ciudad llena de historia.,"Гавана — это город, полный истории."
3266,3266,La primavera trae flores y buen clima.,Весна приносит цветы и хорошую погоду.
3267,3267,El panorama desde la montaña es impresionante.,Панорама с горы впечатляющая.
3268,3268,Su nivel de español es muy avanzado.,Его уровень испанского очень продвинутый.
3269,3269,La oscuridad de la noche puede ser aterradora.,Темнота ночи может быть пугающей.
3270,3270,La detención del sospechoso fue rápida y efectiva.,Задержание подозреваемого прошло быстро и эффективно.
3271,3271,Encontré un obstáculo en mi camino hacia el éxito.,Я встретил препятствие на своем пути к успеху.
3272,3272,El libro tiene un grueso papel de buena calidad.,Книга имеет толстую бумагу хорошего качества.
3273,3273,La embajada ofrece servicios a los ciudadanos.,Посольство предоставляет услуги гражданам.
3274,3274,La percepción de la realidad puede variar entre las personas.,Восприятие реальности может различаться у людей.
3275,3275,La importación de productos extranjeros ha aumentado.,Импорт иностранных товаров увеличился.
3276,3276,La esencia de la vida es disfrutar cada momento.,Суть жизни — наслаждаться каждым моментом.
3277,3277,Hay una larga cola para comprar entradas.,"Есть длинная очередь, чтобы купить билеты."
3278,3278,El trato diplomático es esencial en las relaciones internacionales.,Дипломатическое обращение имеет важное значение в международных отношениях.
3279,3279,Este plato tiene un sabor muy intenso y delicioso.,Это блюдо имеет очень насыщенный и вкусный вкус.
3280,3280,El desayuno debe ser energético para comenzar bien el día.,"Завтрак должен быть энергетическим, чтобы хорошо начать день."
3281,3281,Lamento no haber ido a la fiesta ayer.,"Я сожалею, что не пошел на вечеринку вчера."
3282,3282,El secuestro de la niña fue un gran escándalo.,Похищение девочки стало большим скандалом.
3283,3283,La apariencia de la casa es muy acogedora.,Внешний вид дома очень уютный.
3284,3284,Su discurso tenía un tono nacionalista y apasionado.,Его речь имела националистический и страстный тон.
3285,3285,Compré un zapato nuevo para la boda.,Я купил новую туфлю для свадьбы.
3286,3286,El expediente del caso está en la oficina del abogado.,Дело по этому делу находится в офисе адвоката.
3287,3287,El señorito siempre llega tarde a las reuniones.,Молодой господин всегда опаздывает на встречи.
3288,3288,El gato doméstico es muy cariñoso con su dueño.,Домашний кот очень ласковый со своим хозяином.
3289,3289,Ella acaricia a su perro antes de dormir.,Она ласкает свою собаку перед сном.
3290,3290,Su opinión es muy parcial y no objetiva.,Его мнение очень пристрастное и не объективное.
3291,3291,La exploración espacial es un tema fascinante.,Исследование космоса — это увлекательная тема.
3292,3292,La gloria del triunfo fue efímera y rápida.,Слава триумфа была мимолетной и быстрой.
3293,3293,Tengo que esperar mi turno para hablar con el médico.,"Мне нужно подождать свою очередь, чтобы поговорить с врачом."
3294,3294,Cuarenta personas asistieron a la conferencia.,Сорок человек присутствовали на конференции.
3295,3295,El tesoro estaba oculto bajo la tierra.,Сокровище было скрыто под землей.
3296,3296,El diablo es un personaje recurrente en las historias.,Дьявол — это повторяющийся персонаж в историях.
3297,3297,No debes excluir a nadie de tus decisiones.,Ты не должен исключать никого из своих решений.
3298,3298,Hay una contradicción en su declaración sobre el asunto.,В его заявлении о деле есть противоречие.
3299,3299,El amo de la casa siempre es muy amable.,Хозяин дома всегда очень добрый.
3300,3300,El mandato del presidente termina el próximo año.,Мандат президента заканчивается в следующем году.
3301,3301,La proyección del crecimiento económico es positiva.,Прогноз экономического роста положительный.
3302,3302,El clima en la selva es muy húmedo y caluroso.,Климат в джунглях очень влажный и жаркий.
3303,3303,El circuito de carreras es muy emocionante y rápido.,Гонка на трассе очень захватывающая и быстрая.
3304,3304,El conductor del autobús llegó tarde a la parada.,Водитель автобуса опоздал на остановку.
3305,3305,El corresponsal informó sobre la situación en el país.,Корреспондент сообщил о ситуации в стране.
3306,3306,El incendio en el bosque fue controlado rápidamente.,Пожар в лесу был быстро потушен.
3307,3307,La posesión de la propiedad fue disputada en la corte.,Владение собственностью оспаривалось в суде.
3308,3308,Su antecedente criminal complicó el caso.,Его судимость усложнила дело.
3309,3309,Panamá es famosa por su canal y su biodiversidad.,Панама известна своим каналом и биоразнообразием.
3310,3310,El ejercicio puede agotar tu energía rápidamente.,Упражнение может быстро исчерпать твою энергию.
3311,3311,El espectáculo de fuegos artificiales fue espectacular anoche.,Фейерверк был эффектным прошлой ночью.
3312,3312,La gravedad de la situación requiere atención inmediata.,Серьезность ситуации требует немедленного внимания.
3313,3313,La modalidad del curso se adapta a las necesidades de los estudiantes.,Форма курса адаптируется к потребностям студентов.
3314,3314,Los eventos sucesivos llevaron a un cambio importante.,Последовательные события привели к важным изменениям.
3315,3315,El menú del restaurante es muy variado y delicioso.,Меню ресторана очень разнообразное и вкусное.
3316,3316,Me gusta admirar las obras de arte en el museo.,Мне нравится восхищаться произведениями искусства в музее.
3317,3317,Ecuador es un país rico en cultura y naturaleza.,"Эквадор — это страна, богатая культурой и природой."
3318,3318,La empresa decidió financiar el nuevo proyecto innovador.,Компания решила финансировать новый инновационный проект.
3319,3319,El partido republicano ganó las elecciones este año.,Республиканская партия выиграла выборы в этом году.
3320,3320,Voy a tapar la ventana para evitar el frío.,"Я закрою окно, чтобы избежать холода."
3321,3321,El arco iris apareció después de la lluvia.,Дуга радуги появилась после дождя.
3322,3322,No debemos permitir que nadie invada nuestro espacio personal.,Мы не должны позволять никому вторгаться в наше личное пространство.
3323,3323,Su diseño es muy estético y moderno.,Его дизайн очень эстетичен и современен.
3324,3324,Ella jura que dirá la verdad.,"Она клянется, что скажет правду."
3325,3325,El sacrificio de los héroes nunca será olvidado.,Жертва героев никогда не будет забыта.
3326,3326,La financiación del proyecto fue aprobada por el gobierno.,Финансирование проекта было одобрено правительством.
3327,3327,La nave espacial aterrizó exitosamente en la luna.,Корабль приземлился успешно на луне.
3328,3328,Ella se siente incapaz de resolver este problema.,Она чувствует себя неспособной решить эту проблему.
3329,3329,La onda del mar llegó hasta la orilla.,Волна моря дошла до берега.
3330,3330,Cada raza tiene su propia cultura y tradiciones.,Каждая раса имеет свою собственную культуру и традиции.
3331,3331,Decidieron enterrar a su perro en el jardín.,Они решили похоронить свою собаку в саду.
3332,3332,Este virus se propaga rápidamente entre las personas.,Этот вирус быстро распространяется среди людей.
3333,3333,Su aportación al proyecto fue muy valiosa.,Его вклад в проект был очень ценным.
3334,3334,La curiosidad de los niños es asombrosa.,Любопытство детей удивительно.
3335,3335,Busco un coche de tamaño mediano para mi familia.,Я ищу средний автомобиль для своей семьи.
3336,3336,El precio del producto ha sido reducido considerablemente.,Цена продукта была значительно сокращена.
3337,3337,Es importante involucrar a todos en la decisión.,Важно вовлечь всех в принятие решения.
3338,3338,La tarifa del autobús ha aumentado este año.,Тариф на автобус увеличился в этом году.
3339,3339,El arte romano tiene una gran influencia en la historia.,Римское искусство оказало большое влияние на историю.
3340,3340,Es difícil captar la atención de los adolescentes.,Трудно привлечь внимание подростков.
3341,3341,El comisario investigó el caso con gran dedicación.,Комиссар тщательно расследовал дело.
3342,3342,La música tiene un impacto espiritual en muchas personas.,Музыка оказывает духовное влияние на многих людей.
3343,3343,Las historias de su vida pueden inspirar a otros.,Истории его жизни могут вдохновлять других.
3344,3344,El arte andaluz es conocido por su belleza y colorido.,Андалусское искусство известно своей красотой и яркостью.
3345,3345,Es un hombre cuerdo que siempre toma decisiones sensatas.,"Он здравый человек, который всегда принимает разумные решения."
3346,3346,Cada persona tiene algún defecto que la hace única.,"У каждого человека есть какой-то недостаток, который делает его уникальным."
3347,3347,La comparación entre los dos productos es interesante.,Сравнение между двумя продуктами интересно.
3348,3348,El viajero compartió sus historias de aventura con todos.,Путешественник поделился своими историями приключений со всеми.
3349,3349,Fumar un cigarrillo en la terraza es relajante.,Курить сигарету на террасе приятно.
3350,3350,La cuota mensual del gimnasio es bastante asequible.,Ежемесячный взнос в спортзал довольно доступен.
3351,3351,Decidí residir en Madrid por un año.,Я решил проживать в Мадриде в течение года.
3352,3352,Hubo una disminución en la cantidad de turistas este año.,В этом году наблюдается уменьшение числа туристов.
3353,3353,El conflicto territorial ha afectado a muchas comunidades.,Территориальный конфликт затронул многие сообщества.
3354,3354,La combinación de sabores en este plato es sorprendente.,Сочетание вкусов в этом блюде удивительное.
3355,3355,Los fondos restantes se destinarán a obras benéficas.,Остальные средства будут направлены на благотворительные цели.
3356,3356,No olvides llevar la llave de la casa contigo.,Не забудь взять с собой ключ от дома.
3357,3357,La síntesis de la información es crucial para entender el tema.,Синтез информации имеет решающее значение для понимания темы.
3358,3358,"Cada vez que llueve, me gusta quedarme en casa.","Каждый раз, когда идет дождь, мне нравится оставаться дома."
3359,3359,El río es muy ancho en esta parte de la ciudad.,Река очень широкая в этой части города.
3360,3360,El mérito de su trabajo fue reconocido por todos.,Заслуга его работы была признана всеми.
3361,3361,La introducción del libro es muy interesante.,Введение книги очень интересно.
3362,3362,El gen responsable de la enfermedad fue identificado.,"Ген, ответственный за болезнь, был идентифицирован."
3363,3363,La desaparición de la especie preocupa a los científicos.,Исчезновение вида беспокоит ученых.
3364,3364,Es fácil multiplicar números con una calculadora.,Легко умножать числа с помощью калькулятора.
3365,3365,Necesitamos harina para hacer el pan.,"Нам нужна мука, чтобы испечь хлеб."
3366,3366,El castigo fue severo por su comportamiento.,Наказание было строгим за его поведение.
3367,3367,La reina llevaba una corona brillante.,Королева носила блестящую корону.
3368,3368,Debemos concretar los detalles de la reunión.,Мы должны конкретизировать детали встречи.
3369,3369,El milagro ocurrió en el momento más inesperado.,Чудо произошло в самый неожиданный момент.
3370,3370,La corporación está expandiendo sus negocios en el extranjero.,Корпорация расширяет свой бизнес за границей.
3371,3371,La destrucción del bosque afecta a la fauna local.,Разрушение леса влияет на местную фауну.
3372,3372,Bogotá es la capital de Colombia.,Богота — столица Колумбии.
3373,3373,La continuidad del proyecto es esencial para su éxito.,Непрерывность проекта важна для его успеха.
3374,3374,Es necesario solucionar este problema rápidamente.,Необходимо решить эту проблему быстро.
3375,3375,Ellos van a competir en el torneo de fútbol.,Они будут соревноваться на футбольном турнире.
3376,3376,El entrenamiento comenzó a las siete de la mañana.,Тренировка началась в семь утра.
3377,3377,La desgracia llegó cuando menos lo esperábamos.,"Несчастье пришло, когда мы этого меньше всего ожидали."
3378,3378,Decidieron proclamar la independencia del país.,Они решили провозгласить независимость страны.
3379,3379,Martín es un gran amigo de la infancia.,Мартин — мой хороший друг с детства.
3380,3380,La revisión del documento fue muy detallada.,Проверка документа была очень детальной.
3381,3381,La cualidad de este producto es excelente.,Качество этого продукта отличное.
3382,3382,Me gusta caminar por la orilla del río.,Мне нравится гулять по берегу реки.
3383,3383,No debes forzar a los niños a estudiar más.,Не стоит заставлять детей учиться больше.
3384,3384,La vigilancia en el museo es muy estricta.,Надзор в музее очень строгий.
3385,3385,Este club es exclusivo para miembros.,Этот клуб исключителен для членов.
3386,3386,La película es una hermosa fantasía sobre el amor.,Фильм — это прекрасная фантазия о любви.
3387,3387,Es importante afrontar los problemas con valentía.,Важно противостоять проблемам с мужеством.
3388,3388,Voy a armar el mueble este fin de semana.,Я собираюсь собрать мебель в эти выходные.
3389,3389,La comprensión mutua es clave en una relación.,Взаимопонимание — это ключ к отношениям.
3390,3390,Voy a pesar los ingredientes antes de cocinar.,Я собираюсь взвесить ингредиенты перед готовкой.
3391,3391,El anuncio publicitario fue muy creativo.,Рекламный ролик был очень креативным.
3392,3392,Es necesario vigilar a los niños en el parque.,Необходимо следить за детьми в парке.
3393,3393,Decidieron asignar más recursos al proyecto.,Они решили выделить больше ресурсов проекту.
3394,3394,El curso abarca varios temas importantes.,Курс охватывает несколько важных тем.
3395,3395,La multitud aplaudió al final del concierto.,Толпа аплодировала в конце концерта.
3396,3396,A veces extraño a mis amigos de la infancia.,Иногда я скучаю по своим друзьям из детства.
3397,3397,El lugar tiene un ambiente mágico por la noche.,Место имеет магическую атмосферу ночью.
3398,3398,Jesús es una figura importante en la historia.,Иисус — важная фигура в истории.
3399,3399,Posiblemente iremos de vacaciones en julio.,"Возможно, мы поедем в отпуск в июле."
3400,3400,El plan es estratégico para el crecimiento de la empresa.,План стратегический для роста компании.
3401,3401,El adolescente está aprendiendo a ser independiente.,Подросток учится быть независимым.
3402,3402,El compositor escribió una hermosa sinfonía para la orquesta.,Композитор написал красивую симфонию для оркестра.
3403,3403,La puesta de sol en la playa es impresionante.,Закат на пляже впечатляющий.
3404,3404,Es difícil retener toda la información de la clase.,Трудно удерживать всю информацию с урока.
3405,3405,Nos encontramos a mediodía en el restaurante.,Мы встретились в полдень в ресторане.
3406,3406,"El trabajo puede cansar, pero es gratificante.","Работа может утомлять, но она приносит удовлетворение."
3407,3407,El evento se llevará a cabo el próximo fin de semana.,Событие пройдет в следующие выходные.
3408,3408,La precisión en los detalles es muy importante en este trabajo.,Точность в деталях очень важна в этой работе.
3409,3409,Puerto Rico es conocido por sus hermosas playas.,Пуэрто-Рико известен своими красивыми пляжами.
3410,3410,La semilla necesita agua y sol para crecer.,"Семя нуждается в воде и солнце, чтобы расти."
3411,3411,El pasajero olvidó su maleta en el tren.,Пассажир забыл свой чемодан в поезде.
3412,3412,"Una vez que llegues, te llamaré.","Как только ты приедешь, я позвоню тебе."
3413,3413,La huella en la arena era de un perro.,След на песке был от собаки.
3414,3414,Es importante condicionar el ambiente para el aprendizaje.,Важно обусловливать среду для обучения.
3415,3415,El libro que buscas no está disponible en la biblioteca.,"Книга, которую ты ищешь, недоступна в библиотеке."
3416,3416,El agua es indispensable para la vida.,Вода незаменима для жизни.
3417,3417,La placa del coche estaba dañada después del accidente.,Номерной знак машины был поврежден после аварии.
3418,3418,El monte es un lugar perfecto para hacer senderismo.,Гора — идеальное место для пеших прогулок.
3419,3419,Tenía un centenar de libros en su colección.,У него было сотня книг в коллекции.
3420,3420,"En caso de emergencia, llama al 911.",В случае чрезвычайной ситуации позвони по номеру 911.
3421,3421,Es importante atar bien los cabos de la tienda.,Важно хорошо связать веревки палатки.
3422,3422,El argumento que presentó fue completamente absurdo.,Представленный им аргумент был совершенно абсурдным.
3423,3423,El lujo no siempre trae felicidad a las personas.,Роскошь не всегда приносит счастье людям.
3424,3424,Mi asesor me ayudó a tomar una buena decisión.,Мой советник помог мне принять хорошее решение.
3425,3425,Voy a reservar una mesa para dos en el restaurante.,Я собираюсь зарезервировать столик на двоих в ресторане.
3426,3426,El gallo canta cada mañana al amanecer.,Петух поет каждое утро на рассвете.
3427,3427,El mapa lleva al tesoro escondido en la isla.,"Карта ведет к сокровищу, спрятанному на острове."
3428,3428,Necesito imprimir este documento antes de la reunión.,Мне нужно распечатать этот документ перед встречей.
3429,3429,Mi ordenador se ha vuelto muy lento últimamente.,Мой компьютер стал очень медленным в последнее время.
3430,3430,"Normalmente, llego a casa a las seis de la tarde.",Обычно я прихожу домой в шесть вечера.
3431,3431,La doctrina de la empresa se basa en la ética.,Доктрина компании основана на этике.
3432,3432,El cambio climático es un problema inevitable hoy en día.,Изменение климата — это неизбежная проблема сегодня.
3433,3433,Me duele la cabeza.,У меня болит голова.
3434,3434,Usé cinta adhesiva para arreglar el papel.,"Я использовал скотч, чтобы починить бумагу."
3435,3435,"Este líquido es muy tóxico, ten cuidado.","Эта жидкость очень токсична, будь осторожен."
3436,3436,Me gusta oler las flores en primavera.,Мне нравится нюхать цветы весной.
3437,3437,La tragedia de la guerra afecta a muchas familias.,Трагедия войны затрагивает многие семьи.
3438,3438,Su estilo de vida es muy moderado y saludable.,Его образ жизни очень умеренный и здоровый.
3439,3439,No quiero fallar en este proyecto importante.,Я не хочу потерпеть неудачу в этом важном проекте.
3440,3440,Es difícil anticipar los cambios en el mercado.,Трудно предвосхитить изменения на рынке.
3441,3441,El problema es visible desde lejos.,Проблема видима издалека.
3442,3442,La conexión a Internet es muy lenta hoy.,Соединение с интернетом сегодня очень медленное.
3443,3443,Mi colaborador siempre tiene buenas ideas.,Мой сотрудник всегда имеет хорошие идеи.
3444,3444,Es importante ligar los conceptos para entender mejor.,Важно связывать концепции для лучшего понимания.
3445,3445,El cartero llega cada mañana a las diez.,Почтальон приходит каждое утро в десять.
3446,3446,Su convicción en el proyecto es inspiradora.,Его убеждение в проекте вдохновляет.
3447,3447,La conservación del medio ambiente es esencial.,Сохранение окружающей среды имеет важное значение.
3448,3448,Su estilo es singular y muy atractivo.,Его стиль единственный и очень привлекательный.
3449,3449,Siento una inquietud por el futuro incierto.,Я чувствую беспокойство из-за неопределенного будущего.
3450,3450,Es relativamente fácil aprender un nuevo idioma.,Относительно легко учить новый язык.
3451,3451,No es correcto castigar a los niños sin razón.,Неправильно наказывать детей без причины.
3452,3452,"Dado que llueve, cancelamos el picnic.","Поскольку идет дождь, мы отменили пикник."
3453,3453,La identificación es necesaria para entrar al edificio.,Идентификация необходима для входа в здание.
3454,3454,El cabello de ella brilla bajo el sol.,Ее волосы блестят на солнце.
3455,3455,Quiero conquistar el mundo con mis ideas.,Я хочу завоевать мир своими идеями.
3456,3456,El disparo resonó en toda la montaña.,Выстрел раздался по всей горе.
3457,3457,El bienestar de la comunidad es nuestra prioridad.,Благополучие сообщества — наш приоритет.
3458,3458,La mina de oro fue cerrada hace años.,Золотая шахта была закрыта много лет назад.
3459,3459,El castellano es el idioma oficial en España.,Кастильский язык является официальным языком в Испании.
3460,3460,Moscú es una ciudad llena de historia.,"Москва — город, полный истории."
3461,3461,El informe estadístico muestra una tendencia interesante.,Статистический отчет показывает интересную тенденцию.
3462,3462,Es importante mantener el rigor en la investigación científica.,Важно сохранять строгость в научных исследованиях.
3463,3463,La igualdad de derechos es fundamental en una sociedad justa.,Равенство прав является основополагающим в справедливом обществе.
3464,3464,Debemos ajustar el horario de la reunión para todos.,Мы должны подгонять время встречи для всех.
3465,3465,El médico va a administrar la dosis adecuada del medicamento.,Врач назначит правильную дозу лекарства.
3466,3466,Voy a clasificar los documentos por fecha y tipo.,Я собираюсь классифицировать документы по дате и типу.
3467,3467,La utilidad de este programa es evidente para todos.,Полезность этой программы очевидна для всех.
3468,3468,La conquista de nuevos territorios cambió la historia.,Завоевание новых территорий изменило историю.
3469,3469,Los humanos han comenzado a habitar este planeta hace milenios.,Люди начали обитать на этой планете тысячи лет назад.
3470,3470,Cincuenta personas asistieron a la conferencia ayer.,Пятьдесят человек посетили конференцию вчера.
3471,3471,El festival cinematográfico atraerá a muchos cineastas.,Кинематографический фестиваль привлечет многих кинематографистов.
3472,3472,Ella es un integrante clave del equipo de trabajo.,Она является ключевым участником рабочей группы.
3473,3473,Me siento satisfecho con los resultados del proyecto.,Я удовлетворён результатами проекта.
3474,3474,Hubo una considerable mejora en su rendimiento académico.,Произошло значительное улучшение в его учебной успеваемости.
3475,3475,El mito de la caverna es famoso en la filosofía.,Миф о пещере знаменит в философии.
3476,3476,La explosión en la fábrica causó muchos daños.,Взрыв на фабрике причинил много ущерба.
3477,3477,Le dio un beso en la mejilla antes de irse.,"Он поцеловал её в щеку перед тем, как уйти."
3478,3478,"Aparentemente, no hay problemas con el nuevo sistema.","По-видимому, нет проблем с новой системой."
3479,3479,El cambio estructural es necesario para el crecimiento.,Структурные изменения необходимы для роста.
3480,3480,El fundamento de su argumento es muy sólido.,Основание его аргумента очень прочное.
3481,3481,Este documento es válido para el viaje.,Этот документ действителен для поездки.
3482,3482,Vamos a transportar la mercancía mañana.,Мы будем перевозить товары завтра.
3483,3483,Te voy a avisar cuando llegue.,"Я тебя предупрежу, когда приеду."
3484,3484,La maniobra fue exitosa y todos aplaudieron.,"Манёвр был успешным, и все аплодировали."
3485,3485,Es urgente que me llames esta noche.,Срочно позвони мне сегодня вечером.
3486,3486,La subida de precios afecta a todos.,Повышение цен затрагивает всех.
3487,3487,El marino conoce bien el océano.,Моряк хорошо знает океан.
3488,3488,El informe es extenso y detallado.,Отчёт обширный и подробный.
3489,3489,Hubo una incidencia en la estación de tren.,В железнодорожной станции произошёл случай.
3490,3490,El niño juega con una pelota roja.,Мальчик играет с красным мячом.
3491,3491,El monje medita en la montaña.,Монах медитирует в горах.
3492,3492,El adulto debe asumir sus responsabilidades.,Взрослый должен взять на себя свои обязанности.
3493,3493,El profesor es muy estricto con las reglas.,Учитель очень строг к правилам.
3494,3494,La fábrica va a explotar si no se detiene.,"Фабрика взорвётся, если её не остановить."
3495,3495,Los dos caminos son paralelos entre sí.,Эти две дороги параллельны друг другу.
3496,3496,La boda se celebrará en la playa.,Свадьба состоится на пляже.
3497,3497,"El dolor es leve, no te preocupes.","Боль незначительная, не переживай."
3498,3498,El varón de la especie es más grande.,Самец этого вида больше.
3499,3499,El ruido nocturno me impide dormir.,Ночной шум мешает мне спать.
3500,3500,Agitar la botella antes de usarla.,Трясти бутылку перед использованием.
3501,3501,Vos siempre llegas tarde a las reuniones.,Ты всегда опаздываешь на собрания.
3502,3502,La escultura en el parque es muy impresionante.,Скульптура в парке очень впечатляющая.
3503,3503,La fama de ese actor creció rápidamente.,Слава этого актера быстро возросла.
3504,3504,"Ahora que tienes tiempo, podemos salir a pasear.","Теперь, когда у тебя есть время, мы можем выйти прогуляться."
3505,3505,No tienes que hacerlo necesariamente hoy.,Тебе не обязательно делать это сегодня.
3506,3506,El Real Madrid ganó el partido el sábado pasado.,Реал Мадрид выиграл матч в прошлую субботу.
3507,3507,El entrenamiento corporal es fundamental para los atletas.,Телесная тренировка важна для спортсменов.
3508,3508,Dicen que hay un fantasma en esa casa antigua.,"Говорят, что в том старом доме есть призрак."
3509,3509,La adaptación de la novela al cine fue exitosa.,Адаптация романа в кино была успешной.
3510,3510,El síndrome de la fatiga crónica es complicado de tratar.,Синдром хронической усталости сложно лечить.
3511,3511,Decidí inscribir a mi hijo en clases de piano.,Я решил записать сына на уроки пиано.
3512,3512,Su creencia en la justicia es admirable.,Его вера в справедливость восхитительна.
3513,3513,El arte primitivo tiene un encanto especial.,Первобытное искусство имеет особое очарование.
3514,3514,Voy a borrar los archivos que ya no necesito.,"Я собираюсь удалить файлы, которые мне больше не нужны."
3515,3515,"Estudió mucho, de manera que aprobó el examen.","Он много учился, так что сдал экзамен."
3516,3516,La película trata sobre un grupo terrorista.,Фильм рассказывает о террористической группе.
3517,3517,Una gota de agua cayó sobre la mesa.,Одна капля воды упала на стол.
3518,3518,Decidí cultivar tomates en mi jardín este año.,Я решил вырастить помидоры в своем саду в этом году.
3519,3519,El paisaje era tan maravilloso que me quedé sin palabras.,"Пейзаж был настолько замечательным, что я остался без слов."
3520,3520,Mi hermano es muy atlético y juega al fútbol.,Мой брат очень атлетичный и играет в футбол.
3521,3521,El gobierno decidió ratificar el acuerdo internacional.,Правительство решило ратифицировать международное соглашение.
3522,3522,Aguardamos su respuesta con mucha expectativa.,Мы ожидаем его ответа с большим нетерпением.
3523,3523,"De acuerdo a las reglas, todos deben participar.","Согласно правилам, все должны участвовать."
3524,3524,El fallo del juez fue inesperado para todos.,Сбой судьи был неожиданным для всех.
3525,3525,El accidente puede ocasionar graves consecuencias.,Авария может вызвать серьезные последствия.
3526,3526,El intérprete tradujo el discurso sin problemas.,Переводчик перевел речь без проблем.
3527,3527,La cruz en la iglesia es muy antigua.,Крест в церкви очень старый.
3528,3528,Voy a librar un cheque para ti mañana.,Я собираюсь выдать чек для тебя завтра.
3529,3529,El sexto capítulo del libro es el más interesante.,Шестая глава книги самая интересная.
3530,3530,El ala del pájaro estaba herida después de la tormenta.,Крыло птицы было повреждено после шторма.
3531,3531,El nuevo proyecto dotará a la comunidad de mejores servicios.,Новый проект наделит сообщество лучшими услугами.
3532,3532,El contraste entre los colores hace que resalte la pintura.,Контраст между цветами делает картину ярче.
3533,3533,El licenciado en derecho defendió su caso con firmeza.,Дипломированный специалист по праву уверенно защитил свое дело.
3534,3534,El carro nuevo tiene muchas características modernas.,Новая машина имеет много современных функций.
3535,3535,El socialismo busca la igualdad entre todos los ciudadanos.,Социализм стремится к равенству между всеми гражданами.
3536,3536,La lección de hoy fue sobre la historia de España.,Урок сегодня был о истории Испании.
3537,3537,La votación se llevará a cabo el próximo mes.,Голосование пройдет в следующем месяце.
3538,3538,El préstamo fue aprobado por el banco rápidamente.,Заем был быстро одобрен банком.
3539,3539,Su comentario fue muy oportuno en esa situación.,Его комментарий был очень уместным в этой ситуации.
3540,3540,El café está suficientemente caliente para beber.,"Кофе достаточно горячий, чтобы пить."
3541,3541,La agresión no es la solución a los problemas.,Агрессия не является решением проблем.
3542,3542,La pistola estaba guardada en el armario.,Пистолет хранился в шкафу.
3543,3543,El narcotráfico afecta a muchas comunidades en el país.,Наркоторговля затрагивает многие сообщества в стране.
3544,3544,El anillo es de oro dorado y muy bonito.,Кольцо золотое и очень красивое.
3545,3545,Su trayectoria profesional es impresionante y admirable.,Его профессиональная карьера впечатляющая и достойная восхищения.
3546,3546,El satélite envía datos a la Tierra cada hora.,Спутник отправляет данные на Землю каждый час.
3547,3547,Su ocupación principal es la enseñanza de idiomas.,Его основное занятие — преподавание языков.
3548,3548,Necesitamos hacer un ajuste en el presupuesto mensual.,Нам нужно сделать корректировку в месячном бюджете.
3549,3549,La debilidad en su argumento fue evidente durante el debate.,Слабость в его аргументе была очевидна во время дебатов.
3550,3550,La habilidad de escuchar es muy importante en la comunicación.,Умение слушать очень важно в общении.
3551,3551,La transmisión del programa comenzará a las ocho en punto.,Передача программы начнется ровно в восемь.
3552,3552,Tengo la sospecha de que algo no está bien.,"У меня есть подозрение, что что-то не так."
3553,3553,El comerciante vendió frutas frescas en el mercado.,Торговец продавал свежие фрукты на рынке.
3554,3554,Voy a aproximar los números para hacer el informe.,Я собираюсь приблизить цифры для составления отчета.
3555,3555,La miseria en algunas regiones es muy preocupante.,Нищета в некоторых регионах очень тревожит.
3556,3556,La misa de los domingos atrae a muchos feligreses.,Месса по воскресеньям привлекает много прихожан.
3557,3557,El domicilio de la familia es en el centro de la ciudad.,Место жительства семьи находится в центре города.
3558,3558,El hombre ciego cruzó la calle con ayuda de su perro.,Слепой человек перешел улицу с помощью своей собаки.
3559,3559,Hay un costo adicional por el servicio de entrega.,За доставку есть дополнительная плата.
3560,3560,La finalidad de este proyecto es mejorar la educación.,Цель этого проекта — улучшить образование.
3561,3561,El pecado puede llevar a consecuencias graves.,Грех может привести к серьезным последствиям.
3562,3562,"Ella estudia en casa; mientras tanto, él trabaja.",Она учится дома; тем временем он работает.
3563,3563,La unión europea promueve la paz entre los países.,Европейский союз способствует миру между странами.
3564,3564,La separación fue difícil para ambos.,Разделение было трудным для обоих.
3565,3565,No es correcto mentir a tus amigos.,Неправильно лгать своим друзьям.
3566,3566,El conde organizó una fiesta elegante.,Граф организовал элегантную вечеринку.
3567,3567,Los resultados de la prueba fueron idénticos a los anteriores.,Результаты теста были идентичны предыдущим.
3568,3568,A lo mejor iremos al cine esta noche.,"Может быть, мы пойдем в кино сегодня вечером."
3569,3569,La planificación es clave para el éxito del proyecto.,Планирование является ключом к успеху проекта.
3570,3570,Me siento obligado a ayudar a mis amigos.,Я чувствую себя обязанным помочь своим друзьям.
3571,3571,La leyenda cuenta una historia fascinante.,Легенда рассказывает увлекательную историю.
3572,3572,El vigor es importante para mantener una buena salud.,Сила важна для поддержания хорошего здоровья.
3573,3573,Decidí suscribir a la revista mensual.,Я решил подписаться на ежемесячный журнал.
3574,3574,El encargado del evento llegó temprano para organizar todo.,"Ответственный за мероприятие пришел рано, чтобы все организовать."
3575,3575,La suspensión del vuelo fue inesperada.,Приостановка рейса была неожиданной.
3576,3576,Su determinación lo llevó al éxito.,Его решимость привела его к успеху.
3577,3577,Ella tiene un talento especial para la música.,У нее есть особый талант к музыке.
3578,3578,Voy a batir el récord de velocidad en esta carrera.,Я собираюсь побить рекорд скорости на этой гонке.
3579,3579,El vaso está hecho de vidrio reciclado.,Стакан сделан из переработанного стекла.
3580,3580,Es importante frenar a tiempo para evitar accidentes.,"Важно тормозить вовремя, чтобы избежать несчастных случаев."
3581,3581,La herramienta adecuada puede facilitar mucho el trabajo.,Подходящий инструмент может значительно облегчить работу.
3582,3582,"Verdaderamente, este lugar es impresionante y único.","Воистину, это место впечатляющее и уникальное."
3583,3583,Es importante tomar la vitamina D en invierno.,Важно принимать витамин D зимой.
3584,3584,El profesor fue severo en su evaluación final.,Профессор был суров в своей итоговой оценке.
3585,3585,La moda actual está en la vanguardia de la creatividad.,Современная мода находится на авангарде творчества.
3586,3586,El abuso de poder puede tener graves consecuencias.,Злоупотребление властью может иметь серьезные последствия.
3587,3587,El coro cantó hermosas canciones en el concierto.,Хор исполнил прекрасные песни на концерте.
3588,3588,El ave voló alto en el cielo azul.,Птица летела высоко в синем небе.
3589,3589,Es fácil enamorar a alguien con una sonrisa sincera.,Легко влюбить кого-то искренней улыбкой.
3590,3590,Su rendimiento en la competencia fue excepcional.,Его результаты на соревновании были исключительными.
3591,3591,El cuartel está ubicado en el centro de la ciudad.,Казарма расположена в центре города.
3592,3592,El trámite para obtener la visa es bastante complicado.,Процедура получения визы довольно сложная.
3593,3593,Me gusta conversar sobre libros y películas.,Мне нравится беседовать о книгах и фильмах.
3594,3594,Este tramo de carretera necesita reparaciones urgentes.,Этот участок дороги нуждается в срочном ремонте.
3595,3595,La nieve cubrió todo el paisaje en invierno.,Снег покрыл весь пейзаж зимой.
3596,3596,Es importante resaltar los puntos clave en la presentación.,Важно выделить ключевые моменты в презентации.
3597,3597,Caracas es la capital de Venezuela y tiene mucha historia.,Каракас — столица Венесуэлы и имеет богатую историю.
3598,3598,El diseño visual de la página es muy atractivo.,Визуальный дизайн страницы очень привлекательный.
3599,3599,La mesa mide 120 cm de largo y 80 cm de ancho.,Стол имеет длину 120 см и ширину 80 см.
3600,3600,La esfera representa la perfección en muchas culturas.,Сфера представляет собой совершенство во многих культурах.
3601,3601,Es importante agrupar los datos antes de analizarlos.,Важно группировать данные перед их анализом.
3602,3602,La secuencia de eventos fue muy interesante de seguir.,Последовательность событий была очень интересной для наблюдения.
3603,3603,"No tengo prisa, podemos esperar un poco más.","У меня нет спешки, мы можем подождать немного."
3604,3604,El asesino fue atrapado después de una larga búsqueda.,Убийца был пойман после долгих поисков.
3605,3605,Usa un palo para apoyar la tienda de campaña.,"Используй палку, чтобы поддержать палатку."
3606,3606,Necesito una copia del documento para mi archivo.,Мне нужна копия документа для моего архива.
3607,3607,La escritura de su novela es muy cautivadora.,Писание его романа очень захватывающее.
3608,3608,"En caso del mal tiempo, cancelaremos el evento.",В случае плохой погоды мы отменим мероприятие.
3609,3609,"El odio no resuelve los problemas, solo los agrava.","Ненависть не решает проблемы, а только усугубляет их."
3610,3610,Cristo es una figura central en la religión cristiana.,Христос является центральной фигурой в христианской религии.
3611,3611,El coordinador del proyecto organizó la reunión.,Координатор проекта организовал встречу.
3612,3612,Es necesario propiciar un ambiente de confianza.,Необходимо способствовать созданию атмосферы доверия.
3613,3613,Hoy vas a lucir muy bien con ese vestido.,Сегодня ты будешь выглядеть очень хорошо в этом платье.
3614,3614,El internet ha cambiado la forma en que nos comunicamos.,"Интернет изменил способ, которым мы общаемся."
3615,3615,La regulación del sector financiero es muy estricta.,Регулирование финансового сектора очень строгое.
3616,3616,El tránsito en la ciudad es un gran problema diario.,Движение в городе является большой повседневной проблемой.
3617,3617,El tema fue discutido profundamente en la reunión.,Тема была обсуждена глубоко на встрече.
3618,3618,Puedes doblar la hoja por la mitad para facilitar el corte.,"Ты можешь сгибать лист пополам, чтобы облегчить резку."
3619,3619,El militante defendió sus ideales con pasión.,Активист защищал свои идеалы с увлечением.
3620,3620,"En cualquier caso, debemos seguir adelante con el plan.","В любом случае, мы должны продолжать следовать плану."
3621,3621,La ONU trabaja para promover la paz mundial.,"ООН работает над тем, чтобы способствовать мировому миру."
3622,3622,El proyecto culminará en diciembre de este año.,Проект завершится в декабре этого года.
3623,3623,El árbol artificial se ve muy realista.,Искусственное дерево выглядит очень реалистично.
3624,3624,El gerente tomó una decisión importante ayer.,Управляющий принял важное решение вчера.
3625,3625,El observador anotó todos los detalles de la reunión.,Наблюдатель записал все детали встречи.
3626,3626,La agrupación local organiza eventos culturales.,Местная группировка организует культурные мероприятия.
3627,3627,"Me gustaría un pedazo de pastel, por favor.","Я бы хотел кусок торта, пожалуйста."
3628,3628,El combustible es esencial para el funcionamiento del coche.,Топливо необходимо для работы автомобиля.
3629,3629,Su tiempo para completar el proyecto es limitado.,У него ограниченное время для завершения проекта.
3630,3630,La llama del fuego iluminaba la habitación.,Пламя огня освещало комнату.
3631,3631,Ella ganó una medalla en la competencia de natación.,Она выиграла медаль на соревнованиях по плаванию.
3632,3632,El profesor corrigió el párrafo que escribí.,"Учитель исправил абзац, который я написал."
3633,3633,El camino tiene un curvo peligroso más adelante.,Дорога имеет опасный изгиб впереди.
3634,3634,La locura de la fiesta fue inolvidable.,Безумие вечеринки было незабываемым.
3635,3635,La empresa dominante en el mercado tiene mucha influencia.,Господствующая компания на рынке имеет большое влияние.
3636,3636,La calma del lago era impresionante al amanecer.,Спокойствие озера было впечатляющим на рассвете.
3637,3637,Necesito el respaldo de mi equipo para este proyecto.,Мне нужна поддержка моей команды для этого проекта.
3638,3638,El paisaje era tan divino que me dejó sin palabras.,"Пейзаж был таким божественным, что оставил меня без слов."
3639,3639,Es inaceptable violar los derechos humanos.,Неприемлемо нарушать права человека.
3640,3640,La renovación del contrato se realizará el próximo mes.,Обновление контракта состоится в следующем месяце.
3641,3641,Ella va a protagonizar la nueva película del director.,Она будет играть главную роль в новом фильме режиссера.
3642,3642,Siempre quiero estar contigo en los momentos difíciles.,Я всегда хочу быть с тобой в трудные моменты.
3643,3643,"Al tiempo que estudia, trabaja en un restaurante.","В то время как она учится, она работает в ресторане."
3644,3644,Es importante acentuar las palabras correctas en la presentación.,Важно подчёркивать правильные слова в презентации.
3645,3645,El cambio ha sido muy progresivo en los últimos años.,Изменения были очень постепенными за последние годы.
3646,3646,El sonido de la guitarra es muy sonoro y agradable.,Звук гитары очень звучный и приятный.
3647,3647,Vamos a rodar la escena en el parque mañana.,Мы будем снимать сцену в парке завтра.
3648,3648,El fotógrafo eligió un ángulo interesante para la foto.,Фотограф выбрал интересный угол для фотографии.
3649,3649,Fue una película sorprendente que no esperaba ver.,"Это был удивительный фильм, который я не ожидал увидеть."
3650,3650,El eco en la montaña se escuchaba claramente.,Эхо в горах слышалось ясно.
3651,3651,"A veces, el suelo puede temblar durante un terremoto.",Иногда земля может дрожать во время землетрясения.
3652,3652,Decidí empeñar mi reloj para conseguir dinero.,"Я решил заложить свои часы, чтобы получить деньги."
3653,3653,La ola más grande llegó a la orilla con fuerza.,Самая большая волна с силой достигла берега.
3654,3654,El niño parecía tan inocente y feliz jugando.,"Мальчик выглядел таким невинным и счастливым, играя."
3655,3655,La incorporación de nuevas tecnologías mejora la educación.,Включение новых технологий улучшает образование.
3656,3656,Los animales terrestres necesitan espacio para vivir.,Наземным животным нужно пространство для жизни.
3657,3657,La magnitud del problema es mayor de lo que pensamos.,"Величина проблемы больше, чем мы думаем."
3658,3658,Encontrar tu vocación puede llevar tiempo y reflexión.,Найти свое призвание может занять время и размышления.
3659,3659,El cerdo es un animal muy inteligente y curioso.,Свинья — очень умное и любопытное животное.
3660,3660,La humedad en el aire puede afectar nuestra salud.,Влажность в воздухе может повлиять на наше здоровье.
3661,3661,La violación de los derechos humanos es inaceptable.,Нарушение прав человека недопустимо.
3662,3662,Es importante presionar para obtener cambios en la ley.,"Важно оказывать давление, чтобы добиться изменений в законе."
3663,3663,El nuevo diseño es muy atractivo para los jóvenes.,Новый дизайн очень привлекательный для молодежи.
3664,3664,El asistente me ayudó a organizar la reunión.,Ассистент помог мне организовать встречу.
3665,3665,El jurado tomó una decisión unánime sobre el caso.,Жюри единогласно приняло решение по делу.
3666,3666,El arte africano tiene una rica historia y diversidad.,Африканское искусство имеет богатую историю и разнообразие.
3667,3667,Vamos a sembrar flores en el jardín este fin de semana.,Мы будем сеять цветы в саду в эти выходные.
3668,3668,La coordinación entre los equipos es esencial para el éxito.,Координация между командами необходима для успеха.
3669,3669,El estrés puede comportar problemas de salud.,Стресс может влечь за собой проблемы со здоровьем.
3670,3670,Soy partidario de una educación inclusiva para todos.,Я сторонник инклюзивного образования для всех.
3671,3671,Estoy decidido a aprender español.,Я твёрдо решил учить испанский.
3672,3672,El invitado principal llegó tarde a la ceremonia.,Главный гость пришел на церемонию с опозданием.
3673,3673,La esponja puede absorber mucha agua rápidamente.,Губка может быстро поглотить много воды.
3674,3674,Su discurso fue tan poético que todos quedaron impresionados.,"Его речь была такой поэтической, что все были впечатлены."
3675,3675,Siempre me gusta apostar en los partidos de fútbol.,Мне всегда нравится ставить на футбольные матчи.
3676,3676,Rezar es una parte importante de su cultura.,Молиться - важная часть их культуры.
3677,3677,El filme ganó varios premios en el festival de cine.,Фильм получил несколько наград на кинофестивале.
3678,3678,Su consejo fue muy valioso para tomar la decisión.,Его совет был очень ценным для принятия решения.
3679,3679,Decidió vengar la injusticia que sufrió su familia.,"Он решил отомстить за несправедливость, которую пережила его семья."
3680,3680,El torero mostró su valentía en la plaza de toros.,Тореро продемонстрировал свою смелость на арене.
3681,3681,Es importante disolver el azúcar en el agua caliente.,Важно растворить сахар в горячей воде.
3682,3682,El universo parece ser infinito y misterioso.,Вселенная кажется бесконечной и таинственной.
3683,3683,Podemos deducir la respuesta a partir de las pistas.,Мы можем вывести ответ на основе подсказок.
3684,3684,Ella suele relatar historias fascinantes a sus amigos.,Она обычно рассказывает своим друзьям увлекательные истории.
3685,3685,El creador de este juego es muy talentoso.,Создатель этой игры очень талантлив.
3686,3686,Acá tenemos los documentos que necesitas.,"Здесь у нас есть документы, которые тебе нужны."
3687,3687,Su nombramiento fue anunciado en la reunión de hoy.,Его назначение было объявлено на сегодняшней встрече.
3688,3688,Es un privilegio trabajar con personas tan talentosas.,Это привилегия работать с такими талантливыми людьми.
3689,3689,Su aspiración es convertirse en un gran artista.,Его стремление стать великим художником.
3690,3690,Quiero que me hables siquiera un minuto.,"Я хочу, чтобы ты поговорил со мной хотя бы минуту."
3691,3691,"Voy a terminar esto enseguida, no te preocupes.","Я закончу это сразу, не переживай."
3692,3692,Necesitamos revisar toda la documentación antes de proceder.,"Нам нужно проверить всю документацию перед тем, как продолжить."
3693,3693,La fibra es esencial para una buena digestión.,Волокно необходимо для хорошего пищеварения.
3694,3694,Compré una decena de huevos para la fiesta.,Я купил десяток яиц для вечеринки.
3695,3695,Voy a trazar un mapa para que no te pierdas.,"Я собираюсь начертить карту, чтобы ты не заблудился."
3696,3696,El libro tiene un final misterioso que me sorprendió.,"У книги есть таинственный конец, который меня удивил."
3697,3697,"Oh, no sabía que venías hoy.","О, я не знал, что ты придешь сегодня."
3698,3698,El tronco del árbol es muy grueso y fuerte.,Ствол дерева очень толстый и крепкий.
3699,3699,El sol se pone en el occidente cada tarde.,Солнце садится на западе каждый вечер.
3700,3700,A veces es difícil adivinar lo que piensan los demás.,"Иногда трудно угадать, что думают другие."
3701,3701,El afán por aprender es admirable en los jóvenes.,Рвение к обучению восхитительно у молодых.
3702,3702,Compré un muñeco para el cumpleaños de mi hijo.,Я купил куклу на день рождения моего сына.
3703,3703,Su renuncia sorprendió a todos en la empresa.,Его отставка удивила всех в компании.
3704,3704,Una dieta vegetal es buena para la salud.,Растительная диета полезна для здоровья.
3705,3705,Ella suele exclamar cuando se sorprende.,"Она часто восклицает, когда удивляется."
3706,3706,La espada del guerrero brillaba bajo el sol.,Меч воина сиял под солнцем.
3707,3707,El ganador del concurso recibió un gran premio.,Победитель конкурса получил большой приз.
3708,3708,El clima ha mejorado ligeramente en los últimos días.,Погода немного улучшилась в последние дни.
3709,3709,Escribí la carta con una pluma antigua.,Я написал письмо старым пером.
3710,3710,La ansiedad puede afectar tu salud mental.,Тревога может повлиять на ваше психическое здоровье.
3711,3711,La fusión de las empresas fue un gran evento.,Слияние компаний было большим событием.
3712,3712,El País Vasco tiene una cultura muy rica.,Страна Басков имеет очень богатую культуру.
3713,3713,Este grano es de alta calidad y muy nutritivo.,Это зерно высокого качества и очень питательное.
3714,3714,Es obvio que necesitamos más tiempo para terminar.,"Очевидно, что нам нужно больше времени, чтобы закончить."
3715,3715,La mancha en la camisa no se va con agua.,Пятно на рубашке не уходит с водой.
3716,3716,El viudo decidió mudarse a otra ciudad.,Вдовец решил переехать в другой город.
3717,3717,El relieve de esta pintura es impresionante.,Рельеф этой картины впечатляющий.
3718,3718,"Yo, personalmente, prefiero el café a el té.","Я, лично, предпочитаю кофе чаю."
3719,3719,"Ciertamente, la música mejora nuestro estado de ánimo.","Конечно, музыка улучшает наше настроение."
3720,3720,El estilo colonial es muy popular en la arquitectura.,Колониальный стиль очень популярен в архитектуре.
3721,3721,Su recomendación fue muy útil para tomar la decisión.,Его рекомендация была очень полезна для принятия решения.
3722,3722,El problema aparente no era tan grave como pensábamos.,"Кажущийся проблема не была такой серьезной, как мы думали."
3723,3723,La valoración del proyecto se realizará la próxima semana.,Оценка проекта будет проведена на следующей неделе.
3724,3724,"En otoño, las hojas de los árboles cambian de color.",Осенью листья деревьев меняют цвет.
3725,3725,El asalto al banco fue un evento sorprendente en la ciudad.,Нападение на банк было удивительным событием в городе.
3726,3726,Siento un nervio en el estómago antes de hablar en público.,"Я чувствую нерв в животе перед тем, как говорить на публике."
3727,3727,El fotógrafo capturó momentos hermosos de la boda.,Фотограф запечатлел красивые моменты свадьбы.
3728,3728,El infierno es un concepto que asusta a muchas personas.,"Ад — это концепция, которая пугает многих людей."
3729,3729,El maíz es un ingrediente básico en muchas comidas.,Кукуруза — это основной ингредиент во многих блюдах.
3730,3730,Es necesario sacudir la alfombra para quitar el polvo.,"Необходимо трясти ковер, чтобы убрать пыль."
3731,3731,Fernando siempre llega temprano a las reuniones.,Фернандо всегда приходит рано на встречи.
3732,3732,Colocaron una barra de metal para reforzar la estructura.,Установили металлический брус для укрепления конструкции.
3733,3733,El tema suscitó un gran interés entre los estudiantes.,Тема вызвала большой интерес среди студентов.
3734,3734,Me gusta ver documentales interesantes en la TV.,Мне нравится смотреть интересные документальные фильмы по ТВ.
3735,3735,El tercio de la población vive en la capital.,Треть населения живет в столице.
3736,3736,Es fundamental tener un enfoque integral en este proyecto.,Важно иметь комплексный подход к этому проекту.
3737,3737,Su actuación fue muy teatral y cautivó al público.,Его выступление было очень театральным и заворожило публику.
3738,3738,La mesa mide un centímetro más de lo que esperaba.,"Стол на сантиметр больше, чем я ожидал."
3739,3739,Hizo una broma que hizo reír a todos en la sala.,"Он сделал шутку, которая рассмешила всех в зале."
3740,3740,La seguridad es nuestra principal prioridad en el trabajo.,Безопасность является нашим главным приоритетом на работе.
3741,3741,El clima hoy es muy agradable para pasear.,Сегодня погода очень приятная для прогулки.
3742,3742,Este diseño es muy funcional y estético.,Этот дизайн очень функционален и эстетичен.
3743,3743,La civilización moderna enfrenta muchos desafíos.,Современная цивилизация сталкивается с множеством вызовов.
3744,3744,La represión de la libertad de expresión es inaceptable.,Подавление свободы слова неприемлемо.
3745,3745,El noble gesto de ayudar a los demás es admirable.,Благородный жест помочь другим восхитителен.
3746,3746,La sierra de los Andes es impresionante.,Горный хребет Анд впечатляет.
3747,3747,La adquisición de nuevas habilidades es esencial.,Приобретение новых навыков необходимо.
3748,3748,La tranquilidad del lago me relaja mucho.,Спокойствие озера очень меня расслабляет.
3749,3749,La sanidad pública necesita más recursos.,Здравоохранение нуждается в большем количестве ресурсов.
3750,3750,Este collar es un regalo precioso de mi abuela.,Это ожерелье — драгоценный подарок от бабушки.
3751,3751,El balón de fútbol está en el jardín.,Футбольный мяч в саду.
3752,3752,La transferencia de fondos se completó ayer.,Перевод средств был завершен вчера.
3753,3753,Celebramos nuestro aniversario con una cena especial.,Мы отмечаем нашу годовщину специальным ужином.
3754,3754,Decidí demandar a la empresa por daños.,Я решил предъявить иск компании за ущерб.
3755,3755,El robo en la tienda ocurrió anoche.,Кража в магазине произошла прошлой ночью.
3756,3756,"De repente, comenzó a llover muy fuerte.",Внезапно начался сильный дождь.
3757,3757,El país se convirtió en un aliado estratégico.,Страна стала стратегическим союзником.
3758,3758,Su aporte al proyecto fue muy valioso.,Его вклад в проект был очень ценным.
3759,3759,El giro del destino nos sorprendió a todos.,Поворот судьбы удивил нас всех.
3760,3760,El proceso de sanación puede ser doloroso.,Процесс исцеления может быть болезненным.
3761,3761,La condena del juez fue muy severa.,Приговор судьи был очень строгим.
3762,3762,La herencia de mis abuelos es muy valiosa.,Наследство моих бабушки и дедушки очень ценно.
3763,3763,Voy a programar una reunión para mañana.,Я собираюсь запланировать встречу на завтра.
3764,3764,Pasamos las vacaciones en una villa junto al mar.,Мы провели отпуск в городке у моря.
3765,3765,Voy a editar el documento antes de enviarlo.,Я собираюсь отредактировать документ перед отправкой.
3766,3766,El viaje es de aproximadamente cien km.,Поездка составляет примерно сто км.
3767,3767,Necesito una licencia para conducir.,Мне нужна лицензия на вождение.
3768,3768,Ellos quieren rescatar a los animales de la calle.,Они хотят спасти животных с улицы.
3769,3769,El experimento demostró resultados sorprendentes.,Эксперимент показал удивительные результаты.
3770,3770,Es importante fortalecer los lazos familiares.,Важно укреплять семейные узы.
3771,3771,Muchos escritores vivieron en el exilio.,Многие писатели жили в изгнании.
3772,3772,Su estilo de vida es muy modesto y simple.,Его образ жизни очень скромный и простой.
3773,3773,La ganancia de la empresa ha aumentado este año.,Прибыль компании увеличилась в этом году.
3774,3774,La aceptación de nuevas ideas es fundamental.,Принятие новых идей является основополагающим.
3775,3775,El perro está adentro de la casa ahora.,Собака сейчас внутри дома.
3776,3776,Daniel es un amigo muy leal y sincero.,Даниэль - очень преданный и искренний друг.
3777,3777,Es necesario prevenir enfermedades con una buena dieta.,Необходимо предотвращать болезни с помощью хорошей диеты.
3778,3778,La limpieza de la casa es mi tarea favorita.,Уборка дома - моя любимая задача.
3779,3779,El desierto tiene un paisaje impresionante y árido.,Пустыня имеет впечатляющий и сухой ландшафт.
3780,3780,La privatización de empresas estatales es un tema controvertido.,Приватизация государственных предприятий - это спорная тема.
3781,3781,El ruido de la tormenta fue tremendo.,Шум от шторма был огромным.
3782,3782,Los niños suelen pelear por juguetes en el parque.,Дети часто дерутся из-за игрушек в парке.
3783,3783,El carpintero va a clavar la madera en su lugar.,Плотник собирается вбить древесину на место.
3784,3784,Voy a deshacer el nudo que se formó en la cuerda.,"Я собираюсь разобрать узел, который образовался на веревке."
3785,3785,Ella llevaba un vestido elegante en la fiesta.,Она была в элегантном платье на вечеринке.
3786,3786,Hubo una fuga de agua en el edificio ayer.,Вчера в здании произошла утечка воды.
3787,3787,La cancha de tenis está llena de jugadores hoy.,Теннисная площадка сегодня полна игроков.
3788,3788,El autor es célebre por sus novelas de misterio.,Автор знаменит своими романами о мистике.
3789,3789,El problema radica en la falta de comunicación.,Проблема заключается в недостатке общения.
3790,3790,El artista israelí expone sus obras en el museo.,Художник израильского происхождения выставляет свои работы в музее.
3791,3791,El recinto ferial abre sus puertas en primavera.,Выставочный комплекс открывает свои двери весной.
3792,3792,"Si restas dos de cinco, obtienes tres.","Если вы вычтете два из пяти, вы получите три."
3793,3793,Me gusta usar crema hidratante después de ducharme.,Мне нравится использовать увлажняющий крем после душа.
3794,3794,Ella se siente plenamente feliz con su vida actual.,Она чувствует себя в полной мере счастливой с текущей жизнью.
3795,3795,Su contribución al proyecto fue invaluable para todos.,Его вклад в проект был неоценим для всех.
3796,3796,"Respecto al informe, necesitamos más tiempo para revisarlo.","Относительно отчета нам нужно больше времени, чтобы его проверить."
3797,3797,Canadá es conocido por sus paisajes naturales impresionantes.,Канада известна своими впечатляющими природными пейзажами.
3798,3798,Tengo preferencia por el té en lugar del café.,Я предпочитаю чай вместо кофе.
3799,3799,El cardenal habló sobre la paz en su discurso.,Кардинал говорил о мире в своей речи.
3800,3800,La prestación por desempleo ayuda a muchas familias.,Пособие по безработице помогает многим семьям.
3801,3801,Necesitamos un gramo de sal para la receta.,Нам нужен один грамм соли для рецепта.
3802,3802,La caza de ciervos es popular en esta región.,Охота на оленей популярна в этом регионе.
3803,3803,El uniforme del equipo es azul y blanco.,Форма команды синего и белого цвета.
3804,3804,Es elemental entender las reglas del juego.,Элементарно понимать правила игры.
3805,3805,La fiscalía investiga el caso con mucha seriedad.,Прокуратура серьезно расследует дело.
3806,3806,Voy a configurar el nuevo teléfono esta tarde.,Я настрою новый телефон сегодня после обеда.
3807,3807,La plataforma del tren está muy concurrida hoy.,Платформа поезда сегодня очень многолюдна.
3808,3808,Tienen un debate filosófico sobre la vida y la muerte.,У них философская дискуссия о жизни и смерти.
3809,3809,El canciller anunció nuevas políticas exteriores.,Канцлер объявил о новых внешнеполитических мерах.
3810,3810,No hay que tener miedo de fracasar en el intento.,Не стоит бояться потерпеть неудачу в попытке.
3811,3811,Gran Bretaña es conocida por su rica historia.,Великобритания известна своей богатой историей.
3812,3812,La ruina del antiguo castillo es impresionante.,Руины древнего замка впечатляют.
3813,3813,Hicimos una ronda de preguntas al final de la clase.,Мы провели раунд вопросов в конце урока.
3814,3814,El ejercicio tiene un efecto terapéutico en el cuerpo.,Упражнение имеет терапевтический эффект на тело.
3815,3815,La selva amazónica es hogar de muchas especies.,Амазонская сельва является домом для многих видов.
3816,3816,Siempre uso un casco cuando monto en bicicleta.,"Я всегда ношу шлем, когда катаюсь на велосипеде."
3817,3817,La empresa se compromete a proveer productos de calidad.,Компания обязуется снабжать качественной продукцией.
3818,3818,El atardecer en la playa es muy romántico.,Закат на пляже очень романтичен.
3819,3819,Asistimos a una convención sobre tecnología moderna.,Мы посетили конвенцию по современной технологии.
3820,3820,Encontré un fragmento de un poema antiguo.,Я нашел фрагмент древнего стихотворения.
3821,3821,El vestido es apropiado para la ocasión.,Платье подходящее для случая.
3822,3822,El curso intermedio es más difícil que el básico.,Курс промежуточного уровня сложнее базового.
3823,3823,La península ibérica tiene una rica historia.,Иберийский полуостров имеет богатую историю.
3824,3824,El pez nada rápidamente en el agua.,Рыба быстро плавает в воде.
3825,3825,El mandatario firmó un nuevo acuerdo.,Глава государства подписал новое соглашение.
3826,3826,Ella dice que su ángel guardián siempre está con ella.,"Она говорит, что её ангел-хранитель всегда с ней."
3827,3827,El traslado de la oficina será la próxima semana.,Перевозка офиса состоится на следующей неделе.
3828,3828,La minoría necesita más representación en el gobierno.,Меньшинству нужно больше представительства в правительстве.
3829,3829,La barrera protege el campo de las inundaciones.,Барьер защищает поле от наводнений.
3830,3830,El refugio es un lugar seguro durante la tormenta.,Убежище — это безопасное место во время шторма.
3831,3831,El legislador propuso una nueva ley sobre el medio ambiente.,Законодатель предложил новый закон о защите окружающей среды.
3832,3832,El desplazamiento de personas es un problema global.,Перемещение людей — это глобальная проблема.
3833,3833,El puente metálico es muy resistente y duradero.,Металлический мост очень прочный и долговечный.
3834,3834,Uruguay es conocido por su carne de res.,Уругвай известен своим говядиной.
3835,3835,El soporte del proyecto fue fundamental para su éxito.,Поддержка проекта была ключевой для его успеха.
3836,3836,El duque asistió a la ceremonia con gran elegancia.,Герцог пришёл на церемонию с большой элегантностью.
3837,3837,El resumen del libro es muy interesante.,Сводка книги очень интересная.
3838,3838,El filósofo reflexionó sobre la naturaleza de la vida.,Философ размышлял о природе жизни.
3839,3839,Ella estableció un nuevo récord en la carrera.,Она установила новый рекорд на соревнованиях.
3840,3840,El accionista recibió dividendos por su inversión.,Акционер получил дивиденды за свои инвестиции.
3841,3841,La inspección del edificio fue muy rigurosa.,Проверка здания была очень строгой.
3842,3842,Voy a secar la ropa al sol.,Я повешу одежду сушиться на солнце.
3843,3843,Es necesario reparar el coche antes del viaje.,Необходимо починить машину перед поездкой.
3844,3844,Agrega un poco de limón al agua.,Добавь немного лимона в воду.
3845,3845,La longitud del río es impresionante.,Длина реки впечатляет.
3846,3846,El abandono de la casa la hizo peligrosa.,Заброшенность дома сделала его опасным.
3847,3847,El cementerio está al final de la calle.,Кладбище находится в конце улицы.
3848,3848,La finca tiene muchos animales y cultivos.,На ферме много животных и растений.
3849,3849,"En cuanto al clima, hoy está soleado.","Что касается погоды, сегодня солнечно."
3850,3850,La prevención es clave para evitar enfermedades.,Профилактика является ключом к предотвращению болезней.
3851,3851,El judío se sintió orgulloso de su herencia.,Еврей гордился своим наследием.
3852,3852,Es importante tener un enfoque racional en la vida.,Важно иметь рациональный подход в жизни.
3853,3853,El curso de matemáticas es complementario al de física.,Курс математики является дополнительным к курсу физики.
3854,3854,La tormenta causó muchos daños en la ciudad.,Буря причинила много ущерба городу.
3855,3855,Vive en un lugar alejado de la civilización.,Он живет в удалённом месте от цивилизации.
3856,3856,Siempre consigo lo que quiero si trabajo duro.,"Я всегда добиваюсь того, чего хочу, если много работаю."
3857,3857,El desempleo ha aumentado en los últimos años.,Безработица возросла за последние годы.
3858,3858,La tumba del poeta está en el parque.,Могила поэта находится в парке.
3859,3859,El deterioro del edificio es evidente.,Ухудшение состояния здания очевидно.
3860,3860,El retorno a casa fue muy emotivo.,Возвращение домой было очень трогательным.
3861,3861,El buque llegó al puerto a tiempo.,Судно прибыло в порт вовремя.
3862,3862,"En tanto que él trabaja, ella estudia en casa.","В то время как он работает, она учится дома."
3863,3863,Honduras es conocido por su biodiversidad.,Гондурас известен своим биоразнообразием.
3864,3864,El refugiado encontró un lugar seguro en la ciudad.,Беженец нашел безопасное место в городе.
3865,3865,Las estrellas brillan en el cielo nocturno.,Звезды сияют на ночном небе.
3866,3866,Es importante argumentar con hechos claros.,Важно аргументировать с ясными фактами.
3867,3867,La soberanía del país debe ser respetada.,Суверенитет страны должен быть уважен.
3868,3868,El evento se anunció oficialmente la semana pasada.,Событие было официально объявлено на прошлой неделе.
3869,3869,Su comportamiento es bastante ordinario para un artista.,Его поведение довольно обычное для художника.
3870,3870,Ellos esperan triunfar en la competencia este año.,Они надеются торжествовать на соревнованиях в этом году.
3871,3871,El inspector revisó todos los documentos necesarios.,Инспектор проверил все необходимые документы.
3872,3872,El libro pertenece a la colección perteneciente a la biblioteca.,"Книга принадлежит коллекции, принадлежащей библиотеке."
3873,3873,Ella sabe disimular sus verdaderos sentimientos.,Она умеет скрывать свои истинные чувства.
3874,3874,"Evidentemente, hay un problema con el sistema.","Очевидно, есть проблема с системой."
3875,3875,El viaje fue más prolongado de lo esperado.,"Поездка была более продолжительной, чем ожидалось."
3876,3876,El cariño entre ellos es muy fuerte.,Привязанность между ними очень сильная.
3877,3877,El editor revisó el manuscrito antes de publicarlo.,Редактор проверил рукопись перед публикацией.
3878,3878,Las playas del Caribe son muy hermosas.,Пляжи Карибов очень красивы.
3879,3879,Ella tiene un amigo e ingeniero talentoso.,У нее есть друг и талантливый инженер.
3880,3880,Es importante guiar a los niños en su educación.,Важно вести детей в их образовании.
3881,3881,La psicología estudia el comportamiento humano.,Психология изучает человеческое поведение.
3882,3882,Es difícil imitar el acento de los nativos.,Трудно подражать акценту носителей языка.
3883,3883,Su pretensión de ser el mejor es evidente.,Его притязание быть лучшим очевидно.
3884,3884,El embarazo puede ser una etapa hermosa y desafiante.,Беременность может быть прекрасным и сложным этапом.
3885,3885,Encendí una vela para crear un ambiente tranquilo.,"Я зажег свечу, чтобы создать спокойную атмосферу."
3886,3886,Recibí un aviso sobre la reunión de mañana.,Я получил извещение о завтрашней встрече.
3887,3887,Necesitamos acelerar el proceso de producción.,Нам нужно ускорить процесс производства.
3888,3888,La película fue muy emocional y conmovedora.,Фильм был очень эмоциональным и трогательным.
3889,3889,El regalo tiene un valor simbólico para nosotros.,Подарок имеет символическое значение для нас.
3890,3890,La paciencia es clave para resolver conflictos.,Терпение является ключом к разрешению конфликтов.
3891,3891,La nieve puede paralizar el tráfico en la ciudad.,Снег может парализовать движение в городе.
3892,3892,El monumento fue inaugurado el año pasado.,Памятник был открыт в прошлом году.
3893,3893,El enviado especial llegó para negociar la paz.,Специальный посланник прибыл для переговоров о мире.
3894,3894,El historiador escribió un libro sobre la revolución.,Историк написал книгу о революции.
3895,3895,El delincuente fue arrestado por la policía.,Преступник был арестован полицией.
3896,3896,El tubo de ensayo se rompió en la mesa.,Пробирка разбилась на столе.
3897,3897,Su trabajo es muy representativo de la cultura local.,Его работа очень представительная для местной культуры.
3898,3898,Es importante pisar con cuidado en el hielo.,Важно осторожно ступать на лед.
3899,3899,El periodismo es fundamental para la democracia.,Журналистика имеет основополагающее значение для демократии.
3900,3900,La carencia de recursos afecta a muchas comunidades.,Нехватка ресурсов затрагивает многие сообщества.
3901,3901,El plan era secuestrar al empresario famoso.,"План состоял в том, чтобы похитить известного бизнесмена."
3902,3902,No quiero perjudicar a nadie con mis decisiones.,Я не хочу наносить ущерб никому своими решениями.
3903,3903,Ese libro que buscas está perdido en mi casa.,"Та книга, которую ты ищешь, потеряна у меня дома."
3904,3904,El barco cambió de rumbo hacia la isla.,Корабль изменил курс в сторону острова.
3905,3905,La plantilla del equipo es muy talentosa este año.,Штат команды в этом году очень талантлив.
3906,3906,Tengo una noción clara de lo que quiero hacer.,"У меня есть четкое представление о том, что я хочу сделать."
3907,3907,El programa es un enfoque mixto de enseñanza.,Программа представляет собой смешанный подход к обучению.
3908,3908,La película de horror me dejó sin palabras.,Фильм ужасов оставил меня без слов.
3909,3909,Es importante no contraer deudas innecesarias.,Важно не сокращать ненужные долги.
3910,3910,El flujo de información es constante en la empresa.,Поток информации в компании постоянен.
3911,3911,El Salvador es conocido por sus bellas playas.,Сальвадор известен своими красивыми пляжами.
3912,3912,Necesito tu autorización para proceder con el proyecto.,"Мне нужно твое разрешение, чтобы продолжить проект."
3913,3913,Su estilo de vida es bastante convencional y predecible.,Его образ жизни довольно условный и предсказуемый.
3914,3914,El olvido puede ser una forma de protección emocional.,Забвение может быть формой эмоциональной защиты.
3915,3915,Voy a acomodar los libros en la estantería.,Я собираюсь разместить книги на полке.
3916,3916,El gal es un idioma hablado en Galicia.,"Галисийский — это язык, на котором говорят в Галисии."
3917,3917,El calendario escolar empieza en septiembre.,Школьный календарь начинается в сентябре.
3918,3918,La probabilidad de lluvia es alta hoy.,Вероятность дождя сегодня высокая.
3919,3919,La excelencia en el trabajo es fundamental para el éxito.,Превосходство в работе имеет решающее значение для успеха.
3920,3920,El entrenamiento muscular requiere disciplina y constancia.,Мышечная тренировка требует дисциплины и постоянства.
3921,3921,La rapidez con la que trabaja es impresionante.,"Впечатляет быстрота, с которой он работает."
3922,3922,El rol del maestro es muy importante en la educación.,Роль учителя очень важна в образовании.
3923,3923,Escribí un artículo periodístico sobre la crisis actual.,Я написал журналистскую статью о текущем кризисе.
3924,3924,La URSS fue un país influyente en el siglo XX.,СССР был влиятельной страной в двадцатом веке.
3925,3925,Prefiero el jugo de naranja por las mañanas.,Я предпочитаю апельсиновый сок по утрам.
3926,3926,Cada participante debe registrarse antes del evento.,Каждый участник должен зарегистрироваться перед мероприятием.
3927,3927,La respiración profunda ayuda a reducir el estrés.,Глубокое дыхание помогает снизить стресс.
3928,3928,El análisis lingüístico revela patrones interesantes.,Лингвистический анализ выявляет интересные паттерны.
3929,3929,Es fácil prender la fogata con un poco de papel.,Легко зажигать костер с помощью немного бумаги.
3930,3930,El artista tiene un enfoque muy creativo para su trabajo.,У художника очень творческий подход к своей работе.
3931,3931,La vigencia de esta ley es muy discutida hoy en día.,Актуальность этого закона сегодня очень обсуждается.
3932,3932,Es necesario desviar el tráfico durante la construcción.,Необходимо отклонить движение во время строительства.
3933,3933,Es difícil tragar cuando estás nervioso.,"Трудно глотать, когда ты нервничаешь."
3934,3934,El principal inconveniente de este plan es su costo.,Основное неудобство этого плана — его стоимость.
3935,3935,"Aparte de eso, todo está en orden.","Кроме того, все в порядке."
3936,3936,El veneno de esa serpiente es mortal.,Яд этой змеи смертелен.
3937,3937,Es un legítimo representante de la comunidad.,Он законный представитель сообщества.
3938,3938,Debemos encaminar nuestros esfuerzos hacia el éxito.,Мы должны направить наши усилия на успех.
3939,3939,El resultado de la suma fue cero al final.,Результат сложения в конце оказался ноль.
3940,3940,El final de la película fue realmente trágico.,Конец фильма был действительно трагическим.
3941,3941,Es importante desplegar la estrategia correctamente.,Важно развёртывать стратегию правильно.
3942,3942,Vamos a reemplazar las lámparas viejas por nuevas.,Мы заменим старые лампы на новые.
3943,3943,La vaca da leche fresca cada mañana.,Корова даёт свежее молоко каждое утро.
3944,3944,El pasaje del libro es muy interesante.,Отрывок из книги очень интересный.
3945,3945,La invasión de las ranas sorprendió a todos.,Вторжение жаб удивило всех.
3946,3946,El fotógrafo logró capturar el momento perfecto.,Фотографу удалось захватить идеальный момент.
3947,3947,Voy a bañar al perro después de la caminata.,Я купаю собаку после прогулки.
3948,3948,El montaje de la obra fue un éxito total.,Монтаж спектакля был полным успехом.
3949,3949,El perro se volvió agresivo cuando llegó el extraño.,"Собака стала агрессивной, когда пришёл незнакомец."
3950,3950,Siempre es bueno tener un precio razonable.,Всегда хорошо иметь разумную цену.
3951,3951,El aumento salarial fue bien recibido por los empleados.,Повышение зарплаты было хорошо воспринято сотрудниками.
3952,3952,El sufrimiento de los animales es un tema importante.,Страдание животных — важная тема.
3953,3953,El receptor de la información debe estar preparado.,Получатель информации должен быть готов.
3954,3954,La miel natural es muy dulce y saludable.,Натуральный мёд очень сладкий и полезный.
3955,3955,Ella trabaja constantemente para mejorar sus habilidades.,Она постоянно работает над улучшением своих навыков.
3956,3956,"Justamente en ese momento, sonó el teléfono.",Как раз в этот момент раздался телефон.
3957,3957,El desastre natural causó muchos daños en la ciudad.,Природная катастрофа нанесла много ущерба городу.
3958,3958,"Viven en un lugar remoto, lejos de la ciudad.","Они живут в далёком месте, вдали от города."
3959,3959,Ese maldito coche no arranca otra vez.,Этот проклятый автомобиль снова не заводится.
3960,3960,La fabricación de muebles requiere mucha paciencia.,Изготовление мебели требует много терпения.
3961,3961,El film que vimos anoche fue muy emocionante.,"Фильм, который мы посмотрели прошлой ночью, был очень захватывающим."
3962,3962,El bolo de carne que preparó estaba delicioso.,"Кусок мяса, который она приготовила, был вкусным."
