id,word_id,form,grammar,person,tense
1,14,llamo,present,yo,şimdi
2,14,llamas,present,tú,şimdi
3,14,llama,present,él/ella,şimdi
4,14,llamamos,present,nosotros,şimdi
5,14,llamáis,present,vosotros,şimdi
6,14,llaman,present,ellos,şimdi
7,14,llamé,past,yo,di
8,14,llamaste,past,tú,di
9,14,llamó,past,él/ella,di
10,14,llamamos,past,nosotros,di
11,14,llamasteis,past,vosotros,di
12,14,llamaron,past,ellos,di
13,14,llamaré,future,yo,gelecek
14,14,llamarás,future,tú,gelecek
15,14,llamará,future,él/ella,gelecek
16,14,llamaremos,future,nosotros,gelecek
17,14,llamaréis,future,vosotros,gelecek
18,14,llamarán,future,ellos,gelecek
19,15,soy,present,yo,şimdi
20,15,eres,present,tú,şimdi
21,15,es,present,él/ella,şimdi
22,15,somos,present,nosotros,şimdi
23,15,sois,present,vosotros,şimdi
24,15,son,present,ellos,şimdi
25,15,fui,past,yo,di
26,15,fuiste,past,tú,di
27,15,fue,past,él/ella,di
28,15,fuimos,past,nosotros,di
29,15,fuisteis,past,vosotros,di
30,15,fueron,past,ellos,di
31,15,seré,future,yo,gelecek
32,15,serás,future,tú,gelecek
33,15,será,future,él/ella,gelecek
34,15,seremos,future,nosotros,gelecek
35,15,seréis,future,vosotros,gelecek
36,15,serán,future,ellos,gelecek
37,16,estoy,present,yo,şimdi
38,16,estás,present,tú,şimdi
39,16,está,present,él/ella,şimdi
40,16,estamos,present,nosotros,şimdi
41,16,estáis,present,vosotros,şimdi
42,16,están,present,ellos,şimdi
43,16,estuve,past,yo,di
44,16,estuviste,past,tú,di
45,16,estuvo,past,él/ella,di
46,16,estuvimos,past,nosotros,di
47,16,estuvisteis,past,vosotros,di
48,16,estuvieron,past,ellos,di
49,16,estaré,future,yo,gelecek
50,16,estarás,future,tú,gelecek
51,16,estará,future,él/ella,gelecek
52,16,estaremos,future,nosotros,gelecek
53,16,estaréis,future,vosotros,gelecek
54,16,estarán,future,ellos,gelecek
55,61,hablo,present,yo,şimdi
56,61,hablas,present,tú,şimdi
57,61,habla,present,él/ella,şimdi
58,61,hablamos,present,nosotros,şimdi
59,61,habláis,present,vosotros,şimdi
60,61,hablan,present,ellos,şimdi
61,61,hablé,past,yo,di
62,61,hablaste,past,tú,di
63,61,habló,past,él/ella,di
64,61,hablamos,past,nosotros,di
65,61,hablasteis,past,vosotros,di
66,61,hablaron,past,ellos,di
67,61,hablaré,future,yo,gelecek
68,61,hablarás,future,tú,gelecek
69,61,hablará,future,él/ella,gelecek
70,61,hablaremos,future,nosotros,gelecek
71,61,hablaréis,future,vosotros,gelecek
72,61,hablarán,future,ellos,gelecek
73,62,vivo,present,yo,şimdi
74,62,vives,present,tú,şimdi
75,62,vive,present,él/ella,şimdi
76,62,vivimos,present,nosotros,şimdi
77,62,vivís,present,vosotros,şimdi
78,62,viven,present,ellos,şimdi
79,62,viví,past,yo,di
80,62,viviste,past,tú,di
81,62,vivió,past,él/ella,di
82,62,vivimos,past,nosotros,di
83,62,vivisteis,past,vosotros,di
84,62,vivieron,past,ellos,di
85,62,viviré,future,yo,gelecek
86,62,vivirás,future,tú,gelecek
87,62,vivirá,future,él/ella,gelecek
88,62,viviremos,future,nosotros,gelecek
89,62,viviréis,future,vosotros,gelecek
90,62,vivirán,future,ellos,gelecek
91,63,trabajo,present,yo,şimdi
92,63,trabajas,present,tú,şimdi
93,63,trabaja,present,él/ella,şimdi
94,63,trabajamos,present,nosotros,şimdi
95,63,trabajáis,present,vosotros,şimdi
96,63,trabajan,present,ellos,şimdi
97,63,trabajé,past,yo,di
98,63,trabajaste,past,tú,di
99,63,trabajó,past,él/ella,di
100,63,trabajamos,past,nosotros,di
101,63,trabajasteis,past,vosotros,di
102,63,trabajaron,past,ellos,di
103,63,trabajaré,future,yo,gelecek
104,63,trabajarás,future,tú,gelecek
105,63,trabajará,future,él/ella,gelecek
106,63,trabajaremos,future,nosotros,gelecek
107,63,trabajaréis,future,vosotros,gelecek
108,63,trabajarán,future,ellos,gelecek
109,64,estudio,present,yo,şimdi
110,64,estudias,present,tú,şimdi
111,64,estudia,present,él/ella,şimdi
112,64,estudiamos,present,nosotros,şimdi
113,64,estudiáis,present,vosotros,şimdi
114,64,estudian,present,ellos,şimdi
115,64,estudié,past,yo,di
116,64,estudiaste,past,tú,di
117,64,estudió,past,él/ella,di
118,64,estudiamos,past,nosotros,di
119,64,estudiasteis,past,vosotros,di
120,64,estudiaron,past,ellos,di
121,64,estudiaré,future,yo,gelecek
122,64,estudiarás,future,tú,gelecek
123,64,estudiará,future,él/ella,gelecek
124,64,estudiaremos,future,nosotros,gelecek
125,64,estudiaréis,future,vosotros,gelecek
126,64,estudiarán,future,ellos,gelecek
127,82,tengo,present,yo,şimdi
128,82,tienes,present,tú,şimdi
129,82,tiene,present,él/ella,şimdi
130,82,tenemos,present,nosotros,şimdi
131,82,tenéis,present,vosotros,şimdi
132,82,tienen,present,ellos,şimdi
133,82,tuve,past,yo,di
134,82,tuviste,past,tú,di
135,82,tuvo,past,él/ella,di
136,82,tuvimos,past,nosotros,di
137,82,tuvisteis,past,vosotros,di
138,82,tuvieron,past,ellos,di
139,82,tendré,future,yo,gelecek
140,82,tendrás,future,tú,gelecek
141,82,tendrá,future,él/ella,gelecek
142,82,tendremos,future,nosotros,gelecek
143,82,tendréis,future,vosotros,gelecek
144,82,tendrán,future,ellos,gelecek
145,127,voy,present,yo,şimdi
146,127,vas,present,tú,şimdi
147,127,va,present,él/ella,şimdi
148,127,vamos,present,nosotros,şimdi
149,127,vais,present,vosotros,şimdi
150,127,van,present,ellos,şimdi
151,127,fui,past,yo,di
152,127,fuiste,past,tú,di
153,127,fue,past,él/ella,di
154,127,fuimos,past,nosotros,di
155,127,fuisteis,past,vosotros,di
156,127,fueron,past,ellos,di
157,127,iré,future,yo,gelecek
158,127,irás,future,tú,gelecek
159,127,irá,future,él/ella,gelecek
160,127,iremos,future,nosotros,gelecek
161,127,iréis,future,vosotros,gelecek
162,127,irán,future,ellos,gelecek
163,132,me gusta,present,yo,şimdi
164,132,te gusta,present,tú,şimdi
165,132,le gusta,present,él/ella,şimdi
166,132,nos gusta,present,nosotros,şimdi
167,132,os gusta,present,vosotros,şimdi
168,132,les gustan,present,ellos,şimdi
169,132,me gustó,past,yo,di
170,132,te gustó,past,tú,di
171,132,le gustó,past,él/ella,di
172,132,nos gustó,past,nosotros,di
173,132,os gustó,past,vosotros,di
174,132,les gustaron,past,ellos,di
175,132,me gustará,future,yo,gelecek
176,132,te gustará,future,tú,gelecek
177,132,le gustará,future,él/ella,gelecek
178,132,nos gustará,future,nosotros,gelecek
179,132,os gustará,future,vosotros,gelecek
180,132,les gustarán,future,ellos,gelecek
181,133,me encanta,present,yo,şimdi
182,133,te encanta,present,tú,şimdi
183,133,le encanta,present,él/ella,şimdi
184,133,nos encanta,present,nosotros,şimdi
185,133,os encanta,present,vosotros,şimdi
186,133,les encantan,present,ellos,şimdi
187,133,me encantó,past,yo,di
188,133,te encantó,past,tú,di
189,133,le encantó,past,él/ella,di
190,133,nos encantó,past,nosotros,di
191,133,os encantó,past,vosotros,di
192,133,les encantaron,past,ellos,di
193,133,me encantará,future,yo,gelecek
194,133,te encantará,future,tú,gelecek
195,133,le encantará,future,él/ella,gelecek
196,133,nos encantará,future,nosotros,gelecek
197,133,os encantará,future,vosotros,gelecek
198,133,les encantarán,future,ellos,gelecek
199,134,me interesa,present,yo,şimdi
200,134,te interesa,present,tú,şimdi
201,134,le interesa,present,él/ella,şimdi
202,134,nos interesa,present,nosotros,şimdi
203,134,os interesa,present,vosotros,şimdi
204,134,les interesan,present,ellos,şimdi
205,134,me interesó,past,yo,di
206,134,te interesó,past,tú,di
207,134,le interesó,past,él/ella,di
208,134,nos interesó,past,nosotros,di
209,134,os interesó,past,vosotros,di
210,134,les interesaron,past,ellos,di
211,134,me interesará,future,yo,gelecek
212,134,te interesará,future,tú,gelecek
213,134,le interesará,future,él/ella,gelecek
214,134,nos interesará,future,nosotros,gelecek
215,134,os interesará,future,vosotros,gelecek
216,134,les interesarán,future,ellos,gelecek
217,135,odio,present,yo,şimdi
218,135,odias,present,tú,şimdi
219,135,odia,present,él/ella,şimdi
220,135,odiamos,present,nosotros,şimdi
221,135,odiáis,present,vosotros,şimdi
222,135,odian,present,ellos,şimdi
223,135,odié,past,yo,di
224,135,odiaste,past,tú,di
225,135,odió,past,él/ella,di
226,135,odiamos,past,nosotros,di
227,135,odiasteis,past,vosotros,di
228,135,odiaron,past,ellos,di
229,135,odiaré,future,yo,gelecek
230,135,odiarás,future,tú,gelecek
231,135,odiará,future,él/ella,gelecek
232,135,odiaremos,future,nosotros,gelecek
233,135,odiaréis,future,vosotros,gelecek
234,135,odiarán,future,ellos,gelecek
235,136,prefiero,present,yo,şimdi
236,136,prefieres,present,tú,şimdi
237,136,prefiere,present,él/ella,şimdi
238,136,preferimos,present,nosotros,şimdi
239,136,preferís,present,vosotros,şimdi
240,136,prefieren,present,ellos,şimdi
241,136,preferí,past,yo,di
242,136,preferiste,past,tú,di
243,136,preferió,past,él/ella,di
244,136,preferimos,past,nosotros,di
245,136,preferisteis,past,vosotros,di
246,136,preferieron,past,ellos,di
247,136,preferiré,future,yo,gelecek
248,136,preferirás,future,tú,gelecek
249,136,preferirá,future,él/ella,gelecek
250,136,preferiremos,future,nosotros,gelecek
251,136,preferiréis,future,vosotros,gelecek
252,136,preferirán,future,ellos,gelecek
253,147,corro,present,yo,şimdi
254,147,corres,present,tú,şimdi
255,147,corre,present,él/ella,şimdi
256,147,corremos,present,nosotros,şimdi
257,147,corréis,present,vosotros,şimdi
258,147,corren,present,ellos,şimdi
259,147,corrí,past,yo,di
260,147,corriste,past,tú,di
261,147,corrió,past,él/ella,di
262,147,corrimos,past,nosotros,di
263,147,corristeis,past,vosotros,di
264,147,corrieron,past,ellos,di
265,147,correré,future,yo,gelecek
266,147,correrás,future,tú,gelecek
267,147,correrá,future,él/ella,gelecek
268,147,correremos,future,nosotros,gelecek
269,147,correréis,future,vosotros,gelecek
270,147,correrán,future,ellos,gelecek
271,148,nado,present,yo,şimdi
272,148,nadas,present,tú,şimdi
273,148,nada,present,él/ella,şimdi
274,148,nadamos,present,nosotros,şimdi
275,148,nadáis,present,vosotros,şimdi
276,148,nadan,present,ellos,şimdi
277,148,nadé,past,yo,di
278,148,nadaste,past,tú,di
279,148,nadó,past,él/ella,di
280,148,nadamos,past,nosotros,di
281,148,nadasteis,past,vosotros,di
282,148,nadaron,past,ellos,di
283,148,nadaré,future,yo,gelecek
284,148,nadarás,future,tú,gelecek
285,148,nadará,future,él/ella,gelecek
286,148,nadaremos,future,nosotros,gelecek
287,148,nadaréis,future,vosotros,gelecek
288,148,nadarán,future,ellos,gelecek
289,149,bailo,present,yo,şimdi
290,149,bailas,present,tú,şimdi
291,149,baila,present,él/ella,şimdi
292,149,bailamos,present,nosotros,şimdi
293,149,bailáis,present,vosotros,şimdi
294,149,bailan,present,ellos,şimdi
295,149,bailé,past,yo,di
296,149,bailaste,past,tú,di
297,149,bailó,past,él/ella,di
298,149,bailamos,past,nosotros,di
299,149,bailasteis,past,vosotros,di
300,149,bailaron,past,ellos,di
301,149,bailaré,future,yo,gelecek
302,149,bailarás,future,tú,gelecek
303,149,bailará,future,él/ella,gelecek
304,149,bailaremos,future,nosotros,gelecek
305,149,bailaréis,future,vosotros,gelecek
306,149,bailarán,future,ellos,gelecek
307,150,canto,present,yo,şimdi
308,150,cantas,present,tú,şimdi
309,150,canta,present,él/ella,şimdi
310,150,cantamos,present,nosotros,şimdi
311,150,cantáis,present,vosotros,şimdi
312,150,cantan,present,ellos,şimdi
313,150,canté,past,yo,di
314,150,cantaste,past,tú,di
315,150,cantó,past,él/ella,di
316,150,cantamos,past,nosotros,di
317,150,cantasteis,past,vosotros,di
318,150,cantaron,past,ellos,di
319,150,cantaré,future,yo,gelecek
320,150,cantarás,future,tú,gelecek
321,150,cantará,future,él/ella,gelecek
322,150,cantaremos,future,nosotros,gelecek
323,150,cantaréis,future,vosotros,gelecek
324,150,cantarán,future,ellos,gelecek
325,151,leo,present,yo,şimdi
326,151,lees,present,tú,şimdi
327,151,lee,present,él/ella,şimdi
328,151,leemos,present,nosotros,şimdi
329,151,leéis,present,vosotros,şimdi
330,151,leen,present,ellos,şimdi
331,151,leí,past,yo,di
332,151,leíste,past,tú,di
333,151,leyó,past,él/ella,di
334,151,leímos,past,nosotros,di
335,151,leísteis,past,vosotros,di
336,151,leyeron,past,ellos,di
337,151,leeré,future,yo,gelecek
338,151,leerás,future,tú,gelecek
339,151,leerá,future,él/ella,gelecek
340,151,leeremos,future,nosotros,gelecek
341,151,leeréis,future,vosotros,gelecek
342,151,leerán,future,ellos,gelecek
343,152,escucho,present,yo,şimdi
344,152,escuchas,present,tú,şimdi
345,152,escucha,present,él/ella,şimdi
346,152,escuchamos,present,nosotros,şimdi
347,152,escucháis,present,vosotros,şimdi
348,152,escuchan,present,ellos,şimdi
349,152,escuché,past,yo,di
350,152,escuchaste,past,tú,di
351,152,escuchó,past,él/ella,di
352,152,escuchamos,past,nosotros,di
353,152,escuchasteis,past,vosotros,di
354,152,escucharon,past,ellos,di
355,152,escucharé,future,yo,gelecek
356,152,escucharás,future,tú,gelecek
357,152,escuchará,future,él/ella,gelecek
358,152,escucharemos,future,nosotros,gelecek
359,152,escucharéis,future,vosotros,gelecek
360,152,escucharán,future,ellos,gelecek
361,153,veo,present,yo,şimdi
362,153,ves,present,tú,şimdi
363,153,ve,present,él/ella,şimdi
364,153,vemos,present,nosotros,şimdi
365,153,veis,present,vosotros,şimdi
366,153,ven,present,ellos,şimdi
367,153,vi,past,yo,di
368,153,viste,past,tú,di
369,153,vio,past,él/ella,di
370,153,vimos,past,nosotros,di
371,153,visteis,past,vosotros,di
372,153,vieron,past,ellos,di
373,153,veré,future,yo,gelecek
374,153,verás,future,tú,gelecek
375,153,verá,future,él/ella,gelecek
376,153,veremos,future,nosotros,gelecek
377,153,veréis,future,vosotros,gelecek
378,153,verán,future,ellos,gelecek
379,154,viajo,present,yo,şimdi
380,154,viajas,present,tú,şimdi
381,154,viaja,present,él/ella,şimdi
382,154,viajamos,present,nosotros,şimdi
383,154,viajáis,present,vosotros,şimdi
384,154,viajan,present,ellos,şimdi
385,154,viajé,past,yo,di
386,154,viajaste,past,tú,di
387,154,viajó,past,él/ella,di
388,154,viajamos,past,nosotros,di
389,154,viajasteis,past,vosotros,di
390,154,viajaron,past,ellos,di
391,154,viajaré,future,yo,gelecek
392,154,viajarás,future,tú,gelecek
393,154,viajará,future,él/ella,gelecek
394,154,viajaremos,future,nosotros,gelecek
395,154,viajaréis,future,vosotros,gelecek
396,154,viajarán,future,ellos,gelecek
397,155,cocino,present,yo,şimdi
398,155,cocinas,present,tú,şimdi
399,155,cocina,present,él/ella,şimdi
400,155,cocinamos,present,nosotros,şimdi
401,155,cocináis,present,vosotros,şimdi
402,155,cocinan,present,ellos,şimdi
403,155,cociné,past,yo,di
404,155,cocinaste,past,tú,di
405,155,cocinó,past,él/ella,di
406,155,cocinamos,past,nosotros,di
407,155,cocinasteis,past,vosotros,di
408,155,cocinaron,past,ellos,di
409,155,cocinaré,future,yo,gelecek
410,155,cocinarás,future,tú,gelecek
411,155,cocinará,future,él/ella,gelecek
412,155,cocinaremos,future,nosotros,gelecek
413,155,cocinaréis,future,vosotros,gelecek
414,155,cocinarán,future,ellos,gelecek
415,156,pinto,present,yo,şimdi
416,156,pintas,present,tú,şimdi
417,156,pinta,present,él/ella,şimdi
418,156,pintamos,present,nosotros,şimdi
419,156,pintáis,present,vosotros,şimdi
420,156,pintan,present,ellos,şimdi
421,156,pinté,past,yo,di
422,156,pintaste,past,tú,di
423,156,pintó,past,él/ella,di
424,156,pintamos,past,nosotros,di
425,156,pintasteis,past,vosotros,di
426,156,pintaron,past,ellos,di
427,156,pintaré,future,yo,gelecek
428,156,pintarás,future,tú,gelecek
429,156,pintará,future,él/ella,gelecek
430,156,pintaremos,future,nosotros,gelecek
431,156,pintaréis,future,vosotros,gelecek
432,156,pintarán,future,ellos,gelecek
433,157,dibujo,present,yo,şimdi
434,157,dibujas,present,tú,şimdi
435,157,dibuja,present,él/ella,şimdi
436,157,dibujamos,present,nosotros,şimdi
437,157,dibujáis,present,vosotros,şimdi
438,157,dibujan,present,ellos,şimdi
439,157,dibujé,past,yo,di
440,157,dibujaste,past,tú,di
441,157,dibujó,past,él/ella,di
442,157,dibujamos,past,nosotros,di
443,157,dibujasteis,past,vosotros,di
444,157,dibujaron,past,ellos,di
445,157,dibujaré,future,yo,gelecek
446,157,dibujarás,future,tú,gelecek
447,157,dibujará,future,él/ella,gelecek
448,157,dibujaremos,future,nosotros,gelecek
449,157,dibujaréis,future,vosotros,gelecek
450,157,dibujarán,future,ellos,gelecek
451,158,juego,present,yo,şimdi
452,158,juegas,present,tú,şimdi
453,158,juega,present,él/ella,şimdi
454,158,jugamos,present,nosotros,şimdi
455,158,jugáis,present,vosotros,şimdi
456,158,juegan,present,ellos,şimdi
457,158,jugué,past,yo,di
458,158,jugaste,past,tú,di
459,158,jugó,past,él/ella,di
460,158,jugamos,past,nosotros,di
461,158,jugasteis,past,vosotros,di
462,158,jugaron,past,ellos,di
463,158,jugaré,future,yo,gelecek
464,158,jugarás,future,tú,gelecek
465,158,jugará,future,él/ella,gelecek
466,158,jugaremos,future,nosotros,gelecek
467,158,jugaréis,future,vosotros,gelecek
468,158,jugarán,future,ellos,gelecek
469,159,colecciono,present,yo,şimdi
470,159,coleccionas,present,tú,şimdi
471,159,colecciona,present,él/ella,şimdi
472,159,coleccionamos,present,nosotros,şimdi
473,159,coleccionáis,present,vosotros,şimdi
474,159,coleccionan,present,ellos,şimdi
475,159,coleccioné,past,yo,di
476,159,coleccionaste,past,tú,di
477,159,coleccionó,past,él/ella,di
478,159,coleccionamos,past,nosotros,di
479,159,coleccionasteis,past,vosotros,di
480,159,coleccionaron,past,ellos,di
481,159,coleccionaré,future,yo,gelecek
482,159,coleccionarás,future,tú,gelecek
483,159,coleccionará,future,él/ella,gelecek
484,159,coleccionaremos,future,nosotros,gelecek
485,159,coleccionaréis,future,vosotros,gelecek
486,159,coleccionarán,future,ellos,gelecek
487,188,me levanto,present,yo,şimdi
488,188,te levantas,present,tú,şimdi
489,188,se levanta,present,él/ella,şimdi
490,188,nos levantamos,present,nosotros,şimdi
491,188,os levantáis,present,vosotros,şimdi
492,188,se levantan,present,ellos,şimdi
493,188,me levanté,past,yo,di
494,188,te levantaste,past,tú,di
495,188,se levantó,past,él/ella,di
496,188,nos levantamos,past,nosotros,di
497,188,os levantasteis,past,vosotros,di
498,188,se levantaron,past,ellos,di
499,188,me levantaré,future,yo,gelecek
500,188,te levantarás,future,tú,gelecek
501,188,se levantará,future,él/ella,gelecek
502,188,nos levantaremos,future,nosotros,gelecek
503,188,os levantaréis,future,vosotros,gelecek
504,188,se levantarán,future,ellos,gelecek
505,189,me acuesto,present,yo,şimdi
506,189,te acuestas,present,tú,şimdi
507,189,se acuesta,present,él/ella,şimdi
508,189,nos acostamos,present,nosotros,şimdi
509,189,os acostáis,present,vosotros,şimdi
510,189,se acuestan,present,ellos,şimdi
511,189,me acosté,past,yo,di
512,189,te acostaste,past,tú,di
513,189,se acostó,past,él/ella,di
514,189,nos acostamos,past,nosotros,di
515,189,os acostasteis,past,vosotros,di
516,189,se acostaron,past,ellos,di
517,189,me acostaré,future,yo,gelecek
518,189,te acostarás,future,tú,gelecek
519,189,se acostará,future,él/ella,gelecek
520,189,nos acostaremos,future,nosotros,gelecek
521,189,os acostaréis,future,vosotros,gelecek
522,189,se acostarán,future,ellos,gelecek
523,190,me despierto,present,yo,şimdi
524,190,te despiertas,present,tú,şimdi
525,190,se despierta,present,él/ella,şimdi
526,190,nos despertamos,present,nosotros,şimdi
527,190,os despertáis,present,vosotros,şimdi
528,190,se despiertan,present,ellos,şimdi
529,190,me desperté,past,yo,di
530,190,te despertaste,past,tú,di
531,190,se despertó,past,él/ella,di
532,190,nos despertamos,past,nosotros,di
533,190,os despertasteis,past,vosotros,di
534,190,se despertaron,past,ellos,di
535,190,me despertaré,future,yo,gelecek
536,190,te despertarás,future,tú,gelecek
537,190,se despertará,future,él/ella,gelecek
538,190,nos despertaremos,future,nosotros,gelecek
539,190,os despertaréis,future,vosotros,gelecek
540,190,se despertarán,future,ellos,gelecek
541,191,me ducho,present,yo,şimdi
542,191,te duchas,present,tú,şimdi
543,191,se ducha,present,él/ella,şimdi
544,191,nos duchamos,present,nosotros,şimdi
545,191,os ducháis,present,vosotros,şimdi
546,191,se duchan,present,ellos,şimdi
547,191,me duché,past,yo,di
548,191,te duchaste,past,tú,di
549,191,se duchó,past,él/ella,di
550,191,nos duchamos,past,nosotros,di
551,191,os duchasteis,past,vosotros,di
552,191,se ducharon,past,ellos,di
553,191,me ducharé,future,yo,gelecek
554,191,te ducharás,future,tú,gelecek
555,191,se duchará,future,él/ella,gelecek
556,191,nos ducharemos,future,nosotros,gelecek
557,191,os ducharéis,future,vosotros,gelecek
558,191,se ducharán,future,ellos,gelecek
559,192,me visto,present,yo,şimdi
560,192,te vistes,present,tú,şimdi
561,192,se viste,present,él/ella,şimdi
562,192,nos vestimos,present,nosotros,şimdi
563,192,os vestís,present,vosotros,şimdi
564,192,se visten,present,ellos,şimdi
565,192,me vestí,past,yo,di
566,192,te vestiste,past,tú,di
567,192,se vistió,past,él/ella,di
568,192,nos vestimos,past,nosotros,di
569,192,os vestisteis,past,vosotros,di
570,192,se vistieron,past,ellos,di
571,192,me vestiré,future,yo,gelecek
572,192,te vestirás,future,tú,gelecek
573,192,se vestirá,future,él/ella,gelecek
574,192,nos vestiremos,future,nosotros,gelecek
575,192,os vestiréis,future,vosotros,gelecek
576,192,se vestirán,future,ellos,gelecek
577,193,desayuno,present,yo,şimdi
578,193,desayunas,present,tú,şimdi
579,193,desayuna,present,él/ella,şimdi
580,193,desayunamos,present,nosotros,şimdi
581,193,desayunáis,present,vosotros,şimdi
582,193,desayunan,present,ellos,şimdi
583,193,desayuné,past,yo,di
584,193,desayunaste,past,tú,di
585,193,desayunó,past,él/ella,di
586,193,desayunamos,past,nosotros,di
587,193,desayunasteis,past,vosotros,di
588,193,desayunaron,past,ellos,di
589,193,desayunaré,future,yo,gelecek
590,193,desayunarás,future,tú,gelecek
591,193,desayunará,future,él/ella,gelecek
592,193,desayunaremos,future,nosotros,gelecek
593,193,desayunaréis,future,vosotros,gelecek
594,193,desayunarán,future,ellos,gelecek
595,194,almuerzo,present,yo,şimdi
596,194,almuerzas,present,tú,şimdi
597,194,almuerza,present,él/ella,şimdi
598,194,almorzamos,present,nosotros,şimdi
599,194,almorzáis,present,vosotros,şimdi
600,194,almuerzan,present,ellos,şimdi
601,194,almorcé,past,yo,di
602,194,almorzaste,past,tú,di
603,194,almorzó,past,él/ella,di
604,194,almorzamos,past,nosotros,di
605,194,almorzasteis,past,vosotros,di
606,194,almorzaron,past,ellos,di
607,194,almorzaré,future,yo,gelecek
608,194,almorzarás,future,tú,gelecek
609,194,almorzará,future,él/ella,gelecek
610,194,almorzaremos,future,nosotros,gelecek
611,194,almorzaréis,future,vosotros,gelecek
612,194,almorzarán,future,ellos,gelecek
613,195,ceno,present,yo,şimdi
614,195,cenas,present,tú,şimdi
615,195,cena,present,él/ella,şimdi
616,195,cenamos,present,nosotros,şimdi
617,195,cenáis,present,vosotros,şimdi
618,195,cenan,present,ellos,şimdi
619,195,cené,past,yo,di
620,195,cenaste,past,tú,di
621,195,cenó,past,él/ella,di
622,195,cenamos,past,nosotros,di
623,195,cenasteis,past,vosotros,di
624,195,cenaron,past,ellos,di
625,195,cenaré,future,yo,gelecek
626,195,cenarás,future,tú,gelecek
627,195,cenará,future,él/ella,gelecek
628,195,cenaremos,future,nosotros,gelecek
629,195,cenaréis,future,vosotros,gelecek
630,195,cenarán,future,ellos,gelecek
631,196,vuelvo,present,yo,şimdi
632,196,vuelves,present,tú,şimdi
633,196,vuelve,present,él/ella,şimdi
634,196,volvemos,present,nosotros,şimdi
635,196,volvéis,present,vosotros,şimdi
636,196,vuelven,present,ellos,şimdi
637,196,volví,past,yo,di
638,196,volviste,past,tú,di
639,196,volvió,past,él/ella,di
640,196,volvimos,past,nosotros,di
641,196,volvisteis,past,vosotros,di
642,196,volvieron,past,ellos,di
643,196,volveré,future,yo,gelecek
644,196,volverás,future,tú,gelecek
645,196,volverá,future,él/ella,gelecek
646,196,volveremos,future,nosotros,gelecek
647,196,volveréis,future,vosotros,gelecek
648,196,volverán,future,ellos,gelecek
649,197,duermo,present,yo,şimdi
650,197,duermes,present,tú,şimdi
651,197,duerme,present,él/ella,şimdi
652,197,dormimos,present,nosotros,şimdi
653,197,dormís,present,vosotros,şimdi
654,197,duermen,present,ellos,şimdi
655,197,dormí,past,yo,di
656,197,dormiste,past,tú,di
657,197,durmió,past,él/ella,di
658,197,dormimos,past,nosotros,di
659,197,dormisteis,past,vosotros,di
660,197,durmieron,past,ellos,di
661,197,dormiré,future,yo,gelecek
662,197,dormirás,future,tú,gelecek
663,197,dormirá,future,él/ella,gelecek
664,197,dormiremos,future,nosotros,gelecek
665,197,dormiréis,future,vosotros,gelecek
666,197,dormirán,future,ellos,gelecek
667,247,como,present,yo,şimdi
668,247,comes,present,tú,şimdi
669,247,come,present,él/ella,şimdi
670,247,comemos,present,nosotros,şimdi
671,247,coméis,present,vosotros,şimdi
672,247,comen,present,ellos,şimdi
673,247,comí,past,yo,di
674,247,comiste,past,tú,di
675,247,comió,past,él/ella,di
676,247,comimos,past,nosotros,di
677,247,comisteis,past,vosotros,di
678,247,comieron,past,ellos,di
679,247,comeré,future,yo,gelecek
680,247,comerás,future,tú,gelecek
681,247,comerá,future,él/ella,gelecek
682,247,comeremos,future,nosotros,gelecek
683,247,comeréis,future,vosotros,gelecek
684,247,comerán,future,ellos,gelecek
685,248,bebo,present,yo,şimdi
686,248,bebes,present,tú,şimdi
687,248,bebe,present,él/ella,şimdi
688,248,bebemos,present,nosotros,şimdi
689,248,bebéis,present,vosotros,şimdi
690,248,beben,present,ellos,şimdi
691,248,bebí,past,yo,di
692,248,bebiste,past,tú,di
693,248,bebió,past,él/ella,di
694,248,bebimos,past,nosotros,di
695,248,bebisteis,past,vosotros,di
696,248,bebieron,past,ellos,di
697,248,beberé,future,yo,gelecek
698,248,beberás,future,tú,gelecek
699,248,beberá,future,él/ella,gelecek
700,248,beberemos,future,nosotros,gelecek
701,248,beberéis,future,vosotros,gelecek
702,248,beberán,future,ellos,gelecek
703,249,pruebo,present,yo,şimdi
704,249,pruebas,present,tú,şimdi
705,249,prueba,present,él/ella,şimdi
706,249,probamos,present,nosotros,şimdi
707,249,probáis,present,vosotros,şimdi
708,249,prueban,present,ellos,şimdi
709,249,probé,past,yo,di
710,249,probaste,past,tú,di
711,249,probó,past,él/ella,di
712,249,probamos,past,nosotros,di
713,249,probasteis,past,vosotros,di
714,249,probaron,past,ellos,di
715,249,probaré,future,yo,gelecek
716,249,probarás,future,tú,gelecek
717,249,probará,future,él/ella,gelecek
718,249,probaremos,future,nosotros,gelecek
719,249,probaréis,future,vosotros,gelecek
720,249,probarán,future,ellos,gelecek
721,250,pido,present,yo,şimdi
722,250,pides,present,tú,şimdi
723,250,pide,present,él/ella,şimdi
724,250,pedimos,present,nosotros,şimdi
725,250,pedís,present,vosotros,şimdi
726,250,piden,present,ellos,şimdi
727,250,pedí,past,yo,di
728,250,pediste,past,tú,di
729,250,pidió,past,él/ella,di
730,250,pedimos,past,nosotros,di
731,250,pedisteis,past,vosotros,di
732,250,pidieron,past,ellos,di
733,250,pediré,future,yo,gelecek
734,250,pedirás,future,tú,gelecek
735,250,pedirá,future,él/ella,gelecek
736,250,pediremos,future,nosotros,gelecek
737,250,pediréis,future,vosotros,gelecek
738,250,pedirán,future,ellos,gelecek
739,283,llevo,present,yo,şimdi
740,283,llevas,present,tú,şimdi
741,283,lleva,present,él/ella,şimdi
742,283,llevamos,present,nosotros,şimdi
743,283,lleváis,present,vosotros,şimdi
744,283,llevan,present,ellos,şimdi
745,283,llevé,past,yo,di
746,283,llevaste,past,tú,di
747,283,llevó,past,él/ella,di
748,283,llevamos,past,nosotros,di
749,283,llevasteis,past,vosotros,di
750,283,llevaron,past,ellos,di
751,283,llevaré,future,yo,gelecek
752,283,llevarás,future,tú,gelecek
753,283,llevará,future,él/ella,gelecek
754,283,llevaremos,future,nosotros,gelecek
755,283,llevaréis,future,vosotros,gelecek
756,283,llevarán,future,ellos,gelecek
757,284,me pongo,present,yo,şimdi
758,284,te pones,present,tú,şimdi
759,284,se pone,present,él/ella,şimdi
760,284,nos ponemos,present,nosotros,şimdi
761,284,os ponéis,present,vosotros,şimdi
762,284,se ponen,present,ellos,şimdi
763,284,me puse,past,yo,di
764,284,te pusiste,past,tú,di
765,284,se puso,past,él/ella,di
766,284,nos pusimos,past,nosotros,di
767,284,os pusisteis,past,vosotros,di
768,284,se pusieron,past,ellos,di
769,284,me pondré,future,yo,gelecek
770,284,te pondrás,future,tú,gelecek
771,284,se pondrá,future,él/ella,gelecek
772,284,nos pondremos,future,nosotros,gelecek
773,284,os pondréis,future,vosotros,gelecek
774,284,se pondrán,future,ellos,gelecek
775,285,me quito,present,yo,şimdi
776,285,te quitas,present,tú,şimdi
777,285,se quita,present,él/ella,şimdi
778,285,nos quitamos,present,nosotros,şimdi
779,285,os quitáis,present,vosotros,şimdi
780,285,se quitan,present,ellos,şimdi
781,285,me quité,past,yo,di
782,285,te quitaste,past,tú,di
783,285,se quitó,past,él/ella,di
784,285,nos quitamos,past,nosotros,di
785,285,os quitasteis,past,vosotros,di
786,285,se quitaron,past,ellos,di
787,285,me quitaré,future,yo,gelecek
788,285,te quitarás,future,tú,gelecek
789,285,se quitará,future,él/ella,gelecek
790,285,nos quitaremos,future,nosotros,gelecek
791,285,os quitaréis,future,vosotros,gelecek
792,285,se quitarán,future,ellos,gelecek
793,286,compro,present,yo,şimdi
794,286,compras,present,tú,şimdi
795,286,compra,present,él/ella,şimdi
796,286,compramos,present,nosotros,şimdi
797,286,compráis,present,vosotros,şimdi
798,286,compran,present,ellos,şimdi
799,286,compré,past,yo,di
800,286,compraste,past,tú,di
801,286,compró,past,él/ella,di
802,286,compramos,past,nosotros,di
803,286,comprasteis,past,vosotros,di
804,286,compraron,past,ellos,di
805,286,compraré,future,yo,gelecek
806,286,comprarás,future,tú,gelecek
807,286,comprará,future,él/ella,gelecek
808,286,compraremos,future,nosotros,gelecek
809,286,compraréis,future,vosotros,gelecek
810,286,comprarán,future,ellos,gelecek
811,287,vendo,present,yo,şimdi
812,287,vendes,present,tú,şimdi
813,287,vende,present,él/ella,şimdi
814,287,vendemos,present,nosotros,şimdi
815,287,vendéis,present,vosotros,şimdi
816,287,venden,present,ellos,şimdi
817,287,vendí,past,yo,di
818,287,vendiste,past,tú,di
819,287,vendió,past,él/ella,di
820,287,vendimos,past,nosotros,di
821,287,vendisteis,past,vosotros,di
822,287,vendieron,past,ellos,di
823,287,venderé,future,yo,gelecek
824,287,venderás,future,tú,gelecek
825,287,venderá,future,él/ella,gelecek
826,287,venderemos,future,nosotros,gelecek
827,287,venderéis,future,vosotros,gelecek
828,287,venderán,future,ellos,gelecek
829,288,pago,present,yo,şimdi
830,288,pagas,present,tú,şimdi
831,288,paga,present,él/ella,şimdi
832,288,pagamos,present,nosotros,şimdi
833,288,pagáis,present,vosotros,şimdi
834,288,pagan,present,ellos,şimdi
835,288,pagué,past,yo,di
836,288,pagaste,past,tú,di
837,288,pagó,past,él/ella,di
838,288,pagamos,past,nosotros,di
839,288,pagasteis,past,vosotros,di
840,288,pagaron,past,ellos,di
841,288,pagaré,future,yo,gelecek
842,288,pagarás,future,tú,gelecek
843,288,pagará,future,él/ella,gelecek
844,288,pagaremos,future,nosotros,gelecek
845,288,pagaréis,future,vosotros,gelecek
846,288,pagarán,future,ellos,gelecek
847,289,cuesto,present,yo,şimdi
848,289,cuestas,present,tú,şimdi
849,289,cuesta,present,él/ella,şimdi
850,289,costamos,present,nosotros,şimdi
851,289,costáis,present,vosotros,şimdi
852,289,cuestan,present,ellos,şimdi
853,289,costé,past,yo,di
854,289,costaste,past,tú,di
855,289,costó,past,él/ella,di
856,289,costamos,past,nosotros,di
857,289,costasteis,past,vosotros,di
858,289,costaron,past,ellos,di
859,289,costaré,future,yo,gelecek
860,289,costarás,future,tú,gelecek
861,289,costará,future,él/ella,gelecek
862,289,costaremos,future,nosotros,gelecek
863,289,costaréis,future,vosotros,gelecek
864,289,costarán,future,ellos,gelecek
865,316,me parece,present,yo,şimdi
866,316,te parece,present,tú,şimdi
867,316,le parece,present,él/ella,şimdi
868,316,nos parece,present,nosotros,şimdi
869,316,os parece,present,vosotros,şimdi
870,316,les parecen,present,ellos,şimdi
871,316,me pareció,past,yo,di
872,316,te pareció,past,tú,di
873,316,le pareció,past,él/ella,di
874,316,nos pareció,past,nosotros,di
875,316,os pareció,past,vosotros,di
876,316,les parecieron,past,ellos,di
877,316,me parecerá,future,yo,gelecek
878,316,te parecerá,future,tú,gelecek
879,316,le parecerá,future,él/ella,gelecek
880,316,nos parecerá,future,nosotros,gelecek
881,316,os parecerá,future,vosotros,gelecek
882,316,les parecerán,future,ellos,gelecek
883,326,visito,present,yo,şimdi
884,326,visitas,present,tú,şimdi
885,326,visita,present,él/ella,şimdi
886,326,visitamos,present,nosotros,şimdi
887,326,visitáis,present,vosotros,şimdi
888,326,visitan,present,ellos,şimdi
889,326,visité,past,yo,di
890,326,visitaste,past,tú,di
891,326,visitó,past,él/ella,di
892,326,visitamos,past,nosotros,di
893,326,visitasteis,past,vosotros,di
894,326,visitaron,past,ellos,di
895,326,visitaré,future,yo,gelecek
896,326,visitarás,future,tú,gelecek
897,326,visitará,future,él/ella,gelecek
898,326,visitaremos,future,nosotros,gelecek
899,326,visitaréis,future,vosotros,gelecek
900,326,visitarán,future,ellos,gelecek
901,327,conoczco,present,yo,şimdi
902,327,conoces,present,tú,şimdi
903,327,conoce,present,él/ella,şimdi
904,327,conocemos,present,nosotros,şimdi
905,327,conocéis,present,vosotros,şimdi
906,327,conocen,present,ellos,şimdi
907,327,conocí,past,yo,di
908,327,conociste,past,tú,di
909,327,conoció,past,él/ella,di
910,327,conocimos,past,nosotros,di
911,327,conocisteis,past,vosotros,di
912,327,conocieron,past,ellos,di
913,327,conoceré,future,yo,gelecek
914,327,conocerás,future,tú,gelecek
915,327,conocerá,future,él/ella,gelecek
916,327,conoceremos,future,nosotros,gelecek
917,327,conoceréis,future,vosotros,gelecek
918,327,conocerán,future,ellos,gelecek
919,328,hago,present,yo,şimdi
920,328,haces,present,tú,şimdi
921,328,hace,present,él/ella,şimdi
922,328,hacemos,present,nosotros,şimdi
923,328,hacéis,present,vosotros,şimdi
924,328,hacen,present,ellos,şimdi
925,328,hice,past,yo,di
926,328,hiciste,past,tú,di
927,328,hizo,past,él/ella,di
928,328,hicimos,past,nosotros,di
929,328,hicisteis,past,vosotros,di
930,328,hicieron,past,ellos,di
931,328,haré,future,yo,gelecek
932,328,harás,future,tú,gelecek
933,328,hará,future,él/ella,gelecek
934,328,haremos,future,nosotros,gelecek
935,328,haréis,future,vosotros,gelecek
936,328,harán,future,ellos,gelecek
937,329,salgo,present,yo,şimdi
938,329,sales,present,tú,şimdi
939,329,sale,present,él/ella,şimdi
940,329,salimos,present,nosotros,şimdi
941,329,salís,present,vosotros,şimdi
942,329,salen,present,ellos,şimdi
943,329,salí,past,yo,di
944,329,saliste,past,tú,di
945,329,salió,past,él/ella,di
946,329,salimos,past,nosotros,di
947,329,salisteis,past,vosotros,di
948,329,salieron,past,ellos,di
949,329,saldré,future,yo,gelecek
950,329,saldrás,future,tú,gelecek
951,329,saldrá,future,él/ella,gelecek
952,329,saldremos,future,nosotros,gelecek
953,329,saldréis,future,vosotros,gelecek
954,329,saldrán,future,ellos,gelecek
955,330,llego,present,yo,şimdi
956,330,llegas,present,tú,şimdi
957,330,llega,present,él/ella,şimdi
958,330,llegamos,present,nosotros,şimdi
959,330,llegáis,present,vosotros,şimdi
960,330,llegan,present,ellos,şimdi
961,330,llegué,past,yo,di
962,330,llegaste,past,tú,di
963,330,llegó,past,él/ella,di
964,330,llegamos,past,nosotros,di
965,330,llegasteis,past,vosotros,di
966,330,llegaron,past,ellos,di
967,330,llegaré,future,yo,gelecek
968,330,llegarás,future,tú,gelecek
969,330,llegará,future,él/ella,gelecek
970,330,llegaremos,future,nosotros,gelecek
971,330,llegaréis,future,vosotros,gelecek
972,330,llegarán,future,ellos,gelecek
973,331,paso,present,yo,şimdi
974,331,pasas,present,tú,şimdi
975,331,pasa,present,él/ella,şimdi
976,331,pasamos,present,nosotros,şimdi
977,331,pasáis,present,vosotros,şimdi
978,331,pasan,present,ellos,şimdi
979,331,pasé,past,yo,di
980,331,pasaste,past,tú,di
981,331,pasó,past,él/ella,di
982,331,pasamos,past,nosotros,di
983,331,pasasteis,past,vosotros,di
984,331,pasaron,past,ellos,di
985,331,pasaré,future,yo,gelecek
986,331,pasarás,future,tú,gelecek
987,331,pasará,future,él/ella,gelecek
988,331,pasaremos,future,nosotros,gelecek
989,331,pasaréis,future,vosotros,gelecek
990,331,pasarán,future,ellos,gelecek
991,350,traduczco,present,yo,şimdi
992,350,traduces,present,tú,şimdi
993,350,traduce,present,él/ella,şimdi
994,350,traducimos,present,nosotros,şimdi
995,350,traducís,present,vosotros,şimdi
996,350,traducen,present,ellos,şimdi
997,350,traduje,past,yo,di
998,350,tradujiste,past,tú,di
999,350,tradujo,past,él/ella,di
1000,350,tradujimos,past,nosotros,di
1001,350,tradujisteis,past,vosotros,di
1002,350,tradujeron,past,ellos,di
1003,350,traduciré,future,yo,gelecek
1004,350,traducirás,future,tú,gelecek
1005,350,traducirá,future,él/ella,gelecek
1006,350,traduciremos,future,nosotros,gelecek
1007,350,traduciréis,future,vosotros,gelecek
1008,350,traducirán,future,ellos,gelecek
1009,351,entiendo,present,yo,şimdi
1010,351,entiendes,present,tú,şimdi
1011,351,entiende,present,él/ella,şimdi
1012,351,entendemos,present,nosotros,şimdi
1013,351,entendéis,present,vosotros,şimdi
1014,351,entienden,present,ellos,şimdi
1015,351,entendí,past,yo,di
1016,351,entendiste,past,tú,di
1017,351,entendió,past,él/ella,di
1018,351,entendimos,past,nosotros,di
1019,351,entendisteis,past,vosotros,di
1020,351,entendieron,past,ellos,di
1021,351,entenderé,future,yo,gelecek
1022,351,entenderás,future,tú,gelecek
1023,351,entenderá,future,él/ella,gelecek
1024,351,entenderemos,future,nosotros,gelecek
1025,351,entenderéis,future,vosotros,gelecek
1026,351,entenderán,future,ellos,gelecek
1027,352,explico,present,yo,şimdi
1028,352,explicas,present,tú,şimdi
1029,352,explica,present,él/ella,şimdi
1030,352,explicamos,present,nosotros,şimdi
1031,352,explicáis,present,vosotros,şimdi
1032,352,explican,present,ellos,şimdi
1033,352,expliqué,past,yo,di
1034,352,explicaste,past,tú,di
1035,352,explicó,past,él/ella,di
1036,352,explicamos,past,nosotros,di
1037,352,explicasteis,past,vosotros,di
1038,352,explicaron,past,ellos,di
1039,352,explicaré,future,yo,gelecek
1040,352,explicarás,future,tú,gelecek
1041,352,explicará,future,él/ella,gelecek
1042,352,explicaremos,future,nosotros,gelecek
1043,352,explicaréis,future,vosotros,gelecek
1044,352,explicarán,future,ellos,gelecek
1045,353,repito,present,yo,şimdi
1046,353,repites,present,tú,şimdi
1047,353,repite,present,él/ella,şimdi
1048,353,repetimos,present,nosotros,şimdi
1049,353,repetís,present,vosotros,şimdi
1050,353,repiten,present,ellos,şimdi
1051,353,repetí,past,yo,di
1052,353,repetiste,past,tú,di
1053,353,repitió,past,él/ella,di
1054,353,repetimos,past,nosotros,di
1055,353,repetisteis,past,vosotros,di
1056,353,repitieron,past,ellos,di
1057,353,repetiré,future,yo,gelecek
1058,353,repetirás,future,tú,gelecek
1059,353,repetirá,future,él/ella,gelecek
1060,353,repetiremos,future,nosotros,gelecek
1061,353,repetiréis,future,vosotros,gelecek
1062,353,repetirán,future,ellos,gelecek
1063,354,me equivoco,present,yo,şimdi
1064,354,te equivocas,present,tú,şimdi
1065,354,se equivoca,present,él/ella,şimdi
1066,354,nos equivocamos,present,nosotros,şimdi
1067,354,os equivocáis,present,vosotros,şimdi
1068,354,se equivocan,present,ellos,şimdi
1069,354,me equivoqué,past,yo,di
1070,354,te equivocaste,past,tú,di
1071,354,se equivocó,past,él/ella,di
1072,354,nos equivocamos,past,nosotros,di
1073,354,os equivocasteis,past,vosotros,di
1074,354,se equivocaron,past,ellos,di
1075,354,me equivocaré,future,yo,gelecek
1076,354,te equivocarás,future,tú,gelecek
1077,354,se equivocará,future,él/ella,gelecek
1078,354,nos equivocaremos,future,nosotros,gelecek
1079,354,os equivocaréis,future,vosotros,gelecek
1080,354,se equivocarán,future,ellos,gelecek
1081,355,mejoro,present,yo,şimdi
1082,355,mejoras,present,tú,şimdi
1083,355,mejora,present,él/ella,şimdi
1084,355,mejoramos,present,nosotros,şimdi
1085,355,mejoráis,present,vosotros,şimdi
1086,355,mejoran,present,ellos,şimdi
1087,355,mejoré,past,yo,di
1088,355,mejoraste,past,tú,di
1089,355,mejoró,past,él/ella,di
1090,355,mejoramos,past,nosotros,di
1091,355,mejorasteis,past,vosotros,di
1092,355,mejoraron,past,ellos,di
1093,355,mejoraré,future,yo,gelecek
1094,355,mejorarás,future,tú,gelecek
1095,355,mejorará,future,él/ella,gelecek
1096,355,mejoraremos,future,nosotros,gelecek
1097,355,mejoraréis,future,vosotros,gelecek
1098,355,mejorarán,future,ellos,gelecek
1099,356,practico,present,yo,şimdi
1100,356,practicas,present,tú,şimdi
1101,356,practica,present,él/ella,şimdi
1102,356,practicamos,present,nosotros,şimdi
1103,356,practicáis,present,vosotros,şimdi
1104,356,practican,present,ellos,şimdi
1105,356,practiqué,past,yo,di
1106,356,practicaste,past,tú,di
1107,356,practicó,past,él/ella,di
1108,356,practicamos,past,nosotros,di
1109,356,practicasteis,past,vosotros,di
1110,356,practicaron,past,ellos,di
1111,356,practicaré,future,yo,gelecek
1112,356,practicarás,future,tú,gelecek
1113,356,practicará,future,él/ella,gelecek
1114,356,practicaremos,future,nosotros,gelecek
1115,356,practicaréis,future,vosotros,gelecek
1116,356,practicarán,future,ellos,gelecek
1117,363,me siento,present,yo,şimdi
1118,363,te sientes,present,tú,şimdi
1119,363,se siente,present,él/ella,şimdi
1120,363,nos sentimos,present,nosotros,şimdi
1121,363,os sentís,present,vosotros,şimdi
1122,363,se sienten,present,ellos,şimdi
1123,363,me sentí,past,yo,di
1124,363,te sentiste,past,tú,di
1125,363,se sentió,past,él/ella,di
1126,363,nos sentimos,past,nosotros,di
1127,363,os sentisteis,past,vosotros,di
1128,363,se sentieron,past,ellos,di
1129,363,me sentiré,future,yo,gelecek
1130,363,te sentirás,future,tú,gelecek
1131,363,se sentirá,future,él/ella,gelecek
1132,363,nos sentiremos,future,nosotros,gelecek
1133,363,os sentiréis,future,vosotros,gelecek
1134,363,se sentirán,future,ellos,gelecek
1135,373,llevarseo bien,present,yo,şimdi
1136,373,llevarseas bien,present,tú,şimdi
1137,373,llevarsea bien,present,él/ella,şimdi
1138,373,llevarseamos bien,present,nosotros,şimdi
1139,373,llevarseáis bien,present,vosotros,şimdi
1140,373,llevarsean bien,present,ellos,şimdi
1141,373,llevarseé bien,past,yo,di
1142,373,llevarseaste bien,past,tú,di
1143,373,llevarseó bien,past,él/ella,di
1144,373,llevarseamos bien,past,nosotros,di
1145,373,llevarseasteis bien,past,vosotros,di
1146,373,llevarsearon bien,past,ellos,di
1147,373,llevarseé bien,future,yo,gelecek
1148,373,llevarseás bien,future,tú,gelecek
1149,373,llevarseá bien,future,él/ella,gelecek
1150,373,llevarseemos bien,future,nosotros,gelecek
1151,373,llevarseéis bien,future,vosotros,gelecek
1152,373,llevarseán bien,future,ellos,gelecek
1153,374,caigo bien,present,yo,şimdi
1154,374,caes bien,present,tú,şimdi
1155,374,cae bien,present,él/ella,şimdi
1156,374,caemos bien,present,nosotros,şimdi
1157,374,caéis bien,present,vosotros,şimdi
1158,374,caen bien,present,ellos,şimdi
1159,374,caí bien,past,yo,di
1160,374,caíste bien,past,tú,di
1161,374,cayó bien,past,él/ella,di
1162,374,caímos bien,past,nosotros,di
1163,374,caísteis bien,past,vosotros,di
1164,374,cayeron bien,past,ellos,di
1165,374,caeré bien,future,yo,gelecek
1166,374,caerás bien,future,tú,gelecek
1167,374,caerá bien,future,él/ella,gelecek
1168,374,caeremos bien,future,nosotros,gelecek
1169,374,caeréis bien,future,vosotros,gelecek
1170,374,caerán bien,future,ellos,gelecek
1171,376,naczco,present,yo,şimdi
1172,376,naces,present,tú,şimdi
1173,376,nace,present,él/ella,şimdi
1174,376,nacemos,present,nosotros,şimdi
1175,376,nacéis,present,vosotros,şimdi
1176,376,nacen,present,ellos,şimdi
1177,376,nací,past,yo,di
1178,376,naciste,past,tú,di
1179,376,nació,past,él/ella,di
1180,376,nacimos,past,nosotros,di
1181,376,nacisteis,past,vosotros,di
1182,376,nacieron,past,ellos,di
1183,376,naceré,future,yo,gelecek
1184,376,nacerás,future,tú,gelecek
1185,376,nacerá,future,él/ella,gelecek
1186,376,naceremos,future,nosotros,gelecek
1187,376,naceréis,future,vosotros,gelecek
1188,376,nacerán,future,ellos,gelecek
1189,377,creczco,present,yo,şimdi
1190,377,creces,present,tú,şimdi
1191,377,crece,present,él/ella,şimdi
1192,377,crecemos,present,nosotros,şimdi
1193,377,crecéis,present,vosotros,şimdi
1194,377,crecen,present,ellos,şimdi
1195,377,crecí,past,yo,di
1196,377,creciste,past,tú,di
1197,377,creció,past,él/ella,di
1198,377,crecimos,past,nosotros,di
1199,377,crecisteis,past,vosotros,di
1200,377,crecieron,past,ellos,di
1201,377,creceré,future,yo,gelecek
1202,377,crecerás,future,tú,gelecek
1203,377,crecerá,future,él/ella,gelecek
1204,377,creceremos,future,nosotros,gelecek
1205,377,creceréis,future,vosotros,gelecek
1206,377,crecerán,future,ellos,gelecek
1207,378,me graduo,present,yo,şimdi
1208,378,te graduas,present,tú,şimdi
1209,378,se gradua,present,él/ella,şimdi
1210,378,nos graduamos,present,nosotros,şimdi
1211,378,os graduáis,present,vosotros,şimdi
1212,378,se graduan,present,ellos,şimdi
1213,378,me gradué,past,yo,di
1214,378,te graduaste,past,tú,di
1215,378,se graduó,past,él/ella,di
1216,378,nos graduamos,past,nosotros,di
1217,378,os graduasteis,past,vosotros,di
1218,378,se graduaron,past,ellos,di
1219,378,me graduaré,future,yo,gelecek
1220,378,te graduarás,future,tú,gelecek
1221,378,se graduará,future,él/ella,gelecek
1222,378,nos graduaremos,future,nosotros,gelecek
1223,378,os graduaréis,future,vosotros,gelecek
1224,378,se graduarán,future,ellos,gelecek
1225,379,me caso,present,yo,şimdi
1226,379,te casas,present,tú,şimdi
1227,379,se casa,present,él/ella,şimdi
1228,379,nos casamos,present,nosotros,şimdi
1229,379,os casáis,present,vosotros,şimdi
1230,379,se casan,present,ellos,şimdi
1231,379,me casé,past,yo,di
1232,379,te casaste,past,tú,di
1233,379,se casó,past,él/ella,di
1234,379,nos casamos,past,nosotros,di
1235,379,os casasteis,past,vosotros,di
1236,379,se casaron,past,ellos,di
1237,379,me casaré,future,yo,gelecek
1238,379,te casarás,future,tú,gelecek
1239,379,se casará,future,él/ella,gelecek
1240,379,nos casaremos,future,nosotros,gelecek
1241,379,os casaréis,future,vosotros,gelecek
1242,379,se casarán,future,ellos,gelecek
1243,380,me divorcio,present,yo,şimdi
1244,380,te divorcias,present,tú,şimdi
1245,380,se divorcia,present,él/ella,şimdi
1246,380,nos divorciamos,present,nosotros,şimdi
1247,380,os divorciáis,present,vosotros,şimdi
1248,380,se divorcian,present,ellos,şimdi
1249,380,me divorcié,past,yo,di
1250,380,te divorciaste,past,tú,di
1251,380,se divorció,past,él/ella,di
1252,380,nos divorciamos,past,nosotros,di
1253,380,os divorciasteis,past,vosotros,di
1254,380,se divorciaron,past,ellos,di
1255,380,me divorciaré,future,yo,gelecek
1256,380,te divorciarás,future,tú,gelecek
1257,380,se divorciará,future,él/ella,gelecek
1258,380,nos divorciaremos,future,nosotros,gelecek
1259,380,os divorciaréis,future,vosotros,gelecek
1260,380,se divorciarán,future,ellos,gelecek
1261,381,muero,present,yo,şimdi
1262,381,mueres,present,tú,şimdi
1263,381,muere,present,él/ella,şimdi
1264,381,morimos,present,nosotros,şimdi
1265,381,morís,present,vosotros,şimdi
1266,381,mueren,present,ellos,şimdi
1267,381,morí,past,yo,di
1268,381,moriste,past,tú,di
1269,381,murió,past,él/ella,di
1270,381,morimos,past,nosotros,di
1271,381,moristeis,past,vosotros,di
1272,381,murieron,past,ellos,di
1273,381,moriré,future,yo,gelecek
1274,381,morirás,future,tú,gelecek
1275,381,morirá,future,él/ella,gelecek
1276,381,moriremos,future,nosotros,gelecek
1277,381,moriréis,future,vosotros,gelecek
1278,381,morirán,future,ellos,gelecek
1279,382,me mudo,present,yo,şimdi
1280,382,te mudas,present,tú,şimdi
1281,382,se muda,present,él/ella,şimdi
1282,382,nos mudamos,present,nosotros,şimdi
1283,382,os mudáis,present,vosotros,şimdi
1284,382,se mudan,present,ellos,şimdi
1285,382,me mudé,past,yo,di
1286,382,te mudaste,past,tú,di
1287,382,se mudó,past,él/ella,di
1288,382,nos mudamos,past,nosotros,di
1289,382,os mudasteis,past,vosotros,di
1290,382,se mudaron,past,ellos,di
1291,382,me mudaré,future,yo,gelecek
1292,382,te mudarás,future,tú,gelecek
1293,382,se mudará,future,él/ella,gelecek
1294,382,nos mudaremos,future,nosotros,gelecek
1295,382,os mudaréis,future,vosotros,gelecek
1296,382,se mudarán,future,ellos,gelecek
1297,383,empiezo,present,yo,şimdi
1298,383,empiezas,present,tú,şimdi
1299,383,empieza,present,él/ella,şimdi
1300,383,empezamos,present,nosotros,şimdi
1301,383,empezáis,present,vosotros,şimdi
1302,383,empiezan,present,ellos,şimdi
1303,383,empecé,past,yo,di
1304,383,empezaste,past,tú,di
1305,383,empezó,past,él/ella,di
1306,383,empezamos,past,nosotros,di
1307,383,empezasteis,past,vosotros,di
1308,383,empezaron,past,ellos,di
1309,383,empezaré,future,yo,gelecek
1310,383,empezarás,future,tú,gelecek
1311,383,empezará,future,él/ella,gelecek
1312,383,empezaremos,future,nosotros,gelecek
1313,383,empezaréis,future,vosotros,gelecek
1314,383,empezarán,future,ellos,gelecek
1315,384,termino,present,yo,şimdi
1316,384,terminas,present,tú,şimdi
1317,384,termina,present,él/ella,şimdi
1318,384,terminamos,present,nosotros,şimdi
1319,384,termináis,present,vosotros,şimdi
1320,384,terminan,present,ellos,şimdi
1321,384,terminé,past,yo,di
1322,384,terminaste,past,tú,di
1323,384,terminó,past,él/ella,di
1324,384,terminamos,past,nosotros,di
1325,384,terminasteis,past,vosotros,di
1326,384,terminaron,past,ellos,di
1327,384,terminaré,future,yo,gelecek
1328,384,terminarás,future,tú,gelecek
1329,384,terminará,future,él/ella,gelecek
1330,384,terminaremos,future,nosotros,gelecek
1331,384,terminaréis,future,vosotros,gelecek
1332,384,terminarán,future,ellos,gelecek
1333,385,gano,present,yo,şimdi
1334,385,ganas,present,tú,şimdi
1335,385,gana,present,él/ella,şimdi
1336,385,ganamos,present,nosotros,şimdi
1337,385,ganáis,present,vosotros,şimdi
1338,385,ganan,present,ellos,şimdi
1339,385,gané,past,yo,di
1340,385,ganaste,past,tú,di
1341,385,ganó,past,él/ella,di
1342,385,ganamos,past,nosotros,di
1343,385,ganasteis,past,vosotros,di
1344,385,ganaron,past,ellos,di
1345,385,ganaré,future,yo,gelecek
1346,385,ganarás,future,tú,gelecek
1347,385,ganará,future,él/ella,gelecek
1348,385,ganaremos,future,nosotros,gelecek
1349,385,ganaréis,future,vosotros,gelecek
1350,385,ganarán,future,ellos,gelecek
1351,386,pierdo,present,yo,şimdi
1352,386,pierdes,present,tú,şimdi
1353,386,pierde,present,él/ella,şimdi
1354,386,perdemos,present,nosotros,şimdi
1355,386,perdéis,present,vosotros,şimdi
1356,386,pierden,present,ellos,şimdi
1357,386,perdí,past,yo,di
1358,386,perdiste,past,tú,di
1359,386,perdió,past,él/ella,di
1360,386,perdimos,past,nosotros,di
1361,386,perdisteis,past,vosotros,di
1362,386,perdieron,past,ellos,di
1363,386,perderé,future,yo,gelecek
1364,386,perderás,future,tú,gelecek
1365,386,perderá,future,él/ella,gelecek
1366,386,perderemos,future,nosotros,gelecek
1367,386,perderéis,future,vosotros,gelecek
1368,386,perderán,future,ellos,gelecek
1369,387,descubro,present,yo,şimdi
1370,387,descubres,present,tú,şimdi
1371,387,descubre,present,él/ella,şimdi
1372,387,descubrimos,present,nosotros,şimdi
1373,387,descubrís,present,vosotros,şimdi
1374,387,descubren,present,ellos,şimdi
1375,387,descubrí,past,yo,di
1376,387,descubriste,past,tú,di
1377,387,descubrió,past,él/ella,di
1378,387,descubrimos,past,nosotros,di
1379,387,descubristeis,past,vosotros,di
1380,387,descubrieron,past,ellos,di
1381,387,descubriré,future,yo,gelecek
1382,387,descubrirás,future,tú,gelecek
1383,387,descubrirá,future,él/ella,gelecek
1384,387,descubriremos,future,nosotros,gelecek
1385,387,descubriréis,future,vosotros,gelecek
1386,387,descubrirán,future,ellos,gelecek
1387,426,alquilo,present,yo,şimdi
1388,426,alquilas,present,tú,şimdi
1389,426,alquila,present,él/ella,şimdi
1390,426,alquilamos,present,nosotros,şimdi
1391,426,alquiláis,present,vosotros,şimdi
1392,426,alquilan,present,ellos,şimdi
1393,426,alquilé,past,yo,di
1394,426,alquilaste,past,tú,di
1395,426,alquiló,past,él/ella,di
1396,426,alquilamos,past,nosotros,di
1397,426,alquilasteis,past,vosotros,di
1398,426,alquilaron,past,ellos,di
1399,426,alquilaré,future,yo,gelecek
1400,426,alquilarás,future,tú,gelecek
1401,426,alquilará,future,él/ella,gelecek
1402,426,alquilaremos,future,nosotros,gelecek
1403,426,alquilaréis,future,vosotros,gelecek
1404,426,alquilarán,future,ellos,gelecek
1405,427,comparo,present,yo,şimdi
1406,427,comparas,present,tú,şimdi
1407,427,compara,present,él/ella,şimdi
1408,427,comparamos,present,nosotros,şimdi
1409,427,comparáis,present,vosotros,şimdi
1410,427,comparan,present,ellos,şimdi
1411,427,comparé,past,yo,di
1412,427,comparaste,past,tú,di
1413,427,comparó,past,él/ella,di
1414,427,comparamos,past,nosotros,di
1415,427,comparasteis,past,vosotros,di
1416,427,compararon,past,ellos,di
1417,427,compararé,future,yo,gelecek
1418,427,compararás,future,tú,gelecek
1419,427,comparará,future,él/ella,gelecek
1420,427,compararemos,future,nosotros,gelecek
1421,427,compararéis,future,vosotros,gelecek
1422,427,compararán,future,ellos,gelecek
1423,441,corto,present,yo,şimdi
1424,441,cortas,present,tú,şimdi
1425,441,corta,present,él/ella,şimdi
1426,441,cortamos,present,nosotros,şimdi
1427,441,cortáis,present,vosotros,şimdi
1428,441,cortan,present,ellos,şimdi
1429,441,corté,past,yo,di
1430,441,cortaste,past,tú,di
1431,441,cortó,past,él/ella,di
1432,441,cortamos,past,nosotros,di
1433,441,cortasteis,past,vosotros,di
1434,441,cortaron,past,ellos,di
1435,441,cortaré,future,yo,gelecek
1436,441,cortarás,future,tú,gelecek
1437,441,cortará,future,él/ella,gelecek
1438,441,cortaremos,future,nosotros,gelecek
1439,441,cortaréis,future,vosotros,gelecek
1440,441,cortarán,future,ellos,gelecek
1441,442,mezclo,present,yo,şimdi
1442,442,mezclas,present,tú,şimdi
1443,442,mezcla,present,él/ella,şimdi
1444,442,mezclamos,present,nosotros,şimdi
1445,442,mezcláis,present,vosotros,şimdi
1446,442,mezclan,present,ellos,şimdi
1447,442,mezclé,past,yo,di
1448,442,mezclaste,past,tú,di
1449,442,mezcló,past,él/ella,di
1450,442,mezclamos,past,nosotros,di
1451,442,mezclasteis,past,vosotros,di
1452,442,mezclaron,past,ellos,di
1453,442,mezclaré,future,yo,gelecek
1454,442,mezclarás,future,tú,gelecek
1455,442,mezclará,future,él/ella,gelecek
1456,442,mezclaremos,future,nosotros,gelecek
1457,442,mezclaréis,future,vosotros,gelecek
1458,442,mezclarán,future,ellos,gelecek
1459,443,frio,present,yo,şimdi
1460,443,fries,present,tú,şimdi
1461,443,frie,present,él/ella,şimdi
1462,443,freimos,present,nosotros,şimdi
1463,443,freís,present,vosotros,şimdi
1464,443,frien,present,ellos,şimdi
1465,443,freí,past,yo,di
1466,443,freiste,past,tú,di
1467,443,friió,past,él/ella,di
1468,443,freimos,past,nosotros,di
1469,443,freisteis,past,vosotros,di
1470,443,friieron,past,ellos,di
1471,443,freiré,future,yo,gelecek
1472,443,freirás,future,tú,gelecek
1473,443,freirá,future,él/ella,gelecek
1474,443,freiremos,future,nosotros,gelecek
1475,443,freiréis,future,vosotros,gelecek
1476,443,freirán,future,ellos,gelecek
1477,444,hervo,present,yo,şimdi
1478,444,herves,present,tú,şimdi
1479,444,herve,present,él/ella,şimdi
1480,444,hervimos,present,nosotros,şimdi
1481,444,hervís,present,vosotros,şimdi
1482,444,herven,present,ellos,şimdi
1483,444,herví,past,yo,di
1484,444,herviste,past,tú,di
1485,444,hervió,past,él/ella,di
1486,444,hervimos,past,nosotros,di
1487,444,hervisteis,past,vosotros,di
1488,444,hervieron,past,ellos,di
1489,444,herviré,future,yo,gelecek
1490,444,hervirás,future,tú,gelecek
1491,444,hervirá,future,él/ella,gelecek
1492,444,herviremos,future,nosotros,gelecek
1493,444,herviréis,future,vosotros,gelecek
1494,444,hervirán,future,ellos,gelecek
1495,445,horneo,present,yo,şimdi
1496,445,horneas,present,tú,şimdi
1497,445,hornea,present,él/ella,şimdi
1498,445,horneamos,present,nosotros,şimdi
1499,445,horneáis,present,vosotros,şimdi
1500,445,hornean,present,ellos,şimdi
1501,445,horneé,past,yo,di
1502,445,horneaste,past,tú,di
1503,445,horneó,past,él/ella,di
1504,445,horneamos,past,nosotros,di
1505,445,horneasteis,past,vosotros,di
1506,445,hornearon,past,ellos,di
1507,445,hornearé,future,yo,gelecek
1508,445,hornearás,future,tú,gelecek
1509,445,horneará,future,él/ella,gelecek
1510,445,hornearemos,future,nosotros,gelecek
1511,445,hornearéis,future,vosotros,gelecek
1512,445,hornearán,future,ellos,gelecek
1513,446,añado,present,yo,şimdi
1514,446,añades,present,tú,şimdi
1515,446,añade,present,él/ella,şimdi
1516,446,añadimos,present,nosotros,şimdi
1517,446,añadís,present,vosotros,şimdi
1518,446,añaden,present,ellos,şimdi
1519,446,añadí,past,yo,di
1520,446,añadiste,past,tú,di
1521,446,añadió,past,él/ella,di
1522,446,añadimos,past,nosotros,di
1523,446,añadisteis,past,vosotros,di
1524,446,añadieron,past,ellos,di
1525,446,añadiré,future,yo,gelecek
1526,446,añadirás,future,tú,gelecek
1527,446,añadirá,future,él/ella,gelecek
1528,446,añadiremos,future,nosotros,gelecek
1529,446,añadiréis,future,vosotros,gelecek
1530,446,añadirán,future,ellos,gelecek
1531,447,sirvo,present,yo,şimdi
1532,447,sirves,present,tú,şimdi
1533,447,sirve,present,él/ella,şimdi
1534,447,servimos,present,nosotros,şimdi
1535,447,servís,present,vosotros,şimdi
1536,447,sirven,present,ellos,şimdi
1537,447,serví,past,yo,di
1538,447,serviste,past,tú,di
1539,447,sirvió,past,él/ella,di
1540,447,servimos,past,nosotros,di
1541,447,servisteis,past,vosotros,di
1542,447,sirvieron,past,ellos,di
1543,447,serviré,future,yo,gelecek
1544,447,servirás,future,tú,gelecek
1545,447,servirá,future,él/ella,gelecek
1546,447,serviremos,future,nosotros,gelecek
1547,447,serviréis,future,vosotros,gelecek
1548,447,servirán,future,ellos,gelecek
1549,459,recomiendo,present,yo,şimdi
1550,459,recomiendas,present,tú,şimdi
1551,459,recomienda,present,él/ella,şimdi
1552,459,recomendamos,present,nosotros,şimdi
1553,459,recomendáis,present,vosotros,şimdi
1554,459,recomiendan,present,ellos,şimdi
1555,459,recomendé,past,yo,di
1556,459,recomendaste,past,tú,di
1557,459,recomendó,past,él/ella,di
1558,459,recomendamos,past,nosotros,di
1559,459,recomendasteis,past,vosotros,di
1560,459,recomendaron,past,ellos,di
1561,459,recomendaré,future,yo,gelecek
1562,459,recomendarás,future,tú,gelecek
1563,459,recomendará,future,él/ella,gelecek
1564,459,recomendaremos,future,nosotros,gelecek
1565,459,recomendaréis,future,vosotros,gelecek
1566,459,recomendarán,future,ellos,gelecek
1567,460,debo,present,yo,şimdi
1568,460,debes,present,tú,şimdi
1569,460,debe,present,él/ella,şimdi
1570,460,debemos,present,nosotros,şimdi
1571,460,debéis,present,vosotros,şimdi
1572,460,deben,present,ellos,şimdi
1573,460,debí,past,yo,di
1574,460,debiste,past,tú,di
1575,460,debió,past,él/ella,di
1576,460,debimos,past,nosotros,di
1577,460,debisteis,past,vosotros,di
1578,460,debieron,past,ellos,di
1579,460,deberé,future,yo,gelecek
1580,460,deberás,future,tú,gelecek
1581,460,deberá,future,él/ella,gelecek
1582,460,deberemos,future,nosotros,gelecek
1583,460,deberéis,future,vosotros,gelecek
1584,460,deberán,future,ellos,gelecek
1585,461,tengo que,present,yo,şimdi
1586,461,tienes que,present,tú,şimdi
1587,461,tiene que,present,él/ella,şimdi
1588,461,tenemos que,present,nosotros,şimdi
1589,461,tenéis que,present,vosotros,şimdi
1590,461,tienen que,present,ellos,şimdi
1591,461,tuve que,past,yo,di
1592,461,tuviste que,past,tú,di
1593,461,tuvo que,past,él/ella,di
1594,461,tuvimos que,past,nosotros,di
1595,461,tuvisteis que,past,vosotros,di
1596,461,tuvieron que,past,ellos,di
1597,461,tendré que,future,yo,gelecek
1598,461,tendrás que,future,tú,gelecek
1599,461,tendrá que,future,él/ella,gelecek
1600,461,tendremos que,future,nosotros,gelecek
1601,461,tendréis que,future,vosotros,gelecek
1602,461,tendrán que,future,ellos,gelecek
1603,478,descanso,present,yo,şimdi
1604,478,descansas,present,tú,şimdi
1605,478,descansa,present,él/ella,şimdi
1606,478,descansamos,present,nosotros,şimdi
1607,478,descansáis,present,vosotros,şimdi
1608,478,descansan,present,ellos,şimdi
1609,478,descansé,past,yo,di
1610,478,descansaste,past,tú,di
1611,478,descansó,past,él/ella,di
1612,478,descansamos,past,nosotros,di
1613,478,descansasteis,past,vosotros,di
1614,478,descansaron,past,ellos,di
1615,478,descansaré,future,yo,gelecek
1616,478,descansarás,future,tú,gelecek
1617,478,descansará,future,él/ella,gelecek
1618,478,descansaremos,future,nosotros,gelecek
1619,478,descansaréis,future,vosotros,gelecek
1620,478,descansarán,future,ellos,gelecek
1621,479,me cuido,present,yo,şimdi
1622,479,te cuidas,present,tú,şimdi
1623,479,se cuida,present,él/ella,şimdi
1624,479,nos cuidamos,present,nosotros,şimdi
1625,479,os cuidáis,present,vosotros,şimdi
1626,479,se cuidan,present,ellos,şimdi
1627,479,me cuidé,past,yo,di
1628,479,te cuidaste,past,tú,di
1629,479,se cuidó,past,él/ella,di
1630,479,nos cuidamos,past,nosotros,di
1631,479,os cuidasteis,past,vosotros,di
1632,479,se cuidaron,past,ellos,di
1633,479,me cuidaré,future,yo,gelecek
1634,479,te cuidarás,future,tú,gelecek
1635,479,se cuidará,future,él/ella,gelecek
1636,479,nos cuidaremos,future,nosotros,gelecek
1637,479,os cuidaréis,future,vosotros,gelecek
1638,479,se cuidarán,future,ellos,gelecek
1639,493,valoro,present,yo,şimdi
1640,493,valoras,present,tú,şimdi
1641,493,valora,present,él/ella,şimdi
1642,493,valoramos,present,nosotros,şimdi
1643,493,valoráis,present,vosotros,şimdi
1644,493,valoran,present,ellos,şimdi
1645,493,valoré,past,yo,di
1646,493,valoraste,past,tú,di
1647,493,valoró,past,él/ella,di
1648,493,valoramos,past,nosotros,di
1649,493,valorasteis,past,vosotros,di
1650,493,valoraron,past,ellos,di
1651,493,valoraré,future,yo,gelecek
1652,493,valorarás,future,tú,gelecek
1653,493,valorará,future,él/ella,gelecek
1654,493,valoraremos,future,nosotros,gelecek
1655,493,valoraréis,future,vosotros,gelecek
1656,493,valorarán,future,ellos,gelecek
1657,511,facturo,present,yo,şimdi
1658,511,facturas,present,tú,şimdi
1659,511,factura,present,él/ella,şimdi
1660,511,facturamos,present,nosotros,şimdi
1661,511,facturáis,present,vosotros,şimdi
1662,511,facturan,present,ellos,şimdi
1663,511,facturé,past,yo,di
1664,511,facturaste,past,tú,di
1665,511,facturó,past,él/ella,di
1666,511,facturamos,past,nosotros,di
1667,511,facturasteis,past,vosotros,di
1668,511,facturaron,past,ellos,di
1669,511,facturaré,future,yo,gelecek
1670,511,facturarás,future,tú,gelecek
1671,511,facturará,future,él/ella,gelecek
1672,511,facturaremos,future,nosotros,gelecek
1673,511,facturaréis,future,vosotros,gelecek
1674,511,facturarán,future,ellos,gelecek
1675,512,embarco,present,yo,şimdi
1676,512,embarcas,present,tú,şimdi
1677,512,embarca,present,él/ella,şimdi
1678,512,embarcamos,present,nosotros,şimdi
1679,512,embarcáis,present,vosotros,şimdi
1680,512,embarcan,present,ellos,şimdi
1681,512,embarqué,past,yo,di
1682,512,embarcaste,past,tú,di
1683,512,embarcó,past,él/ella,di
1684,512,embarcamos,past,nosotros,di
1685,512,embarcasteis,past,vosotros,di
1686,512,embarcaron,past,ellos,di
1687,512,embarcaré,future,yo,gelecek
1688,512,embarcarás,future,tú,gelecek
1689,512,embarcará,future,él/ella,gelecek
1690,512,embarcaremos,future,nosotros,gelecek
1691,512,embarcaréis,future,vosotros,gelecek
1692,512,embarcarán,future,ellos,gelecek
1693,513,aterrizo,present,yo,şimdi
1694,513,aterrizas,present,tú,şimdi
1695,513,aterriza,present,él/ella,şimdi
1696,513,aterrizamos,present,nosotros,şimdi
1697,513,aterrizáis,present,vosotros,şimdi
1698,513,aterrizan,present,ellos,şimdi
1699,513,aterricé,past,yo,di
1700,513,aterrizaste,past,tú,di
1701,513,aterrizó,past,él/ella,di
1702,513,aterrizamos,past,nosotros,di
1703,513,aterrizasteis,past,vosotros,di
1704,513,aterrizaron,past,ellos,di
1705,513,aterrizaré,future,yo,gelecek
1706,513,aterrizarás,future,tú,gelecek
1707,513,aterrizará,future,él/ella,gelecek
1708,513,aterrizaremos,future,nosotros,gelecek
1709,513,aterrizaréis,future,vosotros,gelecek
1710,513,aterrizarán,future,ellos,gelecek
1711,514,despego,present,yo,şimdi
1712,514,despegas,present,tú,şimdi
1713,514,despega,present,él/ella,şimdi
1714,514,despegamos,present,nosotros,şimdi
1715,514,despegáis,present,vosotros,şimdi
1716,514,despegan,present,ellos,şimdi
1717,514,despegué,past,yo,di
1718,514,despegaste,past,tú,di
1719,514,despegó,past,él/ella,di
1720,514,despegamos,past,nosotros,di
1721,514,despegasteis,past,vosotros,di
1722,514,despegaron,past,ellos,di
1723,514,despegaré,future,yo,gelecek
1724,514,despegarás,future,tú,gelecek
1725,514,despegará,future,él/ella,gelecek
1726,514,despegaremos,future,nosotros,gelecek
1727,514,despegaréis,future,vosotros,gelecek
1728,514,despegarán,future,ellos,gelecek
1729,541,me enojo,present,yo,şimdi
1730,541,te enojas,present,tú,şimdi
1731,541,se enoja,present,él/ella,şimdi
1732,541,nos enojamos,present,nosotros,şimdi
1733,541,os enojáis,present,vosotros,şimdi
1734,541,se enojan,present,ellos,şimdi
1735,541,me enojé,past,yo,di
1736,541,te enojaste,past,tú,di
1737,541,se enojó,past,él/ella,di
1738,541,nos enojamos,past,nosotros,di
1739,541,os enojasteis,past,vosotros,di
1740,541,se enojaron,past,ellos,di
1741,541,me enojaré,future,yo,gelecek
1742,541,te enojarás,future,tú,gelecek
1743,541,se enojará,future,él/ella,gelecek
1744,541,nos enojaremos,future,nosotros,gelecek
1745,541,os enojaréis,future,vosotros,gelecek
1746,541,se enojarán,future,ellos,gelecek
1747,542,me alegro,present,yo,şimdi
1748,542,te alegras,present,tú,şimdi
1749,542,se alegra,present,él/ella,şimdi
1750,542,nos alegramos,present,nosotros,şimdi
1751,542,os alegráis,present,vosotros,şimdi
1752,542,se alegran,present,ellos,şimdi
1753,542,me alegré,past,yo,di
1754,542,te alegraste,past,tú,di
1755,542,se alegró,past,él/ella,di
1756,542,nos alegramos,past,nosotros,di
1757,542,os alegrasteis,past,vosotros,di
1758,542,se alegraron,past,ellos,di
1759,542,me alegraré,future,yo,gelecek
1760,542,te alegrarás,future,tú,gelecek
1761,542,se alegrará,future,él/ella,gelecek
1762,542,nos alegraremos,future,nosotros,gelecek
1763,542,os alegraréis,future,vosotros,gelecek
1764,542,se alegrarán,future,ellos,gelecek
1765,543,me preocupo,present,yo,şimdi
1766,543,te preocupas,present,tú,şimdi
1767,543,se preocupa,present,él/ella,şimdi
1768,543,nos preocupamos,present,nosotros,şimdi
1769,543,os preocupáis,present,vosotros,şimdi
1770,543,se preocupan,present,ellos,şimdi
1771,543,me preocupé,past,yo,di
1772,543,te preocupaste,past,tú,di
1773,543,se preocupó,past,él/ella,di
1774,543,nos preocupamos,past,nosotros,di
1775,543,os preocupasteis,past,vosotros,di
1776,543,se preocuparon,past,ellos,di
1777,543,me preocuparé,future,yo,gelecek
1778,543,te preocuparás,future,tú,gelecek
1779,543,se preocupará,future,él/ella,gelecek
1780,543,nos preocuparemos,future,nosotros,gelecek
1781,543,os preocuparéis,future,vosotros,gelecek
1782,543,se preocuparán,future,ellos,gelecek
1783,544,me relajo,present,yo,şimdi
1784,544,te relajas,present,tú,şimdi
1785,544,se relaja,present,él/ella,şimdi
1786,544,nos relajamos,present,nosotros,şimdi
1787,544,os relajáis,present,vosotros,şimdi
1788,544,se relajan,present,ellos,şimdi
1789,544,me relajé,past,yo,di
1790,544,te relajaste,past,tú,di
1791,544,se relajó,past,él/ella,di
1792,544,nos relajamos,past,nosotros,di
1793,544,os relajasteis,past,vosotros,di
1794,544,se relajaron,past,ellos,di
1795,544,me relajaré,future,yo,gelecek
1796,544,te relajarás,future,tú,gelecek
1797,544,se relajará,future,él/ella,gelecek
1798,544,nos relajaremos,future,nosotros,gelecek
1799,544,os relajaréis,future,vosotros,gelecek
1800,544,se relajarán,future,ellos,gelecek
1801,547,me acostumbro,present,yo,şimdi
1802,547,te acostumbras,present,tú,şimdi
1803,547,se acostumbra,present,él/ella,şimdi
1804,547,nos acostumbramos,present,nosotros,şimdi
1805,547,os acostumbráis,present,vosotros,şimdi
1806,547,se acostumbran,present,ellos,şimdi
1807,547,me acostumbré,past,yo,di
1808,547,te acostumbraste,past,tú,di
1809,547,se acostumbró,past,él/ella,di
1810,547,nos acostumbramos,past,nosotros,di
1811,547,os acostumbrasteis,past,vosotros,di
1812,547,se acostumbraron,past,ellos,di
1813,547,me acostumbraré,future,yo,gelecek
1814,547,te acostumbrarás,future,tú,gelecek
1815,547,se acostumbrará,future,él/ella,gelecek
1816,547,nos acostumbraremos,future,nosotros,gelecek
1817,547,os acostumbraréis,future,vosotros,gelecek
1818,547,se acostumbrarán,future,ellos,gelecek
1819,548,suelo,present,yo,şimdi
1820,548,sueles,present,tú,şimdi
1821,548,suele,present,él/ella,şimdi
1822,548,solemos,present,nosotros,şimdi
1823,548,soléis,present,vosotros,şimdi
1824,548,suelen,present,ellos,şimdi
1825,548,solí,past,yo,di
1826,548,soliste,past,tú,di
1827,548,solió,past,él/ella,di
1828,548,solimos,past,nosotros,di
1829,548,solisteis,past,vosotros,di
1830,548,solieron,past,ellos,di
1831,548,soleré,future,yo,gelecek
1832,548,solerás,future,tú,gelecek
1833,548,solerá,future,él/ella,gelecek
1834,548,soleremos,future,nosotros,gelecek
1835,548,soleréis,future,vosotros,gelecek
1836,548,solerán,future,ellos,gelecek
1837,551,cambio,present,yo,şimdi
1838,551,cambias,present,tú,şimdi
1839,551,cambia,present,él/ella,şimdi
1840,551,cambiamos,present,nosotros,şimdi
1841,551,cambiáis,present,vosotros,şimdi
1842,551,cambian,present,ellos,şimdi
1843,551,cambié,past,yo,di
1844,551,cambiaste,past,tú,di
1845,551,cambió,past,él/ella,di
1846,551,cambiamos,past,nosotros,di
1847,551,cambiasteis,past,vosotros,di
1848,551,cambiaron,past,ellos,di
1849,551,cambiaré,future,yo,gelecek
1850,551,cambiarás,future,tú,gelecek
1851,551,cambiará,future,él/ella,gelecek
1852,551,cambiaremos,future,nosotros,gelecek
1853,551,cambiaréis,future,vosotros,gelecek
1854,551,cambiarán,future,ellos,gelecek
1855,552,empeoro,present,yo,şimdi
1856,552,empeoras,present,tú,şimdi
1857,552,empeora,present,él/ella,şimdi
1858,552,empeoramos,present,nosotros,şimdi
1859,552,empeoráis,present,vosotros,şimdi
1860,552,empeoran,present,ellos,şimdi
1861,552,empeoré,past,yo,di
1862,552,empeoraste,past,tú,di
1863,552,empeoró,past,él/ella,di
1864,552,empeoramos,past,nosotros,di
1865,552,empeorasteis,past,vosotros,di
1866,552,empeoraron,past,ellos,di
1867,552,empeoraré,future,yo,gelecek
1868,552,empeorarás,future,tú,gelecek
1869,552,empeorará,future,él/ella,gelecek
1870,552,empeoraremos,future,nosotros,gelecek
1871,552,empeoraréis,future,vosotros,gelecek
1872,552,empeorarán,future,ellos,gelecek
1873,553,sigo,present,yo,şimdi
1874,553,segues,present,tú,şimdi
1875,553,segue,present,él/ella,şimdi
1876,553,seguimos,present,nosotros,şimdi
1877,553,seguís,present,vosotros,şimdi
1878,553,seguen,present,ellos,şimdi
1879,553,seguí,past,yo,di
1880,553,seguiste,past,tú,di
1881,553,seguió,past,él/ella,di
1882,553,seguimos,past,nosotros,di
1883,553,seguisteis,past,vosotros,di
1884,553,seguieron,past,ellos,di
1885,553,seguiré,future,yo,gelecek
1886,553,seguirás,future,tú,gelecek
1887,553,seguirá,future,él/ella,gelecek
1888,553,seguiremos,future,nosotros,gelecek
1889,553,seguiréis,future,vosotros,gelecek
1890,553,seguirán,future,ellos,gelecek
1891,554,dejo de,present,yo,şimdi
1892,554,dejas de,present,tú,şimdi
1893,554,deja de,present,él/ella,şimdi
1894,554,dejamos de,present,nosotros,şimdi
1895,554,dejáis de,present,vosotros,şimdi
1896,554,dejan de,present,ellos,şimdi
1897,554,dejé de,past,yo,di
1898,554,dejaste de,past,tú,di
1899,554,dejó de,past,él/ella,di
1900,554,dejamos de,past,nosotros,di
1901,554,dejasteis de,past,vosotros,di
1902,554,dejaron de,past,ellos,di
1903,554,dejaré de,future,yo,gelecek
1904,554,dejarás de,future,tú,gelecek
1905,554,dejará de,future,él/ella,gelecek
1906,554,dejaremos de,future,nosotros,gelecek
1907,554,dejaréis de,future,vosotros,gelecek
1908,554,dejarán de,future,ellos,gelecek
1909,569,cuento,present,yo,şimdi
1910,569,cuentas,present,tú,şimdi
1911,569,cuenta,present,él/ella,şimdi
1912,569,contamos,present,nosotros,şimdi
1913,569,contáis,present,vosotros,şimdi
1914,569,cuentan,present,ellos,şimdi
1915,569,conté,past,yo,di
1916,569,contaste,past,tú,di
1917,569,contó,past,él/ella,di
1918,569,contamos,past,nosotros,di
1919,569,contasteis,past,vosotros,di
1920,569,contaron,past,ellos,di
1921,569,contaré,future,yo,gelecek
1922,569,contarás,future,tú,gelecek
1923,569,contará,future,él/ella,gelecek
1924,569,contaremos,future,nosotros,gelecek
1925,569,contaréis,future,vosotros,gelecek
1926,569,contarán,future,ellos,gelecek
1927,570,ocurro,present,yo,şimdi
1928,570,ocurres,present,tú,şimdi
1929,570,ocurre,present,él/ella,şimdi
1930,570,ocurrimos,present,nosotros,şimdi
1931,570,ocurrís,present,vosotros,şimdi
1932,570,ocurren,present,ellos,şimdi
1933,570,ocurrí,past,yo,di
1934,570,ocurriste,past,tú,di
1935,570,ocurrió,past,él/ella,di
1936,570,ocurrimos,past,nosotros,di
1937,570,ocurristeis,past,vosotros,di
1938,570,ocurrieron,past,ellos,di
1939,570,ocurriré,future,yo,gelecek
1940,570,ocurrirás,future,tú,gelecek
1941,570,ocurrirá,future,él/ella,gelecek
1942,570,ocurriremos,future,nosotros,gelecek
1943,570,ocurriréis,future,vosotros,gelecek
1944,570,ocurrirán,future,ellos,gelecek
1945,571,me encuentro,present,yo,şimdi
1946,571,te encuentras,present,tú,şimdi
1947,571,se encuentra,present,él/ella,şimdi
1948,571,nos encontramos,present,nosotros,şimdi
1949,571,os encontráis,present,vosotros,şimdi
1950,571,se encuentran,present,ellos,şimdi
1951,571,me encontré,past,yo,di
1952,571,te encontraste,past,tú,di
1953,571,se encontró,past,él/ella,di
1954,571,nos encontramos,past,nosotros,di
1955,571,os encontrasteis,past,vosotros,di
1956,571,se encontraron,past,ellos,di
1957,571,me encontraré,future,yo,gelecek
1958,571,te encontrarás,future,tú,gelecek
1959,571,se encontrará,future,él/ella,gelecek
1960,571,nos encontraremos,future,nosotros,gelecek
1961,571,os encontraréis,future,vosotros,gelecek
1962,571,se encontrarán,future,ellos,gelecek
1963,572,me pierdo,present,yo,şimdi
1964,572,te pierdes,present,tú,şimdi
1965,572,se pierde,present,él/ella,şimdi
1966,572,nos perdemos,present,nosotros,şimdi
1967,572,os perdéis,present,vosotros,şimdi
1968,572,se pierden,present,ellos,şimdi
1969,572,me perdí,past,yo,di
1970,572,te perdiste,past,tú,di
1971,572,se perdió,past,él/ella,di
1972,572,nos perdimos,past,nosotros,di
1973,572,os perdisteis,past,vosotros,di
1974,572,se perdieron,past,ellos,di
1975,572,me perderé,future,yo,gelecek
1976,572,te perderás,future,tú,gelecek
1977,572,se perderá,future,él/ella,gelecek
1978,572,nos perderemos,future,nosotros,gelecek
1979,572,os perderéis,future,vosotros,gelecek
1980,572,se perderán,future,ellos,gelecek
1981,573,me asusto,present,yo,şimdi
1982,573,te asustas,present,tú,şimdi
1983,573,se asusta,present,él/ella,şimdi
1984,573,nos asustamos,present,nosotros,şimdi
1985,573,os asustáis,present,vosotros,şimdi
1986,573,se asustan,present,ellos,şimdi
1987,573,me asusté,past,yo,di
1988,573,te asustaste,past,tú,di
1989,573,se asustó,past,él/ella,di
1990,573,nos asustamos,past,nosotros,di
1991,573,os asustasteis,past,vosotros,di
1992,573,se asustaron,past,ellos,di
1993,573,me asustaré,future,yo,gelecek
1994,573,te asustarás,future,tú,gelecek
1995,573,se asustará,future,él/ella,gelecek
1996,573,nos asustaremos,future,nosotros,gelecek
1997,573,os asustaréis,future,vosotros,gelecek
1998,573,se asustarán,future,ellos,gelecek
1999,574,me rio,present,yo,şimdi
2000,574,te ries,present,tú,şimdi
2001,574,se rie,present,él/ella,şimdi
2002,574,nos reimos,present,nosotros,şimdi
2003,574,os reís,present,vosotros,şimdi
2004,574,se rien,present,ellos,şimdi
2005,574,me reí,past,yo,di
2006,574,te reiste,past,tú,di
2007,574,se riió,past,él/ella,di
2008,574,nos reimos,past,nosotros,di
2009,574,os reisteis,past,vosotros,di
2010,574,se riieron,past,ellos,di
2011,574,me reiré,future,yo,gelecek
2012,574,te reirás,future,tú,gelecek
2013,574,se reirá,future,él/ella,gelecek
2014,574,nos reiremos,future,nosotros,gelecek
2015,574,os reiréis,future,vosotros,gelecek
2016,574,se reirán,future,ellos,gelecek
2017,575,lloro,present,yo,şimdi
2018,575,lloras,present,tú,şimdi
2019,575,llora,present,él/ella,şimdi
2020,575,lloramos,present,nosotros,şimdi
2021,575,lloráis,present,vosotros,şimdi
2022,575,lloran,present,ellos,şimdi
2023,575,lloré,past,yo,di
2024,575,lloraste,past,tú,di
2025,575,lloró,past,él/ella,di
2026,575,lloramos,past,nosotros,di
2027,575,llorasteis,past,vosotros,di
2028,575,lloraron,past,ellos,di
2029,575,lloraré,future,yo,gelecek
2030,575,llorarás,future,tú,gelecek
2031,575,llorará,future,él/ella,gelecek
2032,575,lloraremos,future,nosotros,gelecek
2033,575,lloraréis,future,vosotros,gelecek
2034,575,llorarán,future,ellos,gelecek
2035,595,solicito,present,yo,şimdi
2036,595,solicitas,present,tú,şimdi
2037,595,solicita,present,él/ella,şimdi
2038,595,solicitamos,present,nosotros,şimdi
2039,595,solicitáis,present,vosotros,şimdi
2040,595,solicitan,present,ellos,şimdi
2041,595,solicité,past,yo,di
2042,595,solicitaste,past,tú,di
2043,595,solicitó,past,él/ella,di
2044,595,solicitamos,past,nosotros,di
2045,595,solicitasteis,past,vosotros,di
2046,595,solicitaron,past,ellos,di
2047,595,solicitaré,future,yo,gelecek
2048,595,solicitarás,future,tú,gelecek
2049,595,solicitará,future,él/ella,gelecek
2050,595,solicitaremos,future,nosotros,gelecek
2051,595,solicitaréis,future,vosotros,gelecek
2052,595,solicitarán,future,ellos,gelecek
2053,596,contrato,present,yo,şimdi
2054,596,contratas,present,tú,şimdi
2055,596,contrata,present,él/ella,şimdi
2056,596,contratamos,present,nosotros,şimdi
2057,596,contratáis,present,vosotros,şimdi
2058,596,contratan,present,ellos,şimdi
2059,596,contraté,past,yo,di
2060,596,contrataste,past,tú,di
2061,596,contrató,past,él/ella,di
2062,596,contratamos,past,nosotros,di
2063,596,contratasteis,past,vosotros,di
2064,596,contrataron,past,ellos,di
2065,596,contrataré,future,yo,gelecek
2066,596,contratarás,future,tú,gelecek
2067,596,contratará,future,él/ella,gelecek
2068,596,contrataremos,future,nosotros,gelecek
2069,596,contrataréis,future,vosotros,gelecek
2070,596,contratarán,future,ellos,gelecek
2071,597,despedo,present,yo,şimdi
2072,597,despedes,present,tú,şimdi
2073,597,despede,present,él/ella,şimdi
2074,597,despedimos,present,nosotros,şimdi
2075,597,despedís,present,vosotros,şimdi
2076,597,despeden,present,ellos,şimdi
2077,597,despedí,past,yo,di
2078,597,despediste,past,tú,di
2079,597,despedió,past,él/ella,di
2080,597,despedimos,past,nosotros,di
2081,597,despedisteis,past,vosotros,di
2082,597,despedieron,past,ellos,di
2083,597,despediré,future,yo,gelecek
2084,597,despedirás,future,tú,gelecek
2085,597,despedirá,future,él/ella,gelecek
2086,597,despediremos,future,nosotros,gelecek
2087,597,despediréis,future,vosotros,gelecek
2088,597,despedirán,future,ellos,gelecek
2089,598,ascendo,present,yo,şimdi
2090,598,ascendes,present,tú,şimdi
2091,598,ascende,present,él/ella,şimdi
2092,598,ascendemos,present,nosotros,şimdi
2093,598,ascendéis,present,vosotros,şimdi
2094,598,ascenden,present,ellos,şimdi
2095,598,ascendí,past,yo,di
2096,598,ascendiste,past,tú,di
2097,598,ascendió,past,él/ella,di
2098,598,ascendimos,past,nosotros,di
2099,598,ascendisteis,past,vosotros,di
2100,598,ascendieron,past,ellos,di
2101,598,ascenderé,future,yo,gelecek
2102,598,ascenderás,future,tú,gelecek
2103,598,ascenderá,future,él/ella,gelecek
2104,598,ascenderemos,future,nosotros,gelecek
2105,598,ascenderéis,future,vosotros,gelecek
2106,598,ascenderán,future,ellos,gelecek
2107,599,me formo,present,yo,şimdi
2108,599,te formas,present,tú,şimdi
2109,599,se forma,present,él/ella,şimdi
2110,599,nos formamos,present,nosotros,şimdi
2111,599,os formáis,present,vosotros,şimdi
2112,599,se forman,present,ellos,şimdi
2113,599,me formé,past,yo,di
2114,599,te formaste,past,tú,di
2115,599,se formó,past,él/ella,di
2116,599,nos formamos,past,nosotros,di
2117,599,os formasteis,past,vosotros,di
2118,599,se formaron,past,ellos,di
2119,599,me formaré,future,yo,gelecek
2120,599,te formarás,future,tú,gelecek
2121,599,se formará,future,él/ella,gelecek
2122,599,nos formaremos,future,nosotros,gelecek
2123,599,os formaréis,future,vosotros,gelecek
2124,599,se formarán,future,ellos,gelecek
2125,600,me encargo,present,yo,şimdi
2126,600,te encargas,present,tú,şimdi
2127,600,se encarga,present,él/ella,şimdi
2128,600,nos encargamos,present,nosotros,şimdi
2129,600,os encargáis,present,vosotros,şimdi
2130,600,se encargan,present,ellos,şimdi
2131,600,me encargué,past,yo,di
2132,600,te encargaste,past,tú,di
2133,600,se encargó,past,él/ella,di
2134,600,nos encargamos,past,nosotros,di
2135,600,os encargasteis,past,vosotros,di
2136,600,se encargaron,past,ellos,di
2137,600,me encargaré,future,yo,gelecek
2138,600,te encargarás,future,tú,gelecek
2139,600,se encargará,future,él/ella,gelecek
2140,600,nos encargaremos,future,nosotros,gelecek
2141,600,os encargaréis,future,vosotros,gelecek
2142,600,se encargarán,future,ellos,gelecek
2143,613,pienso,present,yo,şimdi
2144,613,piensas,present,tú,şimdi
2145,613,piensa,present,él/ella,şimdi
2146,613,pensamos,present,nosotros,şimdi
2147,613,pensáis,present,vosotros,şimdi
2148,613,piensan,present,ellos,şimdi
2149,613,pensé,past,yo,di
2150,613,pensaste,past,tú,di
2151,613,pensó,past,él/ella,di
2152,613,pensamos,past,nosotros,di
2153,613,pensasteis,past,vosotros,di
2154,613,pensaron,past,ellos,di
2155,613,pensaré,future,yo,gelecek
2156,613,pensarás,future,tú,gelecek
2157,613,pensará,future,él/ella,gelecek
2158,613,pensaremos,future,nosotros,gelecek
2159,613,pensaréis,future,vosotros,gelecek
2160,613,pensarán,future,ellos,gelecek
2161,614,voy a,present,yo,şimdi
2162,614,vas a,present,tú,şimdi
2163,614,va a,present,él/ella,şimdi
2164,614,vamos a,present,nosotros,şimdi
2165,614,vais a,present,vosotros,şimdi
2166,614,van a,present,ellos,şimdi
2167,614,fui a,past,yo,di
2168,614,fuiste a,past,tú,di
2169,614,fue a,past,él/ella,di
2170,614,fuimos a,past,nosotros,di
2171,614,fuisteis a,past,vosotros,di
2172,614,fueron a,past,ellos,di
2173,614,iré a,future,yo,gelecek
2174,614,irás a,future,tú,gelecek
2175,614,irá a,future,él/ella,gelecek
2176,614,iremos a,future,nosotros,gelecek
2177,614,iréis a,future,vosotros,gelecek
2178,614,irán a,future,ellos,gelecek
2179,615,quiero,present,yo,şimdi
2180,615,quieres,present,tú,şimdi
2181,615,quiere,present,él/ella,şimdi
2182,615,queremos,present,nosotros,şimdi
2183,615,queréis,present,vosotros,şimdi
2184,615,quieren,present,ellos,şimdi
2185,615,quise,past,yo,di
2186,615,quisiste,past,tú,di
2187,615,quiso,past,él/ella,di
2188,615,quisimos,past,nosotros,di
2189,615,quisisteis,past,vosotros,di
2190,615,quisieron,past,ellos,di
2191,615,querré,future,yo,gelecek
2192,615,querrás,future,tú,gelecek
2193,615,querrá,future,él/ella,gelecek
2194,615,querremos,future,nosotros,gelecek
2195,615,querréis,future,vosotros,gelecek
2196,615,querrán,future,ellos,gelecek
2197,616,espero,present,yo,şimdi
2198,616,esperas,present,tú,şimdi
2199,616,espera,present,él/ella,şimdi
2200,616,esperamos,present,nosotros,şimdi
2201,616,esperáis,present,vosotros,şimdi
2202,616,esperan,present,ellos,şimdi
2203,616,esperé,past,yo,di
2204,616,esperaste,past,tú,di
2205,616,esperó,past,él/ella,di
2206,616,esperamos,past,nosotros,di
2207,616,esperasteis,past,vosotros,di
2208,616,esperaron,past,ellos,di
2209,616,esperaré,future,yo,gelecek
2210,616,esperarás,future,tú,gelecek
2211,616,esperará,future,él/ella,gelecek
2212,616,esperaremos,future,nosotros,gelecek
2213,616,esperaréis,future,vosotros,gelecek
2214,616,esperarán,future,ellos,gelecek
2215,617,prometo,present,yo,şimdi
2216,617,prometes,present,tú,şimdi
2217,617,promete,present,él/ella,şimdi
2218,617,prometemos,present,nosotros,şimdi
2219,617,prometéis,present,vosotros,şimdi
2220,617,prometen,present,ellos,şimdi
2221,617,prometí,past,yo,di
2222,617,prometiste,past,tú,di
2223,617,prometió,past,él/ella,di
2224,617,prometimos,past,nosotros,di
2225,617,prometisteis,past,vosotros,di
2226,617,prometieron,past,ellos,di
2227,617,prometeré,future,yo,gelecek
2228,617,prometerás,future,tú,gelecek
2229,617,prometerá,future,él/ella,gelecek
2230,617,prometeremos,future,nosotros,gelecek
2231,617,prometeréis,future,vosotros,gelecek
2232,617,prometerán,future,ellos,gelecek
2233,618,imagino,present,yo,şimdi
2234,618,imaginas,present,tú,şimdi
2235,618,imagina,present,él/ella,şimdi
2236,618,imaginamos,present,nosotros,şimdi
2237,618,imagináis,present,vosotros,şimdi
2238,618,imaginan,present,ellos,şimdi
2239,618,imaginé,past,yo,di
2240,618,imaginaste,past,tú,di
2241,618,imaginó,past,él/ella,di
2242,618,imaginamos,past,nosotros,di
2243,618,imaginasteis,past,vosotros,di
2244,618,imaginaron,past,ellos,di
2245,618,imaginaré,future,yo,gelecek
2246,618,imaginarás,future,tú,gelecek
2247,618,imaginará,future,él/ella,gelecek
2248,618,imaginaremos,future,nosotros,gelecek
2249,618,imaginaréis,future,vosotros,gelecek
2250,618,imaginarán,future,ellos,gelecek
2251,631,prohibo,present,yo,şimdi
2252,631,prohibes,present,tú,şimdi
2253,631,prohibe,present,él/ella,şimdi
2254,631,prohibimos,present,nosotros,şimdi
2255,631,prohibís,present,vosotros,şimdi
2256,631,prohiben,present,ellos,şimdi
2257,631,prohibí,past,yo,di
2258,631,prohibiste,past,tú,di
2259,631,prohibió,past,él/ella,di
2260,631,prohibimos,past,nosotros,di
2261,631,prohibisteis,past,vosotros,di
2262,631,prohibieron,past,ellos,di
2263,631,prohibiré,future,yo,gelecek
2264,631,prohibirás,future,tú,gelecek
2265,631,prohibirá,future,él/ella,gelecek
2266,631,prohibiremos,future,nosotros,gelecek
2267,631,prohibiréis,future,vosotros,gelecek
2268,631,prohibirán,future,ellos,gelecek
2269,632,permito,present,yo,şimdi
2270,632,permites,present,tú,şimdi
2271,632,permite,present,él/ella,şimdi
2272,632,permitimos,present,nosotros,şimdi
2273,632,permitís,present,vosotros,şimdi
2274,632,permiten,present,ellos,şimdi
2275,632,permití,past,yo,di
2276,632,permitiste,past,tú,di
2277,632,permitió,past,él/ella,di
2278,632,permitimos,past,nosotros,di
2279,632,permitisteis,past,vosotros,di
2280,632,permitieron,past,ellos,di
2281,632,permitiré,future,yo,gelecek
2282,632,permitirás,future,tú,gelecek
2283,632,permitirá,future,él/ella,gelecek
2284,632,permitiremos,future,nosotros,gelecek
2285,632,permitiréis,future,vosotros,gelecek
2286,632,permitirán,future,ellos,gelecek
2287,633,obligo,present,yo,şimdi
2288,633,obligas,present,tú,şimdi
2289,633,obliga,present,él/ella,şimdi
2290,633,obligamos,present,nosotros,şimdi
2291,633,obligáis,present,vosotros,şimdi
2292,633,obligan,present,ellos,şimdi
2293,633,obligué,past,yo,di
2294,633,obligaste,past,tú,di
2295,633,obligó,past,él/ella,di
2296,633,obligamos,past,nosotros,di
2297,633,obligasteis,past,vosotros,di
2298,633,obligaron,past,ellos,di
2299,633,obligaré,future,yo,gelecek
2300,633,obligarás,future,tú,gelecek
2301,633,obligará,future,él/ella,gelecek
2302,633,obligaremos,future,nosotros,gelecek
2303,633,obligaréis,future,vosotros,gelecek
2304,633,obligarán,future,ellos,gelecek
2305,634,respeto,present,yo,şimdi
2306,634,respetas,present,tú,şimdi
2307,634,respeta,present,él/ella,şimdi
2308,634,respetamos,present,nosotros,şimdi
2309,634,respetáis,present,vosotros,şimdi
2310,634,respetan,present,ellos,şimdi
2311,634,respeté,past,yo,di
2312,634,respetaste,past,tú,di
2313,634,respetó,past,él/ella,di
2314,634,respetamos,past,nosotros,di
2315,634,respetasteis,past,vosotros,di
2316,634,respetaron,past,ellos,di
2317,634,respetaré,future,yo,gelecek
2318,634,respetarás,future,tú,gelecek
2319,634,respetará,future,él/ella,gelecek
2320,634,respetaremos,future,nosotros,gelecek
2321,634,respetaréis,future,vosotros,gelecek
2322,634,respetarán,future,ellos,gelecek
2323,645,narro,present,yo,şimdi
2324,645,narras,present,tú,şimdi
2325,645,narra,present,él/ella,şimdi
2326,645,narramos,present,nosotros,şimdi
2327,645,narráis,present,vosotros,şimdi
2328,645,narran,present,ellos,şimdi
2329,645,narré,past,yo,di
2330,645,narraste,past,tú,di
2331,645,narró,past,él/ella,di
2332,645,narramos,past,nosotros,di
2333,645,narrasteis,past,vosotros,di
2334,645,narraron,past,ellos,di
2335,645,narraré,future,yo,gelecek
2336,645,narrarás,future,tú,gelecek
2337,645,narrará,future,él/ella,gelecek
2338,645,narraremos,future,nosotros,gelecek
2339,645,narraréis,future,vosotros,gelecek
2340,645,narrarán,future,ellos,gelecek
2341,646,describo,present,yo,şimdi
2342,646,describes,present,tú,şimdi
2343,646,describe,present,él/ella,şimdi
2344,646,describimos,present,nosotros,şimdi
2345,646,describís,present,vosotros,şimdi
2346,646,describen,present,ellos,şimdi
2347,646,describí,past,yo,di
2348,646,describiste,past,tú,di
2349,646,describió,past,él/ella,di
2350,646,describimos,past,nosotros,di
2351,646,describisteis,past,vosotros,di
2352,646,describieron,past,ellos,di
2353,646,describiré,future,yo,gelecek
2354,646,describirás,future,tú,gelecek
2355,646,describirá,future,él/ella,gelecek
2356,646,describiremos,future,nosotros,gelecek
2357,646,describiréis,future,vosotros,gelecek
2358,646,describirán,future,ellos,gelecek
2359,647,sucedo,present,yo,şimdi
2360,647,sucedes,present,tú,şimdi
2361,647,sucede,present,él/ella,şimdi
2362,647,sucedemos,present,nosotros,şimdi
2363,647,sucedéis,present,vosotros,şimdi
2364,647,suceden,present,ellos,şimdi
2365,647,sucedí,past,yo,di
2366,647,sucediste,past,tú,di
2367,647,sucedió,past,él/ella,di
2368,647,sucedimos,past,nosotros,di
2369,647,sucedisteis,past,vosotros,di
2370,647,sucedieron,past,ellos,di
2371,647,sucederé,future,yo,gelecek
2372,647,sucederás,future,tú,gelecek
2373,647,sucederá,future,él/ella,gelecek
2374,647,sucederemos,future,nosotros,gelecek
2375,647,sucederéis,future,vosotros,gelecek
2376,647,sucederán,future,ellos,gelecek
2377,648,resulto,present,yo,şimdi
2378,648,resultas,present,tú,şimdi
2379,648,resulta,present,él/ella,şimdi
2380,648,resultamos,present,nosotros,şimdi
2381,648,resultáis,present,vosotros,şimdi
2382,648,resultan,present,ellos,şimdi
2383,648,resulté,past,yo,di
2384,648,resultaste,past,tú,di
2385,648,resultó,past,él/ella,di
2386,648,resultamos,past,nosotros,di
2387,648,resultasteis,past,vosotros,di
2388,648,resultaron,past,ellos,di
2389,648,resultaré,future,yo,gelecek
2390,648,resultarás,future,tú,gelecek
2391,648,resultará,future,él/ella,gelecek
2392,648,resultaremos,future,nosotros,gelecek
2393,648,resultaréis,future,vosotros,gelecek
2394,648,resultarán,future,ellos,gelecek
2395,657,sugero,present,yo,şimdi
2396,657,sugeres,present,tú,şimdi
2397,657,sugere,present,él/ella,şimdi
2398,657,sugerimos,present,nosotros,şimdi
2399,657,sugerís,present,vosotros,şimdi
2400,657,sugeren,present,ellos,şimdi
2401,657,sugerí,past,yo,di
2402,657,sugeriste,past,tú,di
2403,657,sugerió,past,él/ella,di
2404,657,sugerimos,past,nosotros,di
2405,657,sugeristeis,past,vosotros,di
2406,657,sugerieron,past,ellos,di
2407,657,sugeriré,future,yo,gelecek
2408,657,sugerirás,future,tú,gelecek
2409,657,sugerirá,future,él/ella,gelecek
2410,657,sugeriremos,future,nosotros,gelecek
2411,657,sugeriréis,future,vosotros,gelecek
2412,657,sugerirán,future,ellos,gelecek
2413,658,aconsejo,present,yo,şimdi
2414,658,aconsejas,present,tú,şimdi
2415,658,aconseja,present,él/ella,şimdi
2416,658,aconsejamos,present,nosotros,şimdi
2417,658,aconsejáis,present,vosotros,şimdi
2418,658,aconsejan,present,ellos,şimdi
2419,658,aconsejé,past,yo,di
2420,658,aconsejaste,past,tú,di
2421,658,aconsejó,past,él/ella,di
2422,658,aconsejamos,past,nosotros,di
2423,658,aconsejasteis,past,vosotros,di
2424,658,aconsejaron,past,ellos,di
2425,658,aconsejaré,future,yo,gelecek
2426,658,aconsejarás,future,tú,gelecek
2427,658,aconsejará,future,él/ella,gelecek
2428,658,aconsejaremos,future,nosotros,gelecek
2429,658,aconsejaréis,future,vosotros,gelecek
2430,658,aconsejarán,future,ellos,gelecek
2431,659,evito,present,yo,şimdi
2432,659,evitas,present,tú,şimdi
2433,659,evita,present,él/ella,şimdi
2434,659,evitamos,present,nosotros,şimdi
2435,659,evitáis,present,vosotros,şimdi
2436,659,evitan,present,ellos,şimdi
2437,659,evité,past,yo,di
2438,659,evitaste,past,tú,di
2439,659,evitó,past,él/ella,di
2440,659,evitamos,past,nosotros,di
2441,659,evitasteis,past,vosotros,di
2442,659,evitaron,past,ellos,di
2443,659,evitaré,future,yo,gelecek
2444,659,evitarás,future,tú,gelecek
2445,659,evitará,future,él/ella,gelecek
2446,659,evitaremos,future,nosotros,gelecek
2447,659,evitaréis,future,vosotros,gelecek
2448,659,evitarán,future,ellos,gelecek
2449,660,intento,present,yo,şimdi
2450,660,intentas,present,tú,şimdi
2451,660,intenta,present,él/ella,şimdi
2452,660,intentamos,present,nosotros,şimdi
2453,660,intentáis,present,vosotros,şimdi
2454,660,intentan,present,ellos,şimdi
2455,660,intenté,past,yo,di
2456,660,intentaste,past,tú,di
2457,660,intentó,past,él/ella,di
2458,660,intentamos,past,nosotros,di
2459,660,intentasteis,past,vosotros,di
2460,660,intentaron,past,ellos,di
2461,660,intentaré,future,yo,gelecek
2462,660,intentarás,future,tú,gelecek
2463,660,intentará,future,él/ella,gelecek
2464,660,intentaremos,future,nosotros,gelecek
2465,660,intentaréis,future,vosotros,gelecek
2466,660,intentarán,future,ellos,gelecek
2467,661,consigo,present,yo,şimdi
2468,661,consegues,present,tú,şimdi
2469,661,consegue,present,él/ella,şimdi
2470,661,conseguimos,present,nosotros,şimdi
2471,661,conseguís,present,vosotros,şimdi
2472,661,conseguen,present,ellos,şimdi
2473,661,conseguí,past,yo,di
2474,661,conseguiste,past,tú,di
2475,661,conseguió,past,él/ella,di
2476,661,conseguimos,past,nosotros,di
2477,661,conseguisteis,past,vosotros,di
2478,661,conseguieron,past,ellos,di
2479,661,conseguiré,future,yo,gelecek
2480,661,conseguirás,future,tú,gelecek
2481,661,conseguirá,future,él/ella,gelecek
2482,661,conseguiremos,future,nosotros,gelecek
2483,661,conseguiréis,future,vosotros,gelecek
2484,661,conseguirán,future,ellos,gelecek
2485,662,logro,present,yo,şimdi
2486,662,logras,present,tú,şimdi
2487,662,logra,present,él/ella,şimdi
2488,662,logramos,present,nosotros,şimdi
2489,662,lográis,present,vosotros,şimdi
2490,662,logran,present,ellos,şimdi
2491,662,logré,past,yo,di
2492,662,lograste,past,tú,di
2493,662,logró,past,él/ella,di
2494,662,logramos,past,nosotros,di
2495,662,lograsteis,past,vosotros,di
2496,662,lograron,past,ellos,di
2497,662,lograré,future,yo,gelecek
2498,662,lograrás,future,tú,gelecek
2499,662,logrará,future,él/ella,gelecek
2500,662,lograremos,future,nosotros,gelecek
2501,662,lograréis,future,vosotros,gelecek
2502,662,lograrán,future,ellos,gelecek
2503,671,deseo,present,yo,şimdi
2504,671,deseas,present,tú,şimdi
2505,671,desea,present,él/ella,şimdi
2506,671,deseamos,present,nosotros,şimdi
2507,671,deseáis,present,vosotros,şimdi
2508,671,desean,present,ellos,şimdi
2509,671,deseé,past,yo,di
2510,671,deseaste,past,tú,di
2511,671,deseó,past,él/ella,di
2512,671,deseamos,past,nosotros,di
2513,671,deseasteis,past,vosotros,di
2514,671,desearon,past,ellos,di
2515,671,desearé,future,yo,gelecek
2516,671,desearás,future,tú,gelecek
2517,671,deseará,future,él/ella,gelecek
2518,671,desearemos,future,nosotros,gelecek
2519,671,desearéis,future,vosotros,gelecek
2520,671,desearán,future,ellos,gelecek
2521,673,temo,present,yo,şimdi
2522,673,temes,present,tú,şimdi
2523,673,teme,present,él/ella,şimdi
2524,673,tememos,present,nosotros,şimdi
2525,673,teméis,present,vosotros,şimdi
2526,673,temen,present,ellos,şimdi
2527,673,temí,past,yo,di
2528,673,temiste,past,tú,di
2529,673,temió,past,él/ella,di
2530,673,temimos,past,nosotros,di
2531,673,temisteis,past,vosotros,di
2532,673,temieron,past,ellos,di
2533,673,temeré,future,yo,gelecek
2534,673,temerás,future,tú,gelecek
2535,673,temerá,future,él/ella,gelecek
2536,673,temeremos,future,nosotros,gelecek
2537,673,temeréis,future,vosotros,gelecek
2538,673,temerán,future,ellos,gelecek
2539,674,espero que,present,yo,şimdi
2540,674,esperas que,present,tú,şimdi
2541,674,espera que,present,él/ella,şimdi
2542,674,esperamos que,present,nosotros,şimdi
2543,674,esperáis que,present,vosotros,şimdi
2544,674,esperan que,present,ellos,şimdi
2545,674,esperé que,past,yo,di
2546,674,esperaste que,past,tú,di
2547,674,esperó que,past,él/ella,di
2548,674,esperamos que,past,nosotros,di
2549,674,esperasteis que,past,vosotros,di
2550,674,esperaron que,past,ellos,di
2551,674,esperaré que,future,yo,gelecek
2552,674,esperarás que,future,tú,gelecek
2553,674,esperará que,future,él/ella,gelecek
2554,674,esperaremos que,future,nosotros,gelecek
2555,674,esperaréis que,future,vosotros,gelecek
2556,674,esperarán que,future,ellos,gelecek
2557,695,sirvo para,present,yo,şimdi
2558,695,sirves para,present,tú,şimdi
2559,695,sirve para,present,él/ella,şimdi
2560,695,servimos para,present,nosotros,şimdi
2561,695,servís para,present,vosotros,şimdi
2562,695,sirven para,present,ellos,şimdi
2563,695,serví para,past,yo,di
2564,695,serviste para,past,tú,di
2565,695,sirvió para,past,él/ella,di
2566,695,servimos para,past,nosotros,di
2567,695,servisteis para,past,vosotros,di
2568,695,sirvieron para,past,ellos,di
2569,695,serviré para,future,yo,gelecek
2570,695,servirás para,future,tú,gelecek
2571,695,servirá para,future,él/ella,gelecek
2572,695,serviremos para,future,nosotros,gelecek
2573,695,serviréis para,future,vosotros,gelecek
2574,695,servirán para,future,ellos,gelecek
2575,696,estoy hecho de,present,yo,şimdi
2576,696,estás hecho de,present,tú,şimdi
2577,696,está hecho de,present,él/ella,şimdi
2578,696,estamos hecho de,present,nosotros,şimdi
2579,696,estáis hecho de,present,vosotros,şimdi
2580,696,están hecho de,present,ellos,şimdi
2581,696,estuve hecho de,past,yo,di
2582,696,estuviste hecho de,past,tú,di
2583,696,estuvo hecho de,past,él/ella,di
2584,696,estuvimos hecho de,past,nosotros,di
2585,696,estuvisteis hecho de,past,vosotros,di
2586,696,estuvieron hecho de,past,ellos,di
2587,696,estaré hecho de,future,yo,gelecek
2588,696,estarás hecho de,future,tú,gelecek
2589,696,estará hecho de,future,él/ella,gelecek
2590,696,estaremos hecho de,future,nosotros,gelecek
2591,696,estaréis hecho de,future,vosotros,gelecek
2592,696,estarán hecho de,future,ellos,gelecek
2593,697,funciono,present,yo,şimdi
2594,697,funcionas,present,tú,şimdi
2595,697,funciona,present,él/ella,şimdi
2596,697,funcionamos,present,nosotros,şimdi
2597,697,funcionáis,present,vosotros,şimdi
2598,697,funcionan,present,ellos,şimdi
2599,697,funcioné,past,yo,di
2600,697,funcionaste,past,tú,di
2601,697,funcionó,past,él/ella,di
2602,697,funcionamos,past,nosotros,di
2603,697,funcionasteis,past,vosotros,di
2604,697,funcionaron,past,ellos,di
2605,697,funcionaré,future,yo,gelecek
2606,697,funcionarás,future,tú,gelecek
2607,697,funcionará,future,él/ella,gelecek
2608,697,funcionaremos,future,nosotros,gelecek
2609,697,funcionaréis,future,vosotros,gelecek
2610,697,funcionarán,future,ellos,gelecek
2611,707,voto,present,yo,şimdi
2612,707,votas,present,tú,şimdi
2613,707,vota,present,él/ella,şimdi
2614,707,votamos,present,nosotros,şimdi
2615,707,votáis,present,vosotros,şimdi
2616,707,votan,present,ellos,şimdi
2617,707,voté,past,yo,di
2618,707,votaste,past,tú,di
2619,707,votó,past,él/ella,di
2620,707,votamos,past,nosotros,di
2621,707,votasteis,past,vosotros,di
2622,707,votaron,past,ellos,di
2623,707,votaré,future,yo,gelecek
2624,707,votarás,future,tú,gelecek
2625,707,votará,future,él/ella,gelecek
2626,707,votaremos,future,nosotros,gelecek
2627,707,votaréis,future,vosotros,gelecek
2628,707,votarán,future,ellos,gelecek
2629,708,protesto,present,yo,şimdi
2630,708,protestas,present,tú,şimdi
2631,708,protesta,present,él/ella,şimdi
2632,708,protestamos,present,nosotros,şimdi
2633,708,protestáis,present,vosotros,şimdi
2634,708,protestan,present,ellos,şimdi
2635,708,protesté,past,yo,di
2636,708,protestaste,past,tú,di
2637,708,protestó,past,él/ella,di
2638,708,protestamos,past,nosotros,di
2639,708,protestasteis,past,vosotros,di
2640,708,protestaron,past,ellos,di
2641,708,protestaré,future,yo,gelecek
2642,708,protestarás,future,tú,gelecek
2643,708,protestará,future,él/ella,gelecek
2644,708,protestaremos,future,nosotros,gelecek
2645,708,protestaréis,future,vosotros,gelecek
2646,708,protestarán,future,ellos,gelecek
2647,709,me informo,present,yo,şimdi
2648,709,te informas,present,tú,şimdi
2649,709,se informa,present,él/ella,şimdi
2650,709,nos informamos,present,nosotros,şimdi
2651,709,os informáis,present,vosotros,şimdi
2652,709,se informan,present,ellos,şimdi
2653,709,me informé,past,yo,di
2654,709,te informaste,past,tú,di
2655,709,se informó,past,él/ella,di
2656,709,nos informamos,past,nosotros,di
2657,709,os informasteis,past,vosotros,di
2658,709,se informaron,past,ellos,di
2659,709,me informaré,future,yo,gelecek
2660,709,te informarás,future,tú,gelecek
2661,709,se informará,future,él/ella,gelecek
2662,709,nos informaremos,future,nosotros,gelecek
2663,709,os informaréis,future,vosotros,gelecek
2664,709,se informarán,future,ellos,gelecek
2665,710,debato,present,yo,şimdi
2666,710,debates,present,tú,şimdi
2667,710,debate,present,él/ella,şimdi
2668,710,debatimos,present,nosotros,şimdi
2669,710,debatís,present,vosotros,şimdi
2670,710,debaten,present,ellos,şimdi
2671,710,debatí,past,yo,di
2672,710,debatiste,past,tú,di
2673,710,debatió,past,él/ella,di
2674,710,debatimos,past,nosotros,di
2675,710,debatisteis,past,vosotros,di
2676,710,debatieron,past,ellos,di
2677,710,debatiré,future,yo,gelecek
2678,710,debatirás,future,tú,gelecek
2679,710,debatirá,future,él/ella,gelecek
2680,710,debatiremos,future,nosotros,gelecek
2681,710,debatiréis,future,vosotros,gelecek
2682,710,debatirán,future,ellos,gelecek
2683,728,parecerseo a,present,yo,şimdi
2684,728,parecerseas a,present,tú,şimdi
2685,728,parecersea a,present,él/ella,şimdi
2686,728,parecerseamos a,present,nosotros,şimdi
2687,728,parecerseáis a,present,vosotros,şimdi
2688,728,parecersean a,present,ellos,şimdi
2689,728,parecerseé a,past,yo,di
2690,728,parecerseaste a,past,tú,di
2691,728,parecerseó a,past,él/ella,di
2692,728,parecerseamos a,past,nosotros,di
2693,728,parecerseasteis a,past,vosotros,di
2694,728,parecersearon a,past,ellos,di
2695,728,parecerseé a,future,yo,gelecek
2696,728,parecerseás a,future,tú,gelecek
2697,728,parecerseá a,future,él/ella,gelecek
2698,728,parecerseemos a,future,nosotros,gelecek
2699,728,parecerseéis a,future,vosotros,gelecek
2700,728,parecerseán a,future,ellos,gelecek
2701,729,me comporto,present,yo,şimdi
2702,729,te comportas,present,tú,şimdi
2703,729,se comporta,present,él/ella,şimdi
2704,729,nos comportamos,present,nosotros,şimdi
2705,729,os comportáis,present,vosotros,şimdi
2706,729,se comportan,present,ellos,şimdi
2707,729,me comporté,past,yo,di
2708,729,te comportaste,past,tú,di
2709,729,se comportó,past,él/ella,di
2710,729,nos comportamos,past,nosotros,di
2711,729,os comportasteis,past,vosotros,di
2712,729,se comportaron,past,ellos,di
2713,729,me comportaré,future,yo,gelecek
2714,729,te comportarás,future,tú,gelecek
2715,729,se comportará,future,él/ella,gelecek
2716,729,nos comportaremos,future,nosotros,gelecek
2717,729,os comportaréis,future,vosotros,gelecek
2718,729,se comportarán,future,ellos,gelecek
2719,736,protego,present,yo,şimdi
2720,736,proteges,present,tú,şimdi
2721,736,protege,present,él/ella,şimdi
2722,736,protegemos,present,nosotros,şimdi
2723,736,protegéis,present,vosotros,şimdi
2724,736,protegen,present,ellos,şimdi
2725,736,protegí,past,yo,di
2726,736,protegiste,past,tú,di
2727,736,protegió,past,él/ella,di
2728,736,protegimos,past,nosotros,di
2729,736,protegisteis,past,vosotros,di
2730,736,protegieron,past,ellos,di
2731,736,protegeré,future,yo,gelecek
2732,736,protegerás,future,tú,gelecek
2733,736,protegerá,future,él/ella,gelecek
2734,736,protegeremos,future,nosotros,gelecek
2735,736,protegeréis,future,vosotros,gelecek
2736,736,protegerán,future,ellos,gelecek
2737,737,contamino,present,yo,şimdi
2738,737,contaminas,present,tú,şimdi
2739,737,contamina,present,él/ella,şimdi
2740,737,contaminamos,present,nosotros,şimdi
2741,737,contamináis,present,vosotros,şimdi
2742,737,contaminan,present,ellos,şimdi
2743,737,contaminé,past,yo,di
2744,737,contaminaste,past,tú,di
2745,737,contaminó,past,él/ella,di
2746,737,contaminamos,past,nosotros,di
2747,737,contaminasteis,past,vosotros,di
2748,737,contaminaron,past,ellos,di
2749,737,contaminaré,future,yo,gelecek
2750,737,contaminarás,future,tú,gelecek
2751,737,contaminará,future,él/ella,gelecek
2752,737,contaminaremos,future,nosotros,gelecek
2753,737,contaminaréis,future,vosotros,gelecek
2754,737,contaminarán,future,ellos,gelecek
2755,738,ahorro,present,yo,şimdi
2756,738,ahorras,present,tú,şimdi
2757,738,ahorra,present,él/ella,şimdi
2758,738,ahorramos,present,nosotros,şimdi
2759,738,ahorráis,present,vosotros,şimdi
2760,738,ahorran,present,ellos,şimdi
2761,738,ahorré,past,yo,di
2762,738,ahorraste,past,tú,di
2763,738,ahorró,past,él/ella,di
2764,738,ahorramos,past,nosotros,di
2765,738,ahorrasteis,past,vosotros,di
2766,738,ahorraron,past,ellos,di
2767,738,ahorraré,future,yo,gelecek
2768,738,ahorrarás,future,tú,gelecek
2769,738,ahorrará,future,él/ella,gelecek
2770,738,ahorraremos,future,nosotros,gelecek
2771,738,ahorraréis,future,vosotros,gelecek
2772,738,ahorrarán,future,ellos,gelecek
2773,739,reciclo,present,yo,şimdi
2774,739,reciclas,present,tú,şimdi
2775,739,recicla,present,él/ella,şimdi
2776,739,reciclamos,present,nosotros,şimdi
2777,739,recicláis,present,vosotros,şimdi
2778,739,reciclan,present,ellos,şimdi
2779,739,reciclé,past,yo,di
2780,739,reciclaste,past,tú,di
2781,739,recicló,past,él/ella,di
2782,739,reciclamos,past,nosotros,di
2783,739,reciclasteis,past,vosotros,di
2784,739,reciclaron,past,ellos,di
2785,739,reciclaré,future,yo,gelecek
2786,739,reciclarás,future,tú,gelecek
2787,739,reciclará,future,él/ella,gelecek
2788,739,reciclaremos,future,nosotros,gelecek
2789,739,reciclaréis,future,vosotros,gelecek
2790,739,reciclarán,future,ellos,gelecek
2791,753,opino,present,yo,şimdi
2792,753,opinas,present,tú,şimdi
2793,753,opina,present,él/ella,şimdi
2794,753,opinamos,present,nosotros,şimdi
2795,753,opináis,present,vosotros,şimdi
2796,753,opinan,present,ellos,şimdi
2797,753,opiné,past,yo,di
2798,753,opinaste,past,tú,di
2799,753,opinó,past,él/ella,di
2800,753,opinamos,past,nosotros,di
2801,753,opinasteis,past,vosotros,di
2802,753,opinaron,past,ellos,di
2803,753,opinaré,future,yo,gelecek
2804,753,opinarás,future,tú,gelecek
2805,753,opinará,future,él/ella,gelecek
2806,753,opinaremos,future,nosotros,gelecek
2807,753,opinaréis,future,vosotros,gelecek
2808,753,opinarán,future,ellos,gelecek
2809,754,estoy de acuerdo,present,yo,şimdi
2810,754,estás de acuerdo,present,tú,şimdi
2811,754,está de acuerdo,present,él/ella,şimdi
2812,754,estamos de acuerdo,present,nosotros,şimdi
2813,754,estáis de acuerdo,present,vosotros,şimdi
2814,754,están de acuerdo,present,ellos,şimdi
2815,754,estuve de acuerdo,past,yo,di
2816,754,estuviste de acuerdo,past,tú,di
2817,754,estuvo de acuerdo,past,él/ella,di
2818,754,estuvimos de acuerdo,past,nosotros,di
2819,754,estuvisteis de acuerdo,past,vosotros,di
2820,754,estuvieron de acuerdo,past,ellos,di
2821,754,estaré de acuerdo,future,yo,gelecek
2822,754,estarás de acuerdo,future,tú,gelecek
2823,754,estará de acuerdo,future,él/ella,gelecek
2824,754,estaremos de acuerdo,future,nosotros,gelecek
2825,754,estaréis de acuerdo,future,vosotros,gelecek
2826,754,estarán de acuerdo,future,ellos,gelecek
2827,755,discrepo,present,yo,şimdi
2828,755,discrepas,present,tú,şimdi
2829,755,discrepa,present,él/ella,şimdi
2830,755,discrepamos,present,nosotros,şimdi
2831,755,discrepáis,present,vosotros,şimdi
2832,755,discrepan,present,ellos,şimdi
2833,755,discrepé,past,yo,di
2834,755,discrepaste,past,tú,di
2835,755,discrepó,past,él/ella,di
2836,755,discrepamos,past,nosotros,di
2837,755,discrepasteis,past,vosotros,di
2838,755,discreparon,past,ellos,di
2839,755,discreparé,future,yo,gelecek
2840,755,discreparás,future,tú,gelecek
2841,755,discrepará,future,él/ella,gelecek
2842,755,discreparemos,future,nosotros,gelecek
2843,755,discreparéis,future,vosotros,gelecek
2844,755,discreparán,future,ellos,gelecek
2845,756,matizo,present,yo,şimdi
2846,756,matizas,present,tú,şimdi
2847,756,matiza,present,él/ella,şimdi
2848,756,matizamos,present,nosotros,şimdi
2849,756,matizáis,present,vosotros,şimdi
2850,756,matizan,present,ellos,şimdi
2851,756,maticé,past,yo,di
2852,756,matizaste,past,tú,di
2853,756,matizó,past,él/ella,di
2854,756,matizamos,past,nosotros,di
2855,756,matizasteis,past,vosotros,di
2856,756,matizaron,past,ellos,di
2857,756,matizaré,future,yo,gelecek
2858,756,matizarás,future,tú,gelecek
2859,756,matizará,future,él/ella,gelecek
2860,756,matizaremos,future,nosotros,gelecek
2861,756,matizaréis,future,vosotros,gelecek
2862,756,matizarán,future,ellos,gelecek
2863,758,afirmo,present,yo,şimdi
2864,758,afirmas,present,tú,şimdi
2865,758,afirma,present,él/ella,şimdi
2866,758,afirmamos,present,nosotros,şimdi
2867,758,afirmáis,present,vosotros,şimdi
2868,758,afirman,present,ellos,şimdi
2869,758,afirmé,past,yo,di
2870,758,afirmaste,past,tú,di
2871,758,afirmó,past,él/ella,di
2872,758,afirmamos,past,nosotros,di
2873,758,afirmasteis,past,vosotros,di
2874,758,afirmaron,past,ellos,di
2875,758,afirmaré,future,yo,gelecek
2876,758,afirmarás,future,tú,gelecek
2877,758,afirmará,future,él/ella,gelecek
2878,758,afirmaremos,future,nosotros,gelecek
2879,758,afirmaréis,future,vosotros,gelecek
2880,758,afirmarán,future,ellos,gelecek
2881,759,pregunto,present,yo,şimdi
2882,759,preguntas,present,tú,şimdi
2883,759,pregunta,present,él/ella,şimdi
2884,759,preguntamos,present,nosotros,şimdi
2885,759,preguntáis,present,vosotros,şimdi
2886,759,preguntan,present,ellos,şimdi
2887,759,pregunté,past,yo,di
2888,759,preguntaste,past,tú,di
2889,759,preguntó,past,él/ella,di
2890,759,preguntamos,past,nosotros,di
2891,759,preguntasteis,past,vosotros,di
2892,759,preguntaron,past,ellos,di
2893,759,preguntaré,future,yo,gelecek
2894,759,preguntarás,future,tú,gelecek
2895,759,preguntará,future,él/ella,gelecek
2896,759,preguntaremos,future,nosotros,gelecek
2897,759,preguntaréis,future,vosotros,gelecek
2898,759,preguntarán,future,ellos,gelecek
2899,760,respondo,present,yo,şimdi
2900,760,respondes,present,tú,şimdi
2901,760,responde,present,él/ella,şimdi
2902,760,respondemos,present,nosotros,şimdi
2903,760,respondéis,present,vosotros,şimdi
2904,760,responden,present,ellos,şimdi
2905,760,respondí,past,yo,di
2906,760,respondiste,past,tú,di
2907,760,respondió,past,él/ella,di
2908,760,respondimos,past,nosotros,di
2909,760,respondisteis,past,vosotros,di
2910,760,respondieron,past,ellos,di
2911,760,responderé,future,yo,gelecek
2912,760,responderás,future,tú,gelecek
2913,760,responderá,future,él/ella,gelecek
2914,760,responderemos,future,nosotros,gelecek
2915,760,responderéis,future,vosotros,gelecek
2916,760,responderán,future,ellos,gelecek
2917,761,digo que,present,yo,şimdi
2918,761,dices que,present,tú,şimdi
2919,761,dice que,present,él/ella,şimdi
2920,761,decimos que,present,nosotros,şimdi
2921,761,decís que,present,vosotros,şimdi
2922,761,dicen que,present,ellos,şimdi
2923,761,dije que,past,yo,di
2924,761,dijiste que,past,tú,di
2925,761,dijo que,past,él/ella,di
2926,761,dijimos que,past,nosotros,di
2927,761,dijisteis que,past,vosotros,di
2928,761,dijeron que,past,ellos,di
2929,761,diré que,future,yo,gelecek
2930,761,dirás que,future,tú,gelecek
2931,761,dirá que,future,él/ella,gelecek
2932,761,diremos que,future,nosotros,gelecek
2933,761,diréis que,future,vosotros,gelecek
2934,761,dirán que,future,ellos,gelecek
2935,762,pregunto si,present,yo,şimdi
2936,762,preguntas si,present,tú,şimdi
2937,762,pregunta si,present,él/ella,şimdi
2938,762,preguntamos si,present,nosotros,şimdi
2939,762,preguntáis si,present,vosotros,şimdi
2940,762,preguntan si,present,ellos,şimdi
2941,762,pregunté si,past,yo,di
2942,762,preguntaste si,past,tú,di
2943,762,preguntó si,past,él/ella,di
2944,762,preguntamos si,past,nosotros,di
2945,762,preguntasteis si,past,vosotros,di
2946,762,preguntaron si,past,ellos,di
2947,762,preguntaré si,future,yo,gelecek
2948,762,preguntarás si,future,tú,gelecek
2949,762,preguntará si,future,él/ella,gelecek
2950,762,preguntaremos si,future,nosotros,gelecek
2951,762,preguntaréis si,future,vosotros,gelecek
2952,762,preguntarán si,future,ellos,gelecek
2953,774,encajo,present,yo,şimdi
2954,774,encajas,present,tú,şimdi
2955,774,encaja,present,él/ella,şimdi
2956,774,encajamos,present,nosotros,şimdi
2957,774,encajáis,present,vosotros,şimdi
2958,774,encajan,present,ellos,şimdi
2959,774,encajé,past,yo,di
2960,774,encajaste,past,tú,di
2961,774,encajó,past,él/ella,di
2962,774,encajamos,past,nosotros,di
2963,774,encajasteis,past,vosotros,di
2964,774,encajaron,past,ellos,di
2965,774,encajaré,future,yo,gelecek
2966,774,encajarás,future,tú,gelecek
2967,774,encajará,future,él/ella,gelecek
2968,774,encajaremos,future,nosotros,gelecek
2969,774,encajaréis,future,vosotros,gelecek
2970,774,encajarán,future,ellos,gelecek
2971,775,discrimino,present,yo,şimdi
2972,775,discriminas,present,tú,şimdi
2973,775,discrimina,present,él/ella,şimdi
2974,775,discriminamos,present,nosotros,şimdi
2975,775,discrimináis,present,vosotros,şimdi
2976,775,discriminan,present,ellos,şimdi
2977,775,discriminé,past,yo,di
2978,775,discriminaste,past,tú,di
2979,775,discriminó,past,él/ella,di
2980,775,discriminamos,past,nosotros,di
2981,775,discriminasteis,past,vosotros,di
2982,775,discriminaron,past,ellos,di
2983,775,discriminaré,future,yo,gelecek
2984,775,discriminarás,future,tú,gelecek
2985,775,discriminará,future,él/ella,gelecek
2986,775,discriminaremos,future,nosotros,gelecek
2987,775,discriminaréis,future,vosotros,gelecek
2988,775,discriminarán,future,ellos,gelecek
2989,776,incluo,present,yo,şimdi
2990,776,inclues,present,tú,şimdi
2991,776,inclue,present,él/ella,şimdi
2992,776,incluimos,present,nosotros,şimdi
2993,776,incluís,present,vosotros,şimdi
2994,776,incluen,present,ellos,şimdi
2995,776,incluí,past,yo,di
2996,776,incluiste,past,tú,di
2997,776,incluió,past,él/ella,di
2998,776,incluimos,past,nosotros,di
2999,776,incluisteis,past,vosotros,di
3000,776,incluieron,past,ellos,di
3001,776,incluiré,future,yo,gelecek
3002,776,incluirás,future,tú,gelecek
3003,776,incluirá,future,él/ella,gelecek
3004,776,incluiremos,future,nosotros,gelecek
3005,776,incluiréis,future,vosotros,gelecek
3006,776,incluirán,future,ellos,gelecek
3007,777,perteneco,present,yo,şimdi
3008,777,perteneces,present,tú,şimdi
3009,777,pertenece,present,él/ella,şimdi
3010,777,pertenecemos,present,nosotros,şimdi
3011,777,pertenecéis,present,vosotros,şimdi
3012,777,pertenecen,present,ellos,şimdi
3013,777,pertenecí,past,yo,di
3014,777,perteneciste,past,tú,di
3015,777,perteneció,past,él/ella,di
3016,777,pertenecimos,past,nosotros,di
3017,777,pertenecisteis,past,vosotros,di
3018,777,pertenecieron,past,ellos,di
3019,777,perteneceré,future,yo,gelecek
3020,777,pertenecerás,future,tú,gelecek
3021,777,pertenecerá,future,él/ella,gelecek
3022,777,perteneceremos,future,nosotros,gelecek
3023,777,perteneceréis,future,vosotros,gelecek
3024,777,pertenecerán,future,ellos,gelecek
3025,784,filtro,present,yo,şimdi
3026,784,filtras,present,tú,şimdi
3027,784,filtra,present,él/ella,şimdi
3028,784,filtramos,present,nosotros,şimdi
3029,784,filtráis,present,vosotros,şimdi
3030,784,filtran,present,ellos,şimdi
3031,784,filtré,past,yo,di
3032,784,filtraste,past,tú,di
3033,784,filtró,past,él/ella,di
3034,784,filtramos,past,nosotros,di
3035,784,filtrasteis,past,vosotros,di
3036,784,filtraron,past,ellos,di
3037,784,filtraré,future,yo,gelecek
3038,784,filtrarás,future,tú,gelecek
3039,784,filtrará,future,él/ella,gelecek
3040,784,filtraremos,future,nosotros,gelecek
3041,784,filtraréis,future,vosotros,gelecek
3042,784,filtrarán,future,ellos,gelecek
3043,785,contrasto,present,yo,şimdi
3044,785,contrastas,present,tú,şimdi
3045,785,contrasta,present,él/ella,şimdi
3046,785,contrastamos,present,nosotros,şimdi
3047,785,contrastáis,present,vosotros,şimdi
3048,785,contrastan,present,ellos,şimdi
3049,785,contrasté,past,yo,di
3050,785,contrastaste,past,tú,di
3051,785,contrastó,past,él/ella,di
3052,785,contrastamos,past,nosotros,di
3053,785,contrastasteis,past,vosotros,di
3054,785,contrastaron,past,ellos,di
3055,785,contrastaré,future,yo,gelecek
3056,785,contrastarás,future,tú,gelecek
3057,785,contrastará,future,él/ella,gelecek
3058,785,contrastaremos,future,nosotros,gelecek
3059,785,contrastaréis,future,vosotros,gelecek
3060,785,contrastarán,future,ellos,gelecek
3061,786,me viralizo,present,yo,şimdi
3062,786,te viralizas,present,tú,şimdi
3063,786,se viraliza,present,él/ella,şimdi
3064,786,nos viralizamos,present,nosotros,şimdi
3065,786,os viralizáis,present,vosotros,şimdi
3066,786,se viralizan,present,ellos,şimdi
3067,786,me viralicé,past,yo,di
3068,786,te viralizaste,past,tú,di
3069,786,se viralizó,past,él/ella,di
3070,786,nos viralizamos,past,nosotros,di
3071,786,os viralizasteis,past,vosotros,di
3072,786,se viralizaron,past,ellos,di
3073,786,me viralizaré,future,yo,gelecek
3074,786,te viralizarás,future,tú,gelecek
3075,786,se viralizará,future,él/ella,gelecek
3076,786,nos viralizaremos,future,nosotros,gelecek
3077,786,os viralizaréis,future,vosotros,gelecek
3078,786,se viralizarán,future,ellos,gelecek
3079,796,consumo,present,yo,şimdi
3080,796,consumes,present,tú,şimdi
3081,796,consume,present,él/ella,şimdi
3082,796,consumimos,present,nosotros,şimdi
3083,796,consumís,present,vosotros,şimdi
3084,796,consumen,present,ellos,şimdi
3085,796,consumí,past,yo,di
3086,796,consumiste,past,tú,di
3087,796,consumió,past,él/ella,di
3088,796,consumimos,past,nosotros,di
3089,796,consumisteis,past,vosotros,di
3090,796,consumieron,past,ellos,di
3091,796,consumiré,future,yo,gelecek
3092,796,consumirás,future,tú,gelecek
3093,796,consumirá,future,él/ella,gelecek
3094,796,consumiremos,future,nosotros,gelecek
3095,796,consumiréis,future,vosotros,gelecek
3096,796,consumirán,future,ellos,gelecek
3097,797,desperdicio,present,yo,şimdi
3098,797,desperdicias,present,tú,şimdi
3099,797,desperdicia,present,él/ella,şimdi
3100,797,desperdiciamos,present,nosotros,şimdi
3101,797,desperdiciáis,present,vosotros,şimdi
3102,797,desperdician,present,ellos,şimdi
3103,797,desperdicié,past,yo,di
3104,797,desperdiciaste,past,tú,di
3105,797,desperdició,past,él/ella,di
3106,797,desperdiciamos,past,nosotros,di
3107,797,desperdiciasteis,past,vosotros,di
3108,797,desperdiciaron,past,ellos,di
3109,797,desperdiciaré,future,yo,gelecek
3110,797,desperdiciarás,future,tú,gelecek
3111,797,desperdiciará,future,él/ella,gelecek
3112,797,desperdiciaremos,future,nosotros,gelecek
3113,797,desperdiciaréis,future,vosotros,gelecek
3114,797,desperdiciarán,future,ellos,gelecek
3115,798,presumo,present,yo,şimdi
3116,798,presumes,present,tú,şimdi
3117,798,presume,present,él/ella,şimdi
3118,798,presumimos,present,nosotros,şimdi
3119,798,presumís,present,vosotros,şimdi
3120,798,presumen,present,ellos,şimdi
3121,798,presumí,past,yo,di
3122,798,presumiste,past,tú,di
3123,798,presumió,past,él/ella,di
3124,798,presumimos,past,nosotros,di
3125,798,presumisteis,past,vosotros,di
3126,798,presumieron,past,ellos,di
3127,798,presumiré,future,yo,gelecek
3128,798,presumirás,future,tú,gelecek
3129,798,presumirá,future,él/ella,gelecek
3130,798,presumiremos,future,nosotros,gelecek
3131,798,presumiréis,future,vosotros,gelecek
3132,798,presumirán,future,ellos,gelecek
3133,805,mitigo,present,yo,şimdi
3134,805,mitigas,present,tú,şimdi
3135,805,mitiga,present,él/ella,şimdi
3136,805,mitigamos,present,nosotros,şimdi
3137,805,mitigáis,present,vosotros,şimdi
3138,805,mitigan,present,ellos,şimdi
3139,805,mitigué,past,yo,di
3140,805,mitigaste,past,tú,di
3141,805,mitigó,past,él/ella,di
3142,805,mitigamos,past,nosotros,di
3143,805,mitigasteis,past,vosotros,di
3144,805,mitigaron,past,ellos,di
3145,805,mitigaré,future,yo,gelecek
3146,805,mitigarás,future,tú,gelecek
3147,805,mitigará,future,él/ella,gelecek
3148,805,mitigaremos,future,nosotros,gelecek
3149,805,mitigaréis,future,vosotros,gelecek
3150,805,mitigarán,future,ellos,gelecek
3151,806,compenso,present,yo,şimdi
3152,806,compensas,present,tú,şimdi
3153,806,compensa,present,él/ella,şimdi
3154,806,compensamos,present,nosotros,şimdi
3155,806,compensáis,present,vosotros,şimdi
3156,806,compensan,present,ellos,şimdi
3157,806,compensé,past,yo,di
3158,806,compensaste,past,tú,di
3159,806,compensó,past,él/ella,di
3160,806,compensamos,past,nosotros,di
3161,806,compensasteis,past,vosotros,di
3162,806,compensaron,past,ellos,di
3163,806,compensaré,future,yo,gelecek
3164,806,compensarás,future,tú,gelecek
3165,806,compensará,future,él/ella,gelecek
3166,806,compensaremos,future,nosotros,gelecek
3167,806,compensaréis,future,vosotros,gelecek
3168,806,compensarán,future,ellos,gelecek
3169,813,desestacionalizo,present,yo,şimdi
3170,813,desestacionalizas,present,tú,şimdi
3171,813,desestacionaliza,present,él/ella,şimdi
3172,813,desestacionalizamos,present,nosotros,şimdi
3173,813,desestacionalizáis,present,vosotros,şimdi
3174,813,desestacionalizan,present,ellos,şimdi
3175,813,desestacionalicé,past,yo,di
3176,813,desestacionalizaste,past,tú,di
3177,813,desestacionalizó,past,él/ella,di
3178,813,desestacionalizamos,past,nosotros,di
3179,813,desestacionalizasteis,past,vosotros,di
3180,813,desestacionalizaron,past,ellos,di
3181,813,desestacionalizaré,future,yo,gelecek
3182,813,desestacionalizarás,future,tú,gelecek
3183,813,desestacionalizará,future,él/ella,gelecek
3184,813,desestacionalizaremos,future,nosotros,gelecek
3185,813,desestacionalizaréis,future,vosotros,gelecek
3186,813,desestacionalizarán,future,ellos,gelecek
3187,814,saturo,present,yo,şimdi
3188,814,saturas,present,tú,şimdi
3189,814,satura,present,él/ella,şimdi
3190,814,saturamos,present,nosotros,şimdi
3191,814,saturáis,present,vosotros,şimdi
3192,814,saturan,present,ellos,şimdi
3193,814,saturé,past,yo,di
3194,814,saturaste,past,tú,di
3195,814,saturó,past,él/ella,di
3196,814,saturamos,past,nosotros,di
3197,814,saturasteis,past,vosotros,di
3198,814,saturaron,past,ellos,di
3199,814,saturaré,future,yo,gelecek
3200,814,saturarás,future,tú,gelecek
3201,814,saturará,future,él/ella,gelecek
3202,814,saturaremos,future,nosotros,gelecek
3203,814,saturaréis,future,vosotros,gelecek
3204,814,saturarán,future,ellos,gelecek
3205,822,entreno,present,yo,şimdi
3206,822,entrenas,present,tú,şimdi
3207,822,entrena,present,él/ella,şimdi
3208,822,entrenamos,present,nosotros,şimdi
3209,822,entrenáis,present,vosotros,şimdi
3210,822,entrenan,present,ellos,şimdi
3211,822,entrené,past,yo,di
3212,822,entrenaste,past,tú,di
3213,822,entrenó,past,él/ella,di
3214,822,entrenamos,past,nosotros,di
3215,822,entrenasteis,past,vosotros,di
3216,822,entrenaron,past,ellos,di
3217,822,entrenaré,future,yo,gelecek
3218,822,entrenarás,future,tú,gelecek
3219,822,entrenará,future,él/ella,gelecek
3220,822,entrenaremos,future,nosotros,gelecek
3221,822,entrenaréis,future,vosotros,gelecek
3222,822,entrenarán,future,ellos,gelecek
3223,823,me supero,present,yo,şimdi
3224,823,te superas,present,tú,şimdi
3225,823,se supera,present,él/ella,şimdi
3226,823,nos superamos,present,nosotros,şimdi
3227,823,os superáis,present,vosotros,şimdi
3228,823,se superan,present,ellos,şimdi
3229,823,me superé,past,yo,di
3230,823,te superaste,past,tú,di
3231,823,se superó,past,él/ella,di
3232,823,nos superamos,past,nosotros,di
3233,823,os superasteis,past,vosotros,di
3234,823,se superaron,past,ellos,di
3235,823,me superaré,future,yo,gelecek
3236,823,te superarás,future,tú,gelecek
3237,823,se superará,future,él/ella,gelecek
3238,823,nos superaremos,future,nosotros,gelecek
3239,823,os superaréis,future,vosotros,gelecek
3240,823,se superarán,future,ellos,gelecek
3241,832,me comprometo,present,yo,şimdi
3242,832,te comprometes,present,tú,şimdi
3243,832,se compromete,present,él/ella,şimdi
3244,832,nos comprometemos,present,nosotros,şimdi
3245,832,os comprometéis,present,vosotros,şimdi
3246,832,se comprometen,present,ellos,şimdi
3247,832,me comprometí,past,yo,di
3248,832,te comprometiste,past,tú,di
3249,832,se comprometió,past,él/ella,di
3250,832,nos comprometimos,past,nosotros,di
3251,832,os comprometisteis,past,vosotros,di
3252,832,se comprometieron,past,ellos,di
3253,832,me comprometeré,future,yo,gelecek
3254,832,te comprometerás,future,tú,gelecek
3255,832,se comprometerá,future,él/ella,gelecek
3256,832,nos comprometeremos,future,nosotros,gelecek
3257,832,os comprometeréis,future,vosotros,gelecek
3258,832,se comprometerán,future,ellos,gelecek
3259,833,rompo,present,yo,şimdi
3260,833,rompes,present,tú,şimdi
3261,833,rompe,present,él/ella,şimdi
3262,833,rompemos,present,nosotros,şimdi
3263,833,rompéis,present,vosotros,şimdi
3264,833,rompen,present,ellos,şimdi
3265,833,rompí,past,yo,di
3266,833,rompiste,past,tú,di
3267,833,rompió,past,él/ella,di
3268,833,rompimos,past,nosotros,di
3269,833,rompisteis,past,vosotros,di
3270,833,rompieron,past,ellos,di
3271,833,romperé,future,yo,gelecek
3272,833,romperás,future,tú,gelecek
3273,833,romperá,future,él/ella,gelecek
3274,833,romperemos,future,nosotros,gelecek
3275,833,romperéis,future,vosotros,gelecek
3276,833,romperán,future,ellos,gelecek
3277,834,reconstruo,present,yo,şimdi
3278,834,reconstrues,present,tú,şimdi
3279,834,reconstrue,present,él/ella,şimdi
3280,834,reconstruimos,present,nosotros,şimdi
3281,834,reconstruís,present,vosotros,şimdi
3282,834,reconstruen,present,ellos,şimdi
3283,834,reconstruí,past,yo,di
3284,834,reconstruiste,past,tú,di
3285,834,reconstruió,past,él/ella,di
3286,834,reconstruimos,past,nosotros,di
3287,834,reconstruisteis,past,vosotros,di
3288,834,reconstruieron,past,ellos,di
3289,834,reconstruiré,future,yo,gelecek
3290,834,reconstruirás,future,tú,gelecek
3291,834,reconstruirá,future,él/ella,gelecek
3292,834,reconstruiremos,future,nosotros,gelecek
3293,834,reconstruiréis,future,vosotros,gelecek
3294,834,reconstruirán,future,ellos,gelecek
3295,843,evaluo,present,yo,şimdi
3296,843,evaluas,present,tú,şimdi
3297,843,evalua,present,él/ella,şimdi
3298,843,evaluamos,present,nosotros,şimdi
3299,843,evaluáis,present,vosotros,şimdi
3300,843,evaluan,present,ellos,şimdi
3301,843,evalué,past,yo,di
3302,843,evaluaste,past,tú,di
3303,843,evaluó,past,él/ella,di
3304,843,evaluamos,past,nosotros,di
3305,843,evaluasteis,past,vosotros,di
3306,843,evaluaron,past,ellos,di
3307,843,evaluaré,future,yo,gelecek
3308,843,evaluarás,future,tú,gelecek
3309,843,evaluará,future,él/ella,gelecek
3310,843,evaluaremos,future,nosotros,gelecek
3311,843,evaluaréis,future,vosotros,gelecek
3312,843,evaluarán,future,ellos,gelecek
3313,844,motivo,present,yo,şimdi
3314,844,motivas,present,tú,şimdi
3315,844,motiva,present,él/ella,şimdi
3316,844,motivamos,present,nosotros,şimdi
3317,844,motiváis,present,vosotros,şimdi
3318,844,motivan,present,ellos,şimdi
3319,844,motivé,past,yo,di
3320,844,motivaste,past,tú,di
3321,844,motivó,past,él/ella,di
3322,844,motivamos,past,nosotros,di
3323,844,motivasteis,past,vosotros,di
3324,844,motivaron,past,ellos,di
3325,844,motivaré,future,yo,gelecek
3326,844,motivarás,future,tú,gelecek
3327,844,motivará,future,él/ella,gelecek
3328,844,motivaremos,future,nosotros,gelecek
3329,844,motivaréis,future,vosotros,gelecek
3330,844,motivarán,future,ellos,gelecek
3331,852,represento,present,yo,şimdi
3332,852,representas,present,tú,şimdi
3333,852,representa,present,él/ella,şimdi
3334,852,representamos,present,nosotros,şimdi
3335,852,representáis,present,vosotros,şimdi
3336,852,representan,present,ellos,şimdi
3337,852,representé,past,yo,di
3338,852,representaste,past,tú,di
3339,852,representó,past,él/ella,di
3340,852,representamos,past,nosotros,di
3341,852,representasteis,past,vosotros,di
3342,852,representaron,past,ellos,di
3343,852,representaré,future,yo,gelecek
3344,852,representarás,future,tú,gelecek
3345,852,representará,future,él/ella,gelecek
3346,852,representaremos,future,nosotros,gelecek
3347,852,representaréis,future,vosotros,gelecek
3348,852,representarán,future,ellos,gelecek
3349,853,aplaudo,present,yo,şimdi
3350,853,aplaudes,present,tú,şimdi
3351,853,aplaude,present,él/ella,şimdi
3352,853,aplaudimos,present,nosotros,şimdi
3353,853,aplaudís,present,vosotros,şimdi
3354,853,aplauden,present,ellos,şimdi
3355,853,aplaudí,past,yo,di
3356,853,aplaudiste,past,tú,di
3357,853,aplaudió,past,él/ella,di
3358,853,aplaudimos,past,nosotros,di
3359,853,aplaudisteis,past,vosotros,di
3360,853,aplaudieron,past,ellos,di
3361,853,aplaudiré,future,yo,gelecek
3362,853,aplaudirás,future,tú,gelecek
3363,853,aplaudirá,future,él/ella,gelecek
3364,853,aplaudiremos,future,nosotros,gelecek
3365,853,aplaudiréis,future,vosotros,gelecek
3366,853,aplaudirán,future,ellos,gelecek
3367,861,medio,present,yo,şimdi
3368,861,medias,present,tú,şimdi
3369,861,media,present,él/ella,şimdi
3370,861,mediamos,present,nosotros,şimdi
3371,861,mediáis,present,vosotros,şimdi
3372,861,median,present,ellos,şimdi
3373,861,medié,past,yo,di
3374,861,mediaste,past,tú,di
3375,861,medió,past,él/ella,di
3376,861,mediamos,past,nosotros,di
3377,861,mediasteis,past,vosotros,di
3378,861,mediaron,past,ellos,di
3379,861,mediaré,future,yo,gelecek
3380,861,mediarás,future,tú,gelecek
3381,861,mediará,future,él/ella,gelecek
3382,861,mediaremos,future,nosotros,gelecek
3383,861,mediaréis,future,vosotros,gelecek
3384,861,mediarán,future,ellos,gelecek
3385,862,cedo,present,yo,şimdi
3386,862,cedes,present,tú,şimdi
3387,862,cede,present,él/ella,şimdi
3388,862,cedemos,present,nosotros,şimdi
3389,862,cedéis,present,vosotros,şimdi
3390,862,ceden,present,ellos,şimdi
3391,862,cedí,past,yo,di
3392,862,cediste,past,tú,di
3393,862,cedió,past,él/ella,di
3394,862,cedimos,past,nosotros,di
3395,862,cedisteis,past,vosotros,di
3396,862,cedieron,past,ellos,di
3397,862,cederé,future,yo,gelecek
3398,862,cederás,future,tú,gelecek
3399,862,cederá,future,él/ella,gelecek
3400,862,cederemos,future,nosotros,gelecek
3401,862,cederéis,future,vosotros,gelecek
3402,862,cederán,future,ellos,gelecek
3403,863,impono,present,yo,şimdi
3404,863,impones,present,tú,şimdi
3405,863,impone,present,él/ella,şimdi
3406,863,imponemos,present,nosotros,şimdi
3407,863,imponéis,present,vosotros,şimdi
3408,863,imponen,present,ellos,şimdi
3409,863,imponí,past,yo,di
3410,863,imponiste,past,tú,di
3411,863,imponió,past,él/ella,di
3412,863,imponimos,past,nosotros,di
3413,863,imponisteis,past,vosotros,di
3414,863,imponieron,past,ellos,di
3415,863,imponeré,future,yo,gelecek
3416,863,imponerás,future,tú,gelecek
3417,863,imponerá,future,él/ella,gelecek
3418,863,imponeremos,future,nosotros,gelecek
3419,863,imponeréis,future,vosotros,gelecek
3420,863,imponerán,future,ellos,gelecek
3421,868,redacto,present,yo,şimdi
3422,868,redactas,present,tú,şimdi
3423,868,redacta,present,él/ella,şimdi
3424,868,redactamos,present,nosotros,şimdi
3425,868,redactáis,present,vosotros,şimdi
3426,868,redactan,present,ellos,şimdi
3427,868,redacté,past,yo,di
3428,868,redactaste,past,tú,di
3429,868,redactó,past,él/ella,di
3430,868,redactamos,past,nosotros,di
3431,868,redactasteis,past,vosotros,di
3432,868,redactaron,past,ellos,di
3433,868,redactaré,future,yo,gelecek
3434,868,redactarás,future,tú,gelecek
3435,868,redactará,future,él/ella,gelecek
3436,868,redactaremos,future,nosotros,gelecek
3437,868,redactaréis,future,vosotros,gelecek
3438,868,redactarán,future,ellos,gelecek
3439,869,contrasto fuentes,present,yo,şimdi
3440,869,contrastas fuentes,present,tú,şimdi
3441,869,contrasta fuentes,present,él/ella,şimdi
3442,869,contrastamos fuentes,present,nosotros,şimdi
3443,869,contrastáis fuentes,present,vosotros,şimdi
3444,869,contrastan fuentes,present,ellos,şimdi
3445,869,contrasté fuentes,past,yo,di
3446,869,contrastaste fuentes,past,tú,di
3447,869,contrastó fuentes,past,él/ella,di
3448,869,contrastamos fuentes,past,nosotros,di
3449,869,contrastasteis fuentes,past,vosotros,di
3450,869,contrastaron fuentes,past,ellos,di
3451,869,contrastaré fuentes,future,yo,gelecek
3452,869,contrastarás fuentes,future,tú,gelecek
3453,869,contrastará fuentes,future,él/ella,gelecek
3454,869,contrastaremos fuentes,future,nosotros,gelecek
3455,869,contrastaréis fuentes,future,vosotros,gelecek
3456,869,contrastarán fuentes,future,ellos,gelecek
3457,876,concedo,present,yo,şimdi
3458,876,concedes,present,tú,şimdi
3459,876,concede,present,él/ella,şimdi
3460,876,concedemos,present,nosotros,şimdi
3461,876,concedéis,present,vosotros,şimdi
3462,876,conceden,present,ellos,şimdi
3463,876,concedí,past,yo,di
3464,876,concediste,past,tú,di
3465,876,concedió,past,él/ella,di
3466,876,concedimos,past,nosotros,di
3467,876,concedisteis,past,vosotros,di
3468,876,concedieron,past,ellos,di
3469,876,concederé,future,yo,gelecek
3470,876,concederás,future,tú,gelecek
3471,876,concederá,future,él/ella,gelecek
3472,876,concederemos,future,nosotros,gelecek
3473,876,concederéis,future,vosotros,gelecek
3474,876,concederán,future,ellos,gelecek
3475,891,abro,present,yo,şimdi
3476,891,abres,present,tú,şimdi
3477,891,abre,present,él/ella,şimdi
3478,891,abrimos,present,nosotros,şimdi
3479,891,abrís,present,vosotros,şimdi
3480,891,abren,present,ellos,şimdi
3481,891,abrí,past,yo,di
3482,891,abriste,past,tú,di
3483,891,abrió,past,él/ella,di
3484,891,abrimos,past,nosotros,di
3485,891,abristeis,past,vosotros,di
3486,891,abrieron,past,ellos,di
3487,891,abriré,future,yo,gelecek
3488,891,abrirás,future,tú,gelecek
3489,891,abrirá,future,él/ella,gelecek
3490,891,abriremos,future,nosotros,gelecek
3491,891,abriréis,future,vosotros,gelecek
3492,891,abrirán,future,ellos,gelecek
3493,892,cierro,present,yo,şimdi
3494,892,cierras,present,tú,şimdi
3495,892,cierra,present,él/ella,şimdi
3496,892,cerramos,present,nosotros,şimdi
3497,892,cerráis,present,vosotros,şimdi
3498,892,cierran,present,ellos,şimdi
3499,892,cerré,past,yo,di
3500,892,cerraste,past,tú,di
3501,892,cerró,past,él/ella,di
3502,892,cerramos,past,nosotros,di
3503,892,cerrasteis,past,vosotros,di
3504,892,cerraron,past,ellos,di
3505,892,cerraré,future,yo,gelecek
3506,892,cerrarás,future,tú,gelecek
3507,892,cerrará,future,él/ella,gelecek
3508,892,cerraremos,future,nosotros,gelecek
3509,892,cerraréis,future,vosotros,gelecek
3510,892,cerrarán,future,ellos,gelecek
3511,893,escribo,present,yo,şimdi
3512,893,escribes,present,tú,şimdi
3513,893,escribe,present,él/ella,şimdi
3514,893,escribimos,present,nosotros,şimdi
3515,893,escribís,present,vosotros,şimdi
3516,893,escriben,present,ellos,şimdi
3517,893,escribí,past,yo,di
3518,893,escribiste,past,tú,di
3519,893,escribió,past,él/ella,di
3520,893,escribimos,past,nosotros,di
3521,893,escribisteis,past,vosotros,di
3522,893,escribieron,past,ellos,di
3523,893,escribiré,future,yo,gelecek
3524,893,escribirás,future,tú,gelecek
3525,893,escribirá,future,él/ella,gelecek
3526,893,escribiremos,future,nosotros,gelecek
3527,893,escribiréis,future,vosotros,gelecek
3528,893,escribirán,future,ellos,gelecek
3529,894,miro,present,yo,şimdi
3530,894,miras,present,tú,şimdi
3531,894,mira,present,él/ella,şimdi
3532,894,miramos,present,nosotros,şimdi
3533,894,miráis,present,vosotros,şimdi
3534,894,miran,present,ellos,şimdi
3535,894,miré,past,yo,di
3536,894,miraste,past,tú,di
3537,894,miró,past,él/ella,di
3538,894,miramos,past,nosotros,di
3539,894,mirasteis,past,vosotros,di
3540,894,miraron,past,ellos,di
3541,894,miraré,future,yo,gelecek
3542,894,mirarás,future,tú,gelecek
3543,894,mirará,future,él/ella,gelecek
3544,894,miraremos,future,nosotros,gelecek
3545,894,miraréis,future,vosotros,gelecek
3546,894,mirarán,future,ellos,gelecek
3547,895,entro,present,yo,şimdi
3548,895,entras,present,tú,şimdi
3549,895,entra,present,él/ella,şimdi
3550,895,entramos,present,nosotros,şimdi
3551,895,entráis,present,vosotros,şimdi
3552,895,entran,present,ellos,şimdi
3553,895,entré,past,yo,di
3554,895,entraste,past,tú,di
3555,895,entró,past,él/ella,di
3556,895,entramos,past,nosotros,di
3557,895,entrasteis,past,vosotros,di
3558,895,entraron,past,ellos,di
3559,895,entraré,future,yo,gelecek
3560,895,entrarás,future,tú,gelecek
3561,895,entrará,future,él/ella,gelecek
3562,895,entraremos,future,nosotros,gelecek
3563,895,entraréis,future,vosotros,gelecek
3564,895,entrarán,future,ellos,gelecek
3565,896,me siento,present,yo,şimdi
3566,896,te sientas,present,tú,şimdi
3567,896,se sienta,present,él/ella,şimdi
3568,896,nos sentamos,present,nosotros,şimdi
3569,896,os sentáis,present,vosotros,şimdi
3570,896,se sientan,present,ellos,şimdi
3571,896,me senté,past,yo,di
3572,896,te sentaste,past,tú,di
3573,896,se sentó,past,él/ella,di
3574,896,nos sentamos,past,nosotros,di
3575,896,os sentasteis,past,vosotros,di
3576,896,se sentaron,past,ellos,di
3577,896,me sentaré,future,yo,gelecek
3578,896,te sentarás,future,tú,gelecek
3579,896,se sentará,future,él/ella,gelecek
3580,896,nos sentaremos,future,nosotros,gelecek
3581,896,os sentaréis,future,vosotros,gelecek
3582,896,se sentarán,future,ellos,gelecek
3583,897,levanto la mano,present,yo,şimdi
3584,897,levantas la mano,present,tú,şimdi
3585,897,levanta la mano,present,él/ella,şimdi
3586,897,levantamos la mano,present,nosotros,şimdi
3587,897,levantáis la mano,present,vosotros,şimdi
3588,897,levantan la mano,present,ellos,şimdi
3589,897,levanté la mano,past,yo,di
3590,897,levantaste la mano,past,tú,di
3591,897,levantó la mano,past,él/ella,di
3592,897,levantamos la mano,past,nosotros,di
3593,897,levantasteis la mano,past,vosotros,di
3594,897,levantaron la mano,past,ellos,di
3595,897,levantaré la mano,future,yo,gelecek
3596,897,levantarás la mano,future,tú,gelecek
3597,897,levantará la mano,future,él/ella,gelecek
3598,897,levantaremos la mano,future,nosotros,gelecek
3599,897,levantaréis la mano,future,vosotros,gelecek
3600,897,levantarán la mano,future,ellos,gelecek
3601,904,lleno,present,yo,şimdi
3602,904,llenas,present,tú,şimdi
3603,904,llena,present,él/ella,şimdi
3604,904,llenamos,present,nosotros,şimdi
3605,904,llenáis,present,vosotros,şimdi
3606,904,llenan,present,ellos,şimdi
3607,904,llené,past,yo,di
3608,904,llenaste,past,tú,di
3609,904,llenó,past,él/ella,di
3610,904,llenamos,past,nosotros,di
3611,904,llenasteis,past,vosotros,di
3612,904,llenaron,past,ellos,di
3613,904,llenaré,future,yo,gelecek
3614,904,llenarás,future,tú,gelecek
3615,904,llenará,future,él/ella,gelecek
3616,904,llenaremos,future,nosotros,gelecek
3617,904,llenaréis,future,vosotros,gelecek
3618,904,llenarán,future,ellos,gelecek
3619,905,firmo,present,yo,şimdi
3620,905,firmas,present,tú,şimdi
3621,905,firma,present,él/ella,şimdi
3622,905,firmamos,present,nosotros,şimdi
3623,905,firmáis,present,vosotros,şimdi
3624,905,firman,present,ellos,şimdi
3625,905,firmé,past,yo,di
3626,905,firmaste,past,tú,di
3627,905,firmó,past,él/ella,di
3628,905,firmamos,past,nosotros,di
3629,905,firmasteis,past,vosotros,di
3630,905,firmaron,past,ellos,di
3631,905,firmaré,future,yo,gelecek
3632,905,firmarás,future,tú,gelecek
3633,905,firmará,future,él/ella,gelecek
3634,905,firmaremos,future,nosotros,gelecek
3635,905,firmaréis,future,vosotros,gelecek
3636,905,firmarán,future,ellos,gelecek
3637,906,envio,present,yo,şimdi
3638,906,envias,present,tú,şimdi
3639,906,envia,present,él/ella,şimdi
3640,906,enviamos,present,nosotros,şimdi
3641,906,enviáis,present,vosotros,şimdi
3642,906,envian,present,ellos,şimdi
3643,906,envié,past,yo,di
3644,906,enviaste,past,tú,di
3645,906,envió,past,él/ella,di
3646,906,enviamos,past,nosotros,di
3647,906,enviasteis,past,vosotros,di
3648,906,enviaron,past,ellos,di
3649,906,enviaré,future,yo,gelecek
3650,906,enviarás,future,tú,gelecek
3651,906,enviará,future,él/ella,gelecek
3652,906,enviaremos,future,nosotros,gelecek
3653,906,enviaréis,future,vosotros,gelecek
3654,906,enviarán,future,ellos,gelecek
3655,907,recibo,present,yo,şimdi
3656,907,recibes,present,tú,şimdi
3657,907,recibe,present,él/ella,şimdi
3658,907,recibimos,present,nosotros,şimdi
3659,907,recibís,present,vosotros,şimdi
3660,907,reciben,present,ellos,şimdi
3661,907,recibí,past,yo,di
3662,907,recibiste,past,tú,di
3663,907,recibió,past,él/ella,di
3664,907,recibimos,past,nosotros,di
3665,907,recibisteis,past,vosotros,di
3666,907,recibieron,past,ellos,di
3667,907,recibiré,future,yo,gelecek
3668,907,recibirás,future,tú,gelecek
3669,907,recibirá,future,él/ella,gelecek
3670,907,recibiremos,future,nosotros,gelecek
3671,907,recibiréis,future,vosotros,gelecek
3672,907,recibirán,future,ellos,gelecek
3673,936,me cepillo,present,yo,şimdi
3674,936,te cepillas,present,tú,şimdi
3675,936,se cepilla,present,él/ella,şimdi
3676,936,nos cepillamos,present,nosotros,şimdi
3677,936,os cepilláis,present,vosotros,şimdi
3678,936,se cepillan,present,ellos,şimdi
3679,936,me cepillé,past,yo,di
3680,936,te cepillaste,past,tú,di
3681,936,se cepilló,past,él/ella,di
3682,936,nos cepillamos,past,nosotros,di
3683,936,os cepillasteis,past,vosotros,di
3684,936,se cepillaron,past,ellos,di
3685,936,me cepillaré,future,yo,gelecek
3686,936,te cepillarás,future,tú,gelecek
3687,936,se cepillará,future,él/ella,gelecek
3688,936,nos cepillaremos,future,nosotros,gelecek
3689,936,os cepillaréis,future,vosotros,gelecek
3690,936,se cepillarán,future,ellos,gelecek
3691,937,me lavo,present,yo,şimdi
3692,937,te lavas,present,tú,şimdi
3693,937,se lava,present,él/ella,şimdi
3694,937,nos lavamos,present,nosotros,şimdi
3695,937,os laváis,present,vosotros,şimdi
3696,937,se lavan,present,ellos,şimdi
3697,937,me lavé,past,yo,di
3698,937,te lavaste,past,tú,di
3699,937,se lavó,past,él/ella,di
3700,937,nos lavamos,past,nosotros,di
3701,937,os lavasteis,past,vosotros,di
3702,937,se lavaron,past,ellos,di
3703,937,me lavaré,future,yo,gelecek
3704,937,te lavarás,future,tú,gelecek
3705,937,se lavará,future,él/ella,gelecek
3706,937,nos lavaremos,future,nosotros,gelecek
3707,937,os lavaréis,future,vosotros,gelecek
3708,937,se lavarán,future,ellos,gelecek
3709,938,me afeito,present,yo,şimdi
3710,938,te afeitas,present,tú,şimdi
3711,938,se afeita,present,él/ella,şimdi
3712,938,nos afeitamos,present,nosotros,şimdi
3713,938,os afeitáis,present,vosotros,şimdi
3714,938,se afeitan,present,ellos,şimdi
3715,938,me afeité,past,yo,di
3716,938,te afeitaste,past,tú,di
3717,938,se afeitó,past,él/ella,di
3718,938,nos afeitamos,past,nosotros,di
3719,938,os afeitasteis,past,vosotros,di
3720,938,se afeitaron,past,ellos,di
3721,938,me afeitaré,future,yo,gelecek
3722,938,te afeitarás,future,tú,gelecek
3723,938,se afeitará,future,él/ella,gelecek
3724,938,nos afeitaremos,future,nosotros,gelecek
3725,938,os afeitaréis,future,vosotros,gelecek
3726,938,se afeitarán,future,ellos,gelecek
3727,939,me maquillo,present,yo,şimdi
3728,939,te maquillas,present,tú,şimdi
3729,939,se maquilla,present,él/ella,şimdi
3730,939,nos maquillamos,present,nosotros,şimdi
3731,939,os maquilláis,present,vosotros,şimdi
3732,939,se maquillan,present,ellos,şimdi
3733,939,me maquillé,past,yo,di
3734,939,te maquillaste,past,tú,di
3735,939,se maquilló,past,él/ella,di
3736,939,nos maquillamos,past,nosotros,di
3737,939,os maquillasteis,past,vosotros,di
3738,939,se maquillaron,past,ellos,di
3739,939,me maquillaré,future,yo,gelecek
3740,939,te maquillarás,future,tú,gelecek
3741,939,se maquillará,future,él/ella,gelecek
3742,939,nos maquillaremos,future,nosotros,gelecek
3743,939,os maquillaréis,future,vosotros,gelecek
3744,939,se maquillarán,future,ellos,gelecek
3745,967,aprendo,present,yo,şimdi
3746,967,aprendes,present,tú,şimdi
3747,967,aprende,present,él/ella,şimdi
3748,967,aprendemos,present,nosotros,şimdi
3749,967,aprendéis,present,vosotros,şimdi
3750,967,aprenden,present,ellos,şimdi
3751,967,aprendí,past,yo,di
3752,967,aprendiste,past,tú,di
3753,967,aprendió,past,él/ella,di
3754,967,aprendimos,past,nosotros,di
3755,967,aprendisteis,past,vosotros,di
3756,967,aprendieron,past,ellos,di
3757,967,aprenderé,future,yo,gelecek
3758,967,aprenderás,future,tú,gelecek
3759,967,aprenderá,future,él/ella,gelecek
3760,967,aprenderemos,future,nosotros,gelecek
3761,967,aprenderéis,future,vosotros,gelecek
3762,967,aprenderán,future,ellos,gelecek
3763,968,enseño,present,yo,şimdi
3764,968,enseñas,present,tú,şimdi
3765,968,enseña,present,él/ella,şimdi
3766,968,enseñamos,present,nosotros,şimdi
3767,968,enseñáis,present,vosotros,şimdi
3768,968,enseñan,present,ellos,şimdi
3769,968,enseñé,past,yo,di
3770,968,enseñaste,past,tú,di
3771,968,enseñó,past,él/ella,di
3772,968,enseñamos,past,nosotros,di
3773,968,enseñasteis,past,vosotros,di
3774,968,enseñaron,past,ellos,di
3775,968,enseñaré,future,yo,gelecek
3776,968,enseñarás,future,tú,gelecek
3777,968,enseñará,future,él/ella,gelecek
3778,968,enseñaremos,future,nosotros,gelecek
3779,968,enseñaréis,future,vosotros,gelecek
3780,968,enseñarán,future,ellos,gelecek
3781,969,decido,present,yo,şimdi
3782,969,decides,present,tú,şimdi
3783,969,decide,present,él/ella,şimdi
3784,969,decidimos,present,nosotros,şimdi
3785,969,decidís,present,vosotros,şimdi
3786,969,deciden,present,ellos,şimdi
3787,969,decidí,past,yo,di
3788,969,decidiste,past,tú,di
3789,969,decidió,past,él/ella,di
3790,969,decidimos,past,nosotros,di
3791,969,decidisteis,past,vosotros,di
3792,969,decidieron,past,ellos,di
3793,969,decidiré,future,yo,gelecek
3794,969,decidirás,future,tú,gelecek
3795,969,decidirá,future,él/ella,gelecek
3796,969,decidiremos,future,nosotros,gelecek
3797,969,decidiréis,future,vosotros,gelecek
3798,969,decidirán,future,ellos,gelecek
3799,970,olvido,present,yo,şimdi
3800,970,olvidas,present,tú,şimdi
3801,970,olvida,present,él/ella,şimdi
3802,970,olvidamos,present,nosotros,şimdi
3803,970,olvidáis,present,vosotros,şimdi
3804,970,olvidan,present,ellos,şimdi
3805,970,olvidé,past,yo,di
3806,970,olvidaste,past,tú,di
3807,970,olvidó,past,él/ella,di
3808,970,olvidamos,past,nosotros,di
3809,970,olvidasteis,past,vosotros,di
3810,970,olvidaron,past,ellos,di
3811,970,olvidaré,future,yo,gelecek
3812,970,olvidarás,future,tú,gelecek
3813,970,olvidará,future,él/ella,gelecek
3814,970,olvidaremos,future,nosotros,gelecek
3815,970,olvidaréis,future,vosotros,gelecek
3816,970,olvidarán,future,ellos,gelecek
3817,971,recuerdo,present,yo,şimdi
3818,971,recuerdas,present,tú,şimdi
3819,971,recuerda,present,él/ella,şimdi
3820,971,recordamos,present,nosotros,şimdi
3821,971,recordáis,present,vosotros,şimdi
3822,971,recuerdan,present,ellos,şimdi
3823,971,recordé,past,yo,di
3824,971,recordaste,past,tú,di
3825,971,recordó,past,él/ella,di
3826,971,recordamos,past,nosotros,di
3827,971,recordasteis,past,vosotros,di
3828,971,recordaron,past,ellos,di
3829,971,recordaré,future,yo,gelecek
3830,971,recordarás,future,tú,gelecek
3831,971,recordará,future,él/ella,gelecek
3832,971,recordaremos,future,nosotros,gelecek
3833,971,recordaréis,future,vosotros,gelecek
3834,971,recordarán,future,ellos,gelecek
3835,972,ayudo,present,yo,şimdi
3836,972,ayudas,present,tú,şimdi
3837,972,ayuda,present,él/ella,şimdi
3838,972,ayudamos,present,nosotros,şimdi
3839,972,ayudáis,present,vosotros,şimdi
3840,972,ayudan,present,ellos,şimdi
3841,972,ayudé,past,yo,di
3842,972,ayudaste,past,tú,di
3843,972,ayudó,past,él/ella,di
3844,972,ayudamos,past,nosotros,di
3845,972,ayudasteis,past,vosotros,di
3846,972,ayudaron,past,ellos,di
3847,972,ayudaré,future,yo,gelecek
3848,972,ayudarás,future,tú,gelecek
3849,972,ayudará,future,él/ella,gelecek
3850,972,ayudaremos,future,nosotros,gelecek
3851,972,ayudaréis,future,vosotros,gelecek
3852,972,ayudarán,future,ellos,gelecek
3853,973,necesito,present,yo,şimdi
3854,973,necesitas,present,tú,şimdi
3855,973,necesita,present,él/ella,şimdi
3856,973,necesitamos,present,nosotros,şimdi
3857,973,necesitáis,present,vosotros,şimdi
3858,973,necesitan,present,ellos,şimdi
3859,973,necesité,past,yo,di
3860,973,necesitaste,past,tú,di
3861,973,necesitó,past,él/ella,di
3862,973,necesitamos,past,nosotros,di
3863,973,necesitasteis,past,vosotros,di
3864,973,necesitaron,past,ellos,di
3865,973,necesitaré,future,yo,gelecek
3866,973,necesitarás,future,tú,gelecek
3867,973,necesitará,future,él/ella,gelecek
3868,973,necesitaremos,future,nosotros,gelecek
3869,973,necesitaréis,future,vosotros,gelecek
3870,973,necesitarán,future,ellos,gelecek
3871,974,busco,present,yo,şimdi
3872,974,buscas,present,tú,şimdi
3873,974,busca,present,él/ella,şimdi
3874,974,buscamos,present,nosotros,şimdi
3875,974,buscáis,present,vosotros,şimdi
3876,974,buscan,present,ellos,şimdi
3877,974,busqué,past,yo,di
3878,974,buscaste,past,tú,di
3879,974,buscó,past,él/ella,di
3880,974,buscamos,past,nosotros,di
3881,974,buscasteis,past,vosotros,di
3882,974,buscaron,past,ellos,di
3883,974,buscaré,future,yo,gelecek
3884,974,buscarás,future,tú,gelecek
3885,974,buscará,future,él/ella,gelecek
3886,974,buscaremos,future,nosotros,gelecek
3887,974,buscaréis,future,vosotros,gelecek
3888,974,buscarán,future,ellos,gelecek
3889,975,encuentro,present,yo,şimdi
3890,975,encuentras,present,tú,şimdi
3891,975,encuentra,present,él/ella,şimdi
3892,975,encontramos,present,nosotros,şimdi
3893,975,encontráis,present,vosotros,şimdi
3894,975,encuentran,present,ellos,şimdi
3895,975,encontré,past,yo,di
3896,975,encontraste,past,tú,di
3897,975,encontró,past,él/ella,di
3898,975,encontramos,past,nosotros,di
3899,975,encontrasteis,past,vosotros,di
3900,975,encontraron,past,ellos,di
3901,975,encontraré,future,yo,gelecek
3902,975,encontrarás,future,tú,gelecek
3903,975,encontrará,future,él/ella,gelecek
3904,975,encontraremos,future,nosotros,gelecek
3905,975,encontraréis,future,vosotros,gelecek
3906,975,encontrarán,future,ellos,gelecek
3907,980,dudo,present,yo,şimdi
3908,980,dudas,present,tú,şimdi
3909,980,duda,present,él/ella,şimdi
3910,980,dudamos,present,nosotros,şimdi
3911,980,dudáis,present,vosotros,şimdi
3912,980,dudan,present,ellos,şimdi
3913,980,dudé,past,yo,di
3914,980,dudaste,past,tú,di
3915,980,dudó,past,él/ella,di
3916,980,dudamos,past,nosotros,di
3917,980,dudasteis,past,vosotros,di
3918,980,dudaron,past,ellos,di
3919,980,dudaré,future,yo,gelecek
3920,980,dudarás,future,tú,gelecek
3921,980,dudará,future,él/ella,gelecek
3922,980,dudaremos,future,nosotros,gelecek
3923,980,dudaréis,future,vosotros,gelecek
3924,980,dudarán,future,ellos,gelecek
3925,981,confundo,present,yo,şimdi
3926,981,confundes,present,tú,şimdi
3927,981,confunde,present,él/ella,şimdi
3928,981,confundimos,present,nosotros,şimdi
3929,981,confundís,present,vosotros,şimdi
3930,981,confunden,present,ellos,şimdi
3931,981,confundí,past,yo,di
3932,981,confundiste,past,tú,di
3933,981,confundió,past,él/ella,di
3934,981,confundimos,past,nosotros,di
3935,981,confundisteis,past,vosotros,di
3936,981,confundieron,past,ellos,di
3937,981,confundiré,future,yo,gelecek
3938,981,confundirás,future,tú,gelecek
3939,981,confundirá,future,él/ella,gelecek
3940,981,confundiremos,future,nosotros,gelecek
3941,981,confundiréis,future,vosotros,gelecek
3942,981,confundirán,future,ellos,gelecek
3943,982,aclaro,present,yo,şimdi
3944,982,aclaras,present,tú,şimdi
3945,982,aclara,present,él/ella,şimdi
3946,982,aclaramos,present,nosotros,şimdi
3947,982,aclaráis,present,vosotros,şimdi
3948,982,aclaran,present,ellos,şimdi
3949,982,aclaré,past,yo,di
3950,982,aclaraste,past,tú,di
3951,982,aclaró,past,él/ella,di
3952,982,aclaramos,past,nosotros,di
3953,982,aclarasteis,past,vosotros,di
3954,982,aclararon,past,ellos,di
3955,982,aclararé,future,yo,gelecek
3956,982,aclararás,future,tú,gelecek
3957,982,aclarará,future,él/ella,gelecek
3958,982,aclararemos,future,nosotros,gelecek
3959,982,aclararéis,future,vosotros,gelecek
3960,982,aclararán,future,ellos,gelecek
3961,983,resumo,present,yo,şimdi
3962,983,resumes,present,tú,şimdi
3963,983,resume,present,él/ella,şimdi
3964,983,resumimos,present,nosotros,şimdi
3965,983,resumís,present,vosotros,şimdi
3966,983,resumen,present,ellos,şimdi
3967,983,resumí,past,yo,di
3968,983,resumiste,past,tú,di
3969,983,resumió,past,él/ella,di
3970,983,resumimos,past,nosotros,di
3971,983,resumisteis,past,vosotros,di
3972,983,resumieron,past,ellos,di
3973,983,resumiré,future,yo,gelecek
3974,983,resumirás,future,tú,gelecek
3975,983,resumirá,future,él/ella,gelecek
3976,983,resumiremos,future,nosotros,gelecek
3977,983,resumiréis,future,vosotros,gelecek
3978,983,resumirán,future,ellos,gelecek
3979,988,fundo,present,yo,şimdi
3980,988,fundas,present,tú,şimdi
3981,988,funda,present,él/ella,şimdi
3982,988,fundamos,present,nosotros,şimdi
3983,988,fundáis,present,vosotros,şimdi
3984,988,fundan,present,ellos,şimdi
3985,988,fundé,past,yo,di
3986,988,fundaste,past,tú,di
3987,988,fundó,past,él/ella,di
3988,988,fundamos,past,nosotros,di
3989,988,fundasteis,past,vosotros,di
3990,988,fundaron,past,ellos,di
3991,988,fundaré,future,yo,gelecek
3992,988,fundarás,future,tú,gelecek
3993,988,fundará,future,él/ella,gelecek
3994,988,fundaremos,future,nosotros,gelecek
3995,988,fundaréis,future,vosotros,gelecek
3996,988,fundarán,future,ellos,gelecek
3997,989,publico,present,yo,şimdi
3998,989,publicas,present,tú,şimdi
3999,989,publica,present,él/ella,şimdi
4000,989,publicamos,present,nosotros,şimdi
4001,989,publicáis,present,vosotros,şimdi
4002,989,publican,present,ellos,şimdi
4003,989,publiqué,past,yo,di
4004,989,publicaste,past,tú,di
4005,989,publicó,past,él/ella,di
4006,989,publicamos,past,nosotros,di
4007,989,publicasteis,past,vosotros,di
4008,989,publicaron,past,ellos,di
4009,989,publicaré,future,yo,gelecek
4010,989,publicarás,future,tú,gelecek
4011,989,publicará,future,él/ella,gelecek
4012,989,publicaremos,future,nosotros,gelecek
4013,989,publicaréis,future,vosotros,gelecek
4014,989,publicarán,future,ellos,gelecek
4015,990,invento,present,yo,şimdi
4016,990,inventas,present,tú,şimdi
4017,990,inventa,present,él/ella,şimdi
4018,990,inventamos,present,nosotros,şimdi
4019,990,inventáis,present,vosotros,şimdi
4020,990,inventan,present,ellos,şimdi
4021,990,inventé,past,yo,di
4022,990,inventaste,past,tú,di
4023,990,inventó,past,él/ella,di
4024,990,inventamos,past,nosotros,di
4025,990,inventasteis,past,vosotros,di
4026,990,inventaron,past,ellos,di
4027,990,inventaré,future,yo,gelecek
4028,990,inventarás,future,tú,gelecek
4029,990,inventará,future,él/ella,gelecek
4030,990,inventaremos,future,nosotros,gelecek
4031,990,inventaréis,future,vosotros,gelecek
4032,990,inventarán,future,ellos,gelecek
4033,991,dirigo,present,yo,şimdi
4034,991,diriges,present,tú,şimdi
4035,991,dirige,present,él/ella,şimdi
4036,991,dirigimos,present,nosotros,şimdi
4037,991,dirigís,present,vosotros,şimdi
4038,991,dirigen,present,ellos,şimdi
4039,991,dirigí,past,yo,di
4040,991,dirigiste,past,tú,di
4041,991,dirigió,past,él/ella,di
4042,991,dirigimos,past,nosotros,di
4043,991,dirigisteis,past,vosotros,di
4044,991,dirigieron,past,ellos,di
4045,991,dirigiré,future,yo,gelecek
4046,991,dirigirás,future,tú,gelecek
4047,991,dirigirá,future,él/ella,gelecek
4048,991,dirigiremos,future,nosotros,gelecek
4049,991,dirigiréis,future,vosotros,gelecek
4050,991,dirigirán,future,ellos,gelecek
4051,999,pelo,present,yo,şimdi
4052,999,pelas,present,tú,şimdi
4053,999,pela,present,él/ella,şimdi
4054,999,pelamos,present,nosotros,şimdi
4055,999,peláis,present,vosotros,şimdi
4056,999,pelan,present,ellos,şimdi
4057,999,pelé,past,yo,di
4058,999,pelaste,past,tú,di
4059,999,peló,past,él/ella,di
4060,999,pelamos,past,nosotros,di
4061,999,pelasteis,past,vosotros,di
4062,999,pelaron,past,ellos,di
4063,999,pelaré,future,yo,gelecek
4064,999,pelarás,future,tú,gelecek
4065,999,pelará,future,él/ella,gelecek
4066,999,pelaremos,future,nosotros,gelecek
4067,999,pelaréis,future,vosotros,gelecek
4068,999,pelarán,future,ellos,gelecek
4069,1000,pico,present,yo,şimdi
4070,1000,picas,present,tú,şimdi
4071,1000,pica,present,él/ella,şimdi
4072,1000,picamos,present,nosotros,şimdi
4073,1000,picáis,present,vosotros,şimdi
4074,1000,pican,present,ellos,şimdi
4075,1000,piqué,past,yo,di
4076,1000,picaste,past,tú,di
4077,1000,picó,past,él/ella,di
4078,1000,picamos,past,nosotros,di
4079,1000,picasteis,past,vosotros,di
4080,1000,picaron,past,ellos,di
4081,1000,picaré,future,yo,gelecek
4082,1000,picarás,future,tú,gelecek
4083,1000,picará,future,él/ella,gelecek
4084,1000,picaremos,future,nosotros,gelecek
4085,1000,picaréis,future,vosotros,gelecek
4086,1000,picarán,future,ellos,gelecek
4087,1001,removo,present,yo,şimdi
4088,1001,removes,present,tú,şimdi
4089,1001,remove,present,él/ella,şimdi
4090,1001,removemos,present,nosotros,şimdi
4091,1001,removéis,present,vosotros,şimdi
4092,1001,removen,present,ellos,şimdi
4093,1001,removí,past,yo,di
4094,1001,removiste,past,tú,di
4095,1001,removió,past,él/ella,di
4096,1001,removimos,past,nosotros,di
4097,1001,removisteis,past,vosotros,di
4098,1001,removieron,past,ellos,di
4099,1001,removeré,future,yo,gelecek
4100,1001,removerás,future,tú,gelecek
4101,1001,removerá,future,él/ella,gelecek
4102,1001,removeremos,future,nosotros,gelecek
4103,1001,removeréis,future,vosotros,gelecek
4104,1001,removerán,future,ellos,gelecek
4105,1002,sazono,present,yo,şimdi
4106,1002,sazonas,present,tú,şimdi
4107,1002,sazona,present,él/ella,şimdi
4108,1002,sazonamos,present,nosotros,şimdi
4109,1002,sazonáis,present,vosotros,şimdi
4110,1002,sazonan,present,ellos,şimdi
4111,1002,sazoné,past,yo,di
4112,1002,sazonaste,past,tú,di
4113,1002,sazonó,past,él/ella,di
4114,1002,sazonamos,past,nosotros,di
4115,1002,sazonasteis,past,vosotros,di
4116,1002,sazonaron,past,ellos,di
4117,1002,sazonaré,future,yo,gelecek
4118,1002,sazonarás,future,tú,gelecek
4119,1002,sazonará,future,él/ella,gelecek
4120,1002,sazonaremos,future,nosotros,gelecek
4121,1002,sazonaréis,future,vosotros,gelecek
4122,1002,sazonarán,future,ellos,gelecek
4123,1007,toso,present,yo,şimdi
4124,1007,toses,present,tú,şimdi
4125,1007,tose,present,él/ella,şimdi
4126,1007,tosemos,present,nosotros,şimdi
4127,1007,toséis,present,vosotros,şimdi
4128,1007,tosen,present,ellos,şimdi
4129,1007,tosí,past,yo,di
4130,1007,tosiste,past,tú,di
4131,1007,tosió,past,él/ella,di
4132,1007,tosimos,past,nosotros,di
4133,1007,tosisteis,past,vosotros,di
4134,1007,tosieron,past,ellos,di
4135,1007,toseré,future,yo,gelecek
4136,1007,toserás,future,tú,gelecek
4137,1007,toserá,future,él/ella,gelecek
4138,1007,toseremos,future,nosotros,gelecek
4139,1007,toseréis,future,vosotros,gelecek
4140,1007,toserán,future,ellos,gelecek
4141,1008,estornudo,present,yo,şimdi
4142,1008,estornudas,present,tú,şimdi
4143,1008,estornuda,present,él/ella,şimdi
4144,1008,estornudamos,present,nosotros,şimdi
4145,1008,estornudáis,present,vosotros,şimdi
4146,1008,estornudan,present,ellos,şimdi
4147,1008,estornudé,past,yo,di
4148,1008,estornudaste,past,tú,di
4149,1008,estornudó,past,él/ella,di
4150,1008,estornudamos,past,nosotros,di
4151,1008,estornudasteis,past,vosotros,di
4152,1008,estornudaron,past,ellos,di
4153,1008,estornudaré,future,yo,gelecek
4154,1008,estornudarás,future,tú,gelecek
4155,1008,estornudará,future,él/ella,gelecek
4156,1008,estornudaremos,future,nosotros,gelecek
4157,1008,estornudaréis,future,vosotros,gelecek
4158,1008,estornudarán,future,ellos,gelecek
4159,1009,sangro,present,yo,şimdi
4160,1009,sangras,present,tú,şimdi
4161,1009,sangra,present,él/ella,şimdi
4162,1009,sangramos,present,nosotros,şimdi
4163,1009,sangráis,present,vosotros,şimdi
4164,1009,sangran,present,ellos,şimdi
4165,1009,sangré,past,yo,di
4166,1009,sangraste,past,tú,di
4167,1009,sangró,past,él/ella,di
4168,1009,sangramos,past,nosotros,di
4169,1009,sangrasteis,past,vosotros,di
4170,1009,sangraron,past,ellos,di
4171,1009,sangraré,future,yo,gelecek
4172,1009,sangrarás,future,tú,gelecek
4173,1009,sangrará,future,él/ella,gelecek
4174,1009,sangraremos,future,nosotros,gelecek
4175,1009,sangraréis,future,vosotros,gelecek
4176,1009,sangrarán,future,ellos,gelecek
4177,1010,curo,present,yo,şimdi
4178,1010,curas,present,tú,şimdi
4179,1010,cura,present,él/ella,şimdi
4180,1010,curamos,present,nosotros,şimdi
4181,1010,curáis,present,vosotros,şimdi
4182,1010,curan,present,ellos,şimdi
4183,1010,curé,past,yo,di
4184,1010,curaste,past,tú,di
4185,1010,curó,past,él/ella,di
4186,1010,curamos,past,nosotros,di
4187,1010,curasteis,past,vosotros,di
4188,1010,curaron,past,ellos,di
4189,1010,curaré,future,yo,gelecek
4190,1010,curarás,future,tú,gelecek
4191,1010,curará,future,él/ella,gelecek
4192,1010,curaremos,future,nosotros,gelecek
4193,1010,curaréis,future,vosotros,gelecek
4194,1010,curarán,future,ellos,gelecek
4195,1042,prevo,present,yo,şimdi
4196,1042,preves,present,tú,şimdi
4197,1042,preve,present,él/ella,şimdi
4198,1042,prevemos,present,nosotros,şimdi
4199,1042,prevéis,present,vosotros,şimdi
4200,1042,preven,present,ellos,şimdi
4201,1042,preví,past,yo,di
4202,1042,previste,past,tú,di
4203,1042,previó,past,él/ella,di
4204,1042,previmos,past,nosotros,di
4205,1042,previsteis,past,vosotros,di
4206,1042,previeron,past,ellos,di
4207,1042,preveré,future,yo,gelecek
4208,1042,preverás,future,tú,gelecek
4209,1042,preverá,future,él/ella,gelecek
4210,1042,preveremos,future,nosotros,gelecek
4211,1042,preveréis,future,vosotros,gelecek
4212,1042,preverán,future,ellos,gelecek
4213,1043,planteo,present,yo,şimdi
4214,1043,planteas,present,tú,şimdi
4215,1043,plantea,present,él/ella,şimdi
4216,1043,planteamos,present,nosotros,şimdi
4217,1043,planteáis,present,vosotros,şimdi
4218,1043,plantean,present,ellos,şimdi
4219,1043,planteé,past,yo,di
4220,1043,planteaste,past,tú,di
4221,1043,planteó,past,él/ella,di
4222,1043,planteamos,past,nosotros,di
4223,1043,planteasteis,past,vosotros,di
4224,1043,plantearon,past,ellos,di
4225,1043,plantearé,future,yo,gelecek
4226,1043,plantearás,future,tú,gelecek
4227,1043,planteará,future,él/ella,gelecek
4228,1043,plantearemos,future,nosotros,gelecek
4229,1043,plantearéis,future,vosotros,gelecek
4230,1043,plantearán,future,ellos,gelecek
4231,1044,pospono,present,yo,şimdi
4232,1044,pospones,present,tú,şimdi
4233,1044,pospone,present,él/ella,şimdi
4234,1044,posponemos,present,nosotros,şimdi
4235,1044,posponéis,present,vosotros,şimdi
4236,1044,posponen,present,ellos,şimdi
4237,1044,posponí,past,yo,di
4238,1044,posponiste,past,tú,di
4239,1044,posponió,past,él/ella,di
4240,1044,posponimos,past,nosotros,di
4241,1044,posponisteis,past,vosotros,di
4242,1044,posponieron,past,ellos,di
4243,1044,posponeré,future,yo,gelecek
4244,1044,posponerás,future,tú,gelecek
4245,1044,posponerá,future,él/ella,gelecek
4246,1044,posponeremos,future,nosotros,gelecek
4247,1044,posponeréis,future,vosotros,gelecek
4248,1044,posponerán,future,ellos,gelecek
4249,1045,adelanto,present,yo,şimdi
4250,1045,adelantas,present,tú,şimdi
4251,1045,adelanta,present,él/ella,şimdi
4252,1045,adelantamos,present,nosotros,şimdi
4253,1045,adelantáis,present,vosotros,şimdi
4254,1045,adelantan,present,ellos,şimdi
4255,1045,adelanté,past,yo,di
4256,1045,adelantaste,past,tú,di
4257,1045,adelantó,past,él/ella,di
4258,1045,adelantamos,past,nosotros,di
4259,1045,adelantasteis,past,vosotros,di
4260,1045,adelantaron,past,ellos,di
4261,1045,adelantaré,future,yo,gelecek
4262,1045,adelantarás,future,tú,gelecek
4263,1045,adelantará,future,él/ella,gelecek
4264,1045,adelantaremos,future,nosotros,gelecek
4265,1045,adelantaréis,future,vosotros,gelecek
4266,1045,adelantarán,future,ellos,gelecek
4267,1067,coqueteo,present,yo,şimdi
4268,1067,coqueteas,present,tú,şimdi
4269,1067,coquetea,present,él/ella,şimdi
4270,1067,coqueteamos,present,nosotros,şimdi
4271,1067,coqueteáis,present,vosotros,şimdi
4272,1067,coquetean,present,ellos,şimdi
4273,1067,coqueteé,past,yo,di
4274,1067,coqueteaste,past,tú,di
4275,1067,coqueteó,past,él/ella,di
4276,1067,coqueteamos,past,nosotros,di
4277,1067,coqueteasteis,past,vosotros,di
4278,1067,coquetearon,past,ellos,di
4279,1067,coquetearé,future,yo,gelecek
4280,1067,coquetearás,future,tú,gelecek
4281,1067,coqueteará,future,él/ella,gelecek
4282,1067,coquetearemos,future,nosotros,gelecek
4283,1067,coquetearéis,future,vosotros,gelecek
4284,1067,coquetearán,future,ellos,gelecek
4285,1068,supero,present,yo,şimdi
4286,1068,superas,present,tú,şimdi
4287,1068,supera,present,él/ella,şimdi
4288,1068,superamos,present,nosotros,şimdi
4289,1068,superáis,present,vosotros,şimdi
4290,1068,superan,present,ellos,şimdi
4291,1068,superé,past,yo,di
4292,1068,superaste,past,tú,di
4293,1068,superó,past,él/ella,di
4294,1068,superamos,past,nosotros,di
4295,1068,superasteis,past,vosotros,di
4296,1068,superaron,past,ellos,di
4297,1068,superaré,future,yo,gelecek
4298,1068,superarás,future,tú,gelecek
4299,1068,superará,future,él/ella,gelecek
4300,1068,superaremos,future,nosotros,gelecek
4301,1068,superaréis,future,vosotros,gelecek
4302,1068,superarán,future,ellos,gelecek
4303,1069,me apoyo,present,yo,şimdi
4304,1069,te apoyas,present,tú,şimdi
4305,1069,se apoya,present,él/ella,şimdi
4306,1069,nos apoyamos,present,nosotros,şimdi
4307,1069,os apoyáis,present,vosotros,şimdi
4308,1069,se apoyan,present,ellos,şimdi
4309,1069,me apoyé,past,yo,di
4310,1069,te apoyaste,past,tú,di
4311,1069,se apoyó,past,él/ella,di
4312,1069,nos apoyamos,past,nosotros,di
4313,1069,os apoyasteis,past,vosotros,di
4314,1069,se apoyaron,past,ellos,di
4315,1069,me apoyaré,future,yo,gelecek
4316,1069,te apoyarás,future,tú,gelecek
4317,1069,se apoyará,future,él/ella,gelecek
4318,1069,nos apoyaremos,future,nosotros,gelecek
4319,1069,os apoyaréis,future,vosotros,gelecek
4320,1069,se apoyarán,future,ellos,gelecek
4321,1164,contesto,present,yo,şimdi
4322,1164,contestas,present,tú,şimdi
4323,1164,contesta,present,él/ella,şimdi
4324,1164,contestamos,present,nosotros,şimdi
4325,1164,contestáis,present,vosotros,şimdi
4326,1164,contestan,present,ellos,şimdi
4327,1164,contesté,past,yo,di
4328,1164,contestaste,past,tú,di
4329,1164,contestó,past,él/ella,di
4330,1164,contestamos,past,nosotros,di
4331,1164,contestasteis,past,vosotros,di
4332,1164,contestaron,past,ellos,di
4333,1164,contestaré,future,yo,gelecek
4334,1164,contestarás,future,tú,gelecek
4335,1164,contestará,future,él/ella,gelecek
4336,1164,contestaremos,future,nosotros,gelecek
4337,1164,contestaréis,future,vosotros,gelecek
4338,1164,contestarán,future,ellos,gelecek
4339,1165,presento,present,yo,şimdi
4340,1165,presentas,present,tú,şimdi
4341,1165,presenta,present,él/ella,şimdi
4342,1165,presentamos,present,nosotros,şimdi
4343,1165,presentáis,present,vosotros,şimdi
4344,1165,presentan,present,ellos,şimdi
4345,1165,presenté,past,yo,di
4346,1165,presentaste,past,tú,di
4347,1165,presentó,past,él/ella,di
4348,1165,presentamos,past,nosotros,di
4349,1165,presentasteis,past,vosotros,di
4350,1165,presentaron,past,ellos,di
4351,1165,presentaré,future,yo,gelecek
4352,1165,presentarás,future,tú,gelecek
4353,1165,presentará,future,él/ella,gelecek
4354,1165,presentaremos,future,nosotros,gelecek
4355,1165,presentaréis,future,vosotros,gelecek
4356,1165,presentarán,future,ellos,gelecek
4357,1166,me saludo,present,yo,şimdi
4358,1166,te saludas,present,tú,şimdi
4359,1166,se saluda,present,él/ella,şimdi
4360,1166,nos saludamos,present,nosotros,şimdi
4361,1166,os saludáis,present,vosotros,şimdi
4362,1166,se saludan,present,ellos,şimdi
4363,1166,me saludé,past,yo,di
4364,1166,te saludaste,past,tú,di
4365,1166,se saludó,past,él/ella,di
4366,1166,nos saludamos,past,nosotros,di
4367,1166,os saludasteis,past,vosotros,di
4368,1166,se saludaron,past,ellos,di
4369,1166,me saludaré,future,yo,gelecek
4370,1166,te saludarás,future,tú,gelecek
4371,1166,se saludará,future,él/ella,gelecek
4372,1166,nos saludaremos,future,nosotros,gelecek
4373,1166,os saludaréis,future,vosotros,gelecek
4374,1166,se saludarán,future,ellos,gelecek
4375,1167,me despedo,present,yo,şimdi
4376,1167,te despedes,present,tú,şimdi
4377,1167,se despede,present,él/ella,şimdi
4378,1167,nos despedimos,present,nosotros,şimdi
4379,1167,os despedís,present,vosotros,şimdi
4380,1167,se despeden,present,ellos,şimdi
4381,1167,me despedí,past,yo,di
4382,1167,te despediste,past,tú,di
4383,1167,se despedió,past,él/ella,di
4384,1167,nos despedimos,past,nosotros,di
4385,1167,os despedisteis,past,vosotros,di
4386,1167,se despedieron,past,ellos,di
4387,1167,me despediré,future,yo,gelecek
4388,1167,te despedirás,future,tú,gelecek
4389,1167,se despedirá,future,él/ella,gelecek
4390,1167,nos despediremos,future,nosotros,gelecek
4391,1167,os despediréis,future,vosotros,gelecek
4392,1167,se despedirán,future,ellos,gelecek
4393,1168,camino,present,yo,şimdi
4394,1168,caminas,present,tú,şimdi
4395,1168,camina,present,él/ella,şimdi
4396,1168,caminamos,present,nosotros,şimdi
4397,1168,camináis,present,vosotros,şimdi
4398,1168,caminan,present,ellos,şimdi
4399,1168,caminé,past,yo,di
4400,1168,caminaste,past,tú,di
4401,1168,caminó,past,él/ella,di
4402,1168,caminamos,past,nosotros,di
4403,1168,caminasteis,past,vosotros,di
4404,1168,caminaron,past,ellos,di
4405,1168,caminaré,future,yo,gelecek
4406,1168,caminarás,future,tú,gelecek
4407,1168,caminará,future,él/ella,gelecek
4408,1168,caminaremos,future,nosotros,gelecek
4409,1168,caminaréis,future,vosotros,gelecek
4410,1168,caminarán,future,ellos,gelecek
4411,1169,cogo,present,yo,şimdi
4412,1169,coges,present,tú,şimdi
4413,1169,coge,present,él/ella,şimdi
4414,1169,cogemos,present,nosotros,şimdi
4415,1169,cogéis,present,vosotros,şimdi
4416,1169,cogen,present,ellos,şimdi
4417,1169,cogí,past,yo,di
4418,1169,cogiste,past,tú,di
4419,1169,cogió,past,él/ella,di
4420,1169,cogimos,past,nosotros,di
4421,1169,cogisteis,past,vosotros,di
4422,1169,cogieron,past,ellos,di
4423,1169,cogeré,future,yo,gelecek
4424,1169,cogerás,future,tú,gelecek
4425,1169,cogerá,future,él/ella,gelecek
4426,1169,cogeremos,future,nosotros,gelecek
4427,1169,cogeréis,future,vosotros,gelecek
4428,1169,cogerán,future,ellos,gelecek
4429,1170,bajo,present,yo,şimdi
4430,1170,bajas,present,tú,şimdi
4431,1170,baja,present,él/ella,şimdi
4432,1170,bajamos,present,nosotros,şimdi
4433,1170,bajáis,present,vosotros,şimdi
4434,1170,bajan,present,ellos,şimdi
4435,1170,bajé,past,yo,di
4436,1170,bajaste,past,tú,di
4437,1170,bajó,past,él/ella,di
4438,1170,bajamos,past,nosotros,di
4439,1170,bajasteis,past,vosotros,di
4440,1170,bajaron,past,ellos,di
4441,1170,bajaré,future,yo,gelecek
4442,1170,bajarás,future,tú,gelecek
4443,1170,bajará,future,él/ella,gelecek
4444,1170,bajaremos,future,nosotros,gelecek
4445,1170,bajaréis,future,vosotros,gelecek
4446,1170,bajarán,future,ellos,gelecek
4447,1171,subo,present,yo,şimdi
4448,1171,subes,present,tú,şimdi
4449,1171,sube,present,él/ella,şimdi
4450,1171,subimos,present,nosotros,şimdi
4451,1171,subís,present,vosotros,şimdi
4452,1171,suben,present,ellos,şimdi
4453,1171,subí,past,yo,di
4454,1171,subiste,past,tú,di
4455,1171,subió,past,él/ella,di
4456,1171,subimos,past,nosotros,di
4457,1171,subisteis,past,vosotros,di
4458,1171,subieron,past,ellos,di
4459,1171,subiré,future,yo,gelecek
4460,1171,subirás,future,tú,gelecek
4461,1171,subirá,future,él/ella,gelecek
4462,1171,subiremos,future,nosotros,gelecek
4463,1171,subiréis,future,vosotros,gelecek
4464,1171,subirán,future,ellos,gelecek
4465,1172,cruzo,present,yo,şimdi
4466,1172,cruzas,present,tú,şimdi
4467,1172,cruza,present,él/ella,şimdi
4468,1172,cruzamos,present,nosotros,şimdi
4469,1172,cruzáis,present,vosotros,şimdi
4470,1172,cruzan,present,ellos,şimdi
4471,1172,crucé,past,yo,di
4472,1172,cruzaste,past,tú,di
4473,1172,cruzó,past,él/ella,di
4474,1172,cruzamos,past,nosotros,di
4475,1172,cruzasteis,past,vosotros,di
4476,1172,cruzaron,past,ellos,di
4477,1172,cruzaré,future,yo,gelecek
4478,1172,cruzarás,future,tú,gelecek
4479,1172,cruzará,future,él/ella,gelecek
4480,1172,cruzaremos,future,nosotros,gelecek
4481,1172,cruzaréis,future,vosotros,gelecek
4482,1172,cruzarán,future,ellos,gelecek
4483,1173,paro,present,yo,şimdi
4484,1173,paras,present,tú,şimdi
4485,1173,para,present,él/ella,şimdi
4486,1173,paramos,present,nosotros,şimdi
4487,1173,paráis,present,vosotros,şimdi
4488,1173,paran,present,ellos,şimdi
4489,1173,paré,past,yo,di
4490,1173,paraste,past,tú,di
4491,1173,paró,past,él/ella,di
4492,1173,paramos,past,nosotros,di
4493,1173,parasteis,past,vosotros,di
4494,1173,pararon,past,ellos,di
4495,1173,pararé,future,yo,gelecek
4496,1173,pararás,future,tú,gelecek
4497,1173,parará,future,él/ella,gelecek
4498,1173,pararemos,future,nosotros,gelecek
4499,1173,pararéis,future,vosotros,gelecek
4500,1173,pararán,future,ellos,gelecek
4501,1174,invito,present,yo,şimdi
4502,1174,invitas,present,tú,şimdi
4503,1174,invita,present,él/ella,şimdi
4504,1174,invitamos,present,nosotros,şimdi
4505,1174,invitáis,present,vosotros,şimdi
4506,1174,invitan,present,ellos,şimdi
4507,1174,invité,past,yo,di
4508,1174,invitaste,past,tú,di
4509,1174,invitó,past,él/ella,di
4510,1174,invitamos,past,nosotros,di
4511,1174,invitasteis,past,vosotros,di
4512,1174,invitaron,past,ellos,di
4513,1174,invitaré,future,yo,gelecek
4514,1174,invitarás,future,tú,gelecek
4515,1174,invitará,future,él/ella,gelecek
4516,1174,invitaremos,future,nosotros,gelecek
4517,1174,invitaréis,future,vosotros,gelecek
4518,1174,invitarán,future,ellos,gelecek
4519,1175,comparto,present,yo,şimdi
4520,1175,compartes,present,tú,şimdi
4521,1175,comparte,present,él/ella,şimdi
4522,1175,compartimos,present,nosotros,şimdi
4523,1175,compartís,present,vosotros,şimdi
4524,1175,comparten,present,ellos,şimdi
4525,1175,compartí,past,yo,di
4526,1175,compartiste,past,tú,di
4527,1175,compartió,past,él/ella,di
4528,1175,compartimos,past,nosotros,di
4529,1175,compartisteis,past,vosotros,di
4530,1175,compartieron,past,ellos,di
4531,1175,compartiré,future,yo,gelecek
4532,1175,compartirás,future,tú,gelecek
4533,1175,compartirá,future,él/ella,gelecek
4534,1175,compartiremos,future,nosotros,gelecek
4535,1175,compartiréis,future,vosotros,gelecek
4536,1175,compartirán,future,ellos,gelecek
4537,1210,abrazo,present,yo,şimdi
4538,1210,abrazas,present,tú,şimdi
4539,1210,abraza,present,él/ella,şimdi
4540,1210,abrazamos,present,nosotros,şimdi
4541,1210,abrazáis,present,vosotros,şimdi
4542,1210,abrazan,present,ellos,şimdi
4543,1210,abracé,past,yo,di
4544,1210,abrazaste,past,tú,di
4545,1210,abrazó,past,él/ella,di
4546,1210,abrazamos,past,nosotros,di
4547,1210,abrazasteis,past,vosotros,di
4548,1210,abrazaron,past,ellos,di
4549,1210,abrazaré,future,yo,gelecek
4550,1210,abrazarás,future,tú,gelecek
4551,1210,abrazará,future,él/ella,gelecek
4552,1210,abrazaremos,future,nosotros,gelecek
4553,1210,abrazaréis,future,vosotros,gelecek
4554,1210,abrazarán,future,ellos,gelecek
4555,1211,beso,present,yo,şimdi
4556,1211,besas,present,tú,şimdi
4557,1211,besa,present,él/ella,şimdi
4558,1211,besamos,present,nosotros,şimdi
4559,1211,besáis,present,vosotros,şimdi
4560,1211,besan,present,ellos,şimdi
4561,1211,besé,past,yo,di
4562,1211,besaste,past,tú,di
4563,1211,besó,past,él/ella,di
4564,1211,besamos,past,nosotros,di
4565,1211,besasteis,past,vosotros,di
4566,1211,besaron,past,ellos,di
4567,1211,besaré,future,yo,gelecek
4568,1211,besarás,future,tú,gelecek
4569,1211,besará,future,él/ella,gelecek
4570,1211,besaremos,future,nosotros,gelecek
4571,1211,besaréis,future,vosotros,gelecek
4572,1211,besarán,future,ellos,gelecek
4573,1212,sonrio,present,yo,şimdi
4574,1212,sonries,present,tú,şimdi
4575,1212,sonrie,present,él/ella,şimdi
4576,1212,sonreimos,present,nosotros,şimdi
4577,1212,sonreís,present,vosotros,şimdi
4578,1212,sonrien,present,ellos,şimdi
4579,1212,sonreí,past,yo,di
4580,1212,sonreiste,past,tú,di
4581,1212,sonriió,past,él/ella,di
4582,1212,sonreimos,past,nosotros,di
4583,1212,sonreisteis,past,vosotros,di
4584,1212,sonriieron,past,ellos,di
4585,1212,sonreiré,future,yo,gelecek
4586,1212,sonreirás,future,tú,gelecek
4587,1212,sonreirá,future,él/ella,gelecek
4588,1212,sonreiremos,future,nosotros,gelecek
4589,1212,sonreiréis,future,vosotros,gelecek
4590,1212,sonreirán,future,ellos,gelecek
4591,1213,grito,present,yo,şimdi
4592,1213,gritas,present,tú,şimdi
4593,1213,grita,present,él/ella,şimdi
4594,1213,gritamos,present,nosotros,şimdi
4595,1213,gritáis,present,vosotros,şimdi
4596,1213,gritan,present,ellos,şimdi
4597,1213,grité,past,yo,di
4598,1213,gritaste,past,tú,di
4599,1213,gritó,past,él/ella,di
4600,1213,gritamos,past,nosotros,di
4601,1213,gritasteis,past,vosotros,di
4602,1213,gritaron,past,ellos,di
4603,1213,gritaré,future,yo,gelecek
4604,1213,gritarás,future,tú,gelecek
4605,1213,gritará,future,él/ella,gelecek
4606,1213,gritaremos,future,nosotros,gelecek
4607,1213,gritaréis,future,vosotros,gelecek
4608,1213,gritarán,future,ellos,gelecek
4609,1214,suspiro,present,yo,şimdi
4610,1214,suspiras,present,tú,şimdi
4611,1214,suspira,present,él/ella,şimdi
4612,1214,suspiramos,present,nosotros,şimdi
4613,1214,suspiráis,present,vosotros,şimdi
4614,1214,suspiran,present,ellos,şimdi
4615,1214,suspiré,past,yo,di
4616,1214,suspiraste,past,tú,di
4617,1214,suspiró,past,él/ella,di
4618,1214,suspiramos,past,nosotros,di
4619,1214,suspirasteis,past,vosotros,di
4620,1214,suspiraron,past,ellos,di
4621,1214,suspiraré,future,yo,gelecek
4622,1214,suspirarás,future,tú,gelecek
4623,1214,suspirará,future,él/ella,gelecek
4624,1214,suspiraremos,future,nosotros,gelecek
4625,1214,suspiraréis,future,vosotros,gelecek
4626,1214,suspirarán,future,ellos,gelecek
4627,1221,tropezo,present,yo,şimdi
4628,1221,tropezas,present,tú,şimdi
4629,1221,tropeza,present,él/ella,şimdi
4630,1221,tropezamos,present,nosotros,şimdi
4631,1221,tropezáis,present,vosotros,şimdi
4632,1221,tropezan,present,ellos,şimdi
4633,1221,tropecé,past,yo,di
4634,1221,tropezaste,past,tú,di
4635,1221,tropezó,past,él/ella,di
4636,1221,tropezamos,past,nosotros,di
4637,1221,tropezasteis,past,vosotros,di
4638,1221,tropezaron,past,ellos,di
4639,1221,tropezaré,future,yo,gelecek
4640,1221,tropezarás,future,tú,gelecek
4641,1221,tropezará,future,él/ella,gelecek
4642,1221,tropezaremos,future,nosotros,gelecek
4643,1221,tropezaréis,future,vosotros,gelecek
4644,1221,tropezarán,future,ellos,gelecek
4645,1222,me caigo,present,yo,şimdi
4646,1222,te caes,present,tú,şimdi
4647,1222,se cae,present,él/ella,şimdi
4648,1222,nos caemos,present,nosotros,şimdi
4649,1222,os caéis,present,vosotros,şimdi
4650,1222,se caen,present,ellos,şimdi
4651,1222,me caí,past,yo,di
4652,1222,te caíste,past,tú,di
4653,1222,se cayó,past,él/ella,di
4654,1222,nos caímos,past,nosotros,di
4655,1222,os caísteis,past,vosotros,di
4656,1222,se cayeron,past,ellos,di
4657,1222,me caeré,future,yo,gelecek
4658,1222,te caerás,future,tú,gelecek
4659,1222,se caerá,future,él/ella,gelecek
4660,1222,nos caeremos,future,nosotros,gelecek
4661,1222,os caeréis,future,vosotros,gelecek
4662,1222,se caerán,future,ellos,gelecek
4663,1223,me descubro,present,yo,şimdi
4664,1223,te descubres,present,tú,şimdi
4665,1223,se descubre,present,él/ella,şimdi
4666,1223,nos descubrimos,present,nosotros,şimdi
4667,1223,os descubrís,present,vosotros,şimdi
4668,1223,se descubren,present,ellos,şimdi
4669,1223,me descubrí,past,yo,di
4670,1223,te descubriste,past,tú,di
4671,1223,se descubrió,past,él/ella,di
4672,1223,nos descubrimos,past,nosotros,di
4673,1223,os descubristeis,past,vosotros,di
4674,1223,se descubrieron,past,ellos,di
4675,1223,me descubriré,future,yo,gelecek
4676,1223,te descubrirás,future,tú,gelecek
4677,1223,se descubrirá,future,él/ella,gelecek
4678,1223,nos descubriremos,future,nosotros,gelecek
4679,1223,os descubriréis,future,vosotros,gelecek
4680,1223,se descubrirán,future,ellos,gelecek
4681,1234,exagero,present,yo,şimdi
4682,1234,exageras,present,tú,şimdi
4683,1234,exagera,present,él/ella,şimdi
4684,1234,exageramos,present,nosotros,şimdi
4685,1234,exageráis,present,vosotros,şimdi
4686,1234,exageran,present,ellos,şimdi
4687,1234,exageré,past,yo,di
4688,1234,exageraste,past,tú,di
4689,1234,exageró,past,él/ella,di
4690,1234,exageramos,past,nosotros,di
4691,1234,exagerasteis,past,vosotros,di
4692,1234,exageraron,past,ellos,di
4693,1234,exageraré,future,yo,gelecek
4694,1234,exagerarás,future,tú,gelecek
4695,1234,exagerará,future,él/ella,gelecek
4696,1234,exageraremos,future,nosotros,gelecek
4697,1234,exageraréis,future,vosotros,gelecek
4698,1234,exagerarán,future,ellos,gelecek
4699,1235,caliento,present,yo,şimdi
4700,1235,calientas,present,tú,şimdi
4701,1235,calienta,present,él/ella,şimdi
4702,1235,calentamos,present,nosotros,şimdi
4703,1235,calentáis,present,vosotros,şimdi
4704,1235,calientan,present,ellos,şimdi
4705,1235,calenté,past,yo,di
4706,1235,calentaste,past,tú,di
4707,1235,calentó,past,él/ella,di
4708,1235,calentamos,past,nosotros,di
4709,1235,calentasteis,past,vosotros,di
4710,1235,calentaron,past,ellos,di
4711,1235,calentaré,future,yo,gelecek
4712,1235,calentarás,future,tú,gelecek
4713,1235,calentará,future,él/ella,gelecek
4714,1235,calentaremos,future,nosotros,gelecek
4715,1235,calentaréis,future,vosotros,gelecek
4716,1235,calentarán,future,ellos,gelecek
4717,1236,estiro,present,yo,şimdi
4718,1236,estiras,present,tú,şimdi
4719,1236,estira,present,él/ella,şimdi
4720,1236,estiramos,present,nosotros,şimdi
4721,1236,estiráis,present,vosotros,şimdi
4722,1236,estiran,present,ellos,şimdi
4723,1236,estiré,past,yo,di
4724,1236,estiraste,past,tú,di
4725,1236,estiró,past,él/ella,di
4726,1236,estiramos,past,nosotros,di
4727,1236,estirasteis,past,vosotros,di
4728,1236,estiraron,past,ellos,di
4729,1236,estiraré,future,yo,gelecek
4730,1236,estirarás,future,tú,gelecek
4731,1236,estirará,future,él/ella,gelecek
4732,1236,estiraremos,future,nosotros,gelecek
4733,1236,estiraréis,future,vosotros,gelecek
4734,1236,estirarán,future,ellos,gelecek
4735,1237,me hidrato,present,yo,şimdi
4736,1237,te hidratas,present,tú,şimdi
4737,1237,se hidrata,present,él/ella,şimdi
4738,1237,nos hidratamos,present,nosotros,şimdi
4739,1237,os hidratáis,present,vosotros,şimdi
4740,1237,se hidratan,present,ellos,şimdi
4741,1237,me hidraté,past,yo,di
4742,1237,te hidrataste,past,tú,di
4743,1237,se hidrató,past,él/ella,di
4744,1237,nos hidratamos,past,nosotros,di
4745,1237,os hidratasteis,past,vosotros,di
4746,1237,se hidrataron,past,ellos,di
4747,1237,me hidrataré,future,yo,gelecek
4748,1237,te hidratarás,future,tú,gelecek
4749,1237,se hidratará,future,él/ella,gelecek
4750,1237,nos hidrataremos,future,nosotros,gelecek
4751,1237,os hidrataréis,future,vosotros,gelecek
4752,1237,se hidratarán,future,ellos,gelecek
4753,1238,me calmo,present,yo,şimdi
4754,1238,te calmas,present,tú,şimdi
4755,1238,se calma,present,él/ella,şimdi
4756,1238,nos calmamos,present,nosotros,şimdi
4757,1238,os calmáis,present,vosotros,şimdi
4758,1238,se calman,present,ellos,şimdi
4759,1238,me calmé,past,yo,di
4760,1238,te calmaste,past,tú,di
4761,1238,se calmó,past,él/ella,di
4762,1238,nos calmamos,past,nosotros,di
4763,1238,os calmasteis,past,vosotros,di
4764,1238,se calmaron,past,ellos,di
4765,1238,me calmaré,future,yo,gelecek
4766,1238,te calmarás,future,tú,gelecek
4767,1238,se calmará,future,él/ella,gelecek
4768,1238,nos calmaremos,future,nosotros,gelecek
4769,1238,os calmaréis,future,vosotros,gelecek
4770,1238,se calmarán,future,ellos,gelecek
4771,1239,respiro,present,yo,şimdi
4772,1239,respiras,present,tú,şimdi
4773,1239,respira,present,él/ella,şimdi
4774,1239,respiramos,present,nosotros,şimdi
4775,1239,respiráis,present,vosotros,şimdi
4776,1239,respiran,present,ellos,şimdi
4777,1239,respiré,past,yo,di
4778,1239,respiraste,past,tú,di
4779,1239,respiró,past,él/ella,di
4780,1239,respiramos,past,nosotros,di
4781,1239,respirasteis,past,vosotros,di
4782,1239,respiraron,past,ellos,di
4783,1239,respiraré,future,yo,gelecek
4784,1239,respirarás,future,tú,gelecek
4785,1239,respirará,future,él/ella,gelecek
4786,1239,respiraremos,future,nosotros,gelecek
4787,1239,respiraréis,future,vosotros,gelecek
4788,1239,respirarán,future,ellos,gelecek
4789,1271,aseguro,present,yo,şimdi
4790,1271,aseguras,present,tú,şimdi
4791,1271,asegura,present,él/ella,şimdi
4792,1271,aseguramos,present,nosotros,şimdi
4793,1271,aseguráis,present,vosotros,şimdi
4794,1271,aseguran,present,ellos,şimdi
4795,1271,aseguré,past,yo,di
4796,1271,aseguraste,past,tú,di
4797,1271,aseguró,past,él/ella,di
4798,1271,aseguramos,past,nosotros,di
4799,1271,asegurasteis,past,vosotros,di
4800,1271,aseguraron,past,ellos,di
4801,1271,aseguraré,future,yo,gelecek
4802,1271,asegurarás,future,tú,gelecek
4803,1271,asegurará,future,él/ella,gelecek
4804,1271,aseguraremos,future,nosotros,gelecek
4805,1271,aseguraréis,future,vosotros,gelecek
4806,1271,asegurarán,future,ellos,gelecek
4807,1272,niego,present,yo,şimdi
4808,1272,niegas,present,tú,şimdi
4809,1272,niega,present,él/ella,şimdi
4810,1272,negamos,present,nosotros,şimdi
4811,1272,negáis,present,vosotros,şimdi
4812,1272,niegan,present,ellos,şimdi
4813,1272,negué,past,yo,di
4814,1272,negaste,past,tú,di
4815,1272,negó,past,él/ella,di
4816,1272,negamos,past,nosotros,di
4817,1272,negasteis,past,vosotros,di
4818,1272,negaron,past,ellos,di
4819,1272,negaré,future,yo,gelecek
4820,1272,negarás,future,tú,gelecek
4821,1272,negará,future,él/ella,gelecek
4822,1272,negaremos,future,nosotros,gelecek
4823,1272,negaréis,future,vosotros,gelecek
4824,1272,negarán,future,ellos,gelecek
4825,1273,admito,present,yo,şimdi
4826,1273,admites,present,tú,şimdi
4827,1273,admite,present,él/ella,şimdi
4828,1273,admitimos,present,nosotros,şimdi
4829,1273,admitís,present,vosotros,şimdi
4830,1273,admiten,present,ellos,şimdi
4831,1273,admití,past,yo,di
4832,1273,admitiste,past,tú,di
4833,1273,admitió,past,él/ella,di
4834,1273,admitimos,past,nosotros,di
4835,1273,admitisteis,past,vosotros,di
4836,1273,admitieron,past,ellos,di
4837,1273,admitiré,future,yo,gelecek
4838,1273,admitirás,future,tú,gelecek
4839,1273,admitirá,future,él/ella,gelecek
4840,1273,admitiremos,future,nosotros,gelecek
4841,1273,admitiréis,future,vosotros,gelecek
4842,1273,admitirán,future,ellos,gelecek
4843,1274,ordeno,present,yo,şimdi
4844,1274,ordenas,present,tú,şimdi
4845,1274,ordena,present,él/ella,şimdi
4846,1274,ordenamos,present,nosotros,şimdi
4847,1274,ordenáis,present,vosotros,şimdi
4848,1274,ordenan,present,ellos,şimdi
4849,1274,ordené,past,yo,di
4850,1274,ordenaste,past,tú,di
4851,1274,ordenó,past,él/ella,di
4852,1274,ordenamos,past,nosotros,di
4853,1274,ordenasteis,past,vosotros,di
4854,1274,ordenaron,past,ellos,di
4855,1274,ordenaré,future,yo,gelecek
4856,1274,ordenarás,future,tú,gelecek
4857,1274,ordenará,future,él/ella,gelecek
4858,1274,ordenaremos,future,nosotros,gelecek
4859,1274,ordenaréis,future,vosotros,gelecek
4860,1274,ordenarán,future,ellos,gelecek
4861,1338,multo,present,yo,şimdi
4862,1338,multas,present,tú,şimdi
4863,1338,multa,present,él/ella,şimdi
4864,1338,multamos,present,nosotros,şimdi
4865,1338,multáis,present,vosotros,şimdi
4866,1338,multan,present,ellos,şimdi
4867,1338,multé,past,yo,di
4868,1338,multaste,past,tú,di
4869,1338,multó,past,él/ella,di
4870,1338,multamos,past,nosotros,di
4871,1338,multasteis,past,vosotros,di
4872,1338,multaron,past,ellos,di
4873,1338,multaré,future,yo,gelecek
4874,1338,multarás,future,tú,gelecek
4875,1338,multará,future,él/ella,gelecek
4876,1338,multaremos,future,nosotros,gelecek
4877,1338,multaréis,future,vosotros,gelecek
4878,1338,multarán,future,ellos,gelecek
4879,1339,denuncio,present,yo,şimdi
4880,1339,denuncias,present,tú,şimdi
4881,1339,denuncia,present,él/ella,şimdi
4882,1339,denunciamos,present,nosotros,şimdi
4883,1339,denunciáis,present,vosotros,şimdi
4884,1339,denuncian,present,ellos,şimdi
4885,1339,denuncié,past,yo,di
4886,1339,denunciaste,past,tú,di
4887,1339,denunció,past,él/ella,di
4888,1339,denunciamos,past,nosotros,di
4889,1339,denunciasteis,past,vosotros,di
4890,1339,denunciaron,past,ellos,di
4891,1339,denunciaré,future,yo,gelecek
4892,1339,denunciarás,future,tú,gelecek
4893,1339,denunciará,future,él/ella,gelecek
4894,1339,denunciaremos,future,nosotros,gelecek
4895,1339,denunciaréis,future,vosotros,gelecek
4896,1339,denunciarán,future,ellos,gelecek
4897,1340,cumplo,present,yo,şimdi
4898,1340,cumples,present,tú,şimdi
4899,1340,cumple,present,él/ella,şimdi
4900,1340,cumplimos,present,nosotros,şimdi
4901,1340,cumplís,present,vosotros,şimdi
4902,1340,cumplen,present,ellos,şimdi
4903,1340,cumplí,past,yo,di
4904,1340,cumpliste,past,tú,di
4905,1340,cumplió,past,él/ella,di
4906,1340,cumplimos,past,nosotros,di
4907,1340,cumplisteis,past,vosotros,di
4908,1340,cumplieron,past,ellos,di
4909,1340,cumpliré,future,yo,gelecek
4910,1340,cumplirás,future,tú,gelecek
4911,1340,cumplirá,future,él/ella,gelecek
4912,1340,cumpliremos,future,nosotros,gelecek
4913,1340,cumpliréis,future,vosotros,gelecek
4914,1340,cumplirán,future,ellos,gelecek
4915,1341,infringo,present,yo,şimdi
4916,1341,infringes,present,tú,şimdi
4917,1341,infringe,present,él/ella,şimdi
4918,1341,infringimos,present,nosotros,şimdi
4919,1341,infringís,present,vosotros,şimdi
4920,1341,infringen,present,ellos,şimdi
4921,1341,infringí,past,yo,di
4922,1341,infringiste,past,tú,di
4923,1341,infringió,past,él/ella,di
4924,1341,infringimos,past,nosotros,di
4925,1341,infringisteis,past,vosotros,di
4926,1341,infringieron,past,ellos,di
4927,1341,infringiré,future,yo,gelecek
4928,1341,infringirás,future,tú,gelecek
4929,1341,infringirá,future,él/ella,gelecek
4930,1341,infringiremos,future,nosotros,gelecek
4931,1341,infringiréis,future,vosotros,gelecek
4932,1341,infringirán,future,ellos,gelecek
4933,1342,regulo,present,yo,şimdi
4934,1342,regulas,present,tú,şimdi
4935,1342,regula,present,él/ella,şimdi
4936,1342,regulamos,present,nosotros,şimdi
4937,1342,reguláis,present,vosotros,şimdi
4938,1342,regulan,present,ellos,şimdi
4939,1342,regulé,past,yo,di
4940,1342,regulaste,past,tú,di
4941,1342,reguló,past,él/ella,di
4942,1342,regulamos,past,nosotros,di
4943,1342,regulasteis,past,vosotros,di
4944,1342,regularon,past,ellos,di
4945,1342,regularé,future,yo,gelecek
4946,1342,regularás,future,tú,gelecek
4947,1342,regulará,future,él/ella,gelecek
4948,1342,regularemos,future,nosotros,gelecek
4949,1342,regularéis,future,vosotros,gelecek
4950,1342,regularán,future,ellos,gelecek
4951,1358,puedo,present,yo,şimdi
4952,1358,puedes,present,tú,şimdi
4953,1358,puede,present,él/ella,şimdi
4954,1358,podemos,present,nosotros,şimdi
4955,1358,podéis,present,vosotros,şimdi
4956,1358,pueden,present,ellos,şimdi
4957,1358,pude,past,yo,di
4958,1358,pudiste,past,tú,di
4959,1358,pudo,past,él/ella,di
4960,1358,pudimos,past,nosotros,di
4961,1358,pudisteis,past,vosotros,di
4962,1358,pudieron,past,ellos,di
4963,1358,podré,future,yo,gelecek
4964,1358,podrás,future,tú,gelecek
4965,1358,podrá,future,él/ella,gelecek
4966,1358,podremos,future,nosotros,gelecek
4967,1358,podréis,future,vosotros,gelecek
4968,1358,podrán,future,ellos,gelecek
4969,1359,sé,present,yo,şimdi
4970,1359,sabes,present,tú,şimdi
4971,1359,sabe,present,él/ella,şimdi
4972,1359,sabemos,present,nosotros,şimdi
4973,1359,sabéis,present,vosotros,şimdi
4974,1359,saben,present,ellos,şimdi
4975,1359,supe,past,yo,di
4976,1359,supiste,past,tú,di
4977,1359,supo,past,él/ella,di
4978,1359,supimos,past,nosotros,di
4979,1359,supisteis,past,vosotros,di
4980,1359,supieron,past,ellos,di
4981,1359,sabré,future,yo,gelecek
4982,1359,sabrás,future,tú,gelecek
4983,1359,sabrá,future,él/ella,gelecek
4984,1359,sabremos,future,nosotros,gelecek
4985,1359,sabréis,future,vosotros,gelecek
4986,1359,sabrán,future,ellos,gelecek
4987,1360,pongo,present,yo,şimdi
4988,1360,pones,present,tú,şimdi
4989,1360,pone,present,él/ella,şimdi
4990,1360,ponemos,present,nosotros,şimdi
4991,1360,ponéis,present,vosotros,şimdi
4992,1360,ponen,present,ellos,şimdi
4993,1360,puse,past,yo,di
4994,1360,pusiste,past,tú,di
4995,1360,puso,past,él/ella,di
4996,1360,pusimos,past,nosotros,di
4997,1360,pusisteis,past,vosotros,di
4998,1360,pusieron,past,ellos,di
4999,1360,pondré,future,yo,gelecek
5000,1360,pondrás,future,tú,gelecek
5001,1360,pondrá,future,él/ella,gelecek
5002,1360,pondremos,future,nosotros,gelecek
5003,1360,pondréis,future,vosotros,gelecek
5004,1360,pondrán,future,ellos,gelecek
5005,1361,doy,present,yo,şimdi
5006,1361,das,present,tú,şimdi
5007,1361,da,present,él/ella,şimdi
5008,1361,damos,present,nosotros,şimdi
5009,1361,dais,present,vosotros,şimdi
5010,1361,dan,present,ellos,şimdi
5011,1361,di,past,yo,di
5012,1361,diste,past,tú,di
5013,1361,dio,past,él/ella,di
5014,1361,dimos,past,nosotros,di
5015,1361,disteis,past,vosotros,di
5016,1361,dieron,past,ellos,di
5017,1361,daré,future,yo,gelecek
5018,1361,darás,future,tú,gelecek
5019,1361,dará,future,él/ella,gelecek
5020,1361,daremos,future,nosotros,gelecek
5021,1361,daréis,future,vosotros,gelecek
5022,1361,darán,future,ellos,gelecek
5023,1362,digo,present,yo,şimdi
5024,1362,dices,present,tú,şimdi
5025,1362,dice,present,él/ella,şimdi
5026,1362,decimos,present,nosotros,şimdi
5027,1362,decís,present,vosotros,şimdi
5028,1362,dicen,present,ellos,şimdi
5029,1362,dije,past,yo,di
5030,1362,dijiste,past,tú,di
5031,1362,dijo,past,él/ella,di
5032,1362,dijimos,past,nosotros,di
5033,1362,dijisteis,past,vosotros,di
5034,1362,dijeron,past,ellos,di
5035,1362,diré,future,yo,gelecek
5036,1362,dirás,future,tú,gelecek
5037,1362,dirá,future,él/ella,gelecek
5038,1362,diremos,future,nosotros,gelecek
5039,1362,diréis,future,vosotros,gelecek
5040,1362,dirán,future,ellos,gelecek
5041,1363,vengo,present,yo,şimdi
5042,1363,vienes,present,tú,şimdi
5043,1363,viene,present,él/ella,şimdi
5044,1363,venimos,present,nosotros,şimdi
5045,1363,venís,present,vosotros,şimdi
5046,1363,vienen,present,ellos,şimdi
5047,1363,vine,past,yo,di
5048,1363,viniste,past,tú,di
5049,1363,vino,past,él/ella,di
5050,1363,vinimos,past,nosotros,di
5051,1363,vinisteis,past,vosotros,di
5052,1363,vinieron,past,ellos,di
5053,1363,vendré,future,yo,gelecek
5054,1363,vendrás,future,tú,gelecek
5055,1363,vendrá,future,él/ella,gelecek
5056,1363,vendremos,future,nosotros,gelecek
5057,1363,vendréis,future,vosotros,gelecek
5058,1363,vendrán,future,ellos,gelecek
5059,1364,traigo,present,yo,şimdi
5060,1364,traes,present,tú,şimdi
5061,1364,trae,present,él/ella,şimdi
5062,1364,traemos,present,nosotros,şimdi
5063,1364,traéis,present,vosotros,şimdi
5064,1364,traen,present,ellos,şimdi
5065,1364,traje,past,yo,di
5066,1364,trajiste,past,tú,di
5067,1364,trajo,past,él/ella,di
5068,1364,trajimos,past,nosotros,di
5069,1364,trajisteis,past,vosotros,di
5070,1364,trajeron,past,ellos,di
5071,1364,traeré,future,yo,gelecek
5072,1364,traerás,future,tú,gelecek
5073,1364,traerá,future,él/ella,gelecek
5074,1364,traeremos,future,nosotros,gelecek
5075,1364,traeréis,future,vosotros,gelecek
5076,1364,traerán,future,ellos,gelecek
5077,1365,me queda,present,yo,şimdi
5078,1365,te queda,present,tú,şimdi
5079,1365,le queda,present,él/ella,şimdi
5080,1365,nos queda,present,nosotros,şimdi
5081,1365,os queda,present,vosotros,şimdi
5082,1365,les quedan,present,ellos,şimdi
5083,1365,me quedó,past,yo,di
5084,1365,te quedó,past,tú,di
5085,1365,le quedó,past,él/ella,di
5086,1365,nos quedó,past,nosotros,di
5087,1365,os quedó,past,vosotros,di
5088,1365,les quedaron,past,ellos,di
5089,1365,me quedará,future,yo,gelecek
5090,1365,te quedará,future,tú,gelecek
5091,1365,le quedará,future,él/ella,gelecek
5092,1365,nos quedará,future,nosotros,gelecek
5093,1365,os quedará,future,vosotros,gelecek
5094,1365,les quedarán,future,ellos,gelecek
5095,1366,creo,present,yo,şimdi
5096,1366,crees,present,tú,şimdi
5097,1366,cree,present,él/ella,şimdi
5098,1366,creemos,present,nosotros,şimdi
5099,1366,creéis,present,vosotros,şimdi
5100,1366,creen,present,ellos,şimdi
5101,1366,creí,past,yo,di
5102,1366,creíste,past,tú,di
5103,1366,creyó,past,él/ella,di
5104,1366,creímos,past,nosotros,di
5105,1366,creísteis,past,vosotros,di
5106,1366,creyeron,past,ellos,di
5107,1366,creeré,future,yo,gelecek
5108,1366,creerás,future,tú,gelecek
5109,1366,creerá,future,él/ella,gelecek
5110,1366,creeremos,future,nosotros,gelecek
5111,1366,creeréis,future,vosotros,gelecek
5112,1366,creerán,future,ellos,gelecek
5113,1367,siento,present,yo,şimdi
5114,1367,sientes,present,tú,şimdi
5115,1367,siente,present,él/ella,şimdi
5116,1367,sentimos,present,nosotros,şimdi
5117,1367,sentís,present,vosotros,şimdi
5118,1367,sienten,present,ellos,şimdi
5119,1367,sentí,past,yo,di
5120,1367,sentiste,past,tú,di
5121,1367,sentió,past,él/ella,di
5122,1367,sentimos,past,nosotros,di
5123,1367,sentisteis,past,vosotros,di
5124,1367,sentieron,past,ellos,di
5125,1367,sentiré,future,yo,gelecek
5126,1367,sentirás,future,tú,gelecek
5127,1367,sentirá,future,él/ella,gelecek
5128,1367,sentiremos,future,nosotros,gelecek
5129,1367,sentiréis,future,vosotros,gelecek
5130,1367,sentirán,future,ellos,gelecek
5131,1368,dejo,present,yo,şimdi
5132,1368,dejas,present,tú,şimdi
5133,1368,deja,present,él/ella,şimdi
5134,1368,dejamos,present,nosotros,şimdi
5135,1368,dejáis,present,vosotros,şimdi
5136,1368,dejan,present,ellos,şimdi
5137,1368,dejé,past,yo,di
5138,1368,dejaste,past,tú,di
5139,1368,dejó,past,él/ella,di
5140,1368,dejamos,past,nosotros,di
5141,1368,dejasteis,past,vosotros,di
5142,1368,dejaron,past,ellos,di
5143,1368,dejaré,future,yo,gelecek
5144,1368,dejarás,future,tú,gelecek
5145,1368,dejará,future,él/ella,gelecek
5146,1368,dejaremos,future,nosotros,gelecek
5147,1368,dejaréis,future,vosotros,gelecek
5148,1368,dejarán,future,ellos,gelecek
5149,1369,tomo,present,yo,şimdi
5150,1369,tomas,present,tú,şimdi
5151,1369,toma,present,él/ella,şimdi
5152,1369,tomamos,present,nosotros,şimdi
5153,1369,tomáis,present,vosotros,şimdi
5154,1369,toman,present,ellos,şimdi
5155,1369,tomé,past,yo,di
5156,1369,tomaste,past,tú,di
5157,1369,tomó,past,él/ella,di
5158,1369,tomamos,past,nosotros,di
5159,1369,tomasteis,past,vosotros,di
5160,1369,tomaron,past,ellos,di
5161,1369,tomaré,future,yo,gelecek
5162,1369,tomarás,future,tú,gelecek
5163,1369,tomará,future,él/ella,gelecek
5164,1369,tomaremos,future,nosotros,gelecek
5165,1369,tomaréis,future,vosotros,gelecek
5166,1369,tomarán,future,ellos,gelecek
5167,1370,uso,present,yo,şimdi
5168,1370,usas,present,tú,şimdi
5169,1370,usa,present,él/ella,şimdi
5170,1370,usamos,present,nosotros,şimdi
5171,1370,usáis,present,vosotros,şimdi
5172,1370,usan,present,ellos,şimdi
5173,1370,usé,past,yo,di
5174,1370,usaste,past,tú,di
5175,1370,usó,past,él/ella,di
5176,1370,usamos,past,nosotros,di
5177,1370,usasteis,past,vosotros,di
5178,1370,usaron,past,ellos,di
5179,1370,usaré,future,yo,gelecek
5180,1370,usarás,future,tú,gelecek
5181,1370,usará,future,él/ella,gelecek
5182,1370,usaremos,future,nosotros,gelecek
5183,1370,usaréis,future,vosotros,gelecek
5184,1370,usarán,future,ellos,gelecek
5185,1388,ofreczco,present,yo,şimdi
5186,1388,ofreces,present,tú,şimdi
5187,1388,ofrece,present,él/ella,şimdi
5188,1388,ofrecemos,present,nosotros,şimdi
5189,1388,ofrecéis,present,vosotros,şimdi
5190,1388,ofrecen,present,ellos,şimdi
5191,1388,ofrecí,past,yo,di
5192,1388,ofreciste,past,tú,di
5193,1388,ofreció,past,él/ella,di
5194,1388,ofrecimos,past,nosotros,di
5195,1388,ofrecisteis,past,vosotros,di
5196,1388,ofrecieron,past,ellos,di
5197,1388,ofreceré,future,yo,gelecek
5198,1388,ofrecerás,future,tú,gelecek
5199,1388,ofrecerá,future,él/ella,gelecek
5200,1388,ofreceremos,future,nosotros,gelecek
5201,1388,ofreceréis,future,vosotros,gelecek
5202,1388,ofrecerán,future,ellos,gelecek
5203,1389,acepto,present,yo,şimdi
5204,1389,aceptas,present,tú,şimdi
5205,1389,acepta,present,él/ella,şimdi
5206,1389,aceptamos,present,nosotros,şimdi
5207,1389,aceptáis,present,vosotros,şimdi
5208,1389,aceptan,present,ellos,şimdi
5209,1389,acepté,past,yo,di
5210,1389,aceptaste,past,tú,di
5211,1389,aceptó,past,él/ella,di
5212,1389,aceptamos,past,nosotros,di
5213,1389,aceptasteis,past,vosotros,di
5214,1389,aceptaron,past,ellos,di
5215,1389,aceptaré,future,yo,gelecek
5216,1389,aceptarás,future,tú,gelecek
5217,1389,aceptará,future,él/ella,gelecek
5218,1389,aceptaremos,future,nosotros,gelecek
5219,1389,aceptaréis,future,vosotros,gelecek
5220,1389,aceptarán,future,ellos,gelecek
5221,1390,rechazo,present,yo,şimdi
5222,1390,rechazas,present,tú,şimdi
5223,1390,rechaza,present,él/ella,şimdi
5224,1390,rechazamos,present,nosotros,şimdi
5225,1390,rechazáis,present,vosotros,şimdi
5226,1390,rechazan,present,ellos,şimdi
5227,1390,rechacé,past,yo,di
5228,1390,rechazaste,past,tú,di
5229,1390,rechazó,past,él/ella,di
5230,1390,rechazamos,past,nosotros,di
5231,1390,rechazasteis,past,vosotros,di
5232,1390,rechazaron,past,ellos,di
5233,1390,rechazaré,future,yo,gelecek
5234,1390,rechazarás,future,tú,gelecek
5235,1390,rechazará,future,él/ella,gelecek
5236,1390,rechazaremos,future,nosotros,gelecek
5237,1390,rechazaréis,future,vosotros,gelecek
5238,1390,rechazarán,future,ellos,gelecek
5239,1391,elijo,present,yo,şimdi
5240,1391,eliges,present,tú,şimdi
5241,1391,elige,present,él/ella,şimdi
5242,1391,elegimos,present,nosotros,şimdi
5243,1391,elegís,present,vosotros,şimdi
5244,1391,eligen,present,ellos,şimdi
5245,1391,elegí,past,yo,di
5246,1391,elegiste,past,tú,di
5247,1391,eligió,past,él/ella,di
5248,1391,elegimos,past,nosotros,di
5249,1391,elegisteis,past,vosotros,di
5250,1391,eligieron,past,ellos,di
5251,1391,elegiré,future,yo,gelecek
5252,1391,elegirás,future,tú,gelecek
5253,1391,elegirá,future,él/ella,gelecek
5254,1391,elegiremos,future,nosotros,gelecek
5255,1391,elegiréis,future,vosotros,gelecek
5256,1391,elegirán,future,ellos,gelecek
5257,1392,aumento,present,yo,şimdi
5258,1392,aumentas,present,tú,şimdi
5259,1392,aumenta,present,él/ella,şimdi
5260,1392,aumentamos,present,nosotros,şimdi
5261,1392,aumentáis,present,vosotros,şimdi
5262,1392,aumentan,present,ellos,şimdi
5263,1392,aumenté,past,yo,di
5264,1392,aumentaste,past,tú,di
5265,1392,aumentó,past,él/ella,di
5266,1392,aumentamos,past,nosotros,di
5267,1392,aumentasteis,past,vosotros,di
5268,1392,aumentaron,past,ellos,di
5269,1392,aumentaré,future,yo,gelecek
5270,1392,aumentarás,future,tú,gelecek
5271,1392,aumentará,future,él/ella,gelecek
5272,1392,aumentaremos,future,nosotros,gelecek
5273,1392,aumentaréis,future,vosotros,gelecek
5274,1392,aumentarán,future,ellos,gelecek
5275,1393,reduco,present,yo,şimdi
5276,1393,reduces,present,tú,şimdi
5277,1393,reduce,present,él/ella,şimdi
5278,1393,reducimos,present,nosotros,şimdi
5279,1393,reducís,present,vosotros,şimdi
5280,1393,reducen,present,ellos,şimdi
5281,1393,reducí,past,yo,di
5282,1393,reduciste,past,tú,di
5283,1393,redució,past,él/ella,di
5284,1393,reducimos,past,nosotros,di
5285,1393,reducisteis,past,vosotros,di
5286,1393,reducieron,past,ellos,di
5287,1393,reduciré,future,yo,gelecek
5288,1393,reducirás,future,tú,gelecek
5289,1393,reducirá,future,él/ella,gelecek
5290,1393,reduciremos,future,nosotros,gelecek
5291,1393,reduciréis,future,vosotros,gelecek
5292,1393,reducirán,future,ellos,gelecek
5293,1394,manteno,present,yo,şimdi
5294,1394,mantenes,present,tú,şimdi
5295,1394,mantene,present,él/ella,şimdi
5296,1394,mantenemos,present,nosotros,şimdi
5297,1394,mantenéis,present,vosotros,şimdi
5298,1394,mantenen,present,ellos,şimdi
5299,1394,mantení,past,yo,di
5300,1394,manteniste,past,tú,di
5301,1394,mantenió,past,él/ella,di
5302,1394,mantenimos,past,nosotros,di
5303,1394,mantenisteis,past,vosotros,di
5304,1394,mantenieron,past,ellos,di
5305,1394,manteneré,future,yo,gelecek
5306,1394,mantenerás,future,tú,gelecek
5307,1394,mantenerá,future,él/ella,gelecek
5308,1394,manteneremos,future,nosotros,gelecek
5309,1394,manteneréis,future,vosotros,gelecek
5310,1394,mantenerán,future,ellos,gelecek
5311,1395,exigo,present,yo,şimdi
5312,1395,exiges,present,tú,şimdi
5313,1395,exige,present,él/ella,şimdi
5314,1395,exigimos,present,nosotros,şimdi
5315,1395,exigís,present,vosotros,şimdi
5316,1395,exigen,present,ellos,şimdi
5317,1395,exigí,past,yo,di
5318,1395,exigiste,past,tú,di
5319,1395,exigió,past,él/ella,di
5320,1395,exigimos,past,nosotros,di
5321,1395,exigisteis,past,vosotros,di
5322,1395,exigieron,past,ellos,di
5323,1395,exigiré,future,yo,gelecek
5324,1395,exigirás,future,tú,gelecek
5325,1395,exigirá,future,él/ella,gelecek
5326,1395,exigiremos,future,nosotros,gelecek
5327,1395,exigiréis,future,vosotros,gelecek
5328,1395,exigirán,future,ellos,gelecek
5329,1396,propono,present,yo,şimdi
5330,1396,propones,present,tú,şimdi
5331,1396,propone,present,él/ella,şimdi
5332,1396,proponemos,present,nosotros,şimdi
5333,1396,proponéis,present,vosotros,şimdi
5334,1396,proponen,present,ellos,şimdi
5335,1396,proponí,past,yo,di
5336,1396,proponiste,past,tú,di
5337,1396,proponió,past,él/ella,di
5338,1396,proponimos,past,nosotros,di
5339,1396,proponisteis,past,vosotros,di
5340,1396,proponieron,past,ellos,di
5341,1396,proponeré,future,yo,gelecek
5342,1396,proponerás,future,tú,gelecek
5343,1396,proponerá,future,él/ella,gelecek
5344,1396,proponeremos,future,nosotros,gelecek
5345,1396,proponeréis,future,vosotros,gelecek
5346,1396,proponerán,future,ellos,gelecek
5347,1397,resuelvo,present,yo,şimdi
5348,1397,resuelves,present,tú,şimdi
5349,1397,resuelve,present,él/ella,şimdi
5350,1397,resolvemos,present,nosotros,şimdi
5351,1397,resolvéis,present,vosotros,şimdi
5352,1397,resuelven,present,ellos,şimdi
5353,1397,resolví,past,yo,di
5354,1397,resolviste,past,tú,di
5355,1397,resolvió,past,él/ella,di
5356,1397,resolvimos,past,nosotros,di
5357,1397,resolvisteis,past,vosotros,di
5358,1397,resolvieron,past,ellos,di
5359,1397,resolveré,future,yo,gelecek
5360,1397,resolverás,future,tú,gelecek
5361,1397,resolverá,future,él/ella,gelecek
5362,1397,resolveremos,future,nosotros,gelecek
5363,1397,resolveréis,future,vosotros,gelecek
5364,1397,resolverán,future,ellos,gelecek
5365,1398,existo,present,yo,şimdi
5366,1398,existes,present,tú,şimdi
5367,1398,existe,present,él/ella,şimdi
5368,1398,existimos,present,nosotros,şimdi
5369,1398,existís,present,vosotros,şimdi
5370,1398,existen,present,ellos,şimdi
5371,1398,existí,past,yo,di
5372,1398,exististe,past,tú,di
5373,1398,existió,past,él/ella,di
5374,1398,existimos,past,nosotros,di
5375,1398,exististeis,past,vosotros,di
5376,1398,existieron,past,ellos,di
5377,1398,existiré,future,yo,gelecek
5378,1398,existirás,future,tú,gelecek
5379,1398,existirá,future,él/ella,gelecek
5380,1398,existiremos,future,nosotros,gelecek
5381,1398,existiréis,future,vosotros,gelecek
5382,1398,existirán,future,ellos,gelecek
5383,1399,dependo,present,yo,şimdi
5384,1399,dependes,present,tú,şimdi
5385,1399,depende,present,él/ella,şimdi
5386,1399,dependemos,present,nosotros,şimdi
5387,1399,dependéis,present,vosotros,şimdi
5388,1399,dependen,present,ellos,şimdi
5389,1399,dependí,past,yo,di
5390,1399,dependiste,past,tú,di
5391,1399,dependió,past,él/ella,di
5392,1399,dependimos,past,nosotros,di
5393,1399,dependisteis,past,vosotros,di
5394,1399,dependieron,past,ellos,di
5395,1399,dependeré,future,yo,gelecek
5396,1399,dependerás,future,tú,gelecek
5397,1399,dependerá,future,él/ella,gelecek
5398,1399,dependeremos,future,nosotros,gelecek
5399,1399,dependeréis,future,vosotros,gelecek
5400,1399,dependerán,future,ellos,gelecek
5401,1417,analizo,present,yo,şimdi
5402,1417,analizas,present,tú,şimdi
5403,1417,analiza,present,él/ella,şimdi
5404,1417,analizamos,present,nosotros,şimdi
5405,1417,analizáis,present,vosotros,şimdi
5406,1417,analizan,present,ellos,şimdi
5407,1417,analicé,past,yo,di
5408,1417,analizaste,past,tú,di
5409,1417,analizó,past,él/ella,di
5410,1417,analizamos,past,nosotros,di
5411,1417,analizasteis,past,vosotros,di
5412,1417,analizaron,past,ellos,di
5413,1417,analizaré,future,yo,gelecek
5414,1417,analizarás,future,tú,gelecek
5415,1417,analizará,future,él/ella,gelecek
5416,1417,analizaremos,future,nosotros,gelecek
5417,1417,analizaréis,future,vosotros,gelecek
5418,1417,analizarán,future,ellos,gelecek
5419,1418,demostro,present,yo,şimdi
5420,1418,demostras,present,tú,şimdi
5421,1418,demostra,present,él/ella,şimdi
5422,1418,demostramos,present,nosotros,şimdi
5423,1418,demostráis,present,vosotros,şimdi
5424,1418,demostran,present,ellos,şimdi
5425,1418,demostré,past,yo,di
5426,1418,demostraste,past,tú,di
5427,1418,demostró,past,él/ella,di
5428,1418,demostramos,past,nosotros,di
5429,1418,demostrasteis,past,vosotros,di
5430,1418,demostraron,past,ellos,di
5431,1418,demostraré,future,yo,gelecek
5432,1418,demostrarás,future,tú,gelecek
5433,1418,demostrará,future,él/ella,gelecek
5434,1418,demostraremos,future,nosotros,gelecek
5435,1418,demostraréis,future,vosotros,gelecek
5436,1418,demostrarán,future,ellos,gelecek
5437,1419,indico,present,yo,şimdi
5438,1419,indicas,present,tú,şimdi
5439,1419,indica,present,él/ella,şimdi
5440,1419,indicamos,present,nosotros,şimdi
5441,1419,indicáis,present,vosotros,şimdi
5442,1419,indican,present,ellos,şimdi
5443,1419,indiqué,past,yo,di
5444,1419,indicaste,past,tú,di
5445,1419,indicó,past,él/ella,di
5446,1419,indicamos,past,nosotros,di
5447,1419,indicasteis,past,vosotros,di
5448,1419,indicaron,past,ellos,di
5449,1419,indicaré,future,yo,gelecek
5450,1419,indicarás,future,tú,gelecek
5451,1419,indicará,future,él/ella,gelecek
5452,1419,indicaremos,future,nosotros,gelecek
5453,1419,indicaréis,future,vosotros,gelecek
5454,1419,indicarán,future,ellos,gelecek
5455,1420,señalo,present,yo,şimdi
5456,1420,señalas,present,tú,şimdi
5457,1420,señala,present,él/ella,şimdi
5458,1420,señalamos,present,nosotros,şimdi
5459,1420,señaláis,present,vosotros,şimdi
5460,1420,señalan,present,ellos,şimdi
5461,1420,señalé,past,yo,di
5462,1420,señalaste,past,tú,di
5463,1420,señaló,past,él/ella,di
5464,1420,señalamos,past,nosotros,di
5465,1420,señalasteis,past,vosotros,di
5466,1420,señalaron,past,ellos,di
5467,1420,señalaré,future,yo,gelecek
5468,1420,señalarás,future,tú,gelecek
5469,1420,señalará,future,él/ella,gelecek
5470,1420,señalaremos,future,nosotros,gelecek
5471,1420,señalaréis,future,vosotros,gelecek
5472,1420,señalarán,future,ellos,gelecek
5473,1421,destaco,present,yo,şimdi
5474,1421,destacas,present,tú,şimdi
5475,1421,destaca,present,él/ella,şimdi
5476,1421,destacamos,present,nosotros,şimdi
5477,1421,destacáis,present,vosotros,şimdi
5478,1421,destacan,present,ellos,şimdi
5479,1421,destaqué,past,yo,di
5480,1421,destacaste,past,tú,di
5481,1421,destacó,past,él/ella,di
5482,1421,destacamos,past,nosotros,di
5483,1421,destacasteis,past,vosotros,di
5484,1421,destacaron,past,ellos,di
5485,1421,destacaré,future,yo,gelecek
5486,1421,destacarás,future,tú,gelecek
5487,1421,destacará,future,él/ella,gelecek
5488,1421,destacaremos,future,nosotros,gelecek
5489,1421,destacaréis,future,vosotros,gelecek
5490,1421,destacarán,future,ellos,gelecek
5491,1422,supono,present,yo,şimdi
5492,1422,supones,present,tú,şimdi
5493,1422,supone,present,él/ella,şimdi
5494,1422,suponemos,present,nosotros,şimdi
5495,1422,suponéis,present,vosotros,şimdi
5496,1422,suponen,present,ellos,şimdi
5497,1422,suponí,past,yo,di
5498,1422,suponiste,past,tú,di
5499,1422,suponió,past,él/ella,di
5500,1422,suponimos,past,nosotros,di
5501,1422,suponisteis,past,vosotros,di
5502,1422,suponieron,past,ellos,di
5503,1422,suponeré,future,yo,gelecek
5504,1422,suponerás,future,tú,gelecek
5505,1422,suponerá,future,él/ella,gelecek
5506,1422,suponeremos,future,nosotros,gelecek
5507,1422,suponeréis,future,vosotros,gelecek
5508,1422,suponerán,future,ellos,gelecek
5509,1423,significo,present,yo,şimdi
5510,1423,significas,present,tú,şimdi
5511,1423,significa,present,él/ella,şimdi
5512,1423,significamos,present,nosotros,şimdi
5513,1423,significáis,present,vosotros,şimdi
5514,1423,significan,present,ellos,şimdi
5515,1423,signifiqué,past,yo,di
5516,1423,significaste,past,tú,di
5517,1423,significó,past,él/ella,di
5518,1423,significamos,past,nosotros,di
5519,1423,significasteis,past,vosotros,di
5520,1423,significaron,past,ellos,di
5521,1423,significaré,future,yo,gelecek
5522,1423,significarás,future,tú,gelecek
5523,1423,significará,future,él/ella,gelecek
5524,1423,significaremos,future,nosotros,gelecek
5525,1423,significaréis,future,vosotros,gelecek
5526,1423,significarán,future,ellos,gelecek
5527,1424,considero,present,yo,şimdi
5528,1424,consideras,present,tú,şimdi
5529,1424,considera,present,él/ella,şimdi
5530,1424,consideramos,present,nosotros,şimdi
5531,1424,consideráis,present,vosotros,şimdi
5532,1424,consideran,present,ellos,şimdi
5533,1424,consideré,past,yo,di
5534,1424,consideraste,past,tú,di
5535,1424,consideró,past,él/ella,di
5536,1424,consideramos,past,nosotros,di
5537,1424,considerasteis,past,vosotros,di
5538,1424,consideraron,past,ellos,di
5539,1424,consideraré,future,yo,gelecek
5540,1424,considerarás,future,tú,gelecek
5541,1424,considerará,future,él/ella,gelecek
5542,1424,consideraremos,future,nosotros,gelecek
5543,1424,consideraréis,future,vosotros,gelecek
5544,1424,considerarán,future,ellos,gelecek
5545,1425,reconoco,present,yo,şimdi
5546,1425,reconoces,present,tú,şimdi
5547,1425,reconoce,present,él/ella,şimdi
5548,1425,reconocemos,present,nosotros,şimdi
5549,1425,reconocéis,present,vosotros,şimdi
5550,1425,reconocen,present,ellos,şimdi
5551,1425,reconocí,past,yo,di
5552,1425,reconociste,past,tú,di
5553,1425,reconoció,past,él/ella,di
5554,1425,reconocimos,past,nosotros,di
5555,1425,reconocisteis,past,vosotros,di
5556,1425,reconocieron,past,ellos,di
5557,1425,reconoceré,future,yo,gelecek
5558,1425,reconocerás,future,tú,gelecek
5559,1425,reconocerá,future,él/ella,gelecek
5560,1425,reconoceremos,future,nosotros,gelecek
5561,1425,reconoceréis,future,vosotros,gelecek
5562,1425,reconocerán,future,ellos,gelecek
5563,1426,comento,present,yo,şimdi
5564,1426,comentas,present,tú,şimdi
5565,1426,comenta,present,él/ella,şimdi
5566,1426,comentamos,present,nosotros,şimdi
5567,1426,comentáis,present,vosotros,şimdi
5568,1426,comentan,present,ellos,şimdi
5569,1426,comenté,past,yo,di
5570,1426,comentaste,past,tú,di
5571,1426,comentó,past,él/ella,di
5572,1426,comentamos,past,nosotros,di
5573,1426,comentasteis,past,vosotros,di
5574,1426,comentaron,past,ellos,di
5575,1426,comentaré,future,yo,gelecek
5576,1426,comentarás,future,tú,gelecek
5577,1426,comentará,future,él/ella,gelecek
5578,1426,comentaremos,future,nosotros,gelecek
5579,1426,comentaréis,future,vosotros,gelecek
5580,1426,comentarán,future,ellos,gelecek
5581,1465,abordo,present,yo,şimdi
5582,1465,abordas,present,tú,şimdi
5583,1465,aborda,present,él/ella,şimdi
5584,1465,abordamos,present,nosotros,şimdi
5585,1465,abordáis,present,vosotros,şimdi
5586,1465,abordan,present,ellos,şimdi
5587,1465,abordé,past,yo,di
5588,1465,abordaste,past,tú,di
5589,1465,abordó,past,él/ella,di
5590,1465,abordamos,past,nosotros,di
5591,1465,abordasteis,past,vosotros,di
5592,1465,abordaron,past,ellos,di
5593,1465,abordaré,future,yo,gelecek
5594,1465,abordarás,future,tú,gelecek
5595,1465,abordará,future,él/ella,gelecek
5596,1465,abordaremos,future,nosotros,gelecek
5597,1465,abordaréis,future,vosotros,gelecek
5598,1465,abordarán,future,ellos,gelecek
5599,1466,fomento,present,yo,şimdi
5600,1466,fomentas,present,tú,şimdi
5601,1466,fomenta,present,él/ella,şimdi
5602,1466,fomentamos,present,nosotros,şimdi
5603,1466,fomentáis,present,vosotros,şimdi
5604,1466,fomentan,present,ellos,şimdi
5605,1466,fomenté,past,yo,di
5606,1466,fomentaste,past,tú,di
5607,1466,fomentó,past,él/ella,di
5608,1466,fomentamos,past,nosotros,di
5609,1466,fomentasteis,past,vosotros,di
5610,1466,fomentaron,past,ellos,di
5611,1466,fomentaré,future,yo,gelecek
5612,1466,fomentarás,future,tú,gelecek
5613,1466,fomentará,future,él/ella,gelecek
5614,1466,fomentaremos,future,nosotros,gelecek
5615,1466,fomentaréis,future,vosotros,gelecek
5616,1466,fomentarán,future,ellos,gelecek
5617,1467,impulso,present,yo,şimdi
5618,1467,impulsas,present,tú,şimdi
5619,1467,impulsa,present,él/ella,şimdi
5620,1467,impulsamos,present,nosotros,şimdi
5621,1467,impulsáis,present,vosotros,şimdi
5622,1467,impulsan,present,ellos,şimdi
5623,1467,impulsé,past,yo,di
5624,1467,impulsaste,past,tú,di
5625,1467,impulsó,past,él/ella,di
5626,1467,impulsamos,past,nosotros,di
5627,1467,impulsasteis,past,vosotros,di
5628,1467,impulsaron,past,ellos,di
5629,1467,impulsaré,future,yo,gelecek
5630,1467,impulsarás,future,tú,gelecek
5631,1467,impulsará,future,él/ella,gelecek
5632,1467,impulsaremos,future,nosotros,gelecek
5633,1467,impulsaréis,future,vosotros,gelecek
5634,1467,impulsarán,future,ellos,gelecek
5635,1468,garantizo,present,yo,şimdi
5636,1468,garantizas,present,tú,şimdi
5637,1468,garantiza,present,él/ella,şimdi
5638,1468,garantizamos,present,nosotros,şimdi
5639,1468,garantizáis,present,vosotros,şimdi
5640,1468,garantizan,present,ellos,şimdi
5641,1468,garanticé,past,yo,di
5642,1468,garantizaste,past,tú,di
5643,1468,garantizó,past,él/ella,di
5644,1468,garantizamos,past,nosotros,di
5645,1468,garantizasteis,past,vosotros,di
5646,1468,garantizaron,past,ellos,di
5647,1468,garantizaré,future,yo,gelecek
5648,1468,garantizarás,future,tú,gelecek
5649,1468,garantizará,future,él/ella,gelecek
5650,1468,garantizaremos,future,nosotros,gelecek
5651,1468,garantizaréis,future,vosotros,gelecek
5652,1468,garantizarán,future,ellos,gelecek
5653,1469,cuestiono,present,yo,şimdi
5654,1469,cuestionas,present,tú,şimdi
5655,1469,cuestiona,present,él/ella,şimdi
5656,1469,cuestionamos,present,nosotros,şimdi
5657,1469,cuestionáis,present,vosotros,şimdi
5658,1469,cuestionan,present,ellos,şimdi
5659,1469,cuestioné,past,yo,di
5660,1469,cuestionaste,past,tú,di
5661,1469,cuestionó,past,él/ella,di
5662,1469,cuestionamos,past,nosotros,di
5663,1469,cuestionasteis,past,vosotros,di
5664,1469,cuestionaron,past,ellos,di
5665,1469,cuestionaré,future,yo,gelecek
5666,1469,cuestionarás,future,tú,gelecek
5667,1469,cuestionará,future,él/ella,gelecek
5668,1469,cuestionaremos,future,nosotros,gelecek
5669,1469,cuestionaréis,future,vosotros,gelecek
5670,1469,cuestionarán,future,ellos,gelecek
5671,1470,reivindico,present,yo,şimdi
5672,1470,reivindicas,present,tú,şimdi
5673,1470,reivindica,present,él/ella,şimdi
5674,1470,reivindicamos,present,nosotros,şimdi
5675,1470,reivindicáis,present,vosotros,şimdi
5676,1470,reivindican,present,ellos,şimdi
5677,1470,reivindiqué,past,yo,di
5678,1470,reivindicaste,past,tú,di
5679,1470,reivindicó,past,él/ella,di
5680,1470,reivindicamos,past,nosotros,di
5681,1470,reivindicasteis,past,vosotros,di
5682,1470,reivindicaron,past,ellos,di
5683,1470,reivindicaré,future,yo,gelecek
5684,1470,reivindicarás,future,tú,gelecek
5685,1470,reivindicará,future,él/ella,gelecek
5686,1470,reivindicaremos,future,nosotros,gelecek
5687,1470,reivindicaréis,future,vosotros,gelecek
5688,1470,reivindicarán,future,ellos,gelecek
5689,1471,pacto,present,yo,şimdi
5690,1471,pactas,present,tú,şimdi
5691,1471,pacta,present,él/ella,şimdi
5692,1471,pactamos,present,nosotros,şimdi
5693,1471,pactáis,present,vosotros,şimdi
5694,1471,pactan,present,ellos,şimdi
5695,1471,pacté,past,yo,di
5696,1471,pactaste,past,tú,di
5697,1471,pactó,past,él/ella,di
5698,1471,pactamos,past,nosotros,di
5699,1471,pactasteis,past,vosotros,di
5700,1471,pactaron,past,ellos,di
5701,1471,pactaré,future,yo,gelecek
5702,1471,pactarás,future,tú,gelecek
5703,1471,pactará,future,él/ella,gelecek
5704,1471,pactaremos,future,nosotros,gelecek
5705,1471,pactaréis,future,vosotros,gelecek
5706,1471,pactarán,future,ellos,gelecek
5707,1472,relativizo,present,yo,şimdi
5708,1472,relativizas,present,tú,şimdi
5709,1472,relativiza,present,él/ella,şimdi
5710,1472,relativizamos,present,nosotros,şimdi
5711,1472,relativizáis,present,vosotros,şimdi
5712,1472,relativizan,present,ellos,şimdi
5713,1472,relativicé,past,yo,di
5714,1472,relativizaste,past,tú,di
5715,1472,relativizó,past,él/ella,di
5716,1472,relativizamos,past,nosotros,di
5717,1472,relativizasteis,past,vosotros,di
5718,1472,relativizaron,past,ellos,di
5719,1472,relativizaré,future,yo,gelecek
5720,1472,relativizarás,future,tú,gelecek
5721,1472,relativizará,future,él/ella,gelecek
5722,1472,relativizaremos,future,nosotros,gelecek
5723,1472,relativizaréis,future,vosotros,gelecek
5724,1472,relativizarán,future,ellos,gelecek
5725,1473,profundizo,present,yo,şimdi
5726,1473,profundizas,present,tú,şimdi
5727,1473,profundiza,present,él/ella,şimdi
5728,1473,profundizamos,present,nosotros,şimdi
5729,1473,profundizáis,present,vosotros,şimdi
5730,1473,profundizan,present,ellos,şimdi
5731,1473,profundicé,past,yo,di
5732,1473,profundizaste,past,tú,di
5733,1473,profundizó,past,él/ella,di
5734,1473,profundizamos,past,nosotros,di
5735,1473,profundizasteis,past,vosotros,di
5736,1473,profundizaron,past,ellos,di
5737,1473,profundizaré,future,yo,gelecek
5738,1473,profundizarás,future,tú,gelecek
5739,1473,profundizará,future,él/ella,gelecek
5740,1473,profundizaremos,future,nosotros,gelecek
5741,1473,profundizaréis,future,vosotros,gelecek
5742,1473,profundizarán,future,ellos,gelecek
5743,1474,amplio,present,yo,şimdi
5744,1474,amplias,present,tú,şimdi
5745,1474,amplia,present,él/ella,şimdi
5746,1474,ampliamos,present,nosotros,şimdi
5747,1474,ampliáis,present,vosotros,şimdi
5748,1474,amplian,present,ellos,şimdi
5749,1474,amplié,past,yo,di
5750,1474,ampliaste,past,tú,di
5751,1474,amplió,past,él/ella,di
5752,1474,ampliamos,past,nosotros,di
5753,1474,ampliasteis,past,vosotros,di
5754,1474,ampliaron,past,ellos,di
5755,1474,ampliaré,future,yo,gelecek
5756,1474,ampliarás,future,tú,gelecek
5757,1474,ampliará,future,él/ella,gelecek
5758,1474,ampliaremos,future,nosotros,gelecek
5759,1474,ampliaréis,future,vosotros,gelecek
5760,1474,ampliarán,future,ellos,gelecek
5761,1475,restringo,present,yo,şimdi
5762,1475,restringes,present,tú,şimdi
5763,1475,restringe,present,él/ella,şimdi
5764,1475,restringimos,present,nosotros,şimdi
5765,1475,restringís,present,vosotros,şimdi
5766,1475,restringen,present,ellos,şimdi
5767,1475,restringí,past,yo,di
5768,1475,restringiste,past,tú,di
5769,1475,restringió,past,él/ella,di
5770,1475,restringimos,past,nosotros,di
5771,1475,restringisteis,past,vosotros,di
5772,1475,restringieron,past,ellos,di
5773,1475,restringiré,future,yo,gelecek
5774,1475,restringirás,future,tú,gelecek
5775,1475,restringirá,future,él/ella,gelecek
5776,1475,restringiremos,future,nosotros,gelecek
5777,1475,restringiréis,future,vosotros,gelecek
5778,1475,restringirán,future,ellos,gelecek
5779,1508,he,present,yo,şimdi
5780,1508,has,present,tú,şimdi
5781,1508,ha,present,él/ella,şimdi
5782,1508,hemos,present,nosotros,şimdi
5783,1508,habéis,present,vosotros,şimdi
5784,1508,han,present,ellos,şimdi
5785,1508,hube,past,yo,di
5786,1508,hubiste,past,tú,di
5787,1508,hubo,past,él/ella,di
5788,1508,hubimos,past,nosotros,di
5789,1508,hubisteis,past,vosotros,di
5790,1508,hubieron,past,ellos,di
5791,1508,habré,future,yo,gelecek
5792,1508,habrás,future,tú,gelecek
5793,1508,habrá,future,él/ella,gelecek
5794,1508,habremos,future,nosotros,gelecek
5795,1508,habréis,future,vosotros,gelecek
5796,1508,habrán,future,ellos,gelecek
5797,1534,trato,present,yo,şimdi
5798,1534,tratas,present,tú,şimdi
5799,1534,trata,present,él/ella,şimdi
5800,1534,tratamos,present,nosotros,şimdi
5801,1534,tratáis,present,vosotros,şimdi
5802,1534,tratan,present,ellos,şimdi
5803,1534,traté,past,yo,di
5804,1534,trataste,past,tú,di
5805,1534,trató,past,él/ella,di
5806,1534,tratamos,past,nosotros,di
5807,1534,tratasteis,past,vosotros,di
5808,1534,trataron,past,ellos,di
5809,1534,trataré,future,yo,gelecek
5810,1534,tratarás,future,tú,gelecek
5811,1534,tratará,future,él/ella,gelecek
5812,1534,trataremos,future,nosotros,gelecek
5813,1534,trataréis,future,vosotros,gelecek
5814,1534,tratarán,future,ellos,gelecek
5815,1542,realizo,present,yo,şimdi
5816,1542,realizas,present,tú,şimdi
5817,1542,realiza,present,él/ella,şimdi
5818,1542,realizamos,present,nosotros,şimdi
5819,1542,realizáis,present,vosotros,şimdi
5820,1542,realizan,present,ellos,şimdi
5821,1542,realicé,past,yo,di
5822,1542,realizaste,past,tú,di
5823,1542,realizó,past,él/ella,di
5824,1542,realizamos,past,nosotros,di
5825,1542,realizasteis,past,vosotros,di
5826,1542,realizaron,past,ellos,di
5827,1542,realizaré,future,yo,gelecek
5828,1542,realizarás,future,tú,gelecek
5829,1542,realizará,future,él/ella,gelecek
5830,1542,realizaremos,future,nosotros,gelecek
5831,1542,realizaréis,future,vosotros,gelecek
5832,1542,realizarán,future,ellos,gelecek
5833,1546,produczco,present,yo,şimdi
5834,1546,produces,present,tú,şimdi
5835,1546,produce,present,él/ella,şimdi
5836,1546,producimos,present,nosotros,şimdi
5837,1546,producís,present,vosotros,şimdi
5838,1546,producen,present,ellos,şimdi
5839,1546,produje,past,yo,di
5840,1546,produjiste,past,tú,di
5841,1546,produjo,past,él/ella,di
5842,1546,produjimos,past,nosotros,di
5843,1546,produjisteis,past,vosotros,di
5844,1546,produjeron,past,ellos,di
5845,1546,produciré,future,yo,gelecek
5846,1546,producirás,future,tú,gelecek
5847,1546,producirá,future,él/ella,gelecek
5848,1546,produciremos,future,nosotros,gelecek
5849,1546,produciréis,future,vosotros,gelecek
5850,1546,producirán,future,ellos,gelecek
5851,1548,creo,present,yo,şimdi
5852,1548,creas,present,tú,şimdi
5853,1548,crea,present,él/ella,şimdi
5854,1548,creamos,present,nosotros,şimdi
5855,1548,creáis,present,vosotros,şimdi
5856,1548,crean,present,ellos,şimdi
5857,1548,creé,past,yo,di
5858,1548,creaste,past,tú,di
5859,1548,creó,past,él/ella,di
5860,1548,creamos,past,nosotros,di
5861,1548,creasteis,past,vosotros,di
5862,1548,crearon,past,ellos,di
5863,1548,crearé,future,yo,gelecek
5864,1548,crearás,future,tú,gelecek
5865,1548,creará,future,él/ella,gelecek
5866,1548,crearemos,future,nosotros,gelecek
5867,1548,crearéis,future,vosotros,gelecek
5868,1548,crearán,future,ellos,gelecek
5869,1567,comienzo,present,yo,şimdi
5870,1567,comienzas,present,tú,şimdi
5871,1567,comienza,present,él/ella,şimdi
5872,1567,comenzamos,present,nosotros,şimdi
5873,1567,comenzáis,present,vosotros,şimdi
5874,1567,comienzan,present,ellos,şimdi
5875,1567,comencé,past,yo,di
5876,1567,comenzaste,past,tú,di
5877,1567,comenzó,past,él/ella,di
5878,1567,comenzamos,past,nosotros,di
5879,1567,comenzasteis,past,vosotros,di
5880,1567,comenzaron,past,ellos,di
5881,1567,comenzaré,future,yo,gelecek
5882,1567,comenzarás,future,tú,gelecek
5883,1567,comenzará,future,él/ella,gelecek
5884,1567,comenzaremos,future,nosotros,gelecek
5885,1567,comenzaréis,future,vosotros,gelecek
5886,1567,comenzarán,future,ellos,gelecek
5887,1571,apareczco,present,yo,şimdi
5888,1571,apareces,present,tú,şimdi
5889,1571,aparece,present,él/ella,şimdi
5890,1571,aparecemos,present,nosotros,şimdi
5891,1571,aparecéis,present,vosotros,şimdi
5892,1571,aparecen,present,ellos,şimdi
5893,1571,aparecí,past,yo,di
5894,1571,apareciste,past,tú,di
5895,1571,apareció,past,él/ella,di
5896,1571,aparecimos,past,nosotros,di
5897,1571,aparecisteis,past,vosotros,di
5898,1571,aparecieron,past,ellos,di
5899,1571,apareceré,future,yo,gelecek
5900,1571,aparecerás,future,tú,gelecek
5901,1571,aparecerá,future,él/ella,gelecek
5902,1571,apareceremos,future,nosotros,gelecek
5903,1571,apareceréis,future,vosotros,gelecek
5904,1571,aparecerán,future,ellos,gelecek
5905,1572,convierto,present,yo,şimdi
5906,1572,conviertes,present,tú,şimdi
5907,1572,convierte,present,él/ella,şimdi
5908,1572,convertimos,present,nosotros,şimdi
5909,1572,convertís,present,vosotros,şimdi
5910,1572,convierten,present,ellos,şimdi
5911,1572,convertí,past,yo,di
5912,1572,convertiste,past,tú,di
5913,1572,convertió,past,él/ella,di
5914,1572,convertimos,past,nosotros,di
5915,1572,convertisteis,past,vosotros,di
5916,1572,convertieron,past,ellos,di
5917,1572,convertiré,future,yo,gelecek
5918,1572,convertirás,future,tú,gelecek
5919,1572,convertirá,future,él/ella,gelecek
5920,1572,convertiremos,future,nosotros,gelecek
5921,1572,convertiréis,future,vosotros,gelecek
5922,1572,convertirán,future,ellos,gelecek
5923,1576,utilizo,present,yo,şimdi
5924,1576,utilizas,present,tú,şimdi
5925,1576,utiliza,present,él/ella,şimdi
5926,1576,utilizamos,present,nosotros,şimdi
5927,1576,utilizáis,present,vosotros,şimdi
5928,1576,utilizan,present,ellos,şimdi
5929,1576,utilicé,past,yo,di
5930,1576,utilizaste,past,tú,di
5931,1576,utilizó,past,él/ella,di
5932,1576,utilizamos,past,nosotros,di
5933,1576,utilizasteis,past,vosotros,di
5934,1576,utilizaron,past,ellos,di
5935,1576,utilizaré,future,yo,gelecek
5936,1576,utilizarás,future,tú,gelecek
5937,1576,utilizará,future,él/ella,gelecek
5938,1576,utilizaremos,future,nosotros,gelecek
5939,1576,utilizaréis,future,vosotros,gelecek
5940,1576,utilizarán,future,ellos,gelecek
5941,1583,acabo,present,yo,şimdi
5942,1583,acabas,present,tú,şimdi
5943,1583,acaba,present,él/ella,şimdi
5944,1583,acabamos,present,nosotros,şimdi
5945,1583,acabáis,present,vosotros,şimdi
5946,1583,acaban,present,ellos,şimdi
5947,1583,acabé,past,yo,di
5948,1583,acabaste,past,tú,di
5949,1583,acabó,past,él/ella,di
5950,1583,acabamos,past,nosotros,di
5951,1583,acabasteis,past,vosotros,di
5952,1583,acabaron,past,ellos,di
5953,1583,acabaré,future,yo,gelecek
5954,1583,acabarás,future,tú,gelecek
5955,1583,acabará,future,él/ella,gelecek
5956,1583,acabaremos,future,nosotros,gelecek
5957,1583,acabaréis,future,vosotros,gelecek
5958,1583,acabarán,future,ellos,gelecek
5959,1585,muestro,present,yo,şimdi
5960,1585,muestras,present,tú,şimdi
5961,1585,muestra,present,él/ella,şimdi
5962,1585,mostramos,present,nosotros,şimdi
5963,1585,mostráis,present,vosotros,şimdi
5964,1585,muestran,present,ellos,şimdi
5965,1585,mostré,past,yo,di
5966,1585,mostraste,past,tú,di
5967,1585,mostró,past,él/ella,di
5968,1585,mostramos,past,nosotros,di
5969,1585,mostrasteis,past,vosotros,di
5970,1585,mostraron,past,ellos,di
5971,1585,mostraré,future,yo,gelecek
5972,1585,mostrarás,future,tú,gelecek
5973,1585,mostrará,future,él/ella,gelecek
5974,1585,mostraremos,future,nosotros,gelecek
5975,1585,mostraréis,future,vosotros,gelecek
5976,1585,mostrarán,future,ellos,gelecek
5977,1587,formo,present,yo,şimdi
5978,1587,formas,present,tú,şimdi
5979,1587,forma,present,él/ella,şimdi
5980,1587,formamos,present,nosotros,şimdi
5981,1587,formáis,present,vosotros,şimdi
5982,1587,forman,present,ellos,şimdi
5983,1587,formé,past,yo,di
5984,1587,formaste,past,tú,di
5985,1587,formó,past,él/ella,di
5986,1587,formamos,past,nosotros,di
5987,1587,formasteis,past,vosotros,di
5988,1587,formaron,past,ellos,di
5989,1587,formaré,future,yo,gelecek
5990,1587,formarás,future,tú,gelecek
5991,1587,formará,future,él/ella,gelecek
5992,1587,formaremos,future,nosotros,gelecek
5993,1587,formaréis,future,vosotros,gelecek
5994,1587,formarán,future,ellos,gelecek
5995,1602,estableco,present,yo,şimdi
5996,1602,estableces,present,tú,şimdi
5997,1602,establece,present,él/ella,şimdi
5998,1602,establecemos,present,nosotros,şimdi
5999,1602,establecéis,present,vosotros,şimdi
6000,1602,establecen,present,ellos,şimdi
6001,1602,establecí,past,yo,di
6002,1602,estableciste,past,tú,di
6003,1602,estableció,past,él/ella,di
6004,1602,establecimos,past,nosotros,di
6005,1602,establecisteis,past,vosotros,di
6006,1602,establecieron,past,ellos,di
6007,1602,estableceré,future,yo,gelecek
6008,1602,establecerás,future,tú,gelecek
6009,1602,establecerá,future,él/ella,gelecek
6010,1602,estableceremos,future,nosotros,gelecek
6011,1602,estableceréis,future,vosotros,gelecek
6012,1602,establecerán,future,ellos,gelecek
6013,1609,obteno,present,yo,şimdi
6014,1609,obtenes,present,tú,şimdi
6015,1609,obtene,present,él/ella,şimdi
6016,1609,obtenemos,present,nosotros,şimdi
6017,1609,obtenéis,present,vosotros,şimdi
6018,1609,obtenen,present,ellos,şimdi
6019,1609,obtení,past,yo,di
6020,1609,obteniste,past,tú,di
6021,1609,obtenió,past,él/ella,di
6022,1609,obtenimos,past,nosotros,di
6023,1609,obtenisteis,past,vosotros,di
6024,1609,obtenieron,past,ellos,di
6025,1609,obteneré,future,yo,gelecek
6026,1609,obtenerás,future,tú,gelecek
6027,1609,obtenerá,future,él/ella,gelecek
6028,1609,obteneremos,future,nosotros,gelecek
6029,1609,obteneréis,future,vosotros,gelecek
6030,1609,obtenerán,future,ellos,gelecek
6031,1612,alcanzo,present,yo,şimdi
6032,1612,alcanzas,present,tú,şimdi
6033,1612,alcanza,present,él/ella,şimdi
6034,1612,alcanzamos,present,nosotros,şimdi
6035,1612,alcanzáis,present,vosotros,şimdi
6036,1612,alcanzan,present,ellos,şimdi
6037,1612,alcancé,past,yo,di
6038,1612,alcanzaste,past,tú,di
6039,1612,alcanzó,past,él/ella,di
6040,1612,alcanzamos,past,nosotros,di
6041,1612,alcanzasteis,past,vosotros,di
6042,1612,alcanzaron,past,ellos,di
6043,1612,alcanzaré,future,yo,gelecek
6044,1612,alcanzarás,future,tú,gelecek
6045,1612,alcanzará,future,él/ella,gelecek
6046,1612,alcanzaremos,future,nosotros,gelecek
6047,1612,alcanzaréis,future,vosotros,gelecek
6048,1612,alcanzarán,future,ellos,gelecek
6049,1613,caigo,present,yo,şimdi
6050,1613,caes,present,tú,şimdi
6051,1613,cae,present,él/ella,şimdi
6052,1613,caemos,present,nosotros,şimdi
6053,1613,caéis,present,vosotros,şimdi
6054,1613,caen,present,ellos,şimdi
6055,1613,caí,past,yo,di
6056,1613,caíste,past,tú,di
6057,1613,cayó,past,él/ella,di
6058,1613,caímos,past,nosotros,di
6059,1613,caísteis,past,vosotros,di
6060,1613,cayeron,past,ellos,di
6061,1613,caeré,future,yo,gelecek
6062,1613,caerás,future,tú,gelecek
6063,1613,caerá,future,él/ella,gelecek
6064,1613,caeremos,future,nosotros,gelecek
6065,1613,caeréis,future,vosotros,gelecek
6066,1613,caerán,future,ellos,gelecek
6067,1624,oigo,present,yo,şimdi
6068,1624,oyes,present,tú,şimdi
6069,1624,oye,present,él/ella,şimdi
6070,1624,oímos,present,nosotros,şimdi
6071,1624,oís,present,vosotros,şimdi
6072,1624,oyen,present,ellos,şimdi
6073,1624,oí,past,yo,di
6074,1624,oíste,past,tú,di
6075,1624,oyó,past,él/ella,di
6076,1624,oímos,past,nosotros,di
6077,1624,oísteis,past,vosotros,di
6078,1624,oyeron,past,ellos,di
6079,1624,oiré,future,yo,gelecek
6080,1624,oirás,future,tú,gelecek
6081,1624,oirá,future,él/ella,gelecek
6082,1624,oiremos,future,nosotros,gelecek
6083,1624,oiréis,future,vosotros,gelecek
6084,1624,oirán,future,ellos,gelecek
6085,1633,siento,present,yo,şimdi
6086,1633,sientas,present,tú,şimdi
6087,1633,sienta,present,él/ella,şimdi
6088,1633,sentamos,present,nosotros,şimdi
6089,1633,sentáis,present,vosotros,şimdi
6090,1633,sientan,present,ellos,şimdi
6091,1633,senté,past,yo,di
6092,1633,sentaste,past,tú,di
6093,1633,sentó,past,él/ella,di
6094,1633,sentamos,past,nosotros,di
6095,1633,sentasteis,past,vosotros,di
6096,1633,sentaron,past,ellos,di
6097,1633,sentaré,future,yo,gelecek
6098,1633,sentarás,future,tú,gelecek
6099,1633,sentará,future,él/ella,gelecek
6100,1633,sentaremos,future,nosotros,gelecek
6101,1633,sentaréis,future,vosotros,gelecek
6102,1633,sentarán,future,ellos,gelecek
6103,1634,constituo,present,yo,şimdi
6104,1634,constitues,present,tú,şimdi
6105,1634,constitue,present,él/ella,şimdi
6106,1634,constituimos,present,nosotros,şimdi
6107,1634,constituís,present,vosotros,şimdi
6108,1634,constituen,present,ellos,şimdi
6109,1634,constituí,past,yo,di
6110,1634,constituiste,past,tú,di
6111,1634,constituió,past,él/ella,di
6112,1634,constituimos,past,nosotros,di
6113,1634,constituisteis,past,vosotros,di
6114,1634,constituieron,past,ellos,di
6115,1634,constituiré,future,yo,gelecek
6116,1634,constituirás,future,tú,gelecek
6117,1634,constituirá,future,él/ella,gelecek
6118,1634,constituiremos,future,nosotros,gelecek
6119,1634,constituiréis,future,vosotros,gelecek
6120,1634,constituirán,future,ellos,gelecek
6121,1635,refero,present,yo,şimdi
6122,1635,referes,present,tú,şimdi
6123,1635,refere,present,él/ella,şimdi
6124,1635,referimos,present,nosotros,şimdi
6125,1635,referís,present,vosotros,şimdi
6126,1635,referen,present,ellos,şimdi
6127,1635,referí,past,yo,di
6128,1635,referiste,past,tú,di
6129,1635,referió,past,él/ella,di
6130,1635,referimos,past,nosotros,di
6131,1635,referisteis,past,vosotros,di
6132,1635,referieron,past,ellos,di
6133,1635,referiré,future,yo,gelecek
6134,1635,referirás,future,tú,gelecek
6135,1635,referirá,future,él/ella,gelecek
6136,1635,referiremos,future,nosotros,gelecek
6137,1635,referiréis,future,vosotros,gelecek
6138,1635,referirán,future,ellos,gelecek
6139,1637,saco,present,yo,şimdi
6140,1637,sacas,present,tú,şimdi
6141,1637,saca,present,él/ella,şimdi
6142,1637,sacamos,present,nosotros,şimdi
6143,1637,sacáis,present,vosotros,şimdi
6144,1637,sacan,present,ellos,şimdi
6145,1637,saqué,past,yo,di
6146,1637,sacaste,past,tú,di
6147,1637,sacó,past,él/ella,di
6148,1637,sacamos,past,nosotros,di
6149,1637,sacasteis,past,vosotros,di
6150,1637,sacaron,past,ellos,di
6151,1637,sacaré,future,yo,gelecek
6152,1637,sacarás,future,tú,gelecek
6153,1637,sacará,future,él/ella,gelecek
6154,1637,sacaremos,future,nosotros,gelecek
6155,1637,sacaréis,future,vosotros,gelecek
6156,1637,sacarán,future,ellos,gelecek
6157,1642,continuo,present,yo,şimdi
6158,1642,continuas,present,tú,şimdi
6159,1642,continua,present,él/ella,şimdi
6160,1642,continuamos,present,nosotros,şimdi
6161,1642,continuáis,present,vosotros,şimdi
6162,1642,continuan,present,ellos,şimdi
6163,1642,continué,past,yo,di
6164,1642,continuaste,past,tú,di
6165,1642,continuó,past,él/ella,di
6166,1642,continuamos,past,nosotros,di
6167,1642,continuasteis,past,vosotros,di
6168,1642,continuaron,past,ellos,di
6169,1642,continuaré,future,yo,gelecek
6170,1642,continuarás,future,tú,gelecek
6171,1642,continuará,future,él/ella,gelecek
6172,1642,continuaremos,future,nosotros,gelecek
6173,1642,continuaréis,future,vosotros,gelecek
6174,1642,continuarán,future,ellos,gelecek
6175,1647,desarrollo,present,yo,şimdi
6176,1647,desarrollas,present,tú,şimdi
6177,1647,desarrolla,present,él/ella,şimdi
6178,1647,desarrollamos,present,nosotros,şimdi
6179,1647,desarrolláis,present,vosotros,şimdi
6180,1647,desarrollan,present,ellos,şimdi
6181,1647,desarrollé,past,yo,di
6182,1647,desarrollaste,past,tú,di
6183,1647,desarrolló,past,él/ella,di
6184,1647,desarrollamos,past,nosotros,di
6185,1647,desarrollasteis,past,vosotros,di
6186,1647,desarrollaron,past,ellos,di
6187,1647,desarrollaré,future,yo,gelecek
6188,1647,desarrollarás,future,tú,gelecek
6189,1647,desarrollará,future,él/ella,gelecek
6190,1647,desarrollaremos,future,nosotros,gelecek
6191,1647,desarrollaréis,future,vosotros,gelecek
6192,1647,desarrollarán,future,ellos,gelecek
6193,1653,inicio,present,yo,şimdi
6194,1653,inicias,present,tú,şimdi
6195,1653,inicia,present,él/ella,şimdi
6196,1653,iniciamos,present,nosotros,şimdi
6197,1653,iniciáis,present,vosotros,şimdi
6198,1653,inician,present,ellos,şimdi
6199,1653,inicié,past,yo,di
6200,1653,iniciaste,past,tú,di
6201,1653,inició,past,él/ella,di
6202,1653,iniciamos,past,nosotros,di
6203,1653,iniciasteis,past,vosotros,di
6204,1653,iniciaron,past,ellos,di
6205,1653,iniciaré,future,yo,gelecek
6206,1653,iniciarás,future,tú,gelecek
6207,1653,iniciará,future,él/ella,gelecek
6208,1653,iniciaremos,future,nosotros,gelecek
6209,1653,iniciaréis,future,vosotros,gelecek
6210,1653,iniciarán,future,ellos,gelecek
6211,1665,levanto,present,yo,şimdi
6212,1665,levantas,present,tú,şimdi
6213,1665,levanta,present,él/ella,şimdi
6214,1665,levantamos,present,nosotros,şimdi
6215,1665,levantáis,present,vosotros,şimdi
6216,1665,levantan,present,ellos,şimdi
6217,1665,levanté,past,yo,di
6218,1665,levantaste,past,tú,di
6219,1665,levantó,past,él/ella,di
6220,1665,levantamos,past,nosotros,di
6221,1665,levantasteis,past,vosotros,di
6222,1665,levantaron,past,ellos,di
6223,1665,levantaré,future,yo,gelecek
6224,1665,levantarás,future,tú,gelecek
6225,1665,levantará,future,él/ella,gelecek
6226,1665,levantaremos,future,nosotros,gelecek
6227,1665,levantaréis,future,vosotros,gelecek
6228,1665,levantarán,future,ellos,gelecek
6229,1675,ocupo,present,yo,şimdi
6230,1675,ocupas,present,tú,şimdi
6231,1675,ocupa,present,él/ella,şimdi
6232,1675,ocupamos,present,nosotros,şimdi
6233,1675,ocupáis,present,vosotros,şimdi
6234,1675,ocupan,present,ellos,şimdi
6235,1675,ocupé,past,yo,di
6236,1675,ocupaste,past,tú,di
6237,1675,ocupó,past,él/ella,di
6238,1675,ocupamos,past,nosotros,di
6239,1675,ocupasteis,past,vosotros,di
6240,1675,ocuparon,past,ellos,di
6241,1675,ocuparé,future,yo,gelecek
6242,1675,ocuparás,future,tú,gelecek
6243,1675,ocupará,future,él/ella,gelecek
6244,1675,ocuparemos,future,nosotros,gelecek
6245,1675,ocuparéis,future,vosotros,gelecek
6246,1675,ocuparán,future,ellos,gelecek
6247,1677,informo,present,yo,şimdi
6248,1677,informas,present,tú,şimdi
6249,1677,informa,present,él/ella,şimdi
6250,1677,informamos,present,nosotros,şimdi
6251,1677,informáis,present,vosotros,şimdi
6252,1677,informan,present,ellos,şimdi
6253,1677,informé,past,yo,di
6254,1677,informaste,past,tú,di
6255,1677,informó,past,él/ella,di
6256,1677,informamos,past,nosotros,di
6257,1677,informasteis,past,vosotros,di
6258,1677,informaron,past,ellos,di
6259,1677,informaré,future,yo,gelecek
6260,1677,informarás,future,tú,gelecek
6261,1677,informará,future,él/ella,gelecek
6262,1677,informaremos,future,nosotros,gelecek
6263,1677,informaréis,future,vosotros,gelecek
6264,1677,informarán,future,ellos,gelecek
6265,1692,comprendo,present,yo,şimdi
6266,1692,comprendes,present,tú,şimdi
6267,1692,comprende,present,él/ella,şimdi
6268,1692,comprendemos,present,nosotros,şimdi
6269,1692,comprendéis,present,vosotros,şimdi
6270,1692,comprenden,present,ellos,şimdi
6271,1692,comprendí,past,yo,di
6272,1692,comprendiste,past,tú,di
6273,1692,comprendió,past,él/ella,di
6274,1692,comprendimos,past,nosotros,di
6275,1692,comprendisteis,past,vosotros,di
6276,1692,comprendieron,past,ellos,di
6277,1692,comprenderé,future,yo,gelecek
6278,1692,comprenderás,future,tú,gelecek
6279,1692,comprenderá,future,él/ella,gelecek
6280,1692,comprenderemos,future,nosotros,gelecek
6281,1692,comprenderéis,future,vosotros,gelecek
6282,1692,comprenderán,future,ellos,gelecek
6283,1694,observo,present,yo,şimdi
6284,1694,observas,present,tú,şimdi
6285,1694,observa,present,él/ella,şimdi
6286,1694,observamos,present,nosotros,şimdi
6287,1694,observáis,present,vosotros,şimdi
6288,1694,observan,present,ellos,şimdi
6289,1694,observé,past,yo,di
6290,1694,observaste,past,tú,di
6291,1694,observó,past,él/ella,di
6292,1694,observamos,past,nosotros,di
6293,1694,observasteis,past,vosotros,di
6294,1694,observaron,past,ellos,di
6295,1694,observaré,future,yo,gelecek
6296,1694,observarás,future,tú,gelecek
6297,1694,observará,future,él/ella,gelecek
6298,1694,observaremos,future,nosotros,gelecek
6299,1694,observaréis,future,vosotros,gelecek
6300,1694,observarán,future,ellos,gelecek
6301,1695,sufro,present,yo,şimdi
6302,1695,sufres,present,tú,şimdi
6303,1695,sufre,present,él/ella,şimdi
6304,1695,sufrimos,present,nosotros,şimdi
6305,1695,sufrís,present,vosotros,şimdi
6306,1695,sufren,present,ellos,şimdi
6307,1695,sufrí,past,yo,di
6308,1695,sufriste,past,tú,di
6309,1695,sufrió,past,él/ella,di
6310,1695,sufrimos,past,nosotros,di
6311,1695,sufristeis,past,vosotros,di
6312,1695,sufrieron,past,ellos,di
6313,1695,sufriré,future,yo,gelecek
6314,1695,sufrirás,future,tú,gelecek
6315,1695,sufrirá,future,él/ella,gelecek
6316,1695,sufriremos,future,nosotros,gelecek
6317,1695,sufriréis,future,vosotros,gelecek
6318,1695,sufrirán,future,ellos,gelecek
6319,1700,dedico,present,yo,şimdi
6320,1700,dedicas,present,tú,şimdi
6321,1700,dedica,present,él/ella,şimdi
6322,1700,dedicamos,present,nosotros,şimdi
6323,1700,dedicáis,present,vosotros,şimdi
6324,1700,dedican,present,ellos,şimdi
6325,1700,dediqué,past,yo,di
6326,1700,dedicaste,past,tú,di
6327,1700,dedicó,past,él/ella,di
6328,1700,dedicamos,past,nosotros,di
6329,1700,dedicasteis,past,vosotros,di
6330,1700,dedicaron,past,ellos,di
6331,1700,dedicaré,future,yo,gelecek
6332,1700,dedicarás,future,tú,gelecek
6333,1700,dedicará,future,él/ella,gelecek
6334,1700,dedicaremos,future,nosotros,gelecek
6335,1700,dedicaréis,future,vosotros,gelecek
6336,1700,dedicarán,future,ellos,gelecek
6337,1702,uno,present,yo,şimdi
6338,1702,unes,present,tú,şimdi
6339,1702,une,present,él/ella,şimdi
6340,1702,unimos,present,nosotros,şimdi
6341,1702,unís,present,vosotros,şimdi
6342,1702,unen,present,ellos,şimdi
6343,1702,uní,past,yo,di
6344,1702,uniste,past,tú,di
6345,1702,unió,past,él/ella,di
6346,1702,unimos,past,nosotros,di
6347,1702,unisteis,past,vosotros,di
6348,1702,unieron,past,ellos,di
6349,1702,uniré,future,yo,gelecek
6350,1702,unirás,future,tú,gelecek
6351,1702,unirá,future,él/ella,gelecek
6352,1702,uniremos,future,nosotros,gelecek
6353,1702,uniréis,future,vosotros,gelecek
6354,1702,unirán,future,ellos,gelecek
6355,1711,anuncio,present,yo,şimdi
6356,1711,anuncias,present,tú,şimdi
6357,1711,anuncia,present,él/ella,şimdi
6358,1711,anunciamos,present,nosotros,şimdi
6359,1711,anunciáis,present,vosotros,şimdi
6360,1711,anuncian,present,ellos,şimdi
6361,1711,anuncié,past,yo,di
6362,1711,anunciaste,past,tú,di
6363,1711,anunció,past,él/ella,di
6364,1711,anunciamos,past,nosotros,di
6365,1711,anunciasteis,past,vosotros,di
6366,1711,anunciaron,past,ellos,di
6367,1711,anunciaré,future,yo,gelecek
6368,1711,anunciarás,future,tú,gelecek
6369,1711,anunciará,future,él/ella,gelecek
6370,1711,anunciaremos,future,nosotros,gelecek
6371,1711,anunciaréis,future,vosotros,gelecek
6372,1711,anunciarán,future,ellos,gelecek
6373,1722,deteno,present,yo,şimdi
6374,1722,detenes,present,tú,şimdi
6375,1722,detene,present,él/ella,şimdi
6376,1722,detenemos,present,nosotros,şimdi
6377,1722,detenéis,present,vosotros,şimdi
6378,1722,detenen,present,ellos,şimdi
6379,1722,detení,past,yo,di
6380,1722,deteniste,past,tú,di
6381,1722,detenió,past,él/ella,di
6382,1722,detenimos,past,nosotros,di
6383,1722,detenisteis,past,vosotros,di
6384,1722,detenieron,past,ellos,di
6385,1722,deteneré,future,yo,gelecek
6386,1722,detenerás,future,tú,gelecek
6387,1722,detenerá,future,él/ella,gelecek
6388,1722,deteneremos,future,nosotros,gelecek
6389,1722,deteneréis,future,vosotros,gelecek
6390,1722,detenerán,future,ellos,gelecek
6391,1723,provoco,present,yo,şimdi
6392,1723,provocas,present,tú,şimdi
6393,1723,provoca,present,él/ella,şimdi
6394,1723,provocamos,present,nosotros,şimdi
6395,1723,provocáis,present,vosotros,şimdi
6396,1723,provocan,present,ellos,şimdi
6397,1723,provoqué,past,yo,di
6398,1723,provocaste,past,tú,di
6399,1723,provocó,past,él/ella,di
6400,1723,provocamos,past,nosotros,di
6401,1723,provocasteis,past,vosotros,di
6402,1723,provocaron,past,ellos,di
6403,1723,provocaré,future,yo,gelecek
6404,1723,provocarás,future,tú,gelecek
6405,1723,provocará,future,él/ella,gelecek
6406,1723,provocaremos,future,nosotros,gelecek
6407,1723,provocaréis,future,vosotros,gelecek
6408,1723,provocarán,future,ellos,gelecek
6409,1724,manifesto,present,yo,şimdi
6410,1724,manifestas,present,tú,şimdi
6411,1724,manifesta,present,él/ella,şimdi
6412,1724,manifestamos,present,nosotros,şimdi
6413,1724,manifestáis,present,vosotros,şimdi
6414,1724,manifestan,present,ellos,şimdi
6415,1724,manifesté,past,yo,di
6416,1724,manifestaste,past,tú,di
6417,1724,manifestó,past,él/ella,di
6418,1724,manifestamos,past,nosotros,di
6419,1724,manifestasteis,past,vosotros,di
6420,1724,manifestaron,past,ellos,di
6421,1724,manifestaré,future,yo,gelecek
6422,1724,manifestarás,future,tú,gelecek
6423,1724,manifestará,future,él/ella,gelecek
6424,1724,manifestaremos,future,nosotros,gelecek
6425,1724,manifestaréis,future,vosotros,gelecek
6426,1724,manifestarán,future,ellos,gelecek
6427,1726,declaro,present,yo,şimdi
6428,1726,declaras,present,tú,şimdi
6429,1726,declara,present,él/ella,şimdi
6430,1726,declaramos,present,nosotros,şimdi
6431,1726,declaráis,present,vosotros,şimdi
6432,1726,declaran,present,ellos,şimdi
6433,1726,declaré,past,yo,di
6434,1726,declaraste,past,tú,di
6435,1726,declaró,past,él/ella,di
6436,1726,declaramos,past,nosotros,di
6437,1726,declarasteis,past,vosotros,di
6438,1726,declararon,past,ellos,di
6439,1726,declararé,future,yo,gelecek
6440,1726,declararás,future,tú,gelecek
6441,1726,declarará,future,él/ella,gelecek
6442,1726,declararemos,future,nosotros,gelecek
6443,1726,declararéis,future,vosotros,gelecek
6444,1726,declararán,future,ellos,gelecek
6445,1731,participo,present,yo,şimdi
6446,1731,participas,present,tú,şimdi
6447,1731,participa,present,él/ella,şimdi
6448,1731,participamos,present,nosotros,şimdi
6449,1731,participáis,present,vosotros,şimdi
6450,1731,participan,present,ellos,şimdi
6451,1731,participé,past,yo,di
6452,1731,participaste,past,tú,di
6453,1731,participó,past,él/ella,di
6454,1731,participamos,past,nosotros,di
6455,1731,participasteis,past,vosotros,di
6456,1731,participaron,past,ellos,di
6457,1731,participaré,future,yo,gelecek
6458,1731,participarás,future,tú,gelecek
6459,1731,participará,future,él/ella,gelecek
6460,1731,participaremos,future,nosotros,gelecek
6461,1731,participaréis,future,vosotros,gelecek
6462,1731,participarán,future,ellos,gelecek
6463,1732,expreso,present,yo,şimdi
6464,1732,expresas,present,tú,şimdi
6465,1732,expresa,present,él/ella,şimdi
6466,1732,expresamos,present,nosotros,şimdi
6467,1732,expresáis,present,vosotros,şimdi
6468,1732,expresan,present,ellos,şimdi
6469,1732,expresé,past,yo,di
6470,1732,expresaste,past,tú,di
6471,1732,expresó,past,él/ella,di
6472,1732,expresamos,past,nosotros,di
6473,1732,expresasteis,past,vosotros,di
6474,1732,expresaron,past,ellos,di
6475,1732,expresaré,future,yo,gelecek
6476,1732,expresarás,future,tú,gelecek
6477,1732,expresará,future,él/ella,gelecek
6478,1732,expresaremos,future,nosotros,gelecek
6479,1732,expresaréis,future,vosotros,gelecek
6480,1732,expresarán,future,ellos,gelecek
6481,1738,celebro,present,yo,şimdi
6482,1738,celebras,present,tú,şimdi
6483,1738,celebra,present,él/ella,şimdi
6484,1738,celebramos,present,nosotros,şimdi
6485,1738,celebráis,present,vosotros,şimdi
6486,1738,celebran,present,ellos,şimdi
6487,1738,celebré,past,yo,di
6488,1738,celebraste,past,tú,di
6489,1738,celebró,past,él/ella,di
6490,1738,celebramos,past,nosotros,di
6491,1738,celebrasteis,past,vosotros,di
6492,1738,celebraron,past,ellos,di
6493,1738,celebraré,future,yo,gelecek
6494,1738,celebrarás,future,tú,gelecek
6495,1738,celebrará,future,él/ella,gelecek
6496,1738,celebraremos,future,nosotros,gelecek
6497,1738,celebraréis,future,vosotros,gelecek
6498,1738,celebrarán,future,ellos,gelecek
6499,1742,toco,present,yo,şimdi
6500,1742,tocas,present,tú,şimdi
6501,1742,toca,present,él/ella,şimdi
6502,1742,tocamos,present,nosotros,şimdi
6503,1742,tocáis,present,vosotros,şimdi
6504,1742,tocan,present,ellos,şimdi
6505,1742,toqué,past,yo,di
6506,1742,tocaste,past,tú,di
6507,1742,tocó,past,él/ella,di
6508,1742,tocamos,past,nosotros,di
6509,1742,tocasteis,past,vosotros,di
6510,1742,tocaron,past,ellos,di
6511,1742,tocaré,future,yo,gelecek
6512,1742,tocarás,future,tú,gelecek
6513,1742,tocará,future,él/ella,gelecek
6514,1742,tocaremos,future,nosotros,gelecek
6515,1742,tocaréis,future,vosotros,gelecek
6516,1742,tocarán,future,ellos,gelecek
6517,1743,afecto,present,yo,şimdi
6518,1743,afectas,present,tú,şimdi
6519,1743,afecta,present,él/ella,şimdi
6520,1743,afectamos,present,nosotros,şimdi
6521,1743,afectáis,present,vosotros,şimdi
6522,1743,afectan,present,ellos,şimdi
6523,1743,afecté,past,yo,di
6524,1743,afectaste,past,tú,di
6525,1743,afectó,past,él/ella,di
6526,1743,afectamos,past,nosotros,di
6527,1743,afectasteis,past,vosotros,di
6528,1743,afectaron,past,ellos,di
6529,1743,afectaré,future,yo,gelecek
6530,1743,afectarás,future,tú,gelecek
6531,1743,afectará,future,él/ella,gelecek
6532,1743,afectaremos,future,nosotros,gelecek
6533,1743,afectaréis,future,vosotros,gelecek
6534,1743,afectarán,future,ellos,gelecek
6535,1752,echo,present,yo,şimdi
6536,1752,echas,present,tú,şimdi
6537,1752,echa,present,él/ella,şimdi
6538,1752,echamos,present,nosotros,şimdi
6539,1752,echáis,present,vosotros,şimdi
6540,1752,echan,present,ellos,şimdi
6541,1752,eché,past,yo,di
6542,1752,echaste,past,tú,di
6543,1752,echó,past,él/ella,di
6544,1752,echamos,past,nosotros,di
6545,1752,echasteis,past,vosotros,di
6546,1752,echaron,past,ellos,di
6547,1752,echaré,future,yo,gelecek
6548,1752,echarás,future,tú,gelecek
6549,1752,echará,future,él/ella,gelecek
6550,1752,echaremos,future,nosotros,gelecek
6551,1752,echaréis,future,vosotros,gelecek
6552,1752,echarán,future,ellos,gelecek
6553,1756,acompaño,present,yo,şimdi
6554,1756,acompañas,present,tú,şimdi
6555,1756,acompaña,present,él/ella,şimdi
6556,1756,acompañamos,present,nosotros,şimdi
6557,1756,acompañáis,present,vosotros,şimdi
6558,1756,acompañan,present,ellos,şimdi
6559,1756,acompañé,past,yo,di
6560,1756,acompañaste,past,tú,di
6561,1756,acompañó,past,él/ella,di
6562,1756,acompañamos,past,nosotros,di
6563,1756,acompañasteis,past,vosotros,di
6564,1756,acompañaron,past,ellos,di
6565,1756,acompañaré,future,yo,gelecek
6566,1756,acompañarás,future,tú,gelecek
6567,1756,acompañará,future,él/ella,gelecek
6568,1756,acompañaremos,future,nosotros,gelecek
6569,1756,acompañaréis,future,vosotros,gelecek
6570,1756,acompañarán,future,ellos,gelecek
6571,1757,preparo,present,yo,şimdi
6572,1757,preparas,present,tú,şimdi
6573,1757,prepara,present,él/ella,şimdi
6574,1757,preparamos,present,nosotros,şimdi
6575,1757,preparáis,present,vosotros,şimdi
6576,1757,preparan,present,ellos,şimdi
6577,1757,preparé,past,yo,di
6578,1757,preparaste,past,tú,di
6579,1757,preparó,past,él/ella,di
6580,1757,preparamos,past,nosotros,di
6581,1757,preparasteis,past,vosotros,di
6582,1757,prepararon,past,ellos,di
6583,1757,prepararé,future,yo,gelecek
6584,1757,prepararás,future,tú,gelecek
6585,1757,preparará,future,él/ella,gelecek
6586,1757,prepararemos,future,nosotros,gelecek
6587,1757,prepararéis,future,vosotros,gelecek
6588,1757,prepararán,future,ellos,gelecek
6589,1758,actuo,present,yo,şimdi
6590,1758,actuas,present,tú,şimdi
6591,1758,actua,present,él/ella,şimdi
6592,1758,actuamos,present,nosotros,şimdi
6593,1758,actuáis,present,vosotros,şimdi
6594,1758,actuan,present,ellos,şimdi
6595,1758,actué,past,yo,di
6596,1758,actuaste,past,tú,di
6597,1758,actuó,past,él/ella,di
6598,1758,actuamos,past,nosotros,di
6599,1758,actuasteis,past,vosotros,di
6600,1758,actuaron,past,ellos,di
6601,1758,actuaré,future,yo,gelecek
6602,1758,actuarás,future,tú,gelecek
6603,1758,actuará,future,él/ella,gelecek
6604,1758,actuaremos,future,nosotros,gelecek
6605,1758,actuaréis,future,vosotros,gelecek
6606,1758,actuarán,future,ellos,gelecek
6607,1762,abandono,present,yo,şimdi
6608,1762,abandonas,present,tú,şimdi
6609,1762,abandona,present,él/ella,şimdi
6610,1762,abandonamos,present,nosotros,şimdi
6611,1762,abandonáis,present,vosotros,şimdi
6612,1762,abandonan,present,ellos,şimdi
6613,1762,abandoné,past,yo,di
6614,1762,abandonaste,past,tú,di
6615,1762,abandonó,past,él/ella,di
6616,1762,abandonamos,past,nosotros,di
6617,1762,abandonasteis,past,vosotros,di
6618,1762,abandonaron,past,ellos,di
6619,1762,abandonaré,future,yo,gelecek
6620,1762,abandonarás,future,tú,gelecek
6621,1762,abandonará,future,él/ella,gelecek
6622,1762,abandonaremos,future,nosotros,gelecek
6623,1762,abandonaréis,future,vosotros,gelecek
6624,1762,abandonarán,future,ellos,gelecek
6625,1764,coloco,present,yo,şimdi
6626,1764,colocas,present,tú,şimdi
6627,1764,coloca,present,él/ella,şimdi
6628,1764,colocamos,present,nosotros,şimdi
6629,1764,colocáis,present,vosotros,şimdi
6630,1764,colocan,present,ellos,şimdi
6631,1764,coloqué,past,yo,di
6632,1764,colocaste,past,tú,di
6633,1764,colocó,past,él/ella,di
6634,1764,colocamos,past,nosotros,di
6635,1764,colocasteis,past,vosotros,di
6636,1764,colocaron,past,ellos,di
6637,1764,colocaré,future,yo,gelecek
6638,1764,colocarás,future,tú,gelecek
6639,1764,colocará,future,él/ella,gelecek
6640,1764,colocaremos,future,nosotros,gelecek
6641,1764,colocaréis,future,vosotros,gelecek
6642,1764,colocarán,future,ellos,gelecek
6643,1765,situo,present,yo,şimdi
6644,1765,situas,present,tú,şimdi
6645,1765,situa,present,él/ella,şimdi
6646,1765,situamos,present,nosotros,şimdi
6647,1765,situáis,present,vosotros,şimdi
6648,1765,situan,present,ellos,şimdi
6649,1765,situé,past,yo,di
6650,1765,situaste,past,tú,di
6651,1765,situó,past,él/ella,di
6652,1765,situamos,past,nosotros,di
6653,1765,situasteis,past,vosotros,di
6654,1765,situaron,past,ellos,di
6655,1765,situaré,future,yo,gelecek
6656,1765,situarás,future,tú,gelecek
6657,1765,situará,future,él/ella,gelecek
6658,1765,situaremos,future,nosotros,gelecek
6659,1765,situaréis,future,vosotros,gelecek
6660,1765,situarán,future,ellos,gelecek
6661,1766,acerco,present,yo,şimdi
6662,1766,acercas,present,tú,şimdi
6663,1766,acerca,present,él/ella,şimdi
6664,1766,acercamos,present,nosotros,şimdi
6665,1766,acercáis,present,vosotros,şimdi
6666,1766,acercan,present,ellos,şimdi
6667,1766,acerqué,past,yo,di
6668,1766,acercaste,past,tú,di
6669,1766,acercó,past,él/ella,di
6670,1766,acercamos,past,nosotros,di
6671,1766,acercasteis,past,vosotros,di
6672,1766,acercaron,past,ellos,di
6673,1766,acercaré,future,yo,gelecek
6674,1766,acercarás,future,tú,gelecek
6675,1766,acercará,future,él/ella,gelecek
6676,1766,acercaremos,future,nosotros,gelecek
6677,1766,acercaréis,future,vosotros,gelecek
6678,1766,acercarán,future,ellos,gelecek
6679,1768,pretendo,present,yo,şimdi
6680,1768,pretendes,present,tú,şimdi
6681,1768,pretende,present,él/ella,şimdi
6682,1768,pretendemos,present,nosotros,şimdi
6683,1768,pretendéis,present,vosotros,şimdi
6684,1768,pretenden,present,ellos,şimdi
6685,1768,pretendí,past,yo,di
6686,1768,pretendiste,past,tú,di
6687,1768,pretendió,past,él/ella,di
6688,1768,pretendimos,past,nosotros,di
6689,1768,pretendisteis,past,vosotros,di
6690,1768,pretendieron,past,ellos,di
6691,1768,pretenderé,future,yo,gelecek
6692,1768,pretenderás,future,tú,gelecek
6693,1768,pretenderá,future,él/ella,gelecek
6694,1768,pretenderemos,future,nosotros,gelecek
6695,1768,pretenderéis,future,vosotros,gelecek
6696,1768,pretenderán,future,ellos,gelecek
6697,1776,aplico,present,yo,şimdi
6698,1776,aplicas,present,tú,şimdi
6699,1776,aplica,present,él/ella,şimdi
6700,1776,aplicamos,present,nosotros,şimdi
6701,1776,aplicáis,present,vosotros,şimdi
6702,1776,aplican,present,ellos,şimdi
6703,1776,apliqué,past,yo,di
6704,1776,aplicaste,past,tú,di
6705,1776,aplicó,past,él/ella,di
6706,1776,aplicamos,past,nosotros,di
6707,1776,aplicasteis,past,vosotros,di
6708,1776,aplicaron,past,ellos,di
6709,1776,aplicaré,future,yo,gelecek
6710,1776,aplicarás,future,tú,gelecek
6711,1776,aplicará,future,él/ella,gelecek
6712,1776,aplicaremos,future,nosotros,gelecek
6713,1776,aplicaréis,future,vosotros,gelecek
6714,1776,aplicarán,future,ellos,gelecek
6715,1779,muevo,present,yo,şimdi
6716,1779,mueves,present,tú,şimdi
6717,1779,mueve,present,él/ella,şimdi
6718,1779,movemos,present,nosotros,şimdi
6719,1779,movéis,present,vosotros,şimdi
6720,1779,mueven,present,ellos,şimdi
6721,1779,moví,past,yo,di
6722,1779,moviste,past,tú,di
6723,1779,movió,past,él/ella,di
6724,1779,movimos,past,nosotros,di
6725,1779,movisteis,past,vosotros,di
6726,1779,movieron,past,ellos,di
6727,1779,moveré,future,yo,gelecek
6728,1779,moverás,future,tú,gelecek
6729,1779,moverá,future,él/ella,gelecek
6730,1779,moveremos,future,nosotros,gelecek
6731,1779,moveréis,future,vosotros,gelecek
6732,1779,moverán,future,ellos,gelecek
6733,1786,cubro,present,yo,şimdi
6734,1786,cubres,present,tú,şimdi
6735,1786,cubre,present,él/ella,şimdi
6736,1786,cubrimos,present,nosotros,şimdi
6737,1786,cubrís,present,vosotros,şimdi
6738,1786,cubren,present,ellos,şimdi
6739,1786,cubrí,past,yo,di
6740,1786,cubriste,past,tú,di
6741,1786,cubrió,past,él/ella,di
6742,1786,cubrimos,past,nosotros,di
6743,1786,cubristeis,past,vosotros,di
6744,1786,cubrieron,past,ellos,di
6745,1786,cubriré,future,yo,gelecek
6746,1786,cubrirás,future,tú,gelecek
6747,1786,cubrirá,future,él/ella,gelecek
6748,1786,cubriremos,future,nosotros,gelecek
6749,1786,cubriréis,future,vosotros,gelecek
6750,1786,cubrirán,future,ellos,gelecek
6751,1787,entrego,present,yo,şimdi
6752,1787,entregas,present,tú,şimdi
6753,1787,entrega,present,él/ella,şimdi
6754,1787,entregamos,present,nosotros,şimdi
6755,1787,entregáis,present,vosotros,şimdi
6756,1787,entregan,present,ellos,şimdi
6757,1787,entregué,past,yo,di
6758,1787,entregaste,past,tú,di
6759,1787,entregó,past,él/ella,di
6760,1787,entregamos,past,nosotros,di
6761,1787,entregasteis,past,vosotros,di
6762,1787,entregaron,past,ellos,di
6763,1787,entregaré,future,yo,gelecek
6764,1787,entregarás,future,tú,gelecek
6765,1787,entregará,future,él/ella,gelecek
6766,1787,entregaremos,future,nosotros,gelecek
6767,1787,entregaréis,future,vosotros,gelecek
6768,1787,entregarán,future,ellos,gelecek
6769,1789,meto,present,yo,şimdi
6770,1789,metes,present,tú,şimdi
6771,1789,mete,present,él/ella,şimdi
6772,1789,metemos,present,nosotros,şimdi
6773,1789,metéis,present,vosotros,şimdi
6774,1789,meten,present,ellos,şimdi
6775,1789,metí,past,yo,di
6776,1789,metiste,past,tú,di
6777,1789,metió,past,él/ella,di
6778,1789,metimos,past,nosotros,di
6779,1789,metisteis,past,vosotros,di
6780,1789,metieron,past,ellos,di
6781,1789,meteré,future,yo,gelecek
6782,1789,meterás,future,tú,gelecek
6783,1789,meterá,future,él/ella,gelecek
6784,1789,meteremos,future,nosotros,gelecek
6785,1789,meteréis,future,vosotros,gelecek
6786,1789,meterán,future,ellos,gelecek
6787,1794,dispono,present,yo,şimdi
6788,1794,dispones,present,tú,şimdi
6789,1794,dispone,present,él/ella,şimdi
6790,1794,disponemos,present,nosotros,şimdi
6791,1794,disponéis,present,vosotros,şimdi
6792,1794,disponen,present,ellos,şimdi
6793,1794,disponí,past,yo,di
6794,1794,disponiste,past,tú,di
6795,1794,disponió,past,él/ella,di
6796,1794,disponimos,past,nosotros,di
6797,1794,disponisteis,past,vosotros,di
6798,1794,disponieron,past,ellos,di
6799,1794,disponeré,future,yo,gelecek
6800,1794,disponerás,future,tú,gelecek
6801,1794,disponerá,future,él/ella,gelecek
6802,1794,disponeremos,future,nosotros,gelecek
6803,1794,disponeréis,future,vosotros,gelecek
6804,1794,disponerán,future,ellos,gelecek
6805,1796,reuno,present,yo,şimdi
6806,1796,reunes,present,tú,şimdi
6807,1796,reune,present,él/ella,şimdi
6808,1796,reunimos,present,nosotros,şimdi
6809,1796,reunís,present,vosotros,şimdi
6810,1796,reunen,present,ellos,şimdi
6811,1796,reuní,past,yo,di
6812,1796,reuniste,past,tú,di
6813,1796,reunió,past,él/ella,di
6814,1796,reunimos,past,nosotros,di
6815,1796,reunisteis,past,vosotros,di
6816,1796,reunieron,past,ellos,di
6817,1796,reuniré,future,yo,gelecek
6818,1796,reunirás,future,tú,gelecek
6819,1796,reunirá,future,él/ella,gelecek
6820,1796,reuniremos,future,nosotros,gelecek
6821,1796,reuniréis,future,vosotros,gelecek
6822,1796,reunirán,future,ellos,gelecek
6823,1801,apoyo,present,yo,şimdi
6824,1801,apoyas,present,tú,şimdi
6825,1801,apoya,present,él/ella,şimdi
6826,1801,apoyamos,present,nosotros,şimdi
6827,1801,apoyáis,present,vosotros,şimdi
6828,1801,apoyan,present,ellos,şimdi
6829,1801,apoyé,past,yo,di
6830,1801,apoyaste,past,tú,di
6831,1801,apoyó,past,él/ella,di
6832,1801,apoyamos,past,nosotros,di
6833,1801,apoyasteis,past,vosotros,di
6834,1801,apoyaron,past,ellos,di
6835,1801,apoyaré,future,yo,gelecek
6836,1801,apoyarás,future,tú,gelecek
6837,1801,apoyará,future,él/ella,gelecek
6838,1801,apoyaremos,future,nosotros,gelecek
6839,1801,apoyaréis,future,vosotros,gelecek
6840,1801,apoyarán,future,ellos,gelecek
6841,1802,correspondo,present,yo,şimdi
6842,1802,correspondes,present,tú,şimdi
6843,1802,corresponde,present,él/ella,şimdi
6844,1802,correspondemos,present,nosotros,şimdi
6845,1802,correspondéis,present,vosotros,şimdi
6846,1802,corresponden,present,ellos,şimdi
6847,1802,correspondí,past,yo,di
6848,1802,correspondiste,past,tú,di
6849,1802,correspondió,past,él/ella,di
6850,1802,correspondimos,past,nosotros,di
6851,1802,correspondisteis,past,vosotros,di
6852,1802,correspondieron,past,ellos,di
6853,1802,corresponderé,future,yo,gelecek
6854,1802,corresponderás,future,tú,gelecek
6855,1802,corresponderá,future,él/ella,gelecek
6856,1802,corresponderemos,future,nosotros,gelecek
6857,1802,corresponderéis,future,vosotros,gelecek
6858,1802,corresponderán,future,ellos,gelecek
6859,1809,ando,present,yo,şimdi
6860,1809,andas,present,tú,şimdi
6861,1809,anda,present,él/ella,şimdi
6862,1809,andamos,present,nosotros,şimdi
6863,1809,andáis,present,vosotros,şimdi
6864,1809,andan,present,ellos,şimdi
6865,1809,anduve,past,yo,di
6866,1809,anduviste,past,tú,di
6867,1809,anduvo,past,él/ella,di
6868,1809,anduvimos,past,nosotros,di
6869,1809,anduvisteis,past,vosotros,di
6870,1809,anduvieron,past,ellos,di
6871,1809,andaré,future,yo,gelecek
6872,1809,andarás,future,tú,gelecek
6873,1809,andará,future,él/ella,gelecek
6874,1809,andaremos,future,nosotros,gelecek
6875,1809,andaréis,future,vosotros,gelecek
6876,1809,andarán,future,ellos,gelecek
6877,1815,cito,present,yo,şimdi
6878,1815,citas,present,tú,şimdi
6879,1815,cita,present,él/ella,şimdi
6880,1815,citamos,present,nosotros,şimdi
6881,1815,citáis,present,vosotros,şimdi
6882,1815,citan,present,ellos,şimdi
6883,1815,cité,past,yo,di
6884,1815,citaste,past,tú,di
6885,1815,citó,past,él/ella,di
6886,1815,citamos,past,nosotros,di
6887,1815,citasteis,past,vosotros,di
6888,1815,citaron,past,ellos,di
6889,1815,citaré,future,yo,gelecek
6890,1815,citarás,future,tú,gelecek
6891,1815,citará,future,él/ella,gelecek
6892,1815,citaremos,future,nosotros,gelecek
6893,1815,citaréis,future,vosotros,gelecek
6894,1815,citarán,future,ellos,gelecek
6895,1820,falto,present,yo,şimdi
6896,1820,faltas,present,tú,şimdi
6897,1820,falta,present,él/ella,şimdi
6898,1820,faltamos,present,nosotros,şimdi
6899,1820,faltáis,present,vosotros,şimdi
6900,1820,faltan,present,ellos,şimdi
6901,1820,falté,past,yo,di
6902,1820,faltaste,past,tú,di
6903,1820,faltó,past,él/ella,di
6904,1820,faltamos,past,nosotros,di
6905,1820,faltasteis,past,vosotros,di
6906,1820,faltaron,past,ellos,di
6907,1820,faltaré,future,yo,gelecek
6908,1820,faltarás,future,tú,gelecek
6909,1820,faltará,future,él/ella,gelecek
6910,1820,faltaremos,future,nosotros,gelecek
6911,1820,faltaréis,future,vosotros,gelecek
6912,1820,faltarán,future,ellos,gelecek
6913,1823,defino,present,yo,şimdi
6914,1823,defines,present,tú,şimdi
6915,1823,define,present,él/ella,şimdi
6916,1823,definimos,present,nosotros,şimdi
6917,1823,definís,present,vosotros,şimdi
6918,1823,definen,present,ellos,şimdi
6919,1823,definí,past,yo,di
6920,1823,definiste,past,tú,di
6921,1823,definió,past,él/ella,di
6922,1823,definimos,past,nosotros,di
6923,1823,definisteis,past,vosotros,di
6924,1823,definieron,past,ellos,di
6925,1823,definiré,future,yo,gelecek
6926,1823,definirás,future,tú,gelecek
6927,1823,definirá,future,él/ella,gelecek
6928,1823,definiremos,future,nosotros,gelecek
6929,1823,definiréis,future,vosotros,gelecek
6930,1823,definirán,future,ellos,gelecek
6931,1824,permaneco,present,yo,şimdi
6932,1824,permaneces,present,tú,şimdi
6933,1824,permanece,present,él/ella,şimdi
6934,1824,permanecemos,present,nosotros,şimdi
6935,1824,permanecéis,present,vosotros,şimdi
6936,1824,permanecen,present,ellos,şimdi
6937,1824,permanecí,past,yo,di
6938,1824,permaneciste,past,tú,di
6939,1824,permaneció,past,él/ella,di
6940,1824,permanecimos,past,nosotros,di
6941,1824,permanecisteis,past,vosotros,di
6942,1824,permanecieron,past,ellos,di
6943,1824,permaneceré,future,yo,gelecek
6944,1824,permanecerás,future,tú,gelecek
6945,1824,permanecerá,future,él/ella,gelecek
6946,1824,permaneceremos,future,nosotros,gelecek
6947,1824,permaneceréis,future,vosotros,gelecek
6948,1824,permanecerán,future,ellos,gelecek
6949,1825,construo,present,yo,şimdi
6950,1825,construes,present,tú,şimdi
6951,1825,construe,present,él/ella,şimdi
6952,1825,construimos,present,nosotros,şimdi
6953,1825,construís,present,vosotros,şimdi
6954,1825,construen,present,ellos,şimdi
6955,1825,construí,past,yo,di
6956,1825,construiste,past,tú,di
6957,1825,construió,past,él/ella,di
6958,1825,construimos,past,nosotros,di
6959,1825,construisteis,past,vosotros,di
6960,1825,construieron,past,ellos,di
6961,1825,construiré,future,yo,gelecek
6962,1825,construirás,future,tú,gelecek
6963,1825,construirá,future,él/ella,gelecek
6964,1825,construiremos,future,nosotros,gelecek
6965,1825,construiréis,future,vosotros,gelecek
6966,1825,construirán,future,ellos,gelecek
6967,1826,agrego,present,yo,şimdi
6968,1826,agregas,present,tú,şimdi
6969,1826,agrega,present,él/ella,şimdi
6970,1826,agregamos,present,nosotros,şimdi
6971,1826,agregáis,present,vosotros,şimdi
6972,1826,agregan,present,ellos,şimdi
6973,1826,agregué,past,yo,di
6974,1826,agregaste,past,tú,di
6975,1826,agregó,past,él/ella,di
6976,1826,agregamos,past,nosotros,di
6977,1826,agregasteis,past,vosotros,di
6978,1826,agregaron,past,ellos,di
6979,1826,agregaré,future,yo,gelecek
6980,1826,agregarás,future,tú,gelecek
6981,1826,agregará,future,él/ella,gelecek
6982,1826,agregaremos,future,nosotros,gelecek
6983,1826,agregaréis,future,vosotros,gelecek
6984,1826,agregarán,future,ellos,gelecek
6985,1827,sosteno,present,yo,şimdi
6986,1827,sostenes,present,tú,şimdi
6987,1827,sostene,present,él/ella,şimdi
6988,1827,sostenemos,present,nosotros,şimdi
6989,1827,sostenéis,present,vosotros,şimdi
6990,1827,sostenen,present,ellos,şimdi
6991,1827,sostení,past,yo,di
6992,1827,sosteniste,past,tú,di
6993,1827,sostenió,past,él/ella,di
6994,1827,sostenimos,past,nosotros,di
6995,1827,sostenisteis,past,vosotros,di
6996,1827,sostenieron,past,ellos,di
6997,1827,sosteneré,future,yo,gelecek
6998,1827,sostenerás,future,tú,gelecek
6999,1827,sostenerá,future,él/ella,gelecek
7000,1827,sosteneremos,future,nosotros,gelecek
7001,1827,sosteneréis,future,vosotros,gelecek
7002,1827,sostenerán,future,ellos,gelecek
7003,1836,mato,present,yo,şimdi
7004,1836,matas,present,tú,şimdi
7005,1836,mata,present,él/ella,şimdi
7006,1836,matamos,present,nosotros,şimdi
7007,1836,matáis,present,vosotros,şimdi
7008,1836,matan,present,ellos,şimdi
7009,1836,maté,past,yo,di
7010,1836,mataste,past,tú,di
7011,1836,mató,past,él/ella,di
7012,1836,matamos,past,nosotros,di
7013,1836,matasteis,past,vosotros,di
7014,1836,mataron,past,ellos,di
7015,1836,mataré,future,yo,gelecek
7016,1836,matarás,future,tú,gelecek
7017,1836,matará,future,él/ella,gelecek
7018,1836,mataremos,future,nosotros,gelecek
7019,1836,mataréis,future,vosotros,gelecek
7020,1836,matarán,future,ellos,gelecek
7021,1846,surgo,present,yo,şimdi
7022,1846,surges,present,tú,şimdi
7023,1846,surge,present,él/ella,şimdi
7024,1846,surgimos,present,nosotros,şimdi
7025,1846,surgís,present,vosotros,şimdi
7026,1846,surgen,present,ellos,şimdi
7027,1846,surgí,past,yo,di
7028,1846,surgiste,past,tú,di
7029,1846,surgió,past,él/ella,di
7030,1846,surgimos,past,nosotros,di
7031,1846,surgisteis,past,vosotros,di
7032,1846,surgieron,past,ellos,di
7033,1846,surgiré,future,yo,gelecek
7034,1846,surgirás,future,tú,gelecek
7035,1846,surgirá,future,él/ella,gelecek
7036,1846,surgiremos,future,nosotros,gelecek
7037,1846,surgiréis,future,vosotros,gelecek
7038,1846,surgirán,future,ellos,gelecek
7039,1847,defendo,present,yo,şimdi
7040,1847,defendes,present,tú,şimdi
7041,1847,defende,present,él/ella,şimdi
7042,1847,defendemos,present,nosotros,şimdi
7043,1847,defendéis,present,vosotros,şimdi
7044,1847,defenden,present,ellos,şimdi
7045,1847,defendí,past,yo,di
7046,1847,defendiste,past,tú,di
7047,1847,defendió,past,él/ella,di
7048,1847,defendimos,past,nosotros,di
7049,1847,defendisteis,past,vosotros,di
7050,1847,defendieron,past,ellos,di
7051,1847,defenderé,future,yo,gelecek
7052,1847,defenderás,future,tú,gelecek
7053,1847,defenderá,future,él/ella,gelecek
7054,1847,defenderemos,future,nosotros,gelecek
7055,1847,defenderéis,future,vosotros,gelecek
7056,1847,defenderán,future,ellos,gelecek
7057,1849,hallo,present,yo,şimdi
7058,1849,hallas,present,tú,şimdi
7059,1849,halla,present,él/ella,şimdi
7060,1849,hallamos,present,nosotros,şimdi
7061,1849,halláis,present,vosotros,şimdi
7062,1849,hallan,present,ellos,şimdi
7063,1849,hallé,past,yo,di
7064,1849,hallaste,past,tú,di
7065,1849,halló,past,él/ella,di
7066,1849,hallamos,past,nosotros,di
7067,1849,hallasteis,past,vosotros,di
7068,1849,hallaron,past,ellos,di
7069,1849,hallaré,future,yo,gelecek
7070,1849,hallarás,future,tú,gelecek
7071,1849,hallará,future,él/ella,gelecek
7072,1849,hallaremos,future,nosotros,gelecek
7073,1849,hallaréis,future,vosotros,gelecek
7074,1849,hallarán,future,ellos,gelecek
7075,1851,recogo,present,yo,şimdi
7076,1851,recoges,present,tú,şimdi
7077,1851,recoge,present,él/ella,şimdi
7078,1851,recogemos,present,nosotros,şimdi
7079,1851,recogéis,present,vosotros,şimdi
7080,1851,recogen,present,ellos,şimdi
7081,1851,recogí,past,yo,di
7082,1851,recogiste,past,tú,di
7083,1851,recogió,past,él/ella,di
7084,1851,recogimos,past,nosotros,di
7085,1851,recogisteis,past,vosotros,di
7086,1851,recogieron,past,ellos,di
7087,1851,recogeré,future,yo,gelecek
7088,1851,recogerás,future,tú,gelecek
7089,1851,recogerá,future,él/ella,gelecek
7090,1851,recogeremos,future,nosotros,gelecek
7091,1851,recogeréis,future,vosotros,gelecek
7092,1851,recogerán,future,ellos,gelecek
7093,1858,regreso,present,yo,şimdi
7094,1858,regresas,present,tú,şimdi
7095,1858,regresa,present,él/ella,şimdi
7096,1858,regresamos,present,nosotros,şimdi
7097,1858,regresáis,present,vosotros,şimdi
7098,1858,regresan,present,ellos,şimdi
7099,1858,regresé,past,yo,di
7100,1858,regresaste,past,tú,di
7101,1858,regresó,past,él/ella,di
7102,1858,regresamos,past,nosotros,di
7103,1858,regresasteis,past,vosotros,di
7104,1858,regresaron,past,ellos,di
7105,1858,regresaré,future,yo,gelecek
7106,1858,regresarás,future,tú,gelecek
7107,1858,regresará,future,él/ella,gelecek
7108,1858,regresaremos,future,nosotros,gelecek
7109,1858,regresaréis,future,vosotros,gelecek
7110,1858,regresarán,future,ellos,gelecek
7111,1865,advierto,present,yo,şimdi
7112,1865,adviertes,present,tú,şimdi
7113,1865,advierte,present,él/ella,şimdi
7114,1865,advertimos,present,nosotros,şimdi
7115,1865,advertís,present,vosotros,şimdi
7116,1865,advierten,present,ellos,şimdi
7117,1865,advertí,past,yo,di
7118,1865,advertiste,past,tú,di
7119,1865,advertió,past,él/ella,di
7120,1865,advertimos,past,nosotros,di
7121,1865,advertisteis,past,vosotros,di
7122,1865,advertieron,past,ellos,di
7123,1865,advertiré,future,yo,gelecek
7124,1865,advertirás,future,tú,gelecek
7125,1865,advertirá,future,él/ella,gelecek
7126,1865,advertiremos,future,nosotros,gelecek
7127,1865,advertiréis,future,vosotros,gelecek
7128,1865,advertirán,future,ellos,gelecek
7129,1876,adquiro,present,yo,şimdi
7130,1876,adquires,present,tú,şimdi
7131,1876,adquire,present,él/ella,şimdi
7132,1876,adquirimos,present,nosotros,şimdi
7133,1876,adquirís,present,vosotros,şimdi
7134,1876,adquiren,present,ellos,şimdi
7135,1876,adquirí,past,yo,di
7136,1876,adquiriste,past,tú,di
7137,1876,adquirió,past,él/ella,di
7138,1876,adquirimos,past,nosotros,di
7139,1876,adquiristeis,past,vosotros,di
7140,1876,adquirieron,past,ellos,di
7141,1876,adquiriré,future,yo,gelecek
7142,1876,adquirirás,future,tú,gelecek
7143,1876,adquirirá,future,él/ella,gelecek
7144,1876,adquiriremos,future,nosotros,gelecek
7145,1876,adquiriréis,future,vosotros,gelecek
7146,1876,adquirirán,future,ellos,gelecek
7147,1880,impedo,present,yo,şimdi
7148,1880,impedes,present,tú,şimdi
7149,1880,impede,present,él/ella,şimdi
7150,1880,impedimos,present,nosotros,şimdi
7151,1880,impedís,present,vosotros,şimdi
7152,1880,impeden,present,ellos,şimdi
7153,1880,impedí,past,yo,di
7154,1880,impediste,past,tú,di
7155,1880,impedió,past,él/ella,di
7156,1880,impedimos,past,nosotros,di
7157,1880,impedisteis,past,vosotros,di
7158,1880,impedieron,past,ellos,di
7159,1880,impediré,future,yo,gelecek
7160,1880,impedirás,future,tú,gelecek
7161,1880,impedirá,future,él/ella,gelecek
7162,1880,impediremos,future,nosotros,gelecek
7163,1880,impediréis,future,vosotros,gelecek
7164,1880,impedirán,future,ellos,gelecek
7165,1887,organizo,present,yo,şimdi
7166,1887,organizas,present,tú,şimdi
7167,1887,organiza,present,él/ella,şimdi
7168,1887,organizamos,present,nosotros,şimdi
7169,1887,organizáis,present,vosotros,şimdi
7170,1887,organizan,present,ellos,şimdi
7171,1887,organicé,past,yo,di
7172,1887,organizaste,past,tú,di
7173,1887,organizó,past,él/ella,di
7174,1887,organizamos,past,nosotros,di
7175,1887,organizasteis,past,vosotros,di
7176,1887,organizaron,past,ellos,di
7177,1887,organizaré,future,yo,gelecek
7178,1887,organizarás,future,tú,gelecek
7179,1887,organizará,future,él/ella,gelecek
7180,1887,organizaremos,future,nosotros,gelecek
7181,1887,organizaréis,future,vosotros,gelecek
7182,1887,organizarán,future,ellos,gelecek
7183,1888,desapareco,present,yo,şimdi
7184,1888,desapareces,present,tú,şimdi
7185,1888,desaparece,present,él/ella,şimdi
7186,1888,desaparecemos,present,nosotros,şimdi
7187,1888,desaparecéis,present,vosotros,şimdi
7188,1888,desaparecen,present,ellos,şimdi
7189,1888,desaparecí,past,yo,di
7190,1888,desapareciste,past,tú,di
7191,1888,desapareció,past,él/ella,di
7192,1888,desaparecimos,past,nosotros,di
7193,1888,desaparecisteis,past,vosotros,di
7194,1888,desaparecieron,past,ellos,di
7195,1888,desapareceré,future,yo,gelecek
7196,1888,desaparecerás,future,tú,gelecek
7197,1888,desaparecerá,future,él/ella,gelecek
7198,1888,desapareceremos,future,nosotros,gelecek
7199,1888,desapareceréis,future,vosotros,gelecek
7200,1888,desaparecerán,future,ellos,gelecek
7201,1889,aprobo,present,yo,şimdi
7202,1889,aprobas,present,tú,şimdi
7203,1889,aproba,present,él/ella,şimdi
7204,1889,aprobamos,present,nosotros,şimdi
7205,1889,aprobáis,present,vosotros,şimdi
7206,1889,aproban,present,ellos,şimdi
7207,1889,aprobé,past,yo,di
7208,1889,aprobaste,past,tú,di
7209,1889,aprobó,past,él/ella,di
7210,1889,aprobamos,past,nosotros,di
7211,1889,aprobasteis,past,vosotros,di
7212,1889,aprobaron,past,ellos,di
7213,1889,aprobaré,future,yo,gelecek
7214,1889,aprobarás,future,tú,gelecek
7215,1889,aprobará,future,él/ella,gelecek
7216,1889,aprobaremos,future,nosotros,gelecek
7217,1889,aprobaréis,future,vosotros,gelecek
7218,1889,aprobarán,future,ellos,gelecek
7219,1895,conteno,present,yo,şimdi
7220,1895,contenes,present,tú,şimdi
7221,1895,contene,present,él/ella,şimdi
7222,1895,contenemos,present,nosotros,şimdi
7223,1895,contenéis,present,vosotros,şimdi
7224,1895,contenen,present,ellos,şimdi
7225,1895,contení,past,yo,di
7226,1895,conteniste,past,tú,di
7227,1895,contenió,past,él/ella,di
7228,1895,contenimos,past,nosotros,di
7229,1895,contenisteis,past,vosotros,di
7230,1895,contenieron,past,ellos,di
7231,1895,conteneré,future,yo,gelecek
7232,1895,contenerás,future,tú,gelecek
7233,1895,contenerá,future,él/ella,gelecek
7234,1895,conteneremos,future,nosotros,gelecek
7235,1895,conteneréis,future,vosotros,gelecek
7236,1895,contenerán,future,ellos,gelecek
7237,1896,poseo,present,yo,şimdi
7238,1896,posees,present,tú,şimdi
7239,1896,posee,present,él/ella,şimdi
7240,1896,poseemos,present,nosotros,şimdi
7241,1896,poseéis,present,vosotros,şimdi
7242,1896,poseen,present,ellos,şimdi
7243,1896,poseí,past,yo,di
7244,1896,poseiste,past,tú,di
7245,1896,poseió,past,él/ella,di
7246,1896,poseimos,past,nosotros,di
7247,1896,poseisteis,past,vosotros,di
7248,1896,poseieron,past,ellos,di
7249,1896,poseeré,future,yo,gelecek
7250,1896,poseerás,future,tú,gelecek
7251,1896,poseerá,future,él/ella,gelecek
7252,1896,poseeremos,future,nosotros,gelecek
7253,1896,poseeréis,future,vosotros,gelecek
7254,1896,poseerán,future,ellos,gelecek
7255,1903,enfrento,present,yo,şimdi
7256,1903,enfrentas,present,tú,şimdi
7257,1903,enfrenta,present,él/ella,şimdi
7258,1903,enfrentamos,present,nosotros,şimdi
7259,1903,enfrentáis,present,vosotros,şimdi
7260,1903,enfrentan,present,ellos,şimdi
7261,1903,enfrenté,past,yo,di
7262,1903,enfrentaste,past,tú,di
7263,1903,enfrentó,past,él/ella,di
7264,1903,enfrentamos,past,nosotros,di
7265,1903,enfrentasteis,past,vosotros,di
7266,1903,enfrentaron,past,ellos,di
7267,1903,enfrentaré,future,yo,gelecek
7268,1903,enfrentarás,future,tú,gelecek
7269,1903,enfrentará,future,él/ella,gelecek
7270,1903,enfrentaremos,future,nosotros,gelecek
7271,1903,enfrentaréis,future,vosotros,gelecek
7272,1903,enfrentarán,future,ellos,gelecek
7273,1911,requero,present,yo,şimdi
7274,1911,requeres,present,tú,şimdi
7275,1911,requere,present,él/ella,şimdi
7276,1911,requerimos,present,nosotros,şimdi
7277,1911,requerís,present,vosotros,şimdi
7278,1911,requeren,present,ellos,şimdi
7279,1911,requerí,past,yo,di
7280,1911,requeriste,past,tú,di
7281,1911,requerió,past,él/ella,di
7282,1911,requerimos,past,nosotros,di
7283,1911,requeristeis,past,vosotros,di
7284,1911,requerieron,past,ellos,di
7285,1911,requeriré,future,yo,gelecek
7286,1911,requerirás,future,tú,gelecek
7287,1911,requerirá,future,él/ella,gelecek
7288,1911,requeriremos,future,nosotros,gelecek
7289,1911,requeriréis,future,vosotros,gelecek
7290,1911,requerirán,future,ellos,gelecek
7291,1912,lanzo,present,yo,şimdi
7292,1912,lanzas,present,tú,şimdi
7293,1912,lanza,present,él/ella,şimdi
7294,1912,lanzamos,present,nosotros,şimdi
7295,1912,lanzáis,present,vosotros,şimdi
7296,1912,lanzan,present,ellos,şimdi
7297,1912,lancé,past,yo,di
7298,1912,lanzaste,past,tú,di
7299,1912,lanzó,past,él/ella,di
7300,1912,lanzamos,past,nosotros,di
7301,1912,lanzasteis,past,vosotros,di
7302,1912,lanzaron,past,ellos,di
7303,1912,lanzaré,future,yo,gelecek
7304,1912,lanzarás,future,tú,gelecek
7305,1912,lanzará,future,él/ella,gelecek
7306,1912,lanzaremos,future,nosotros,gelecek
7307,1912,lanzaréis,future,vosotros,gelecek
7308,1912,lanzarán,future,ellos,gelecek
7309,1919,conduczco,present,yo,şimdi
7310,1919,conduces,present,tú,şimdi
7311,1919,conduce,present,él/ella,şimdi
7312,1919,conducimos,present,nosotros,şimdi
7313,1919,conducís,present,vosotros,şimdi
7314,1919,conducen,present,ellos,şimdi
7315,1919,conduje,past,yo,di
7316,1919,condujiste,past,tú,di
7317,1919,condujo,past,él/ella,di
7318,1919,condujimos,past,nosotros,di
7319,1919,condujisteis,past,vosotros,di
7320,1919,condujeron,past,ellos,di
7321,1919,conduciré,future,yo,gelecek
7322,1919,conducirás,future,tú,gelecek
7323,1919,conducirá,future,él/ella,gelecek
7324,1919,conduciremos,future,nosotros,gelecek
7325,1919,conduciréis,future,vosotros,gelecek
7326,1919,conducirán,future,ellos,gelecek
7327,1922,determino,present,yo,şimdi
7328,1922,determinas,present,tú,şimdi
7329,1922,determina,present,él/ella,şimdi
7330,1922,determinamos,present,nosotros,şimdi
7331,1922,determináis,present,vosotros,şimdi
7332,1922,determinan,present,ellos,şimdi
7333,1922,determiné,past,yo,di
7334,1922,determinaste,past,tú,di
7335,1922,determinó,past,él/ella,di
7336,1922,determinamos,past,nosotros,di
7337,1922,determinasteis,past,vosotros,di
7338,1922,determinaron,past,ellos,di
7339,1922,determinaré,future,yo,gelecek
7340,1922,determinarás,future,tú,gelecek
7341,1922,determinará,future,él/ella,gelecek
7342,1922,determinaremos,future,nosotros,gelecek
7343,1922,determinaréis,future,vosotros,gelecek
7344,1922,determinarán,future,ellos,gelecek
7345,1923,relaciono,present,yo,şimdi
7346,1923,relacionas,present,tú,şimdi
7347,1923,relaciona,present,él/ella,şimdi
7348,1923,relacionamos,present,nosotros,şimdi
7349,1923,relacionáis,present,vosotros,şimdi
7350,1923,relacionan,present,ellos,şimdi
7351,1923,relacioné,past,yo,di
7352,1923,relacionaste,past,tú,di
7353,1923,relacionó,past,él/ella,di
7354,1923,relacionamos,past,nosotros,di
7355,1923,relacionasteis,past,vosotros,di
7356,1923,relacionaron,past,ellos,di
7357,1923,relacionaré,future,yo,gelecek
7358,1923,relacionarás,future,tú,gelecek
7359,1923,relacionará,future,él/ella,gelecek
7360,1923,relacionaremos,future,nosotros,gelecek
7361,1923,relacionaréis,future,vosotros,gelecek
7362,1923,relacionarán,future,ellos,gelecek
7363,1925,menciono,present,yo,şimdi
7364,1925,mencionas,present,tú,şimdi
7365,1925,menciona,present,él/ella,şimdi
7366,1925,mencionamos,present,nosotros,şimdi
7367,1925,mencionáis,present,vosotros,şimdi
7368,1925,mencionan,present,ellos,şimdi
7369,1925,mencioné,past,yo,di
7370,1925,mencionaste,past,tú,di
7371,1925,mencionó,past,él/ella,di
7372,1925,mencionamos,past,nosotros,di
7373,1925,mencionasteis,past,vosotros,di
7374,1925,mencionaron,past,ellos,di
7375,1925,mencionaré,future,yo,gelecek
7376,1925,mencionarás,future,tú,gelecek
7377,1925,mencionará,future,él/ella,gelecek
7378,1925,mencionaremos,future,nosotros,gelecek
7379,1925,mencionaréis,future,vosotros,gelecek
7380,1925,mencionarán,future,ellos,gelecek
7381,1943,quito,present,yo,şimdi
7382,1943,quitas,present,tú,şimdi
7383,1943,quita,present,él/ella,şimdi
7384,1943,quitamos,present,nosotros,şimdi
7385,1943,quitáis,present,vosotros,şimdi
7386,1943,quitan,present,ellos,şimdi
7387,1943,quité,past,yo,di
7388,1943,quitaste,past,tú,di
7389,1943,quitó,past,él/ella,di
7390,1943,quitamos,past,nosotros,di
7391,1943,quitasteis,past,vosotros,di
7392,1943,quitaron,past,ellos,di
7393,1943,quitaré,future,yo,gelecek
7394,1943,quitarás,future,tú,gelecek
7395,1943,quitará,future,él/ella,gelecek
7396,1943,quitaremos,future,nosotros,gelecek
7397,1943,quitaréis,future,vosotros,gelecek
7398,1943,quitarán,future,ellos,gelecek
7399,1946,confirmo,present,yo,şimdi
7400,1946,confirmas,present,tú,şimdi
7401,1946,confirma,present,él/ella,şimdi
7402,1946,confirmamos,present,nosotros,şimdi
7403,1946,confirmáis,present,vosotros,şimdi
7404,1946,confirman,present,ellos,şimdi
7405,1946,confirmé,past,yo,di
7406,1946,confirmaste,past,tú,di
7407,1946,confirmó,past,él/ella,di
7408,1946,confirmamos,past,nosotros,di
7409,1946,confirmasteis,past,vosotros,di
7410,1946,confirmaron,past,ellos,di
7411,1946,confirmaré,future,yo,gelecek
7412,1946,confirmarás,future,tú,gelecek
7413,1946,confirmará,future,él/ella,gelecek
7414,1946,confirmaremos,future,nosotros,gelecek
7415,1946,confirmaréis,future,vosotros,gelecek
7416,1946,confirmarán,future,ellos,gelecek
7417,1951,insisto,present,yo,şimdi
7418,1951,insistes,present,tú,şimdi
7419,1951,insiste,present,él/ella,şimdi
7420,1951,insistimos,present,nosotros,şimdi
7421,1951,insistís,present,vosotros,şimdi
7422,1951,insisten,present,ellos,şimdi
7423,1951,insistí,past,yo,di
7424,1951,insististe,past,tú,di
7425,1951,insistió,past,él/ella,di
7426,1951,insistimos,past,nosotros,di
7427,1951,insististeis,past,vosotros,di
7428,1951,insistieron,past,ellos,di
7429,1951,insistiré,future,yo,gelecek
7430,1951,insistirás,future,tú,gelecek
7431,1951,insistirá,future,él/ella,gelecek
7432,1951,insistiremos,future,nosotros,gelecek
7433,1951,insistiréis,future,vosotros,gelecek
7434,1951,insistirán,future,ellos,gelecek
7435,1957,integro,present,yo,şimdi
7436,1957,integras,present,tú,şimdi
7437,1957,integra,present,él/ella,şimdi
7438,1957,integramos,present,nosotros,şimdi
7439,1957,integráis,present,vosotros,şimdi
7440,1957,integran,present,ellos,şimdi
7441,1957,integré,past,yo,di
7442,1957,integraste,past,tú,di
7443,1957,integró,past,él/ella,di
7444,1957,integramos,past,nosotros,di
7445,1957,integrasteis,past,vosotros,di
7446,1957,integraron,past,ellos,di
7447,1957,integraré,future,yo,gelecek
7448,1957,integrarás,future,tú,gelecek
7449,1957,integrará,future,él/ella,gelecek
7450,1957,integraremos,future,nosotros,gelecek
7451,1957,integraréis,future,vosotros,gelecek
7452,1957,integrarán,future,ellos,gelecek
7453,1958,preocupo,present,yo,şimdi
7454,1958,preocupas,present,tú,şimdi
7455,1958,preocupa,present,él/ella,şimdi
7456,1958,preocupamos,present,nosotros,şimdi
7457,1958,preocupáis,present,vosotros,şimdi
7458,1958,preocupan,present,ellos,şimdi
7459,1958,preocupé,past,yo,di
7460,1958,preocupaste,past,tú,di
7461,1958,preocupó,past,él/ella,di
7462,1958,preocupamos,past,nosotros,di
7463,1958,preocupasteis,past,vosotros,di
7464,1958,preocuparon,past,ellos,di
7465,1958,preocuparé,future,yo,gelecek
7466,1958,preocuparás,future,tú,gelecek
7467,1958,preocupará,future,él/ella,gelecek
7468,1958,preocuparemos,future,nosotros,gelecek
7469,1958,preocuparéis,future,vosotros,gelecek
7470,1958,preocuparán,future,ellos,gelecek
7471,1961,concluo,present,yo,şimdi
7472,1961,conclues,present,tú,şimdi
7473,1961,conclue,present,él/ella,şimdi
7474,1961,concluimos,present,nosotros,şimdi
7475,1961,concluís,present,vosotros,şimdi
7476,1961,concluen,present,ellos,şimdi
7477,1961,concluí,past,yo,di
7478,1961,concluiste,past,tú,di
7479,1961,concluió,past,él/ella,di
7480,1961,concluimos,past,nosotros,di
7481,1961,concluisteis,past,vosotros,di
7482,1961,concluieron,past,ellos,di
7483,1961,concluiré,future,yo,gelecek
7484,1961,concluirás,future,tú,gelecek
7485,1961,concluirá,future,él/ella,gelecek
7486,1961,concluiremos,future,nosotros,gelecek
7487,1961,concluiréis,future,vosotros,gelecek
7488,1961,concluirán,future,ellos,gelecek
7489,1963,baso,present,yo,şimdi
7490,1963,basas,present,tú,şimdi
7491,1963,basa,present,él/ella,şimdi
7492,1963,basamos,present,nosotros,şimdi
7493,1963,basáis,present,vosotros,şimdi
7494,1963,basan,present,ellos,şimdi
7495,1963,basé,past,yo,di
7496,1963,basaste,past,tú,di
7497,1963,basó,past,él/ella,di
7498,1963,basamos,past,nosotros,di
7499,1963,basasteis,past,vosotros,di
7500,1963,basaron,past,ellos,di
7501,1963,basaré,future,yo,gelecek
7502,1963,basarás,future,tú,gelecek
7503,1963,basará,future,él/ella,gelecek
7504,1963,basaremos,future,nosotros,gelecek
7505,1963,basaréis,future,vosotros,gelecek
7506,1963,basarán,future,ellos,gelecek
7507,1964,me importa,present,yo,şimdi
7508,1964,te importa,present,tú,şimdi
7509,1964,le importa,present,él/ella,şimdi
7510,1964,nos importa,present,nosotros,şimdi
7511,1964,os importa,present,vosotros,şimdi
7512,1964,les importan,present,ellos,şimdi
7513,1964,me importó,past,yo,di
7514,1964,te importó,past,tú,di
7515,1964,le importó,past,él/ella,di
7516,1964,nos importó,past,nosotros,di
7517,1964,os importó,past,vosotros,di
7518,1964,les importaron,past,ellos,di
7519,1964,me importará,future,yo,gelecek
7520,1964,te importará,future,tú,gelecek
7521,1964,le importará,future,él/ella,gelecek
7522,1964,nos importará,future,nosotros,gelecek
7523,1964,os importará,future,vosotros,gelecek
7524,1964,les importarán,future,ellos,gelecek
7525,1965,marco,present,yo,şimdi
7526,1965,marcas,present,tú,şimdi
7527,1965,marca,present,él/ella,şimdi
7528,1965,marcamos,present,nosotros,şimdi
7529,1965,marcáis,present,vosotros,şimdi
7530,1965,marcan,present,ellos,şimdi
7531,1965,marqué,past,yo,di
7532,1965,marcaste,past,tú,di
7533,1965,marcó,past,él/ella,di
7534,1965,marcamos,past,nosotros,di
7535,1965,marcasteis,past,vosotros,di
7536,1965,marcaron,past,ellos,di
7537,1965,marcaré,future,yo,gelecek
7538,1965,marcarás,future,tú,gelecek
7539,1965,marcará,future,él/ella,gelecek
7540,1965,marcaremos,future,nosotros,gelecek
7541,1965,marcaréis,future,vosotros,gelecek
7542,1965,marcarán,future,ellos,gelecek
7543,1968,acordo,present,yo,şimdi
7544,1968,acordas,present,tú,şimdi
7545,1968,acorda,present,él/ella,şimdi
7546,1968,acordamos,present,nosotros,şimdi
7547,1968,acordáis,present,vosotros,şimdi
7548,1968,acordan,present,ellos,şimdi
7549,1968,acordé,past,yo,di
7550,1968,acordaste,past,tú,di
7551,1968,acordó,past,él/ella,di
7552,1968,acordamos,past,nosotros,di
7553,1968,acordasteis,past,vosotros,di
7554,1968,acordaron,past,ellos,di
7555,1968,acordaré,future,yo,gelecek
7556,1968,acordarás,future,tú,gelecek
7557,1968,acordará,future,él/ella,gelecek
7558,1968,acordaremos,future,nosotros,gelecek
7559,1968,acordaréis,future,vosotros,gelecek
7560,1968,acordarán,future,ellos,gelecek
7561,1970,fijo,present,yo,şimdi
7562,1970,fijas,present,tú,şimdi
7563,1970,fija,present,él/ella,şimdi
7564,1970,fijamos,present,nosotros,şimdi
7565,1970,fijáis,present,vosotros,şimdi
7566,1970,fijan,present,ellos,şimdi
7567,1970,fijé,past,yo,di
7568,1970,fijaste,past,tú,di
7569,1970,fijó,past,él/ella,di
7570,1970,fijamos,past,nosotros,di
7571,1970,fijasteis,past,vosotros,di
7572,1970,fijaron,past,ellos,di
7573,1970,fijaré,future,yo,gelecek
7574,1970,fijarás,future,tú,gelecek
7575,1970,fijará,future,él/ella,gelecek
7576,1970,fijaremos,future,nosotros,gelecek
7577,1970,fijaréis,future,vosotros,gelecek
7578,1970,fijarán,future,ellos,gelecek
7579,1974,aprovecho,present,yo,şimdi
7580,1974,aprovechas,present,tú,şimdi
7581,1974,aprovecha,present,él/ella,şimdi
7582,1974,aprovechamos,present,nosotros,şimdi
7583,1974,aprovecháis,present,vosotros,şimdi
7584,1974,aprovechan,present,ellos,şimdi
7585,1974,aproveché,past,yo,di
7586,1974,aprovechaste,past,tú,di
7587,1974,aprovechó,past,él/ella,di
7588,1974,aprovechamos,past,nosotros,di
7589,1974,aprovechasteis,past,vosotros,di
7590,1974,aprovecharon,past,ellos,di
7591,1974,aprovecharé,future,yo,gelecek
7592,1974,aprovecharás,future,tú,gelecek
7593,1974,aprovechará,future,él/ella,gelecek
7594,1974,aprovecharemos,future,nosotros,gelecek
7595,1974,aprovecharéis,future,vosotros,gelecek
7596,1974,aprovecharán,future,ellos,gelecek
7597,1988,acudo,present,yo,şimdi
7598,1988,acudes,present,tú,şimdi
7599,1988,acude,present,él/ella,şimdi
7600,1988,acudimos,present,nosotros,şimdi
7601,1988,acudís,present,vosotros,şimdi
7602,1988,acuden,present,ellos,şimdi
7603,1988,acudí,past,yo,di
7604,1988,acudiste,past,tú,di
7605,1988,acudió,past,él/ella,di
7606,1988,acudimos,past,nosotros,di
7607,1988,acudisteis,past,vosotros,di
7608,1988,acudieron,past,ellos,di
7609,1988,acudiré,future,yo,gelecek
7610,1988,acudirás,future,tú,gelecek
7611,1988,acudirá,future,él/ella,gelecek
7612,1988,acudiremos,future,nosotros,gelecek
7613,1988,acudiréis,future,vosotros,gelecek
7614,1988,acudirán,future,ellos,gelecek
7615,1997,extendo,present,yo,şimdi
7616,1997,extendes,present,tú,şimdi
7617,1997,extende,present,él/ella,şimdi
7618,1997,extendemos,present,nosotros,şimdi
7619,1997,extendéis,present,vosotros,şimdi
7620,1997,extenden,present,ellos,şimdi
7621,1997,extendí,past,yo,di
7622,1997,extendiste,past,tú,di
7623,1997,extendió,past,él/ella,di
7624,1997,extendimos,past,nosotros,di
7625,1997,extendisteis,past,vosotros,di
7626,1997,extendieron,past,ellos,di
7627,1997,extenderé,future,yo,gelecek
7628,1997,extenderás,future,tú,gelecek
7629,1997,extenderá,future,él/ella,gelecek
7630,1997,extenderemos,future,nosotros,gelecek
7631,1997,extenderéis,future,vosotros,gelecek
7632,1997,extenderán,future,ellos,gelecek
7633,1999,adopto,present,yo,şimdi
7634,1999,adoptas,present,tú,şimdi
7635,1999,adopta,present,él/ella,şimdi
7636,1999,adoptamos,present,nosotros,şimdi
7637,1999,adoptáis,present,vosotros,şimdi
7638,1999,adoptan,present,ellos,şimdi
7639,1999,adopté,past,yo,di
7640,1999,adoptaste,past,tú,di
7641,1999,adoptó,past,él/ella,di
7642,1999,adoptamos,past,nosotros,di
7643,1999,adoptasteis,past,vosotros,di
7644,1999,adoptaron,past,ellos,di
7645,1999,adoptaré,future,yo,gelecek
7646,1999,adoptarás,future,tú,gelecek
7647,1999,adoptará,future,él/ella,gelecek
7648,1999,adoptaremos,future,nosotros,gelecek
7649,1999,adoptaréis,future,vosotros,gelecek
7650,1999,adoptarán,future,ellos,gelecek
7651,2001,visto,present,yo,şimdi
7652,2001,vistes,present,tú,şimdi
7653,2001,viste,present,él/ella,şimdi
7654,2001,vestimos,present,nosotros,şimdi
7655,2001,vestís,present,vosotros,şimdi
7656,2001,visten,present,ellos,şimdi
7657,2001,vestí,past,yo,di
7658,2001,vestiste,past,tú,di
7659,2001,vistió,past,él/ella,di
7660,2001,vestimos,past,nosotros,di
7661,2001,vestisteis,past,vosotros,di
7662,2001,vistieron,past,ellos,di
7663,2001,vestiré,future,yo,gelecek
7664,2001,vestirás,future,tú,gelecek
7665,2001,vestirá,future,él/ella,gelecek
7666,2001,vestiremos,future,nosotros,gelecek
7667,2001,vestiréis,future,vosotros,gelecek
7668,2001,vestirán,future,ellos,gelecek
7669,2002,efectuo,present,yo,şimdi
7670,2002,efectuas,present,tú,şimdi
7671,2002,efectua,present,él/ella,şimdi
7672,2002,efectuamos,present,nosotros,şimdi
7673,2002,efectuáis,present,vosotros,şimdi
7674,2002,efectuan,present,ellos,şimdi
7675,2002,efectué,past,yo,di
7676,2002,efectuaste,past,tú,di
7677,2002,efectuó,past,él/ella,di
7678,2002,efectuamos,past,nosotros,di
7679,2002,efectuasteis,past,vosotros,di
7680,2002,efectuaron,past,ellos,di
7681,2002,efectuaré,future,yo,gelecek
7682,2002,efectuarás,future,tú,gelecek
7683,2002,efectuará,future,él/ella,gelecek
7684,2002,efectuaremos,future,nosotros,gelecek
7685,2002,efectuaréis,future,vosotros,gelecek
7686,2002,efectuarán,future,ellos,gelecek
7687,2004,recupero,present,yo,şimdi
7688,2004,recuperas,present,tú,şimdi
7689,2004,recupera,present,él/ella,şimdi
7690,2004,recuperamos,present,nosotros,şimdi
7691,2004,recuperáis,present,vosotros,şimdi
7692,2004,recuperan,present,ellos,şimdi
7693,2004,recuperé,past,yo,di
7694,2004,recuperaste,past,tú,di
7695,2004,recuperó,past,él/ella,di
7696,2004,recuperamos,past,nosotros,di
7697,2004,recuperasteis,past,vosotros,di
7698,2004,recuperaron,past,ellos,di
7699,2004,recuperaré,future,yo,gelecek
7700,2004,recuperarás,future,tú,gelecek
7701,2004,recuperará,future,él/ella,gelecek
7702,2004,recuperaremos,future,nosotros,gelecek
7703,2004,recuperaréis,future,vosotros,gelecek
7704,2004,recuperarán,future,ellos,gelecek
7705,2011,contemplo,present,yo,şimdi
7706,2011,contemplas,present,tú,şimdi
7707,2011,contempla,present,él/ella,şimdi
7708,2011,contemplamos,present,nosotros,şimdi
7709,2011,contempláis,present,vosotros,şimdi
7710,2011,contemplan,present,ellos,şimdi
7711,2011,contemplé,past,yo,di
7712,2011,contemplaste,past,tú,di
7713,2011,contempló,past,él/ella,di
7714,2011,contemplamos,past,nosotros,di
7715,2011,contemplasteis,past,vosotros,di
7716,2011,contemplaron,past,ellos,di
7717,2011,contemplaré,future,yo,gelecek
7718,2011,contemplarás,future,tú,gelecek
7719,2011,contemplará,future,él/ella,gelecek
7720,2011,contemplaremos,future,nosotros,gelecek
7721,2011,contemplaréis,future,vosotros,gelecek
7722,2011,contemplarán,future,ellos,gelecek
7723,2013,guardo,present,yo,şimdi
7724,2013,guardas,present,tú,şimdi
7725,2013,guarda,present,él/ella,şimdi
7726,2013,guardamos,present,nosotros,şimdi
7727,2013,guardáis,present,vosotros,şimdi
7728,2013,guardan,present,ellos,şimdi
7729,2013,guardé,past,yo,di
7730,2013,guardaste,past,tú,di
7731,2013,guardó,past,él/ella,di
7732,2013,guardamos,past,nosotros,di
7733,2013,guardasteis,past,vosotros,di
7734,2013,guardaron,past,ellos,di
7735,2013,guardaré,future,yo,gelecek
7736,2013,guardarás,future,tú,gelecek
7737,2013,guardará,future,él/ella,gelecek
7738,2013,guardaremos,future,nosotros,gelecek
7739,2013,guardaréis,future,vosotros,gelecek
7740,2013,guardarán,future,ellos,gelecek
7741,2015,asumo,present,yo,şimdi
7742,2015,asumes,present,tú,şimdi
7743,2015,asume,present,él/ella,şimdi
7744,2015,asumimos,present,nosotros,şimdi
7745,2015,asumís,present,vosotros,şimdi
7746,2015,asumen,present,ellos,şimdi
7747,2015,asumí,past,yo,di
7748,2015,asumiste,past,tú,di
7749,2015,asumió,past,él/ella,di
7750,2015,asumimos,past,nosotros,di
7751,2015,asumisteis,past,vosotros,di
7752,2015,asumieron,past,ellos,di
7753,2015,asumiré,future,yo,gelecek
7754,2015,asumirás,future,tú,gelecek
7755,2015,asumirá,future,él/ella,gelecek
7756,2015,asumiremos,future,nosotros,gelecek
7757,2015,asumiréis,future,vosotros,gelecek
7758,2015,asumirán,future,ellos,gelecek
7759,2016,consisto,present,yo,şimdi
7760,2016,consistes,present,tú,şimdi
7761,2016,consiste,present,él/ella,şimdi
7762,2016,consistimos,present,nosotros,şimdi
7763,2016,consistís,present,vosotros,şimdi
7764,2016,consisten,present,ellos,şimdi
7765,2016,consistí,past,yo,di
7766,2016,consististe,past,tú,di
7767,2016,consistió,past,él/ella,di
7768,2016,consistimos,past,nosotros,di
7769,2016,consististeis,past,vosotros,di
7770,2016,consistieron,past,ellos,di
7771,2016,consistiré,future,yo,gelecek
7772,2016,consistirás,future,tú,gelecek
7773,2016,consistirá,future,él/ella,gelecek
7774,2016,consistiremos,future,nosotros,gelecek
7775,2016,consistiréis,future,vosotros,gelecek
7776,2016,consistirán,future,ellos,gelecek
7777,2018,registro,present,yo,şimdi
7778,2018,registras,present,tú,şimdi
7779,2018,registra,present,él/ella,şimdi
7780,2018,registramos,present,nosotros,şimdi
7781,2018,registráis,present,vosotros,şimdi
7782,2018,registran,present,ellos,şimdi
7783,2018,registré,past,yo,di
7784,2018,registraste,past,tú,di
7785,2018,registró,past,él/ella,di
7786,2018,registramos,past,nosotros,di
7787,2018,registrasteis,past,vosotros,di
7788,2018,registraron,past,ellos,di
7789,2018,registraré,future,yo,gelecek
7790,2018,registrarás,future,tú,gelecek
7791,2018,registrará,future,él/ella,gelecek
7792,2018,registraremos,future,nosotros,gelecek
7793,2018,registraréis,future,vosotros,gelecek
7794,2018,registrarán,future,ellos,gelecek
7795,2020,asisto,present,yo,şimdi
7796,2020,asistes,present,tú,şimdi
7797,2020,asiste,present,él/ella,şimdi
7798,2020,asistimos,present,nosotros,şimdi
7799,2020,asistís,present,vosotros,şimdi
7800,2020,asisten,present,ellos,şimdi
7801,2020,asistí,past,yo,di
7802,2020,asististe,past,tú,di
7803,2020,asistió,past,él/ella,di
7804,2020,asistimos,past,nosotros,di
7805,2020,asististeis,past,vosotros,di
7806,2020,asistieron,past,ellos,di
7807,2020,asistiré,future,yo,gelecek
7808,2020,asistirás,future,tú,gelecek
7809,2020,asistirá,future,él/ella,gelecek
7810,2020,asistiremos,future,nosotros,gelecek
7811,2020,asistiréis,future,vosotros,gelecek
7812,2020,asistirán,future,ellos,gelecek
7813,2021,controlo,present,yo,şimdi
7814,2021,controlas,present,tú,şimdi
7815,2021,controla,present,él/ella,şimdi
7816,2021,controlamos,present,nosotros,şimdi
7817,2021,controláis,present,vosotros,şimdi
7818,2021,controlan,present,ellos,şimdi
7819,2021,controlé,past,yo,di
7820,2021,controlaste,past,tú,di
7821,2021,controló,past,él/ella,di
7822,2021,controlamos,past,nosotros,di
7823,2021,controlasteis,past,vosotros,di
7824,2021,controlaron,past,ellos,di
7825,2021,controlaré,future,yo,gelecek
7826,2021,controlarás,future,tú,gelecek
7827,2021,controlará,future,él/ella,gelecek
7828,2021,controlaremos,future,nosotros,gelecek
7829,2021,controlaréis,future,vosotros,gelecek
7830,2021,controlarán,future,ellos,gelecek
7831,2023,denomino,present,yo,şimdi
7832,2023,denominas,present,tú,şimdi
7833,2023,denomina,present,él/ella,şimdi
7834,2023,denominamos,present,nosotros,şimdi
7835,2023,denomináis,present,vosotros,şimdi
7836,2023,denominan,present,ellos,şimdi
7837,2023,denominé,past,yo,di
7838,2023,denominaste,past,tú,di
7839,2023,denominó,past,él/ella,di
7840,2023,denominamos,past,nosotros,di
7841,2023,denominasteis,past,vosotros,di
7842,2023,denominaron,past,ellos,di
7843,2023,denominaré,future,yo,gelecek
7844,2023,denominarás,future,tú,gelecek
7845,2023,denominará,future,él/ella,gelecek
7846,2023,denominaremos,future,nosotros,gelecek
7847,2023,denominaréis,future,vosotros,gelecek
7848,2023,denominarán,future,ellos,gelecek
7849,2027,acuso,present,yo,şimdi
7850,2027,acusas,present,tú,şimdi
7851,2027,acusa,present,él/ella,şimdi
7852,2027,acusamos,present,nosotros,şimdi
7853,2027,acusáis,present,vosotros,şimdi
7854,2027,acusan,present,ellos,şimdi
7855,2027,acusé,past,yo,di
7856,2027,acusaste,past,tú,di
7857,2027,acusó,past,él/ella,di
7858,2027,acusamos,past,nosotros,di
7859,2027,acusasteis,past,vosotros,di
7860,2027,acusaron,past,ellos,di
7861,2027,acusaré,future,yo,gelecek
7862,2027,acusarás,future,tú,gelecek
7863,2027,acusará,future,él/ella,gelecek
7864,2027,acusaremos,future,nosotros,gelecek
7865,2027,acusaréis,future,vosotros,gelecek
7866,2027,acusarán,future,ellos,gelecek
7867,2028,someto,present,yo,şimdi
7868,2028,sometes,present,tú,şimdi
7869,2028,somete,present,él/ella,şimdi
7870,2028,sometemos,present,nosotros,şimdi
7871,2028,sometéis,present,vosotros,şimdi
7872,2028,someten,present,ellos,şimdi
7873,2028,sometí,past,yo,di
7874,2028,sometiste,past,tú,di
7875,2028,sometió,past,él/ella,di
7876,2028,sometimos,past,nosotros,di
7877,2028,sometisteis,past,vosotros,di
7878,2028,sometieron,past,ellos,di
7879,2028,someteré,future,yo,gelecek
7880,2028,someterás,future,tú,gelecek
7881,2028,someterá,future,él/ella,gelecek
7882,2028,someteremos,future,nosotros,gelecek
7883,2028,someteréis,future,vosotros,gelecek
7884,2028,someterán,future,ellos,gelecek
7885,2032,quepo,present,yo,şimdi
7886,2032,cabes,present,tú,şimdi
7887,2032,cabe,present,él/ella,şimdi
7888,2032,cabemos,present,nosotros,şimdi
7889,2032,cabéis,present,vosotros,şimdi
7890,2032,caben,present,ellos,şimdi
7891,2032,cupe,past,yo,di
7892,2032,cupiste,past,tú,di
7893,2032,cupo,past,él/ella,di
7894,2032,cupimos,past,nosotros,di
7895,2032,cupisteis,past,vosotros,di
7896,2032,cupieron,past,ellos,di
7897,2032,cabré,future,yo,gelecek
7898,2032,cabrás,future,tú,gelecek
7899,2032,cabrá,future,él/ella,gelecek
7900,2032,cabremos,future,nosotros,gelecek
7901,2032,cabréis,future,vosotros,gelecek
7902,2032,cabrán,future,ellos,gelecek
7903,2040,separo,present,yo,şimdi
7904,2040,separas,present,tú,şimdi
7905,2040,separa,present,él/ella,şimdi
7906,2040,separamos,present,nosotros,şimdi
7907,2040,separáis,present,vosotros,şimdi
7908,2040,separan,present,ellos,şimdi
7909,2040,separé,past,yo,di
7910,2040,separaste,past,tú,di
7911,2040,separó,past,él/ella,di
7912,2040,separamos,past,nosotros,di
7913,2040,separasteis,past,vosotros,di
7914,2040,separaron,past,ellos,di
7915,2040,separaré,future,yo,gelecek
7916,2040,separarás,future,tú,gelecek
7917,2040,separará,future,él/ella,gelecek
7918,2040,separaremos,future,nosotros,gelecek
7919,2040,separaréis,future,vosotros,gelecek
7920,2040,separarán,future,ellos,gelecek
7921,2041,introduco,present,yo,şimdi
7922,2041,introduces,present,tú,şimdi
7923,2041,introduce,present,él/ella,şimdi
7924,2041,introducimos,present,nosotros,şimdi
7925,2041,introducís,present,vosotros,şimdi
7926,2041,introducen,present,ellos,şimdi
7927,2041,introducí,past,yo,di
7928,2041,introduciste,past,tú,di
7929,2041,introdució,past,él/ella,di
7930,2041,introducimos,past,nosotros,di
7931,2041,introducisteis,past,vosotros,di
7932,2041,introducieron,past,ellos,di
7933,2041,introduciré,future,yo,gelecek
7934,2041,introducirás,future,tú,gelecek
7935,2041,introducirá,future,él/ella,gelecek
7936,2041,introduciremos,future,nosotros,gelecek
7937,2041,introduciréis,future,vosotros,gelecek
7938,2041,introducirán,future,ellos,gelecek
7939,2043,rio,present,yo,şimdi
7940,2043,ries,present,tú,şimdi
7941,2043,rie,present,él/ella,şimdi
7942,2043,reimos,present,nosotros,şimdi
7943,2043,reís,present,vosotros,şimdi
7944,2043,rien,present,ellos,şimdi
7945,2043,reí,past,yo,di
7946,2043,reiste,past,tú,di
7947,2043,riió,past,él/ella,di
7948,2043,reimos,past,nosotros,di
7949,2043,reisteis,past,vosotros,di
7950,2043,riieron,past,ellos,di
7951,2043,reiré,future,yo,gelecek
7952,2043,reirás,future,tú,gelecek
7953,2043,reirá,future,él/ella,gelecek
7954,2043,reiremos,future,nosotros,gelecek
7955,2043,reiréis,future,vosotros,gelecek
7956,2043,reirán,future,ellos,gelecek
7957,2049,genero,present,yo,şimdi
7958,2049,generas,present,tú,şimdi
7959,2049,genera,present,él/ella,şimdi
7960,2049,generamos,present,nosotros,şimdi
7961,2049,generáis,present,vosotros,şimdi
7962,2049,generan,present,ellos,şimdi
7963,2049,generé,past,yo,di
7964,2049,generaste,past,tú,di
7965,2049,generó,past,él/ella,di
7966,2049,generamos,past,nosotros,di
7967,2049,generasteis,past,vosotros,di
7968,2049,generaron,past,ellos,di
7969,2049,generaré,future,yo,gelecek
7970,2049,generarás,future,tú,gelecek
7971,2049,generará,future,él/ella,gelecek
7972,2049,generaremos,future,nosotros,gelecek
7973,2049,generaréis,future,vosotros,gelecek
7974,2049,generarán,future,ellos,gelecek
7975,2055,valgo,present,yo,şimdi
7976,2055,vales,present,tú,şimdi
7977,2055,vale,present,él/ella,şimdi
7978,2055,valemos,present,nosotros,şimdi
7979,2055,valéis,present,vosotros,şimdi
7980,2055,valen,present,ellos,şimdi
7981,2055,valí,past,yo,di
7982,2055,valiste,past,tú,di
7983,2055,valió,past,él/ella,di
7984,2055,valimos,past,nosotros,di
7985,2055,valisteis,past,vosotros,di
7986,2055,valieron,past,ellos,di
7987,2055,valdré,future,yo,gelecek
7988,2055,valdrás,future,tú,gelecek
7989,2055,valdrá,future,él/ella,gelecek
7990,2055,valdremos,future,nosotros,gelecek
7991,2055,valdréis,future,vosotros,gelecek
7992,2055,valdrán,future,ellos,gelecek
7993,2060,retiro,present,yo,şimdi
7994,2060,retiras,present,tú,şimdi
7995,2060,retira,present,él/ella,şimdi
7996,2060,retiramos,present,nosotros,şimdi
7997,2060,retiráis,present,vosotros,şimdi
7998,2060,retiran,present,ellos,şimdi
7999,2060,retiré,past,yo,di
8000,2060,retiraste,past,tú,di
8001,2060,retiró,past,él/ella,di
8002,2060,retiramos,past,nosotros,di
8003,2060,retirasteis,past,vosotros,di
8004,2060,retiraron,past,ellos,di
8005,2060,retiraré,future,yo,gelecek
8006,2060,retirarás,future,tú,gelecek
8007,2060,retirará,future,él/ella,gelecek
8008,2060,retiraremos,future,nosotros,gelecek
8009,2060,retiraréis,future,vosotros,gelecek
8010,2060,retirarán,future,ellos,gelecek
8011,2061,incorporo,present,yo,şimdi
8012,2061,incorporas,present,tú,şimdi
8013,2061,incorpora,present,él/ella,şimdi
8014,2061,incorporamos,present,nosotros,şimdi
8015,2061,incorporáis,present,vosotros,şimdi
8016,2061,incorporan,present,ellos,şimdi
8017,2061,incorporé,past,yo,di
8018,2061,incorporaste,past,tú,di
8019,2061,incorporó,past,él/ella,di
8020,2061,incorporamos,past,nosotros,di
8021,2061,incorporasteis,past,vosotros,di
8022,2061,incorporaron,past,ellos,di
8023,2061,incorporaré,future,yo,gelecek
8024,2061,incorporarás,future,tú,gelecek
8025,2061,incorporará,future,él/ella,gelecek
8026,2061,incorporaremos,future,nosotros,gelecek
8027,2061,incorporaréis,future,vosotros,gelecek
8028,2061,incorporarán,future,ellos,gelecek
8029,2066,mando,present,yo,şimdi
8030,2066,mandas,present,tú,şimdi
8031,2066,manda,present,él/ella,şimdi
8032,2066,mandamos,present,nosotros,şimdi
8033,2066,mandáis,present,vosotros,şimdi
8034,2066,mandan,present,ellos,şimdi
8035,2066,mandé,past,yo,di
8036,2066,mandaste,past,tú,di
8037,2066,mandó,past,él/ella,di
8038,2066,mandamos,past,nosotros,di
8039,2066,mandasteis,past,vosotros,di
8040,2066,mandaron,past,ellos,di
8041,2066,mandaré,future,yo,gelecek
8042,2066,mandarás,future,tú,gelecek
8043,2066,mandará,future,él/ella,gelecek
8044,2066,mandaremos,future,nosotros,gelecek
8045,2066,mandaréis,future,vosotros,gelecek
8046,2066,mandarán,future,ellos,gelecek
8047,2068,convenco,present,yo,şimdi
8048,2068,convences,present,tú,şimdi
8049,2068,convence,present,él/ella,şimdi
8050,2068,convencemos,present,nosotros,şimdi
8051,2068,convencéis,present,vosotros,şimdi
8052,2068,convencen,present,ellos,şimdi
8053,2068,convencí,past,yo,di
8054,2068,convenciste,past,tú,di
8055,2068,convenció,past,él/ella,di
8056,2068,convencimos,past,nosotros,di
8057,2068,convencisteis,past,vosotros,di
8058,2068,convencieron,past,ellos,di
8059,2068,convenceré,future,yo,gelecek
8060,2068,convencerás,future,tú,gelecek
8061,2068,convencerá,future,él/ella,gelecek
8062,2068,convenceremos,future,nosotros,gelecek
8063,2068,convenceréis,future,vosotros,gelecek
8064,2068,convencerán,future,ellos,gelecek
8065,2077,empleo,present,yo,şimdi
8066,2077,empleas,present,tú,şimdi
8067,2077,emplea,present,él/ella,şimdi
8068,2077,empleamos,present,nosotros,şimdi
8069,2077,empleáis,present,vosotros,şimdi
8070,2077,emplean,present,ellos,şimdi
8071,2077,empleé,past,yo,di
8072,2077,empleaste,past,tú,di
8073,2077,empleó,past,él/ella,di
8074,2077,empleamos,past,nosotros,di
8075,2077,empleasteis,past,vosotros,di
8076,2077,emplearon,past,ellos,di
8077,2077,emplearé,future,yo,gelecek
8078,2077,emplearás,future,tú,gelecek
8079,2077,empleará,future,él/ella,gelecek
8080,2077,emplearemos,future,nosotros,gelecek
8081,2077,emplearéis,future,vosotros,gelecek
8082,2077,emplearán,future,ellos,gelecek
8083,2083,comprobo,present,yo,şimdi
8084,2083,comprobas,present,tú,şimdi
8085,2083,comproba,present,él/ella,şimdi
8086,2083,comprobamos,present,nosotros,şimdi
8087,2083,comprobáis,present,vosotros,şimdi
8088,2083,comproban,present,ellos,şimdi
8089,2083,comprobé,past,yo,di
8090,2083,comprobaste,past,tú,di
8091,2083,comprobó,past,él/ella,di
8092,2083,comprobamos,past,nosotros,di
8093,2083,comprobasteis,past,vosotros,di
8094,2083,comprobaron,past,ellos,di
8095,2083,comprobaré,future,yo,gelecek
8096,2083,comprobarás,future,tú,gelecek
8097,2083,comprobará,future,él/ella,gelecek
8098,2083,comprobaremos,future,nosotros,gelecek
8099,2083,comprobaréis,future,vosotros,gelecek
8100,2083,comprobarán,future,ellos,gelecek
8101,2086,atendo,present,yo,şimdi
8102,2086,atendes,present,tú,şimdi
8103,2086,atende,present,él/ella,şimdi
8104,2086,atendemos,present,nosotros,şimdi
8105,2086,atendéis,present,vosotros,şimdi
8106,2086,atenden,present,ellos,şimdi
8107,2086,atendí,past,yo,di
8108,2086,atendiste,past,tú,di
8109,2086,atendió,past,él/ella,di
8110,2086,atendimos,past,nosotros,di
8111,2086,atendisteis,past,vosotros,di
8112,2086,atendieron,past,ellos,di
8113,2086,atenderé,future,yo,gelecek
8114,2086,atenderás,future,tú,gelecek
8115,2086,atenderá,future,él/ella,gelecek
8116,2086,atenderemos,future,nosotros,gelecek
8117,2086,atenderéis,future,vosotros,gelecek
8118,2086,atenderán,future,ellos,gelecek
8119,2088,expono,present,yo,şimdi
8120,2088,expones,present,tú,şimdi
8121,2088,expone,present,él/ella,şimdi
8122,2088,exponemos,present,nosotros,şimdi
8123,2088,exponéis,present,vosotros,şimdi
8124,2088,exponen,present,ellos,şimdi
8125,2088,exponí,past,yo,di
8126,2088,exponiste,past,tú,di
8127,2088,exponió,past,él/ella,di
8128,2088,exponimos,past,nosotros,di
8129,2088,exponisteis,past,vosotros,di
8130,2088,exponieron,past,ellos,di
8131,2088,exponeré,future,yo,gelecek
8132,2088,exponerás,future,tú,gelecek
8133,2088,exponerá,future,él/ella,gelecek
8134,2088,exponeremos,future,nosotros,gelecek
8135,2088,exponeréis,future,vosotros,gelecek
8136,2088,exponerán,future,ellos,gelecek
8137,2093,parto,present,yo,şimdi
8138,2093,partes,present,tú,şimdi
8139,2093,parte,present,él/ella,şimdi
8140,2093,partimos,present,nosotros,şimdi
8141,2093,partís,present,vosotros,şimdi
8142,2093,parten,present,ellos,şimdi
8143,2093,partí,past,yo,di
8144,2093,partiste,past,tú,di
8145,2093,partió,past,él/ella,di
8146,2093,partimos,past,nosotros,di
8147,2093,partisteis,past,vosotros,di
8148,2093,partieron,past,ellos,di
8149,2093,partiré,future,yo,gelecek
8150,2093,partirás,future,tú,gelecek
8151,2093,partirá,future,él/ella,gelecek
8152,2093,partiremos,future,nosotros,gelecek
8153,2093,partiréis,future,vosotros,gelecek
8154,2093,partirán,future,ellos,gelecek
8155,2106,sorprendo,present,yo,şimdi
8156,2106,sorprendes,present,tú,şimdi
8157,2106,sorprende,present,él/ella,şimdi
8158,2106,sorprendemos,present,nosotros,şimdi
8159,2106,sorprendéis,present,vosotros,şimdi
8160,2106,sorprenden,present,ellos,şimdi
8161,2106,sorprendí,past,yo,di
8162,2106,sorprendiste,past,tú,di
8163,2106,sorprendió,past,él/ella,di
8164,2106,sorprendimos,past,nosotros,di
8165,2106,sorprendisteis,past,vosotros,di
8166,2106,sorprendieron,past,ellos,di
8167,2106,sorprenderé,future,yo,gelecek
8168,2106,sorprenderás,future,tú,gelecek
8169,2106,sorprenderá,future,él/ella,gelecek
8170,2106,sorprenderemos,future,nosotros,gelecek
8171,2106,sorprenderéis,future,vosotros,gelecek
8172,2106,sorprenderán,future,ellos,gelecek
8173,2108,causo,present,yo,şimdi
8174,2108,causas,present,tú,şimdi
8175,2108,causa,present,él/ella,şimdi
8176,2108,causamos,present,nosotros,şimdi
8177,2108,causáis,present,vosotros,şimdi
8178,2108,causan,present,ellos,şimdi
8179,2108,causé,past,yo,di
8180,2108,causaste,past,tú,di
8181,2108,causó,past,él/ella,di
8182,2108,causamos,past,nosotros,di
8183,2108,causasteis,past,vosotros,di
8184,2108,causaron,past,ellos,di
8185,2108,causaré,future,yo,gelecek
8186,2108,causarás,future,tú,gelecek
8187,2108,causará,future,él/ella,gelecek
8188,2108,causaremos,future,nosotros,gelecek
8189,2108,causaréis,future,vosotros,gelecek
8190,2108,causarán,future,ellos,gelecek
8191,2109,avanzo,present,yo,şimdi
8192,2109,avanzas,present,tú,şimdi
8193,2109,avanza,present,él/ella,şimdi
8194,2109,avanzamos,present,nosotros,şimdi
8195,2109,avanzáis,present,vosotros,şimdi
8196,2109,avanzan,present,ellos,şimdi
8197,2109,avancé,past,yo,di
8198,2109,avanzaste,past,tú,di
8199,2109,avanzó,past,él/ella,di
8200,2109,avanzamos,past,nosotros,di
8201,2109,avanzasteis,past,vosotros,di
8202,2109,avanzaron,past,ellos,di
8203,2109,avanzaré,future,yo,gelecek
8204,2109,avanzarás,future,tú,gelecek
8205,2109,avanzará,future,él/ella,gelecek
8206,2109,avanzaremos,future,nosotros,gelecek
8207,2109,avanzaréis,future,vosotros,gelecek
8208,2109,avanzarán,future,ellos,gelecek
8209,2116,conservo,present,yo,şimdi
8210,2116,conservas,present,tú,şimdi
8211,2116,conserva,present,él/ella,şimdi
8212,2116,conservamos,present,nosotros,şimdi
8213,2116,conserváis,present,vosotros,şimdi
8214,2116,conservan,present,ellos,şimdi
8215,2116,conservé,past,yo,di
8216,2116,conservaste,past,tú,di
8217,2116,conservó,past,él/ella,di
8218,2116,conservamos,past,nosotros,di
8219,2116,conservasteis,past,vosotros,di
8220,2116,conservaron,past,ellos,di
8221,2116,conservaré,future,yo,gelecek
8222,2116,conservarás,future,tú,gelecek
8223,2116,conservará,future,él/ella,gelecek
8224,2116,conservaremos,future,nosotros,gelecek
8225,2116,conservaréis,future,vosotros,gelecek
8226,2116,conservarán,future,ellos,gelecek
8227,2128,ejerco,present,yo,şimdi
8228,2128,ejerces,present,tú,şimdi
8229,2128,ejerce,present,él/ella,şimdi
8230,2128,ejercemos,present,nosotros,şimdi
8231,2128,ejercéis,present,vosotros,şimdi
8232,2128,ejercen,present,ellos,şimdi
8233,2128,ejercí,past,yo,di
8234,2128,ejerciste,past,tú,di
8235,2128,ejerció,past,él/ella,di
8236,2128,ejercimos,past,nosotros,di
8237,2128,ejercisteis,past,vosotros,di
8238,2128,ejercieron,past,ellos,di
8239,2128,ejerceré,future,yo,gelecek
8240,2128,ejercerás,future,tú,gelecek
8241,2128,ejercerá,future,él/ella,gelecek
8242,2128,ejerceremos,future,nosotros,gelecek
8243,2128,ejerceréis,future,vosotros,gelecek
8244,2128,ejercerán,future,ellos,gelecek
8245,2130,coincido,present,yo,şimdi
8246,2130,coincides,present,tú,şimdi
8247,2130,coincide,present,él/ella,şimdi
8248,2130,coincidimos,present,nosotros,şimdi
8249,2130,coincidís,present,vosotros,şimdi
8250,2130,coinciden,present,ellos,şimdi
8251,2130,coincidí,past,yo,di
8252,2130,coincidiste,past,tú,di
8253,2130,coincidió,past,él/ella,di
8254,2130,coincidimos,past,nosotros,di
8255,2130,coincidisteis,past,vosotros,di
8256,2130,coincidieron,past,ellos,di
8257,2130,coincidiré,future,yo,gelecek
8258,2130,coincidirás,future,tú,gelecek
8259,2130,coincidirá,future,él/ella,gelecek
8260,2130,coincidiremos,future,nosotros,gelecek
8261,2130,coincidiréis,future,vosotros,gelecek
8262,2130,coincidirán,future,ellos,gelecek
8263,2137,despierto,present,yo,şimdi
8264,2137,despiertas,present,tú,şimdi
8265,2137,despierta,present,él/ella,şimdi
8266,2137,despertamos,present,nosotros,şimdi
8267,2137,despertáis,present,vosotros,şimdi
8268,2137,despiertan,present,ellos,şimdi
8269,2137,desperté,past,yo,di
8270,2137,despertaste,past,tú,di
8271,2137,despertó,past,él/ella,di
8272,2137,despertamos,past,nosotros,di
8273,2137,despertasteis,past,vosotros,di
8274,2137,despertaron,past,ellos,di
8275,2137,despertaré,future,yo,gelecek
8276,2137,despertarás,future,tú,gelecek
8277,2137,despertará,future,él/ella,gelecek
8278,2137,despertaremos,future,nosotros,gelecek
8279,2137,despertaréis,future,vosotros,gelecek
8280,2137,despertarán,future,ellos,gelecek
8281,2138,limito,present,yo,şimdi
8282,2138,limitas,present,tú,şimdi
8283,2138,limita,present,él/ella,şimdi
8284,2138,limitamos,present,nosotros,şimdi
8285,2138,limitáis,present,vosotros,şimdi
8286,2138,limitan,present,ellos,şimdi
8287,2138,limité,past,yo,di
8288,2138,limitaste,past,tú,di
8289,2138,limitó,past,él/ella,di
8290,2138,limitamos,past,nosotros,di
8291,2138,limitasteis,past,vosotros,di
8292,2138,limitaron,past,ellos,di
8293,2138,limitaré,future,yo,gelecek
8294,2138,limitarás,future,tú,gelecek
8295,2138,limitará,future,él/ella,gelecek
8296,2138,limitaremos,future,nosotros,gelecek
8297,2138,limitaréis,future,vosotros,gelecek
8298,2138,limitarán,future,ellos,gelecek
8299,2142,rodeo,present,yo,şimdi
8300,2142,rodeas,present,tú,şimdi
8301,2142,rodea,present,él/ella,şimdi
8302,2142,rodeamos,present,nosotros,şimdi
8303,2142,rodeáis,present,vosotros,şimdi
8304,2142,rodean,present,ellos,şimdi
8305,2142,rodeé,past,yo,di
8306,2142,rodeaste,past,tú,di
8307,2142,rodeó,past,él/ella,di
8308,2142,rodeamos,past,nosotros,di
8309,2142,rodeasteis,past,vosotros,di
8310,2142,rodearon,past,ellos,di
8311,2142,rodearé,future,yo,gelecek
8312,2142,rodearás,future,tú,gelecek
8313,2142,rodeará,future,él/ella,gelecek
8314,2142,rodearemos,future,nosotros,gelecek
8315,2142,rodearéis,future,vosotros,gelecek
8316,2142,rodearán,future,ellos,gelecek
8317,2144,instalo,present,yo,şimdi
8318,2144,instalas,present,tú,şimdi
8319,2144,instala,present,él/ella,şimdi
8320,2144,instalamos,present,nosotros,şimdi
8321,2144,instaláis,present,vosotros,şimdi
8322,2144,instalan,present,ellos,şimdi
8323,2144,instalé,past,yo,di
8324,2144,instalaste,past,tú,di
8325,2144,instaló,past,él/ella,di
8326,2144,instalamos,past,nosotros,di
8327,2144,instalasteis,past,vosotros,di
8328,2144,instalaron,past,ellos,di
8329,2144,instalaré,future,yo,gelecek
8330,2144,instalarás,future,tú,gelecek
8331,2144,instalará,future,él/ella,gelecek
8332,2144,instalaremos,future,nosotros,gelecek
8333,2144,instalaréis,future,vosotros,gelecek
8334,2144,instalarán,future,ellos,gelecek
8335,2145,interveno,present,yo,şimdi
8336,2145,intervenes,present,tú,şimdi
8337,2145,intervene,present,él/ella,şimdi
8338,2145,intervenimos,present,nosotros,şimdi
8339,2145,intervenís,present,vosotros,şimdi
8340,2145,intervenen,present,ellos,şimdi
8341,2145,intervení,past,yo,di
8342,2145,interveniste,past,tú,di
8343,2145,intervenió,past,él/ella,di
8344,2145,intervenimos,past,nosotros,di
8345,2145,intervenisteis,past,vosotros,di
8346,2145,intervenieron,past,ellos,di
8347,2145,interveniré,future,yo,gelecek
8348,2145,intervenirás,future,tú,gelecek
8349,2145,intervenirá,future,él/ella,gelecek
8350,2145,interveniremos,future,nosotros,gelecek
8351,2145,interveniréis,future,vosotros,gelecek
8352,2145,intervenirán,future,ellos,gelecek
8353,2146,contribuo,present,yo,şimdi
8354,2146,contribues,present,tú,şimdi
8355,2146,contribue,present,él/ella,şimdi
8356,2146,contribuimos,present,nosotros,şimdi
8357,2146,contribuís,present,vosotros,şimdi
8358,2146,contribuen,present,ellos,şimdi
8359,2146,contribuí,past,yo,di
8360,2146,contribuiste,past,tú,di
8361,2146,contribuió,past,él/ella,di
8362,2146,contribuimos,past,nosotros,di
8363,2146,contribuisteis,past,vosotros,di
8364,2146,contribuieron,past,ellos,di
8365,2146,contribuiré,future,yo,gelecek
8366,2146,contribuirás,future,tú,gelecek
8367,2146,contribuirá,future,él/ella,gelecek
8368,2146,contribuiremos,future,nosotros,gelecek
8369,2146,contribuiréis,future,vosotros,gelecek
8370,2146,contribuirán,future,ellos,gelecek
8371,2148,identifico,present,yo,şimdi
8372,2148,identificas,present,tú,şimdi
8373,2148,identifica,present,él/ella,şimdi
8374,2148,identificamos,present,nosotros,şimdi
8375,2148,identificáis,present,vosotros,şimdi
8376,2148,identifican,present,ellos,şimdi
8377,2148,identifiqué,past,yo,di
8378,2148,identificaste,past,tú,di
8379,2148,identificó,past,él/ella,di
8380,2148,identificamos,past,nosotros,di
8381,2148,identificasteis,past,vosotros,di
8382,2148,identificaron,past,ellos,di
8383,2148,identificaré,future,yo,gelecek
8384,2148,identificarás,future,tú,gelecek
8385,2148,identificará,future,él/ella,gelecek
8386,2148,identificaremos,future,nosotros,gelecek
8387,2148,identificaréis,future,vosotros,gelecek
8388,2148,identificarán,future,ellos,gelecek
8389,2149,tiro,present,yo,şimdi
8390,2149,tiras,present,tú,şimdi
8391,2149,tira,present,él/ella,şimdi
8392,2149,tiramos,present,nosotros,şimdi
8393,2149,tiráis,present,vosotros,şimdi
8394,2149,tiran,present,ellos,şimdi
8395,2149,tiré,past,yo,di
8396,2149,tiraste,past,tú,di
8397,2149,tiró,past,él/ella,di
8398,2149,tiramos,past,nosotros,di
8399,2149,tirasteis,past,vosotros,di
8400,2149,tiraron,past,ellos,di
8401,2149,tiraré,future,yo,gelecek
8402,2149,tirarás,future,tú,gelecek
8403,2149,tirará,future,él/ella,gelecek
8404,2149,tiraremos,future,nosotros,gelecek
8405,2149,tiraréis,future,vosotros,gelecek
8406,2149,tirarán,future,ellos,gelecek
8407,2152,implico,present,yo,şimdi
8408,2152,implicas,present,tú,şimdi
8409,2152,implica,present,él/ella,şimdi
8410,2152,implicamos,present,nosotros,şimdi
8411,2152,implicáis,present,vosotros,şimdi
8412,2152,implican,present,ellos,şimdi
8413,2152,impliqué,past,yo,di
8414,2152,implicaste,past,tú,di
8415,2152,implicó,past,él/ella,di
8416,2152,implicamos,past,nosotros,di
8417,2152,implicasteis,past,vosotros,di
8418,2152,implicaron,past,ellos,di
8419,2152,implicaré,future,yo,gelecek
8420,2152,implicarás,future,tú,gelecek
8421,2152,implicará,future,él/ella,gelecek
8422,2152,implicaremos,future,nosotros,gelecek
8423,2152,implicaréis,future,vosotros,gelecek
8424,2152,implicarán,future,ellos,gelecek
8425,2164,presto,present,yo,şimdi
8426,2164,prestas,present,tú,şimdi
8427,2164,presta,present,él/ella,şimdi
8428,2164,prestamos,present,nosotros,şimdi
8429,2164,prestáis,present,vosotros,şimdi
8430,2164,prestan,present,ellos,şimdi
8431,2164,presté,past,yo,di
8432,2164,prestaste,past,tú,di
8433,2164,prestó,past,él/ella,di
8434,2164,prestamos,past,nosotros,di
8435,2164,prestasteis,past,vosotros,di
8436,2164,prestaron,past,ellos,di
8437,2164,prestaré,future,yo,gelecek
8438,2164,prestarás,future,tú,gelecek
8439,2164,prestará,future,él/ella,gelecek
8440,2164,prestaremos,future,nosotros,gelecek
8441,2164,prestaréis,future,vosotros,gelecek
8442,2164,prestarán,future,ellos,gelecek
8443,2165,compono,present,yo,şimdi
8444,2165,compones,present,tú,şimdi
8445,2165,compone,present,él/ella,şimdi
8446,2165,componemos,present,nosotros,şimdi
8447,2165,componéis,present,vosotros,şimdi
8448,2165,componen,present,ellos,şimdi
8449,2165,componí,past,yo,di
8450,2165,componiste,past,tú,di
8451,2165,componió,past,él/ella,di
8452,2165,componimos,past,nosotros,di
8453,2165,componisteis,past,vosotros,di
8454,2165,componieron,past,ellos,di
8455,2165,componeré,future,yo,gelecek
8456,2165,componerás,future,tú,gelecek
8457,2165,componerá,future,él/ella,gelecek
8458,2165,componeremos,future,nosotros,gelecek
8459,2165,componeréis,future,vosotros,gelecek
8460,2165,componerán,future,ellos,gelecek
8461,2182,facilito,present,yo,şimdi
8462,2182,facilitas,present,tú,şimdi
8463,2182,facilita,present,él/ella,şimdi
8464,2182,facilitamos,present,nosotros,şimdi
8465,2182,facilitáis,present,vosotros,şimdi
8466,2182,facilitan,present,ellos,şimdi
8467,2182,facilité,past,yo,di
8468,2182,facilitaste,past,tú,di
8469,2182,facilitó,past,él/ella,di
8470,2182,facilitamos,past,nosotros,di
8471,2182,facilitasteis,past,vosotros,di
8472,2182,facilitaron,past,ellos,di
8473,2182,facilitaré,future,yo,gelecek
8474,2182,facilitarás,future,tú,gelecek
8475,2182,facilitará,future,él/ella,gelecek
8476,2182,facilitaremos,future,nosotros,gelecek
8477,2182,facilitaréis,future,vosotros,gelecek
8478,2182,facilitarán,future,ellos,gelecek
8479,2187,basto,present,yo,şimdi
8480,2187,bastas,present,tú,şimdi
8481,2187,basta,present,él/ella,şimdi
8482,2187,bastamos,present,nosotros,şimdi
8483,2187,bastáis,present,vosotros,şimdi
8484,2187,bastan,present,ellos,şimdi
8485,2187,basté,past,yo,di
8486,2187,bastaste,past,tú,di
8487,2187,bastó,past,él/ella,di
8488,2187,bastamos,past,nosotros,di
8489,2187,bastasteis,past,vosotros,di
8490,2187,bastaron,past,ellos,di
8491,2187,bastaré,future,yo,gelecek
8492,2187,bastarás,future,tú,gelecek
8493,2187,bastará,future,él/ella,gelecek
8494,2187,bastaremos,future,nosotros,gelecek
8495,2187,bastaréis,future,vosotros,gelecek
8496,2187,bastarán,future,ellos,gelecek
8497,2194,mereco,present,yo,şimdi
8498,2194,mereces,present,tú,şimdi
8499,2194,merece,present,él/ella,şimdi
8500,2194,merecemos,present,nosotros,şimdi
8501,2194,merecéis,present,vosotros,şimdi
8502,2194,merecen,present,ellos,şimdi
8503,2194,merecí,past,yo,di
8504,2194,mereciste,past,tú,di
8505,2194,mereció,past,él/ella,di
8506,2194,merecimos,past,nosotros,di
8507,2194,merecisteis,past,vosotros,di
8508,2194,merecieron,past,ellos,di
8509,2194,mereceré,future,yo,gelecek
8510,2194,merecerás,future,tú,gelecek
8511,2194,merecerá,future,él/ella,gelecek
8512,2194,mereceremos,future,nosotros,gelecek
8513,2194,mereceréis,future,vosotros,gelecek
8514,2194,merecerán,future,ellos,gelecek
8515,2196,transformo,present,yo,şimdi
8516,2196,transformas,present,tú,şimdi
8517,2196,transforma,present,él/ella,şimdi
8518,2196,transformamos,present,nosotros,şimdi
8519,2196,transformáis,present,vosotros,şimdi
8520,2196,transforman,present,ellos,şimdi
8521,2196,transformé,past,yo,di
8522,2196,transformaste,past,tú,di
8523,2196,transformó,past,él/ella,di
8524,2196,transformamos,past,nosotros,di
8525,2196,transformasteis,past,vosotros,di
8526,2196,transformaron,past,ellos,di
8527,2196,transformaré,future,yo,gelecek
8528,2196,transformarás,future,tú,gelecek
8529,2196,transformará,future,él/ella,gelecek
8530,2196,transformaremos,future,nosotros,gelecek
8531,2196,transformaréis,future,vosotros,gelecek
8532,2196,transformarán,future,ellos,gelecek
8533,2201,procedo,present,yo,şimdi
8534,2201,procedes,present,tú,şimdi
8535,2201,procede,present,él/ella,şimdi
8536,2201,procedemos,present,nosotros,şimdi
8537,2201,procedéis,present,vosotros,şimdi
8538,2201,proceden,present,ellos,şimdi
8539,2201,procedí,past,yo,di
8540,2201,procediste,past,tú,di
8541,2201,procedió,past,él/ella,di
8542,2201,procedimos,past,nosotros,di
8543,2201,procedisteis,past,vosotros,di
8544,2201,procedieron,past,ellos,di
8545,2201,procederé,future,yo,gelecek
8546,2201,procederás,future,tú,gelecek
8547,2201,procederá,future,él/ella,gelecek
8548,2201,procederemos,future,nosotros,gelecek
8549,2201,procederéis,future,vosotros,gelecek
8550,2201,procederán,future,ellos,gelecek
8551,2209,revelo,present,yo,şimdi
8552,2209,revelas,present,tú,şimdi
8553,2209,revela,present,él/ella,şimdi
8554,2209,revelamos,present,nosotros,şimdi
8555,2209,reveláis,present,vosotros,şimdi
8556,2209,revelan,present,ellos,şimdi
8557,2209,revelé,past,yo,di
8558,2209,revelaste,past,tú,di
8559,2209,reveló,past,él/ella,di
8560,2209,revelamos,past,nosotros,di
8561,2209,revelasteis,past,vosotros,di
8562,2209,revelaron,past,ellos,di
8563,2209,revelaré,future,yo,gelecek
8564,2209,revelarás,future,tú,gelecek
8565,2209,revelará,future,él/ella,gelecek
8566,2209,revelaremos,future,nosotros,gelecek
8567,2209,revelaréis,future,vosotros,gelecek
8568,2209,revelarán,future,ellos,gelecek
8569,2211,salvo,present,yo,şimdi
8570,2211,salvas,present,tú,şimdi
8571,2211,salva,present,él/ella,şimdi
8572,2211,salvamos,present,nosotros,şimdi
8573,2211,salváis,present,vosotros,şimdi
8574,2211,salvan,present,ellos,şimdi
8575,2211,salvé,past,yo,di
8576,2211,salvaste,past,tú,di
8577,2211,salvó,past,él/ella,di
8578,2211,salvamos,past,nosotros,di
8579,2211,salvasteis,past,vosotros,di
8580,2211,salvaron,past,ellos,di
8581,2211,salvaré,future,yo,gelecek
8582,2211,salvarás,future,tú,gelecek
8583,2211,salvará,future,él/ella,gelecek
8584,2211,salvaremos,future,nosotros,gelecek
8585,2211,salvaréis,future,vosotros,gelecek
8586,2211,salvarán,future,ellos,gelecek
8587,2212,apunto,present,yo,şimdi
8588,2212,apuntas,present,tú,şimdi
8589,2212,apunta,present,él/ella,şimdi
8590,2212,apuntamos,present,nosotros,şimdi
8591,2212,apuntáis,present,vosotros,şimdi
8592,2212,apuntan,present,ellos,şimdi
8593,2212,apunté,past,yo,di
8594,2212,apuntaste,past,tú,di
8595,2212,apuntó,past,él/ella,di
8596,2212,apuntamos,past,nosotros,di
8597,2212,apuntasteis,past,vosotros,di
8598,2212,apuntaron,past,ellos,di
8599,2212,apuntaré,future,yo,gelecek
8600,2212,apuntarás,future,tú,gelecek
8601,2212,apuntará,future,él/ella,gelecek
8602,2212,apuntaremos,future,nosotros,gelecek
8603,2212,apuntaréis,future,vosotros,gelecek
8604,2212,apuntarán,future,ellos,gelecek
8605,2213,tendo,present,yo,şimdi
8606,2213,tendes,present,tú,şimdi
8607,2213,tende,present,él/ella,şimdi
8608,2213,tendemos,present,nosotros,şimdi
8609,2213,tendéis,present,vosotros,şimdi
8610,2213,tenden,present,ellos,şimdi
8611,2213,tendí,past,yo,di
8612,2213,tendiste,past,tú,di
8613,2213,tendió,past,él/ella,di
8614,2213,tendimos,past,nosotros,di
8615,2213,tendisteis,past,vosotros,di
8616,2213,tendieron,past,ellos,di
8617,2213,tenderé,future,yo,gelecek
8618,2213,tenderás,future,tú,gelecek
8619,2213,tenderá,future,él/ella,gelecek
8620,2213,tenderemos,future,nosotros,gelecek
8621,2213,tenderéis,future,vosotros,gelecek
8622,2213,tenderán,future,ellos,gelecek
8623,2214,sumo,present,yo,şimdi
8624,2214,sumas,present,tú,şimdi
8625,2214,suma,present,él/ella,şimdi
8626,2214,sumamos,present,nosotros,şimdi
8627,2214,sumáis,present,vosotros,şimdi
8628,2214,suman,present,ellos,şimdi
8629,2214,sumé,past,yo,di
8630,2214,sumaste,past,tú,di
8631,2214,sumó,past,él/ella,di
8632,2214,sumamos,past,nosotros,di
8633,2214,sumasteis,past,vosotros,di
8634,2214,sumaron,past,ellos,di
8635,2214,sumaré,future,yo,gelecek
8636,2214,sumarás,future,tú,gelecek
8637,2214,sumará,future,él/ella,gelecek
8638,2214,sumaremos,future,nosotros,gelecek
8639,2214,sumaréis,future,vosotros,gelecek
8640,2214,sumarán,future,ellos,gelecek
8641,2218,destino,present,yo,şimdi
8642,2218,destinas,present,tú,şimdi
8643,2218,destina,present,él/ella,şimdi
8644,2218,destinamos,present,nosotros,şimdi
8645,2218,destináis,present,vosotros,şimdi
8646,2218,destinan,present,ellos,şimdi
8647,2218,destiné,past,yo,di
8648,2218,destinaste,past,tú,di
8649,2218,destinó,past,él/ella,di
8650,2218,destinamos,past,nosotros,di
8651,2218,destinasteis,past,vosotros,di
8652,2218,destinaron,past,ellos,di
8653,2218,destinaré,future,yo,gelecek
8654,2218,destinarás,future,tú,gelecek
8655,2218,destinará,future,él/ella,gelecek
8656,2218,destinaremos,future,nosotros,gelecek
8657,2218,destinaréis,future,vosotros,gelecek
8658,2218,destinarán,future,ellos,gelecek
8659,2228,caso,present,yo,şimdi
8660,2228,casas,present,tú,şimdi
8661,2228,casa,present,él/ella,şimdi
8662,2228,casamos,present,nosotros,şimdi
8663,2228,casáis,present,vosotros,şimdi
8664,2228,casan,present,ellos,şimdi
8665,2228,casé,past,yo,di
8666,2228,casaste,past,tú,di
8667,2228,casó,past,él/ella,di
8668,2228,casamos,past,nosotros,di
8669,2228,casasteis,past,vosotros,di
8670,2228,casaron,past,ellos,di
8671,2228,casaré,future,yo,gelecek
8672,2228,casarás,future,tú,gelecek
8673,2228,casará,future,él/ella,gelecek
8674,2228,casaremos,future,nosotros,gelecek
8675,2228,casaréis,future,vosotros,gelecek
8676,2228,casarán,future,ellos,gelecek
8677,2235,traslado,present,yo,şimdi
8678,2235,trasladas,present,tú,şimdi
8679,2235,traslada,present,él/ella,şimdi
8680,2235,trasladamos,present,nosotros,şimdi
8681,2235,trasladáis,present,vosotros,şimdi
8682,2235,trasladan,present,ellos,şimdi
8683,2235,trasladé,past,yo,di
8684,2235,trasladaste,past,tú,di
8685,2235,trasladó,past,él/ella,di
8686,2235,trasladamos,past,nosotros,di
8687,2235,trasladasteis,past,vosotros,di
8688,2235,trasladaron,past,ellos,di
8689,2235,trasladaré,future,yo,gelecek
8690,2235,trasladarás,future,tú,gelecek
8691,2235,trasladará,future,él/ella,gelecek
8692,2235,trasladaremos,future,nosotros,gelecek
8693,2235,trasladaréis,future,vosotros,gelecek
8694,2235,trasladarán,future,ellos,gelecek
8695,2239,califico,present,yo,şimdi
8696,2239,calificas,present,tú,şimdi
8697,2239,califica,present,él/ella,şimdi
8698,2239,calificamos,present,nosotros,şimdi
8699,2239,calificáis,present,vosotros,şimdi
8700,2239,califican,present,ellos,şimdi
8701,2239,califiqué,past,yo,di
8702,2239,calificaste,past,tú,di
8703,2239,calificó,past,él/ella,di
8704,2239,calificamos,past,nosotros,di
8705,2239,calificasteis,past,vosotros,di
8706,2239,calificaron,past,ellos,di
8707,2239,calificaré,future,yo,gelecek
8708,2239,calificarás,future,tú,gelecek
8709,2239,calificará,future,él/ella,gelecek
8710,2239,calificaremos,future,nosotros,gelecek
8711,2239,calificaréis,future,vosotros,gelecek
8712,2239,calificarán,future,ellos,gelecek
8713,2241,interpreto,present,yo,şimdi
8714,2241,interpretas,present,tú,şimdi
8715,2241,interpreta,present,él/ella,şimdi
8716,2241,interpretamos,present,nosotros,şimdi
8717,2241,interpretáis,present,vosotros,şimdi
8718,2241,interpretan,present,ellos,şimdi
8719,2241,interpreté,past,yo,di
8720,2241,interpretaste,past,tú,di
8721,2241,interpretó,past,él/ella,di
8722,2241,interpretamos,past,nosotros,di
8723,2241,interpretasteis,past,vosotros,di
8724,2241,interpretaron,past,ellos,di
8725,2241,interpretaré,future,yo,gelecek
8726,2241,interpretarás,future,tú,gelecek
8727,2241,interpretará,future,él/ella,gelecek
8728,2241,interpretaremos,future,nosotros,gelecek
8729,2241,interpretaréis,future,vosotros,gelecek
8730,2241,interpretarán,future,ellos,gelecek
8731,2242,noto,present,yo,şimdi
8732,2242,notas,present,tú,şimdi
8733,2242,nota,present,él/ella,şimdi
8734,2242,notamos,present,nosotros,şimdi
8735,2242,notáis,present,vosotros,şimdi
8736,2242,notan,present,ellos,şimdi
8737,2242,noté,past,yo,di
8738,2242,notaste,past,tú,di
8739,2242,notó,past,él/ella,di
8740,2242,notamos,past,nosotros,di
8741,2242,notasteis,past,vosotros,di
8742,2242,notaron,past,ellos,di
8743,2242,notaré,future,yo,gelecek
8744,2242,notarás,future,tú,gelecek
8745,2242,notará,future,él/ella,gelecek
8746,2242,notaremos,future,nosotros,gelecek
8747,2242,notaréis,future,vosotros,gelecek
8748,2242,notarán,future,ellos,gelecek
8749,2243,reflejo,present,yo,şimdi
8750,2243,reflejas,present,tú,şimdi
8751,2243,refleja,present,él/ella,şimdi
8752,2243,reflejamos,present,nosotros,şimdi
8753,2243,reflejáis,present,vosotros,şimdi
8754,2243,reflejan,present,ellos,şimdi
8755,2243,reflejé,past,yo,di
8756,2243,reflejaste,past,tú,di
8757,2243,reflejó,past,él/ella,di
8758,2243,reflejamos,past,nosotros,di
8759,2243,reflejasteis,past,vosotros,di
8760,2243,reflejaron,past,ellos,di
8761,2243,reflejaré,future,yo,gelecek
8762,2243,reflejarás,future,tú,gelecek
8763,2243,reflejará,future,él/ella,gelecek
8764,2243,reflejaremos,future,nosotros,gelecek
8765,2243,reflejaréis,future,vosotros,gelecek
8766,2243,reflejarán,future,ellos,gelecek
8767,2246,elaboro,present,yo,şimdi
8768,2246,elaboras,present,tú,şimdi
8769,2246,elabora,present,él/ella,şimdi
8770,2246,elaboramos,present,nosotros,şimdi
8771,2246,elaboráis,present,vosotros,şimdi
8772,2246,elaboran,present,ellos,şimdi
8773,2246,elaboré,past,yo,di
8774,2246,elaboraste,past,tú,di
8775,2246,elaboró,past,él/ella,di
8776,2246,elaboramos,past,nosotros,di
8777,2246,elaborasteis,past,vosotros,di
8778,2246,elaboraron,past,ellos,di
8779,2246,elaboraré,future,yo,gelecek
8780,2246,elaborarás,future,tú,gelecek
8781,2246,elaborará,future,él/ella,gelecek
8782,2246,elaboraremos,future,nosotros,gelecek
8783,2246,elaboraréis,future,vosotros,gelecek
8784,2246,elaborarán,future,ellos,gelecek
8785,2253,cometo,present,yo,şimdi
8786,2253,cometes,present,tú,şimdi
8787,2253,comete,present,él/ella,şimdi
8788,2253,cometemos,present,nosotros,şimdi
8789,2253,cometéis,present,vosotros,şimdi
8790,2253,cometen,present,ellos,şimdi
8791,2253,cometí,past,yo,di
8792,2253,cometiste,past,tú,di
8793,2253,cometió,past,él/ella,di
8794,2253,cometimos,past,nosotros,di
8795,2253,cometisteis,past,vosotros,di
8796,2253,cometieron,past,ellos,di
8797,2253,cometeré,future,yo,gelecek
8798,2253,cometerás,future,tú,gelecek
8799,2253,cometerá,future,él/ella,gelecek
8800,2253,cometeremos,future,nosotros,gelecek
8801,2253,cometeréis,future,vosotros,gelecek
8802,2253,cometerán,future,ellos,gelecek
8803,2254,recorro,present,yo,şimdi
8804,2254,recorres,present,tú,şimdi
8805,2254,recorre,present,él/ella,şimdi
8806,2254,recorremos,present,nosotros,şimdi
8807,2254,recorréis,present,vosotros,şimdi
8808,2254,recorren,present,ellos,şimdi
8809,2254,recorrí,past,yo,di
8810,2254,recorriste,past,tú,di
8811,2254,recorrió,past,él/ella,di
8812,2254,recorrimos,past,nosotros,di
8813,2254,recorristeis,past,vosotros,di
8814,2254,recorrieron,past,ellos,di
8815,2254,recorreré,future,yo,gelecek
8816,2254,recorrerás,future,tú,gelecek
8817,2254,recorrerá,future,él/ella,gelecek
8818,2254,recorreremos,future,nosotros,gelecek
8819,2254,recorreréis,future,vosotros,gelecek
8820,2254,recorrerán,future,ellos,gelecek
8821,2258,venco,present,yo,şimdi
8822,2258,vences,present,tú,şimdi
8823,2258,vence,present,él/ella,şimdi
8824,2258,vencemos,present,nosotros,şimdi
8825,2258,vencéis,present,vosotros,şimdi
8826,2258,vencen,present,ellos,şimdi
8827,2258,vencí,past,yo,di
8828,2258,venciste,past,tú,di
8829,2258,venció,past,él/ella,di
8830,2258,vencimos,past,nosotros,di
8831,2258,vencisteis,past,vosotros,di
8832,2258,vencieron,past,ellos,di
8833,2258,venceré,future,yo,gelecek
8834,2258,vencerás,future,tú,gelecek
8835,2258,vencerá,future,él/ella,gelecek
8836,2258,venceremos,future,nosotros,gelecek
8837,2258,venceréis,future,vosotros,gelecek
8838,2258,vencerán,future,ellos,gelecek
8839,2266,cobro,present,yo,şimdi
8840,2266,cobras,present,tú,şimdi
8841,2266,cobra,present,él/ella,şimdi
8842,2266,cobramos,present,nosotros,şimdi
8843,2266,cobráis,present,vosotros,şimdi
8844,2266,cobran,present,ellos,şimdi
8845,2266,cobré,past,yo,di
8846,2266,cobraste,past,tú,di
8847,2266,cobró,past,él/ella,di
8848,2266,cobramos,past,nosotros,di
8849,2266,cobrasteis,past,vosotros,di
8850,2266,cobraron,past,ellos,di
8851,2266,cobraré,future,yo,gelecek
8852,2266,cobrarás,future,tú,gelecek
8853,2266,cobrará,future,él/ella,gelecek
8854,2266,cobraremos,future,nosotros,gelecek
8855,2266,cobraréis,future,vosotros,gelecek
8856,2266,cobrarán,future,ellos,gelecek
8857,2267,estimo,present,yo,şimdi
8858,2267,estimas,present,tú,şimdi
8859,2267,estima,present,él/ella,şimdi
8860,2267,estimamos,present,nosotros,şimdi
8861,2267,estimáis,present,vosotros,şimdi
8862,2267,estiman,present,ellos,şimdi
8863,2267,estimé,past,yo,di
8864,2267,estimaste,past,tú,di
8865,2267,estimó,past,él/ella,di
8866,2267,estimamos,past,nosotros,di
8867,2267,estimasteis,past,vosotros,di
8868,2267,estimaron,past,ellos,di
8869,2267,estimaré,future,yo,gelecek
8870,2267,estimarás,future,tú,gelecek
8871,2267,estimará,future,él/ella,gelecek
8872,2267,estimaremos,future,nosotros,gelecek
8873,2267,estimaréis,future,vosotros,gelecek
8874,2267,estimarán,future,ellos,gelecek
8875,2269,amo,present,yo,şimdi
8876,2269,amas,present,tú,şimdi
8877,2269,ama,present,él/ella,şimdi
8878,2269,amamos,present,nosotros,şimdi
8879,2269,amáis,present,vosotros,şimdi
8880,2269,aman,present,ellos,şimdi
8881,2269,amé,past,yo,di
8882,2269,amaste,past,tú,di
8883,2269,amó,past,él/ella,di
8884,2269,amamos,past,nosotros,di
8885,2269,amasteis,past,vosotros,di
8886,2269,amaron,past,ellos,di
8887,2269,amaré,future,yo,gelecek
8888,2269,amarás,future,tú,gelecek
8889,2269,amará,future,él/ella,gelecek
8890,2269,amaremos,future,nosotros,gelecek
8891,2269,amaréis,future,vosotros,gelecek
8892,2269,amarán,future,ellos,gelecek
8893,2271,emito,present,yo,şimdi
8894,2271,emites,present,tú,şimdi
8895,2271,emite,present,él/ella,şimdi
8896,2271,emitimos,present,nosotros,şimdi
8897,2271,emitís,present,vosotros,şimdi
8898,2271,emiten,present,ellos,şimdi
8899,2271,emití,past,yo,di
8900,2271,emitiste,past,tú,di
8901,2271,emitió,past,él/ella,di
8902,2271,emitimos,past,nosotros,di
8903,2271,emitisteis,past,vosotros,di
8904,2271,emitieron,past,ellos,di
8905,2271,emitiré,future,yo,gelecek
8906,2271,emitirás,future,tú,gelecek
8907,2271,emitirá,future,él/ella,gelecek
8908,2271,emitiremos,future,nosotros,gelecek
8909,2271,emitiréis,future,vosotros,gelecek
8910,2271,emitirán,future,ellos,gelecek
8911,2274,sono,present,yo,şimdi
8912,2274,sonas,present,tú,şimdi
8913,2274,sona,present,él/ella,şimdi
8914,2274,sonamos,present,nosotros,şimdi
8915,2274,sonáis,present,vosotros,şimdi
8916,2274,sonan,present,ellos,şimdi
8917,2274,soné,past,yo,di
8918,2274,sonaste,past,tú,di
8919,2274,sonó,past,él/ella,di
8920,2274,sonamos,past,nosotros,di
8921,2274,sonasteis,past,vosotros,di
8922,2274,sonaron,past,ellos,di
8923,2274,sonaré,future,yo,gelecek
8924,2274,sonarás,future,tú,gelecek
8925,2274,sonará,future,él/ella,gelecek
8926,2274,sonaremos,future,nosotros,gelecek
8927,2274,sonaréis,future,vosotros,gelecek
8928,2274,sonarán,future,ellos,gelecek
8929,2277,escapo,present,yo,şimdi
8930,2277,escapas,present,tú,şimdi
8931,2277,escapa,present,él/ella,şimdi
8932,2277,escapamos,present,nosotros,şimdi
8933,2277,escapáis,present,vosotros,şimdi
8934,2277,escapan,present,ellos,şimdi
8935,2277,escapé,past,yo,di
8936,2277,escapaste,past,tú,di
8937,2277,escapó,past,él/ella,di
8938,2277,escapamos,past,nosotros,di
8939,2277,escapasteis,past,vosotros,di
8940,2277,escaparon,past,ellos,di
8941,2277,escaparé,future,yo,gelecek
8942,2277,escaparás,future,tú,gelecek
8943,2277,escapará,future,él/ella,gelecek
8944,2277,escaparemos,future,nosotros,gelecek
8945,2277,escaparéis,future,vosotros,gelecek
8946,2277,escaparán,future,ellos,gelecek
8947,2279,aporto,present,yo,şimdi
8948,2279,aportas,present,tú,şimdi
8949,2279,aporta,present,él/ella,şimdi
8950,2279,aportamos,present,nosotros,şimdi
8951,2279,aportáis,present,vosotros,şimdi
8952,2279,aportan,present,ellos,şimdi
8953,2279,aporté,past,yo,di
8954,2279,aportaste,past,tú,di
8955,2279,aportó,past,él/ella,di
8956,2279,aportamos,past,nosotros,di
8957,2279,aportasteis,past,vosotros,di
8958,2279,aportaron,past,ellos,di
8959,2279,aportaré,future,yo,gelecek
8960,2279,aportarás,future,tú,gelecek
8961,2279,aportará,future,él/ella,gelecek
8962,2279,aportaremos,future,nosotros,gelecek
8963,2279,aportaréis,future,vosotros,gelecek
8964,2279,aportarán,future,ellos,gelecek
8965,2280,proporciono,present,yo,şimdi
8966,2280,proporcionas,present,tú,şimdi
8967,2280,proporciona,present,él/ella,şimdi
8968,2280,proporcionamos,present,nosotros,şimdi
8969,2280,proporcionáis,present,vosotros,şimdi
8970,2280,proporcionan,present,ellos,şimdi
8971,2280,proporcioné,past,yo,di
8972,2280,proporcionaste,past,tú,di
8973,2280,proporcionó,past,él/ella,di
8974,2280,proporcionamos,past,nosotros,di
8975,2280,proporcionasteis,past,vosotros,di
8976,2280,proporcionaron,past,ellos,di
8977,2280,proporcionaré,future,yo,gelecek
8978,2280,proporcionarás,future,tú,gelecek
8979,2280,proporcionará,future,él/ella,gelecek
8980,2280,proporcionaremos,future,nosotros,gelecek
8981,2280,proporcionaréis,future,vosotros,gelecek
8982,2280,proporcionarán,future,ellos,gelecek
8983,2287,elimino,present,yo,şimdi
8984,2287,eliminas,present,tú,şimdi
8985,2287,elimina,present,él/ella,şimdi
8986,2287,eliminamos,present,nosotros,şimdi
8987,2287,elimináis,present,vosotros,şimdi
8988,2287,eliminan,present,ellos,şimdi
8989,2287,eliminé,past,yo,di
8990,2287,eliminaste,past,tú,di
8991,2287,eliminó,past,él/ella,di
8992,2287,eliminamos,past,nosotros,di
8993,2287,eliminasteis,past,vosotros,di
8994,2287,eliminaron,past,ellos,di
8995,2287,eliminaré,future,yo,gelecek
8996,2287,eliminarás,future,tú,gelecek
8997,2287,eliminará,future,él/ella,gelecek
8998,2287,eliminaremos,future,nosotros,gelecek
8999,2287,eliminaréis,future,vosotros,gelecek
9000,2287,eliminarán,future,ellos,gelecek
9001,2291,convoco,present,yo,şimdi
9002,2291,convocas,present,tú,şimdi
9003,2291,convoca,present,él/ella,şimdi
9004,2291,convocamos,present,nosotros,şimdi
9005,2291,convocáis,present,vosotros,şimdi
9006,2291,convocan,present,ellos,şimdi
9007,2291,convoqué,past,yo,di
9008,2291,convocaste,past,tú,di
9009,2291,convocó,past,él/ella,di
9010,2291,convocamos,past,nosotros,di
9011,2291,convocasteis,past,vosotros,di
9012,2291,convocaron,past,ellos,di
9013,2291,convocaré,future,yo,gelecek
9014,2291,convocarás,future,tú,gelecek
9015,2291,convocará,future,él/ella,gelecek
9016,2291,convocaremos,future,nosotros,gelecek
9017,2291,convocaréis,future,vosotros,gelecek
9018,2291,convocarán,future,ellos,gelecek
9019,2301,figuro,present,yo,şimdi
9020,2301,figuras,present,tú,şimdi
9021,2301,figura,present,él/ella,şimdi
9022,2301,figuramos,present,nosotros,şimdi
9023,2301,figuráis,present,vosotros,şimdi
9024,2301,figuran,present,ellos,şimdi
9025,2301,figuré,past,yo,di
9026,2301,figuraste,past,tú,di
9027,2301,figuró,past,él/ella,di
9028,2301,figuramos,past,nosotros,di
9029,2301,figurasteis,past,vosotros,di
9030,2301,figuraron,past,ellos,di
9031,2301,figuraré,future,yo,gelecek
9032,2301,figurarás,future,tú,gelecek
9033,2301,figurará,future,él/ella,gelecek
9034,2301,figuraremos,future,nosotros,gelecek
9035,2301,figuraréis,future,vosotros,gelecek
9036,2301,figurarán,future,ellos,gelecek
9037,2325,discuto,present,yo,şimdi
9038,2325,discutes,present,tú,şimdi
9039,2325,discute,present,él/ella,şimdi
9040,2325,discutimos,present,nosotros,şimdi
9041,2325,discutís,present,vosotros,şimdi
9042,2325,discuten,present,ellos,şimdi
9043,2325,discutí,past,yo,di
9044,2325,discutiste,past,tú,di
9045,2325,discutió,past,él/ella,di
9046,2325,discutimos,past,nosotros,di
9047,2325,discutisteis,past,vosotros,di
9048,2325,discutieron,past,ellos,di
9049,2325,discutiré,future,yo,gelecek
9050,2325,discutirás,future,tú,gelecek
9051,2325,discutirá,future,él/ella,gelecek
9052,2325,discutiremos,future,nosotros,gelecek
9053,2325,discutiréis,future,vosotros,gelecek
9054,2325,discutirán,future,ellos,gelecek
9055,2328,comunico,present,yo,şimdi
9056,2328,comunicas,present,tú,şimdi
9057,2328,comunica,present,él/ella,şimdi
9058,2328,comunicamos,present,nosotros,şimdi
9059,2328,comunicáis,present,vosotros,şimdi
9060,2328,comunican,present,ellos,şimdi
9061,2328,comuniqué,past,yo,di
9062,2328,comunicaste,past,tú,di
9063,2328,comunicó,past,él/ella,di
9064,2328,comunicamos,past,nosotros,di
9065,2328,comunicasteis,past,vosotros,di
9066,2328,comunicaron,past,ellos,di
9067,2328,comunicaré,future,yo,gelecek
9068,2328,comunicarás,future,tú,gelecek
9069,2328,comunicará,future,él/ella,gelecek
9070,2328,comunicaremos,future,nosotros,gelecek
9071,2328,comunicaréis,future,vosotros,gelecek
9072,2328,comunicarán,future,ellos,gelecek
9073,2331,otorgo,present,yo,şimdi
9074,2331,otorgas,present,tú,şimdi
9075,2331,otorga,present,él/ella,şimdi
9076,2331,otorgamos,present,nosotros,şimdi
9077,2331,otorgáis,present,vosotros,şimdi
9078,2331,otorgan,present,ellos,şimdi
9079,2331,otorgué,past,yo,di
9080,2331,otorgaste,past,tú,di
9081,2331,otorgó,past,él/ella,di
9082,2331,otorgamos,past,nosotros,di
9083,2331,otorgasteis,past,vosotros,di
9084,2331,otorgaron,past,ellos,di
9085,2331,otorgaré,future,yo,gelecek
9086,2331,otorgarás,future,tú,gelecek
9087,2331,otorgará,future,él/ella,gelecek
9088,2331,otorgaremos,future,nosotros,gelecek
9089,2331,otorgaréis,future,vosotros,gelecek
9090,2331,otorgarán,future,ellos,gelecek
9091,2332,modifico,present,yo,şimdi
9092,2332,modificas,present,tú,şimdi
9093,2332,modifica,present,él/ella,şimdi
9094,2332,modificamos,present,nosotros,şimdi
9095,2332,modificáis,present,vosotros,şimdi
9096,2332,modifican,present,ellos,şimdi
9097,2332,modifiqué,past,yo,di
9098,2332,modificaste,past,tú,di
9099,2332,modificó,past,él/ella,di
9100,2332,modificamos,past,nosotros,di
9101,2332,modificasteis,past,vosotros,di
9102,2332,modificaron,past,ellos,di
9103,2332,modificaré,future,yo,gelecek
9104,2332,modificarás,future,tú,gelecek
9105,2332,modificará,future,él/ella,gelecek
9106,2332,modificaremos,future,nosotros,gelecek
9107,2332,modificaréis,future,vosotros,gelecek
9108,2332,modificarán,future,ellos,gelecek
9109,2336,conveno,present,yo,şimdi
9110,2336,convenes,present,tú,şimdi
9111,2336,convene,present,él/ella,şimdi
9112,2336,convenimos,present,nosotros,şimdi
9113,2336,convenís,present,vosotros,şimdi
9114,2336,convenen,present,ellos,şimdi
9115,2336,convení,past,yo,di
9116,2336,conveniste,past,tú,di
9117,2336,convenió,past,él/ella,di
9118,2336,convenimos,past,nosotros,di
9119,2336,convenisteis,past,vosotros,di
9120,2336,convenieron,past,ellos,di
9121,2336,conveniré,future,yo,gelecek
9122,2336,convenirás,future,tú,gelecek
9123,2336,convenirá,future,él/ella,gelecek
9124,2336,conveniremos,future,nosotros,gelecek
9125,2336,conveniréis,future,vosotros,gelecek
9126,2336,convenirán,future,ellos,gelecek
9127,2351,distinguo,present,yo,şimdi
9128,2351,distingues,present,tú,şimdi
9129,2351,distingue,present,él/ella,şimdi
9130,2351,distinguimos,present,nosotros,şimdi
9131,2351,distinguís,present,vosotros,şimdi
9132,2351,distinguen,present,ellos,şimdi
9133,2351,distinguí,past,yo,di
9134,2351,distinguiste,past,tú,di
9135,2351,distinguió,past,él/ella,di
9136,2351,distinguimos,past,nosotros,di
9137,2351,distinguisteis,past,vosotros,di
9138,2351,distinguieron,past,ellos,di
9139,2351,distinguiré,future,yo,gelecek
9140,2351,distinguirás,future,tú,gelecek
9141,2351,distinguirá,future,él/ella,gelecek
9142,2351,distinguiremos,future,nosotros,gelecek
9143,2351,distinguiréis,future,vosotros,gelecek
9144,2351,distinguirán,future,ellos,gelecek
9145,2352,domino,present,yo,şimdi
9146,2352,dominas,present,tú,şimdi
9147,2352,domina,present,él/ella,şimdi
9148,2352,dominamos,present,nosotros,şimdi
9149,2352,domináis,present,vosotros,şimdi
9150,2352,dominan,present,ellos,şimdi
9151,2352,dominé,past,yo,di
9152,2352,dominaste,past,tú,di
9153,2352,dominó,past,él/ella,di
9154,2352,dominamos,past,nosotros,di
9155,2352,dominasteis,past,vosotros,di
9156,2352,dominaron,past,ellos,di
9157,2352,dominaré,future,yo,gelecek
9158,2352,dominarás,future,tú,gelecek
9159,2352,dominará,future,él/ella,gelecek
9160,2352,dominaremos,future,nosotros,gelecek
9161,2352,dominaréis,future,vosotros,gelecek
9162,2352,dominarán,future,ellos,gelecek
9163,2354,sustituo,present,yo,şimdi
9164,2354,sustitues,present,tú,şimdi
9165,2354,sustitue,present,él/ella,şimdi
9166,2354,sustituimos,present,nosotros,şimdi
9167,2354,sustituís,present,vosotros,şimdi
9168,2354,sustituen,present,ellos,şimdi
9169,2354,sustituí,past,yo,di
9170,2354,sustituiste,past,tú,di
9171,2354,sustituió,past,él/ella,di
9172,2354,sustituimos,past,nosotros,di
9173,2354,sustituisteis,past,vosotros,di
9174,2354,sustituieron,past,ellos,di
9175,2354,sustituiré,future,yo,gelecek
9176,2354,sustituirás,future,tú,gelecek
9177,2354,sustituirá,future,él/ella,gelecek
9178,2354,sustituiremos,future,nosotros,gelecek
9179,2354,sustituiréis,future,vosotros,gelecek
9180,2354,sustituirán,future,ellos,gelecek
9181,2355,nombro,present,yo,şimdi
9182,2355,nombras,present,tú,şimdi
9183,2355,nombra,present,él/ella,şimdi
9184,2355,nombramos,present,nosotros,şimdi
9185,2355,nombráis,present,vosotros,şimdi
9186,2355,nombran,present,ellos,şimdi
9187,2355,nombré,past,yo,di
9188,2355,nombraste,past,tú,di
9189,2355,nombró,past,él/ella,di
9190,2355,nombramos,past,nosotros,di
9191,2355,nombrasteis,past,vosotros,di
9192,2355,nombraron,past,ellos,di
9193,2355,nombraré,future,yo,gelecek
9194,2355,nombrarás,future,tú,gelecek
9195,2355,nombrará,future,él/ella,gelecek
9196,2355,nombraremos,future,nosotros,gelecek
9197,2355,nombraréis,future,vosotros,gelecek
9198,2355,nombrarán,future,ellos,gelecek
9199,2357,duro,present,yo,şimdi
9200,2357,duras,present,tú,şimdi
9201,2357,dura,present,él/ella,şimdi
9202,2357,duramos,present,nosotros,şimdi
9203,2357,duráis,present,vosotros,şimdi
9204,2357,duran,present,ellos,şimdi
9205,2357,duré,past,yo,di
9206,2357,duraste,past,tú,di
9207,2357,duró,past,él/ella,di
9208,2357,duramos,past,nosotros,di
9209,2357,durasteis,past,vosotros,di
9210,2357,duraron,past,ellos,di
9211,2357,duraré,future,yo,gelecek
9212,2357,durarás,future,tú,gelecek
9213,2357,durará,future,él/ella,gelecek
9214,2357,duraremos,future,nosotros,gelecek
9215,2357,duraréis,future,vosotros,gelecek
9216,2357,durarán,future,ellos,gelecek
9217,2365,pronuncio,present,yo,şimdi
9218,2365,pronuncias,present,tú,şimdi
9219,2365,pronuncia,present,él/ella,şimdi
9220,2365,pronunciamos,present,nosotros,şimdi
9221,2365,pronunciáis,present,vosotros,şimdi
9222,2365,pronuncian,present,ellos,şimdi
9223,2365,pronuncié,past,yo,di
9224,2365,pronunciaste,past,tú,di
9225,2365,pronunció,past,él/ella,di
9226,2365,pronunciamos,past,nosotros,di
9227,2365,pronunciasteis,past,vosotros,di
9228,2365,pronunciaron,past,ellos,di
9229,2365,pronunciaré,future,yo,gelecek
9230,2365,pronunciarás,future,tú,gelecek
9231,2365,pronunciará,future,él/ella,gelecek
9232,2365,pronunciaremos,future,nosotros,gelecek
9233,2365,pronunciaréis,future,vosotros,gelecek
9234,2365,pronunciarán,future,ellos,gelecek
9235,2370,lucho,present,yo,şimdi
9236,2370,luchas,present,tú,şimdi
9237,2370,lucha,present,él/ella,şimdi
9238,2370,luchamos,present,nosotros,şimdi
9239,2370,lucháis,present,vosotros,şimdi
9240,2370,luchan,present,ellos,şimdi
9241,2370,luché,past,yo,di
9242,2370,luchaste,past,tú,di
9243,2370,luchó,past,él/ella,di
9244,2370,luchamos,past,nosotros,di
9245,2370,luchasteis,past,vosotros,di
9246,2370,lucharon,past,ellos,di
9247,2370,lucharé,future,yo,gelecek
9248,2370,lucharás,future,tú,gelecek
9249,2370,luchará,future,él/ella,gelecek
9250,2370,lucharemos,future,nosotros,gelecek
9251,2370,lucharéis,future,vosotros,gelecek
9252,2370,lucharán,future,ellos,gelecek
9253,2375,disminuo,present,yo,şimdi
9254,2375,disminues,present,tú,şimdi
9255,2375,disminue,present,él/ella,şimdi
9256,2375,disminuimos,present,nosotros,şimdi
9257,2375,disminuís,present,vosotros,şimdi
9258,2375,disminuen,present,ellos,şimdi
9259,2375,disminuí,past,yo,di
9260,2375,disminuiste,past,tú,di
9261,2375,disminuió,past,él/ella,di
9262,2375,disminuimos,past,nosotros,di
9263,2375,disminuisteis,past,vosotros,di
9264,2375,disminuieron,past,ellos,di
9265,2375,disminuiré,future,yo,gelecek
9266,2375,disminuirás,future,tú,gelecek
9267,2375,disminuirá,future,él/ella,gelecek
9268,2375,disminuiremos,future,nosotros,gelecek
9269,2375,disminuiréis,future,vosotros,gelecek
9270,2375,disminuirán,future,ellos,gelecek
9271,2376,condeno,present,yo,şimdi
9272,2376,condenas,present,tú,şimdi
9273,2376,condena,present,él/ella,şimdi
9274,2376,condenamos,present,nosotros,şimdi
9275,2376,condenáis,present,vosotros,şimdi
9276,2376,condenan,present,ellos,şimdi
9277,2376,condené,past,yo,di
9278,2376,condenaste,past,tú,di
9279,2376,condenó,past,él/ella,di
9280,2376,condenamos,past,nosotros,di
9281,2376,condenasteis,past,vosotros,di
9282,2376,condenaron,past,ellos,di
9283,2376,condenaré,future,yo,gelecek
9284,2376,condenarás,future,tú,gelecek
9285,2376,condenará,future,él/ella,gelecek
9286,2376,condenaremos,future,nosotros,gelecek
9287,2376,condenaréis,future,vosotros,gelecek
9288,2376,condenarán,future,ellos,gelecek
9289,2378,preciso,present,yo,şimdi
9290,2378,precisas,present,tú,şimdi
9291,2378,precisa,present,él/ella,şimdi
9292,2378,precisamos,present,nosotros,şimdi
9293,2378,precisáis,present,vosotros,şimdi
9294,2378,precisan,present,ellos,şimdi
9295,2378,precisé,past,yo,di
9296,2378,precisaste,past,tú,di
9297,2378,precisó,past,él/ella,di
9298,2378,precisamos,past,nosotros,di
9299,2378,precisasteis,past,vosotros,di
9300,2378,precisaron,past,ellos,di
9301,2378,precisaré,future,yo,gelecek
9302,2378,precisarás,future,tú,gelecek
9303,2378,precisará,future,él/ella,gelecek
9304,2378,precisaremos,future,nosotros,gelecek
9305,2378,precisaréis,future,vosotros,gelecek
9306,2378,precisarán,future,ellos,gelecek
9307,2385,justifico,present,yo,şimdi
9308,2385,justificas,present,tú,şimdi
9309,2385,justifica,present,él/ella,şimdi
9310,2385,justificamos,present,nosotros,şimdi
9311,2385,justificáis,present,vosotros,şimdi
9312,2385,justifican,present,ellos,şimdi
9313,2385,justifiqué,past,yo,di
9314,2385,justificaste,past,tú,di
9315,2385,justificó,past,él/ella,di
9316,2385,justificamos,past,nosotros,di
9317,2385,justificasteis,past,vosotros,di
9318,2385,justificaron,past,ellos,di
9319,2385,justificaré,future,yo,gelecek
9320,2385,justificarás,future,tú,gelecek
9321,2385,justificará,future,él/ella,gelecek
9322,2385,justificaremos,future,nosotros,gelecek
9323,2385,justificaréis,future,vosotros,gelecek
9324,2385,justificarán,future,ellos,gelecek
9325,2390,percibo,present,yo,şimdi
9326,2390,percibes,present,tú,şimdi
9327,2390,percibe,present,él/ella,şimdi
9328,2390,percibimos,present,nosotros,şimdi
9329,2390,percibís,present,vosotros,şimdi
9330,2390,perciben,present,ellos,şimdi
9331,2390,percibí,past,yo,di
9332,2390,percibiste,past,tú,di
9333,2390,percibió,past,él/ella,di
9334,2390,percibimos,past,nosotros,di
9335,2390,percibisteis,past,vosotros,di
9336,2390,percibieron,past,ellos,di
9337,2390,percibiré,future,yo,gelecek
9338,2390,percibirás,future,tú,gelecek
9339,2390,percibirá,future,él/ella,gelecek
9340,2390,percibiremos,future,nosotros,gelecek
9341,2390,percibiréis,future,vosotros,gelecek
9342,2390,percibirán,future,ellos,gelecek
9343,2392,manejo,present,yo,şimdi
9344,2392,manejas,present,tú,şimdi
9345,2392,maneja,present,él/ella,şimdi
9346,2392,manejamos,present,nosotros,şimdi
9347,2392,manejáis,present,vosotros,şimdi
9348,2392,manejan,present,ellos,şimdi
9349,2392,manejé,past,yo,di
9350,2392,manejaste,past,tú,di
9351,2392,manejó,past,él/ella,di
9352,2392,manejamos,past,nosotros,di
9353,2392,manejasteis,past,vosotros,di
9354,2392,manejaron,past,ellos,di
9355,2392,manejaré,future,yo,gelecek
9356,2392,manejarás,future,tú,gelecek
9357,2392,manejará,future,él/ella,gelecek
9358,2392,manejaremos,future,nosotros,gelecek
9359,2392,manejaréis,future,vosotros,gelecek
9360,2392,manejarán,future,ellos,gelecek
9361,2398,marcho,present,yo,şimdi
9362,2398,marchas,present,tú,şimdi
9363,2398,marcha,present,él/ella,şimdi
9364,2398,marchamos,present,nosotros,şimdi
9365,2398,marcháis,present,vosotros,şimdi
9366,2398,marchan,present,ellos,şimdi
9367,2398,marché,past,yo,di
9368,2398,marchaste,past,tú,di
9369,2398,marchó,past,él/ella,di
9370,2398,marchamos,past,nosotros,di
9371,2398,marchasteis,past,vosotros,di
9372,2398,marcharon,past,ellos,di
9373,2398,marcharé,future,yo,gelecek
9374,2398,marcharás,future,tú,gelecek
9375,2398,marchará,future,él/ella,gelecek
9376,2398,marcharemos,future,nosotros,gelecek
9377,2398,marcharéis,future,vosotros,gelecek
9378,2398,marcharán,future,ellos,gelecek
9379,2401,destruo,present,yo,şimdi
9380,2401,destrues,present,tú,şimdi
9381,2401,destrue,present,él/ella,şimdi
9382,2401,destruimos,present,nosotros,şimdi
9383,2401,destruís,present,vosotros,şimdi
9384,2401,destruen,present,ellos,şimdi
9385,2401,destruí,past,yo,di
9386,2401,destruiste,past,tú,di
9387,2401,destruió,past,él/ella,di
9388,2401,destruimos,past,nosotros,di
9389,2401,destruisteis,past,vosotros,di
9390,2401,destruieron,past,ellos,di
9391,2401,destruiré,future,yo,gelecek
9392,2401,destruirás,future,tú,gelecek
9393,2401,destruirá,future,él/ella,gelecek
9394,2401,destruiremos,future,nosotros,gelecek
9395,2401,destruiréis,future,vosotros,gelecek
9396,2401,destruirán,future,ellos,gelecek
9397,2403,atraveso,present,yo,şimdi
9398,2403,atravesas,present,tú,şimdi
9399,2403,atravesa,present,él/ella,şimdi
9400,2403,atravesamos,present,nosotros,şimdi
9401,2403,atravesáis,present,vosotros,şimdi
9402,2403,atravesan,present,ellos,şimdi
9403,2403,atravesé,past,yo,di
9404,2403,atravesaste,past,tú,di
9405,2403,atravesó,past,él/ella,di
9406,2403,atravesamos,past,nosotros,di
9407,2403,atravesasteis,past,vosotros,di
9408,2403,atravesaron,past,ellos,di
9409,2403,atravesaré,future,yo,gelecek
9410,2403,atravesarás,future,tú,gelecek
9411,2403,atravesará,future,él/ella,gelecek
9412,2403,atravesaremos,future,nosotros,gelecek
9413,2403,atravesaréis,future,vosotros,gelecek
9414,2403,atravesarán,future,ellos,gelecek
9415,2412,elevo,present,yo,şimdi
9416,2412,elevas,present,tú,şimdi
9417,2412,eleva,present,él/ella,şimdi
9418,2412,elevamos,present,nosotros,şimdi
9419,2412,eleváis,present,vosotros,şimdi
9420,2412,elevan,present,ellos,şimdi
9421,2412,elevé,past,yo,di
9422,2412,elevaste,past,tú,di
9423,2412,elevó,past,él/ella,di
9424,2412,elevamos,past,nosotros,di
9425,2412,elevasteis,past,vosotros,di
9426,2412,elevaron,past,ellos,di
9427,2412,elevaré,future,yo,gelecek
9428,2412,elevarás,future,tú,gelecek
9429,2412,elevará,future,él/ella,gelecek
9430,2412,elevaremos,future,nosotros,gelecek
9431,2412,elevaréis,future,vosotros,gelecek
9432,2412,elevarán,future,ellos,gelecek
9433,2413,amenazo,present,yo,şimdi
9434,2413,amenazas,present,tú,şimdi
9435,2413,amenaza,present,él/ella,şimdi
9436,2413,amenazamos,present,nosotros,şimdi
9437,2413,amenazáis,present,vosotros,şimdi
9438,2413,amenazan,present,ellos,şimdi
9439,2413,amenacé,past,yo,di
9440,2413,amenazaste,past,tú,di
9441,2413,amenazó,past,él/ella,di
9442,2413,amenazamos,past,nosotros,di
9443,2413,amenazasteis,past,vosotros,di
9444,2413,amenazaron,past,ellos,di
9445,2413,amenazaré,future,yo,gelecek
9446,2413,amenazarás,future,tú,gelecek
9447,2413,amenazará,future,él/ella,gelecek
9448,2413,amenazaremos,future,nosotros,gelecek
9449,2413,amenazaréis,future,vosotros,gelecek
9450,2413,amenazarán,future,ellos,gelecek
9451,2417,caracterizo,present,yo,şimdi
9452,2417,caracterizas,present,tú,şimdi
9453,2417,caracteriza,present,él/ella,şimdi
9454,2417,caracterizamos,present,nosotros,şimdi
9455,2417,caracterizáis,present,vosotros,şimdi
9456,2417,caracterizan,present,ellos,şimdi
9457,2417,caractericé,past,yo,di
9458,2417,caracterizaste,past,tú,di
9459,2417,caracterizó,past,él/ella,di
9460,2417,caracterizamos,past,nosotros,di
9461,2417,caracterizasteis,past,vosotros,di
9462,2417,caracterizaron,past,ellos,di
9463,2417,caracterizaré,future,yo,gelecek
9464,2417,caracterizarás,future,tú,gelecek
9465,2417,caracterizará,future,él/ella,gelecek
9466,2417,caracterizaremos,future,nosotros,gelecek
9467,2417,caracterizaréis,future,vosotros,gelecek
9468,2417,caracterizarán,future,ellos,gelecek
9469,2424,entero,present,yo,şimdi
9470,2424,enteras,present,tú,şimdi
9471,2424,entera,present,él/ella,şimdi
9472,2424,enteramos,present,nosotros,şimdi
9473,2424,enteráis,present,vosotros,şimdi
9474,2424,enteran,present,ellos,şimdi
9475,2424,enteré,past,yo,di
9476,2424,enteraste,past,tú,di
9477,2424,enteró,past,él/ella,di
9478,2424,enteramos,past,nosotros,di
9479,2424,enterasteis,past,vosotros,di
9480,2424,enteraron,past,ellos,di
9481,2424,enteraré,future,yo,gelecek
9482,2424,enterarás,future,tú,gelecek
9483,2424,enterará,future,él/ella,gelecek
9484,2424,enteraremos,future,nosotros,gelecek
9485,2424,enteraréis,future,vosotros,gelecek
9486,2424,enterarán,future,ellos,gelecek
9487,2428,escondo,present,yo,şimdi
9488,2428,escondes,present,tú,şimdi
9489,2428,esconde,present,él/ella,şimdi
9490,2428,escondemos,present,nosotros,şimdi
9491,2428,escondéis,present,vosotros,şimdi
9492,2428,esconden,present,ellos,şimdi
9493,2428,escondí,past,yo,di
9494,2428,escondiste,past,tú,di
9495,2428,escondió,past,él/ella,di
9496,2428,escondimos,past,nosotros,di
9497,2428,escondisteis,past,vosotros,di
9498,2428,escondieron,past,ellos,di
9499,2428,esconderé,future,yo,gelecek
9500,2428,esconderás,future,tú,gelecek
9501,2428,esconderá,future,él/ella,gelecek
9502,2428,esconderemos,future,nosotros,gelecek
9503,2428,esconderéis,future,vosotros,gelecek
9504,2428,esconderán,future,ellos,gelecek
9505,2429,opero,present,yo,şimdi
9506,2429,operas,present,tú,şimdi
9507,2429,opera,present,él/ella,şimdi
9508,2429,operamos,present,nosotros,şimdi
9509,2429,operáis,present,vosotros,şimdi
9510,2429,operan,present,ellos,şimdi
9511,2429,operé,past,yo,di
9512,2429,operaste,past,tú,di
9513,2429,operó,past,él/ella,di
9514,2429,operamos,past,nosotros,di
9515,2429,operasteis,past,vosotros,di
9516,2429,operaron,past,ellos,di
9517,2429,operaré,future,yo,gelecek
9518,2429,operarás,future,tú,gelecek
9519,2429,operará,future,él/ella,gelecek
9520,2429,operaremos,future,nosotros,gelecek
9521,2429,operaréis,future,vosotros,gelecek
9522,2429,operarán,future,ellos,gelecek
9523,2437,ubico,present,yo,şimdi
9524,2437,ubicas,present,tú,şimdi
9525,2437,ubica,present,él/ella,şimdi
9526,2437,ubicamos,present,nosotros,şimdi
9527,2437,ubicáis,present,vosotros,şimdi
9528,2437,ubican,present,ellos,şimdi
9529,2437,ubiqué,past,yo,di
9530,2437,ubicaste,past,tú,di
9531,2437,ubicó,past,él/ella,di
9532,2437,ubicamos,past,nosotros,di
9533,2437,ubicasteis,past,vosotros,di
9534,2437,ubicaron,past,ellos,di
9535,2437,ubicaré,future,yo,gelecek
9536,2437,ubicarás,future,tú,gelecek
9537,2437,ubicará,future,él/ella,gelecek
9538,2437,ubicaremos,future,nosotros,gelecek
9539,2437,ubicaréis,future,vosotros,gelecek
9540,2437,ubicarán,future,ellos,gelecek
9541,2438,atribuo,present,yo,şimdi
9542,2438,atribues,present,tú,şimdi
9543,2438,atribue,present,él/ella,şimdi
9544,2438,atribuimos,present,nosotros,şimdi
9545,2438,atribuís,present,vosotros,şimdi
9546,2438,atribuen,present,ellos,şimdi
9547,2438,atribuí,past,yo,di
9548,2438,atribuiste,past,tú,di
9549,2438,atribuió,past,él/ella,di
9550,2438,atribuimos,past,nosotros,di
9551,2438,atribuisteis,past,vosotros,di
9552,2438,atribuieron,past,ellos,di
9553,2438,atribuiré,future,yo,gelecek
9554,2438,atribuirás,future,tú,gelecek
9555,2438,atribuirá,future,él/ella,gelecek
9556,2438,atribuiremos,future,nosotros,gelecek
9557,2438,atribuiréis,future,vosotros,gelecek
9558,2438,atribuirán,future,ellos,gelecek
9559,2446,devuelvo,present,yo,şimdi
9560,2446,devuelves,present,tú,şimdi
9561,2446,devuelve,present,él/ella,şimdi
9562,2446,devolvemos,present,nosotros,şimdi
9563,2446,devolvéis,present,vosotros,şimdi
9564,2446,devuelven,present,ellos,şimdi
9565,2446,devolví,past,yo,di
9566,2446,devolviste,past,tú,di
9567,2446,devolvió,past,él/ella,di
9568,2446,devolvimos,past,nosotros,di
9569,2446,devolvisteis,past,vosotros,di
9570,2446,devolvieron,past,ellos,di
9571,2446,devolveré,future,yo,gelecek
9572,2446,devolverás,future,tú,gelecek
9573,2446,devolverá,future,él/ella,gelecek
9574,2446,devolveremos,future,nosotros,gelecek
9575,2446,devolveréis,future,vosotros,gelecek
9576,2446,devolverán,future,ellos,gelecek
9577,2447,investigo,present,yo,şimdi
9578,2447,investigas,present,tú,şimdi
9579,2447,investiga,present,él/ella,şimdi
9580,2447,investigamos,present,nosotros,şimdi
9581,2447,investigáis,present,vosotros,şimdi
9582,2447,investigan,present,ellos,şimdi
9583,2447,investigué,past,yo,di
9584,2447,investigaste,past,tú,di
9585,2447,investigó,past,él/ella,di
9586,2447,investigamos,past,nosotros,di
9587,2447,investigasteis,past,vosotros,di
9588,2447,investigaron,past,ellos,di
9589,2447,investigaré,future,yo,gelecek
9590,2447,investigarás,future,tú,gelecek
9591,2447,investigará,future,él/ella,gelecek
9592,2447,investigaremos,future,nosotros,gelecek
9593,2447,investigaréis,future,vosotros,gelecek
9594,2447,investigarán,future,ellos,gelecek
9595,2455,atrevo,present,yo,şimdi
9596,2455,atreves,present,tú,şimdi
9597,2455,atreve,present,él/ella,şimdi
9598,2455,atrevemos,present,nosotros,şimdi
9599,2455,atrevéis,present,vosotros,şimdi
9600,2455,atreven,present,ellos,şimdi
9601,2455,atreví,past,yo,di
9602,2455,atreviste,past,tú,di
9603,2455,atrevió,past,él/ella,di
9604,2455,atrevimos,past,nosotros,di
9605,2455,atrevisteis,past,vosotros,di
9606,2455,atrevieron,past,ellos,di
9607,2455,atreveré,future,yo,gelecek
9608,2455,atreverás,future,tú,gelecek
9609,2455,atreverá,future,él/ella,gelecek
9610,2455,atreveremos,future,nosotros,gelecek
9611,2455,atreveréis,future,vosotros,gelecek
9612,2455,atreverán,future,ellos,gelecek
9613,2461,favoreco,present,yo,şimdi
9614,2461,favoreces,present,tú,şimdi
9615,2461,favorece,present,él/ella,şimdi
9616,2461,favorecemos,present,nosotros,şimdi
9617,2461,favorecéis,present,vosotros,şimdi
9618,2461,favorecen,present,ellos,şimdi
9619,2461,favorecí,past,yo,di
9620,2461,favoreciste,past,tú,di
9621,2461,favoreció,past,él/ella,di
9622,2461,favorecimos,past,nosotros,di
9623,2461,favorecisteis,past,vosotros,di
9624,2461,favorecieron,past,ellos,di
9625,2461,favoreceré,future,yo,gelecek
9626,2461,favorecerás,future,tú,gelecek
9627,2461,favorecerá,future,él/ella,gelecek
9628,2461,favoreceremos,future,nosotros,gelecek
9629,2461,favoreceréis,future,vosotros,gelecek
9630,2461,favorecerán,future,ellos,gelecek
9631,2463,divido,present,yo,şimdi
9632,2463,divides,present,tú,şimdi
9633,2463,divide,present,él/ella,şimdi
9634,2463,dividimos,present,nosotros,şimdi
9635,2463,dividís,present,vosotros,şimdi
9636,2463,dividen,present,ellos,şimdi
9637,2463,dividí,past,yo,di
9638,2463,dividiste,past,tú,di
9639,2463,dividió,past,él/ella,di
9640,2463,dividimos,past,nosotros,di
9641,2463,dividisteis,past,vosotros,di
9642,2463,dividieron,past,ellos,di
9643,2463,dividiré,future,yo,gelecek
9644,2463,dividirás,future,tú,gelecek
9645,2463,dividirá,future,él/ella,gelecek
9646,2463,dividiremos,future,nosotros,gelecek
9647,2463,dividiréis,future,vosotros,gelecek
9648,2463,dividirán,future,ellos,gelecek
9649,2464,pego,present,yo,şimdi
9650,2464,pegas,present,tú,şimdi
9651,2464,pega,present,él/ella,şimdi
9652,2464,pegamos,present,nosotros,şimdi
9653,2464,pegáis,present,vosotros,şimdi
9654,2464,pegan,present,ellos,şimdi
9655,2464,pegué,past,yo,di
9656,2464,pegaste,past,tú,di
9657,2464,pegó,past,él/ella,di
9658,2464,pegamos,past,nosotros,di
9659,2464,pegasteis,past,vosotros,di
9660,2464,pegaron,past,ellos,di
9661,2464,pegaré,future,yo,gelecek
9662,2464,pegarás,future,tú,gelecek
9663,2464,pegará,future,él/ella,gelecek
9664,2464,pegaremos,future,nosotros,gelecek
9665,2464,pegaréis,future,vosotros,gelecek
9666,2464,pegarán,future,ellos,gelecek
9667,2465,reclamo,present,yo,şimdi
9668,2465,reclamas,present,tú,şimdi
9669,2465,reclama,present,él/ella,şimdi
9670,2465,reclamamos,present,nosotros,şimdi
9671,2465,reclamáis,present,vosotros,şimdi
9672,2465,reclaman,present,ellos,şimdi
9673,2465,reclamé,past,yo,di
9674,2465,reclamaste,past,tú,di
9675,2465,reclamó,past,él/ella,di
9676,2465,reclamamos,past,nosotros,di
9677,2465,reclamasteis,past,vosotros,di
9678,2465,reclamaron,past,ellos,di
9679,2465,reclamaré,future,yo,gelecek
9680,2465,reclamarás,future,tú,gelecek
9681,2465,reclamará,future,él/ella,gelecek
9682,2465,reclamaremos,future,nosotros,gelecek
9683,2465,reclamaréis,future,vosotros,gelecek
9684,2465,reclamarán,future,ellos,gelecek
9685,2466,encargo,present,yo,şimdi
9686,2466,encargas,present,tú,şimdi
9687,2466,encarga,present,él/ella,şimdi
9688,2466,encargamos,present,nosotros,şimdi
9689,2466,encargáis,present,vosotros,şimdi
9690,2466,encargan,present,ellos,şimdi
9691,2466,encargué,past,yo,di
9692,2466,encargaste,past,tú,di
9693,2466,encargó,past,él/ella,di
9694,2466,encargamos,past,nosotros,di
9695,2466,encargasteis,past,vosotros,di
9696,2466,encargaron,past,ellos,di
9697,2466,encargaré,future,yo,gelecek
9698,2466,encargarás,future,tú,gelecek
9699,2466,encargará,future,él/ella,gelecek
9700,2466,encargaremos,future,nosotros,gelecek
9701,2466,encargaréis,future,vosotros,gelecek
9702,2466,encargarán,future,ellos,gelecek
9703,2478,salto,present,yo,şimdi
9704,2478,saltas,present,tú,şimdi
9705,2478,salta,present,él/ella,şimdi
9706,2478,saltamos,present,nosotros,şimdi
9707,2478,saltáis,present,vosotros,şimdi
9708,2478,saltan,present,ellos,şimdi
9709,2478,salté,past,yo,di
9710,2478,saltaste,past,tú,di
9711,2478,saltó,past,él/ella,di
9712,2478,saltamos,past,nosotros,di
9713,2478,saltasteis,past,vosotros,di
9714,2478,saltaron,past,ellos,di
9715,2478,saltaré,future,yo,gelecek
9716,2478,saltarás,future,tú,gelecek
9717,2478,saltará,future,él/ella,gelecek
9718,2478,saltaremos,future,nosotros,gelecek
9719,2478,saltaréis,future,vosotros,gelecek
9720,2478,saltarán,future,ellos,gelecek
9721,2491,derivo,present,yo,şimdi
9722,2491,derivas,present,tú,şimdi
9723,2491,deriva,present,él/ella,şimdi
9724,2491,derivamos,present,nosotros,şimdi
9725,2491,deriváis,present,vosotros,şimdi
9726,2491,derivan,present,ellos,şimdi
9727,2491,derivé,past,yo,di
9728,2491,derivaste,past,tú,di
9729,2491,derivó,past,él/ella,di
9730,2491,derivamos,past,nosotros,di
9731,2491,derivasteis,past,vosotros,di
9732,2491,derivaron,past,ellos,di
9733,2491,derivaré,future,yo,gelecek
9734,2491,derivarás,future,tú,gelecek
9735,2491,derivará,future,él/ella,gelecek
9736,2491,derivaremos,future,nosotros,gelecek
9737,2491,derivaréis,future,vosotros,gelecek
9738,2491,derivarán,future,ellos,gelecek
9739,2493,presido,present,yo,şimdi
9740,2493,presides,present,tú,şimdi
9741,2493,preside,present,él/ella,şimdi
9742,2493,presidimos,present,nosotros,şimdi
9743,2493,presidís,present,vosotros,şimdi
9744,2493,presiden,present,ellos,şimdi
9745,2493,presidí,past,yo,di
9746,2493,presidiste,past,tú,di
9747,2493,presidió,past,él/ella,di
9748,2493,presidimos,past,nosotros,di
9749,2493,presidisteis,past,vosotros,di
9750,2493,presidieron,past,ellos,di
9751,2493,presidiré,future,yo,gelecek
9752,2493,presidirás,future,tú,gelecek
9753,2493,presidirá,future,él/ella,gelecek
9754,2493,presidiremos,future,nosotros,gelecek
9755,2493,presidiréis,future,vosotros,gelecek
9756,2493,presidirán,future,ellos,gelecek
9757,2496,oculto,present,yo,şimdi
9758,2496,ocultas,present,tú,şimdi
9759,2496,oculta,present,él/ella,şimdi
9760,2496,ocultamos,present,nosotros,şimdi
9761,2496,ocultáis,present,vosotros,şimdi
9762,2496,ocultan,present,ellos,şimdi
9763,2496,oculté,past,yo,di
9764,2496,ocultaste,past,tú,di
9765,2496,ocultó,past,él/ella,di
9766,2496,ocultamos,past,nosotros,di
9767,2496,ocultasteis,past,vosotros,di
9768,2496,ocultaron,past,ellos,di
9769,2496,ocultaré,future,yo,gelecek
9770,2496,ocultarás,future,tú,gelecek
9771,2496,ocultará,future,él/ella,gelecek
9772,2496,ocultaremos,future,nosotros,gelecek
9773,2496,ocultaréis,future,vosotros,gelecek
9774,2496,ocultarán,future,ellos,gelecek
9775,2508,cuido,present,yo,şimdi
9776,2508,cuidas,present,tú,şimdi
9777,2508,cuida,present,él/ella,şimdi
9778,2508,cuidamos,present,nosotros,şimdi
9779,2508,cuidáis,present,vosotros,şimdi
9780,2508,cuidan,present,ellos,şimdi
9781,2508,cuidé,past,yo,di
9782,2508,cuidaste,past,tú,di
9783,2508,cuidó,past,él/ella,di
9784,2508,cuidamos,past,nosotros,di
9785,2508,cuidasteis,past,vosotros,di
9786,2508,cuidaron,past,ellos,di
9787,2508,cuidaré,future,yo,gelecek
9788,2508,cuidarás,future,tú,gelecek
9789,2508,cuidará,future,él/ella,gelecek
9790,2508,cuidaremos,future,nosotros,gelecek
9791,2508,cuidaréis,future,vosotros,gelecek
9792,2508,cuidarán,future,ellos,gelecek
9793,2511,aprecio,present,yo,şimdi
9794,2511,aprecias,present,tú,şimdi
9795,2511,aprecia,present,él/ella,şimdi
9796,2511,apreciamos,present,nosotros,şimdi
9797,2511,apreciáis,present,vosotros,şimdi
9798,2511,aprecian,present,ellos,şimdi
9799,2511,aprecié,past,yo,di
9800,2511,apreciaste,past,tú,di
9801,2511,apreció,past,él/ella,di
9802,2511,apreciamos,past,nosotros,di
9803,2511,apreciasteis,past,vosotros,di
9804,2511,apreciaron,past,ellos,di
9805,2511,apreciaré,future,yo,gelecek
9806,2511,apreciarás,future,tú,gelecek
9807,2511,apreciará,future,él/ella,gelecek
9808,2511,apreciaremos,future,nosotros,gelecek
9809,2511,apreciaréis,future,vosotros,gelecek
9810,2511,apreciarán,future,ellos,gelecek
9811,2513,consulto,present,yo,şimdi
9812,2513,consultas,present,tú,şimdi
9813,2513,consulta,present,él/ella,şimdi
9814,2513,consultamos,present,nosotros,şimdi
9815,2513,consultáis,present,vosotros,şimdi
9816,2513,consultan,present,ellos,şimdi
9817,2513,consulté,past,yo,di
9818,2513,consultaste,past,tú,di
9819,2513,consultó,past,él/ella,di
9820,2513,consultamos,past,nosotros,di
9821,2513,consultasteis,past,vosotros,di
9822,2513,consultaron,past,ellos,di
9823,2513,consultaré,future,yo,gelecek
9824,2513,consultarás,future,tú,gelecek
9825,2513,consultará,future,él/ella,gelecek
9826,2513,consultaremos,future,nosotros,gelecek
9827,2513,consultaréis,future,vosotros,gelecek
9828,2513,consultarán,future,ellos,gelecek
9829,2517,huo,present,yo,şimdi
9830,2517,hues,present,tú,şimdi
9831,2517,hue,present,él/ella,şimdi
9832,2517,huimos,present,nosotros,şimdi
9833,2517,huís,present,vosotros,şimdi
9834,2517,huen,present,ellos,şimdi
9835,2517,huí,past,yo,di
9836,2517,huiste,past,tú,di
9837,2517,huió,past,él/ella,di
9838,2517,huimos,past,nosotros,di
9839,2517,huisteis,past,vosotros,di
9840,2517,huieron,past,ellos,di
9841,2517,huiré,future,yo,gelecek
9842,2517,huirás,future,tú,gelecek
9843,2517,huirá,future,él/ella,gelecek
9844,2517,huiremos,future,nosotros,gelecek
9845,2517,huiréis,future,vosotros,gelecek
9846,2517,huirán,future,ellos,gelecek
9847,2522,transmito,present,yo,şimdi
9848,2522,transmites,present,tú,şimdi
9849,2522,transmite,present,él/ella,şimdi
9850,2522,transmitimos,present,nosotros,şimdi
9851,2522,transmitís,present,vosotros,şimdi
9852,2522,transmiten,present,ellos,şimdi
9853,2522,transmití,past,yo,di
9854,2522,transmitiste,past,tú,di
9855,2522,transmitió,past,él/ella,di
9856,2522,transmitimos,past,nosotros,di
9857,2522,transmitisteis,past,vosotros,di
9858,2522,transmitieron,past,ellos,di
9859,2522,transmitiré,future,yo,gelecek
9860,2522,transmitirás,future,tú,gelecek
9861,2522,transmitirá,future,él/ella,gelecek
9862,2522,transmitiremos,future,nosotros,gelecek
9863,2522,transmitiréis,future,vosotros,gelecek
9864,2522,transmitirán,future,ellos,gelecek
9865,2524,confio,present,yo,şimdi
9866,2524,confias,present,tú,şimdi
9867,2524,confia,present,él/ella,şimdi
9868,2524,confiamos,present,nosotros,şimdi
9869,2524,confiáis,present,vosotros,şimdi
9870,2524,confian,present,ellos,şimdi
9871,2524,confié,past,yo,di
9872,2524,confiaste,past,tú,di
9873,2524,confió,past,él/ella,di
9874,2524,confiamos,past,nosotros,di
9875,2524,confiasteis,past,vosotros,di
9876,2524,confiaron,past,ellos,di
9877,2524,confiaré,future,yo,gelecek
9878,2524,confiarás,future,tú,gelecek
9879,2524,confiará,future,él/ella,gelecek
9880,2524,confiaremos,future,nosotros,gelecek
9881,2524,confiaréis,future,vosotros,gelecek
9882,2524,confiarán,future,ellos,gelecek
9883,2526,alejo,present,yo,şimdi
9884,2526,alejas,present,tú,şimdi
9885,2526,aleja,present,él/ella,şimdi
9886,2526,alejamos,present,nosotros,şimdi
9887,2526,alejáis,present,vosotros,şimdi
9888,2526,alejan,present,ellos,şimdi
9889,2526,alejé,past,yo,di
9890,2526,alejaste,past,tú,di
9891,2526,alejó,past,él/ella,di
9892,2526,alejamos,past,nosotros,di
9893,2526,alejasteis,past,vosotros,di
9894,2526,alejaron,past,ellos,di
9895,2526,alejaré,future,yo,gelecek
9896,2526,alejarás,future,tú,gelecek
9897,2526,alejará,future,él/ella,gelecek
9898,2526,alejaremos,future,nosotros,gelecek
9899,2526,alejaréis,future,vosotros,gelecek
9900,2526,alejarán,future,ellos,gelecek
9901,2529,mido,present,yo,şimdi
9902,2529,mides,present,tú,şimdi
9903,2529,mide,present,él/ella,şimdi
9904,2529,medimos,present,nosotros,şimdi
9905,2529,medís,present,vosotros,şimdi
9906,2529,miden,present,ellos,şimdi
9907,2529,medí,past,yo,di
9908,2529,mediste,past,tú,di
9909,2529,midió,past,él/ella,di
9910,2529,medimos,past,nosotros,di
9911,2529,medisteis,past,vosotros,di
9912,2529,midieron,past,ellos,di
9913,2529,mediré,future,yo,gelecek
9914,2529,medirás,future,tú,gelecek
9915,2529,medirá,future,él/ella,gelecek
9916,2529,mediremos,future,nosotros,gelecek
9917,2529,mediréis,future,vosotros,gelecek
9918,2529,medirán,future,ellos,gelecek
9919,2534,incremento,present,yo,şimdi
9920,2534,incrementas,present,tú,şimdi
9921,2534,incrementa,present,él/ella,şimdi
9922,2534,incrementamos,present,nosotros,şimdi
9923,2534,incrementáis,present,vosotros,şimdi
9924,2534,incrementan,present,ellos,şimdi
9925,2534,incrementé,past,yo,di
9926,2534,incrementaste,past,tú,di
9927,2534,incrementó,past,él/ella,di
9928,2534,incrementamos,past,nosotros,di
9929,2534,incrementasteis,past,vosotros,di
9930,2534,incrementaron,past,ellos,di
9931,2534,incrementaré,future,yo,gelecek
9932,2534,incrementarás,future,tú,gelecek
9933,2534,incrementará,future,él/ella,gelecek
9934,2534,incrementaremos,future,nosotros,gelecek
9935,2534,incrementaréis,future,vosotros,gelecek
9936,2534,incrementarán,future,ellos,gelecek
9937,2543,ignoro,present,yo,şimdi
9938,2543,ignoras,present,tú,şimdi
9939,2543,ignora,present,él/ella,şimdi
9940,2543,ignoramos,present,nosotros,şimdi
9941,2543,ignoráis,present,vosotros,şimdi
9942,2543,ignoran,present,ellos,şimdi
9943,2543,ignoré,past,yo,di
9944,2543,ignoraste,past,tú,di
9945,2543,ignoró,past,él/ella,di
9946,2543,ignoramos,past,nosotros,di
9947,2543,ignorasteis,past,vosotros,di
9948,2543,ignoraron,past,ellos,di
9949,2543,ignoraré,future,yo,gelecek
9950,2543,ignorarás,future,tú,gelecek
9951,2543,ignorará,future,él/ella,gelecek
9952,2543,ignoraremos,future,nosotros,gelecek
9953,2543,ignoraréis,future,vosotros,gelecek
9954,2543,ignorarán,future,ellos,gelecek
9955,2545,ingreso,present,yo,şimdi
9956,2545,ingresas,present,tú,şimdi
9957,2545,ingresa,present,él/ella,şimdi
9958,2545,ingresamos,present,nosotros,şimdi
9959,2545,ingresáis,present,vosotros,şimdi
9960,2545,ingresan,present,ellos,şimdi
9961,2545,ingresé,past,yo,di
9962,2545,ingresaste,past,tú,di
9963,2545,ingresó,past,él/ella,di
9964,2545,ingresamos,past,nosotros,di
9965,2545,ingresasteis,past,vosotros,di
9966,2545,ingresaron,past,ellos,di
9967,2545,ingresaré,future,yo,gelecek
9968,2545,ingresarás,future,tú,gelecek
9969,2545,ingresará,future,él/ella,gelecek
9970,2545,ingresaremos,future,nosotros,gelecek
9971,2545,ingresaréis,future,vosotros,gelecek
9972,2545,ingresarán,future,ellos,gelecek
9973,2552,sueño,present,yo,şimdi
9974,2552,sueñas,present,tú,şimdi
9975,2552,sueña,present,él/ella,şimdi
9976,2552,soñamos,present,nosotros,şimdi
9977,2552,soñáis,present,vosotros,şimdi
9978,2552,sueñan,present,ellos,şimdi
9979,2552,soñé,past,yo,di
9980,2552,soñaste,past,tú,di
9981,2552,soñó,past,él/ella,di
9982,2552,soñamos,past,nosotros,di
9983,2552,soñasteis,past,vosotros,di
9984,2552,soñaron,past,ellos,di
9985,2552,soñaré,future,yo,gelecek
9986,2552,soñarás,future,tú,gelecek
9987,2552,soñará,future,él/ella,gelecek
9988,2552,soñaremos,future,nosotros,gelecek
9989,2552,soñaréis,future,vosotros,gelecek
9990,2552,soñarán,future,ellos,gelecek
9991,2557,careco,present,yo,şimdi
9992,2557,careces,present,tú,şimdi
9993,2557,carece,present,él/ella,şimdi
9994,2557,carecemos,present,nosotros,şimdi
9995,2557,carecéis,present,vosotros,şimdi
9996,2557,carecen,present,ellos,şimdi
9997,2557,carecí,past,yo,di
9998,2557,careciste,past,tú,di
9999,2557,careció,past,él/ella,di
10000,2557,carecimos,past,nosotros,di
10001,2557,carecisteis,past,vosotros,di
10002,2557,carecieron,past,ellos,di
10003,2557,careceré,future,yo,gelecek
10004,2557,carecerás,future,tú,gelecek
10005,2557,carecerá,future,él/ella,gelecek
10006,2557,careceremos,future,nosotros,gelecek
10007,2557,careceréis,future,vosotros,gelecek
10008,2557,carecerán,future,ellos,gelecek
10009,2558,comprometo,present,yo,şimdi
10010,2558,comprometes,present,tú,şimdi
10011,2558,compromete,present,él/ella,şimdi
10012,2558,comprometemos,present,nosotros,şimdi
10013,2558,comprometéis,present,vosotros,şimdi
10014,2558,comprometen,present,ellos,şimdi
10015,2558,comprometí,past,yo,di
10016,2558,comprometiste,past,tú,di
10017,2558,comprometió,past,él/ella,di
10018,2558,comprometimos,past,nosotros,di
10019,2558,comprometisteis,past,vosotros,di
10020,2558,comprometieron,past,ellos,di
10021,2558,comprometeré,future,yo,gelecek
10022,2558,comprometerás,future,tú,gelecek
10023,2558,comprometerá,future,él/ella,gelecek
10024,2558,comprometeremos,future,nosotros,gelecek
10025,2558,comprometeréis,future,vosotros,gelecek
10026,2558,comprometerán,future,ellos,gelecek
10027,2563,monto,present,yo,şimdi
10028,2563,montas,present,tú,şimdi
10029,2563,monta,present,él/ella,şimdi
10030,2563,montamos,present,nosotros,şimdi
10031,2563,montáis,present,vosotros,şimdi
10032,2563,montan,present,ellos,şimdi
10033,2563,monté,past,yo,di
10034,2563,montaste,past,tú,di
10035,2563,montó,past,él/ella,di
10036,2563,montamos,past,nosotros,di
10037,2563,montasteis,past,vosotros,di
10038,2563,montaron,past,ellos,di
10039,2563,montaré,future,yo,gelecek
10040,2563,montarás,future,tú,gelecek
10041,2563,montará,future,él/ella,gelecek
10042,2563,montaremos,future,nosotros,gelecek
10043,2563,montaréis,future,vosotros,gelecek
10044,2563,montarán,future,ellos,gelecek
10045,2567,arrastro,present,yo,şimdi
10046,2567,arrastras,present,tú,şimdi
10047,2567,arrastra,present,él/ella,şimdi
10048,2567,arrastramos,present,nosotros,şimdi
10049,2567,arrastráis,present,vosotros,şimdi
10050,2567,arrastran,present,ellos,şimdi
10051,2567,arrastré,past,yo,di
10052,2567,arrastraste,past,tú,di
10053,2567,arrastró,past,él/ella,di
10054,2567,arrastramos,past,nosotros,di
10055,2567,arrastrasteis,past,vosotros,di
10056,2567,arrastraron,past,ellos,di
10057,2567,arrastraré,future,yo,gelecek
10058,2567,arrastrarás,future,tú,gelecek
10059,2567,arrastrará,future,él/ella,gelecek
10060,2567,arrastraremos,future,nosotros,gelecek
10061,2567,arrastraréis,future,vosotros,gelecek
10062,2567,arrastrarán,future,ellos,gelecek
10063,2572,encendo,present,yo,şimdi
10064,2572,encendes,present,tú,şimdi
10065,2572,encende,present,él/ella,şimdi
10066,2572,encendemos,present,nosotros,şimdi
10067,2572,encendéis,present,vosotros,şimdi
10068,2572,encenden,present,ellos,şimdi
10069,2572,encendí,past,yo,di
10070,2572,encendiste,past,tú,di
10071,2572,encendió,past,él/ella,di
10072,2572,encendimos,past,nosotros,di
10073,2572,encendisteis,past,vosotros,di
10074,2572,encendieron,past,ellos,di
10075,2572,encenderé,future,yo,gelecek
10076,2572,encenderás,future,tú,gelecek
10077,2572,encenderá,future,él/ella,gelecek
10078,2572,encenderemos,future,nosotros,gelecek
10079,2572,encenderéis,future,vosotros,gelecek
10080,2572,encenderán,future,ellos,gelecek
10081,2573,perseguo,present,yo,şimdi
10082,2573,persegues,present,tú,şimdi
10083,2573,persegue,present,él/ella,şimdi
10084,2573,perseguimos,present,nosotros,şimdi
10085,2573,perseguís,present,vosotros,şimdi
10086,2573,perseguen,present,ellos,şimdi
10087,2573,perseguí,past,yo,di
10088,2573,perseguiste,past,tú,di
10089,2573,perseguió,past,él/ella,di
10090,2573,perseguimos,past,nosotros,di
10091,2573,perseguisteis,past,vosotros,di
10092,2573,perseguieron,past,ellos,di
10093,2573,perseguiré,future,yo,gelecek
10094,2573,perseguirás,future,tú,gelecek
10095,2573,perseguirá,future,él/ella,gelecek
10096,2573,perseguiremos,future,nosotros,gelecek
10097,2573,perseguiréis,future,vosotros,gelecek
10098,2573,perseguirán,future,ellos,gelecek
10099,2576,ataco,present,yo,şimdi
10100,2576,atacas,present,tú,şimdi
10101,2576,ataca,present,él/ella,şimdi
10102,2576,atacamos,present,nosotros,şimdi
10103,2576,atacáis,present,vosotros,şimdi
10104,2576,atacan,present,ellos,şimdi
10105,2576,ataqué,past,yo,di
10106,2576,atacaste,past,tú,di
10107,2576,atacó,past,él/ella,di
10108,2576,atacamos,past,nosotros,di
10109,2576,atacasteis,past,vosotros,di
10110,2576,atacaron,past,ellos,di
10111,2576,atacaré,future,yo,gelecek
10112,2576,atacarás,future,tú,gelecek
10113,2576,atacará,future,él/ella,gelecek
10114,2576,atacaremos,future,nosotros,gelecek
10115,2576,atacaréis,future,vosotros,gelecek
10116,2576,atacarán,future,ellos,gelecek
10117,2582,negocio,present,yo,şimdi
10118,2582,negocias,present,tú,şimdi
10119,2582,negocia,present,él/ella,şimdi
10120,2582,negociamos,present,nosotros,şimdi
10121,2582,negociáis,present,vosotros,şimdi
10122,2582,negocian,present,ellos,şimdi
10123,2582,negocié,past,yo,di
10124,2582,negociaste,past,tú,di
10125,2582,negoció,past,él/ella,di
10126,2582,negociamos,past,nosotros,di
10127,2582,negociasteis,past,vosotros,di
10128,2582,negociaron,past,ellos,di
10129,2582,negociaré,future,yo,gelecek
10130,2582,negociarás,future,tú,gelecek
10131,2582,negociará,future,él/ella,gelecek
10132,2582,negociaremos,future,nosotros,gelecek
10133,2582,negociaréis,future,vosotros,gelecek
10134,2582,negociarán,future,ellos,gelecek
10135,2586,promovo,present,yo,şimdi
10136,2586,promoves,present,tú,şimdi
10137,2586,promove,present,él/ella,şimdi
10138,2586,promovemos,present,nosotros,şimdi
10139,2586,promovéis,present,vosotros,şimdi
10140,2586,promoven,present,ellos,şimdi
10141,2586,promoví,past,yo,di
10142,2586,promoviste,past,tú,di
10143,2586,promovió,past,él/ella,di
10144,2586,promovimos,past,nosotros,di
10145,2586,promovisteis,past,vosotros,di
10146,2586,promovieron,past,ellos,di
10147,2586,promoveré,future,yo,gelecek
10148,2586,promoverás,future,tú,gelecek
10149,2586,promoverá,future,él/ella,gelecek
10150,2586,promoveremos,future,nosotros,gelecek
10151,2586,promoveréis,future,vosotros,gelecek
10152,2586,promoverán,future,ellos,gelecek
10153,2589,callo,present,yo,şimdi
10154,2589,callas,present,tú,şimdi
10155,2589,calla,present,él/ella,şimdi
10156,2589,callamos,present,nosotros,şimdi
10157,2589,calláis,present,vosotros,şimdi
10158,2589,callan,present,ellos,şimdi
10159,2589,callé,past,yo,di
10160,2589,callaste,past,tú,di
10161,2589,calló,past,él/ella,di
10162,2589,callamos,past,nosotros,di
10163,2589,callasteis,past,vosotros,di
10164,2589,callaron,past,ellos,di
10165,2589,callaré,future,yo,gelecek
10166,2589,callarás,future,tú,gelecek
10167,2589,callará,future,él/ella,gelecek
10168,2589,callaremos,future,nosotros,gelecek
10169,2589,callaréis,future,vosotros,gelecek
10170,2589,callarán,future,ellos,gelecek
10171,2590,disfruto,present,yo,şimdi
10172,2590,disfrutas,present,tú,şimdi
10173,2590,disfruta,present,él/ella,şimdi
10174,2590,disfrutamos,present,nosotros,şimdi
10175,2590,disfrutáis,present,vosotros,şimdi
10176,2590,disfrutan,present,ellos,şimdi
10177,2590,disfruté,past,yo,di
10178,2590,disfrutaste,past,tú,di
10179,2590,disfrutó,past,él/ella,di
10180,2590,disfrutamos,past,nosotros,di
10181,2590,disfrutasteis,past,vosotros,di
10182,2590,disfrutaron,past,ellos,di
10183,2590,disfrutaré,future,yo,gelecek
10184,2590,disfrutarás,future,tú,gelecek
10185,2590,disfrutará,future,él/ella,gelecek
10186,2590,disfrutaremos,future,nosotros,gelecek
10187,2590,disfrutaréis,future,vosotros,gelecek
10188,2590,disfrutarán,future,ellos,gelecek
10189,2591,recurro,present,yo,şimdi
10190,2591,recurres,present,tú,şimdi
10191,2591,recurre,present,él/ella,şimdi
10192,2591,recurrimos,present,nosotros,şimdi
10193,2591,recurrís,present,vosotros,şimdi
10194,2591,recurren,present,ellos,şimdi
10195,2591,recurrí,past,yo,di
10196,2591,recurriste,past,tú,di
10197,2591,recurrió,past,él/ella,di
10198,2591,recurrimos,past,nosotros,di
10199,2591,recurristeis,past,vosotros,di
10200,2591,recurrieron,past,ellos,di
10201,2591,recurriré,future,yo,gelecek
10202,2591,recurrirás,future,tú,gelecek
10203,2591,recurrirá,future,él/ella,gelecek
10204,2591,recurriremos,future,nosotros,gelecek
10205,2591,recurriréis,future,vosotros,gelecek
10206,2591,recurrirán,future,ellos,gelecek
10207,2594,vinculo,present,yo,şimdi
10208,2594,vinculas,present,tú,şimdi
10209,2594,vincula,present,él/ella,şimdi
10210,2594,vinculamos,present,nosotros,şimdi
10211,2594,vinculáis,present,vosotros,şimdi
10212,2594,vinculan,present,ellos,şimdi
10213,2594,vinculé,past,yo,di
10214,2594,vinculaste,past,tú,di
10215,2594,vinculó,past,él/ella,di
10216,2594,vinculamos,past,nosotros,di
10217,2594,vinculasteis,past,vosotros,di
10218,2594,vincularon,past,ellos,di
10219,2594,vincularé,future,yo,gelecek
10220,2594,vincularás,future,tú,gelecek
10221,2594,vinculará,future,él/ella,gelecek
10222,2594,vincularemos,future,nosotros,gelecek
10223,2594,vincularéis,future,vosotros,gelecek
10224,2594,vincularán,future,ellos,gelecek
10225,2607,opono,present,yo,şimdi
10226,2607,opones,present,tú,şimdi
10227,2607,opone,present,él/ella,şimdi
10228,2607,oponemos,present,nosotros,şimdi
10229,2607,oponéis,present,vosotros,şimdi
10230,2607,oponen,present,ellos,şimdi
10231,2607,oponí,past,yo,di
10232,2607,oponiste,past,tú,di
10233,2607,oponió,past,él/ella,di
10234,2607,oponimos,past,nosotros,di
10235,2607,oponisteis,past,vosotros,di
10236,2607,oponieron,past,ellos,di
10237,2607,oponeré,future,yo,gelecek
10238,2607,oponerás,future,tú,gelecek
10239,2607,oponerá,future,él/ella,gelecek
10240,2607,oponeremos,future,nosotros,gelecek
10241,2607,oponeréis,future,vosotros,gelecek
10242,2607,oponerán,future,ellos,gelecek
10243,2608,encerro,present,yo,şimdi
10244,2608,encerras,present,tú,şimdi
10245,2608,encerra,present,él/ella,şimdi
10246,2608,encerramos,present,nosotros,şimdi
10247,2608,encerráis,present,vosotros,şimdi
10248,2608,encerran,present,ellos,şimdi
10249,2608,encerré,past,yo,di
10250,2608,encerraste,past,tú,di
10251,2608,encerró,past,él/ella,di
10252,2608,encerramos,past,nosotros,di
10253,2608,encerrasteis,past,vosotros,di
10254,2608,encerraron,past,ellos,di
10255,2608,encerraré,future,yo,gelecek
10256,2608,encerrarás,future,tú,gelecek
10257,2608,encerrará,future,él/ella,gelecek
10258,2608,encerraremos,future,nosotros,gelecek
10259,2608,encerraréis,future,vosotros,gelecek
10260,2608,encerrarán,future,ellos,gelecek
10261,2611,experimento,present,yo,şimdi
10262,2611,experimentas,present,tú,şimdi
10263,2611,experimenta,present,él/ella,şimdi
10264,2611,experimentamos,present,nosotros,şimdi
10265,2611,experimentáis,present,vosotros,şimdi
10266,2611,experimentan,present,ellos,şimdi
10267,2611,experimenté,past,yo,di
10268,2611,experimentaste,past,tú,di
10269,2611,experimentó,past,él/ella,di
10270,2611,experimentamos,past,nosotros,di
10271,2611,experimentasteis,past,vosotros,di
10272,2611,experimentaron,past,ellos,di
10273,2611,experimentaré,future,yo,gelecek
10274,2611,experimentarás,future,tú,gelecek
10275,2611,experimentará,future,él/ella,gelecek
10276,2611,experimentaremos,future,nosotros,gelecek
10277,2611,experimentaréis,future,vosotros,gelecek
10278,2611,experimentarán,future,ellos,gelecek
10279,2616,confieso,present,yo,şimdi
10280,2616,confiesas,present,tú,şimdi
10281,2616,confiesa,present,él/ella,şimdi
10282,2616,confesamos,present,nosotros,şimdi
10283,2616,confesáis,present,vosotros,şimdi
10284,2616,confiesan,present,ellos,şimdi
10285,2616,confesé,past,yo,di
10286,2616,confesaste,past,tú,di
10287,2616,confesó,past,él/ella,di
10288,2616,confesamos,past,nosotros,di
10289,2616,confesasteis,past,vosotros,di
10290,2616,confesaron,past,ellos,di
10291,2616,confesaré,future,yo,gelecek
10292,2616,confesarás,future,tú,gelecek
10293,2616,confesará,future,él/ella,gelecek
10294,2616,confesaremos,future,nosotros,gelecek
10295,2616,confesaréis,future,vosotros,gelecek
10296,2616,confesarán,future,ellos,gelecek
10297,2620,completo,present,yo,şimdi
10298,2620,completas,present,tú,şimdi
10299,2620,completa,present,él/ella,şimdi
10300,2620,completamos,present,nosotros,şimdi
10301,2620,completáis,present,vosotros,şimdi
10302,2620,completan,present,ellos,şimdi
10303,2620,completé,past,yo,di
10304,2620,completaste,past,tú,di
10305,2620,completó,past,él/ella,di
10306,2620,completamos,past,nosotros,di
10307,2620,completasteis,past,vosotros,di
10308,2620,completaron,past,ellos,di
10309,2620,completaré,future,yo,gelecek
10310,2620,completarás,future,tú,gelecek
10311,2620,completará,future,él/ella,gelecek
10312,2620,completaremos,future,nosotros,gelecek
10313,2620,completaréis,future,vosotros,gelecek
10314,2620,completarán,future,ellos,gelecek
10315,2622,critico,present,yo,şimdi
10316,2622,criticas,present,tú,şimdi
10317,2622,critica,present,él/ella,şimdi
10318,2622,criticamos,present,nosotros,şimdi
10319,2622,criticáis,present,vosotros,şimdi
10320,2622,critican,present,ellos,şimdi
10321,2622,critiqué,past,yo,di
10322,2622,criticaste,past,tú,di
10323,2622,criticó,past,él/ella,di
10324,2622,criticamos,past,nosotros,di
10325,2622,criticasteis,past,vosotros,di
10326,2622,criticaron,past,ellos,di
10327,2622,criticaré,future,yo,gelecek
10328,2622,criticarás,future,tú,gelecek
10329,2622,criticará,future,él/ella,gelecek
10330,2622,criticaremos,future,nosotros,gelecek
10331,2622,criticaréis,future,vosotros,gelecek
10332,2622,criticarán,future,ellos,gelecek
10333,2623,calculo,present,yo,şimdi
10334,2623,calculas,present,tú,şimdi
10335,2623,calcula,present,él/ella,şimdi
10336,2623,calculamos,present,nosotros,şimdi
10337,2623,calculáis,present,vosotros,şimdi
10338,2623,calculan,present,ellos,şimdi
10339,2623,calculé,past,yo,di
10340,2623,calculaste,past,tú,di
10341,2623,calculó,past,él/ella,di
10342,2623,calculamos,past,nosotros,di
10343,2623,calculasteis,past,vosotros,di
10344,2623,calcularon,past,ellos,di
10345,2623,calcularé,future,yo,gelecek
10346,2623,calcularás,future,tú,gelecek
10347,2623,calculará,future,él/ella,gelecek
10348,2623,calcularemos,future,nosotros,gelecek
10349,2623,calcularéis,future,vosotros,gelecek
10350,2623,calcularán,future,ellos,gelecek
10351,2630,colgo,present,yo,şimdi
10352,2630,colgas,present,tú,şimdi
10353,2630,colga,present,él/ella,şimdi
10354,2630,colgamos,present,nosotros,şimdi
10355,2630,colgáis,present,vosotros,şimdi
10356,2630,colgan,present,ellos,şimdi
10357,2630,colgué,past,yo,di
10358,2630,colgaste,past,tú,di
10359,2630,colgó,past,él/ella,di
10360,2630,colgamos,past,nosotros,di
10361,2630,colgasteis,past,vosotros,di
10362,2630,colgaron,past,ellos,di
10363,2630,colgaré,future,yo,gelecek
10364,2630,colgarás,future,tú,gelecek
10365,2630,colgará,future,él/ella,gelecek
10366,2630,colgaremos,future,nosotros,gelecek
10367,2630,colgaréis,future,vosotros,gelecek
10368,2630,colgarán,future,ellos,gelecek
10369,2633,interrumpo,present,yo,şimdi
10370,2633,interrumpes,present,tú,şimdi
10371,2633,interrumpe,present,él/ella,şimdi
10372,2633,interrumpimos,present,nosotros,şimdi
10373,2633,interrumpís,present,vosotros,şimdi
10374,2633,interrumpen,present,ellos,şimdi
10375,2633,interrumpí,past,yo,di
10376,2633,interrumpiste,past,tú,di
10377,2633,interrumpió,past,él/ella,di
10378,2633,interrumpimos,past,nosotros,di
10379,2633,interrumpisteis,past,vosotros,di
10380,2633,interrumpieron,past,ellos,di
10381,2633,interrumpiré,future,yo,gelecek
10382,2633,interrumpirás,future,tú,gelecek
10383,2633,interrumpirá,future,él/ella,gelecek
10384,2633,interrumpiremos,future,nosotros,gelecek
10385,2633,interrumpiréis,future,vosotros,gelecek
10386,2633,interrumpirán,future,ellos,gelecek
10387,2649,arranco,present,yo,şimdi
10388,2649,arrancas,present,tú,şimdi
10389,2649,arranca,present,él/ella,şimdi
10390,2649,arrancamos,present,nosotros,şimdi
10391,2649,arrancáis,present,vosotros,şimdi
10392,2649,arrancan,present,ellos,şimdi
10393,2649,arranqué,past,yo,di
10394,2649,arrancaste,past,tú,di
10395,2649,arrancó,past,él/ella,di
10396,2649,arrancamos,past,nosotros,di
10397,2649,arrancasteis,past,vosotros,di
10398,2649,arrancaron,past,ellos,di
10399,2649,arrancaré,future,yo,gelecek
10400,2649,arrancarás,future,tú,gelecek
10401,2649,arrancará,future,él/ella,gelecek
10402,2649,arrancaremos,future,nosotros,gelecek
10403,2649,arrancaréis,future,vosotros,gelecek
10404,2649,arrancarán,future,ellos,gelecek
10405,2654,juzgo,present,yo,şimdi
10406,2654,juzgas,present,tú,şimdi
10407,2654,juzga,present,él/ella,şimdi
10408,2654,juzgamos,present,nosotros,şimdi
10409,2654,juzgáis,present,vosotros,şimdi
10410,2654,juzgan,present,ellos,şimdi
10411,2654,juzgué,past,yo,di
10412,2654,juzgaste,past,tú,di
10413,2654,juzgó,past,él/ella,di
10414,2654,juzgamos,past,nosotros,di
10415,2654,juzgasteis,past,vosotros,di
10416,2654,juzgaron,past,ellos,di
10417,2654,juzgaré,future,yo,gelecek
10418,2654,juzgarás,future,tú,gelecek
10419,2654,juzgará,future,él/ella,gelecek
10420,2654,juzgaremos,future,nosotros,gelecek
10421,2654,juzgaréis,future,vosotros,gelecek
10422,2654,juzgarán,future,ellos,gelecek
10423,2655,tardo,present,yo,şimdi
10424,2655,tardas,present,tú,şimdi
10425,2655,tarda,present,él/ella,şimdi
10426,2655,tardamos,present,nosotros,şimdi
10427,2655,tardáis,present,vosotros,şimdi
10428,2655,tardan,present,ellos,şimdi
10429,2655,tardé,past,yo,di
10430,2655,tardaste,past,tú,di
10431,2655,tardó,past,él/ella,di
10432,2655,tardamos,past,nosotros,di
10433,2655,tardasteis,past,vosotros,di
10434,2655,tardaron,past,ellos,di
10435,2655,tardaré,future,yo,gelecek
10436,2655,tardarás,future,tú,gelecek
10437,2655,tardará,future,él/ella,gelecek
10438,2655,tardaremos,future,nosotros,gelecek
10439,2655,tardaréis,future,vosotros,gelecek
10440,2655,tardarán,future,ellos,gelecek
10441,2666,soporto,present,yo,şimdi
10442,2666,soportas,present,tú,şimdi
10443,2666,soporta,present,él/ella,şimdi
10444,2666,soportamos,present,nosotros,şimdi
10445,2666,soportáis,present,vosotros,şimdi
10446,2666,soportan,present,ellos,şimdi
10447,2666,soporté,past,yo,di
10448,2666,soportaste,past,tú,di
10449,2666,soportó,past,él/ella,di
10450,2666,soportamos,past,nosotros,di
10451,2666,soportasteis,past,vosotros,di
10452,2666,soportaron,past,ellos,di
10453,2666,soportaré,future,yo,gelecek
10454,2666,soportarás,future,tú,gelecek
10455,2666,soportará,future,él/ella,gelecek
10456,2666,soportaremos,future,nosotros,gelecek
10457,2666,soportaréis,future,vosotros,gelecek
10458,2666,soportarán,future,ellos,gelecek
10459,2668,equivoco,present,yo,şimdi
10460,2668,equivocas,present,tú,şimdi
10461,2668,equivoca,present,él/ella,şimdi
10462,2668,equivocamos,present,nosotros,şimdi
10463,2668,equivocáis,present,vosotros,şimdi
10464,2668,equivocan,present,ellos,şimdi
10465,2668,equivoqué,past,yo,di
10466,2668,equivocaste,past,tú,di
10467,2668,equivocó,past,él/ella,di
10468,2668,equivocamos,past,nosotros,di
10469,2668,equivocasteis,past,vosotros,di
10470,2668,equivocaron,past,ellos,di
10471,2668,equivocaré,future,yo,gelecek
10472,2668,equivocarás,future,tú,gelecek
10473,2668,equivocará,future,él/ella,gelecek
10474,2668,equivocaremos,future,nosotros,gelecek
10475,2668,equivocaréis,future,vosotros,gelecek
10476,2668,equivocarán,future,ellos,gelecek
10477,2671,subrayo,present,yo,şimdi
10478,2671,subrayas,present,tú,şimdi
10479,2671,subraya,present,él/ella,şimdi
10480,2671,subrayamos,present,nosotros,şimdi
10481,2671,subrayáis,present,vosotros,şimdi
10482,2671,subrayan,present,ellos,şimdi
10483,2671,subrayé,past,yo,di
10484,2671,subrayaste,past,tú,di
10485,2671,subrayó,past,él/ella,di
10486,2671,subrayamos,past,nosotros,di
10487,2671,subrayasteis,past,vosotros,di
10488,2671,subrayaron,past,ellos,di
10489,2671,subrayaré,future,yo,gelecek
10490,2671,subrayarás,future,tú,gelecek
10491,2671,subrayará,future,él/ella,gelecek
10492,2671,subrayaremos,future,nosotros,gelecek
10493,2671,subrayaréis,future,vosotros,gelecek
10494,2671,subrayarán,future,ellos,gelecek
10495,2676,perdono,present,yo,şimdi
10496,2676,perdonas,present,tú,şimdi
10497,2676,perdona,present,él/ella,şimdi
10498,2676,perdonamos,present,nosotros,şimdi
10499,2676,perdonáis,present,vosotros,şimdi
10500,2676,perdonan,present,ellos,şimdi
10501,2676,perdoné,past,yo,di
10502,2676,perdonaste,past,tú,di
10503,2676,perdonó,past,él/ella,di
10504,2676,perdonamos,past,nosotros,di
10505,2676,perdonasteis,past,vosotros,di
10506,2676,perdonaron,past,ellos,di
10507,2676,perdonaré,future,yo,gelecek
10508,2676,perdonarás,future,tú,gelecek
10509,2676,perdonará,future,él/ella,gelecek
10510,2676,perdonaremos,future,nosotros,gelecek
10511,2676,perdonaréis,future,vosotros,gelecek
10512,2676,perdonarán,future,ellos,gelecek
10513,2682,resisto,present,yo,şimdi
10514,2682,resistes,present,tú,şimdi
10515,2682,resiste,present,él/ella,şimdi
10516,2682,resistimos,present,nosotros,şimdi
10517,2682,resistís,present,vosotros,şimdi
10518,2682,resisten,present,ellos,şimdi
10519,2682,resistí,past,yo,di
10520,2682,resististe,past,tú,di
10521,2682,resistió,past,él/ella,di
10522,2682,resistimos,past,nosotros,di
10523,2682,resististeis,past,vosotros,di
10524,2682,resistieron,past,ellos,di
10525,2682,resistiré,future,yo,gelecek
10526,2682,resistirás,future,tú,gelecek
10527,2682,resistirá,future,él/ella,gelecek
10528,2682,resistiremos,future,nosotros,gelecek
10529,2682,resistiréis,future,vosotros,gelecek
10530,2682,resistirán,future,ellos,gelecek
10531,2687,renuncio,present,yo,şimdi
10532,2687,renuncias,present,tú,şimdi
10533,2687,renuncia,present,él/ella,şimdi
10534,2687,renunciamos,present,nosotros,şimdi
10535,2687,renunciáis,present,vosotros,şimdi
10536,2687,renuncian,present,ellos,şimdi
10537,2687,renuncié,past,yo,di
10538,2687,renunciaste,past,tú,di
10539,2687,renunció,past,él/ella,di
10540,2687,renunciamos,past,nosotros,di
10541,2687,renunciasteis,past,vosotros,di
10542,2687,renunciaron,past,ellos,di
10543,2687,renunciaré,future,yo,gelecek
10544,2687,renunciarás,future,tú,gelecek
10545,2687,renunciará,future,él/ella,gelecek
10546,2687,renunciaremos,future,nosotros,gelecek
10547,2687,renunciaréis,future,vosotros,gelecek
10548,2687,renunciarán,future,ellos,gelecek
10549,2689,influo,present,yo,şimdi
10550,2689,influes,present,tú,şimdi
10551,2689,influe,present,él/ella,şimdi
10552,2689,influimos,present,nosotros,şimdi
10553,2689,influís,present,vosotros,şimdi
10554,2689,influen,present,ellos,şimdi
10555,2689,influí,past,yo,di
10556,2689,influiste,past,tú,di
10557,2689,influió,past,él/ella,di
10558,2689,influimos,past,nosotros,di
10559,2689,influisteis,past,vosotros,di
10560,2689,influieron,past,ellos,di
10561,2689,influiré,future,yo,gelecek
10562,2689,influirás,future,tú,gelecek
10563,2689,influirá,future,él/ella,gelecek
10564,2689,influiremos,future,nosotros,gelecek
10565,2689,influiréis,future,vosotros,gelecek
10566,2689,influirán,future,ellos,gelecek
10567,2691,disparo,present,yo,şimdi
10568,2691,disparas,present,tú,şimdi
10569,2691,dispara,present,él/ella,şimdi
10570,2691,disparamos,present,nosotros,şimdi
10571,2691,disparáis,present,vosotros,şimdi
10572,2691,disparan,present,ellos,şimdi
10573,2691,disparé,past,yo,di
10574,2691,disparaste,past,tú,di
10575,2691,disparó,past,él/ella,di
10576,2691,disparamos,past,nosotros,di
10577,2691,disparasteis,past,vosotros,di
10578,2691,dispararon,past,ellos,di
10579,2691,dispararé,future,yo,gelecek
10580,2691,dispararás,future,tú,gelecek
10581,2691,disparará,future,él/ella,gelecek
10582,2691,dispararemos,future,nosotros,gelecek
10583,2691,dispararéis,future,vosotros,gelecek
10584,2691,dispararán,future,ellos,gelecek
10585,2692,golpeo,present,yo,şimdi
10586,2692,golpeas,present,tú,şimdi
10587,2692,golpea,present,él/ella,şimdi
10588,2692,golpeamos,present,nosotros,şimdi
10589,2692,golpeáis,present,vosotros,şimdi
10590,2692,golpean,present,ellos,şimdi
10591,2692,golpeé,past,yo,di
10592,2692,golpeaste,past,tú,di
10593,2692,golpeó,past,él/ella,di
10594,2692,golpeamos,past,nosotros,di
10595,2692,golpeasteis,past,vosotros,di
10596,2692,golpearon,past,ellos,di
10597,2692,golpearé,future,yo,gelecek
10598,2692,golpearás,future,tú,gelecek
10599,2692,golpeará,future,él/ella,gelecek
10600,2692,golpearemos,future,nosotros,gelecek
10601,2692,golpearéis,future,vosotros,gelecek
10602,2692,golpearán,future,ellos,gelecek
10603,2700,solto,present,yo,şimdi
10604,2700,soltas,present,tú,şimdi
10605,2700,solta,present,él/ella,şimdi
10606,2700,soltamos,present,nosotros,şimdi
10607,2700,soltáis,present,vosotros,şimdi
10608,2700,soltan,present,ellos,şimdi
10609,2700,solté,past,yo,di
10610,2700,soltaste,past,tú,di
10611,2700,soltó,past,él/ella,di
10612,2700,soltamos,past,nosotros,di
10613,2700,soltasteis,past,vosotros,di
10614,2700,soltaron,past,ellos,di
10615,2700,soltaré,future,yo,gelecek
10616,2700,soltarás,future,tú,gelecek
10617,2700,soltará,future,él/ella,gelecek
10618,2700,soltaremos,future,nosotros,gelecek
10619,2700,soltaréis,future,vosotros,gelecek
10620,2700,soltarán,future,ellos,gelecek
10621,2701,detecto,present,yo,şimdi
10622,2701,detectas,present,tú,şimdi
10623,2701,detecta,present,él/ella,şimdi
10624,2701,detectamos,present,nosotros,şimdi
10625,2701,detectáis,present,vosotros,şimdi
10626,2701,detectan,present,ellos,şimdi
10627,2701,detecté,past,yo,di
10628,2701,detectaste,past,tú,di
10629,2701,detectó,past,él/ella,di
10630,2701,detectamos,past,nosotros,di
10631,2701,detectasteis,past,vosotros,di
10632,2701,detectaron,past,ellos,di
10633,2701,detectaré,future,yo,gelecek
10634,2701,detectarás,future,tú,gelecek
10635,2701,detectará,future,él/ella,gelecek
10636,2701,detectaremos,future,nosotros,gelecek
10637,2701,detectaréis,future,vosotros,gelecek
10638,2701,detectarán,future,ellos,gelecek
10639,2704,cargo,present,yo,şimdi
10640,2704,cargas,present,tú,şimdi
10641,2704,carga,present,él/ella,şimdi
10642,2704,cargamos,present,nosotros,şimdi
10643,2704,cargáis,present,vosotros,şimdi
10644,2704,cargan,present,ellos,şimdi
10645,2704,cargué,past,yo,di
10646,2704,cargaste,past,tú,di
10647,2704,cargó,past,él/ella,di
10648,2704,cargamos,past,nosotros,di
10649,2704,cargasteis,past,vosotros,di
10650,2704,cargaron,past,ellos,di
10651,2704,cargaré,future,yo,gelecek
10652,2704,cargarás,future,tú,gelecek
10653,2704,cargará,future,él/ella,gelecek
10654,2704,cargaremos,future,nosotros,gelecek
10655,2704,cargaréis,future,vosotros,gelecek
10656,2704,cargarán,future,ellos,gelecek
10657,2705,suspendo,present,yo,şimdi
10658,2705,suspendes,present,tú,şimdi
10659,2705,suspende,present,él/ella,şimdi
10660,2705,suspendemos,present,nosotros,şimdi
10661,2705,suspendéis,present,vosotros,şimdi
10662,2705,suspenden,present,ellos,şimdi
10663,2705,suspendí,past,yo,di
10664,2705,suspendiste,past,tú,di
10665,2705,suspendió,past,él/ella,di
10666,2705,suspendimos,past,nosotros,di
10667,2705,suspendisteis,past,vosotros,di
10668,2705,suspendieron,past,ellos,di
10669,2705,suspenderé,future,yo,gelecek
10670,2705,suspenderás,future,tú,gelecek
10671,2705,suspenderá,future,él/ella,gelecek
10672,2705,suspenderemos,future,nosotros,gelecek
10673,2705,suspenderéis,future,vosotros,gelecek
10674,2705,suspenderán,future,ellos,gelecek
10675,2706,ejecuto,present,yo,şimdi
10676,2706,ejecutas,present,tú,şimdi
10677,2706,ejecuta,present,él/ella,şimdi
10678,2706,ejecutamos,present,nosotros,şimdi
10679,2706,ejecutáis,present,vosotros,şimdi
10680,2706,ejecutan,present,ellos,şimdi
10681,2706,ejecuté,past,yo,di
10682,2706,ejecutaste,past,tú,di
10683,2706,ejecutó,past,él/ella,di
10684,2706,ejecutamos,past,nosotros,di
10685,2706,ejecutasteis,past,vosotros,di
10686,2706,ejecutaron,past,ellos,di
10687,2706,ejecutaré,future,yo,gelecek
10688,2706,ejecutarás,future,tú,gelecek
10689,2706,ejecutará,future,él/ella,gelecek
10690,2706,ejecutaremos,future,nosotros,gelecek
10691,2706,ejecutaréis,future,vosotros,gelecek
10692,2706,ejecutarán,future,ellos,gelecek
10693,2709,finalizo,present,yo,şimdi
10694,2709,finalizas,present,tú,şimdi
10695,2709,finaliza,present,él/ella,şimdi
10696,2709,finalizamos,present,nosotros,şimdi
10697,2709,finalizáis,present,vosotros,şimdi
10698,2709,finalizan,present,ellos,şimdi
10699,2709,finalicé,past,yo,di
10700,2709,finalizaste,past,tú,di
10701,2709,finalizó,past,él/ella,di
10702,2709,finalizamos,past,nosotros,di
10703,2709,finalizasteis,past,vosotros,di
10704,2709,finalizaron,past,ellos,di
10705,2709,finalizaré,future,yo,gelecek
10706,2709,finalizarás,future,tú,gelecek
10707,2709,finalizará,future,él/ella,gelecek
10708,2709,finalizaremos,future,nosotros,gelecek
10709,2709,finalizaréis,future,vosotros,gelecek
10710,2709,finalizarán,future,ellos,gelecek
10711,2711,conformo,present,yo,şimdi
10712,2711,conformas,present,tú,şimdi
10713,2711,conforma,present,él/ella,şimdi
10714,2711,conformamos,present,nosotros,şimdi
10715,2711,conformáis,present,vosotros,şimdi
10716,2711,conforman,present,ellos,şimdi
10717,2711,conformé,past,yo,di
10718,2711,conformaste,past,tú,di
10719,2711,conformó,past,él/ella,di
10720,2711,conformamos,past,nosotros,di
10721,2711,conformasteis,past,vosotros,di
10722,2711,conformaron,past,ellos,di
10723,2711,conformaré,future,yo,gelecek
10724,2711,conformarás,future,tú,gelecek
10725,2711,conformará,future,él/ella,gelecek
10726,2711,conformaremos,future,nosotros,gelecek
10727,2711,conformaréis,future,vosotros,gelecek
10728,2711,conformarán,future,ellos,gelecek
10729,2717,inverto,present,yo,şimdi
10730,2717,invertes,present,tú,şimdi
10731,2717,inverte,present,él/ella,şimdi
10732,2717,invertimos,present,nosotros,şimdi
10733,2717,invertís,present,vosotros,şimdi
10734,2717,inverten,present,ellos,şimdi
10735,2717,invertí,past,yo,di
10736,2717,invertiste,past,tú,di
10737,2717,invertió,past,él/ella,di
10738,2717,invertimos,past,nosotros,di
10739,2717,invertisteis,past,vosotros,di
10740,2717,invertieron,past,ellos,di
10741,2717,invertiré,future,yo,gelecek
10742,2717,invertirás,future,tú,gelecek
10743,2717,invertirá,future,él/ella,gelecek
10744,2717,invertiremos,future,nosotros,gelecek
10745,2717,invertiréis,future,vosotros,gelecek
10746,2717,invertirán,future,ellos,gelecek
10747,2719,alzo,present,yo,şimdi
10748,2719,alzas,present,tú,şimdi
10749,2719,alza,present,él/ella,şimdi
10750,2719,alzamos,present,nosotros,şimdi
10751,2719,alzáis,present,vosotros,şimdi
10752,2719,alzan,present,ellos,şimdi
10753,2719,alcé,past,yo,di
10754,2719,alzaste,past,tú,di
10755,2719,alzó,past,él/ella,di
10756,2719,alzamos,past,nosotros,di
10757,2719,alzasteis,past,vosotros,di
10758,2719,alzaron,past,ellos,di
10759,2719,alzaré,future,yo,gelecek
10760,2719,alzarás,future,tú,gelecek
10761,2719,alzará,future,él/ella,gelecek
10762,2719,alzaremos,future,nosotros,gelecek
10763,2719,alzaréis,future,vosotros,gelecek
10764,2719,alzarán,future,ellos,gelecek
10765,2720,gozo,present,yo,şimdi
10766,2720,gozas,present,tú,şimdi
10767,2720,goza,present,él/ella,şimdi
10768,2720,gozamos,present,nosotros,şimdi
10769,2720,gozáis,present,vosotros,şimdi
10770,2720,gozan,present,ellos,şimdi
10771,2720,gocé,past,yo,di
10772,2720,gozaste,past,tú,di
10773,2720,gozó,past,él/ella,di
10774,2720,gozamos,past,nosotros,di
10775,2720,gozasteis,past,vosotros,di
10776,2720,gozaron,past,ellos,di
10777,2720,gozaré,future,yo,gelecek
10778,2720,gozarás,future,tú,gelecek
10779,2720,gozará,future,él/ella,gelecek
10780,2720,gozaremos,future,nosotros,gelecek
10781,2720,gozaréis,future,vosotros,gelecek
10782,2720,gozarán,future,ellos,gelecek
10783,2724,accedo,present,yo,şimdi
10784,2724,accedes,present,tú,şimdi
10785,2724,accede,present,él/ella,şimdi
10786,2724,accedemos,present,nosotros,şimdi
10787,2724,accedéis,present,vosotros,şimdi
10788,2724,acceden,present,ellos,şimdi
10789,2724,accedí,past,yo,di
10790,2724,accediste,past,tú,di
10791,2724,accedió,past,él/ella,di
10792,2724,accedimos,past,nosotros,di
10793,2724,accedisteis,past,vosotros,di
10794,2724,accedieron,past,ellos,di
10795,2724,accederé,future,yo,gelecek
10796,2724,accederás,future,tú,gelecek
10797,2724,accederá,future,él/ella,gelecek
10798,2724,accederemos,future,nosotros,gelecek
10799,2724,accederéis,future,vosotros,gelecek
10800,2724,accederán,future,ellos,gelecek
10801,2725,padeco,present,yo,şimdi
10802,2725,padeces,present,tú,şimdi
10803,2725,padece,present,él/ella,şimdi
10804,2725,padecemos,present,nosotros,şimdi
10805,2725,padecéis,present,vosotros,şimdi
10806,2725,padecen,present,ellos,şimdi
10807,2725,padecí,past,yo,di
10808,2725,padeciste,past,tú,di
10809,2725,padeció,past,él/ella,di
10810,2725,padecimos,past,nosotros,di
10811,2725,padecisteis,past,vosotros,di
10812,2725,padecieron,past,ellos,di
10813,2725,padeceré,future,yo,gelecek
10814,2725,padecerás,future,tú,gelecek
10815,2725,padecerá,future,él/ella,gelecek
10816,2725,padeceremos,future,nosotros,gelecek
10817,2725,padeceréis,future,vosotros,gelecek
10818,2725,padecerán,future,ellos,gelecek
10819,2736,envolvo,present,yo,şimdi
10820,2736,envolves,present,tú,şimdi
10821,2736,envolve,present,él/ella,şimdi
10822,2736,envolvemos,present,nosotros,şimdi
10823,2736,envolvéis,present,vosotros,şimdi
10824,2736,envolven,present,ellos,şimdi
10825,2736,envolví,past,yo,di
10826,2736,envolviste,past,tú,di
10827,2736,envolvió,past,él/ella,di
10828,2736,envolvimos,past,nosotros,di
10829,2736,envolvisteis,past,vosotros,di
10830,2736,envolvieron,past,ellos,di
10831,2736,envolveré,future,yo,gelecek
10832,2736,envolverás,future,tú,gelecek
10833,2736,envolverá,future,él/ella,gelecek
10834,2736,envolveremos,future,nosotros,gelecek
10835,2736,envolveréis,future,vosotros,gelecek
10836,2736,envolverán,future,ellos,gelecek
10837,2751,origino,present,yo,şimdi
10838,2751,originas,present,tú,şimdi
10839,2751,origina,present,él/ella,şimdi
10840,2751,originamos,present,nosotros,şimdi
10841,2751,origináis,present,vosotros,şimdi
10842,2751,originan,present,ellos,şimdi
10843,2751,originé,past,yo,di
10844,2751,originaste,past,tú,di
10845,2751,originó,past,él/ella,di
10846,2751,originamos,past,nosotros,di
10847,2751,originasteis,past,vosotros,di
10848,2751,originaron,past,ellos,di
10849,2751,originaré,future,yo,gelecek
10850,2751,originarás,future,tú,gelecek
10851,2751,originará,future,él/ella,gelecek
10852,2751,originaremos,future,nosotros,gelecek
10853,2751,originaréis,future,vosotros,gelecek
10854,2751,originarán,future,ellos,gelecek
10855,2754,asesino,present,yo,şimdi
10856,2754,asesinas,present,tú,şimdi
10857,2754,asesina,present,él/ella,şimdi
10858,2754,asesinamos,present,nosotros,şimdi
10859,2754,asesináis,present,vosotros,şimdi
10860,2754,asesinan,present,ellos,şimdi
10861,2754,asesiné,past,yo,di
10862,2754,asesinaste,past,tú,di
10863,2754,asesinó,past,él/ella,di
10864,2754,asesinamos,past,nosotros,di
10865,2754,asesinasteis,past,vosotros,di
10866,2754,asesinaron,past,ellos,di
10867,2754,asesinaré,future,yo,gelecek
10868,2754,asesinarás,future,tú,gelecek
10869,2754,asesinará,future,él/ella,gelecek
10870,2754,asesinaremos,future,nosotros,gelecek
10871,2754,asesinaréis,future,vosotros,gelecek
10872,2754,asesinarán,future,ellos,gelecek
10873,2763,selecciono,present,yo,şimdi
10874,2763,seleccionas,present,tú,şimdi
10875,2763,selecciona,present,él/ella,şimdi
10876,2763,seleccionamos,present,nosotros,şimdi
10877,2763,seleccionáis,present,vosotros,şimdi
10878,2763,seleccionan,present,ellos,şimdi
10879,2763,seleccioné,past,yo,di
10880,2763,seleccionaste,past,tú,di
10881,2763,seleccionó,past,él/ella,di
10882,2763,seleccionamos,past,nosotros,di
10883,2763,seleccionasteis,past,vosotros,di
10884,2763,seleccionaron,past,ellos,di
10885,2763,seleccionaré,future,yo,gelecek
10886,2763,seleccionarás,future,tú,gelecek
10887,2763,seleccionará,future,él/ella,gelecek
10888,2763,seleccionaremos,future,nosotros,gelecek
10889,2763,seleccionaréis,future,vosotros,gelecek
10890,2763,seleccionarán,future,ellos,gelecek
10891,2764,quemo,present,yo,şimdi
10892,2764,quemas,present,tú,şimdi
10893,2764,quema,present,él/ella,şimdi
10894,2764,quemamos,present,nosotros,şimdi
10895,2764,quemáis,present,vosotros,şimdi
10896,2764,queman,present,ellos,şimdi
10897,2764,quemé,past,yo,di
10898,2764,quemaste,past,tú,di
10899,2764,quemó,past,él/ella,di
10900,2764,quemamos,past,nosotros,di
10901,2764,quemasteis,past,vosotros,di
10902,2764,quemaron,past,ellos,di
10903,2764,quemaré,future,yo,gelecek
10904,2764,quemarás,future,tú,gelecek
10905,2764,quemará,future,él/ella,gelecek
10906,2764,quemaremos,future,nosotros,gelecek
10907,2764,quemaréis,future,vosotros,gelecek
10908,2764,quemarán,future,ellos,gelecek
10909,2767,robo,present,yo,şimdi
10910,2767,robas,present,tú,şimdi
10911,2767,roba,present,él/ella,şimdi
10912,2767,robamos,present,nosotros,şimdi
10913,2767,robáis,present,vosotros,şimdi
10914,2767,roban,present,ellos,şimdi
10915,2767,robé,past,yo,di
10916,2767,robaste,past,tú,di
10917,2767,robó,past,él/ella,di
10918,2767,robamos,past,nosotros,di
10919,2767,robasteis,past,vosotros,di
10920,2767,robaron,past,ellos,di
10921,2767,robaré,future,yo,gelecek
10922,2767,robarás,future,tú,gelecek
10923,2767,robará,future,él/ella,gelecek
10924,2767,robaremos,future,nosotros,gelecek
10925,2767,robaréis,future,vosotros,gelecek
10926,2767,robarán,future,ellos,gelecek
10927,2769,procuro,present,yo,şimdi
10928,2769,procuras,present,tú,şimdi
10929,2769,procura,present,él/ella,şimdi
10930,2769,procuramos,present,nosotros,şimdi
10931,2769,procuráis,present,vosotros,şimdi
10932,2769,procuran,present,ellos,şimdi
10933,2769,procuré,past,yo,di
10934,2769,procuraste,past,tú,di
10935,2769,procuró,past,él/ella,di
10936,2769,procuramos,past,nosotros,di
10937,2769,procurasteis,past,vosotros,di
10938,2769,procuraron,past,ellos,di
10939,2769,procuraré,future,yo,gelecek
10940,2769,procurarás,future,tú,gelecek
10941,2769,procurará,future,él/ella,gelecek
10942,2769,procuraremos,future,nosotros,gelecek
10943,2769,procuraréis,future,vosotros,gelecek
10944,2769,procurarán,future,ellos,gelecek
10945,2776,acostumbro,present,yo,şimdi
10946,2776,acostumbras,present,tú,şimdi
10947,2776,acostumbra,present,él/ella,şimdi
10948,2776,acostumbramos,present,nosotros,şimdi
10949,2776,acostumbráis,present,vosotros,şimdi
10950,2776,acostumbran,present,ellos,şimdi
10951,2776,acostumbré,past,yo,di
10952,2776,acostumbraste,past,tú,di
10953,2776,acostumbró,past,él/ella,di
10954,2776,acostumbramos,past,nosotros,di
10955,2776,acostumbrasteis,past,vosotros,di
10956,2776,acostumbraron,past,ellos,di
10957,2776,acostumbraré,future,yo,gelecek
10958,2776,acostumbrarás,future,tú,gelecek
10959,2776,acostumbrará,future,él/ella,gelecek
10960,2776,acostumbraremos,future,nosotros,gelecek
10961,2776,acostumbraréis,future,vosotros,gelecek
10962,2776,acostumbrarán,future,ellos,gelecek
10963,2777,giro,present,yo,şimdi
10964,2777,giras,present,tú,şimdi
10965,2777,gira,present,él/ella,şimdi
10966,2777,giramos,present,nosotros,şimdi
10967,2777,giráis,present,vosotros,şimdi
10968,2777,giran,present,ellos,şimdi
10969,2777,giré,past,yo,di
10970,2777,giraste,past,tú,di
10971,2777,giró,past,él/ella,di
10972,2777,giramos,past,nosotros,di
10973,2777,girasteis,past,vosotros,di
10974,2777,giraron,past,ellos,di
10975,2777,giraré,future,yo,gelecek
10976,2777,girarás,future,tú,gelecek
10977,2777,girará,future,él/ella,gelecek
10978,2777,giraremos,future,nosotros,gelecek
10979,2777,giraréis,future,vosotros,gelecek
10980,2777,girarán,future,ellos,gelecek
10981,2781,formulo,present,yo,şimdi
10982,2781,formulas,present,tú,şimdi
10983,2781,formula,present,él/ella,şimdi
10984,2781,formulamos,present,nosotros,şimdi
10985,2781,formuláis,present,vosotros,şimdi
10986,2781,formulan,present,ellos,şimdi
10987,2781,formulé,past,yo,di
10988,2781,formulaste,past,tú,di
10989,2781,formuló,past,él/ella,di
10990,2781,formulamos,past,nosotros,di
10991,2781,formulasteis,past,vosotros,di
10992,2781,formularon,past,ellos,di
10993,2781,formularé,future,yo,gelecek
10994,2781,formularás,future,tú,gelecek
10995,2781,formulará,future,él/ella,gelecek
10996,2781,formularemos,future,nosotros,gelecek
10997,2781,formularéis,future,vosotros,gelecek
10998,2781,formularán,future,ellos,gelecek
10999,2782,goberno,present,yo,şimdi
11000,2782,gobernas,present,tú,şimdi
11001,2782,goberna,present,él/ella,şimdi
11002,2782,gobernamos,present,nosotros,şimdi
11003,2782,gobernáis,present,vosotros,şimdi
11004,2782,gobernan,present,ellos,şimdi
11005,2782,goberné,past,yo,di
11006,2782,gobernaste,past,tú,di
11007,2782,gobernó,past,él/ella,di
11008,2782,gobernamos,past,nosotros,di
11009,2782,gobernasteis,past,vosotros,di
11010,2782,gobernaron,past,ellos,di
11011,2782,gobernaré,future,yo,gelecek
11012,2782,gobernarás,future,tú,gelecek
11013,2782,gobernará,future,él/ella,gelecek
11014,2782,gobernaremos,future,nosotros,gelecek
11015,2782,gobernaréis,future,vosotros,gelecek
11016,2782,gobernarán,future,ellos,gelecek
11017,2790,desplazo,present,yo,şimdi
11018,2790,desplazas,present,tú,şimdi
11019,2790,desplaza,present,él/ella,şimdi
11020,2790,desplazamos,present,nosotros,şimdi
11021,2790,desplazáis,present,vosotros,şimdi
11022,2790,desplazan,present,ellos,şimdi
11023,2790,desplacé,past,yo,di
11024,2790,desplazaste,past,tú,di
11025,2790,desplazó,past,él/ella,di
11026,2790,desplazamos,past,nosotros,di
11027,2790,desplazasteis,past,vosotros,di
11028,2790,desplazaron,past,ellos,di
11029,2790,desplazaré,future,yo,gelecek
11030,2790,desplazarás,future,tú,gelecek
11031,2790,desplazará,future,él/ella,gelecek
11032,2790,desplazaremos,future,nosotros,gelecek
11033,2790,desplazaréis,future,vosotros,gelecek
11034,2790,desplazarán,future,ellos,gelecek
11035,2791,oriento,present,yo,şimdi
11036,2791,orientas,present,tú,şimdi
11037,2791,orienta,present,él/ella,şimdi
11038,2791,orientamos,present,nosotros,şimdi
11039,2791,orientáis,present,vosotros,şimdi
11040,2791,orientan,present,ellos,şimdi
11041,2791,orienté,past,yo,di
11042,2791,orientaste,past,tú,di
11043,2791,orientó,past,él/ella,di
11044,2791,orientamos,past,nosotros,di
11045,2791,orientasteis,past,vosotros,di
11046,2791,orientaron,past,ellos,di
11047,2791,orientaré,future,yo,gelecek
11048,2791,orientarás,future,tú,gelecek
11049,2791,orientará,future,él/ella,gelecek
11050,2791,orientaremos,future,nosotros,gelecek
11051,2791,orientaréis,future,vosotros,gelecek
11052,2791,orientarán,future,ellos,gelecek
11053,2794,reparto,present,yo,şimdi
11054,2794,repartes,present,tú,şimdi
11055,2794,reparte,present,él/ella,şimdi
11056,2794,repartimos,present,nosotros,şimdi
11057,2794,repartís,present,vosotros,şimdi
11058,2794,reparten,present,ellos,şimdi
11059,2794,repartí,past,yo,di
11060,2794,repartiste,past,tú,di
11061,2794,repartió,past,él/ella,di
11062,2794,repartimos,past,nosotros,di
11063,2794,repartisteis,past,vosotros,di
11064,2794,repartieron,past,ellos,di
11065,2794,repartiré,future,yo,gelecek
11066,2794,repartirás,future,tú,gelecek
11067,2794,repartirá,future,él/ella,gelecek
11068,2794,repartiremos,future,nosotros,gelecek
11069,2794,repartiréis,future,vosotros,gelecek
11070,2794,repartirán,future,ellos,gelecek
11071,2796,proyecto,present,yo,şimdi
11072,2796,proyectas,present,tú,şimdi
11073,2796,proyecta,present,él/ella,şimdi
11074,2796,proyectamos,present,nosotros,şimdi
11075,2796,proyectáis,present,vosotros,şimdi
11076,2796,proyectan,present,ellos,şimdi
11077,2796,proyecté,past,yo,di
11078,2796,proyectaste,past,tú,di
11079,2796,proyectó,past,él/ella,di
11080,2796,proyectamos,past,nosotros,di
11081,2796,proyectasteis,past,vosotros,di
11082,2796,proyectaron,past,ellos,di
11083,2796,proyectaré,future,yo,gelecek
11084,2796,proyectarás,future,tú,gelecek
11085,2796,proyectará,future,él/ella,gelecek
11086,2796,proyectaremos,future,nosotros,gelecek
11087,2796,proyectaréis,future,vosotros,gelecek
11088,2796,proyectarán,future,ellos,gelecek
11089,2798,arrojo,present,yo,şimdi
11090,2798,arrojas,present,tú,şimdi
11091,2798,arroja,present,él/ella,şimdi
11092,2798,arrojamos,present,nosotros,şimdi
11093,2798,arrojáis,present,vosotros,şimdi
11094,2798,arrojan,present,ellos,şimdi
11095,2798,arrojé,past,yo,di
11096,2798,arrojaste,past,tú,di
11097,2798,arrojó,past,él/ella,di
11098,2798,arrojamos,past,nosotros,di
11099,2798,arrojasteis,past,vosotros,di
11100,2798,arrojaron,past,ellos,di
11101,2798,arrojaré,future,yo,gelecek
11102,2798,arrojarás,future,tú,gelecek
11103,2798,arrojará,future,él/ella,gelecek
11104,2798,arrojaremos,future,nosotros,gelecek
11105,2798,arrojaréis,future,vosotros,gelecek
11106,2798,arrojarán,future,ellos,gelecek
11107,2807,hiero,present,yo,şimdi
11108,2807,hieres,present,tú,şimdi
11109,2807,hiere,present,él/ella,şimdi
11110,2807,herimos,present,nosotros,şimdi
11111,2807,herís,present,vosotros,şimdi
11112,2807,hieren,present,ellos,şimdi
11113,2807,herí,past,yo,di
11114,2807,heriste,past,tú,di
11115,2807,herió,past,él/ella,di
11116,2807,herimos,past,nosotros,di
11117,2807,heristeis,past,vosotros,di
11118,2807,herieron,past,ellos,di
11119,2807,heriré,future,yo,gelecek
11120,2807,herirás,future,tú,gelecek
11121,2807,herirá,future,él/ella,gelecek
11122,2807,heriremos,future,nosotros,gelecek
11123,2807,heriréis,future,vosotros,gelecek
11124,2807,herirán,future,ellos,gelecek
11125,2809,vario,present,yo,şimdi
11126,2809,varias,present,tú,şimdi
11127,2809,varia,present,él/ella,şimdi
11128,2809,variamos,present,nosotros,şimdi
11129,2809,variáis,present,vosotros,şimdi
11130,2809,varian,present,ellos,şimdi
11131,2809,varié,past,yo,di
11132,2809,variaste,past,tú,di
11133,2809,varió,past,él/ella,di
11134,2809,variamos,past,nosotros,di
11135,2809,variasteis,past,vosotros,di
11136,2809,variaron,past,ellos,di
11137,2809,variaré,future,yo,gelecek
11138,2809,variarás,future,tú,gelecek
11139,2809,variará,future,él/ella,gelecek
11140,2809,variaremos,future,nosotros,gelecek
11141,2809,variaréis,future,vosotros,gelecek
11142,2809,variarán,future,ellos,gelecek
11143,2812,asocio,present,yo,şimdi
11144,2812,asocias,present,tú,şimdi
11145,2812,asocia,present,él/ella,şimdi
11146,2812,asociamos,present,nosotros,şimdi
11147,2812,asociáis,present,vosotros,şimdi
11148,2812,asocian,present,ellos,şimdi
11149,2812,asocié,past,yo,di
11150,2812,asociaste,past,tú,di
11151,2812,asoció,past,él/ella,di
11152,2812,asociamos,past,nosotros,di
11153,2812,asociasteis,past,vosotros,di
11154,2812,asociaron,past,ellos,di
11155,2812,asociaré,future,yo,gelecek
11156,2812,asociarás,future,tú,gelecek
11157,2812,asociará,future,él/ella,gelecek
11158,2812,asociaremos,future,nosotros,gelecek
11159,2812,asociaréis,future,vosotros,gelecek
11160,2812,asociarán,future,ellos,gelecek
11161,2814,libero,present,yo,şimdi
11162,2814,liberas,present,tú,şimdi
11163,2814,libera,present,él/ella,şimdi
11164,2814,liberamos,present,nosotros,şimdi
11165,2814,liberáis,present,vosotros,şimdi
11166,2814,liberan,present,ellos,şimdi
11167,2814,liberé,past,yo,di
11168,2814,liberaste,past,tú,di
11169,2814,liberó,past,él/ella,di
11170,2814,liberamos,past,nosotros,di
11171,2814,liberasteis,past,vosotros,di
11172,2814,liberaron,past,ellos,di
11173,2814,liberaré,future,yo,gelecek
11174,2814,liberarás,future,tú,gelecek
11175,2814,liberará,future,él/ella,gelecek
11176,2814,liberaremos,future,nosotros,gelecek
11177,2814,liberaréis,future,vosotros,gelecek
11178,2814,liberarán,future,ellos,gelecek
11179,2817,vuelo,present,yo,şimdi
11180,2817,vuelas,present,tú,şimdi
11181,2817,vuela,present,él/ella,şimdi
11182,2817,volamos,present,nosotros,şimdi
11183,2817,voláis,present,vosotros,şimdi
11184,2817,vuelan,present,ellos,şimdi
11185,2817,volé,past,yo,di
11186,2817,volaste,past,tú,di
11187,2817,voló,past,él/ella,di
11188,2817,volamos,past,nosotros,di
11189,2817,volasteis,past,vosotros,di
11190,2817,volaron,past,ellos,di
11191,2817,volaré,future,yo,gelecek
11192,2817,volarás,future,tú,gelecek
11193,2817,volará,future,él/ella,gelecek
11194,2817,volaremos,future,nosotros,gelecek
11195,2817,volaréis,future,vosotros,gelecek
11196,2817,volarán,future,ellos,gelecek
11197,2819,designo,present,yo,şimdi
11198,2819,designas,present,tú,şimdi
11199,2819,designa,present,él/ella,şimdi
11200,2819,designamos,present,nosotros,şimdi
11201,2819,designáis,present,vosotros,şimdi
11202,2819,designan,present,ellos,şimdi
11203,2819,designé,past,yo,di
11204,2819,designaste,past,tú,di
11205,2819,designó,past,él/ella,di
11206,2819,designamos,past,nosotros,di
11207,2819,designasteis,past,vosotros,di
11208,2819,designaron,past,ellos,di
11209,2819,designaré,future,yo,gelecek
11210,2819,designarás,future,tú,gelecek
11211,2819,designará,future,él/ella,gelecek
11212,2819,designaremos,future,nosotros,gelecek
11213,2819,designaréis,future,vosotros,gelecek
11214,2819,designarán,future,ellos,gelecek
11215,2828,concentro,present,yo,şimdi
11216,2828,concentras,present,tú,şimdi
11217,2828,concentra,present,él/ella,şimdi
11218,2828,concentramos,present,nosotros,şimdi
11219,2828,concentráis,present,vosotros,şimdi
11220,2828,concentran,present,ellos,şimdi
11221,2828,concentré,past,yo,di
11222,2828,concentraste,past,tú,di
11223,2828,concentró,past,él/ella,di
11224,2828,concentramos,past,nosotros,di
11225,2828,concentrasteis,past,vosotros,di
11226,2828,concentraron,past,ellos,di
11227,2828,concentraré,future,yo,gelecek
11228,2828,concentrarás,future,tú,gelecek
11229,2828,concentrará,future,él/ella,gelecek
11230,2828,concentraremos,future,nosotros,gelecek
11231,2828,concentraréis,future,vosotros,gelecek
11232,2828,concentrarán,future,ellos,gelecek
11233,2829,encabezo,present,yo,şimdi
11234,2829,encabezas,present,tú,şimdi
11235,2829,encabeza,present,él/ella,şimdi
11236,2829,encabezamos,present,nosotros,şimdi
11237,2829,encabezáis,present,vosotros,şimdi
11238,2829,encabezan,present,ellos,şimdi
11239,2829,encabecé,past,yo,di
11240,2829,encabezaste,past,tú,di
11241,2829,encabezó,past,él/ella,di
11242,2829,encabezamos,past,nosotros,di
11243,2829,encabezasteis,past,vosotros,di
11244,2829,encabezaron,past,ellos,di
11245,2829,encabezaré,future,yo,gelecek
11246,2829,encabezarás,future,tú,gelecek
11247,2829,encabezará,future,él/ella,gelecek
11248,2829,encabezaremos,future,nosotros,gelecek
11249,2829,encabezaréis,future,vosotros,gelecek
11250,2829,encabezarán,future,ellos,gelecek
11251,2840,descendo,present,yo,şimdi
11252,2840,descendes,present,tú,şimdi
11253,2840,descende,present,él/ella,şimdi
11254,2840,descendemos,present,nosotros,şimdi
11255,2840,descendéis,present,vosotros,şimdi
11256,2840,descenden,present,ellos,şimdi
11257,2840,descendí,past,yo,di
11258,2840,descendiste,past,tú,di
11259,2840,descendió,past,él/ella,di
11260,2840,descendimos,past,nosotros,di
11261,2840,descendisteis,past,vosotros,di
11262,2840,descendieron,past,ellos,di
11263,2840,descenderé,future,yo,gelecek
11264,2840,descenderás,future,tú,gelecek
11265,2840,descenderá,future,él/ella,gelecek
11266,2840,descenderemos,future,nosotros,gelecek
11267,2840,descenderéis,future,vosotros,gelecek
11268,2840,descenderán,future,ellos,gelecek
11269,2842,hundo,present,yo,şimdi
11270,2842,hundes,present,tú,şimdi
11271,2842,hunde,present,él/ella,şimdi
11272,2842,hundimos,present,nosotros,şimdi
11273,2842,hundís,present,vosotros,şimdi
11274,2842,hunden,present,ellos,şimdi
11275,2842,hundí,past,yo,di
11276,2842,hundiste,past,tú,di
11277,2842,hundió,past,él/ella,di
11278,2842,hundimos,past,nosotros,di
11279,2842,hundisteis,past,vosotros,di
11280,2842,hundieron,past,ellos,di
11281,2842,hundiré,future,yo,gelecek
11282,2842,hundirás,future,tú,gelecek
11283,2842,hundirá,future,él/ella,gelecek
11284,2842,hundiremos,future,nosotros,gelecek
11285,2842,hundiréis,future,vosotros,gelecek
11286,2842,hundirán,future,ellos,gelecek
11287,2847,inclino,present,yo,şimdi
11288,2847,inclinas,present,tú,şimdi
11289,2847,inclina,present,él/ella,şimdi
11290,2847,inclinamos,present,nosotros,şimdi
11291,2847,inclináis,present,vosotros,şimdi
11292,2847,inclinan,present,ellos,şimdi
11293,2847,incliné,past,yo,di
11294,2847,inclinaste,past,tú,di
11295,2847,inclinó,past,él/ella,di
11296,2847,inclinamos,past,nosotros,di
11297,2847,inclinasteis,past,vosotros,di
11298,2847,inclinaron,past,ellos,di
11299,2847,inclinaré,future,yo,gelecek
11300,2847,inclinarás,future,tú,gelecek
11301,2847,inclinará,future,él/ella,gelecek
11302,2847,inclinaremos,future,nosotros,gelecek
11303,2847,inclinaréis,future,vosotros,gelecek
11304,2847,inclinarán,future,ellos,gelecek
11305,2849,saludo,present,yo,şimdi
11306,2849,saludas,present,tú,şimdi
11307,2849,saluda,present,él/ella,şimdi
11308,2849,saludamos,present,nosotros,şimdi
11309,2849,saludáis,present,vosotros,şimdi
11310,2849,saludan,present,ellos,şimdi
11311,2849,saludé,past,yo,di
11312,2849,saludaste,past,tú,di
11313,2849,saludó,past,él/ella,di
11314,2849,saludamos,past,nosotros,di
11315,2849,saludasteis,past,vosotros,di
11316,2849,saludaron,past,ellos,di
11317,2849,saludaré,future,yo,gelecek
11318,2849,saludarás,future,tú,gelecek
11319,2849,saludará,future,él/ella,gelecek
11320,2849,saludaremos,future,nosotros,gelecek
11321,2849,saludaréis,future,vosotros,gelecek
11322,2849,saludarán,future,ellos,gelecek
11323,2858,transcurro,present,yo,şimdi
11324,2858,transcurres,present,tú,şimdi
11325,2858,transcurre,present,él/ella,şimdi
11326,2858,transcurrimos,present,nosotros,şimdi
11327,2858,transcurrís,present,vosotros,şimdi
11328,2858,transcurren,present,ellos,şimdi
11329,2858,transcurrí,past,yo,di
11330,2858,transcurriste,past,tú,di
11331,2858,transcurrió,past,él/ella,di
11332,2858,transcurrimos,past,nosotros,di
11333,2858,transcurristeis,past,vosotros,di
11334,2858,transcurrieron,past,ellos,di
11335,2858,transcurriré,future,yo,gelecek
11336,2858,transcurrirás,future,tú,gelecek
11337,2858,transcurrirá,future,él/ella,gelecek
11338,2858,transcurriremos,future,nosotros,gelecek
11339,2858,transcurriréis,future,vosotros,gelecek
11340,2858,transcurrirán,future,ellos,gelecek
11341,2862,falleco,present,yo,şimdi
11342,2862,falleces,present,tú,şimdi
11343,2862,fallece,present,él/ella,şimdi
11344,2862,fallecemos,present,nosotros,şimdi
11345,2862,fallecéis,present,vosotros,şimdi
11346,2862,fallecen,present,ellos,şimdi
11347,2862,fallecí,past,yo,di
11348,2862,falleciste,past,tú,di
11349,2862,falleció,past,él/ella,di
11350,2862,fallecimos,past,nosotros,di
11351,2862,fallecisteis,past,vosotros,di
11352,2862,fallecieron,past,ellos,di
11353,2862,falleceré,future,yo,gelecek
11354,2862,fallecerás,future,tú,gelecek
11355,2862,fallecerá,future,él/ella,gelecek
11356,2862,falleceremos,future,nosotros,gelecek
11357,2862,falleceréis,future,vosotros,gelecek
11358,2862,fallecerán,future,ellos,gelecek
11359,2863,especializo,present,yo,şimdi
11360,2863,especializas,present,tú,şimdi
11361,2863,especializa,present,él/ella,şimdi
11362,2863,especializamos,present,nosotros,şimdi
11363,2863,especializáis,present,vosotros,şimdi
11364,2863,especializan,present,ellos,şimdi
11365,2863,especialicé,past,yo,di
11366,2863,especializaste,past,tú,di
11367,2863,especializó,past,él/ella,di
11368,2863,especializamos,past,nosotros,di
11369,2863,especializasteis,past,vosotros,di
11370,2863,especializaron,past,ellos,di
11371,2863,especializaré,future,yo,gelecek
11372,2863,especializarás,future,tú,gelecek
11373,2863,especializará,future,él/ella,gelecek
11374,2863,especializaremos,future,nosotros,gelecek
11375,2863,especializaréis,future,vosotros,gelecek
11376,2863,especializarán,future,ellos,gelecek
11377,2866,dicto,present,yo,şimdi
11378,2866,dictas,present,tú,şimdi
11379,2866,dicta,present,él/ella,şimdi
11380,2866,dictamos,present,nosotros,şimdi
11381,2866,dictáis,present,vosotros,şimdi
11382,2866,dictan,present,ellos,şimdi
11383,2866,dicté,past,yo,di
11384,2866,dictaste,past,tú,di
11385,2866,dictó,past,él/ella,di
11386,2866,dictamos,past,nosotros,di
11387,2866,dictasteis,past,vosotros,di
11388,2866,dictaron,past,ellos,di
11389,2866,dictaré,future,yo,gelecek
11390,2866,dictarás,future,tú,gelecek
11391,2866,dictará,future,él/ella,gelecek
11392,2866,dictaremos,future,nosotros,gelecek
11393,2866,dictaréis,future,vosotros,gelecek
11394,2866,dictarán,future,ellos,gelecek
11395,2870,acumulo,present,yo,şimdi
11396,2870,acumulas,present,tú,şimdi
11397,2870,acumula,present,él/ella,şimdi
11398,2870,acumulamos,present,nosotros,şimdi
11399,2870,acumuláis,present,vosotros,şimdi
11400,2870,acumulan,present,ellos,şimdi
11401,2870,acumulé,past,yo,di
11402,2870,acumulaste,past,tú,di
11403,2870,acumuló,past,él/ella,di
11404,2870,acumulamos,past,nosotros,di
11405,2870,acumulasteis,past,vosotros,di
11406,2870,acumularon,past,ellos,di
11407,2870,acumularé,future,yo,gelecek
11408,2870,acumularás,future,tú,gelecek
11409,2870,acumulará,future,él/ella,gelecek
11410,2870,acumularemos,future,nosotros,gelecek
11411,2870,acumularéis,future,vosotros,gelecek
11412,2870,acumularán,future,ellos,gelecek
11413,2872,atrao,present,yo,şimdi
11414,2872,atraes,present,tú,şimdi
11415,2872,atrae,present,él/ella,şimdi
11416,2872,atraemos,present,nosotros,şimdi
11417,2872,atraéis,present,vosotros,şimdi
11418,2872,atraen,present,ellos,şimdi
11419,2872,atraí,past,yo,di
11420,2872,atraiste,past,tú,di
11421,2872,atraió,past,él/ella,di
11422,2872,atraimos,past,nosotros,di
11423,2872,atraisteis,past,vosotros,di
11424,2872,atraieron,past,ellos,di
11425,2872,atraeré,future,yo,gelecek
11426,2872,atraerás,future,tú,gelecek
11427,2872,atraerá,future,él/ella,gelecek
11428,2872,atraeremos,future,nosotros,gelecek
11429,2872,atraeréis,future,vosotros,gelecek
11430,2872,atraerán,future,ellos,gelecek
11431,2874,disputo,present,yo,şimdi
11432,2874,disputas,present,tú,şimdi
11433,2874,disputa,present,él/ella,şimdi
11434,2874,disputamos,present,nosotros,şimdi
11435,2874,disputáis,present,vosotros,şimdi
11436,2874,disputan,present,ellos,şimdi
11437,2874,disputé,past,yo,di
11438,2874,disputaste,past,tú,di
11439,2874,disputó,past,él/ella,di
11440,2874,disputamos,past,nosotros,di
11441,2874,disputasteis,past,vosotros,di
11442,2874,disputaron,past,ellos,di
11443,2874,disputaré,future,yo,gelecek
11444,2874,disputarás,future,tú,gelecek
11445,2874,disputará,future,él/ella,gelecek
11446,2874,disputaremos,future,nosotros,gelecek
11447,2874,disputaréis,future,vosotros,gelecek
11448,2874,disputarán,future,ellos,gelecek
11449,2886,asomo,present,yo,şimdi
11450,2886,asomas,present,tú,şimdi
11451,2886,asoma,present,él/ella,şimdi
11452,2886,asomamos,present,nosotros,şimdi
11453,2886,asomáis,present,vosotros,şimdi
11454,2886,asoman,present,ellos,şimdi
11455,2886,asomé,past,yo,di
11456,2886,asomaste,past,tú,di
11457,2886,asomó,past,él/ella,di
11458,2886,asomamos,past,nosotros,di
11459,2886,asomasteis,past,vosotros,di
11460,2886,asomaron,past,ellos,di
11461,2886,asomaré,future,yo,gelecek
11462,2886,asomarás,future,tú,gelecek
11463,2886,asomará,future,él/ella,gelecek
11464,2886,asomaremos,future,nosotros,gelecek
11465,2886,asomaréis,future,vosotros,gelecek
11466,2886,asomarán,future,ellos,gelecek
11467,2890,emprendo,present,yo,şimdi
11468,2890,emprendes,present,tú,şimdi
11469,2890,emprende,present,él/ella,şimdi
11470,2890,emprendemos,present,nosotros,şimdi
11471,2890,emprendéis,present,vosotros,şimdi
11472,2890,emprenden,present,ellos,şimdi
11473,2890,emprendí,past,yo,di
11474,2890,emprendiste,past,tú,di
11475,2890,emprendió,past,él/ella,di
11476,2890,emprendimos,past,nosotros,di
11477,2890,emprendisteis,past,vosotros,di
11478,2890,emprendieron,past,ellos,di
11479,2890,emprenderé,future,yo,gelecek
11480,2890,emprenderás,future,tú,gelecek
11481,2890,emprenderá,future,él/ella,gelecek
11482,2890,emprenderemos,future,nosotros,gelecek
11483,2890,emprenderéis,future,vosotros,gelecek
11484,2890,emprenderán,future,ellos,gelecek
11485,2896,adapto,present,yo,şimdi
11486,2896,adaptas,present,tú,şimdi
11487,2896,adapta,present,él/ella,şimdi
11488,2896,adaptamos,present,nosotros,şimdi
11489,2896,adaptáis,present,vosotros,şimdi
11490,2896,adaptan,present,ellos,şimdi
11491,2896,adapté,past,yo,di
11492,2896,adaptaste,past,tú,di
11493,2896,adaptó,past,él/ella,di
11494,2896,adaptamos,past,nosotros,di
11495,2896,adaptasteis,past,vosotros,di
11496,2896,adaptaron,past,ellos,di
11497,2896,adaptaré,future,yo,gelecek
11498,2896,adaptarás,future,tú,gelecek
11499,2896,adaptará,future,él/ella,gelecek
11500,2896,adaptaremos,future,nosotros,gelecek
11501,2896,adaptaréis,future,vosotros,gelecek
11502,2896,adaptarán,future,ellos,gelecek
11503,2900,descarto,present,yo,şimdi
11504,2900,descartas,present,tú,şimdi
11505,2900,descarta,present,él/ella,şimdi
11506,2900,descartamos,present,nosotros,şimdi
11507,2900,descartáis,present,vosotros,şimdi
11508,2900,descartan,present,ellos,şimdi
11509,2900,descarté,past,yo,di
11510,2900,descartaste,past,tú,di
11511,2900,descartó,past,él/ella,di
11512,2900,descartamos,past,nosotros,di
11513,2900,descartasteis,past,vosotros,di
11514,2900,descartaron,past,ellos,di
11515,2900,descartaré,future,yo,gelecek
11516,2900,descartarás,future,tú,gelecek
11517,2900,descartará,future,él/ella,gelecek
11518,2900,descartaremos,future,nosotros,gelecek
11519,2900,descartaréis,future,vosotros,gelecek
11520,2900,descartarán,future,ellos,gelecek
11521,2902,concebo,present,yo,şimdi
11522,2902,concebes,present,tú,şimdi
11523,2902,concebe,present,él/ella,şimdi
11524,2902,concebimos,present,nosotros,şimdi
11525,2902,concebís,present,vosotros,şimdi
11526,2902,conceben,present,ellos,şimdi
11527,2902,concebí,past,yo,di
11528,2902,concebiste,past,tú,di
11529,2902,concebió,past,él/ella,di
11530,2902,concebimos,past,nosotros,di
11531,2902,concebisteis,past,vosotros,di
11532,2902,concebieron,past,ellos,di
11533,2902,concebiré,future,yo,gelecek
11534,2902,concebirás,future,tú,gelecek
11535,2902,concebirá,future,él/ella,gelecek
11536,2902,concebiremos,future,nosotros,gelecek
11537,2902,concebiréis,future,vosotros,gelecek
11538,2902,concebirán,future,ellos,gelecek
11539,2910,desconoco,present,yo,şimdi
11540,2910,desconoces,present,tú,şimdi
11541,2910,desconoce,present,él/ella,şimdi
11542,2910,desconocemos,present,nosotros,şimdi
11543,2910,desconocéis,present,vosotros,şimdi
11544,2910,desconocen,present,ellos,şimdi
11545,2910,desconocí,past,yo,di
11546,2910,desconociste,past,tú,di
11547,2910,desconoció,past,él/ella,di
11548,2910,desconocimos,past,nosotros,di
11549,2910,desconocisteis,past,vosotros,di
11550,2910,desconocieron,past,ellos,di
11551,2910,desconoceré,future,yo,gelecek
11552,2910,desconocerás,future,tú,gelecek
11553,2910,desconocerá,future,él/ella,gelecek
11554,2910,desconoceremos,future,nosotros,gelecek
11555,2910,desconoceréis,future,vosotros,gelecek
11556,2910,desconocerán,future,ellos,gelecek
11557,2913,distribuo,present,yo,şimdi
11558,2913,distribues,present,tú,şimdi
11559,2913,distribue,present,él/ella,şimdi
11560,2913,distribuimos,present,nosotros,şimdi
11561,2913,distribuís,present,vosotros,şimdi
11562,2913,distribuen,present,ellos,şimdi
11563,2913,distribuí,past,yo,di
11564,2913,distribuiste,past,tú,di
11565,2913,distribuió,past,él/ella,di
11566,2913,distribuimos,past,nosotros,di
11567,2913,distribuisteis,past,vosotros,di
11568,2913,distribuieron,past,ellos,di
11569,2913,distribuiré,future,yo,gelecek
11570,2913,distribuirás,future,tú,gelecek
11571,2913,distribuirá,future,él/ella,gelecek
11572,2913,distribuiremos,future,nosotros,gelecek
11573,2913,distribuiréis,future,vosotros,gelecek
11574,2913,distribuirán,future,ellos,gelecek
11575,2925,opto,present,yo,şimdi
11576,2925,optas,present,tú,şimdi
11577,2925,opta,present,él/ella,şimdi
11578,2925,optamos,present,nosotros,şimdi
11579,2925,optáis,present,vosotros,şimdi
11580,2925,optan,present,ellos,şimdi
11581,2925,opté,past,yo,di
11582,2925,optaste,past,tú,di
11583,2925,optó,past,él/ella,di
11584,2925,optamos,past,nosotros,di
11585,2925,optasteis,past,vosotros,di
11586,2925,optaron,past,ellos,di
11587,2925,optaré,future,yo,gelecek
11588,2925,optarás,future,tú,gelecek
11589,2925,optará,future,él/ella,gelecek
11590,2925,optaremos,future,nosotros,gelecek
11591,2925,optaréis,future,vosotros,gelecek
11592,2925,optarán,future,ellos,gelecek
11593,2927,arreglo,present,yo,şimdi
11594,2927,arreglas,present,tú,şimdi
11595,2927,arregla,present,él/ella,şimdi
11596,2927,arreglamos,present,nosotros,şimdi
11597,2927,arregláis,present,vosotros,şimdi
11598,2927,arreglan,present,ellos,şimdi
11599,2927,arreglé,past,yo,di
11600,2927,arreglaste,past,tú,di
11601,2927,arregló,past,él/ella,di
11602,2927,arreglamos,past,nosotros,di
11603,2927,arreglasteis,past,vosotros,di
11604,2927,arreglaron,past,ellos,di
11605,2927,arreglaré,future,yo,gelecek
11606,2927,arreglarás,future,tú,gelecek
11607,2927,arreglará,future,él/ella,gelecek
11608,2927,arreglaremos,future,nosotros,gelecek
11609,2927,arreglaréis,future,vosotros,gelecek
11610,2927,arreglarán,future,ellos,gelecek
11611,2932,colaboro,present,yo,şimdi
11612,2932,colaboras,present,tú,şimdi
11613,2932,colabora,present,él/ella,şimdi
11614,2932,colaboramos,present,nosotros,şimdi
11615,2932,colaboráis,present,vosotros,şimdi
11616,2932,colaboran,present,ellos,şimdi
11617,2932,colaboré,past,yo,di
11618,2932,colaboraste,past,tú,di
11619,2932,colaboró,past,él/ella,di
11620,2932,colaboramos,past,nosotros,di
11621,2932,colaborasteis,past,vosotros,di
11622,2932,colaboraron,past,ellos,di
11623,2932,colaboraré,future,yo,gelecek
11624,2932,colaborarás,future,tú,gelecek
11625,2932,colaborará,future,él/ella,gelecek
11626,2932,colaboraremos,future,nosotros,gelecek
11627,2932,colaboraréis,future,vosotros,gelecek
11628,2932,colaborarán,future,ellos,gelecek
11629,2934,combato,present,yo,şimdi
11630,2934,combates,present,tú,şimdi
11631,2934,combate,present,él/ella,şimdi
11632,2934,combatimos,present,nosotros,şimdi
11633,2934,combatís,present,vosotros,şimdi
11634,2934,combaten,present,ellos,şimdi
11635,2934,combatí,past,yo,di
11636,2934,combatiste,past,tú,di
11637,2934,combatió,past,él/ella,di
11638,2934,combatimos,past,nosotros,di
11639,2934,combatisteis,past,vosotros,di
11640,2934,combatieron,past,ellos,di
11641,2934,combatiré,future,yo,gelecek
11642,2934,combatirás,future,tú,gelecek
11643,2934,combatirá,future,él/ella,gelecek
11644,2934,combatiremos,future,nosotros,gelecek
11645,2934,combatiréis,future,vosotros,gelecek
11646,2934,combatirán,future,ellos,gelecek
11647,2939,alimento,present,yo,şimdi
11648,2939,alimentas,present,tú,şimdi
11649,2939,alimenta,present,él/ella,şimdi
11650,2939,alimentamos,present,nosotros,şimdi
11651,2939,alimentáis,present,vosotros,şimdi
11652,2939,alimentan,present,ellos,şimdi
11653,2939,alimenté,past,yo,di
11654,2939,alimentaste,past,tú,di
11655,2939,alimentó,past,él/ella,di
11656,2939,alimentamos,past,nosotros,di
11657,2939,alimentasteis,past,vosotros,di
11658,2939,alimentaron,past,ellos,di
11659,2939,alimentaré,future,yo,gelecek
11660,2939,alimentarás,future,tú,gelecek
11661,2939,alimentará,future,él/ella,gelecek
11662,2939,alimentaremos,future,nosotros,gelecek
11663,2939,alimentaréis,future,vosotros,gelecek
11664,2939,alimentarán,future,ellos,gelecek
11665,2952,fabrico,present,yo,şimdi
11666,2952,fabricas,present,tú,şimdi
11667,2952,fabrica,present,él/ella,şimdi
11668,2952,fabricamos,present,nosotros,şimdi
11669,2952,fabricáis,present,vosotros,şimdi
11670,2952,fabrican,present,ellos,şimdi
11671,2952,fabriqué,past,yo,di
11672,2952,fabricaste,past,tú,di
11673,2952,fabricó,past,él/ella,di
11674,2952,fabricamos,past,nosotros,di
11675,2952,fabricasteis,past,vosotros,di
11676,2952,fabricaron,past,ellos,di
11677,2952,fabricaré,future,yo,gelecek
11678,2952,fabricarás,future,tú,gelecek
11679,2952,fabricará,future,él/ella,gelecek
11680,2952,fabricaremos,future,nosotros,gelecek
11681,2952,fabricaréis,future,vosotros,gelecek
11682,2952,fabricarán,future,ellos,gelecek
11683,2953,desempeño,present,yo,şimdi
11684,2953,desempeñas,present,tú,şimdi
11685,2953,desempeña,present,él/ella,şimdi
11686,2953,desempeñamos,present,nosotros,şimdi
11687,2953,desempeñáis,present,vosotros,şimdi
11688,2953,desempeñan,present,ellos,şimdi
11689,2953,desempeñé,past,yo,di
11690,2953,desempeñaste,past,tú,di
11691,2953,desempeñó,past,él/ella,di
11692,2953,desempeñamos,past,nosotros,di
11693,2953,desempeñasteis,past,vosotros,di
11694,2953,desempeñaron,past,ellos,di
11695,2953,desempeñaré,future,yo,gelecek
11696,2953,desempeñarás,future,tú,gelecek
11697,2953,desempeñará,future,él/ella,gelecek
11698,2953,desempeñaremos,future,nosotros,gelecek
11699,2953,desempeñaréis,future,vosotros,gelecek
11700,2953,desempeñarán,future,ellos,gelecek
11701,2957,aparto,present,yo,şimdi
11702,2957,apartas,present,tú,şimdi
11703,2957,aparta,present,él/ella,şimdi
11704,2957,apartamos,present,nosotros,şimdi
11705,2957,apartáis,present,vosotros,şimdi
11706,2957,apartan,present,ellos,şimdi
11707,2957,aparté,past,yo,di
11708,2957,apartaste,past,tú,di
11709,2957,apartó,past,él/ella,di
11710,2957,apartamos,past,nosotros,di
11711,2957,apartasteis,past,vosotros,di
11712,2957,apartaron,past,ellos,di
11713,2957,apartaré,future,yo,gelecek
11714,2957,apartarás,future,tú,gelecek
11715,2957,apartará,future,él/ella,gelecek
11716,2957,apartaremos,future,nosotros,gelecek
11717,2957,apartaréis,future,vosotros,gelecek
11718,2957,apartarán,future,ellos,gelecek
11719,2958,acogo,present,yo,şimdi
11720,2958,acoges,present,tú,şimdi
11721,2958,acoge,present,él/ella,şimdi
11722,2958,acogemos,present,nosotros,şimdi
11723,2958,acogéis,present,vosotros,şimdi
11724,2958,acogen,present,ellos,şimdi
11725,2958,acogí,past,yo,di
11726,2958,acogiste,past,tú,di
11727,2958,acogió,past,él/ella,di
11728,2958,acogimos,past,nosotros,di
11729,2958,acogisteis,past,vosotros,di
11730,2958,acogieron,past,ellos,di
11731,2958,acogeré,future,yo,gelecek
11732,2958,acogerás,future,tú,gelecek
11733,2958,acogerá,future,él/ella,gelecek
11734,2958,acogeremos,future,nosotros,gelecek
11735,2958,acogeréis,future,vosotros,gelecek
11736,2958,acogerán,future,ellos,gelecek
11737,2959,inauguro,present,yo,şimdi
11738,2959,inauguras,present,tú,şimdi
11739,2959,inaugura,present,él/ella,şimdi
11740,2959,inauguramos,present,nosotros,şimdi
11741,2959,inauguráis,present,vosotros,şimdi
11742,2959,inauguran,present,ellos,şimdi
11743,2959,inauguré,past,yo,di
11744,2959,inauguraste,past,tú,di
11745,2959,inauguró,past,él/ella,di
11746,2959,inauguramos,past,nosotros,di
11747,2959,inaugurasteis,past,vosotros,di
11748,2959,inauguraron,past,ellos,di
11749,2959,inauguraré,future,yo,gelecek
11750,2959,inaugurarás,future,tú,gelecek
11751,2959,inaugurará,future,él/ella,gelecek
11752,2959,inauguraremos,future,nosotros,gelecek
11753,2959,inauguraréis,future,vosotros,gelecek
11754,2959,inaugurarán,future,ellos,gelecek
11755,2961,altero,present,yo,şimdi
11756,2961,alteras,present,tú,şimdi
11757,2961,altera,present,él/ella,şimdi
11758,2961,alteramos,present,nosotros,şimdi
11759,2961,alteráis,present,vosotros,şimdi
11760,2961,alteran,present,ellos,şimdi
11761,2961,alteré,past,yo,di
11762,2961,alteraste,past,tú,di
11763,2961,alteró,past,él/ella,di
11764,2961,alteramos,past,nosotros,di
11765,2961,alterasteis,past,vosotros,di
11766,2961,alteraron,past,ellos,di
11767,2961,alteraré,future,yo,gelecek
11768,2961,alterarás,future,tú,gelecek
11769,2961,alterará,future,él/ella,gelecek
11770,2961,alteraremos,future,nosotros,gelecek
11771,2961,alteraréis,future,vosotros,gelecek
11772,2961,alterarán,future,ellos,gelecek
11773,2962,escogo,present,yo,şimdi
11774,2962,escoges,present,tú,şimdi
11775,2962,escoge,present,él/ella,şimdi
11776,2962,escogemos,present,nosotros,şimdi
11777,2962,escogéis,present,vosotros,şimdi
11778,2962,escogen,present,ellos,şimdi
11779,2962,escogí,past,yo,di
11780,2962,escogiste,past,tú,di
11781,2962,escogió,past,él/ella,di
11782,2962,escogimos,past,nosotros,di
11783,2962,escogisteis,past,vosotros,di
11784,2962,escogieron,past,ellos,di
11785,2962,escogeré,future,yo,gelecek
11786,2962,escogerás,future,tú,gelecek
11787,2962,escogerá,future,él/ella,gelecek
11788,2962,escogeremos,future,nosotros,gelecek
11789,2962,escogeréis,future,vosotros,gelecek
11790,2962,escogerán,future,ellos,gelecek
11791,2965,reviso,present,yo,şimdi
11792,2965,revisas,present,tú,şimdi
11793,2965,revisa,present,él/ella,şimdi
11794,2965,revisamos,present,nosotros,şimdi
11795,2965,revisáis,present,vosotros,şimdi
11796,2965,revisan,present,ellos,şimdi
11797,2965,revisé,past,yo,di
11798,2965,revisaste,past,tú,di
11799,2965,revisó,past,él/ella,di
11800,2965,revisamos,past,nosotros,di
11801,2965,revisasteis,past,vosotros,di
11802,2965,revisaron,past,ellos,di
11803,2965,revisaré,future,yo,gelecek
11804,2965,revisarás,future,tú,gelecek
11805,2965,revisará,future,él/ella,gelecek
11806,2965,revisaremos,future,nosotros,gelecek
11807,2965,revisaréis,future,vosotros,gelecek
11808,2965,revisarán,future,ellos,gelecek
11809,2966,agradeczco,present,yo,şimdi
11810,2966,agradeces,present,tú,şimdi
11811,2966,agradece,present,él/ella,şimdi
11812,2966,agradecemos,present,nosotros,şimdi
11813,2966,agradecéis,present,vosotros,şimdi
11814,2966,agradecen,present,ellos,şimdi
11815,2966,agradecí,past,yo,di
11816,2966,agradeciste,past,tú,di
11817,2966,agradeció,past,él/ella,di
11818,2966,agradecimos,past,nosotros,di
11819,2966,agradecisteis,past,vosotros,di
11820,2966,agradecieron,past,ellos,di
11821,2966,agradeceré,future,yo,gelecek
11822,2966,agradecerás,future,tú,gelecek
11823,2966,agradecerá,future,él/ella,gelecek
11824,2966,agradeceremos,future,nosotros,gelecek
11825,2966,agradeceréis,future,vosotros,gelecek
11826,2966,agradecerán,future,ellos,gelecek
11827,2978,beneficio,present,yo,şimdi
11828,2978,beneficias,present,tú,şimdi
11829,2978,beneficia,present,él/ella,şimdi
11830,2978,beneficiamos,present,nosotros,şimdi
11831,2978,beneficiáis,present,vosotros,şimdi
11832,2978,benefician,present,ellos,şimdi
11833,2978,beneficié,past,yo,di
11834,2978,beneficiaste,past,tú,di
11835,2978,benefició,past,él/ella,di
11836,2978,beneficiamos,past,nosotros,di
11837,2978,beneficiasteis,past,vosotros,di
11838,2978,beneficiaron,past,ellos,di
11839,2978,beneficiaré,future,yo,gelecek
11840,2978,beneficiarás,future,tú,gelecek
11841,2978,beneficiará,future,él/ella,gelecek
11842,2978,beneficiaremos,future,nosotros,gelecek
11843,2978,beneficiaréis,future,vosotros,gelecek
11844,2978,beneficiarán,future,ellos,gelecek
11845,2987,consto,present,yo,şimdi
11846,2987,constas,present,tú,şimdi
11847,2987,consta,present,él/ella,şimdi
11848,2987,constamos,present,nosotros,şimdi
11849,2987,constáis,present,vosotros,şimdi
11850,2987,constan,present,ellos,şimdi
11851,2987,consté,past,yo,di
11852,2987,constaste,past,tú,di
11853,2987,constó,past,él/ella,di
11854,2987,constamos,past,nosotros,di
11855,2987,constasteis,past,vosotros,di
11856,2987,constaron,past,ellos,di
11857,2987,constaré,future,yo,gelecek
11858,2987,constarás,future,tú,gelecek
11859,2987,constará,future,él/ella,gelecek
11860,2987,constaremos,future,nosotros,gelecek
11861,2987,constaréis,future,vosotros,gelecek
11862,2987,constarán,future,ellos,gelecek
11863,2990,difundo,present,yo,şimdi
11864,2990,difundes,present,tú,şimdi
11865,2990,difunde,present,él/ella,şimdi
11866,2990,difundimos,present,nosotros,şimdi
11867,2990,difundís,present,vosotros,şimdi
11868,2990,difunden,present,ellos,şimdi
11869,2990,difundí,past,yo,di
11870,2990,difundiste,past,tú,di
11871,2990,difundió,past,él/ella,di
11872,2990,difundimos,past,nosotros,di
11873,2990,difundisteis,past,vosotros,di
11874,2990,difundieron,past,ellos,di
11875,2990,difundiré,future,yo,gelecek
11876,2990,difundirás,future,tú,gelecek
11877,2990,difundirá,future,él/ella,gelecek
11878,2990,difundiremos,future,nosotros,gelecek
11879,2990,difundiréis,future,vosotros,gelecek
11880,2990,difundirán,future,ellos,gelecek
11881,2992,reforzo,present,yo,şimdi
11882,2992,reforzas,present,tú,şimdi
11883,2992,reforza,present,él/ella,şimdi
11884,2992,reforzamos,present,nosotros,şimdi
11885,2992,reforzáis,present,vosotros,şimdi
11886,2992,reforzan,present,ellos,şimdi
11887,2992,reforcé,past,yo,di
11888,2992,reforzaste,past,tú,di
11889,2992,reforzó,past,él/ella,di
11890,2992,reforzamos,past,nosotros,di
11891,2992,reforzasteis,past,vosotros,di
11892,2992,reforzaron,past,ellos,di
11893,2992,reforzaré,future,yo,gelecek
11894,2992,reforzarás,future,tú,gelecek
11895,2992,reforzará,future,él/ella,gelecek
11896,2992,reforzaremos,future,nosotros,gelecek
11897,2992,reforzaréis,future,vosotros,gelecek
11898,2992,reforzarán,future,ellos,gelecek
11899,2998,grabo,present,yo,şimdi
11900,2998,grabas,present,tú,şimdi
11901,2998,graba,present,él/ella,şimdi
11902,2998,grabamos,present,nosotros,şimdi
11903,2998,grabáis,present,vosotros,şimdi
11904,2998,graban,present,ellos,şimdi
11905,2998,grabé,past,yo,di
11906,2998,grabaste,past,tú,di
11907,2998,grabó,past,él/ella,di
11908,2998,grabamos,past,nosotros,di
11909,2998,grabasteis,past,vosotros,di
11910,2998,grabaron,past,ellos,di
11911,2998,grabaré,future,yo,gelecek
11912,2998,grabarás,future,tú,gelecek
11913,2998,grabará,future,él/ella,gelecek
11914,2998,grabaremos,future,nosotros,gelecek
11915,2998,grabaréis,future,vosotros,gelecek
11916,2998,grabarán,future,ellos,gelecek
11917,3001,ilumino,present,yo,şimdi
11918,3001,iluminas,present,tú,şimdi
11919,3001,ilumina,present,él/ella,şimdi
11920,3001,iluminamos,present,nosotros,şimdi
11921,3001,ilumináis,present,vosotros,şimdi
11922,3001,iluminan,present,ellos,şimdi
11923,3001,iluminé,past,yo,di
11924,3001,iluminaste,past,tú,di
11925,3001,iluminó,past,él/ella,di
11926,3001,iluminamos,past,nosotros,di
11927,3001,iluminasteis,past,vosotros,di
11928,3001,iluminaron,past,ellos,di
11929,3001,iluminaré,future,yo,gelecek
11930,3001,iluminarás,future,tú,gelecek
11931,3001,iluminará,future,él/ella,gelecek
11932,3001,iluminaremos,future,nosotros,gelecek
11933,3001,iluminaréis,future,vosotros,gelecek
11934,3001,iluminarán,future,ellos,gelecek
11935,3002,animo,present,yo,şimdi
11936,3002,animas,present,tú,şimdi
11937,3002,anima,present,él/ella,şimdi
11938,3002,animamos,present,nosotros,şimdi
11939,3002,animáis,present,vosotros,şimdi
11940,3002,animan,present,ellos,şimdi
11941,3002,animé,past,yo,di
11942,3002,animaste,past,tú,di
11943,3002,animó,past,él/ella,di
11944,3002,animamos,past,nosotros,di
11945,3002,animasteis,past,vosotros,di
11946,3002,animaron,past,ellos,di
11947,3002,animaré,future,yo,gelecek
11948,3002,animarás,future,tú,gelecek
11949,3002,animará,future,él/ella,gelecek
11950,3002,animaremos,future,nosotros,gelecek
11951,3002,animaréis,future,vosotros,gelecek
11952,3002,animarán,future,ellos,gelecek
11953,3004,brindo,present,yo,şimdi
11954,3004,brindas,present,tú,şimdi
11955,3004,brinda,present,él/ella,şimdi
11956,3004,brindamos,present,nosotros,şimdi
11957,3004,brindáis,present,vosotros,şimdi
11958,3004,brindan,present,ellos,şimdi
11959,3004,brindé,past,yo,di
11960,3004,brindaste,past,tú,di
11961,3004,brindó,past,él/ella,di
11962,3004,brindamos,past,nosotros,di
11963,3004,brindasteis,past,vosotros,di
11964,3004,brindaron,past,ellos,di
11965,3004,brindaré,future,yo,gelecek
11966,3004,brindarás,future,tú,gelecek
11967,3004,brindará,future,él/ella,gelecek
11968,3004,brindaremos,future,nosotros,gelecek
11969,3004,brindaréis,future,vosotros,gelecek
11970,3004,brindarán,future,ellos,gelecek
11971,3013,lavo,present,yo,şimdi
11972,3013,lavas,present,tú,şimdi
11973,3013,lava,present,él/ella,şimdi
11974,3013,lavamos,present,nosotros,şimdi
11975,3013,laváis,present,vosotros,şimdi
11976,3013,lavan,present,ellos,şimdi
11977,3013,lavé,past,yo,di
11978,3013,lavaste,past,tú,di
11979,3013,lavó,past,él/ella,di
11980,3013,lavamos,past,nosotros,di
11981,3013,lavasteis,past,vosotros,di
11982,3013,lavaron,past,ellos,di
11983,3013,lavaré,future,yo,gelecek
11984,3013,lavarás,future,tú,gelecek
11985,3013,lavará,future,él/ella,gelecek
11986,3013,lavaremos,future,nosotros,gelecek
11987,3013,lavaréis,future,vosotros,gelecek
11988,3013,lavarán,future,ellos,gelecek
11989,3018,paseo,present,yo,şimdi
11990,3018,paseas,present,tú,şimdi
11991,3018,pasea,present,él/ella,şimdi
11992,3018,paseamos,present,nosotros,şimdi
11993,3018,paseáis,present,vosotros,şimdi
11994,3018,pasean,present,ellos,şimdi
11995,3018,paseé,past,yo,di
11996,3018,paseaste,past,tú,di
11997,3018,paseó,past,él/ella,di
11998,3018,paseamos,past,nosotros,di
11999,3018,paseasteis,past,vosotros,di
12000,3018,pasearon,past,ellos,di
12001,3018,pasearé,future,yo,gelecek
12002,3018,pasearás,future,tú,gelecek
12003,3018,paseará,future,él/ella,gelecek
12004,3018,pasearemos,future,nosotros,gelecek
12005,3018,pasearéis,future,vosotros,gelecek
12006,3018,pasearán,future,ellos,gelecek
12007,3021,empujo,present,yo,şimdi
12008,3021,empujas,present,tú,şimdi
12009,3021,empuja,present,él/ella,şimdi
12010,3021,empujamos,present,nosotros,şimdi
12011,3021,empujáis,present,vosotros,şimdi
12012,3021,empujan,present,ellos,şimdi
12013,3021,empujé,past,yo,di
12014,3021,empujaste,past,tú,di
12015,3021,empujó,past,él/ella,di
12016,3021,empujamos,past,nosotros,di
12017,3021,empujasteis,past,vosotros,di
12018,3021,empujaron,past,ellos,di
12019,3021,empujaré,future,yo,gelecek
12020,3021,empujarás,future,tú,gelecek
12021,3021,empujará,future,él/ella,gelecek
12022,3021,empujaremos,future,nosotros,gelecek
12023,3021,empujaréis,future,vosotros,gelecek
12024,3021,empujarán,future,ellos,gelecek
12025,3023,limpio,present,yo,şimdi
12026,3023,limpias,present,tú,şimdi
12027,3023,limpia,present,él/ella,şimdi
12028,3023,limpiamos,present,nosotros,şimdi
12029,3023,limpiáis,present,vosotros,şimdi
12030,3023,limpian,present,ellos,şimdi
12031,3023,limpié,past,yo,di
12032,3023,limpiaste,past,tú,di
12033,3023,limpió,past,él/ella,di
12034,3023,limpiamos,past,nosotros,di
12035,3023,limpiasteis,past,vosotros,di
12036,3023,limpiaron,past,ellos,di
12037,3023,limpiaré,future,yo,gelecek
12038,3023,limpiarás,future,tú,gelecek
12039,3023,limpiará,future,él/ella,gelecek
12040,3023,limpiaremos,future,nosotros,gelecek
12041,3023,limpiaréis,future,vosotros,gelecek
12042,3023,limpiarán,future,ellos,gelecek
12043,3025,apago,present,yo,şimdi
12044,3025,apagas,present,tú,şimdi
12045,3025,apaga,present,él/ella,şimdi
12046,3025,apagamos,present,nosotros,şimdi
12047,3025,apagáis,present,vosotros,şimdi
12048,3025,apagan,present,ellos,şimdi
12049,3025,apagué,past,yo,di
12050,3025,apagaste,past,tú,di
12051,3025,apagó,past,él/ella,di
12052,3025,apagamos,past,nosotros,di
12053,3025,apagasteis,past,vosotros,di
12054,3025,apagaron,past,ellos,di
12055,3025,apagaré,future,yo,gelecek
12056,3025,apagarás,future,tú,gelecek
12057,3025,apagará,future,él/ella,gelecek
12058,3025,apagaremos,future,nosotros,gelecek
12059,3025,apagaréis,future,vosotros,gelecek
12060,3025,apagarán,future,ellos,gelecek
12061,3028,rendo,present,yo,şimdi
12062,3028,rendes,present,tú,şimdi
12063,3028,rende,present,él/ella,şimdi
12064,3028,rendimos,present,nosotros,şimdi
12065,3028,rendís,present,vosotros,şimdi
12066,3028,renden,present,ellos,şimdi
12067,3028,rendí,past,yo,di
12068,3028,rendiste,past,tú,di
12069,3028,rendió,past,él/ella,di
12070,3028,rendimos,past,nosotros,di
12071,3028,rendisteis,past,vosotros,di
12072,3028,rendieron,past,ellos,di
12073,3028,rendiré,future,yo,gelecek
12074,3028,rendirás,future,tú,gelecek
12075,3028,rendirá,future,él/ella,gelecek
12076,3028,rendiremos,future,nosotros,gelecek
12077,3028,rendiréis,future,vosotros,gelecek
12078,3028,rendirán,future,ellos,gelecek
12079,3030,obedeco,present,yo,şimdi
12080,3030,obedeces,present,tú,şimdi
12081,3030,obedece,present,él/ella,şimdi
12082,3030,obedecemos,present,nosotros,şimdi
12083,3030,obedecéis,present,vosotros,şimdi
12084,3030,obedecen,present,ellos,şimdi
12085,3030,obedecí,past,yo,di
12086,3030,obedeciste,past,tú,di
12087,3030,obedeció,past,él/ella,di
12088,3030,obedecimos,past,nosotros,di
12089,3030,obedecisteis,past,vosotros,di
12090,3030,obedecieron,past,ellos,di
12091,3030,obedeceré,future,yo,gelecek
12092,3030,obedecerás,future,tú,gelecek
12093,3030,obedecerá,future,él/ella,gelecek
12094,3030,obedeceremos,future,nosotros,gelecek
12095,3030,obedeceréis,future,vosotros,gelecek
12096,3030,obedecerán,future,ellos,gelecek
12097,3038,diferencio,present,yo,şimdi
12098,3038,diferencias,present,tú,şimdi
12099,3038,diferencia,present,él/ella,şimdi
12100,3038,diferenciamos,present,nosotros,şimdi
12101,3038,diferenciáis,present,vosotros,şimdi
12102,3038,diferencian,present,ellos,şimdi
12103,3038,diferencié,past,yo,di
12104,3038,diferenciaste,past,tú,di
12105,3038,diferenció,past,él/ella,di
12106,3038,diferenciamos,past,nosotros,di
12107,3038,diferenciasteis,past,vosotros,di
12108,3038,diferenciaron,past,ellos,di
12109,3038,diferenciaré,future,yo,gelecek
12110,3038,diferenciarás,future,tú,gelecek
12111,3038,diferenciará,future,él/ella,gelecek
12112,3038,diferenciaremos,future,nosotros,gelecek
12113,3038,diferenciaréis,future,vosotros,gelecek
12114,3038,diferenciarán,future,ellos,gelecek
12115,3042,apreto,present,yo,şimdi
12116,3042,apretas,present,tú,şimdi
12117,3042,apreta,present,él/ella,şimdi
12118,3042,apretamos,present,nosotros,şimdi
12119,3042,apretáis,present,vosotros,şimdi
12120,3042,apretan,present,ellos,şimdi
12121,3042,apreté,past,yo,di
12122,3042,apretaste,past,tú,di
12123,3042,apretó,past,él/ella,di
12124,3042,apretamos,past,nosotros,di
12125,3042,apretasteis,past,vosotros,di
12126,3042,apretaron,past,ellos,di
12127,3042,apretaré,future,yo,gelecek
12128,3042,apretarás,future,tú,gelecek
12129,3042,apretará,future,él/ella,gelecek
12130,3042,apretaremos,future,nosotros,gelecek
12131,3042,apretaréis,future,vosotros,gelecek
12132,3042,apretarán,future,ellos,gelecek
12133,3045,localizo,present,yo,şimdi
12134,3045,localizas,present,tú,şimdi
12135,3045,localiza,present,él/ella,şimdi
12136,3045,localizamos,present,nosotros,şimdi
12137,3045,localizáis,present,vosotros,şimdi
12138,3045,localizan,present,ellos,şimdi
12139,3045,localicé,past,yo,di
12140,3045,localizaste,past,tú,di
12141,3045,localizó,past,él/ella,di
12142,3045,localizamos,past,nosotros,di
12143,3045,localizasteis,past,vosotros,di
12144,3045,localizaron,past,ellos,di
12145,3045,localizaré,future,yo,gelecek
12146,3045,localizarás,future,tú,gelecek
12147,3045,localizará,future,él/ella,gelecek
12148,3045,localizaremos,future,nosotros,gelecek
12149,3045,localizaréis,future,vosotros,gelecek
12150,3045,localizarán,future,ellos,gelecek
12151,3050,asusto,present,yo,şimdi
12152,3050,asustas,present,tú,şimdi
12153,3050,asusta,present,él/ella,şimdi
12154,3050,asustamos,present,nosotros,şimdi
12155,3050,asustáis,present,vosotros,şimdi
12156,3050,asustan,present,ellos,şimdi
12157,3050,asusté,past,yo,di
12158,3050,asustaste,past,tú,di
12159,3050,asustó,past,él/ella,di
12160,3050,asustamos,past,nosotros,di
12161,3050,asustasteis,past,vosotros,di
12162,3050,asustaron,past,ellos,di
12163,3050,asustaré,future,yo,gelecek
12164,3050,asustarás,future,tú,gelecek
12165,3050,asustará,future,él/ella,gelecek
12166,3050,asustaremos,future,nosotros,gelecek
12167,3050,asustaréis,future,vosotros,gelecek
12168,3050,asustarán,future,ellos,gelecek
12169,3054,diseño,present,yo,şimdi
12170,3054,diseñas,present,tú,şimdi
12171,3054,diseña,present,él/ella,şimdi
12172,3054,diseñamos,present,nosotros,şimdi
12173,3054,diseñáis,present,vosotros,şimdi
12174,3054,diseñan,present,ellos,şimdi
12175,3054,diseñé,past,yo,di
12176,3054,diseñaste,past,tú,di
12177,3054,diseñó,past,él/ella,di
12178,3054,diseñamos,past,nosotros,di
12179,3054,diseñasteis,past,vosotros,di
12180,3054,diseñaron,past,ellos,di
12181,3054,diseñaré,future,yo,gelecek
12182,3054,diseñarás,future,tú,gelecek
12183,3054,diseñará,future,él/ella,gelecek
12184,3054,diseñaremos,future,nosotros,gelecek
12185,3054,diseñaréis,future,vosotros,gelecek
12186,3054,diseñarán,future,ellos,gelecek
12187,3057,fumo,present,yo,şimdi
12188,3057,fumas,present,tú,şimdi
12189,3057,fuma,present,él/ella,şimdi
12190,3057,fumamos,present,nosotros,şimdi
12191,3057,fumáis,present,vosotros,şimdi
12192,3057,fuman,present,ellos,şimdi
12193,3057,fumé,past,yo,di
12194,3057,fumaste,past,tú,di
12195,3057,fumó,past,él/ella,di
12196,3057,fumamos,past,nosotros,di
12197,3057,fumasteis,past,vosotros,di
12198,3057,fumaron,past,ellos,di
12199,3057,fumaré,future,yo,gelecek
12200,3057,fumarás,future,tú,gelecek
12201,3057,fumará,future,él/ella,gelecek
12202,3057,fumaremos,future,nosotros,gelecek
12203,3057,fumaréis,future,vosotros,gelecek
12204,3057,fumarán,future,ellos,gelecek
12205,3058,gasto,present,yo,şimdi
12206,3058,gastas,present,tú,şimdi
12207,3058,gasta,present,él/ella,şimdi
12208,3058,gastamos,present,nosotros,şimdi
12209,3058,gastáis,present,vosotros,şimdi
12210,3058,gastan,present,ellos,şimdi
12211,3058,gasté,past,yo,di
12212,3058,gastaste,past,tú,di
12213,3058,gastó,past,él/ella,di
12214,3058,gastamos,past,nosotros,di
12215,3058,gastasteis,past,vosotros,di
12216,3058,gastaron,past,ellos,di
12217,3058,gastaré,future,yo,gelecek
12218,3058,gastarás,future,tú,gelecek
12219,3058,gastará,future,él/ella,gelecek
12220,3058,gastaremos,future,nosotros,gelecek
12221,3058,gastaréis,future,vosotros,gelecek
12222,3058,gastarán,future,ellos,gelecek
12223,3067,anoto,present,yo,şimdi
12224,3067,anotas,present,tú,şimdi
12225,3067,anota,present,él/ella,şimdi
12226,3067,anotamos,present,nosotros,şimdi
12227,3067,anotáis,present,vosotros,şimdi
12228,3067,anotan,present,ellos,şimdi
12229,3067,anoté,past,yo,di
12230,3067,anotaste,past,tú,di
12231,3067,anotó,past,él/ella,di
12232,3067,anotamos,past,nosotros,di
12233,3067,anotasteis,past,vosotros,di
12234,3067,anotaron,past,ellos,di
12235,3067,anotaré,future,yo,gelecek
12236,3067,anotarás,future,tú,gelecek
12237,3067,anotará,future,él/ella,gelecek
12238,3067,anotaremos,future,nosotros,gelecek
12239,3067,anotaréis,future,vosotros,gelecek
12240,3067,anotarán,future,ellos,gelecek
12241,3073,remito,present,yo,şimdi
12242,3073,remites,present,tú,şimdi
12243,3073,remite,present,él/ella,şimdi
12244,3073,remitimos,present,nosotros,şimdi
12245,3073,remitís,present,vosotros,şimdi
12246,3073,remiten,present,ellos,şimdi
12247,3073,remití,past,yo,di
12248,3073,remitiste,past,tú,di
12249,3073,remitió,past,él/ella,di
12250,3073,remitimos,past,nosotros,di
12251,3073,remitisteis,past,vosotros,di
12252,3073,remitieron,past,ellos,di
12253,3073,remitiré,future,yo,gelecek
12254,3073,remitirás,future,tú,gelecek
12255,3073,remitirá,future,él/ella,gelecek
12256,3073,remitiremos,future,nosotros,gelecek
12257,3073,remitiréis,future,vosotros,gelecek
12258,3073,remitirán,future,ellos,gelecek
12259,3075,autorizo,present,yo,şimdi
12260,3075,autorizas,present,tú,şimdi
12261,3075,autoriza,present,él/ella,şimdi
12262,3075,autorizamos,present,nosotros,şimdi
12263,3075,autorizáis,present,vosotros,şimdi
12264,3075,autorizan,present,ellos,şimdi
12265,3075,autoricé,past,yo,di
12266,3075,autorizaste,past,tú,di
12267,3075,autorizó,past,él/ella,di
12268,3075,autorizamos,past,nosotros,di
12269,3075,autorizasteis,past,vosotros,di
12270,3075,autorizaron,past,ellos,di
12271,3075,autorizaré,future,yo,gelecek
12272,3075,autorizarás,future,tú,gelecek
12273,3075,autorizará,future,él/ella,gelecek
12274,3075,autorizaremos,future,nosotros,gelecek
12275,3075,autorizaréis,future,vosotros,gelecek
12276,3075,autorizarán,future,ellos,gelecek
12277,3076,entrevisto,present,yo,şimdi
12278,3076,entrevistas,present,tú,şimdi
12279,3076,entrevista,present,él/ella,şimdi
12280,3076,entrevistamos,present,nosotros,şimdi
12281,3076,entrevistáis,present,vosotros,şimdi
12282,3076,entrevistan,present,ellos,şimdi
12283,3076,entrevisté,past,yo,di
12284,3076,entrevistaste,past,tú,di
12285,3076,entrevistó,past,él/ella,di
12286,3076,entrevistamos,past,nosotros,di
12287,3076,entrevistasteis,past,vosotros,di
12288,3076,entrevistaron,past,ellos,di
12289,3076,entrevistaré,future,yo,gelecek
12290,3076,entrevistarás,future,tú,gelecek
12291,3076,entrevistará,future,él/ella,gelecek
12292,3076,entrevistaremos,future,nosotros,gelecek
12293,3076,entrevistaréis,future,vosotros,gelecek
12294,3076,entrevistarán,future,ellos,gelecek
12295,3079,centro,present,yo,şimdi
12296,3079,centras,present,tú,şimdi
12297,3079,centra,present,él/ella,şimdi
12298,3079,centramos,present,nosotros,şimdi
12299,3079,centráis,present,vosotros,şimdi
12300,3079,centran,present,ellos,şimdi
12301,3079,centré,past,yo,di
12302,3079,centraste,past,tú,di
12303,3079,centró,past,él/ella,di
12304,3079,centramos,past,nosotros,di
12305,3079,centrasteis,past,vosotros,di
12306,3079,centraron,past,ellos,di
12307,3079,centraré,future,yo,gelecek
12308,3079,centrarás,future,tú,gelecek
12309,3079,centrará,future,él/ella,gelecek
12310,3079,centraremos,future,nosotros,gelecek
12311,3079,centraréis,future,vosotros,gelecek
12312,3079,centrarán,future,ellos,gelecek
12313,3087,molesto,present,yo,şimdi
12314,3087,molestas,present,tú,şimdi
12315,3087,molesta,present,él/ella,şimdi
12316,3087,molestamos,present,nosotros,şimdi
12317,3087,molestáis,present,vosotros,şimdi
12318,3087,molestan,present,ellos,şimdi
12319,3087,molesté,past,yo,di
12320,3087,molestaste,past,tú,di
12321,3087,molestó,past,él/ella,di
12322,3087,molestamos,past,nosotros,di
12323,3087,molestasteis,past,vosotros,di
12324,3087,molestaron,past,ellos,di
12325,3087,molestaré,future,yo,gelecek
12326,3087,molestarás,future,tú,gelecek
12327,3087,molestará,future,él/ella,gelecek
12328,3087,molestaremos,future,nosotros,gelecek
12329,3087,molestaréis,future,vosotros,gelecek
12330,3087,molestarán,future,ellos,gelecek
12331,3088,satisfaco,present,yo,şimdi
12332,3088,satisfaces,present,tú,şimdi
12333,3088,satisface,present,él/ella,şimdi
12334,3088,satisfacemos,present,nosotros,şimdi
12335,3088,satisfacéis,present,vosotros,şimdi
12336,3088,satisfacen,present,ellos,şimdi
12337,3088,satisfací,past,yo,di
12338,3088,satisfaciste,past,tú,di
12339,3088,satisfació,past,él/ella,di
12340,3088,satisfacimos,past,nosotros,di
12341,3088,satisfacisteis,past,vosotros,di
12342,3088,satisfacieron,past,ellos,di
12343,3088,satisfaceré,future,yo,gelecek
12344,3088,satisfacerás,future,tú,gelecek
12345,3088,satisfacerá,future,él/ella,gelecek
12346,3088,satisfaceremos,future,nosotros,gelecek
12347,3088,satisfaceréis,future,vosotros,gelecek
12348,3088,satisfacerán,future,ellos,gelecek
12349,3091,aspiro,present,yo,şimdi
12350,3091,aspiras,present,tú,şimdi
12351,3091,aspira,present,él/ella,şimdi
12352,3091,aspiramos,present,nosotros,şimdi
12353,3091,aspiráis,present,vosotros,şimdi
12354,3091,aspiran,present,ellos,şimdi
12355,3091,aspiré,past,yo,di
12356,3091,aspiraste,past,tú,di
12357,3091,aspiró,past,él/ella,di
12358,3091,aspiramos,past,nosotros,di
12359,3091,aspirasteis,past,vosotros,di
12360,3091,aspiraron,past,ellos,di
12361,3091,aspiraré,future,yo,gelecek
12362,3091,aspirarás,future,tú,gelecek
12363,3091,aspirará,future,él/ella,gelecek
12364,3091,aspiraremos,future,nosotros,gelecek
12365,3091,aspiraréis,future,vosotros,gelecek
12366,3091,aspirarán,future,ellos,gelecek
12367,3097,examino,present,yo,şimdi
12368,3097,examinas,present,tú,şimdi
12369,3097,examina,present,él/ella,şimdi
12370,3097,examinamos,present,nosotros,şimdi
12371,3097,examináis,present,vosotros,şimdi
12372,3097,examinan,present,ellos,şimdi
12373,3097,examiné,past,yo,di
12374,3097,examinaste,past,tú,di
12375,3097,examinó,past,él/ella,di
12376,3097,examinamos,past,nosotros,di
12377,3097,examinasteis,past,vosotros,di
12378,3097,examinaron,past,ellos,di
12379,3097,examinaré,future,yo,gelecek
12380,3097,examinarás,future,tú,gelecek
12381,3097,examinará,future,él/ella,gelecek
12382,3097,examinaremos,future,nosotros,gelecek
12383,3097,examinaréis,future,vosotros,gelecek
12384,3097,examinarán,future,ellos,gelecek
12385,3098,desprendo,present,yo,şimdi
12386,3098,desprendes,present,tú,şimdi
12387,3098,desprende,present,él/ella,şimdi
12388,3098,desprendemos,present,nosotros,şimdi
12389,3098,desprendéis,present,vosotros,şimdi
12390,3098,desprenden,present,ellos,şimdi
12391,3098,desprendí,past,yo,di
12392,3098,desprendiste,past,tú,di
12393,3098,desprendió,past,él/ella,di
12394,3098,desprendimos,past,nosotros,di
12395,3098,desprendisteis,past,vosotros,di
12396,3098,desprendieron,past,ellos,di
12397,3098,desprenderé,future,yo,gelecek
12398,3098,desprenderás,future,tú,gelecek
12399,3098,desprenderá,future,él/ella,gelecek
12400,3098,desprenderemos,future,nosotros,gelecek
12401,3098,desprenderéis,future,vosotros,gelecek
12402,3098,desprenderán,future,ellos,gelecek
12403,3100,reproduco,present,yo,şimdi
12404,3100,reproduces,present,tú,şimdi
12405,3100,reproduce,present,él/ella,şimdi
12406,3100,reproducimos,present,nosotros,şimdi
12407,3100,reproducís,present,vosotros,şimdi
12408,3100,reproducen,present,ellos,şimdi
12409,3100,reproducí,past,yo,di
12410,3100,reproduciste,past,tú,di
12411,3100,reprodució,past,él/ella,di
12412,3100,reproducimos,past,nosotros,di
12413,3100,reproducisteis,past,vosotros,di
12414,3100,reproducieron,past,ellos,di
12415,3100,reproduciré,future,yo,gelecek
12416,3100,reproducirás,future,tú,gelecek
12417,3100,reproducirá,future,él/ella,gelecek
12418,3100,reproduciremos,future,nosotros,gelecek
12419,3100,reproduciréis,future,vosotros,gelecek
12420,3100,reproducirán,future,ellos,gelecek
12421,3101,penetro,present,yo,şimdi
12422,3101,penetras,present,tú,şimdi
12423,3101,penetra,present,él/ella,şimdi
12424,3101,penetramos,present,nosotros,şimdi
12425,3101,penetráis,present,vosotros,şimdi
12426,3101,penetran,present,ellos,şimdi
12427,3101,penetré,past,yo,di
12428,3101,penetraste,past,tú,di
12429,3101,penetró,past,él/ella,di
12430,3101,penetramos,past,nosotros,di
12431,3101,penetrasteis,past,vosotros,di
12432,3101,penetraron,past,ellos,di
12433,3101,penetraré,future,yo,gelecek
12434,3101,penetrarás,future,tú,gelecek
12435,3101,penetrará,future,él/ella,gelecek
12436,3101,penetraremos,future,nosotros,gelecek
12437,3101,penetraréis,future,vosotros,gelecek
12438,3101,penetrarán,future,ellos,gelecek
12439,3103,extrao,present,yo,şimdi
12440,3103,extraes,present,tú,şimdi
12441,3103,extrae,present,él/ella,şimdi
12442,3103,extraemos,present,nosotros,şimdi
12443,3103,extraéis,present,vosotros,şimdi
12444,3103,extraen,present,ellos,şimdi
12445,3103,extraí,past,yo,di
12446,3103,extraiste,past,tú,di
12447,3103,extraió,past,él/ella,di
12448,3103,extraimos,past,nosotros,di
12449,3103,extraisteis,past,vosotros,di
12450,3103,extraieron,past,ellos,di
12451,3103,extraeré,future,yo,gelecek
12452,3103,extraerás,future,tú,gelecek
12453,3103,extraerá,future,él/ella,gelecek
12454,3103,extraeremos,future,nosotros,gelecek
12455,3103,extraeréis,future,vosotros,gelecek
12456,3103,extraerán,future,ellos,gelecek
12457,3122,ceso,present,yo,şimdi
12458,3122,cesas,present,tú,şimdi
12459,3122,cesa,present,él/ella,şimdi
12460,3122,cesamos,present,nosotros,şimdi
12461,3122,cesáis,present,vosotros,şimdi
12462,3122,cesan,present,ellos,şimdi
12463,3122,cesé,past,yo,di
12464,3122,cesaste,past,tú,di
12465,3122,cesó,past,él/ella,di
12466,3122,cesamos,past,nosotros,di
12467,3122,cesasteis,past,vosotros,di
12468,3122,cesaron,past,ellos,di
12469,3122,cesaré,future,yo,gelecek
12470,3122,cesarás,future,tú,gelecek
12471,3122,cesará,future,él/ella,gelecek
12472,3122,cesaremos,future,nosotros,gelecek
12473,3122,cesaréis,future,vosotros,gelecek
12474,3122,cesarán,future,ellos,gelecek
12475,3127,engaño,present,yo,şimdi
12476,3127,engañas,present,tú,şimdi
12477,3127,engaña,present,él/ella,şimdi
12478,3127,engañamos,present,nosotros,şimdi
12479,3127,engañáis,present,vosotros,şimdi
12480,3127,engañan,present,ellos,şimdi
12481,3127,engañé,past,yo,di
12482,3127,engañaste,past,tú,di
12483,3127,engañó,past,él/ella,di
12484,3127,engañamos,past,nosotros,di
12485,3127,engañasteis,past,vosotros,di
12486,3127,engañaron,past,ellos,di
12487,3127,engañaré,future,yo,gelecek
12488,3127,engañarás,future,tú,gelecek
12489,3127,engañará,future,él/ella,gelecek
12490,3127,engañaremos,future,nosotros,gelecek
12491,3127,engañaréis,future,vosotros,gelecek
12492,3127,engañarán,future,ellos,gelecek
12493,3134,coco,present,yo,şimdi
12494,3134,coces,present,tú,şimdi
12495,3134,coce,present,él/ella,şimdi
12496,3134,cocemos,present,nosotros,şimdi
12497,3134,cocéis,present,vosotros,şimdi
12498,3134,cocen,present,ellos,şimdi
12499,3134,cocí,past,yo,di
12500,3134,cociste,past,tú,di
12501,3134,coció,past,él/ella,di
12502,3134,cocimos,past,nosotros,di
12503,3134,cocisteis,past,vosotros,di
12504,3134,cocieron,past,ellos,di
12505,3134,coceré,future,yo,gelecek
12506,3134,cocerás,future,tú,gelecek
12507,3134,cocerá,future,él/ella,gelecek
12508,3134,coceremos,future,nosotros,gelecek
12509,3134,coceréis,future,vosotros,gelecek
12510,3134,cocerán,future,ellos,gelecek
12511,3144,agarro,present,yo,şimdi
12512,3144,agarras,present,tú,şimdi
12513,3144,agarra,present,él/ella,şimdi
12514,3144,agarramos,present,nosotros,şimdi
12515,3144,agarráis,present,vosotros,şimdi
12516,3144,agarran,present,ellos,şimdi
12517,3144,agarré,past,yo,di
12518,3144,agarraste,past,tú,di
12519,3144,agarró,past,él/ella,di
12520,3144,agarramos,past,nosotros,di
12521,3144,agarrasteis,past,vosotros,di
12522,3144,agarraron,past,ellos,di
12523,3144,agarraré,future,yo,gelecek
12524,3144,agarrarás,future,tú,gelecek
12525,3144,agarrará,future,él/ella,gelecek
12526,3144,agarraremos,future,nosotros,gelecek
12527,3144,agarraréis,future,vosotros,gelecek
12528,3144,agarrarán,future,ellos,gelecek
12529,3156,sospecho,present,yo,şimdi
12530,3156,sospechas,present,tú,şimdi
12531,3156,sospecha,present,él/ella,şimdi
12532,3156,sospechamos,present,nosotros,şimdi
12533,3156,sospecháis,present,vosotros,şimdi
12534,3156,sospechan,present,ellos,şimdi
12535,3156,sospeché,past,yo,di
12536,3156,sospechaste,past,tú,di
12537,3156,sospechó,past,él/ella,di
12538,3156,sospechamos,past,nosotros,di
12539,3156,sospechasteis,past,vosotros,di
12540,3156,sospecharon,past,ellos,di
12541,3156,sospecharé,future,yo,gelecek
12542,3156,sospecharás,future,tú,gelecek
12543,3156,sospechará,future,él/ella,gelecek
12544,3156,sospecharemos,future,nosotros,gelecek
12545,3156,sospecharéis,future,vosotros,gelecek
12546,3156,sospecharán,future,ellos,gelecek
12547,3159,consolido,present,yo,şimdi
12548,3159,consolidas,present,tú,şimdi
12549,3159,consolida,present,él/ella,şimdi
12550,3159,consolidamos,present,nosotros,şimdi
12551,3159,consolidáis,present,vosotros,şimdi
12552,3159,consolidan,present,ellos,şimdi
12553,3159,consolidé,past,yo,di
12554,3159,consolidaste,past,tú,di
12555,3159,consolidó,past,él/ella,di
12556,3159,consolidamos,past,nosotros,di
12557,3159,consolidasteis,past,vosotros,di
12558,3159,consolidaron,past,ellos,di
12559,3159,consolidaré,future,yo,gelecek
12560,3159,consolidarás,future,tú,gelecek
12561,3159,consolidará,future,él/ella,gelecek
12562,3159,consolidaremos,future,nosotros,gelecek
12563,3159,consolidaréis,future,vosotros,gelecek
12564,3159,consolidarán,future,ellos,gelecek
12565,3160,sobrevivo,present,yo,şimdi
12566,3160,sobrevives,present,tú,şimdi
12567,3160,sobrevive,present,él/ella,şimdi
12568,3160,sobrevivimos,present,nosotros,şimdi
12569,3160,sobrevivís,present,vosotros,şimdi
12570,3160,sobreviven,present,ellos,şimdi
12571,3160,sobreviví,past,yo,di
12572,3160,sobreviviste,past,tú,di
12573,3160,sobrevivió,past,él/ella,di
12574,3160,sobrevivimos,past,nosotros,di
12575,3160,sobrevivisteis,past,vosotros,di
12576,3160,sobrevivieron,past,ellos,di
12577,3160,sobreviviré,future,yo,gelecek
12578,3160,sobrevivirás,future,tú,gelecek
12579,3160,sobrevivirá,future,él/ella,gelecek
12580,3160,sobreviviremos,future,nosotros,gelecek
12581,3160,sobreviviréis,future,vosotros,gelecek
12582,3160,sobrevivirán,future,ellos,gelecek
12583,3162,combino,present,yo,şimdi
12584,3162,combinas,present,tú,şimdi
12585,3162,combina,present,él/ella,şimdi
12586,3162,combinamos,present,nosotros,şimdi
12587,3162,combináis,present,vosotros,şimdi
12588,3162,combinan,present,ellos,şimdi
12589,3162,combiné,past,yo,di
12590,3162,combinaste,past,tú,di
12591,3162,combinó,past,él/ella,di
12592,3162,combinamos,past,nosotros,di
12593,3162,combinasteis,past,vosotros,di
12594,3162,combinaron,past,ellos,di
12595,3162,combinaré,future,yo,gelecek
12596,3162,combinarás,future,tú,gelecek
12597,3162,combinará,future,él/ella,gelecek
12598,3162,combinaremos,future,nosotros,gelecek
12599,3162,combinaréis,future,vosotros,gelecek
12600,3162,combinarán,future,ellos,gelecek
12601,3164,conecto,present,yo,şimdi
12602,3164,conectas,present,tú,şimdi
12603,3164,conecta,present,él/ella,şimdi
12604,3164,conectamos,present,nosotros,şimdi
12605,3164,conectáis,present,vosotros,şimdi
12606,3164,conectan,present,ellos,şimdi
12607,3164,conecté,past,yo,di
12608,3164,conectaste,past,tú,di
12609,3164,conectó,past,él/ella,di
12610,3164,conectamos,past,nosotros,di
12611,3164,conectasteis,past,vosotros,di
12612,3164,conectaron,past,ellos,di
12613,3164,conectaré,future,yo,gelecek
12614,3164,conectarás,future,tú,gelecek
12615,3164,conectará,future,él/ella,gelecek
12616,3164,conectaremos,future,nosotros,gelecek
12617,3164,conectaréis,future,vosotros,gelecek
12618,3164,conectarán,future,ellos,gelecek
12619,3165,generalizo,present,yo,şimdi
12620,3165,generalizas,present,tú,şimdi
12621,3165,generaliza,present,él/ella,şimdi
12622,3165,generalizamos,present,nosotros,şimdi
12623,3165,generalizáis,present,vosotros,şimdi
12624,3165,generalizan,present,ellos,şimdi
12625,3165,generalicé,past,yo,di
12626,3165,generalizaste,past,tú,di
12627,3165,generalizó,past,él/ella,di
12628,3165,generalizamos,past,nosotros,di
12629,3165,generalizasteis,past,vosotros,di
12630,3165,generalizaron,past,ellos,di
12631,3165,generalizaré,future,yo,gelecek
12632,3165,generalizarás,future,tú,gelecek
12633,3165,generalizará,future,él/ella,gelecek
12634,3165,generalizaremos,future,nosotros,gelecek
12635,3165,generalizaréis,future,vosotros,gelecek
12636,3165,generalizarán,future,ellos,gelecek
12637,3168,renovo,present,yo,şimdi
12638,3168,renovas,present,tú,şimdi
12639,3168,renova,present,él/ella,şimdi
12640,3168,renovamos,present,nosotros,şimdi
12641,3168,renováis,present,vosotros,şimdi
12642,3168,renovan,present,ellos,şimdi
12643,3168,renové,past,yo,di
12644,3168,renovaste,past,tú,di
12645,3168,renovó,past,él/ella,di
12646,3168,renovamos,past,nosotros,di
12647,3168,renovasteis,past,vosotros,di
12648,3168,renovaron,past,ellos,di
12649,3168,renovaré,future,yo,gelecek
12650,3168,renovarás,future,tú,gelecek
12651,3168,renovará,future,él/ella,gelecek
12652,3168,renovaremos,future,nosotros,gelecek
12653,3168,renovaréis,future,vosotros,gelecek
12654,3168,renovarán,future,ellos,gelecek
12655,3169,reacciono,present,yo,şimdi
12656,3169,reaccionas,present,tú,şimdi
12657,3169,reacciona,present,él/ella,şimdi
12658,3169,reaccionamos,present,nosotros,şimdi
12659,3169,reaccionáis,present,vosotros,şimdi
12660,3169,reaccionan,present,ellos,şimdi
12661,3169,reaccioné,past,yo,di
12662,3169,reaccionaste,past,tú,di
12663,3169,reaccionó,past,él/ella,di
12664,3169,reaccionamos,past,nosotros,di
12665,3169,reaccionasteis,past,vosotros,di
12666,3169,reaccionaron,past,ellos,di
12667,3169,reaccionaré,future,yo,gelecek
12668,3169,reaccionarás,future,tú,gelecek
12669,3169,reaccionará,future,él/ella,gelecek
12670,3169,reaccionaremos,future,nosotros,gelecek
12671,3169,reaccionaréis,future,vosotros,gelecek
12672,3169,reaccionarán,future,ellos,gelecek
12673,3172,derroto,present,yo,şimdi
12674,3172,derrotas,present,tú,şimdi
12675,3172,derrota,present,él/ella,şimdi
12676,3172,derrotamos,present,nosotros,şimdi
12677,3172,derrotáis,present,vosotros,şimdi
12678,3172,derrotan,present,ellos,şimdi
12679,3172,derroté,past,yo,di
12680,3172,derrotaste,past,tú,di
12681,3172,derrotó,past,él/ella,di
12682,3172,derrotamos,past,nosotros,di
12683,3172,derrotasteis,past,vosotros,di
12684,3172,derrotaron,past,ellos,di
12685,3172,derrotaré,future,yo,gelecek
12686,3172,derrotarás,future,tú,gelecek
12687,3172,derrotará,future,él/ella,gelecek
12688,3172,derrotaremos,future,nosotros,gelecek
12689,3172,derrotaréis,future,vosotros,gelecek
12690,3172,derrotarán,future,ellos,gelecek
12691,3175,exhibo,present,yo,şimdi
12692,3175,exhibes,present,tú,şimdi
12693,3175,exhibe,present,él/ella,şimdi
12694,3175,exhibimos,present,nosotros,şimdi
12695,3175,exhibís,present,vosotros,şimdi
12696,3175,exhiben,present,ellos,şimdi
12697,3175,exhibí,past,yo,di
12698,3175,exhibiste,past,tú,di
12699,3175,exhibió,past,él/ella,di
12700,3175,exhibimos,past,nosotros,di
12701,3175,exhibisteis,past,vosotros,di
12702,3175,exhibieron,past,ellos,di
12703,3175,exhibiré,future,yo,gelecek
12704,3175,exhibirás,future,tú,gelecek
12705,3175,exhibirá,future,él/ella,gelecek
12706,3175,exhibiremos,future,nosotros,gelecek
12707,3175,exhibiréis,future,vosotros,gelecek
12708,3175,exhibirán,future,ellos,gelecek
12709,3200,reitero,present,yo,şimdi
12710,3200,reiteras,present,tú,şimdi
12711,3200,reitera,present,él/ella,şimdi
12712,3200,reiteramos,present,nosotros,şimdi
12713,3200,reiteráis,present,vosotros,şimdi
12714,3200,reiteran,present,ellos,şimdi
12715,3200,reiteré,past,yo,di
12716,3200,reiteraste,past,tú,di
12717,3200,reiteró,past,él/ella,di
12718,3200,reiteramos,past,nosotros,di
12719,3200,reiterasteis,past,vosotros,di
12720,3200,reiteraron,past,ellos,di
12721,3200,reiteraré,future,yo,gelecek
12722,3200,reiterarás,future,tú,gelecek
12723,3200,reiterará,future,él/ella,gelecek
12724,3200,reiteraremos,future,nosotros,gelecek
12725,3200,reiteraréis,future,vosotros,gelecek
12726,3200,reiterarán,future,ellos,gelecek
12727,3202,proveno,present,yo,şimdi
12728,3202,provenes,present,tú,şimdi
12729,3202,provene,present,él/ella,şimdi
12730,3202,provenimos,present,nosotros,şimdi
12731,3202,provenís,present,vosotros,şimdi
12732,3202,provenen,present,ellos,şimdi
12733,3202,provení,past,yo,di
12734,3202,proveniste,past,tú,di
12735,3202,provenió,past,él/ella,di
12736,3202,provenimos,past,nosotros,di
12737,3202,provenisteis,past,vosotros,di
12738,3202,provenieron,past,ellos,di
12739,3202,proveniré,future,yo,gelecek
12740,3202,provenirás,future,tú,gelecek
12741,3202,provenirá,future,él/ella,gelecek
12742,3202,proveniremos,future,nosotros,gelecek
12743,3202,proveniréis,future,vosotros,gelecek
12744,3202,provenirán,future,ellos,gelecek
12745,3204,proseguo,present,yo,şimdi
12746,3204,prosegues,present,tú,şimdi
12747,3204,prosegue,present,él/ella,şimdi
12748,3204,proseguimos,present,nosotros,şimdi
12749,3204,proseguís,present,vosotros,şimdi
12750,3204,proseguen,present,ellos,şimdi
12751,3204,proseguí,past,yo,di
12752,3204,proseguiste,past,tú,di
12753,3204,proseguió,past,él/ella,di
12754,3204,proseguimos,past,nosotros,di
12755,3204,proseguisteis,past,vosotros,di
12756,3204,proseguieron,past,ellos,di
12757,3204,proseguiré,future,yo,gelecek
12758,3204,proseguirás,future,tú,gelecek
12759,3204,proseguirá,future,él/ella,gelecek
12760,3204,proseguiremos,future,nosotros,gelecek
12761,3204,proseguiréis,future,vosotros,gelecek
12762,3204,proseguirán,future,ellos,gelecek
12763,3210,deposito,present,yo,şimdi
12764,3210,depositas,present,tú,şimdi
12765,3210,deposita,present,él/ella,şimdi
12766,3210,depositamos,present,nosotros,şimdi
12767,3210,depositáis,present,vosotros,şimdi
12768,3210,depositan,present,ellos,şimdi
12769,3210,deposité,past,yo,di
12770,3210,depositaste,past,tú,di
12771,3210,depositó,past,él/ella,di
12772,3210,depositamos,past,nosotros,di
12773,3210,depositasteis,past,vosotros,di
12774,3210,depositaron,past,ellos,di
12775,3210,depositaré,future,yo,gelecek
12776,3210,depositarás,future,tú,gelecek
12777,3210,depositará,future,él/ella,gelecek
12778,3210,depositaremos,future,nosotros,gelecek
12779,3210,depositaréis,future,vosotros,gelecek
12780,3210,depositarán,future,ellos,gelecek
12781,3219,regalo,present,yo,şimdi
12782,3219,regalas,present,tú,şimdi
12783,3219,regala,present,él/ella,şimdi
12784,3219,regalamos,present,nosotros,şimdi
12785,3219,regaláis,present,vosotros,şimdi
12786,3219,regalan,present,ellos,şimdi
12787,3219,regalé,past,yo,di
12788,3219,regalaste,past,tú,di
12789,3219,regaló,past,él/ella,di
12790,3219,regalamos,past,nosotros,di
12791,3219,regalasteis,past,vosotros,di
12792,3219,regalaron,past,ellos,di
12793,3219,regalaré,future,yo,gelecek
12794,3219,regalarás,future,tú,gelecek
12795,3219,regalará,future,él/ella,gelecek
12796,3219,regalaremos,future,nosotros,gelecek
12797,3219,regalaréis,future,vosotros,gelecek
12798,3219,regalarán,future,ellos,gelecek
12799,3220,expulso,present,yo,şimdi
12800,3220,expulsas,present,tú,şimdi
12801,3220,expulsa,present,él/ella,şimdi
12802,3220,expulsamos,present,nosotros,şimdi
12803,3220,expulsáis,present,vosotros,şimdi
12804,3220,expulsan,present,ellos,şimdi
12805,3220,expulsé,past,yo,di
12806,3220,expulsaste,past,tú,di
12807,3220,expulsó,past,él/ella,di
12808,3220,expulsamos,past,nosotros,di
12809,3220,expulsasteis,past,vosotros,di
12810,3220,expulsaron,past,ellos,di
12811,3220,expulsaré,future,yo,gelecek
12812,3220,expulsarás,future,tú,gelecek
12813,3220,expulsará,future,él/ella,gelecek
12814,3220,expulsaremos,future,nosotros,gelecek
12815,3220,expulsaréis,future,vosotros,gelecek
12816,3220,expulsarán,future,ellos,gelecek
12817,3223,circulo,present,yo,şimdi
12818,3223,circulas,present,tú,şimdi
12819,3223,circula,present,él/ella,şimdi
12820,3223,circulamos,present,nosotros,şimdi
12821,3223,circuláis,present,vosotros,şimdi
12822,3223,circulan,present,ellos,şimdi
12823,3223,circulé,past,yo,di
12824,3223,circulaste,past,tú,di
12825,3223,circuló,past,él/ella,di
12826,3223,circulamos,past,nosotros,di
12827,3223,circulasteis,past,vosotros,di
12828,3223,circularon,past,ellos,di
12829,3223,circularé,future,yo,gelecek
12830,3223,circularás,future,tú,gelecek
12831,3223,circulará,future,él/ella,gelecek
12832,3223,circularemos,future,nosotros,gelecek
12833,3223,circularéis,future,vosotros,gelecek
12834,3223,circularán,future,ellos,gelecek
12835,3230,estreno,present,yo,şimdi
12836,3230,estrenas,present,tú,şimdi
12837,3230,estrena,present,él/ella,şimdi
12838,3230,estrenamos,present,nosotros,şimdi
12839,3230,estrenáis,present,vosotros,şimdi
12840,3230,estrenan,present,ellos,şimdi
12841,3230,estrené,past,yo,di
12842,3230,estrenaste,past,tú,di
12843,3230,estrenó,past,él/ella,di
12844,3230,estrenamos,past,nosotros,di
12845,3230,estrenasteis,past,vosotros,di
12846,3230,estrenaron,past,ellos,di
12847,3230,estrenaré,future,yo,gelecek
12848,3230,estrenarás,future,tú,gelecek
12849,3230,estrenará,future,él/ella,gelecek
12850,3230,estrenaremos,future,nosotros,gelecek
12851,3230,estrenaréis,future,vosotros,gelecek
12852,3230,estrenarán,future,ellos,gelecek
12853,3234,aguanto,present,yo,şimdi
12854,3234,aguantas,present,tú,şimdi
12855,3234,aguanta,present,él/ella,şimdi
12856,3234,aguantamos,present,nosotros,şimdi
12857,3234,aguantáis,present,vosotros,şimdi
12858,3234,aguantan,present,ellos,şimdi
12859,3234,aguanté,past,yo,di
12860,3234,aguantaste,past,tú,di
12861,3234,aguantó,past,él/ella,di
12862,3234,aguantamos,past,nosotros,di
12863,3234,aguantasteis,past,vosotros,di
12864,3234,aguantaron,past,ellos,di
12865,3234,aguantaré,future,yo,gelecek
12866,3234,aguantarás,future,tú,gelecek
12867,3234,aguantará,future,él/ella,gelecek
12868,3234,aguantaremos,future,nosotros,gelecek
12869,3234,aguantaréis,future,vosotros,gelecek
12870,3234,aguantarán,future,ellos,gelecek
12871,3238,prolongo,present,yo,şimdi
12872,3238,prolongas,present,tú,şimdi
12873,3238,prolonga,present,él/ella,şimdi
12874,3238,prolongamos,present,nosotros,şimdi
12875,3238,prolongáis,present,vosotros,şimdi
12876,3238,prolongan,present,ellos,şimdi
12877,3238,prolongué,past,yo,di
12878,3238,prolongaste,past,tú,di
12879,3238,prolongó,past,él/ella,di
12880,3238,prolongamos,past,nosotros,di
12881,3238,prolongasteis,past,vosotros,di
12882,3238,prolongaron,past,ellos,di
12883,3238,prolongaré,future,yo,gelecek
12884,3238,prolongarás,future,tú,gelecek
12885,3238,prolongará,future,él/ella,gelecek
12886,3238,prolongaremos,future,nosotros,gelecek
12887,3238,prolongaréis,future,vosotros,gelecek
12888,3238,prolongarán,future,ellos,gelecek
12889,3245,acuesto,present,yo,şimdi
12890,3245,acuestas,present,tú,şimdi
12891,3245,acuesta,present,él/ella,şimdi
12892,3245,acostamos,present,nosotros,şimdi
12893,3245,acostáis,present,vosotros,şimdi
12894,3245,acuestan,present,ellos,şimdi
12895,3245,acosté,past,yo,di
12896,3245,acostaste,past,tú,di
12897,3245,acostó,past,él/ella,di
12898,3245,acostamos,past,nosotros,di
12899,3245,acostasteis,past,vosotros,di
12900,3245,acostaron,past,ellos,di
12901,3245,acostaré,future,yo,gelecek
12902,3245,acostarás,future,tú,gelecek
12903,3245,acostará,future,él/ella,gelecek
12904,3245,acostaremos,future,nosotros,gelecek
12905,3245,acostaréis,future,vosotros,gelecek
12906,3245,acostarán,future,ellos,gelecek
12907,3249,aludo,present,yo,şimdi
12908,3249,aludes,present,tú,şimdi
12909,3249,alude,present,él/ella,şimdi
12910,3249,aludimos,present,nosotros,şimdi
12911,3249,aludís,present,vosotros,şimdi
12912,3249,aluden,present,ellos,şimdi
12913,3249,aludí,past,yo,di
12914,3249,aludiste,past,tú,di
12915,3249,aludió,past,él/ella,di
12916,3249,aludimos,past,nosotros,di
12917,3249,aludisteis,past,vosotros,di
12918,3249,aludieron,past,ellos,di
12919,3249,aludiré,future,yo,gelecek
12920,3249,aludirás,future,tú,gelecek
12921,3249,aludirá,future,él/ella,gelecek
12922,3249,aludiremos,future,nosotros,gelecek
12923,3249,aludiréis,future,vosotros,gelecek
12924,3249,aludirán,future,ellos,gelecek
12925,3250,quejo,present,yo,şimdi
12926,3250,quejas,present,tú,şimdi
12927,3250,queja,present,él/ella,şimdi
12928,3250,quejamos,present,nosotros,şimdi
12929,3250,quejáis,present,vosotros,şimdi
12930,3250,quejan,present,ellos,şimdi
12931,3250,quejé,past,yo,di
12932,3250,quejaste,past,tú,di
12933,3250,quejó,past,él/ella,di
12934,3250,quejamos,past,nosotros,di
12935,3250,quejasteis,past,vosotros,di
12936,3250,quejaron,past,ellos,di
12937,3250,quejaré,future,yo,gelecek
12938,3250,quejarás,future,tú,gelecek
12939,3250,quejará,future,él/ella,gelecek
12940,3250,quejaremos,future,nosotros,gelecek
12941,3250,quejaréis,future,vosotros,gelecek
12942,3250,quejarán,future,ellos,gelecek
12943,3256,estimulo,present,yo,şimdi
12944,3256,estimulas,present,tú,şimdi
12945,3256,estimula,present,él/ella,şimdi
12946,3256,estimulamos,present,nosotros,şimdi
12947,3256,estimuláis,present,vosotros,şimdi
12948,3256,estimulan,present,ellos,şimdi
12949,3256,estimulé,past,yo,di
12950,3256,estimulaste,past,tú,di
12951,3256,estimuló,past,él/ella,di
12952,3256,estimulamos,past,nosotros,di
12953,3256,estimulasteis,past,vosotros,di
12954,3256,estimularon,past,ellos,di
12955,3256,estimularé,future,yo,gelecek
12956,3256,estimularás,future,tú,gelecek
12957,3256,estimulará,future,él/ella,gelecek
12958,3256,estimularemos,future,nosotros,gelecek
12959,3256,estimularéis,future,vosotros,gelecek
12960,3256,estimularán,future,ellos,gelecek
12961,3257,estallo,present,yo,şimdi
12962,3257,estallas,present,tú,şimdi
12963,3257,estalla,present,él/ella,şimdi
12964,3257,estallamos,present,nosotros,şimdi
12965,3257,estalláis,present,vosotros,şimdi
12966,3257,estallan,present,ellos,şimdi
12967,3257,estallé,past,yo,di
12968,3257,estallaste,past,tú,di
12969,3257,estalló,past,él/ella,di
12970,3257,estallamos,past,nosotros,di
12971,3257,estallasteis,past,vosotros,di
12972,3257,estallaron,past,ellos,di
12973,3257,estallaré,future,yo,gelecek
12974,3257,estallarás,future,tú,gelecek
12975,3257,estallará,future,él/ella,gelecek
12976,3257,estallaremos,future,nosotros,gelecek
12977,3257,estallaréis,future,vosotros,gelecek
12978,3257,estallarán,future,ellos,gelecek
12979,3258,rego,present,yo,şimdi
12980,3258,reges,present,tú,şimdi
12981,3258,rege,present,él/ella,şimdi
12982,3258,regimos,present,nosotros,şimdi
12983,3258,regís,present,vosotros,şimdi
12984,3258,regen,present,ellos,şimdi
12985,3258,regí,past,yo,di
12986,3258,registe,past,tú,di
12987,3258,regió,past,él/ella,di
12988,3258,regimos,past,nosotros,di
12989,3258,registeis,past,vosotros,di
12990,3258,regieron,past,ellos,di
12991,3258,regiré,future,yo,gelecek
12992,3258,regirás,future,tú,gelecek
12993,3258,regirá,future,él/ella,gelecek
12994,3258,regiremos,future,nosotros,gelecek
12995,3258,regiréis,future,vosotros,gelecek
12996,3258,regirán,future,ellos,gelecek
12997,3264,corrego,present,yo,şimdi
12998,3264,correges,present,tú,şimdi
12999,3264,correge,present,él/ella,şimdi
13000,3264,corregimos,present,nosotros,şimdi
13001,3264,corregís,present,vosotros,şimdi
13002,3264,corregen,present,ellos,şimdi
13003,3264,corregí,past,yo,di
13004,3264,corregiste,past,tú,di
13005,3264,corregió,past,él/ella,di
13006,3264,corregimos,past,nosotros,di
13007,3264,corregisteis,past,vosotros,di
13008,3264,corregieron,past,ellos,di
13009,3264,corregiré,future,yo,gelecek
13010,3264,corregirás,future,tú,gelecek
13011,3264,corregirá,future,él/ella,gelecek
13012,3264,corregiremos,future,nosotros,gelecek
13013,3264,corregiréis,future,vosotros,gelecek
13014,3264,corregirán,future,ellos,gelecek
13015,3281,lamento,present,yo,şimdi
13016,3281,lamentas,present,tú,şimdi
13017,3281,lamenta,present,él/ella,şimdi
13018,3281,lamentamos,present,nosotros,şimdi
13019,3281,lamentáis,present,vosotros,şimdi
13020,3281,lamentan,present,ellos,şimdi
13021,3281,lamenté,past,yo,di
13022,3281,lamentaste,past,tú,di
13023,3281,lamentó,past,él/ella,di
13024,3281,lamentamos,past,nosotros,di
13025,3281,lamentasteis,past,vosotros,di
13026,3281,lamentaron,past,ellos,di
13027,3281,lamentaré,future,yo,gelecek
13028,3281,lamentarás,future,tú,gelecek
13029,3281,lamentará,future,él/ella,gelecek
13030,3281,lamentaremos,future,nosotros,gelecek
13031,3281,lamentaréis,future,vosotros,gelecek
13032,3281,lamentarán,future,ellos,gelecek
13033,3289,acaricio,present,yo,şimdi
13034,3289,acaricias,present,tú,şimdi
13035,3289,acaricia,present,él/ella,şimdi
13036,3289,acariciamos,present,nosotros,şimdi
13037,3289,acariciáis,present,vosotros,şimdi
13038,3289,acarician,present,ellos,şimdi
13039,3289,acaricié,past,yo,di
13040,3289,acariciaste,past,tú,di
13041,3289,acarició,past,él/ella,di
13042,3289,acariciamos,past,nosotros,di
13043,3289,acariciasteis,past,vosotros,di
13044,3289,acariciaron,past,ellos,di
13045,3289,acariciaré,future,yo,gelecek
13046,3289,acariciarás,future,tú,gelecek
13047,3289,acariciará,future,él/ella,gelecek
13048,3289,acariciaremos,future,nosotros,gelecek
13049,3289,acariciaréis,future,vosotros,gelecek
13050,3289,acariciarán,future,ellos,gelecek
13051,3297,excluo,present,yo,şimdi
13052,3297,exclues,present,tú,şimdi
13053,3297,exclue,present,él/ella,şimdi
13054,3297,excluimos,present,nosotros,şimdi
13055,3297,excluís,present,vosotros,şimdi
13056,3297,excluen,present,ellos,şimdi
13057,3297,excluí,past,yo,di
13058,3297,excluiste,past,tú,di
13059,3297,excluió,past,él/ella,di
13060,3297,excluimos,past,nosotros,di
13061,3297,excluisteis,past,vosotros,di
13062,3297,excluieron,past,ellos,di
13063,3297,excluiré,future,yo,gelecek
13064,3297,excluirás,future,tú,gelecek
13065,3297,excluirá,future,él/ella,gelecek
13066,3297,excluiremos,future,nosotros,gelecek
13067,3297,excluiréis,future,vosotros,gelecek
13068,3297,excluirán,future,ellos,gelecek
13069,3310,agoto,present,yo,şimdi
13070,3310,agotas,present,tú,şimdi
13071,3310,agota,present,él/ella,şimdi
13072,3310,agotamos,present,nosotros,şimdi
13073,3310,agotáis,present,vosotros,şimdi
13074,3310,agotan,present,ellos,şimdi
13075,3310,agoté,past,yo,di
13076,3310,agotaste,past,tú,di
13077,3310,agotó,past,él/ella,di
13078,3310,agotamos,past,nosotros,di
13079,3310,agotasteis,past,vosotros,di
13080,3310,agotaron,past,ellos,di
13081,3310,agotaré,future,yo,gelecek
13082,3310,agotarás,future,tú,gelecek
13083,3310,agotará,future,él/ella,gelecek
13084,3310,agotaremos,future,nosotros,gelecek
13085,3310,agotaréis,future,vosotros,gelecek
13086,3310,agotarán,future,ellos,gelecek
13087,3316,admiro,present,yo,şimdi
13088,3316,admiras,present,tú,şimdi
13089,3316,admira,present,él/ella,şimdi
13090,3316,admiramos,present,nosotros,şimdi
13091,3316,admiráis,present,vosotros,şimdi
13092,3316,admiran,present,ellos,şimdi
13093,3316,admiré,past,yo,di
13094,3316,admiraste,past,tú,di
13095,3316,admiró,past,él/ella,di
13096,3316,admiramos,past,nosotros,di
13097,3316,admirasteis,past,vosotros,di
13098,3316,admiraron,past,ellos,di
13099,3316,admiraré,future,yo,gelecek
13100,3316,admirarás,future,tú,gelecek
13101,3316,admirará,future,él/ella,gelecek
13102,3316,admiraremos,future,nosotros,gelecek
13103,3316,admiraréis,future,vosotros,gelecek
13104,3316,admirarán,future,ellos,gelecek
13105,3318,financio,present,yo,şimdi
13106,3318,financias,present,tú,şimdi
13107,3318,financia,present,él/ella,şimdi
13108,3318,financiamos,present,nosotros,şimdi
13109,3318,financiáis,present,vosotros,şimdi
13110,3318,financian,present,ellos,şimdi
13111,3318,financié,past,yo,di
13112,3318,financiaste,past,tú,di
13113,3318,financió,past,él/ella,di
13114,3318,financiamos,past,nosotros,di
13115,3318,financiasteis,past,vosotros,di
13116,3318,financiaron,past,ellos,di
13117,3318,financiaré,future,yo,gelecek
13118,3318,financiarás,future,tú,gelecek
13119,3318,financiará,future,él/ella,gelecek
13120,3318,financiaremos,future,nosotros,gelecek
13121,3318,financiaréis,future,vosotros,gelecek
13122,3318,financiarán,future,ellos,gelecek
13123,3320,tapo,present,yo,şimdi
13124,3320,tapas,present,tú,şimdi
13125,3320,tapa,present,él/ella,şimdi
13126,3320,tapamos,present,nosotros,şimdi
13127,3320,tapáis,present,vosotros,şimdi
13128,3320,tapan,present,ellos,şimdi
13129,3320,tapé,past,yo,di
13130,3320,tapaste,past,tú,di
13131,3320,tapó,past,él/ella,di
13132,3320,tapamos,past,nosotros,di
13133,3320,tapasteis,past,vosotros,di
13134,3320,taparon,past,ellos,di
13135,3320,taparé,future,yo,gelecek
13136,3320,taparás,future,tú,gelecek
13137,3320,tapará,future,él/ella,gelecek
13138,3320,taparemos,future,nosotros,gelecek
13139,3320,taparéis,future,vosotros,gelecek
13140,3320,taparán,future,ellos,gelecek
13141,3322,invado,present,yo,şimdi
13142,3322,invades,present,tú,şimdi
13143,3322,invade,present,él/ella,şimdi
13144,3322,invadimos,present,nosotros,şimdi
13145,3322,invadís,present,vosotros,şimdi
13146,3322,invaden,present,ellos,şimdi
13147,3322,invadí,past,yo,di
13148,3322,invadiste,past,tú,di
13149,3322,invadió,past,él/ella,di
13150,3322,invadimos,past,nosotros,di
13151,3322,invadisteis,past,vosotros,di
13152,3322,invadieron,past,ellos,di
13153,3322,invadiré,future,yo,gelecek
13154,3322,invadirás,future,tú,gelecek
13155,3322,invadirá,future,él/ella,gelecek
13156,3322,invadiremos,future,nosotros,gelecek
13157,3322,invadiréis,future,vosotros,gelecek
13158,3322,invadirán,future,ellos,gelecek
13159,3324,juro,present,yo,şimdi
13160,3324,juras,present,tú,şimdi
13161,3324,jura,present,él/ella,şimdi
13162,3324,juramos,present,nosotros,şimdi
13163,3324,juráis,present,vosotros,şimdi
13164,3324,juran,present,ellos,şimdi
13165,3324,juré,past,yo,di
13166,3324,juraste,past,tú,di
13167,3324,juró,past,él/ella,di
13168,3324,juramos,past,nosotros,di
13169,3324,jurasteis,past,vosotros,di
13170,3324,juraron,past,ellos,di
13171,3324,juraré,future,yo,gelecek
13172,3324,jurarás,future,tú,gelecek
13173,3324,jurará,future,él/ella,gelecek
13174,3324,juraremos,future,nosotros,gelecek
13175,3324,juraréis,future,vosotros,gelecek
13176,3324,jurarán,future,ellos,gelecek
13177,3331,enterro,present,yo,şimdi
13178,3331,enterras,present,tú,şimdi
13179,3331,enterra,present,él/ella,şimdi
13180,3331,enterramos,present,nosotros,şimdi
13181,3331,enterráis,present,vosotros,şimdi
13182,3331,enterran,present,ellos,şimdi
13183,3331,enterré,past,yo,di
13184,3331,enterraste,past,tú,di
13185,3331,enterró,past,él/ella,di
13186,3331,enterramos,past,nosotros,di
13187,3331,enterrasteis,past,vosotros,di
13188,3331,enterraron,past,ellos,di
13189,3331,enterraré,future,yo,gelecek
13190,3331,enterrarás,future,tú,gelecek
13191,3331,enterrará,future,él/ella,gelecek
13192,3331,enterraremos,future,nosotros,gelecek
13193,3331,enterraréis,future,vosotros,gelecek
13194,3331,enterrarán,future,ellos,gelecek
13195,3337,involucro,present,yo,şimdi
13196,3337,involucras,present,tú,şimdi
13197,3337,involucra,present,él/ella,şimdi
13198,3337,involucramos,present,nosotros,şimdi
13199,3337,involucráis,present,vosotros,şimdi
13200,3337,involucran,present,ellos,şimdi
13201,3337,involucré,past,yo,di
13202,3337,involucraste,past,tú,di
13203,3337,involucró,past,él/ella,di
13204,3337,involucramos,past,nosotros,di
13205,3337,involucrasteis,past,vosotros,di
13206,3337,involucraron,past,ellos,di
13207,3337,involucraré,future,yo,gelecek
13208,3337,involucrarás,future,tú,gelecek
13209,3337,involucrará,future,él/ella,gelecek
13210,3337,involucraremos,future,nosotros,gelecek
13211,3337,involucraréis,future,vosotros,gelecek
13212,3337,involucrarán,future,ellos,gelecek
13213,3340,capto,present,yo,şimdi
13214,3340,captas,present,tú,şimdi
13215,3340,capta,present,él/ella,şimdi
13216,3340,captamos,present,nosotros,şimdi
13217,3340,captáis,present,vosotros,şimdi
13218,3340,captan,present,ellos,şimdi
13219,3340,capté,past,yo,di
13220,3340,captaste,past,tú,di
13221,3340,captó,past,él/ella,di
13222,3340,captamos,past,nosotros,di
13223,3340,captasteis,past,vosotros,di
13224,3340,captaron,past,ellos,di
13225,3340,captaré,future,yo,gelecek
13226,3340,captarás,future,tú,gelecek
13227,3340,captará,future,él/ella,gelecek
13228,3340,captaremos,future,nosotros,gelecek
13229,3340,captaréis,future,vosotros,gelecek
13230,3340,captarán,future,ellos,gelecek
13231,3343,inspiro,present,yo,şimdi
13232,3343,inspiras,present,tú,şimdi
13233,3343,inspira,present,él/ella,şimdi
13234,3343,inspiramos,present,nosotros,şimdi
13235,3343,inspiráis,present,vosotros,şimdi
13236,3343,inspiran,present,ellos,şimdi
13237,3343,inspiré,past,yo,di
13238,3343,inspiraste,past,tú,di
13239,3343,inspiró,past,él/ella,di
13240,3343,inspiramos,past,nosotros,di
13241,3343,inspirasteis,past,vosotros,di
13242,3343,inspiraron,past,ellos,di
13243,3343,inspiraré,future,yo,gelecek
13244,3343,inspirarás,future,tú,gelecek
13245,3343,inspirará,future,él/ella,gelecek
13246,3343,inspiraremos,future,nosotros,gelecek
13247,3343,inspiraréis,future,vosotros,gelecek
13248,3343,inspirarán,future,ellos,gelecek
13249,3351,resido,present,yo,şimdi
13250,3351,resides,present,tú,şimdi
13251,3351,reside,present,él/ella,şimdi
13252,3351,residimos,present,nosotros,şimdi
13253,3351,residís,present,vosotros,şimdi
13254,3351,residen,present,ellos,şimdi
13255,3351,residí,past,yo,di
13256,3351,residiste,past,tú,di
13257,3351,residió,past,él/ella,di
13258,3351,residimos,past,nosotros,di
13259,3351,residisteis,past,vosotros,di
13260,3351,residieron,past,ellos,di
13261,3351,residiré,future,yo,gelecek
13262,3351,residirás,future,tú,gelecek
13263,3351,residirá,future,él/ella,gelecek
13264,3351,residiremos,future,nosotros,gelecek
13265,3351,residiréis,future,vosotros,gelecek
13266,3351,residirán,future,ellos,gelecek
13267,3364,multiplico,present,yo,şimdi
13268,3364,multiplicas,present,tú,şimdi
13269,3364,multiplica,present,él/ella,şimdi
13270,3364,multiplicamos,present,nosotros,şimdi
13271,3364,multiplicáis,present,vosotros,şimdi
13272,3364,multiplican,present,ellos,şimdi
13273,3364,multipliqué,past,yo,di
13274,3364,multiplicaste,past,tú,di
13275,3364,multiplicó,past,él/ella,di
13276,3364,multiplicamos,past,nosotros,di
13277,3364,multiplicasteis,past,vosotros,di
13278,3364,multiplicaron,past,ellos,di
13279,3364,multiplicaré,future,yo,gelecek
13280,3364,multiplicarás,future,tú,gelecek
13281,3364,multiplicará,future,él/ella,gelecek
13282,3364,multiplicaremos,future,nosotros,gelecek
13283,3364,multiplicaréis,future,vosotros,gelecek
13284,3364,multiplicarán,future,ellos,gelecek
13285,3368,concreto,present,yo,şimdi
13286,3368,concretas,present,tú,şimdi
13287,3368,concreta,present,él/ella,şimdi
13288,3368,concretamos,present,nosotros,şimdi
13289,3368,concretáis,present,vosotros,şimdi
13290,3368,concretan,present,ellos,şimdi
13291,3368,concreté,past,yo,di
13292,3368,concretaste,past,tú,di
13293,3368,concretó,past,él/ella,di
13294,3368,concretamos,past,nosotros,di
13295,3368,concretasteis,past,vosotros,di
13296,3368,concretaron,past,ellos,di
13297,3368,concretaré,future,yo,gelecek
13298,3368,concretarás,future,tú,gelecek
13299,3368,concretará,future,él/ella,gelecek
13300,3368,concretaremos,future,nosotros,gelecek
13301,3368,concretaréis,future,vosotros,gelecek
13302,3368,concretarán,future,ellos,gelecek
13303,3374,soluciono,present,yo,şimdi
13304,3374,solucionas,present,tú,şimdi
13305,3374,soluciona,present,él/ella,şimdi
13306,3374,solucionamos,present,nosotros,şimdi
13307,3374,solucionáis,present,vosotros,şimdi
13308,3374,solucionan,present,ellos,şimdi
13309,3374,solucioné,past,yo,di
13310,3374,solucionaste,past,tú,di
13311,3374,solucionó,past,él/ella,di
13312,3374,solucionamos,past,nosotros,di
13313,3374,solucionasteis,past,vosotros,di
13314,3374,solucionaron,past,ellos,di
13315,3374,solucionaré,future,yo,gelecek
13316,3374,solucionarás,future,tú,gelecek
13317,3374,solucionará,future,él/ella,gelecek
13318,3374,solucionaremos,future,nosotros,gelecek
13319,3374,solucionaréis,future,vosotros,gelecek
13320,3374,solucionarán,future,ellos,gelecek
13321,3375,compito,present,yo,şimdi
13322,3375,compites,present,tú,şimdi
13323,3375,compite,present,él/ella,şimdi
13324,3375,competimos,present,nosotros,şimdi
13325,3375,competís,present,vosotros,şimdi
13326,3375,compiten,present,ellos,şimdi
13327,3375,competí,past,yo,di
13328,3375,competiste,past,tú,di
13329,3375,compitió,past,él/ella,di
13330,3375,competimos,past,nosotros,di
13331,3375,competisteis,past,vosotros,di
13332,3375,compitieron,past,ellos,di
13333,3375,competiré,future,yo,gelecek
13334,3375,competirás,future,tú,gelecek
13335,3375,competirá,future,él/ella,gelecek
13336,3375,competiremos,future,nosotros,gelecek
13337,3375,competiréis,future,vosotros,gelecek
13338,3375,competirán,future,ellos,gelecek
13339,3378,proclamo,present,yo,şimdi
13340,3378,proclamas,present,tú,şimdi
13341,3378,proclama,present,él/ella,şimdi
13342,3378,proclamamos,present,nosotros,şimdi
13343,3378,proclamáis,present,vosotros,şimdi
13344,3378,proclaman,present,ellos,şimdi
13345,3378,proclamé,past,yo,di
13346,3378,proclamaste,past,tú,di
13347,3378,proclamó,past,él/ella,di
13348,3378,proclamamos,past,nosotros,di
13349,3378,proclamasteis,past,vosotros,di
13350,3378,proclamaron,past,ellos,di
13351,3378,proclamaré,future,yo,gelecek
13352,3378,proclamarás,future,tú,gelecek
13353,3378,proclamará,future,él/ella,gelecek
13354,3378,proclamaremos,future,nosotros,gelecek
13355,3378,proclamaréis,future,vosotros,gelecek
13356,3378,proclamarán,future,ellos,gelecek
13357,3383,forzo,present,yo,şimdi
13358,3383,forzas,present,tú,şimdi
13359,3383,forza,present,él/ella,şimdi
13360,3383,forzamos,present,nosotros,şimdi
13361,3383,forzáis,present,vosotros,şimdi
13362,3383,forzan,present,ellos,şimdi
13363,3383,forcé,past,yo,di
13364,3383,forzaste,past,tú,di
13365,3383,forzó,past,él/ella,di
13366,3383,forzamos,past,nosotros,di
13367,3383,forzasteis,past,vosotros,di
13368,3383,forzaron,past,ellos,di
13369,3383,forzaré,future,yo,gelecek
13370,3383,forzarás,future,tú,gelecek
13371,3383,forzará,future,él/ella,gelecek
13372,3383,forzaremos,future,nosotros,gelecek
13373,3383,forzaréis,future,vosotros,gelecek
13374,3383,forzarán,future,ellos,gelecek
13375,3387,afronto,present,yo,şimdi
13376,3387,afrontas,present,tú,şimdi
13377,3387,afronta,present,él/ella,şimdi
13378,3387,afrontamos,present,nosotros,şimdi
13379,3387,afrontáis,present,vosotros,şimdi
13380,3387,afrontan,present,ellos,şimdi
13381,3387,afronté,past,yo,di
13382,3387,afrontaste,past,tú,di
13383,3387,afrontó,past,él/ella,di
13384,3387,afrontamos,past,nosotros,di
13385,3387,afrontasteis,past,vosotros,di
13386,3387,afrontaron,past,ellos,di
13387,3387,afrontaré,future,yo,gelecek
13388,3387,afrontarás,future,tú,gelecek
13389,3387,afrontará,future,él/ella,gelecek
13390,3387,afrontaremos,future,nosotros,gelecek
13391,3387,afrontaréis,future,vosotros,gelecek
13392,3387,afrontarán,future,ellos,gelecek
13393,3388,armo,present,yo,şimdi
13394,3388,armas,present,tú,şimdi
13395,3388,arma,present,él/ella,şimdi
13396,3388,armamos,present,nosotros,şimdi
13397,3388,armáis,present,vosotros,şimdi
13398,3388,arman,present,ellos,şimdi
13399,3388,armé,past,yo,di
13400,3388,armaste,past,tú,di
13401,3388,armó,past,él/ella,di
13402,3388,armamos,past,nosotros,di
13403,3388,armasteis,past,vosotros,di
13404,3388,armaron,past,ellos,di
13405,3388,armaré,future,yo,gelecek
13406,3388,armarás,future,tú,gelecek
13407,3388,armará,future,él/ella,gelecek
13408,3388,armaremos,future,nosotros,gelecek
13409,3388,armaréis,future,vosotros,gelecek
13410,3388,armarán,future,ellos,gelecek
13411,3390,peso,present,yo,şimdi
13412,3390,pesas,present,tú,şimdi
13413,3390,pesa,present,él/ella,şimdi
13414,3390,pesamos,present,nosotros,şimdi
13415,3390,pesáis,present,vosotros,şimdi
13416,3390,pesan,present,ellos,şimdi
13417,3390,pesé,past,yo,di
13418,3390,pesaste,past,tú,di
13419,3390,pesó,past,él/ella,di
13420,3390,pesamos,past,nosotros,di
13421,3390,pesasteis,past,vosotros,di
13422,3390,pesaron,past,ellos,di
13423,3390,pesaré,future,yo,gelecek
13424,3390,pesarás,future,tú,gelecek
13425,3390,pesará,future,él/ella,gelecek
13426,3390,pesaremos,future,nosotros,gelecek
13427,3390,pesaréis,future,vosotros,gelecek
13428,3390,pesarán,future,ellos,gelecek
13429,3392,vigilo,present,yo,şimdi
13430,3392,vigilas,present,tú,şimdi
13431,3392,vigila,present,él/ella,şimdi
13432,3392,vigilamos,present,nosotros,şimdi
13433,3392,vigiláis,present,vosotros,şimdi
13434,3392,vigilan,present,ellos,şimdi
13435,3392,vigilé,past,yo,di
13436,3392,vigilaste,past,tú,di
13437,3392,vigiló,past,él/ella,di
13438,3392,vigilamos,past,nosotros,di
13439,3392,vigilasteis,past,vosotros,di
13440,3392,vigilaron,past,ellos,di
13441,3392,vigilaré,future,yo,gelecek
13442,3392,vigilarás,future,tú,gelecek
13443,3392,vigilará,future,él/ella,gelecek
13444,3392,vigilaremos,future,nosotros,gelecek
13445,3392,vigilaréis,future,vosotros,gelecek
13446,3392,vigilarán,future,ellos,gelecek
13447,3393,asigno,present,yo,şimdi
13448,3393,asignas,present,tú,şimdi
13449,3393,asigna,present,él/ella,şimdi
13450,3393,asignamos,present,nosotros,şimdi
13451,3393,asignáis,present,vosotros,şimdi
13452,3393,asignan,present,ellos,şimdi
13453,3393,asigné,past,yo,di
13454,3393,asignaste,past,tú,di
13455,3393,asignó,past,él/ella,di
13456,3393,asignamos,past,nosotros,di
13457,3393,asignasteis,past,vosotros,di
13458,3393,asignaron,past,ellos,di
13459,3393,asignaré,future,yo,gelecek
13460,3393,asignarás,future,tú,gelecek
13461,3393,asignará,future,él/ella,gelecek
13462,3393,asignaremos,future,nosotros,gelecek
13463,3393,asignaréis,future,vosotros,gelecek
13464,3393,asignarán,future,ellos,gelecek
13465,3394,abarco,present,yo,şimdi
13466,3394,abarcas,present,tú,şimdi
13467,3394,abarca,present,él/ella,şimdi
13468,3394,abarcamos,present,nosotros,şimdi
13469,3394,abarcáis,present,vosotros,şimdi
13470,3394,abarcan,present,ellos,şimdi
13471,3394,abarqué,past,yo,di
13472,3394,abarcaste,past,tú,di
13473,3394,abarcó,past,él/ella,di
13474,3394,abarcamos,past,nosotros,di
13475,3394,abarcasteis,past,vosotros,di
13476,3394,abarcaron,past,ellos,di
13477,3394,abarcaré,future,yo,gelecek
13478,3394,abarcarás,future,tú,gelecek
13479,3394,abarcará,future,él/ella,gelecek
13480,3394,abarcaremos,future,nosotros,gelecek
13481,3394,abarcaréis,future,vosotros,gelecek
13482,3394,abarcarán,future,ellos,gelecek
13483,3396,extraño,present,yo,şimdi
13484,3396,extrañas,present,tú,şimdi
13485,3396,extraña,present,él/ella,şimdi
13486,3396,extrañamos,present,nosotros,şimdi
13487,3396,extrañáis,present,vosotros,şimdi
13488,3396,extrañan,present,ellos,şimdi
13489,3396,extrañé,past,yo,di
13490,3396,extrañaste,past,tú,di
13491,3396,extrañó,past,él/ella,di
13492,3396,extrañamos,past,nosotros,di
13493,3396,extrañasteis,past,vosotros,di
13494,3396,extrañaron,past,ellos,di
13495,3396,extrañaré,future,yo,gelecek
13496,3396,extrañarás,future,tú,gelecek
13497,3396,extrañará,future,él/ella,gelecek
13498,3396,extrañaremos,future,nosotros,gelecek
13499,3396,extrañaréis,future,vosotros,gelecek
13500,3396,extrañarán,future,ellos,gelecek
13501,3404,reteno,present,yo,şimdi
13502,3404,retenes,present,tú,şimdi
13503,3404,retene,present,él/ella,şimdi
13504,3404,retenemos,present,nosotros,şimdi
13505,3404,retenéis,present,vosotros,şimdi
13506,3404,retenen,present,ellos,şimdi
13507,3404,retení,past,yo,di
13508,3404,reteniste,past,tú,di
13509,3404,retenió,past,él/ella,di
13510,3404,retenimos,past,nosotros,di
13511,3404,retenisteis,past,vosotros,di
13512,3404,retenieron,past,ellos,di
13513,3404,reteneré,future,yo,gelecek
13514,3404,retenerás,future,tú,gelecek
13515,3404,retenerá,future,él/ella,gelecek
13516,3404,reteneremos,future,nosotros,gelecek
13517,3404,reteneréis,future,vosotros,gelecek
13518,3404,retenerán,future,ellos,gelecek
13519,3406,canso,present,yo,şimdi
13520,3406,cansas,present,tú,şimdi
13521,3406,cansa,present,él/ella,şimdi
13522,3406,cansamos,present,nosotros,şimdi
13523,3406,cansáis,present,vosotros,şimdi
13524,3406,cansan,present,ellos,şimdi
13525,3406,cansé,past,yo,di
13526,3406,cansaste,past,tú,di
13527,3406,cansó,past,él/ella,di
13528,3406,cansamos,past,nosotros,di
13529,3406,cansasteis,past,vosotros,di
13530,3406,cansaron,past,ellos,di
13531,3406,cansaré,future,yo,gelecek
13532,3406,cansarás,future,tú,gelecek
13533,3406,cansará,future,él/ella,gelecek
13534,3406,cansaremos,future,nosotros,gelecek
13535,3406,cansaréis,future,vosotros,gelecek
13536,3406,cansarán,future,ellos,gelecek
13537,3414,condiciono,present,yo,şimdi
13538,3414,condicionas,present,tú,şimdi
13539,3414,condiciona,present,él/ella,şimdi
13540,3414,condicionamos,present,nosotros,şimdi
13541,3414,condicionáis,present,vosotros,şimdi
13542,3414,condicionan,present,ellos,şimdi
13543,3414,condicioné,past,yo,di
13544,3414,condicionaste,past,tú,di
13545,3414,condicionó,past,él/ella,di
13546,3414,condicionamos,past,nosotros,di
13547,3414,condicionasteis,past,vosotros,di
13548,3414,condicionaron,past,ellos,di
13549,3414,condicionaré,future,yo,gelecek
13550,3414,condicionarás,future,tú,gelecek
13551,3414,condicionará,future,él/ella,gelecek
13552,3414,condicionaremos,future,nosotros,gelecek
13553,3414,condicionaréis,future,vosotros,gelecek
13554,3414,condicionarán,future,ellos,gelecek
13555,3421,ato,present,yo,şimdi
13556,3421,atas,present,tú,şimdi
13557,3421,ata,present,él/ella,şimdi
13558,3421,atamos,present,nosotros,şimdi
13559,3421,atáis,present,vosotros,şimdi
13560,3421,atan,present,ellos,şimdi
13561,3421,até,past,yo,di
13562,3421,ataste,past,tú,di
13563,3421,ató,past,él/ella,di
13564,3421,atamos,past,nosotros,di
13565,3421,atasteis,past,vosotros,di
13566,3421,ataron,past,ellos,di
13567,3421,ataré,future,yo,gelecek
13568,3421,atarás,future,tú,gelecek
13569,3421,atará,future,él/ella,gelecek
13570,3421,ataremos,future,nosotros,gelecek
13571,3421,ataréis,future,vosotros,gelecek
13572,3421,atarán,future,ellos,gelecek
13573,3425,reservo,present,yo,şimdi
13574,3425,reservas,present,tú,şimdi
13575,3425,reserva,present,él/ella,şimdi
13576,3425,reservamos,present,nosotros,şimdi
13577,3425,reserváis,present,vosotros,şimdi
13578,3425,reservan,present,ellos,şimdi
13579,3425,reservé,past,yo,di
13580,3425,reservaste,past,tú,di
13581,3425,reservó,past,él/ella,di
13582,3425,reservamos,past,nosotros,di
13583,3425,reservasteis,past,vosotros,di
13584,3425,reservaron,past,ellos,di
13585,3425,reservaré,future,yo,gelecek
13586,3425,reservarás,future,tú,gelecek
13587,3425,reservará,future,él/ella,gelecek
13588,3425,reservaremos,future,nosotros,gelecek
13589,3425,reservaréis,future,vosotros,gelecek
13590,3425,reservarán,future,ellos,gelecek
13591,3428,imprimo,present,yo,şimdi
13592,3428,imprimes,present,tú,şimdi
13593,3428,imprime,present,él/ella,şimdi
13594,3428,imprimimos,present,nosotros,şimdi
13595,3428,imprimís,present,vosotros,şimdi
13596,3428,imprimen,present,ellos,şimdi
13597,3428,imprimí,past,yo,di
13598,3428,imprimiste,past,tú,di
13599,3428,imprimió,past,él/ella,di
13600,3428,imprimimos,past,nosotros,di
13601,3428,imprimisteis,past,vosotros,di
13602,3428,imprimieron,past,ellos,di
13603,3428,imprimiré,future,yo,gelecek
13604,3428,imprimirás,future,tú,gelecek
13605,3428,imprimirá,future,él/ella,gelecek
13606,3428,imprimiremos,future,nosotros,gelecek
13607,3428,imprimiréis,future,vosotros,gelecek
13608,3428,imprimirán,future,ellos,gelecek
13609,3433,me dole,present,yo,şimdi
13610,3433,te dole,present,tú,şimdi
13611,3433,le dole,present,él/ella,şimdi
13612,3433,nos dole,present,nosotros,şimdi
13613,3433,os dole,present,vosotros,şimdi
13614,3433,les dolen,present,ellos,şimdi
13615,3433,me dolió,past,yo,di
13616,3433,te dolió,past,tú,di
13617,3433,le dolió,past,él/ella,di
13618,3433,nos dolió,past,nosotros,di
13619,3433,os dolió,past,vosotros,di
13620,3433,les dolieron,past,ellos,di
13621,3433,me dolerá,future,yo,gelecek
13622,3433,te dolerá,future,tú,gelecek
13623,3433,le dolerá,future,él/ella,gelecek
13624,3433,nos dolerá,future,nosotros,gelecek
13625,3433,os dolerá,future,vosotros,gelecek
13626,3433,les dolerán,future,ellos,gelecek
13627,3436,olo,present,yo,şimdi
13628,3436,oles,present,tú,şimdi
13629,3436,ole,present,él/ella,şimdi
13630,3436,olemos,present,nosotros,şimdi
13631,3436,oléis,present,vosotros,şimdi
13632,3436,olen,present,ellos,şimdi
13633,3436,olí,past,yo,di
13634,3436,oliste,past,tú,di
13635,3436,olió,past,él/ella,di
13636,3436,olimos,past,nosotros,di
13637,3436,olisteis,past,vosotros,di
13638,3436,olieron,past,ellos,di
13639,3436,oleré,future,yo,gelecek
13640,3436,olerás,future,tú,gelecek
13641,3436,olerá,future,él/ella,gelecek
13642,3436,oleremos,future,nosotros,gelecek
13643,3436,oleréis,future,vosotros,gelecek
13644,3436,olerán,future,ellos,gelecek
13645,3439,fallo,present,yo,şimdi
13646,3439,fallas,present,tú,şimdi
13647,3439,falla,present,él/ella,şimdi
13648,3439,fallamos,present,nosotros,şimdi
13649,3439,falláis,present,vosotros,şimdi
13650,3439,fallan,present,ellos,şimdi
13651,3439,fallé,past,yo,di
13652,3439,fallaste,past,tú,di
13653,3439,falló,past,él/ella,di
13654,3439,fallamos,past,nosotros,di
13655,3439,fallasteis,past,vosotros,di
13656,3439,fallaron,past,ellos,di
13657,3439,fallaré,future,yo,gelecek
13658,3439,fallarás,future,tú,gelecek
13659,3439,fallará,future,él/ella,gelecek
13660,3439,fallaremos,future,nosotros,gelecek
13661,3439,fallaréis,future,vosotros,gelecek
13662,3439,fallarán,future,ellos,gelecek
13663,3440,anticipo,present,yo,şimdi
13664,3440,anticipas,present,tú,şimdi
13665,3440,anticipa,present,él/ella,şimdi
13666,3440,anticipamos,present,nosotros,şimdi
13667,3440,anticipáis,present,vosotros,şimdi
13668,3440,anticipan,present,ellos,şimdi
13669,3440,anticipé,past,yo,di
13670,3440,anticipaste,past,tú,di
13671,3440,anticipó,past,él/ella,di
13672,3440,anticipamos,past,nosotros,di
13673,3440,anticipasteis,past,vosotros,di
13674,3440,anticiparon,past,ellos,di
13675,3440,anticiparé,future,yo,gelecek
13676,3440,anticiparás,future,tú,gelecek
13677,3440,anticipará,future,él/ella,gelecek
13678,3440,anticiparemos,future,nosotros,gelecek
13679,3440,anticiparéis,future,vosotros,gelecek
13680,3440,anticiparán,future,ellos,gelecek
13681,3444,ligo,present,yo,şimdi
13682,3444,ligas,present,tú,şimdi
13683,3444,liga,present,él/ella,şimdi
13684,3444,ligamos,present,nosotros,şimdi
13685,3444,ligáis,present,vosotros,şimdi
13686,3444,ligan,present,ellos,şimdi
13687,3444,ligué,past,yo,di
13688,3444,ligaste,past,tú,di
13689,3444,ligó,past,él/ella,di
13690,3444,ligamos,past,nosotros,di
13691,3444,ligasteis,past,vosotros,di
13692,3444,ligaron,past,ellos,di
13693,3444,ligaré,future,yo,gelecek
13694,3444,ligarás,future,tú,gelecek
13695,3444,ligará,future,él/ella,gelecek
13696,3444,ligaremos,future,nosotros,gelecek
13697,3444,ligaréis,future,vosotros,gelecek
13698,3444,ligarán,future,ellos,gelecek
13699,3451,castigo,present,yo,şimdi
13700,3451,castigas,present,tú,şimdi
13701,3451,castiga,present,él/ella,şimdi
13702,3451,castigamos,present,nosotros,şimdi
13703,3451,castigáis,present,vosotros,şimdi
13704,3451,castigan,present,ellos,şimdi
13705,3451,castigué,past,yo,di
13706,3451,castigaste,past,tú,di
13707,3451,castigó,past,él/ella,di
13708,3451,castigamos,past,nosotros,di
13709,3451,castigasteis,past,vosotros,di
13710,3451,castigaron,past,ellos,di
13711,3451,castigaré,future,yo,gelecek
13712,3451,castigarás,future,tú,gelecek
13713,3451,castigará,future,él/ella,gelecek
13714,3451,castigaremos,future,nosotros,gelecek
13715,3451,castigaréis,future,vosotros,gelecek
13716,3451,castigarán,future,ellos,gelecek
13717,3455,conquisto,present,yo,şimdi
13718,3455,conquistas,present,tú,şimdi
13719,3455,conquista,present,él/ella,şimdi
13720,3455,conquistamos,present,nosotros,şimdi
13721,3455,conquistáis,present,vosotros,şimdi
13722,3455,conquistan,present,ellos,şimdi
13723,3455,conquisté,past,yo,di
13724,3455,conquistaste,past,tú,di
13725,3455,conquistó,past,él/ella,di
13726,3455,conquistamos,past,nosotros,di
13727,3455,conquistasteis,past,vosotros,di
13728,3455,conquistaron,past,ellos,di
13729,3455,conquistaré,future,yo,gelecek
13730,3455,conquistarás,future,tú,gelecek
13731,3455,conquistará,future,él/ella,gelecek
13732,3455,conquistaremos,future,nosotros,gelecek
13733,3455,conquistaréis,future,vosotros,gelecek
13734,3455,conquistarán,future,ellos,gelecek
13735,3464,ajusto,present,yo,şimdi
13736,3464,ajustas,present,tú,şimdi
13737,3464,ajusta,present,él/ella,şimdi
13738,3464,ajustamos,present,nosotros,şimdi
13739,3464,ajustáis,present,vosotros,şimdi
13740,3464,ajustan,present,ellos,şimdi
13741,3464,ajusté,past,yo,di
13742,3464,ajustaste,past,tú,di
13743,3464,ajustó,past,él/ella,di
13744,3464,ajustamos,past,nosotros,di
13745,3464,ajustasteis,past,vosotros,di
13746,3464,ajustaron,past,ellos,di
13747,3464,ajustaré,future,yo,gelecek
13748,3464,ajustarás,future,tú,gelecek
13749,3464,ajustará,future,él/ella,gelecek
13750,3464,ajustaremos,future,nosotros,gelecek
13751,3464,ajustaréis,future,vosotros,gelecek
13752,3464,ajustarán,future,ellos,gelecek
13753,3465,administro,present,yo,şimdi
13754,3465,administras,present,tú,şimdi
13755,3465,administra,present,él/ella,şimdi
13756,3465,administramos,present,nosotros,şimdi
13757,3465,administráis,present,vosotros,şimdi
13758,3465,administran,present,ellos,şimdi
13759,3465,administré,past,yo,di
13760,3465,administraste,past,tú,di
13761,3465,administró,past,él/ella,di
13762,3465,administramos,past,nosotros,di
13763,3465,administrasteis,past,vosotros,di
13764,3465,administraron,past,ellos,di
13765,3465,administraré,future,yo,gelecek
13766,3465,administrarás,future,tú,gelecek
13767,3465,administrará,future,él/ella,gelecek
13768,3465,administraremos,future,nosotros,gelecek
13769,3465,administraréis,future,vosotros,gelecek
13770,3465,administrarán,future,ellos,gelecek
13771,3466,clasifico,present,yo,şimdi
13772,3466,clasificas,present,tú,şimdi
13773,3466,clasifica,present,él/ella,şimdi
13774,3466,clasificamos,present,nosotros,şimdi
13775,3466,clasificáis,present,vosotros,şimdi
13776,3466,clasifican,present,ellos,şimdi
13777,3466,clasifiqué,past,yo,di
13778,3466,clasificaste,past,tú,di
13779,3466,clasificó,past,él/ella,di
13780,3466,clasificamos,past,nosotros,di
13781,3466,clasificasteis,past,vosotros,di
13782,3466,clasificaron,past,ellos,di
13783,3466,clasificaré,future,yo,gelecek
13784,3466,clasificarás,future,tú,gelecek
13785,3466,clasificará,future,él/ella,gelecek
13786,3466,clasificaremos,future,nosotros,gelecek
13787,3466,clasificaréis,future,vosotros,gelecek
13788,3466,clasificarán,future,ellos,gelecek
13789,3469,habito,present,yo,şimdi
13790,3469,habitas,present,tú,şimdi
13791,3469,habita,present,él/ella,şimdi
13792,3469,habitamos,present,nosotros,şimdi
13793,3469,habitáis,present,vosotros,şimdi
13794,3469,habitan,present,ellos,şimdi
13795,3469,habité,past,yo,di
13796,3469,habitaste,past,tú,di
13797,3469,habitó,past,él/ella,di
13798,3469,habitamos,past,nosotros,di
13799,3469,habitasteis,past,vosotros,di
13800,3469,habitaron,past,ellos,di
13801,3469,habitaré,future,yo,gelecek
13802,3469,habitarás,future,tú,gelecek
13803,3469,habitará,future,él/ella,gelecek
13804,3469,habitaremos,future,nosotros,gelecek
13805,3469,habitaréis,future,vosotros,gelecek
13806,3469,habitarán,future,ellos,gelecek
13807,3482,transporto,present,yo,şimdi
13808,3482,transportas,present,tú,şimdi
13809,3482,transporta,present,él/ella,şimdi
13810,3482,transportamos,present,nosotros,şimdi
13811,3482,transportáis,present,vosotros,şimdi
13812,3482,transportan,present,ellos,şimdi
13813,3482,transporté,past,yo,di
13814,3482,transportaste,past,tú,di
13815,3482,transportó,past,él/ella,di
13816,3482,transportamos,past,nosotros,di
13817,3482,transportasteis,past,vosotros,di
13818,3482,transportaron,past,ellos,di
13819,3482,transportaré,future,yo,gelecek
13820,3482,transportarás,future,tú,gelecek
13821,3482,transportará,future,él/ella,gelecek
13822,3482,transportaremos,future,nosotros,gelecek
13823,3482,transportaréis,future,vosotros,gelecek
13824,3482,transportarán,future,ellos,gelecek
13825,3483,aviso,present,yo,şimdi
13826,3483,avisas,present,tú,şimdi
13827,3483,avisa,present,él/ella,şimdi
13828,3483,avisamos,present,nosotros,şimdi
13829,3483,avisáis,present,vosotros,şimdi
13830,3483,avisan,present,ellos,şimdi
13831,3483,avisé,past,yo,di
13832,3483,avisaste,past,tú,di
13833,3483,avisó,past,él/ella,di
13834,3483,avisamos,past,nosotros,di
13835,3483,avisasteis,past,vosotros,di
13836,3483,avisaron,past,ellos,di
13837,3483,avisaré,future,yo,gelecek
13838,3483,avisarás,future,tú,gelecek
13839,3483,avisará,future,él/ella,gelecek
13840,3483,avisaremos,future,nosotros,gelecek
13841,3483,avisaréis,future,vosotros,gelecek
13842,3483,avisarán,future,ellos,gelecek
13843,3494,exploto,present,yo,şimdi
13844,3494,explotas,present,tú,şimdi
13845,3494,explota,present,él/ella,şimdi
13846,3494,explotamos,present,nosotros,şimdi
13847,3494,explotáis,present,vosotros,şimdi
13848,3494,explotan,present,ellos,şimdi
13849,3494,exploté,past,yo,di
13850,3494,explotaste,past,tú,di
13851,3494,explotó,past,él/ella,di
13852,3494,explotamos,past,nosotros,di
13853,3494,explotasteis,past,vosotros,di
13854,3494,explotaron,past,ellos,di
13855,3494,explotaré,future,yo,gelecek
13856,3494,explotarás,future,tú,gelecek
13857,3494,explotará,future,él/ella,gelecek
13858,3494,explotaremos,future,nosotros,gelecek
13859,3494,explotaréis,future,vosotros,gelecek
13860,3494,explotarán,future,ellos,gelecek
13861,3500,agito,present,yo,şimdi
13862,3500,agitas,present,tú,şimdi
13863,3500,agita,present,él/ella,şimdi
13864,3500,agitamos,present,nosotros,şimdi
13865,3500,agitáis,present,vosotros,şimdi
13866,3500,agitan,present,ellos,şimdi
13867,3500,agité,past,yo,di
13868,3500,agitaste,past,tú,di
13869,3500,agitó,past,él/ella,di
13870,3500,agitamos,past,nosotros,di
13871,3500,agitasteis,past,vosotros,di
13872,3500,agitaron,past,ellos,di
13873,3500,agitaré,future,yo,gelecek
13874,3500,agitarás,future,tú,gelecek
13875,3500,agitará,future,él/ella,gelecek
13876,3500,agitaremos,future,nosotros,gelecek
13877,3500,agitaréis,future,vosotros,gelecek
13878,3500,agitarán,future,ellos,gelecek
13879,3511,inscribo,present,yo,şimdi
13880,3511,inscribes,present,tú,şimdi
13881,3511,inscribe,present,él/ella,şimdi
13882,3511,inscribimos,present,nosotros,şimdi
13883,3511,inscribís,present,vosotros,şimdi
13884,3511,inscriben,present,ellos,şimdi
13885,3511,inscribí,past,yo,di
13886,3511,inscribiste,past,tú,di
13887,3511,inscribió,past,él/ella,di
13888,3511,inscribimos,past,nosotros,di
13889,3511,inscribisteis,past,vosotros,di
13890,3511,inscribieron,past,ellos,di
13891,3511,inscribiré,future,yo,gelecek
13892,3511,inscribirás,future,tú,gelecek
13893,3511,inscribirá,future,él/ella,gelecek
13894,3511,inscribiremos,future,nosotros,gelecek
13895,3511,inscribiréis,future,vosotros,gelecek
13896,3511,inscribirán,future,ellos,gelecek
13897,3514,borro,present,yo,şimdi
13898,3514,borras,present,tú,şimdi
13899,3514,borra,present,él/ella,şimdi
13900,3514,borramos,present,nosotros,şimdi
13901,3514,borráis,present,vosotros,şimdi
13902,3514,borran,present,ellos,şimdi
13903,3514,borré,past,yo,di
13904,3514,borraste,past,tú,di
13905,3514,borró,past,él/ella,di
13906,3514,borramos,past,nosotros,di
13907,3514,borrasteis,past,vosotros,di
13908,3514,borraron,past,ellos,di
13909,3514,borraré,future,yo,gelecek
13910,3514,borrarás,future,tú,gelecek
13911,3514,borrará,future,él/ella,gelecek
13912,3514,borraremos,future,nosotros,gelecek
13913,3514,borraréis,future,vosotros,gelecek
13914,3514,borrarán,future,ellos,gelecek
13915,3518,cultivo,present,yo,şimdi
13916,3518,cultivas,present,tú,şimdi
13917,3518,cultiva,present,él/ella,şimdi
13918,3518,cultivamos,present,nosotros,şimdi
13919,3518,cultiváis,present,vosotros,şimdi
13920,3518,cultivan,present,ellos,şimdi
13921,3518,cultivé,past,yo,di
13922,3518,cultivaste,past,tú,di
13923,3518,cultivó,past,él/ella,di
13924,3518,cultivamos,past,nosotros,di
13925,3518,cultivasteis,past,vosotros,di
13926,3518,cultivaron,past,ellos,di
13927,3518,cultivaré,future,yo,gelecek
13928,3518,cultivarás,future,tú,gelecek
13929,3518,cultivará,future,él/ella,gelecek
13930,3518,cultivaremos,future,nosotros,gelecek
13931,3518,cultivaréis,future,vosotros,gelecek
13932,3518,cultivarán,future,ellos,gelecek
13933,3521,ratifico,present,yo,şimdi
13934,3521,ratificas,present,tú,şimdi
13935,3521,ratifica,present,él/ella,şimdi
13936,3521,ratificamos,present,nosotros,şimdi
13937,3521,ratificáis,present,vosotros,şimdi
13938,3521,ratifican,present,ellos,şimdi
13939,3521,ratifiqué,past,yo,di
13940,3521,ratificaste,past,tú,di
13941,3521,ratificó,past,él/ella,di
13942,3521,ratificamos,past,nosotros,di
13943,3521,ratificasteis,past,vosotros,di
13944,3521,ratificaron,past,ellos,di
13945,3521,ratificaré,future,yo,gelecek
13946,3521,ratificarás,future,tú,gelecek
13947,3521,ratificará,future,él/ella,gelecek
13948,3521,ratificaremos,future,nosotros,gelecek
13949,3521,ratificaréis,future,vosotros,gelecek
13950,3521,ratificarán,future,ellos,gelecek
13951,3522,aguardo,present,yo,şimdi
13952,3522,aguardas,present,tú,şimdi
13953,3522,aguarda,present,él/ella,şimdi
13954,3522,aguardamos,present,nosotros,şimdi
13955,3522,aguardáis,present,vosotros,şimdi
13956,3522,aguardan,present,ellos,şimdi
13957,3522,aguardé,past,yo,di
13958,3522,aguardaste,past,tú,di
13959,3522,aguardó,past,él/ella,di
13960,3522,aguardamos,past,nosotros,di
13961,3522,aguardasteis,past,vosotros,di
13962,3522,aguardaron,past,ellos,di
13963,3522,aguardaré,future,yo,gelecek
13964,3522,aguardarás,future,tú,gelecek
13965,3522,aguardará,future,él/ella,gelecek
13966,3522,aguardaremos,future,nosotros,gelecek
13967,3522,aguardaréis,future,vosotros,gelecek
13968,3522,aguardarán,future,ellos,gelecek
13969,3525,ocasiono,present,yo,şimdi
13970,3525,ocasionas,present,tú,şimdi
13971,3525,ocasiona,present,él/ella,şimdi
13972,3525,ocasionamos,present,nosotros,şimdi
13973,3525,ocasionáis,present,vosotros,şimdi
13974,3525,ocasionan,present,ellos,şimdi
13975,3525,ocasioné,past,yo,di
13976,3525,ocasionaste,past,tú,di
13977,3525,ocasionó,past,él/ella,di
13978,3525,ocasionamos,past,nosotros,di
13979,3525,ocasionasteis,past,vosotros,di
13980,3525,ocasionaron,past,ellos,di
13981,3525,ocasionaré,future,yo,gelecek
13982,3525,ocasionarás,future,tú,gelecek
13983,3525,ocasionará,future,él/ella,gelecek
13984,3525,ocasionaremos,future,nosotros,gelecek
13985,3525,ocasionaréis,future,vosotros,gelecek
13986,3525,ocasionarán,future,ellos,gelecek
13987,3528,libro,present,yo,şimdi
13988,3528,libras,present,tú,şimdi
13989,3528,libra,present,él/ella,şimdi
13990,3528,libramos,present,nosotros,şimdi
13991,3528,libráis,present,vosotros,şimdi
13992,3528,libran,present,ellos,şimdi
13993,3528,libré,past,yo,di
13994,3528,libraste,past,tú,di
13995,3528,libró,past,él/ella,di
13996,3528,libramos,past,nosotros,di
13997,3528,librasteis,past,vosotros,di
13998,3528,libraron,past,ellos,di
13999,3528,libraré,future,yo,gelecek
14000,3528,librarás,future,tú,gelecek
14001,3528,librará,future,él/ella,gelecek
14002,3528,libraremos,future,nosotros,gelecek
14003,3528,libraréis,future,vosotros,gelecek
14004,3528,librarán,future,ellos,gelecek
14005,3531,doto,present,yo,şimdi
14006,3531,dotas,present,tú,şimdi
14007,3531,dota,present,él/ella,şimdi
14008,3531,dotamos,present,nosotros,şimdi
14009,3531,dotáis,present,vosotros,şimdi
14010,3531,dotan,present,ellos,şimdi
14011,3531,doté,past,yo,di
14012,3531,dotaste,past,tú,di
14013,3531,dotó,past,él/ella,di
14014,3531,dotamos,past,nosotros,di
14015,3531,dotasteis,past,vosotros,di
14016,3531,dotaron,past,ellos,di
14017,3531,dotaré,future,yo,gelecek
14018,3531,dotarás,future,tú,gelecek
14019,3531,dotará,future,él/ella,gelecek
14020,3531,dotaremos,future,nosotros,gelecek
14021,3531,dotaréis,future,vosotros,gelecek
14022,3531,dotarán,future,ellos,gelecek
14023,3554,aproximo,present,yo,şimdi
14024,3554,aproximas,present,tú,şimdi
14025,3554,aproxima,present,él/ella,şimdi
14026,3554,aproximamos,present,nosotros,şimdi
14027,3554,aproximáis,present,vosotros,şimdi
14028,3554,aproximan,present,ellos,şimdi
14029,3554,aproximé,past,yo,di
14030,3554,aproximaste,past,tú,di
14031,3554,aproximó,past,él/ella,di
14032,3554,aproximamos,past,nosotros,di
14033,3554,aproximasteis,past,vosotros,di
14034,3554,aproximaron,past,ellos,di
14035,3554,aproximaré,future,yo,gelecek
14036,3554,aproximarás,future,tú,gelecek
14037,3554,aproximará,future,él/ella,gelecek
14038,3554,aproximaremos,future,nosotros,gelecek
14039,3554,aproximaréis,future,vosotros,gelecek
14040,3554,aproximarán,future,ellos,gelecek
14041,3565,miento,present,yo,şimdi
14042,3565,mientes,present,tú,şimdi
14043,3565,miente,present,él/ella,şimdi
14044,3565,mentimos,present,nosotros,şimdi
14045,3565,mentís,present,vosotros,şimdi
14046,3565,mienten,present,ellos,şimdi
14047,3565,mentí,past,yo,di
14048,3565,mentiste,past,tú,di
14049,3565,mentió,past,él/ella,di
14050,3565,mentimos,past,nosotros,di
14051,3565,mentisteis,past,vosotros,di
14052,3565,mentieron,past,ellos,di
14053,3565,mentiré,future,yo,gelecek
14054,3565,mentirás,future,tú,gelecek
14055,3565,mentirá,future,él/ella,gelecek
14056,3565,mentiremos,future,nosotros,gelecek
14057,3565,mentiréis,future,vosotros,gelecek
14058,3565,mentirán,future,ellos,gelecek
14059,3573,suscribo,present,yo,şimdi
14060,3573,suscribes,present,tú,şimdi
14061,3573,suscribe,present,él/ella,şimdi
14062,3573,suscribimos,present,nosotros,şimdi
14063,3573,suscribís,present,vosotros,şimdi
14064,3573,suscriben,present,ellos,şimdi
14065,3573,suscribí,past,yo,di
14066,3573,suscribiste,past,tú,di
14067,3573,suscribió,past,él/ella,di
14068,3573,suscribimos,past,nosotros,di
14069,3573,suscribisteis,past,vosotros,di
14070,3573,suscribieron,past,ellos,di
14071,3573,suscribiré,future,yo,gelecek
14072,3573,suscribirás,future,tú,gelecek
14073,3573,suscribirá,future,él/ella,gelecek
14074,3573,suscribiremos,future,nosotros,gelecek
14075,3573,suscribiréis,future,vosotros,gelecek
14076,3573,suscribirán,future,ellos,gelecek
14077,3578,bato,present,yo,şimdi
14078,3578,bates,present,tú,şimdi
14079,3578,bate,present,él/ella,şimdi
14080,3578,batimos,present,nosotros,şimdi
14081,3578,batís,present,vosotros,şimdi
14082,3578,baten,present,ellos,şimdi
14083,3578,batí,past,yo,di
14084,3578,batiste,past,tú,di
14085,3578,batió,past,él/ella,di
14086,3578,batimos,past,nosotros,di
14087,3578,batisteis,past,vosotros,di
14088,3578,batieron,past,ellos,di
14089,3578,batiré,future,yo,gelecek
14090,3578,batirás,future,tú,gelecek
14091,3578,batirá,future,él/ella,gelecek
14092,3578,batiremos,future,nosotros,gelecek
14093,3578,batiréis,future,vosotros,gelecek
14094,3578,batirán,future,ellos,gelecek
14095,3580,freno,present,yo,şimdi
14096,3580,frenas,present,tú,şimdi
14097,3580,frena,present,él/ella,şimdi
14098,3580,frenamos,present,nosotros,şimdi
14099,3580,frenáis,present,vosotros,şimdi
14100,3580,frenan,present,ellos,şimdi
14101,3580,frené,past,yo,di
14102,3580,frenaste,past,tú,di
14103,3580,frenó,past,él/ella,di
14104,3580,frenamos,past,nosotros,di
14105,3580,frenasteis,past,vosotros,di
14106,3580,frenaron,past,ellos,di
14107,3580,frenaré,future,yo,gelecek
14108,3580,frenarás,future,tú,gelecek
14109,3580,frenará,future,él/ella,gelecek
14110,3580,frenaremos,future,nosotros,gelecek
14111,3580,frenaréis,future,vosotros,gelecek
14112,3580,frenarán,future,ellos,gelecek
14113,3589,enamoro,present,yo,şimdi
14114,3589,enamoras,present,tú,şimdi
14115,3589,enamora,present,él/ella,şimdi
14116,3589,enamoramos,present,nosotros,şimdi
14117,3589,enamoráis,present,vosotros,şimdi
14118,3589,enamoran,present,ellos,şimdi
14119,3589,enamoré,past,yo,di
14120,3589,enamoraste,past,tú,di
14121,3589,enamoró,past,él/ella,di
14122,3589,enamoramos,past,nosotros,di
14123,3589,enamorasteis,past,vosotros,di
14124,3589,enamoraron,past,ellos,di
14125,3589,enamoraré,future,yo,gelecek
14126,3589,enamorarás,future,tú,gelecek
14127,3589,enamorará,future,él/ella,gelecek
14128,3589,enamoraremos,future,nosotros,gelecek
14129,3589,enamoraréis,future,vosotros,gelecek
14130,3589,enamorarán,future,ellos,gelecek
14131,3593,converso,present,yo,şimdi
14132,3593,conversas,present,tú,şimdi
14133,3593,conversa,present,él/ella,şimdi
14134,3593,conversamos,present,nosotros,şimdi
14135,3593,conversáis,present,vosotros,şimdi
14136,3593,conversan,present,ellos,şimdi
14137,3593,conversé,past,yo,di
14138,3593,conversaste,past,tú,di
14139,3593,conversó,past,él/ella,di
14140,3593,conversamos,past,nosotros,di
14141,3593,conversasteis,past,vosotros,di
14142,3593,conversaron,past,ellos,di
14143,3593,conversaré,future,yo,gelecek
14144,3593,conversarás,future,tú,gelecek
14145,3593,conversará,future,él/ella,gelecek
14146,3593,conversaremos,future,nosotros,gelecek
14147,3593,conversaréis,future,vosotros,gelecek
14148,3593,conversarán,future,ellos,gelecek
14149,3596,resalto,present,yo,şimdi
14150,3596,resaltas,present,tú,şimdi
14151,3596,resalta,present,él/ella,şimdi
14152,3596,resaltamos,present,nosotros,şimdi
14153,3596,resaltáis,present,vosotros,şimdi
14154,3596,resaltan,present,ellos,şimdi
14155,3596,resalté,past,yo,di
14156,3596,resaltaste,past,tú,di
14157,3596,resaltó,past,él/ella,di
14158,3596,resaltamos,past,nosotros,di
14159,3596,resaltasteis,past,vosotros,di
14160,3596,resaltaron,past,ellos,di
14161,3596,resaltaré,future,yo,gelecek
14162,3596,resaltarás,future,tú,gelecek
14163,3596,resaltará,future,él/ella,gelecek
14164,3596,resaltaremos,future,nosotros,gelecek
14165,3596,resaltaréis,future,vosotros,gelecek
14166,3596,resaltarán,future,ellos,gelecek
14167,3601,agrupo,present,yo,şimdi
14168,3601,agrupas,present,tú,şimdi
14169,3601,agrupa,present,él/ella,şimdi
14170,3601,agrupamos,present,nosotros,şimdi
14171,3601,agrupáis,present,vosotros,şimdi
14172,3601,agrupan,present,ellos,şimdi
14173,3601,agrupé,past,yo,di
14174,3601,agrupaste,past,tú,di
14175,3601,agrupó,past,él/ella,di
14176,3601,agrupamos,past,nosotros,di
14177,3601,agrupasteis,past,vosotros,di
14178,3601,agruparon,past,ellos,di
14179,3601,agruparé,future,yo,gelecek
14180,3601,agruparás,future,tú,gelecek
14181,3601,agrupará,future,él/ella,gelecek
14182,3601,agruparemos,future,nosotros,gelecek
14183,3601,agruparéis,future,vosotros,gelecek
14184,3601,agruparán,future,ellos,gelecek
14185,3612,propicio,present,yo,şimdi
14186,3612,propicias,present,tú,şimdi
14187,3612,propicia,present,él/ella,şimdi
14188,3612,propiciamos,present,nosotros,şimdi
14189,3612,propiciáis,present,vosotros,şimdi
14190,3612,propician,present,ellos,şimdi
14191,3612,propicié,past,yo,di
14192,3612,propiciaste,past,tú,di
14193,3612,propició,past,él/ella,di
14194,3612,propiciamos,past,nosotros,di
14195,3612,propiciasteis,past,vosotros,di
14196,3612,propiciaron,past,ellos,di
14197,3612,propiciaré,future,yo,gelecek
14198,3612,propiciarás,future,tú,gelecek
14199,3612,propiciará,future,él/ella,gelecek
14200,3612,propiciaremos,future,nosotros,gelecek
14201,3612,propiciaréis,future,vosotros,gelecek
14202,3612,propiciarán,future,ellos,gelecek
14203,3613,luco,present,yo,şimdi
14204,3613,luces,present,tú,şimdi
14205,3613,luce,present,él/ella,şimdi
14206,3613,lucimos,present,nosotros,şimdi
14207,3613,lucís,present,vosotros,şimdi
14208,3613,lucen,present,ellos,şimdi
14209,3613,lucí,past,yo,di
14210,3613,luciste,past,tú,di
14211,3613,lució,past,él/ella,di
14212,3613,lucimos,past,nosotros,di
14213,3613,lucisteis,past,vosotros,di
14214,3613,lucieron,past,ellos,di
14215,3613,luciré,future,yo,gelecek
14216,3613,lucirás,future,tú,gelecek
14217,3613,lucirá,future,él/ella,gelecek
14218,3613,luciremos,future,nosotros,gelecek
14219,3613,luciréis,future,vosotros,gelecek
14220,3613,lucirán,future,ellos,gelecek
14221,3618,doblo,present,yo,şimdi
14222,3618,doblas,present,tú,şimdi
14223,3618,dobla,present,él/ella,şimdi
14224,3618,doblamos,present,nosotros,şimdi
14225,3618,dobláis,present,vosotros,şimdi
14226,3618,doblan,present,ellos,şimdi
14227,3618,doblé,past,yo,di
14228,3618,doblaste,past,tú,di
14229,3618,dobló,past,él/ella,di
14230,3618,doblamos,past,nosotros,di
14231,3618,doblasteis,past,vosotros,di
14232,3618,doblaron,past,ellos,di
14233,3618,doblaré,future,yo,gelecek
14234,3618,doblarás,future,tú,gelecek
14235,3618,doblará,future,él/ella,gelecek
14236,3618,doblaremos,future,nosotros,gelecek
14237,3618,doblaréis,future,vosotros,gelecek
14238,3618,doblarán,future,ellos,gelecek
14239,3622,culmino,present,yo,şimdi
14240,3622,culminas,present,tú,şimdi
14241,3622,culmina,present,él/ella,şimdi
14242,3622,culminamos,present,nosotros,şimdi
14243,3622,culmináis,present,vosotros,şimdi
14244,3622,culminan,present,ellos,şimdi
14245,3622,culminé,past,yo,di
14246,3622,culminaste,past,tú,di
14247,3622,culminó,past,él/ella,di
14248,3622,culminamos,past,nosotros,di
14249,3622,culminasteis,past,vosotros,di
14250,3622,culminaron,past,ellos,di
14251,3622,culminaré,future,yo,gelecek
14252,3622,culminarás,future,tú,gelecek
14253,3622,culminará,future,él/ella,gelecek
14254,3622,culminaremos,future,nosotros,gelecek
14255,3622,culminaréis,future,vosotros,gelecek
14256,3622,culminarán,future,ellos,gelecek
14257,3639,violo,present,yo,şimdi
14258,3639,violas,present,tú,şimdi
14259,3639,viola,present,él/ella,şimdi
14260,3639,violamos,present,nosotros,şimdi
14261,3639,violáis,present,vosotros,şimdi
14262,3639,violan,present,ellos,şimdi
14263,3639,violé,past,yo,di
14264,3639,violaste,past,tú,di
14265,3639,violó,past,él/ella,di
14266,3639,violamos,past,nosotros,di
14267,3639,violasteis,past,vosotros,di
14268,3639,violaron,past,ellos,di
14269,3639,violaré,future,yo,gelecek
14270,3639,violarás,future,tú,gelecek
14271,3639,violará,future,él/ella,gelecek
14272,3639,violaremos,future,nosotros,gelecek
14273,3639,violaréis,future,vosotros,gelecek
14274,3639,violarán,future,ellos,gelecek
14275,3641,protagonizo,present,yo,şimdi
14276,3641,protagonizas,present,tú,şimdi
14277,3641,protagoniza,present,él/ella,şimdi
14278,3641,protagonizamos,present,nosotros,şimdi
14279,3641,protagonizáis,present,vosotros,şimdi
14280,3641,protagonizan,present,ellos,şimdi
14281,3641,protagonicé,past,yo,di
14282,3641,protagonizaste,past,tú,di
14283,3641,protagonizó,past,él/ella,di
14284,3641,protagonizamos,past,nosotros,di
14285,3641,protagonizasteis,past,vosotros,di
14286,3641,protagonizaron,past,ellos,di
14287,3641,protagonizaré,future,yo,gelecek
14288,3641,protagonizarás,future,tú,gelecek
14289,3641,protagonizará,future,él/ella,gelecek
14290,3641,protagonizaremos,future,nosotros,gelecek
14291,3641,protagonizaréis,future,vosotros,gelecek
14292,3641,protagonizarán,future,ellos,gelecek
14293,3644,acentuo,present,yo,şimdi
14294,3644,acentuas,present,tú,şimdi
14295,3644,acentua,present,él/ella,şimdi
14296,3644,acentuamos,present,nosotros,şimdi
14297,3644,acentuáis,present,vosotros,şimdi
14298,3644,acentuan,present,ellos,şimdi
14299,3644,acentué,past,yo,di
14300,3644,acentuaste,past,tú,di
14301,3644,acentuó,past,él/ella,di
14302,3644,acentuamos,past,nosotros,di
14303,3644,acentuasteis,past,vosotros,di
14304,3644,acentuaron,past,ellos,di
14305,3644,acentuaré,future,yo,gelecek
14306,3644,acentuarás,future,tú,gelecek
14307,3644,acentuará,future,él/ella,gelecek
14308,3644,acentuaremos,future,nosotros,gelecek
14309,3644,acentuaréis,future,vosotros,gelecek
14310,3644,acentuarán,future,ellos,gelecek
14311,3647,rodo,present,yo,şimdi
14312,3647,rodas,present,tú,şimdi
14313,3647,roda,present,él/ella,şimdi
14314,3647,rodamos,present,nosotros,şimdi
14315,3647,rodáis,present,vosotros,şimdi
14316,3647,rodan,present,ellos,şimdi
14317,3647,rodé,past,yo,di
14318,3647,rodaste,past,tú,di
14319,3647,rodó,past,él/ella,di
14320,3647,rodamos,past,nosotros,di
14321,3647,rodasteis,past,vosotros,di
14322,3647,rodaron,past,ellos,di
14323,3647,rodaré,future,yo,gelecek
14324,3647,rodarás,future,tú,gelecek
14325,3647,rodará,future,él/ella,gelecek
14326,3647,rodaremos,future,nosotros,gelecek
14327,3647,rodaréis,future,vosotros,gelecek
14328,3647,rodarán,future,ellos,gelecek
14329,3651,temblo,present,yo,şimdi
14330,3651,temblas,present,tú,şimdi
14331,3651,tembla,present,él/ella,şimdi
14332,3651,temblamos,present,nosotros,şimdi
14333,3651,tembláis,present,vosotros,şimdi
14334,3651,temblan,present,ellos,şimdi
14335,3651,temblé,past,yo,di
14336,3651,temblaste,past,tú,di
14337,3651,tembló,past,él/ella,di
14338,3651,temblamos,past,nosotros,di
14339,3651,temblasteis,past,vosotros,di
14340,3651,temblaron,past,ellos,di
14341,3651,temblaré,future,yo,gelecek
14342,3651,temblarás,future,tú,gelecek
14343,3651,temblará,future,él/ella,gelecek
14344,3651,temblaremos,future,nosotros,gelecek
14345,3651,temblaréis,future,vosotros,gelecek
14346,3651,temblarán,future,ellos,gelecek
14347,3652,empeño,present,yo,şimdi
14348,3652,empeñas,present,tú,şimdi
14349,3652,empeña,present,él/ella,şimdi
14350,3652,empeñamos,present,nosotros,şimdi
14351,3652,empeñáis,present,vosotros,şimdi
14352,3652,empeñan,present,ellos,şimdi
14353,3652,empeñé,past,yo,di
14354,3652,empeñaste,past,tú,di
14355,3652,empeñó,past,él/ella,di
14356,3652,empeñamos,past,nosotros,di
14357,3652,empeñasteis,past,vosotros,di
14358,3652,empeñaron,past,ellos,di
14359,3652,empeñaré,future,yo,gelecek
14360,3652,empeñarás,future,tú,gelecek
14361,3652,empeñará,future,él/ella,gelecek
14362,3652,empeñaremos,future,nosotros,gelecek
14363,3652,empeñaréis,future,vosotros,gelecek
14364,3652,empeñarán,future,ellos,gelecek
14365,3662,presiono,present,yo,şimdi
14366,3662,presionas,present,tú,şimdi
14367,3662,presiona,present,él/ella,şimdi
14368,3662,presionamos,present,nosotros,şimdi
14369,3662,presionáis,present,vosotros,şimdi
14370,3662,presionan,present,ellos,şimdi
14371,3662,presioné,past,yo,di
14372,3662,presionaste,past,tú,di
14373,3662,presionó,past,él/ella,di
14374,3662,presionamos,past,nosotros,di
14375,3662,presionasteis,past,vosotros,di
14376,3662,presionaron,past,ellos,di
14377,3662,presionaré,future,yo,gelecek
14378,3662,presionarás,future,tú,gelecek
14379,3662,presionará,future,él/ella,gelecek
14380,3662,presionaremos,future,nosotros,gelecek
14381,3662,presionaréis,future,vosotros,gelecek
14382,3662,presionarán,future,ellos,gelecek
14383,3667,sembro,present,yo,şimdi
14384,3667,sembras,present,tú,şimdi
14385,3667,sembra,present,él/ella,şimdi
14386,3667,sembramos,present,nosotros,şimdi
14387,3667,sembráis,present,vosotros,şimdi
14388,3667,sembran,present,ellos,şimdi
14389,3667,sembré,past,yo,di
14390,3667,sembraste,past,tú,di
14391,3667,sembró,past,él/ella,di
14392,3667,sembramos,past,nosotros,di
14393,3667,sembrasteis,past,vosotros,di
14394,3667,sembraron,past,ellos,di
14395,3667,sembraré,future,yo,gelecek
14396,3667,sembrarás,future,tú,gelecek
14397,3667,sembrará,future,él/ella,gelecek
14398,3667,sembraremos,future,nosotros,gelecek
14399,3667,sembraréis,future,vosotros,gelecek
14400,3667,sembrarán,future,ellos,gelecek
14401,3669,comporto,present,yo,şimdi
14402,3669,comportas,present,tú,şimdi
14403,3669,comporta,present,él/ella,şimdi
14404,3669,comportamos,present,nosotros,şimdi
14405,3669,comportáis,present,vosotros,şimdi
14406,3669,comportan,present,ellos,şimdi
14407,3669,comporté,past,yo,di
14408,3669,comportaste,past,tú,di
14409,3669,comportó,past,él/ella,di
14410,3669,comportamos,past,nosotros,di
14411,3669,comportasteis,past,vosotros,di
14412,3669,comportaron,past,ellos,di
14413,3669,comportaré,future,yo,gelecek
14414,3669,comportarás,future,tú,gelecek
14415,3669,comportará,future,él/ella,gelecek
14416,3669,comportaremos,future,nosotros,gelecek
14417,3669,comportaréis,future,vosotros,gelecek
14418,3669,comportarán,future,ellos,gelecek
14419,3673,absorbo,present,yo,şimdi
14420,3673,absorbes,present,tú,şimdi
14421,3673,absorbe,present,él/ella,şimdi
14422,3673,absorbemos,present,nosotros,şimdi
14423,3673,absorbéis,present,vosotros,şimdi
14424,3673,absorben,present,ellos,şimdi
14425,3673,absorbí,past,yo,di
14426,3673,absorbiste,past,tú,di
14427,3673,absorbió,past,él/ella,di
14428,3673,absorbimos,past,nosotros,di
14429,3673,absorbisteis,past,vosotros,di
14430,3673,absorbieron,past,ellos,di
14431,3673,absorberé,future,yo,gelecek
14432,3673,absorberás,future,tú,gelecek
14433,3673,absorberá,future,él/ella,gelecek
14434,3673,absorberemos,future,nosotros,gelecek
14435,3673,absorberéis,future,vosotros,gelecek
14436,3673,absorberán,future,ellos,gelecek
14437,3675,aposto,present,yo,şimdi
14438,3675,apostas,present,tú,şimdi
14439,3675,aposta,present,él/ella,şimdi
14440,3675,apostamos,present,nosotros,şimdi
14441,3675,apostáis,present,vosotros,şimdi
14442,3675,apostan,present,ellos,şimdi
14443,3675,aposté,past,yo,di
14444,3675,apostaste,past,tú,di
14445,3675,apostó,past,él/ella,di
14446,3675,apostamos,past,nosotros,di
14447,3675,apostasteis,past,vosotros,di
14448,3675,apostaron,past,ellos,di
14449,3675,apostaré,future,yo,gelecek
14450,3675,apostarás,future,tú,gelecek
14451,3675,apostará,future,él/ella,gelecek
14452,3675,apostaremos,future,nosotros,gelecek
14453,3675,apostaréis,future,vosotros,gelecek
14454,3675,apostarán,future,ellos,gelecek
14455,3676,rezo,present,yo,şimdi
14456,3676,rezas,present,tú,şimdi
14457,3676,reza,present,él/ella,şimdi
14458,3676,rezamos,present,nosotros,şimdi
14459,3676,rezáis,present,vosotros,şimdi
14460,3676,rezan,present,ellos,şimdi
14461,3676,recé,past,yo,di
14462,3676,rezaste,past,tú,di
14463,3676,rezó,past,él/ella,di
14464,3676,rezamos,past,nosotros,di
14465,3676,rezasteis,past,vosotros,di
14466,3676,rezaron,past,ellos,di
14467,3676,rezaré,future,yo,gelecek
14468,3676,rezarás,future,tú,gelecek
14469,3676,rezará,future,él/ella,gelecek
14470,3676,rezaremos,future,nosotros,gelecek
14471,3676,rezaréis,future,vosotros,gelecek
14472,3676,rezarán,future,ellos,gelecek
14473,3679,vengo,present,yo,şimdi
14474,3679,vengas,present,tú,şimdi
14475,3679,venga,present,él/ella,şimdi
14476,3679,vengamos,present,nosotros,şimdi
14477,3679,vengáis,present,vosotros,şimdi
14478,3679,vengan,present,ellos,şimdi
14479,3679,vengué,past,yo,di
14480,3679,vengaste,past,tú,di
14481,3679,vengó,past,él/ella,di
14482,3679,vengamos,past,nosotros,di
14483,3679,vengasteis,past,vosotros,di
14484,3679,vengaron,past,ellos,di
14485,3679,vengaré,future,yo,gelecek
14486,3679,vengarás,future,tú,gelecek
14487,3679,vengará,future,él/ella,gelecek
14488,3679,vengaremos,future,nosotros,gelecek
14489,3679,vengaréis,future,vosotros,gelecek
14490,3679,vengarán,future,ellos,gelecek
14491,3681,disolvo,present,yo,şimdi
14492,3681,disolves,present,tú,şimdi
14493,3681,disolve,present,él/ella,şimdi
14494,3681,disolvemos,present,nosotros,şimdi
14495,3681,disolvéis,present,vosotros,şimdi
14496,3681,disolven,present,ellos,şimdi
14497,3681,disolví,past,yo,di
14498,3681,disolviste,past,tú,di
14499,3681,disolvió,past,él/ella,di
14500,3681,disolvimos,past,nosotros,di
14501,3681,disolvisteis,past,vosotros,di
14502,3681,disolvieron,past,ellos,di
14503,3681,disolveré,future,yo,gelecek
14504,3681,disolverás,future,tú,gelecek
14505,3681,disolverá,future,él/ella,gelecek
14506,3681,disolveremos,future,nosotros,gelecek
14507,3681,disolveréis,future,vosotros,gelecek
14508,3681,disolverán,future,ellos,gelecek
14509,3683,deduco,present,yo,şimdi
14510,3683,deduces,present,tú,şimdi
14511,3683,deduce,present,él/ella,şimdi
14512,3683,deducimos,present,nosotros,şimdi
14513,3683,deducís,present,vosotros,şimdi
14514,3683,deducen,present,ellos,şimdi
14515,3683,deducí,past,yo,di
14516,3683,deduciste,past,tú,di
14517,3683,dedució,past,él/ella,di
14518,3683,deducimos,past,nosotros,di
14519,3683,deducisteis,past,vosotros,di
14520,3683,deducieron,past,ellos,di
14521,3683,deduciré,future,yo,gelecek
14522,3683,deducirás,future,tú,gelecek
14523,3683,deducirá,future,él/ella,gelecek
14524,3683,deduciremos,future,nosotros,gelecek
14525,3683,deduciréis,future,vosotros,gelecek
14526,3683,deducirán,future,ellos,gelecek
14527,3684,relato,present,yo,şimdi
14528,3684,relatas,present,tú,şimdi
14529,3684,relata,present,él/ella,şimdi
14530,3684,relatamos,present,nosotros,şimdi
14531,3684,relatáis,present,vosotros,şimdi
14532,3684,relatan,present,ellos,şimdi
14533,3684,relaté,past,yo,di
14534,3684,relataste,past,tú,di
14535,3684,relató,past,él/ella,di
14536,3684,relatamos,past,nosotros,di
14537,3684,relatasteis,past,vosotros,di
14538,3684,relataron,past,ellos,di
14539,3684,relataré,future,yo,gelecek
14540,3684,relatarás,future,tú,gelecek
14541,3684,relatará,future,él/ella,gelecek
14542,3684,relataremos,future,nosotros,gelecek
14543,3684,relataréis,future,vosotros,gelecek
14544,3684,relatarán,future,ellos,gelecek
14545,3695,trazo,present,yo,şimdi
14546,3695,trazas,present,tú,şimdi
14547,3695,traza,present,él/ella,şimdi
14548,3695,trazamos,present,nosotros,şimdi
14549,3695,trazáis,present,vosotros,şimdi
14550,3695,trazan,present,ellos,şimdi
14551,3695,tracé,past,yo,di
14552,3695,trazaste,past,tú,di
14553,3695,trazó,past,él/ella,di
14554,3695,trazamos,past,nosotros,di
14555,3695,trazasteis,past,vosotros,di
14556,3695,trazaron,past,ellos,di
14557,3695,trazaré,future,yo,gelecek
14558,3695,trazarás,future,tú,gelecek
14559,3695,trazará,future,él/ella,gelecek
14560,3695,trazaremos,future,nosotros,gelecek
14561,3695,trazaréis,future,vosotros,gelecek
14562,3695,trazarán,future,ellos,gelecek
14563,3700,adivino,present,yo,şimdi
14564,3700,adivinas,present,tú,şimdi
14565,3700,adivina,present,él/ella,şimdi
14566,3700,adivinamos,present,nosotros,şimdi
14567,3700,adivináis,present,vosotros,şimdi
14568,3700,adivinan,present,ellos,şimdi
14569,3700,adiviné,past,yo,di
14570,3700,adivinaste,past,tú,di
14571,3700,adivinó,past,él/ella,di
14572,3700,adivinamos,past,nosotros,di
14573,3700,adivinasteis,past,vosotros,di
14574,3700,adivinaron,past,ellos,di
14575,3700,adivinaré,future,yo,gelecek
14576,3700,adivinarás,future,tú,gelecek
14577,3700,adivinará,future,él/ella,gelecek
14578,3700,adivinaremos,future,nosotros,gelecek
14579,3700,adivinaréis,future,vosotros,gelecek
14580,3700,adivinarán,future,ellos,gelecek
14581,3705,exclamo,present,yo,şimdi
14582,3705,exclamas,present,tú,şimdi
14583,3705,exclama,present,él/ella,şimdi
14584,3705,exclamamos,present,nosotros,şimdi
14585,3705,exclamáis,present,vosotros,şimdi
14586,3705,exclaman,present,ellos,şimdi
14587,3705,exclamé,past,yo,di
14588,3705,exclamaste,past,tú,di
14589,3705,exclamó,past,él/ella,di
14590,3705,exclamamos,past,nosotros,di
14591,3705,exclamasteis,past,vosotros,di
14592,3705,exclamaron,past,ellos,di
14593,3705,exclamaré,future,yo,gelecek
14594,3705,exclamarás,future,tú,gelecek
14595,3705,exclamará,future,él/ella,gelecek
14596,3705,exclamaremos,future,nosotros,gelecek
14597,3705,exclamaréis,future,vosotros,gelecek
14598,3705,exclamarán,future,ellos,gelecek
14599,3730,sacudo,present,yo,şimdi
14600,3730,sacudes,present,tú,şimdi
14601,3730,sacude,present,él/ella,şimdi
14602,3730,sacudimos,present,nosotros,şimdi
14603,3730,sacudís,present,vosotros,şimdi
14604,3730,sacuden,present,ellos,şimdi
14605,3730,sacudí,past,yo,di
14606,3730,sacudiste,past,tú,di
14607,3730,sacudió,past,él/ella,di
14608,3730,sacudimos,past,nosotros,di
14609,3730,sacudisteis,past,vosotros,di
14610,3730,sacudieron,past,ellos,di
14611,3730,sacudiré,future,yo,gelecek
14612,3730,sacudirás,future,tú,gelecek
14613,3730,sacudirá,future,él/ella,gelecek
14614,3730,sacudiremos,future,nosotros,gelecek
14615,3730,sacudiréis,future,vosotros,gelecek
14616,3730,sacudirán,future,ellos,gelecek
14617,3733,suscito,present,yo,şimdi
14618,3733,suscitas,present,tú,şimdi
14619,3733,suscita,present,él/ella,şimdi
14620,3733,suscitamos,present,nosotros,şimdi
14621,3733,suscitáis,present,vosotros,şimdi
14622,3733,suscitan,present,ellos,şimdi
14623,3733,suscité,past,yo,di
14624,3733,suscitaste,past,tú,di
14625,3733,suscitó,past,él/ella,di
14626,3733,suscitamos,past,nosotros,di
14627,3733,suscitasteis,past,vosotros,di
14628,3733,suscitaron,past,ellos,di
14629,3733,suscitaré,future,yo,gelecek
14630,3733,suscitarás,future,tú,gelecek
14631,3733,suscitará,future,él/ella,gelecek
14632,3733,suscitaremos,future,nosotros,gelecek
14633,3733,suscitaréis,future,vosotros,gelecek
14634,3733,suscitarán,future,ellos,gelecek
14635,3754,demando,present,yo,şimdi
14636,3754,demandas,present,tú,şimdi
14637,3754,demanda,present,él/ella,şimdi
14638,3754,demandamos,present,nosotros,şimdi
14639,3754,demandáis,present,vosotros,şimdi
14640,3754,demandan,present,ellos,şimdi
14641,3754,demandé,past,yo,di
14642,3754,demandaste,past,tú,di
14643,3754,demandó,past,él/ella,di
14644,3754,demandamos,past,nosotros,di
14645,3754,demandasteis,past,vosotros,di
14646,3754,demandaron,past,ellos,di
14647,3754,demandaré,future,yo,gelecek
14648,3754,demandarás,future,tú,gelecek
14649,3754,demandará,future,él/ella,gelecek
14650,3754,demandaremos,future,nosotros,gelecek
14651,3754,demandaréis,future,vosotros,gelecek
14652,3754,demandarán,future,ellos,gelecek
14653,3763,programo,present,yo,şimdi
14654,3763,programas,present,tú,şimdi
14655,3763,programa,present,él/ella,şimdi
14656,3763,programamos,present,nosotros,şimdi
14657,3763,programáis,present,vosotros,şimdi
14658,3763,programan,present,ellos,şimdi
14659,3763,programé,past,yo,di
14660,3763,programaste,past,tú,di
14661,3763,programó,past,él/ella,di
14662,3763,programamos,past,nosotros,di
14663,3763,programasteis,past,vosotros,di
14664,3763,programaron,past,ellos,di
14665,3763,programaré,future,yo,gelecek
14666,3763,programarás,future,tú,gelecek
14667,3763,programará,future,él/ella,gelecek
14668,3763,programaremos,future,nosotros,gelecek
14669,3763,programaréis,future,vosotros,gelecek
14670,3763,programarán,future,ellos,gelecek
14671,3765,edito,present,yo,şimdi
14672,3765,editas,present,tú,şimdi
14673,3765,edita,present,él/ella,şimdi
14674,3765,editamos,present,nosotros,şimdi
14675,3765,editáis,present,vosotros,şimdi
14676,3765,editan,present,ellos,şimdi
14677,3765,edité,past,yo,di
14678,3765,editaste,past,tú,di
14679,3765,editó,past,él/ella,di
14680,3765,editamos,past,nosotros,di
14681,3765,editasteis,past,vosotros,di
14682,3765,editaron,past,ellos,di
14683,3765,editaré,future,yo,gelecek
14684,3765,editarás,future,tú,gelecek
14685,3765,editará,future,él/ella,gelecek
14686,3765,editaremos,future,nosotros,gelecek
14687,3765,editaréis,future,vosotros,gelecek
14688,3765,editarán,future,ellos,gelecek
14689,3768,rescato,present,yo,şimdi
14690,3768,rescatas,present,tú,şimdi
14691,3768,rescata,present,él/ella,şimdi
14692,3768,rescatamos,present,nosotros,şimdi
14693,3768,rescatáis,present,vosotros,şimdi
14694,3768,rescatan,present,ellos,şimdi
14695,3768,rescaté,past,yo,di
14696,3768,rescataste,past,tú,di
14697,3768,rescató,past,él/ella,di
14698,3768,rescatamos,past,nosotros,di
14699,3768,rescatasteis,past,vosotros,di
14700,3768,rescataron,past,ellos,di
14701,3768,rescataré,future,yo,gelecek
14702,3768,rescatarás,future,tú,gelecek
14703,3768,rescatará,future,él/ella,gelecek
14704,3768,rescataremos,future,nosotros,gelecek
14705,3768,rescataréis,future,vosotros,gelecek
14706,3768,rescatarán,future,ellos,gelecek
14707,3770,fortaleco,present,yo,şimdi
14708,3770,fortaleces,present,tú,şimdi
14709,3770,fortalece,present,él/ella,şimdi
14710,3770,fortalecemos,present,nosotros,şimdi
14711,3770,fortalecéis,present,vosotros,şimdi
14712,3770,fortalecen,present,ellos,şimdi
14713,3770,fortalecí,past,yo,di
14714,3770,fortaleciste,past,tú,di
14715,3770,fortaleció,past,él/ella,di
14716,3770,fortalecimos,past,nosotros,di
14717,3770,fortalecisteis,past,vosotros,di
14718,3770,fortalecieron,past,ellos,di
14719,3770,fortaleceré,future,yo,gelecek
14720,3770,fortalecerás,future,tú,gelecek
14721,3770,fortalecerá,future,él/ella,gelecek
14722,3770,fortaleceremos,future,nosotros,gelecek
14723,3770,fortaleceréis,future,vosotros,gelecek
14724,3770,fortalecerán,future,ellos,gelecek
14725,3777,preveno,present,yo,şimdi
14726,3777,prevenes,present,tú,şimdi
14727,3777,prevene,present,él/ella,şimdi
14728,3777,prevenimos,present,nosotros,şimdi
14729,3777,prevenís,present,vosotros,şimdi
14730,3777,prevenen,present,ellos,şimdi
14731,3777,prevení,past,yo,di
14732,3777,preveniste,past,tú,di
14733,3777,prevenió,past,él/ella,di
14734,3777,prevenimos,past,nosotros,di
14735,3777,prevenisteis,past,vosotros,di
14736,3777,prevenieron,past,ellos,di
14737,3777,preveniré,future,yo,gelecek
14738,3777,prevenirás,future,tú,gelecek
14739,3777,prevenirá,future,él/ella,gelecek
14740,3777,preveniremos,future,nosotros,gelecek
14741,3777,preveniréis,future,vosotros,gelecek
14742,3777,prevenirán,future,ellos,gelecek
14743,3782,peleo,present,yo,şimdi
14744,3782,peleas,present,tú,şimdi
14745,3782,pelea,present,él/ella,şimdi
14746,3782,peleamos,present,nosotros,şimdi
14747,3782,peleáis,present,vosotros,şimdi
14748,3782,pelean,present,ellos,şimdi
14749,3782,peleé,past,yo,di
14750,3782,peleaste,past,tú,di
14751,3782,peleó,past,él/ella,di
14752,3782,peleamos,past,nosotros,di
14753,3782,peleasteis,past,vosotros,di
14754,3782,pelearon,past,ellos,di
14755,3782,pelearé,future,yo,gelecek
14756,3782,pelearás,future,tú,gelecek
14757,3782,peleará,future,él/ella,gelecek
14758,3782,pelearemos,future,nosotros,gelecek
14759,3782,pelearéis,future,vosotros,gelecek
14760,3782,pelearán,future,ellos,gelecek
14761,3783,clavo,present,yo,şimdi
14762,3783,clavas,present,tú,şimdi
14763,3783,clava,present,él/ella,şimdi
14764,3783,clavamos,present,nosotros,şimdi
14765,3783,claváis,present,vosotros,şimdi
14766,3783,clavan,present,ellos,şimdi
14767,3783,clavé,past,yo,di
14768,3783,clavaste,past,tú,di
14769,3783,clavó,past,él/ella,di
14770,3783,clavamos,past,nosotros,di
14771,3783,clavasteis,past,vosotros,di
14772,3783,clavaron,past,ellos,di
14773,3783,clavaré,future,yo,gelecek
14774,3783,clavarás,future,tú,gelecek
14775,3783,clavará,future,él/ella,gelecek
14776,3783,clavaremos,future,nosotros,gelecek
14777,3783,clavaréis,future,vosotros,gelecek
14778,3783,clavarán,future,ellos,gelecek
14779,3784,deshaco,present,yo,şimdi
14780,3784,deshaces,present,tú,şimdi
14781,3784,deshace,present,él/ella,şimdi
14782,3784,deshacemos,present,nosotros,şimdi
14783,3784,deshacéis,present,vosotros,şimdi
14784,3784,deshacen,present,ellos,şimdi
14785,3784,deshací,past,yo,di
14786,3784,deshaciste,past,tú,di
14787,3784,deshació,past,él/ella,di
14788,3784,deshacimos,past,nosotros,di
14789,3784,deshacisteis,past,vosotros,di
14790,3784,deshacieron,past,ellos,di
14791,3784,deshaceré,future,yo,gelecek
14792,3784,deshacerás,future,tú,gelecek
14793,3784,deshacerá,future,él/ella,gelecek
14794,3784,deshaceremos,future,nosotros,gelecek
14795,3784,deshaceréis,future,vosotros,gelecek
14796,3784,deshacerán,future,ellos,gelecek
14797,3789,radico,present,yo,şimdi
14798,3789,radicas,present,tú,şimdi
14799,3789,radica,present,él/ella,şimdi
14800,3789,radicamos,present,nosotros,şimdi
14801,3789,radicáis,present,vosotros,şimdi
14802,3789,radican,present,ellos,şimdi
14803,3789,radiqué,past,yo,di
14804,3789,radicaste,past,tú,di
14805,3789,radicó,past,él/ella,di
14806,3789,radicamos,past,nosotros,di
14807,3789,radicasteis,past,vosotros,di
14808,3789,radicaron,past,ellos,di
14809,3789,radicaré,future,yo,gelecek
14810,3789,radicarás,future,tú,gelecek
14811,3789,radicará,future,él/ella,gelecek
14812,3789,radicaremos,future,nosotros,gelecek
14813,3789,radicaréis,future,vosotros,gelecek
14814,3789,radicarán,future,ellos,gelecek
14815,3792,resto,present,yo,şimdi
14816,3792,restas,present,tú,şimdi
14817,3792,resta,present,él/ella,şimdi
14818,3792,restamos,present,nosotros,şimdi
14819,3792,restáis,present,vosotros,şimdi
14820,3792,restan,present,ellos,şimdi
14821,3792,resté,past,yo,di
14822,3792,restaste,past,tú,di
14823,3792,restó,past,él/ella,di
14824,3792,restamos,past,nosotros,di
14825,3792,restasteis,past,vosotros,di
14826,3792,restaron,past,ellos,di
14827,3792,restaré,future,yo,gelecek
14828,3792,restarás,future,tú,gelecek
14829,3792,restará,future,él/ella,gelecek
14830,3792,restaremos,future,nosotros,gelecek
14831,3792,restaréis,future,vosotros,gelecek
14832,3792,restarán,future,ellos,gelecek
14833,3806,configuro,present,yo,şimdi
14834,3806,configuras,present,tú,şimdi
14835,3806,configura,present,él/ella,şimdi
14836,3806,configuramos,present,nosotros,şimdi
14837,3806,configuráis,present,vosotros,şimdi
14838,3806,configuran,present,ellos,şimdi
14839,3806,configuré,past,yo,di
14840,3806,configuraste,past,tú,di
14841,3806,configuró,past,él/ella,di
14842,3806,configuramos,past,nosotros,di
14843,3806,configurasteis,past,vosotros,di
14844,3806,configuraron,past,ellos,di
14845,3806,configuraré,future,yo,gelecek
14846,3806,configurarás,future,tú,gelecek
14847,3806,configurará,future,él/ella,gelecek
14848,3806,configuraremos,future,nosotros,gelecek
14849,3806,configuraréis,future,vosotros,gelecek
14850,3806,configurarán,future,ellos,gelecek
14851,3810,fracaso,present,yo,şimdi
14852,3810,fracasas,present,tú,şimdi
14853,3810,fracasa,present,él/ella,şimdi
14854,3810,fracasamos,present,nosotros,şimdi
14855,3810,fracasáis,present,vosotros,şimdi
14856,3810,fracasan,present,ellos,şimdi
14857,3810,fracasé,past,yo,di
14858,3810,fracasaste,past,tú,di
14859,3810,fracasó,past,él/ella,di
14860,3810,fracasamos,past,nosotros,di
14861,3810,fracasasteis,past,vosotros,di
14862,3810,fracasaron,past,ellos,di
14863,3810,fracasaré,future,yo,gelecek
14864,3810,fracasarás,future,tú,gelecek
14865,3810,fracasará,future,él/ella,gelecek
14866,3810,fracasaremos,future,nosotros,gelecek
14867,3810,fracasaréis,future,vosotros,gelecek
14868,3810,fracasarán,future,ellos,gelecek
14869,3817,proveo,present,yo,şimdi
14870,3817,provees,present,tú,şimdi
14871,3817,provee,present,él/ella,şimdi
14872,3817,proveemos,present,nosotros,şimdi
14873,3817,proveéis,present,vosotros,şimdi
14874,3817,proveen,present,ellos,şimdi
14875,3817,proveí,past,yo,di
14876,3817,proveiste,past,tú,di
14877,3817,proveió,past,él/ella,di
14878,3817,proveimos,past,nosotros,di
14879,3817,proveisteis,past,vosotros,di
14880,3817,proveieron,past,ellos,di
14881,3817,proveeré,future,yo,gelecek
14882,3817,proveerás,future,tú,gelecek
14883,3817,proveerá,future,él/ella,gelecek
14884,3817,proveeremos,future,nosotros,gelecek
14885,3817,proveeréis,future,vosotros,gelecek
14886,3817,proveerán,future,ellos,gelecek
14887,3842,seco,present,yo,şimdi
14888,3842,secas,present,tú,şimdi
14889,3842,seca,present,él/ella,şimdi
14890,3842,secamos,present,nosotros,şimdi
14891,3842,secáis,present,vosotros,şimdi
14892,3842,secan,present,ellos,şimdi
14893,3842,sequé,past,yo,di
14894,3842,secaste,past,tú,di
14895,3842,secó,past,él/ella,di
14896,3842,secamos,past,nosotros,di
14897,3842,secasteis,past,vosotros,di
14898,3842,secaron,past,ellos,di
14899,3842,secaré,future,yo,gelecek
14900,3842,secarás,future,tú,gelecek
14901,3842,secará,future,él/ella,gelecek
14902,3842,secaremos,future,nosotros,gelecek
14903,3842,secaréis,future,vosotros,gelecek
14904,3842,secarán,future,ellos,gelecek
14905,3843,reparo,present,yo,şimdi
14906,3843,reparas,present,tú,şimdi
14907,3843,repara,present,él/ella,şimdi
14908,3843,reparamos,present,nosotros,şimdi
14909,3843,reparáis,present,vosotros,şimdi
14910,3843,reparan,present,ellos,şimdi
14911,3843,reparé,past,yo,di
14912,3843,reparaste,past,tú,di
14913,3843,reparó,past,él/ella,di
14914,3843,reparamos,past,nosotros,di
14915,3843,reparasteis,past,vosotros,di
14916,3843,repararon,past,ellos,di
14917,3843,repararé,future,yo,gelecek
14918,3843,repararás,future,tú,gelecek
14919,3843,reparará,future,él/ella,gelecek
14920,3843,repararemos,future,nosotros,gelecek
14921,3843,repararéis,future,vosotros,gelecek
14922,3843,repararán,future,ellos,gelecek
14923,3865,brillo,present,yo,şimdi
14924,3865,brillas,present,tú,şimdi
14925,3865,brilla,present,él/ella,şimdi
14926,3865,brillamos,present,nosotros,şimdi
14927,3865,brilláis,present,vosotros,şimdi
14928,3865,brillan,present,ellos,şimdi
14929,3865,brillé,past,yo,di
14930,3865,brillaste,past,tú,di
14931,3865,brilló,past,él/ella,di
14932,3865,brillamos,past,nosotros,di
14933,3865,brillasteis,past,vosotros,di
14934,3865,brillaron,past,ellos,di
14935,3865,brillaré,future,yo,gelecek
14936,3865,brillarás,future,tú,gelecek
14937,3865,brillará,future,él/ella,gelecek
14938,3865,brillaremos,future,nosotros,gelecek
14939,3865,brillaréis,future,vosotros,gelecek
14940,3865,brillarán,future,ellos,gelecek
14941,3866,argumento,present,yo,şimdi
14942,3866,argumentas,present,tú,şimdi
14943,3866,argumenta,present,él/ella,şimdi
14944,3866,argumentamos,present,nosotros,şimdi
14945,3866,argumentáis,present,vosotros,şimdi
14946,3866,argumentan,present,ellos,şimdi
14947,3866,argumenté,past,yo,di
14948,3866,argumentaste,past,tú,di
14949,3866,argumentó,past,él/ella,di
14950,3866,argumentamos,past,nosotros,di
14951,3866,argumentasteis,past,vosotros,di
14952,3866,argumentaron,past,ellos,di
14953,3866,argumentaré,future,yo,gelecek
14954,3866,argumentarás,future,tú,gelecek
14955,3866,argumentará,future,él/ella,gelecek
14956,3866,argumentaremos,future,nosotros,gelecek
14957,3866,argumentaréis,future,vosotros,gelecek
14958,3866,argumentarán,future,ellos,gelecek
14959,3870,triunfo,present,yo,şimdi
14960,3870,triunfas,present,tú,şimdi
14961,3870,triunfa,present,él/ella,şimdi
14962,3870,triunfamos,present,nosotros,şimdi
14963,3870,triunfáis,present,vosotros,şimdi
14964,3870,triunfan,present,ellos,şimdi
14965,3870,triunfé,past,yo,di
14966,3870,triunfaste,past,tú,di
14967,3870,triunfó,past,él/ella,di
14968,3870,triunfamos,past,nosotros,di
14969,3870,triunfasteis,past,vosotros,di
14970,3870,triunfaron,past,ellos,di
14971,3870,triunfaré,future,yo,gelecek
14972,3870,triunfarás,future,tú,gelecek
14973,3870,triunfará,future,él/ella,gelecek
14974,3870,triunfaremos,future,nosotros,gelecek
14975,3870,triunfaréis,future,vosotros,gelecek
14976,3870,triunfarán,future,ellos,gelecek
14977,3873,disimulo,present,yo,şimdi
14978,3873,disimulas,present,tú,şimdi
14979,3873,disimula,present,él/ella,şimdi
14980,3873,disimulamos,present,nosotros,şimdi
14981,3873,disimuláis,present,vosotros,şimdi
14982,3873,disimulan,present,ellos,şimdi
14983,3873,disimulé,past,yo,di
14984,3873,disimulaste,past,tú,di
14985,3873,disimuló,past,él/ella,di
14986,3873,disimulamos,past,nosotros,di
14987,3873,disimulasteis,past,vosotros,di
14988,3873,disimularon,past,ellos,di
14989,3873,disimularé,future,yo,gelecek
14990,3873,disimularás,future,tú,gelecek
14991,3873,disimulará,future,él/ella,gelecek
14992,3873,disimularemos,future,nosotros,gelecek
14993,3873,disimularéis,future,vosotros,gelecek
14994,3873,disimularán,future,ellos,gelecek
14995,3880,guio,present,yo,şimdi
14996,3880,guias,present,tú,şimdi
14997,3880,guia,present,él/ella,şimdi
14998,3880,guiamos,present,nosotros,şimdi
14999,3880,guiáis,present,vosotros,şimdi
15000,3880,guian,present,ellos,şimdi
15001,3880,guié,past,yo,di
15002,3880,guiaste,past,tú,di
15003,3880,guió,past,él/ella,di
15004,3880,guiamos,past,nosotros,di
15005,3880,guiasteis,past,vosotros,di
15006,3880,guiaron,past,ellos,di
15007,3880,guiaré,future,yo,gelecek
15008,3880,guiarás,future,tú,gelecek
15009,3880,guiará,future,él/ella,gelecek
15010,3880,guiaremos,future,nosotros,gelecek
15011,3880,guiaréis,future,vosotros,gelecek
15012,3880,guiarán,future,ellos,gelecek
15013,3882,imito,present,yo,şimdi
15014,3882,imitas,present,tú,şimdi
15015,3882,imita,present,él/ella,şimdi
15016,3882,imitamos,present,nosotros,şimdi
15017,3882,imitáis,present,vosotros,şimdi
15018,3882,imitan,present,ellos,şimdi
15019,3882,imité,past,yo,di
15020,3882,imitaste,past,tú,di
15021,3882,imitó,past,él/ella,di
15022,3882,imitamos,past,nosotros,di
15023,3882,imitasteis,past,vosotros,di
15024,3882,imitaron,past,ellos,di
15025,3882,imitaré,future,yo,gelecek
15026,3882,imitarás,future,tú,gelecek
15027,3882,imitará,future,él/ella,gelecek
15028,3882,imitaremos,future,nosotros,gelecek
15029,3882,imitaréis,future,vosotros,gelecek
15030,3882,imitarán,future,ellos,gelecek
15031,3887,acelero,present,yo,şimdi
15032,3887,aceleras,present,tú,şimdi
15033,3887,acelera,present,él/ella,şimdi
15034,3887,aceleramos,present,nosotros,şimdi
15035,3887,aceleráis,present,vosotros,şimdi
15036,3887,aceleran,present,ellos,şimdi
15037,3887,aceleré,past,yo,di
15038,3887,aceleraste,past,tú,di
15039,3887,aceleró,past,él/ella,di
15040,3887,aceleramos,past,nosotros,di
15041,3887,acelerasteis,past,vosotros,di
15042,3887,aceleraron,past,ellos,di
15043,3887,aceleraré,future,yo,gelecek
15044,3887,acelerarás,future,tú,gelecek
15045,3887,acelerará,future,él/ella,gelecek
15046,3887,aceleraremos,future,nosotros,gelecek
15047,3887,aceleraréis,future,vosotros,gelecek
15048,3887,acelerarán,future,ellos,gelecek
15049,3891,paralizo,present,yo,şimdi
15050,3891,paralizas,present,tú,şimdi
15051,3891,paraliza,present,él/ella,şimdi
15052,3891,paralizamos,present,nosotros,şimdi
15053,3891,paralizáis,present,vosotros,şimdi
15054,3891,paralizan,present,ellos,şimdi
15055,3891,paralicé,past,yo,di
15056,3891,paralizaste,past,tú,di
15057,3891,paralizó,past,él/ella,di
15058,3891,paralizamos,past,nosotros,di
15059,3891,paralizasteis,past,vosotros,di
15060,3891,paralizaron,past,ellos,di
15061,3891,paralizaré,future,yo,gelecek
15062,3891,paralizarás,future,tú,gelecek
15063,3891,paralizará,future,él/ella,gelecek
15064,3891,paralizaremos,future,nosotros,gelecek
15065,3891,paralizaréis,future,vosotros,gelecek
15066,3891,paralizarán,future,ellos,gelecek
15067,3898,piso,present,yo,şimdi
15068,3898,pisas,present,tú,şimdi
15069,3898,pisa,present,él/ella,şimdi
15070,3898,pisamos,present,nosotros,şimdi
15071,3898,pisáis,present,vosotros,şimdi
15072,3898,pisan,present,ellos,şimdi
15073,3898,pisé,past,yo,di
15074,3898,pisaste,past,tú,di
15075,3898,pisó,past,él/ella,di
15076,3898,pisamos,past,nosotros,di
15077,3898,pisasteis,past,vosotros,di
15078,3898,pisaron,past,ellos,di
15079,3898,pisaré,future,yo,gelecek
15080,3898,pisarás,future,tú,gelecek
15081,3898,pisará,future,él/ella,gelecek
15082,3898,pisaremos,future,nosotros,gelecek
15083,3898,pisaréis,future,vosotros,gelecek
15084,3898,pisarán,future,ellos,gelecek
15085,3901,secuestro,present,yo,şimdi
15086,3901,secuestras,present,tú,şimdi
15087,3901,secuestra,present,él/ella,şimdi
15088,3901,secuestramos,present,nosotros,şimdi
15089,3901,secuestráis,present,vosotros,şimdi
15090,3901,secuestran,present,ellos,şimdi
15091,3901,secuestré,past,yo,di
15092,3901,secuestraste,past,tú,di
15093,3901,secuestró,past,él/ella,di
15094,3901,secuestramos,past,nosotros,di
15095,3901,secuestrasteis,past,vosotros,di
15096,3901,secuestraron,past,ellos,di
15097,3901,secuestraré,future,yo,gelecek
15098,3901,secuestrarás,future,tú,gelecek
15099,3901,secuestrará,future,él/ella,gelecek
15100,3901,secuestraremos,future,nosotros,gelecek
15101,3901,secuestraréis,future,vosotros,gelecek
15102,3901,secuestrarán,future,ellos,gelecek
15103,3902,perjudico,present,yo,şimdi
15104,3902,perjudicas,present,tú,şimdi
15105,3902,perjudica,present,él/ella,şimdi
15106,3902,perjudicamos,present,nosotros,şimdi
15107,3902,perjudicáis,present,vosotros,şimdi
15108,3902,perjudican,present,ellos,şimdi
15109,3902,perjudiqué,past,yo,di
15110,3902,perjudicaste,past,tú,di
15111,3902,perjudicó,past,él/ella,di
15112,3902,perjudicamos,past,nosotros,di
15113,3902,perjudicasteis,past,vosotros,di
15114,3902,perjudicaron,past,ellos,di
15115,3902,perjudicaré,future,yo,gelecek
15116,3902,perjudicarás,future,tú,gelecek
15117,3902,perjudicará,future,él/ella,gelecek
15118,3902,perjudicaremos,future,nosotros,gelecek
15119,3902,perjudicaréis,future,vosotros,gelecek
15120,3902,perjudicarán,future,ellos,gelecek
15121,3909,contrao,present,yo,şimdi
15122,3909,contraes,present,tú,şimdi
15123,3909,contrae,present,él/ella,şimdi
15124,3909,contraemos,present,nosotros,şimdi
15125,3909,contraéis,present,vosotros,şimdi
15126,3909,contraen,present,ellos,şimdi
15127,3909,contraí,past,yo,di
15128,3909,contraiste,past,tú,di
15129,3909,contraió,past,él/ella,di
15130,3909,contraimos,past,nosotros,di
15131,3909,contraisteis,past,vosotros,di
15132,3909,contraieron,past,ellos,di
15133,3909,contraeré,future,yo,gelecek
15134,3909,contraerás,future,tú,gelecek
15135,3909,contraerá,future,él/ella,gelecek
15136,3909,contraeremos,future,nosotros,gelecek
15137,3909,contraeréis,future,vosotros,gelecek
15138,3909,contraerán,future,ellos,gelecek
15139,3915,acomodo,present,yo,şimdi
15140,3915,acomodas,present,tú,şimdi
15141,3915,acomoda,present,él/ella,şimdi
15142,3915,acomodamos,present,nosotros,şimdi
15143,3915,acomodáis,present,vosotros,şimdi
15144,3915,acomodan,present,ellos,şimdi
15145,3915,acomodé,past,yo,di
15146,3915,acomodaste,past,tú,di
15147,3915,acomodó,past,él/ella,di
15148,3915,acomodamos,past,nosotros,di
15149,3915,acomodasteis,past,vosotros,di
15150,3915,acomodaron,past,ellos,di
15151,3915,acomodaré,future,yo,gelecek
15152,3915,acomodarás,future,tú,gelecek
15153,3915,acomodará,future,él/ella,gelecek
15154,3915,acomodaremos,future,nosotros,gelecek
15155,3915,acomodaréis,future,vosotros,gelecek
15156,3915,acomodarán,future,ellos,gelecek
15157,3929,prendo,present,yo,şimdi
15158,3929,prendes,present,tú,şimdi
15159,3929,prende,present,él/ella,şimdi
15160,3929,prendemos,present,nosotros,şimdi
15161,3929,prendéis,present,vosotros,şimdi
15162,3929,prenden,present,ellos,şimdi
15163,3929,prendí,past,yo,di
15164,3929,prendiste,past,tú,di
15165,3929,prendió,past,él/ella,di
15166,3929,prendimos,past,nosotros,di
15167,3929,prendisteis,past,vosotros,di
15168,3929,prendieron,past,ellos,di
15169,3929,prenderé,future,yo,gelecek
15170,3929,prenderás,future,tú,gelecek
15171,3929,prenderá,future,él/ella,gelecek
15172,3929,prenderemos,future,nosotros,gelecek
15173,3929,prenderéis,future,vosotros,gelecek
15174,3929,prenderán,future,ellos,gelecek
15175,3932,desvio,present,yo,şimdi
15176,3932,desvias,present,tú,şimdi
15177,3932,desvia,present,él/ella,şimdi
15178,3932,desviamos,present,nosotros,şimdi
15179,3932,desviáis,present,vosotros,şimdi
15180,3932,desvian,present,ellos,şimdi
15181,3932,desvié,past,yo,di
15182,3932,desviaste,past,tú,di
15183,3932,desvió,past,él/ella,di
15184,3932,desviamos,past,nosotros,di
15185,3932,desviasteis,past,vosotros,di
15186,3932,desviaron,past,ellos,di
15187,3932,desviaré,future,yo,gelecek
15188,3932,desviarás,future,tú,gelecek
15189,3932,desviará,future,él/ella,gelecek
15190,3932,desviaremos,future,nosotros,gelecek
15191,3932,desviaréis,future,vosotros,gelecek
15192,3932,desviarán,future,ellos,gelecek
15193,3933,trago,present,yo,şimdi
15194,3933,tragas,present,tú,şimdi
15195,3933,traga,present,él/ella,şimdi
15196,3933,tragamos,present,nosotros,şimdi
15197,3933,tragáis,present,vosotros,şimdi
15198,3933,tragan,present,ellos,şimdi
15199,3933,tragué,past,yo,di
15200,3933,tragaste,past,tú,di
15201,3933,tragó,past,él/ella,di
15202,3933,tragamos,past,nosotros,di
15203,3933,tragasteis,past,vosotros,di
15204,3933,tragaron,past,ellos,di
15205,3933,tragaré,future,yo,gelecek
15206,3933,tragarás,future,tú,gelecek
15207,3933,tragará,future,él/ella,gelecek
15208,3933,tragaremos,future,nosotros,gelecek
15209,3933,tragaréis,future,vosotros,gelecek
15210,3933,tragarán,future,ellos,gelecek
15211,3938,encamino,present,yo,şimdi
15212,3938,encaminas,present,tú,şimdi
15213,3938,encamina,present,él/ella,şimdi
15214,3938,encaminamos,present,nosotros,şimdi
15215,3938,encamináis,present,vosotros,şimdi
15216,3938,encaminan,present,ellos,şimdi
15217,3938,encaminé,past,yo,di
15218,3938,encaminaste,past,tú,di
15219,3938,encaminó,past,él/ella,di
15220,3938,encaminamos,past,nosotros,di
15221,3938,encaminasteis,past,vosotros,di
15222,3938,encaminaron,past,ellos,di
15223,3938,encaminaré,future,yo,gelecek
15224,3938,encaminarás,future,tú,gelecek
15225,3938,encaminará,future,él/ella,gelecek
15226,3938,encaminaremos,future,nosotros,gelecek
15227,3938,encaminaréis,future,vosotros,gelecek
15228,3938,encaminarán,future,ellos,gelecek
15229,3941,desplego,present,yo,şimdi
15230,3941,desplegas,present,tú,şimdi
15231,3941,desplega,present,él/ella,şimdi
15232,3941,desplegamos,present,nosotros,şimdi
15233,3941,desplegáis,present,vosotros,şimdi
15234,3941,desplegan,present,ellos,şimdi
15235,3941,desplegué,past,yo,di
15236,3941,desplegaste,past,tú,di
15237,3941,desplegó,past,él/ella,di
15238,3941,desplegamos,past,nosotros,di
15239,3941,desplegasteis,past,vosotros,di
15240,3941,desplegaron,past,ellos,di
15241,3941,desplegaré,future,yo,gelecek
15242,3941,desplegarás,future,tú,gelecek
15243,3941,desplegará,future,él/ella,gelecek
15244,3941,desplegaremos,future,nosotros,gelecek
15245,3941,desplegaréis,future,vosotros,gelecek
15246,3941,desplegarán,future,ellos,gelecek
15247,3942,reemplazo,present,yo,şimdi
15248,3942,reemplazas,present,tú,şimdi
15249,3942,reemplaza,present,él/ella,şimdi
15250,3942,reemplazamos,present,nosotros,şimdi
15251,3942,reemplazáis,present,vosotros,şimdi
15252,3942,reemplazan,present,ellos,şimdi
15253,3942,reemplacé,past,yo,di
15254,3942,reemplazaste,past,tú,di
15255,3942,reemplazó,past,él/ella,di
15256,3942,reemplazamos,past,nosotros,di
15257,3942,reemplazasteis,past,vosotros,di
15258,3942,reemplazaron,past,ellos,di
15259,3942,reemplazaré,future,yo,gelecek
15260,3942,reemplazarás,future,tú,gelecek
15261,3942,reemplazará,future,él/ella,gelecek
15262,3942,reemplazaremos,future,nosotros,gelecek
15263,3942,reemplazaréis,future,vosotros,gelecek
15264,3942,reemplazarán,future,ellos,gelecek
15265,3946,capturo,present,yo,şimdi
15266,3946,capturas,present,tú,şimdi
15267,3946,captura,present,él/ella,şimdi
15268,3946,capturamos,present,nosotros,şimdi
15269,3946,capturáis,present,vosotros,şimdi
15270,3946,capturan,present,ellos,şimdi
15271,3946,capturé,past,yo,di
15272,3946,capturaste,past,tú,di
15273,3946,capturó,past,él/ella,di
15274,3946,capturamos,past,nosotros,di
15275,3946,capturasteis,past,vosotros,di
15276,3946,capturaron,past,ellos,di
15277,3946,capturaré,future,yo,gelecek
15278,3946,capturarás,future,tú,gelecek
15279,3946,capturará,future,él/ella,gelecek
15280,3946,capturaremos,future,nosotros,gelecek
15281,3946,capturaréis,future,vosotros,gelecek
15282,3946,capturarán,future,ellos,gelecek
15283,3947,baño,present,yo,şimdi
15284,3947,bañas,present,tú,şimdi
15285,3947,baña,present,él/ella,şimdi
15286,3947,bañamos,present,nosotros,şimdi
15287,3947,bañáis,present,vosotros,şimdi
15288,3947,bañan,present,ellos,şimdi
15289,3947,bañé,past,yo,di
15290,3947,bañaste,past,tú,di
15291,3947,bañó,past,él/ella,di
15292,3947,bañamos,past,nosotros,di
15293,3947,bañasteis,past,vosotros,di
15294,3947,bañaron,past,ellos,di
15295,3947,bañaré,future,yo,gelecek
15296,3947,bañarás,future,tú,gelecek
15297,3947,bañará,future,él/ella,gelecek
15298,3947,bañaremos,future,nosotros,gelecek
15299,3947,bañaréis,future,vosotros,gelecek
15300,3947,bañarán,future,ellos,gelecek
